row_id,fold,y_true,y_pred,abs_error
0,4,16.06000004,9.279442158835064,6.780557881164935
1,4,0.0,0.7020481419901898,0.7020481419901898
2,4,0.0,-0.3170806038660956,0.3170806038660956
3,4,13.81935486,9.70671439661526,4.112640463384741
4,4,9.530000019,9.517643650257355,0.012356368742644008
5,4,9.100000381,10.147858900909666,1.047858519909667
6,4,10.21034479,9.067868973681245,1.1424758163187558
7,4,9.778048841,9.358385356138236,0.41966348486176486
8,4,12.55000019,9.316768344864826,3.2332318451351743
9,4,10.66874997,9.613468647046501,1.0552813229534994
10,4,0.0,1.7260421968530686,1.7260421968530686
11,4,13.24444453,7.336110719383791,5.9083338106162095
12,4,10.19999981,8.946202766343916,1.2537970436560837
13,4,19.13571419,9.77803943183035,9.35767475816965
14,4,10.89999962,9.929703617412262,0.9702960025877374
15,4,17.10000038,9.062697126719064,8.037303253280937
16,4,15.69999981,9.095135918413739,6.604863891586261
17,4,0.0,1.9422924145136733,1.9422924145136733
18,4,11.07444442,9.397700316083275,1.6767441039167252
19,4,11.10000038,8.948940747156982,2.151059632843019
20,4,10.93793103,9.019732054274415,1.9181989757255842
21,4,8.900000095,8.439471820303702,0.46052827469629776
22,4,9.240000014,8.04030619032789,1.19969382367211
23,4,0.0,1.1748850986916803,1.1748850986916803
24,4,13.51249981,11.010916408944073,2.5015834010559264
25,4,0.0,0.8302832045671629,0.8302832045671629
26,4,0.0,1.0925426351186687,1.0925426351186687
27,4,13.60000038,11.656473944912275,1.9435264350877262
28,4,0.0,-0.2745955803351965,0.2745955803351965
29,4,0.0,0.9404043174868075,0.9404043174868075
30,4,13.10000038,1.101110324896517,11.998890055103484
31,4,13.70000013,10.138842274786905,3.5611578552130947
32,4,13.10000038,11.133579906231006,1.966420473768995
33,4,13.19999981,10.252589000194323,2.9474108098056764
34,4,0.0,1.0246139040998692,1.0246139040998692
35,4,0.0,1.153067175174126,1.153067175174126
36,1,10.5,9.091364838858315,1.4086351611416852
37,1,10.12631579,9.561579480136693,0.5647363098633065
38,1,10.2,9.09718024479606,1.1028197552039387
39,1,0.0,1.5131397869603411,1.5131397869603411
40,1,10.30000019,9.798876587245427,0.5011236027545731
41,1,5.994771244,8.67512800151288,2.6803567575128797
42,1,9.23333327,9.696215892016307,0.46288262201630737
43,1,9.044827659,9.225801154400024,0.18097349540002483
44,1,7.922222222,8.018902316380517,0.09668009438051683
45,1,8.035483853,8.031664621775828,0.0038192312241722703
46,1,8.050000191,9.402594431755475,1.352594240755474
47,1,7.398113206,8.175909016681167,0.7777958106811678
48,1,6.066265043,7.852740308238048,1.7864752652380487
49,1,10.25,10.360204038366476,0.11020403836647574
50,1,10.7826087,10.871470639932289,0.08886193993228808
51,1,10.60000038,9.47682118362335,1.1231791963766504
52,1,11.1642858,9.801556327672863,1.3627294723271373
53,1,9.694805213,9.147863274419045,0.5469419385809555
54,1,10.06249994,9.352160506336926,0.7103394336630746
55,1,10.10000038,1.1398282416720935,8.960172138327907
56,1,0.0,10.572356229906536,10.572356229906536
57,1,9.153488414,9.355069438971938,0.2015810249719383
58,1,0.0,1.8620332351441586,1.8620332351441586
59,1,13.45064942,9.194955861613947,4.255693558386053
60,1,11.73999996,9.199793361945424,2.540206598054576
61,1,13.16250002,8.507607004190675,4.654893015809325
62,1,15.0,11.126618552649456,3.8733814473505443
63,1,0.0,1.5263439714521105,1.5263439714521105
64,1,17.46666654,8.810452664463838,8.65621387553616
65,1,13.27894743,9.39825780394113,3.880689626058871
66,1,16.39999962,9.733390279279398,6.666609340720601
67,1,16.25,10.29857035651889,5.951429643481109
68,1,16.20000076,9.51366706376989,6.686333696230111
69,1,18.5,8.031160547815524,10.468839452184476
70,1,7.271319305,6.9864302800845435,0.2848890249154561
71,1,5.138248866,8.119707919020103,2.981459053020103
72,1,9.481739098,8.134768835912501,1.346970262087499
73,1,6.661928949,7.959979350661538,1.2980504016615377
74,1,9.897942408,7.800577901678355,2.0973645063216457
75,1,4.900000095,9.23763896574173,4.33763887074173
76,1,5.775550665,7.198117716628466,1.4225670516284659
77,1,8.222000046,8.93774603194355,0.7157459859435509
78,1,8.699999809,10.433100228169074,1.7331004191690749
79,1,0.0,1.2441628525979862,1.2441628525979862
80,1,8.349999905,9.249625907548293,0.8996260025482918
81,1,8.154054075,8.71680462740164,0.5627505524016403
82,1,8.533962304,8.366810807699355,0.16715149630064374
83,1,8.543333364,8.237075268450006,0.3062580955499943
84,1,9.141176476,8.939575926815952,0.20160054918404846
85,2,12.32500005,8.799693684676363,3.5253063653236367
86,2,12.30000019,8.883711009289556,3.4162891807104447
87,2,13.98666662,9.395107808683587,4.591558811316412
88,2,12.19523816,8.68838797286612,3.50685018713388
89,2,12.69999981,8.893664221687366,3.806335588312633
90,2,12.69999981,8.925981273945993,3.7740185360540064
91,2,13.59000001,8.448063440396222,5.141936569603779
92,2,0.0,0.290196299233374,0.290196299233374
93,2,12.30000019,0.6772697631216236,11.622730426878377
94,2,12.5,8.804383950284292,3.6956160497157082
95,2,0.0,0.352308276116192,0.352308276116192
96,2,0.0,-0.36312655836358587,0.36312655836358587
97,2,0.0,0.6095018369989447,0.6095018369989447
98,2,13.0,8.934689556664814,4.065310443335186
99,2,12.8499999,9.051913220895404,3.798086679104596
100,2,12.0999999,8.82280171876289,3.277198181237111
101,2,12.30000019,7.797570781284606,4.502429408715394
102,2,12.26666673,8.719903000255899,3.546763729744102
103,2,13.0,7.648094239643675,5.351905760356325
104,2,12.13333332,8.712990202076757,3.4203431179232435
105,2,11.60000038,8.42468594737706,3.1753144326229403
106,2,10.84459461,8.650976606557172,2.193618003442827
107,2,0.0,0.5435413518935928,0.5435413518935928
108,2,10.0,9.440006783022579,0.5599932169774213
109,2,0.0,-0.36766100913277455,0.36766100913277455
110,2,10.69999981,-0.4064506164033723,11.106450426403372
111,2,9.849999905,10.151275823604884,0.30127591860488323
112,2,0.0,0.13631624378592733,0.13631624378592733
113,2,0.0,0.003122208402848159,0.003122208402848159
114,2,9.75,8.568942817029146,1.1810571829708536
115,2,10.80000019,9.195177554858267,1.6048226351417334
116,2,12.05000019,9.20672584429672,2.8432743457032803
117,1,12.0347827,9.612352592834586,2.422430107165413
118,1,12.45000005,9.004588546044756,3.4454115039552438
119,1,15.75,9.827557239798917,5.922442760201083
120,1,14.07142854,9.040016733936037,5.0314118060639625
121,1,14.60000038,9.228503031361248,5.371497348638753
122,1,0.0,1.6132720580118036,1.6132720580118036
123,1,13.73076916,9.668287361720685,4.062481798279315
124,1,14.9,9.472383631676653,5.427616368323347
125,1,0.0,1.3167507973790418,1.3167507973790418
126,1,16.06153855,9.317618587894142,6.74391996210586
127,1,14.94999981,9.963541939452128,4.986457870547872
128,1,0.0,1.4529981404697931,1.4529981404697931
129,1,12.23199989,9.241869552094077,2.9901303379059243
130,1,12.95000005,10.119367994428304,2.830632055571696
131,1,13.0,8.854805509573556,4.145194490426444
132,1,13.13225805,9.157413623449992,3.9748444265500087
133,1,0.0,9.633605570326566,9.633605570326566
134,4,0.0,0.66953499822454,0.66953499822454
135,4,0.0,0.6426299815110212,0.6426299815110212
136,4,8.021818248,8.5075886172285,0.4857703692284989
137,4,5.875362334,7.992825215222011,2.1174628812220107
138,4,5.133333365,7.924176123499196,2.7908427584991955
139,4,4.895661153,7.797905754500082,2.9022446015000822
140,4,7.300000191,9.696134112590325,2.3961339215903257
141,4,7.437777752,7.592381522049183,0.15460377004918335
142,4,5.699999809,8.472543867224566,2.7725440582245655
143,4,5.719565231,7.734827815189785,2.0152625841897853
144,4,5.300000191,8.793400051737052,3.4933998607370524
145,4,6.279591823,7.938916840413189,1.659325017413189
146,3,10.80000019,9.011140505976048,1.7888596840239526
147,3,11.06315783,9.330842490919245,1.7323153390807544
148,3,11.17272724,8.699043285982867,2.473683954017133
149,3,12.52727277,8.435957963796668,4.091314806203332
150,3,10.54545453,8.838461221403092,1.7069933085969087
151,3,0.0,2.6550141304345427,2.6550141304345427
152,3,8.727472499,9.25240264675936,0.5249301477593615
153,3,8.763636372,9.223439812850476,0.4598034408504752
154,3,9.513846148,9.021374894657281,0.49247125334271935
155,3,0.0,2.426324874720775,2.426324874720775
156,3,9.998360676,7.868379063083619,2.1299816129163816
157,3,9.25,9.619265338337602,0.3692653383376019
158,3,9.017857134,8.583607915420641,0.4342492185793585
159,3,10.30000019,9.431455513875697,0.8685446761243032
160,3,9.726923044,8.667283652115206,1.0596393918847937
161,3,10.48541667,8.753370049069819,1.7320466209301806
162,3,10.69999981,9.098876299263125,1.6011235107368744
163,3,10.69999981,9.319911159292714,1.380088650707286
164,3,10.89999962,8.855985889210784,2.0440137307892154
165,3,10.30714289,9.135256714705282,1.171886175294718
166,1,0.0,1.4218081326127976,1.4218081326127976
167,1,13.32500005,9.815607740593435,3.5093923094065644
168,1,13.0,9.951210717163379,3.048789282836621
169,1,13.19999981,10.318094412720583,2.881905397279416
170,1,0.0,-0.2794655556411527,0.2794655556411527
171,1,0.0,1.1800388574045062,1.1800388574045062
172,1,0.0,-0.40491845301921003,0.40491845301921003
173,5,0.0,0.4057095014659957,0.4057095014659957
174,5,8.5,10.197601769897426,1.6976017698974264
175,5,8.5,9.714332176363403,1.2143321763634027
176,5,0.0,10.272965212156802,10.272965212156802
177,5,0.0,0.5991934186977037,0.5991934186977037
178,5,9.349999905,9.68866020809906,0.3386603030990596
179,5,8.399999619,0.4442206288866277,7.955778990113373
180,5,8.200000286,9.14617975397515,0.946179467975151
181,5,9.100000381,9.693224224374951,0.5932238433749522
182,5,9.615384689,8.880287340768101,0.7350973482318999
183,5,0.0,0.7111522728576105,0.7111522728576105
184,5,9.644444413,9.750855919070887,0.10641150607088612
185,5,8.800000191,9.523040469124629,0.7230402781246283
186,5,8.979999924,9.875916259032522,0.8959163350325223
187,5,8.100000381,10.250234140467047,2.1502337594670475
188,5,0.0,0.5044426329951275,0.5044426329951275
189,5,8.169999933,9.601682435311568,1.4316825023115687
190,5,7.5,9.925983049288046,2.425983049288046
191,5,8.0,10.277824511851861,2.277824511851861
192,5,0.0,0.6986823771776081,0.6986823771776081
193,3,5.900000095,9.220099071452218,3.3200989764522175
194,3,5.639013449,8.231202114429365,2.592188665429365
195,3,6.320000076,8.607535655623643,2.2875355796236425
196,3,6.815384617,7.0994263158886515,0.28404169888865116
197,3,10.0,8.309841379251644,1.690158620748356
198,3,0.0,1.7813072260214593,1.7813072260214593
199,3,10.83191488,8.758184457484834,2.0737304225151654
200,3,9.052941098,8.15149071995986,0.9014503780401402
201,3,9.681818182,8.104744277836023,1.5770739041639779
202,3,7.805555529,8.027332138067322,0.2217766090673221
203,3,6.884374991,7.900890331201785,1.016515340201785
204,3,0.0,1.666519161853234,1.666519161853234
205,3,0.0,1.0848991746561651,1.0848991746561651
206,3,0.0,0.9846033064360693,0.9846033064360693
207,3,7.800000191,8.88349321965993,1.0834930286599311
208,3,7.617708365,8.083800552522352,0.46609218752235115
209,3,9.980000114,9.911766241762912,0.06823387223708721
210,3,10.39999962,10.191532207860508,0.20846741213949116
211,3,13.09090913,7.530339357467416,5.560569772532584
212,3,0.0,2.3402874567208602,2.3402874567208602
213,3,10.30000019,9.704804600296786,0.5951955897032146
214,3,12.0,9.78852334351755,2.21147665648245
215,3,10.33333333,8.663543885234635,1.6697894447653656
216,3,0.0,2.3643695867889463,2.3643695867889463
217,3,16.97142833,9.364177603068333,7.607250726931666
218,3,10.30000019,11.03049109875779,0.7304909087577904
219,3,10.0999999,9.285774122033214,0.8142257779667865
220,3,0.0,2.1837266891029845,2.1837266891029845
221,3,10.60000038,10.152228710121399,0.44777166987860184
222,3,9.950000048,9.545916454335924,0.4040835936640761
223,3,10.61538476,9.408676467408515,1.2067082925914843
224,5,12.83999996,9.666659571318682,3.173340388681318
225,5,12.5,9.189948124011984,3.310051875988016
226,5,14.13181821,8.944528835966182,5.187289374033819
227,5,13.13333321,9.157334234712373,3.9759989752876272
228,5,13.5,9.621582091386617,3.8784179086133825
229,5,0.0,0.5018778545126334,0.5018778545126334
230,5,0.0,7.221810138672747,7.221810138672747
231,3,0.0,0.2607136523301783,0.2607136523301783
232,3,0.0,0.2607136523301783,0.2607136523301783
233,3,0.0,1.9909430060444961,1.9909430060444961
234,3,13.30000019,10.170994119001573,3.129006070998427
235,3,0.0,1.5715696757708493,1.5715696757708493
236,3,0.0,0.2607136523301783,0.2607136523301783
237,3,0.0,1.4705034998353632,1.4705034998353632
238,3,0.0,0.2607136523301783,0.2607136523301783
239,3,0.0,0.44327623307623476,0.44327623307623476
240,3,0.0,1.9701419335917354,1.9701419335917354
241,3,0.0,0.2607136523301783,0.2607136523301783
242,4,0.0,-0.33314222735492827,0.33314222735492827
243,4,0.0,-0.3170806038660956,0.3170806038660956
244,4,0.0,-0.2745955803351965,0.2745955803351965
245,4,0.0,-0.2745955803351965,0.2745955803351965
246,4,13.19999981,10.43683173498973,2.7631680750102703
247,4,0.0,2.0444092589097504,2.0444092589097504
248,4,0.0,11.367909277125992,11.367909277125992
249,4,0.0,-0.2782006795546348,0.2782006795546348
250,4,0.0,-0.3170806038660956,0.3170806038660956
251,2,13.39999962,9.033085757305287,4.366913862694712
252,2,0.0,-0.37803421814065175,0.37803421814065175
253,2,0.0,0.11296114500631305,0.11296114500631305
254,2,12.39999962,-0.4377127434691275,12.837712363469127
255,5,0.0,0.38539817021407075,0.38539817021407075
256,5,0.0,-0.8535833255431786,0.8535833255431786
257,5,0.0,0.43424421382717426,0.43424421382717426
258,5,0.0,-0.8589062825340807,0.8589062825340807
259,5,0.0,0.4060589979864826,0.4060589979864826
260,5,0.0,0.4316436925592697,0.4316436925592697
261,5,0.0,0.45181394143737386,0.45181394143737386
262,5,14.10000038,11.235170212381902,2.8648301676180985
263,5,0.0,0.4647405198263126,0.4647405198263126
264,5,14.60000038,10.407698858127196,4.192301521872805
265,5,0.0,-0.8512706312934473,0.8512706312934473
266,5,10.19999981,10.793758490955595,0.5937586809555953
267,5,11.76666673,10.181468171016723,1.5851985589832776
268,5,11.6500001,9.50823377367615,2.1417663263238502
269,5,13.2750001,9.519661047498346,3.755339052501654
270,4,11.0,9.595007380507973,1.4049926194920275
271,4,12.69999981,10.747590754356162,1.9524090556438374
272,4,12.80000019,10.887898358580985,1.9121018314190152
273,4,0.0,-0.39129586834115493,0.39129586834115493
274,4,12.60000038,9.920549106339994,2.679451273660007
275,4,0.0,1.1213027234473323,1.1213027234473323
276,4,12.89999962,11.323831758048104,1.5761678619518946
277,4,12.80000019,10.62731655576933,2.172683634230671
278,4,13.19999981,9.779552358363432,3.4204474516365675
279,4,0.0,0.7723801905472296,0.7723801905472296
280,4,0.0,1.1873455550978775,1.1873455550978775
281,4,0.0,-0.24315751634148164,0.24315751634148164
282,3,0.0,0.38169194499685055,0.38169194499685055
283,2,12.80000019,8.604335763647345,4.195664426352655
284,2,0.0,0.28656893491246116,0.28656893491246116
285,2,0.0,0.6470314330424713,0.6470314330424713
286,2,13.60000038,9.925521043094683,3.6744793369053177
287,2,0.0,-0.28208699989266783,0.28208699989266783
288,2,14.10000038,5.74124785548905,8.358752524510951
289,2,0.0,-0.37803421814065175,0.37803421814065175
290,2,0.0,0.5133821402846834,0.5133821402846834
291,2,0.0,-0.37803421814065175,0.37803421814065175
292,2,13.0,8.860926384520278,4.139073615479722
293,3,0.0,0.7034866827469308,0.7034866827469308
294,3,0.0,0.7569830725445534,0.7569830725445534
295,3,0.0,0.7084806864619804,0.7084806864619804
296,3,4.900000095,7.138476123788083,2.2384760287880825
297,3,5.0,6.69253638247574,1.6925363824757396
298,3,4.800000191,6.9380096093700265,2.138009418370027
299,3,0.0,-0.15438197713861435,0.15438197713861435
300,3,4.699999809,6.8615557839924515,2.161555974992451
301,3,5.136363636,7.379865735558916,2.243502099558916
302,3,4.642857143,6.311796655302949,1.6689395123029493
303,3,4.777777725,7.311669899405495,2.533892174405495
304,3,4.836363619,6.906321170587682,2.069957551587682
305,3,4.382352969,6.601879254508406,2.2195262855084055
306,3,4.711764672,6.472142496277546,1.7603778242775459
307,3,4.699999952,6.63607553000777,1.9360755780077703
308,3,0.0,7.113653584081414,7.113653584081414
309,3,4.182352964,6.233470474192215,2.051117510192215
310,2,0.0,-0.37998681076085283,0.37998681076085283
311,2,0.0,-0.19873141803901895,0.19873141803901895
312,2,4.099999905,6.0063604263310335,1.9063605213310337
313,2,0.0,-0.2341497828570187,0.2341497828570187
314,2,4.228571347,6.436763711693375,2.2081923646933754
315,2,4.300000191,7.907950558798736,3.607950367798736
316,2,4.328571456,7.628700147898716,3.300128691898716
317,2,4.088888857,7.336839382682458,3.247950525682458
318,2,4.819999981,6.732636859007714,1.9126368780077145
319,2,4.950000048,7.664031749247665,2.7140317012476656
320,2,4.4923077,6.345446877073428,1.8531391770734285
321,2,4.553968255,6.8787699414869605,2.3248016864869605
322,4,4.800000032,6.906653795016475,2.1066537630164754
323,4,4.733333302,6.685493818160479,1.952160516160479
324,4,4.462500036,6.783452384653043,2.3209523486530435
325,4,6.0,7.7205182297253785,1.7205182297253785
326,4,0.0,-0.3374658220826543,0.3374658220826543
327,4,4.900000095,7.503490355945359,2.6034902609453585
328,4,5.228571483,6.920774277856768,1.692202794856768
329,4,6.599999905,7.570075294721755,0.9700753897217549
330,4,0.0,-0.3954861336340354,0.3954861336340354
331,4,0.0,-0.1982593126868757,0.1982593126868757
332,4,0.0,0.013995082274275816,0.013995082274275816
333,4,0.0,-0.04228305142154554,0.04228305142154554
334,4,5.699999809,6.568601162668722,0.8686013536687218
335,4,6.0,7.345552267538577,1.3455522675385767
336,4,4.6,6.806152110420735,2.206152110420735
337,4,6.599999905,6.934551117611358,0.3345512126113581
338,4,0.0,-0.2804766503096374,0.2804766503096374
339,4,0.0,0.03552245352681638,0.03552245352681638
340,4,5.5,7.006310078408831,1.5063100784088306
341,4,0.0,-0.10941709465531879,0.10941709465531879
342,5,7.281818151,7.111552136990792,0.1702660140092087
343,5,5.580952372,7.137503902084099,1.556551530084099
344,5,4.560000038,6.7269023539606945,2.1669023159606944
345,5,8.614634084,7.008277466152671,1.6063566178473296
346,5,4.549999952,7.19908479506353,2.6490848430635294
347,5,4.400000095,7.422437273013918,3.0224371780139174
348,5,4.299999965,6.51017938342423,2.2101794184242305
349,5,5.785714252,6.64886877810231,0.8631545261023099
350,5,6.099999905,7.174017223533881,1.0740173185338815
351,5,6.404545502,6.513486960191479,0.10894145819147827
352,5,7.349999905,6.538608734855769,0.8113911701442307
353,5,6.599999905,7.325892358747362,0.7258924537473623
354,5,7.463157942,6.172016451483016,1.291141490516984
355,5,6.319999981,6.647303035147333,0.3273030541473334
356,5,9.876190492,7.0778888828276205,2.7983016091723787
357,5,6.919999981,6.906813951535306,0.013186029464693938
358,5,7.0,6.60646434537621,0.3935356546237898
359,5,8.571014529,6.263539950882487,2.307474578117512
360,5,7.5,6.941848226597104,0.558151773402896
361,5,6.985714231,6.774464014512851,0.2112502164871488
362,5,7.666666667,7.407295400413966,0.25937126658603393
363,5,7.400000095,6.932717390003213,0.46728270499678715
364,1,7.9,7.411949594075453,0.4880504059245476
365,1,9.593333356,7.374802338618792,2.218531017381208
366,1,8.659999943,7.301876255292422,1.3581236877075789
367,1,7.966666698,7.536159291290846,0.4305074067091539
368,1,11.36666679,7.285981835067969,4.080684954932031
369,1,10.84935061,6.50726866911757,4.34208194088243
370,1,11.9000001,7.060582575538329,4.839417524461671
371,1,9.831034504,6.8763166159434945,2.9547178880565053
372,1,11.33333333,6.499210355907186,4.834122974092814
373,1,7.700000029,6.757643038086112,0.942356990913888
374,1,8.800000191,5.039896792278936,3.760103398721064
375,1,7.316666683,7.599568099958364,0.2829014169583637
376,1,7.700000021,6.914735914031359,0.7852641069686408
377,1,8.5,8.377945383048015,0.12205461695198494
378,1,7.685714313,7.38540379000056,0.30031052299943983
379,1,9.311111238,7.295959162100732,2.0151520758992687
380,1,10.30000019,7.992381378954092,2.3076188110459084
381,1,10.89999962,6.877541436759999,4.02245818324
382,1,10.79999971,8.02089721418439,2.779102495815609
383,1,9.900000095,8.378811722842372,1.5211883721576278
384,1,0.0,0.42125405205772104,0.42125405205772104
385,1,10.51785714,5.898398532279259,4.619458607720741
386,1,11.24117638,7.320711354848491,3.9204650251515094
387,1,10.48888899,6.8727086183463815,3.616180371653618
388,1,10.34444449,7.292542336146081,3.05190215385392
389,1,11.0,7.757805252577607,3.242194747422393
390,1,9.052631579,6.578955395002666,2.473676183997334
391,5,0.0,-1.1340779999599455,1.1340779999599455
392,2,0.0,-0.3956775349879411,0.3956775349879411
393,2,0.0,-0.390145667621173,0.390145667621173
394,2,0.0,-0.3956775349879411,0.3956775349879411
395,2,0.0,-0.24749928743664285,0.24749928743664285
396,2,0.0,-0.3956775349879411,0.3956775349879411
397,2,0.0,-0.38503955101462317,0.38503955101462317
398,1,0.0,0.12562417304936524,0.12562417304936524
399,1,0.0,0.011586523252935521,0.011586523252935521
400,1,0.0,8.136112000289625,8.136112000289625
401,1,0.0,-0.7260978031698215,0.7260978031698215
402,1,0.0,-0.7078318551224001,0.7078318551224001
403,1,0.0,0.05454108290494197,0.05454108290494197
404,5,0.0,-0.6035537531622808,0.6035537531622808
405,5,0.0,-0.6667086894753407,0.6667086894753407
406,5,0.0,-0.5343187192711767,0.5343187192711767
407,5,6.166666667,6.908866328792896,0.7421996617928954
408,5,5.333333333,7.548912921113763,2.215579588113763
409,5,0.0,-0.7138715270810128,0.7138715270810128
410,5,0.0,7.848252550027523,7.848252550027523
411,5,0.0,-0.7561719472045336,0.7561719472045336
412,5,4.960000038,7.671405952862571,2.7114059148625707
413,5,5.25,7.491287174524926,2.241287174524926
414,5,0.0,-1.14824636297209,1.14824636297209
415,5,0.0,-0.7684196151034985,0.7684196151034985
416,5,5.099999905,8.03483320012553,2.9348332951255296
417,5,0.0,-0.6206676673349527,0.6206676673349527
418,5,5.099999905,8.02024475537527,2.92024485037527
419,5,0.0,-1.1340779999599455,1.1340779999599455
420,4,0.0,-0.37459772876279196,0.37459772876279196
421,4,5.5,6.815599808564631,1.315599808564631
422,4,5.199999809,7.653146239285007,2.453146430285007
423,4,5.099999905,7.097095427624149,1.9970955226241491
424,4,4.774999976,7.059239531657849,2.284239555657849
425,4,0.0,-0.7340320598345169,0.7340320598345169
426,4,0.0,-0.05554655262074881,0.05554655262074881
427,4,4.900000095,7.451910450022063,2.5519103550220628
428,4,0.0,-0.2514305107406116,0.2514305107406116
429,4,0.0,-0.35749833266478603,0.35749833266478603
430,4,0.0,-0.41340241579722914,0.41340241579722914
431,4,4.800000191,7.045813593483576,2.2458134024835763
432,4,5.800000191,6.8849101976886145,1.0849100066886148
433,4,0.0,-0.32544702627453326,0.32544702627453326
434,4,0.0,0.15292604558490197,0.15292604558490197
435,4,0.0,-0.28365142642932106,0.28365142642932106
436,4,0.0,-0.28536458879595195,0.28536458879595195
437,4,0.0,-0.19197282155380258,0.19197282155380258
438,4,0.0,-0.21507325605137773,0.21507325605137773
439,4,0.0,-0.2527782457748682,0.2527782457748682
440,4,0.0,-0.11084224933308207,0.11084224933308207
441,4,0.0,-0.07116659381554946,0.07116659381554946
442,4,6.425000072,7.922334253956173,1.4973341819561732
443,4,5.650000095,8.361962286043681,2.711962191043681
444,4,6.300000191,8.581708663360539,2.281708472360539
445,4,0.0,-0.7340320598345169,0.7340320598345169
446,4,0.0,-0.7295292892055407,0.7295292892055407
447,4,7.199999809,9.069883175321484,1.869883366321484
448,4,6.5,8.65856164163954,2.1585616416395403
449,4,5.900000095,7.925074477033461,2.025074382033461
450,4,7.387499928,7.737395326666445,0.3498953986664448
451,5,6.700000048,7.220445550098103,0.5204455020981031
452,5,0.0,-0.7784717856141263,0.7784717856141263
453,5,7.433333238,6.955169605718888,0.47816363228111225
454,5,8.274999857,7.2917096307857285,0.9832902262142706
455,5,0.0,-0.7152345738471517,0.7152345738471517
456,5,0.0,-0.8135453770701382,0.8135453770701382
457,5,0.0,-0.6430859934094144,0.6430859934094144
458,5,8.0,7.726925311462899,0.2730746885371014
459,5,7.0,8.002726614057213,1.002726614057213
460,5,0.0,-0.7617513836802825,0.7617513836802825
461,5,0.0,-0.6274316867306418,0.6274316867306418
462,5,0.0,7.1838322092063285,7.1838322092063285
463,5,0.0,-0.7408105982168784,0.7408105982168784
464,5,8.400000095,7.739445239497966,0.6605548555020331
465,5,0.0,-1.1340779999599455,1.1340779999599455
466,5,8.600000381,4.301420553365343,4.298579827634656
467,5,0.0,-0.7706520335737821,0.7706520335737821
468,5,0.0,-0.7498110937145714,0.7498110937145714
469,5,0.0,-1.135973616497461,1.135973616497461
470,5,0.0,-1.1340779999599455,1.1340779999599455
471,5,0.0,-0.7698222345296326,0.7698222345296326
472,5,0.0,-1.1453524260047292,1.1453524260047292
473,5,0.0,-0.7225381772040329,0.7225381772040329
474,5,0.0,-1.1340779999599455,1.1340779999599455
475,5,0.0,-0.6404293374594658,0.6404293374594658
476,5,0.0,-0.7463850282563023,0.7463850282563023
477,1,0.0,7.822652998434969,7.822652998434969
478,1,5.149999857,7.735391922452854,2.5853920654528535
479,1,0.0,0.09732626853534754,0.09732626853534754
480,1,5.300000191,7.296073502167038,1.9960733111670388
481,1,0.0,0.10348993764120351,0.10348993764120351
482,1,4.900000095,7.944864195099331,3.044864100099331
483,1,5.0,6.958081599706256,1.9580815997062562
484,1,5.0,0.03469772630563028,4.96530227369437
485,1,0.0,0.2558376551496533,0.2558376551496533
486,1,0.0,-0.6265587255272571,0.6265587255272571
487,1,5.400000095,6.454375795991993,1.0543757009919927
488,1,0.0,0.14300151374115444,0.14300151374115444
489,1,0.0,-0.6265587255272571,0.6265587255272571
490,1,0.0,0.0708703348018016,0.0708703348018016
491,3,9.100000381,4.885506790290513,4.214493590709486
492,3,0.0,0.7757017727489579,0.7757017727489579
493,3,0.0,0.6972669648685486,0.6972669648685486
494,3,0.0,0.6941512677097155,0.6941512677097155
495,3,6.625,7.60706334639263,0.9820633463926303
496,3,7.25,7.431161867484069,0.18116186748406893
497,3,0.0,0.5955863120597105,0.5955863120597105
498,3,0.0,0.594037631751485,0.594037631751485
499,3,0.0,0.5736987771366895,0.5736987771366895
500,3,8.0,7.663418516966666,0.336581483033334
501,3,0.0,0.7107017471356212,0.7107017471356212
502,2,4.25,6.331328846005524,2.0813288460055244
503,2,4.585365912,6.469408366235719,1.8840424542357184
504,2,0.0,-0.08830776688881592,0.08830776688881592
505,2,4.426666636,5.951224414927362,1.5245577789273614
506,2,4.671171175,6.017748882240385,1.3465777072403853
507,2,4.293750033,5.913919602222267,1.6201695692222664
508,2,4.236666648,5.555025134505607,1.3183584865056073
509,2,4.239285725,6.061588347303314,1.8223026223033134
510,2,4.85000002,5.1950883736379385,0.3450883536379381
511,2,0.0,-0.6872719431636956,0.6872719431636956
512,2,4.800000191,5.092823175295731,0.2928229842957313
513,2,4.539732161,4.779643332837448,0.23991117183744848
514,2,5.049999952,4.596102298892452,0.45389765310754804
515,2,4.800000191,4.9117029220697805,0.1117027310697809
516,2,0.0,-0.6026297790032373,0.6026297790032373
517,2,4.932911372,5.895419345745784,0.962507973745784
518,2,5.099999971,5.7430628536602,0.6430628826602005
519,2,5.199999809,6.266927646329929,1.0669278373299287
520,2,5.150000095,5.335672700046866,0.18567260504686534
521,2,5.099999905,6.105821133625501,1.0058212286255008
522,2,5.136842117,6.008682708517998,0.8718405915179988
523,4,5.149999857,6.269721650099813,1.1197217930998127
524,4,5.225000024,6.381637784083743,1.1566377600837434
525,4,4.931250006,6.633709760560174,1.7024597545601736
526,4,4.950000048,6.749568572196149,1.7995685241961494
527,4,4.813333321,6.682200998933805,1.868867677933805
528,4,6.099999905,6.20807964605237,0.10807974105237061
529,4,6.637499958,6.174231574292197,0.46326838370780354
530,4,5.560000038,6.13228341449453,0.5722833764945303
531,4,0.0,-0.8043897822155053,0.8043897822155053
532,4,5.5,6.5655858306132675,1.0655858306132675
533,4,0.0,-0.3327060125741923,0.3327060125741923
534,4,5.725000083,6.290992824249816,0.5659927412498158
535,4,5.208333294,6.366201805816777,1.157868511816777
536,4,0.0,-0.7041223911324508,0.7041223911324508
537,4,5.599999905,6.723726331457952,1.123726426457952
538,3,3.985714282,6.618222861038397,2.6325085790383973
539,3,4.0,6.842409144984075,2.8424091449840754
540,3,3.799999952,6.871324941261302,3.0713249892613024
541,3,4.1253731,6.519008735617937,2.3936356356179367
542,3,4.199999809,6.907527498405505,2.707527689405505
543,3,4.199999809,6.9294341178173156,2.729434308817315
544,3,4.440000021,6.5456388173021605,2.10563879630216
545,3,4.56521736,6.580574720624101,2.015357360624101
546,3,3.604999995,6.687469494459746,3.082469499459746
547,3,4.666666667,7.58445439909188,2.9177877320918792
548,3,3.893939379,6.76946952020064,2.87553014120064
549,3,3.686956509,6.6913255633329385,3.0043690543329387
550,3,0.0,0.8179268862820006,0.8179268862820006
551,3,3.533333302,7.306222179834744,3.7728888778347445
552,1,7.800000191,0.27194375288235584,7.528056438117644
553,1,0.0,0.24148875563154348,0.24148875563154348
554,1,0.0,0.40021934214829535,0.40021934214829535
555,1,0.0,0.3010673521527014,0.3010673521527014
556,1,0.0,0.223304823318756,0.223304823318756
557,4,0.0,-0.46121933346367605,0.46121933346367605
558,4,0.0,-0.431286925651861,0.431286925651861
559,3,0.0,-0.04653037360768586,0.04653037360768586
560,3,0.0,-0.04653037360768586,0.04653037360768586
561,3,7.199999809,6.482201786943263,0.717798022056737
562,3,0.0,0.5002470737336893,0.5002470737336893
563,3,8.199999809,5.696704225484693,2.503295583515307
564,1,7.5,6.929069000020066,0.5709309999799341
565,1,0.0,0.12779225700119312,0.12779225700119312
566,1,0.0,8.639659492354443,8.639659492354443
567,1,0.0,0.22121736205255615,0.22121736205255615
568,2,0.0,-0.3703844250005197,0.3703844250005197
569,2,8.800000191,8.068460013322358,0.7315401776776422
570,2,7.699999809,0.6112757738596315,7.088724035140369
571,2,0.0,0.394846299973846,0.394846299973846
572,2,0.0,0.3020438310908453,0.3020438310908453
573,2,8.899999619,7.31867461494595,1.581325004054051
574,2,8.300000191,7.22029011467872,1.0797100763212804
575,2,7.900000095,7.502459779095538,0.3975403159044619
576,2,0.0,-0.3703844250005197,0.3703844250005197
577,2,0.0,-0.3703844250005197,0.3703844250005197
578,2,8.300000191,7.0404602699959415,1.259539921004059
579,2,0.0,0.8059187249852489,0.8059187249852489
580,2,8.172727325,6.961211915751167,1.2115154092488334
581,2,8.546428612,7.032751292834416,1.5136773191655841
582,2,8.005882403,7.2932775255149656,0.7126048774850338
583,2,8.800000191,7.028056192839074,1.7719439981609266
584,2,7.5,7.452833355057453,0.04716664494254719
585,2,7.576543184,6.899597872013464,0.6769453119865361
586,2,7.425000072,7.19470201632566,0.23029805567433925
587,2,8.425000032,7.408541525018145,1.0164585069818548
588,2,7.199999968,7.580195910959766,0.3801959429597659
589,3,7.170408192,6.766164024033127,0.4042441679668727
590,3,5.85362319,6.935703383558724,1.0820801935587232
591,3,8.933333185,6.72377064259039,2.2095625424096106
592,3,7.611728424,6.406703870488501,1.2050245535114987
593,3,6.232075484,6.7842931635993935,0.5522176795993934
594,3,7.0,7.252804591496437,0.25280459149643697
595,3,6.065160084,6.515114184589561,0.44995410058956065
596,3,6.800826459,6.173906360191248,0.6269200988087515
597,3,6.406896575,7.196485058205915,0.7895884832059146
598,3,7.213636333,6.705494779409156,0.5081415535908445
599,3,6.822500038,6.969707703685841,0.14720766568584054
600,3,7.462500036,7.029344886540298,0.4331551494597017
601,3,6.677358501,6.9220167052113695,0.24465820421136986
602,3,7.018181844,7.1486759192485225,0.13049407524852263
603,3,8.473333454,7.185976881784792,1.2873565722152085
604,3,7.662962984,7.096883636516336,0.5660793474836643
605,3,0.0,0.5473149750870157,0.5473149750870157
606,3,8.274999956,6.6898665083174835,1.5851334476825167
607,3,8.199999809,6.458067961223877,1.7419318477761223
608,3,6.321301762,6.541074282977695,0.21977252097769462
609,3,6.207988977,6.487181592000509,0.2791926150005084
610,3,0.0,0.17463371800239536,0.17463371800239536
611,3,6.616666595,7.161118208441091,0.5444516134410913
612,3,6.099999905,0.7595568172867182,5.340443087713282
613,3,6.100000143,6.671242392601621,0.571242249601621
614,3,6.099999905,7.391836008383023,1.291836103383023
615,3,5.940000057,7.047660314178618,1.107660257178618
616,3,5.900000095,7.731523340072263,1.8315232450722627
617,3,0.0,0.7420828463102733,0.7420828463102733
618,3,6.900000095,7.775379663370454,0.8753795683704535
619,3,0.0,0.8742737942061929,0.8742737942061929
620,3,5.980000019,7.308405786246749,1.3284057672467489
621,3,6.704477595,6.6878208701191255,0.016656724880874663
622,3,6.397297344,6.655368465595027,0.25807112159502665
623,3,0.0,1.35776964359545,1.35776964359545
624,3,6.599999905,7.620875999428111,1.020876094428111
625,3,6.039230761,6.913680009467085,0.8744492484670854
626,3,0.0,0.744547275897137,0.744547275897137
627,3,5.868571418,7.182353170210845,1.3137817522108453
628,3,5.903636369,7.593976315048289,1.6903399460482893
629,3,0.0,-0.060950223301013295,0.060950223301013295
630,3,0.0,-0.050556883388612306,0.050556883388612306
631,3,0.0,-0.04653037360768586,0.04653037360768586
632,3,8.25,6.688084352164701,1.5619156478352991
633,3,7.760000038,7.591343640189562,0.16865639781043829
634,3,7.900000095,7.152806687807383,0.7471934071926176
635,3,7.900000095,7.144332448317114,0.7556676466828867
636,3,7.5,7.084939827669872,0.4150601723301284
637,3,0.0,0.7165793329332786,0.7165793329332786
638,3,0.0,0.5375934439621837,0.5375934439621837
639,3,8.0,6.920400932700041,1.0795990672999594
640,3,0.0,0.6022899762836573,0.6022899762836573
641,3,0.0,6.949065384064204,6.949065384064204
642,3,0.0,0.635970575063892,0.635970575063892
643,3,7.699999809,0.5404009921769646,7.159598816823036
644,3,7.300000191,7.116341610292139,0.18365858070786079
645,3,0.0,0.6115980740447391,0.6115980740447391
646,3,0.0,0.5910936916798857,0.5910936916798857
647,3,0.0,0.5663419963982168,0.5663419963982168
648,2,0.0,-0.34312810107833513,0.34312810107833513
649,2,0.0,-0.3703844250005197,0.3703844250005197
650,2,8.199999809,5.35606594615315,2.84393386284685
651,2,0.0,-0.32622348673097434,0.32622348673097434
652,2,0.0,-0.23912728215310608,0.23912728215310608
653,2,7.639999986,6.674327818357844,0.9656721676421567
654,2,6.564705877,6.671686449837973,0.10698057283797358
655,2,7.242857184,6.73947659126906,0.5033805927309398
656,2,6.960000038,6.524316651146107,0.43568338685389385
657,2,6.920000076,6.402181995134954,0.5178180808650463
658,2,0.0,-0.41425970611888907,0.41425970611888907
659,2,0.0,-0.36000637730301044,0.36000637730301044
660,2,0.0,-0.3544687585100572,0.3544687585100572
661,2,0.0,-0.18852558251357188,0.18852558251357188
662,2,7.199999809,6.354416088258949,0.8455837207410513
663,2,7.5,4.595774394362483,2.9042256056375173
664,2,0.0,-0.3703844250005197,0.3703844250005197
665,2,8.213333257,6.504736809189948,1.7085964478100522
666,2,0.0,-0.3703844250005197,0.3703844250005197
667,2,7.300000191,6.071913756747863,1.2280864342521367
668,2,0.0,-0.2500423205123088,0.2500423205123088
669,2,0.0,-0.3717394853737872,0.3717394853737872
670,2,0.0,-0.07020052902978513,0.07020052902978513
671,2,0.0,-0.3703844250005197,0.3703844250005197
672,2,0.0,-0.30349018517308224,0.30349018517308224
673,2,0.0,-0.49694988806732,0.49694988806732
674,2,7.400000095,7.246519626902236,0.15348046809776417
675,2,0.0,-0.08923487678769426,0.08923487678769426
676,2,7.300000191,6.508450959805607,0.7915492311943924
677,2,7.599999905,7.109973032161665,0.49002687283833435
678,2,7.450000048,7.205993235012419,0.24400681298758098
679,2,0.0,-0.4105345639061735,0.4105345639061735
680,2,0.0,5.221272075402743,5.221272075402743
681,2,7.300000191,6.321155491131458,0.9788446998685414
682,2,7.5,-0.16459520373718206,7.664595203737182
683,2,0.0,-0.3703844250005197,0.3703844250005197
684,5,0.0,7.129450683539626,7.129450683539626
685,5,6.50737703,6.833817825345198,0.32644079534519843
686,5,6.247899152,6.538123097814394,0.29022394581439404
687,5,6.395604396,6.700054105523861,0.30444970952386097
688,5,6.549999969,6.450120475668001,0.09987949333199886
689,5,0.0,0.5292691791701376,0.5292691791701376
690,5,0.0,0.8577647882514583,0.8577647882514583
691,5,0.0,0.8014093677179837,0.8014093677179837
692,5,0.0,-1.0599726016574245,1.0599726016574245
693,5,7.5,7.477656106231954,0.022343893768045575
694,5,6.910000038,6.602350573268332,0.3076494647316679
695,5,7.523076938,6.609776735013488,0.9133002029865116
696,5,7.311764661,7.24532255103708,0.06644210996291999
697,5,0.0,-1.0599726016574245,1.0599726016574245
698,5,7.099999984,7.224108536374598,0.12410855237459817
699,5,8.5,7.485770555542592,1.014229444457408
700,5,6.977777746,6.212821755868241,0.7649559901317593
701,2,6.900000095,6.827247735569204,0.07275235943079661
702,2,0.0,-0.2751189275272292,0.2751189275272292
703,2,6.699999809,7.673192138590307,0.9731923295903062
704,2,0.0,-0.19749892776284916,0.19749892776284916
705,2,6.350000143,7.59394828466892,1.2439481416689198
706,2,6.800000191,6.026790279697998,0.7732099113020015
707,2,0.0,-0.006997086876843639,0.006997086876843639
708,2,6.121428541,6.951255662476942,0.8298271214769422
709,2,6.400000095,7.573547599730498,1.1735475047304975
710,2,0.0,-0.1312013443899982,0.1312013443899982
711,2,0.0,-0.08150398508862011,0.08150398508862011
712,2,0.0,-0.10768210658449284,0.10768210658449284
713,2,6.399999857,6.674217338335902,0.27421748133590196
714,2,0.0,0.09128995524065786,0.09128995524065786
715,4,0.0,-0.3030692567912414,0.3030692567912414
716,4,6.75,6.690641623802684,0.05935837619731643
717,4,0.0,-0.25635182402401924,0.25635182402401924
718,4,7.199999809,6.950047954897487,0.24995185410251342
719,4,0.0,-0.2875718728896697,0.2875718728896697
720,4,0.0,-0.46121933346367605,0.46121933346367605
721,4,0.0,-0.46121933346367605,0.46121933346367605
722,1,6.586339377,8.028041182410448,1.4417018054104478
723,1,5.927474391,7.182681211502954,1.2552068205029547
724,1,7.559999943,8.254864435074964,0.6948644920749638
725,1,5.821846847,7.860573617880467,2.0387267708804675
726,1,6.266460272,7.870489051189965,1.6040287791899654
727,1,0.0,-0.012093413241236917,0.012093413241236917
728,1,6.243191193,8.025947886942221,1.782756693942221
729,1,6.709894745,7.880329635200125,1.1704348902001254
730,1,5.899864679,7.527233338346137,1.6273686593461365
731,1,5.861725076,7.201251427385434,1.3395263513854339
732,1,6.931234372,7.547425136519705,0.6161907645197058
733,1,6.233562825,7.374815690072578,1.1412528650725777
734,1,5.773130183,7.2513657173465225,1.4782355343465223
735,1,6.800000191,8.402866821506564,1.602866630506564
736,1,0.0,0.17012866413920946,0.17012866413920946
737,1,0.0,0.25375059230374575,0.25375059230374575
738,1,6.900000095,8.036817931269393,1.136817836269393
739,1,6.699999809,7.335640140262149,0.6356403312621488
740,1,6.519999981,8.208520580813659,1.6885205998136588
741,1,6.5,8.367792478335755,1.8677924783357547
742,1,6.400000095,8.323100553341531,1.9231004583415308
743,1,6.299999905,7.280705459393987,0.9807055543939871
744,1,6.400000095,8.946188089807144,2.546187994807144
745,1,6.5,0.309101474365697,6.190898525634303
746,1,0.0,0.3255305043901604,0.3255305043901604
747,1,6.400000095,8.313387288777136,1.9133871937771358
748,1,0.0,0.7376167107258507,0.7376167107258507
749,1,6.475000024,7.7874115717335455,1.3124115477335456
750,5,6.850000143,6.276084693649857,0.5739154493501433
751,5,0.0,-1.119570044311999,1.119570044311999
752,5,0.0,-0.4691199224084208,0.4691199224084208
753,5,7.199999809,6.7446054942456115,0.45539431475438885
754,5,6.599999905,6.774838698820808,0.17483879382080847
755,5,6.400000095,6.284973559789799,0.1150265352102009
756,5,6.966666659,6.753883918979785,0.21278274002021558
757,5,0.0,-1.0740860873750364,1.0740860873750364
758,5,0.0,-0.49331673425417044,0.49331673425417044
759,5,0.0,-1.0604260943177177,1.0604260943177177
760,5,7.400000095,6.022063339048502,1.377936755951498
761,5,6.950000048,6.059722553378357,0.8902774946216425
762,5,0.0,-0.6300696458539683,0.6300696458539683
763,3,0.0,2.217011695818007,2.217011695818007
764,3,7.220930255,7.252534281649486,0.03160402664948592
765,3,7.0,8.342474414854486,1.342474414854486
766,3,6.398813555,7.131167165452064,0.7323536104520638
767,3,0.0,2.728366306940215,2.728366306940215
768,3,8.133333297,7.983745344891108,0.14958795210889164
769,3,9.300000191,7.92438051522208,1.3756196757779202
770,3,7.400000095,8.057512119266557,0.6575120242665564
771,3,0.0,2.4580327460545597,2.4580327460545597
772,3,0.0,-0.04976736349348343,0.04976736349348343
773,3,0.0,-0.027957273798827842,0.027957273798827842
774,3,7.049999952,8.132409630693965,1.0824096786939652
775,3,7.970000029,8.247400098245246,0.2774000692452452
776,3,7.16470595,8.057378151104654,0.892672201104654
777,3,8.800000191,7.91616981451722,0.8838303764827806
778,3,0.0,2.4318208668658308,2.4318208668658308
779,4,0.0,-0.42614931655102417,0.42614931655102417
780,4,6.400000095,7.994737308027457,1.5947372130274564
781,4,0.0,1.2816941385776843,1.2816941385776843
782,4,0.0,-0.46121933346367605,0.46121933346367605
783,4,0.0,0.7637530270474748,0.7637530270474748
784,4,0.0,0.7783732137728983,0.7783732137728983
785,4,5.776923106,7.869198805469272,2.0922756994692717
786,4,5.572222206,7.459423525416584,1.887201319416584
787,4,0.0,-0.46121933346367605,0.46121933346367605
788,4,0.0,0.7757870467432948,0.7757870467432948
789,4,5.900000095,8.239565720994584,2.3395656259945836
790,4,5.693750006,6.427419504564295,0.7336694985642946
791,4,5.625,7.5998570905521845,1.9748570905521845
792,4,0.0,0.499759938468614,0.499759938468614
793,4,5.656410242,6.434417910443161,0.7780076684431609
794,4,5.952380975,6.467597455670074,0.5152164806700741
795,4,5.720202027,6.751591593806586,1.0313895668065856
796,4,6.18750003,7.080214103194399,0.8927140731943988
797,4,6.033333302,7.39942384815748,1.36609054615748
798,4,6.710000038,6.6650886197301205,0.04491141826987999
799,4,5.800000191,7.008089252962808,1.2080890619628084
800,4,0.0,-0.3588723856996143,0.3588723856996143
801,4,5.904545481,6.650402731567381,0.7458572505673802
802,4,5.66428566,6.754592012389859,1.0903063523898586
803,4,6.599999905,7.449236788569929,0.8492368835699295
804,4,6.900000095,7.772667599703363,0.8726675047033625
805,4,0.0,-0.3929688182955715,0.3929688182955715
806,4,0.0,0.5157681432428145,0.5157681432428145
807,4,6.804000034,7.658487787485538,0.8544877534855377
808,4,0.0,-0.1278496080947633,0.1278496080947633
809,4,6.0,7.140044878587575,1.1400448785875748
810,4,6.074285712,6.9989847874219855,0.9246990754219855
811,4,0.0,-0.050294892246149914,0.050294892246149914
812,1,0.0,0.2525837944893752,0.2525837944893752
813,1,4.825000048,6.6926996598095725,1.8676996118095728
814,1,4.900000095,6.990398172365449,2.0903980773654487
815,1,5.0,6.732062963903855,1.7320629639038554
816,1,4.900000095,6.441260508654974,1.5412604136549737
817,1,4.900000095,7.148384468921681,2.248384373921681
818,1,4.833333492,6.777447965602874,1.9441144736028733
819,1,0.0,0.2536351859914774,0.2536351859914774
820,1,5.099999905,7.018460304396597,1.9184603993965972
821,1,0.0,0.3271330635445331,0.3271330635445331
822,1,0.0,0.3731045626969962,0.3731045626969962
823,1,0.0,0.2834198809629278,0.2834198809629278
824,1,5.800000191,8.218600248267851,2.4186000572678514
825,5,5.099999905,5.411868596369896,0.31186869136989603
826,5,5.300000191,6.090798942927782,0.7907987519277819
827,5,5.0,5.185286157326059,0.18528615732605935
828,5,5.300000191,5.317032148500276,0.01703195750027664
829,5,0.0,-0.7269835330831267,0.7269835330831267
830,5,0.0,-0.5848938707879281,0.5848938707879281
831,5,0.0,-0.8314549253127197,0.8314549253127197
832,5,5.0,6.282982288698182,1.2829822886981823
833,5,5.599999905,5.697623589792839,0.0976236847928389
834,5,0.0,-0.5430885832905439,0.5430885832905439
835,5,0.0,-0.8062370076149605,0.8062370076149605
836,5,0.0,-0.5430885832905439,0.5430885832905439
837,5,0.0,-0.6452265438351485,0.6452265438351485
838,5,0.0,-0.5430885832905439,0.5430885832905439
839,5,5.400000095,6.66652300226699,1.2665229072669897
840,5,0.0,-0.6632594617114567,0.6632594617114567
841,5,5.900000095,5.819831434186042,0.08016866081395779
842,5,5.099999905,6.340572439477441,1.2405725344774412
843,5,0.0,-0.6486829122295905,0.6486829122295905
844,5,0.0,-0.6817244961830689,0.6817244961830689
845,5,5.800000191,5.898238396673838,0.09823820567383823
846,5,5.199999809,6.475950856638029,1.2759510476380287
847,5,4.900000095,6.2402679413642534,1.3402678463642532
848,5,0.0,-0.5430885832905439,0.5430885832905439
849,5,0.0,-0.5430885832905439,0.5430885832905439
850,1,6.400000095,8.094313604500057,1.6943135095000565
851,4,4.940000057,5.5748106302861515,0.6348105732861518
852,4,5.354545377,5.880566087532191,0.5260207105321912
853,4,4.900000095,5.66728249390575,0.76728239890575
854,4,5.24999994,6.085474896573821,0.8354749565738206
855,4,5.099999905,5.946023816347262,0.8460239113472623
856,4,0.0,-0.987930257742887,0.987930257742887
857,4,5.800000191,6.349173573323032,0.5491733823230325
858,4,5.543749988,5.803556913616717,0.2598069256167168
859,4,5.174576234,5.206570058744003,0.03199382474400281
860,4,5.518367359,5.671676729470473,0.1533093704704731
861,4,5.937931011,5.394546187024773,0.5433848239752272
862,4,5.451612919,5.197582781713656,0.2540301372863434
863,4,6.073333327,5.607946787441788,0.46538653955821196
864,4,5.166666667,5.642880513712765,0.47621384671276434
865,4,5.5,2.8338154684906325,2.6661845315093675
866,4,5.799999952,2.7588655365140404,3.04113441548596
867,4,5.162499964,5.483958147267698,0.3214581832676977
868,4,4.714999998,5.829826947721765,1.114826949721765
869,3,5.066666762,5.172840048151722,0.10617328615172195
870,3,4.946575348,5.864566620863805,0.9179912728638051
871,3,5.356338014,6.591415625810531,1.2350776118105307
872,3,5.016363621,6.385499941781092,1.3691363207810916
873,3,0.0,0.22265055900926356,0.22265055900926356
874,3,4.989215679,6.060604637813922,1.0713889588139223
875,3,5.439138817,5.357098239168874,0.08204057783112617
876,3,0.0,0.20339514146216864,0.20339514146216864
877,3,5.217083783,6.158007202025665,0.9409234190256655
878,3,6.199999809,3.5574986494289114,2.642501159571089
879,3,5.667588937,5.247513935960805,0.42007500103919426
880,3,7.216757671,6.386796134150021,0.8299615368499786
881,3,5.933333397,5.255914059438394,0.6774193375616058
882,4,4.633333365,5.807287655222554,1.1739542902225537
883,4,4.104761907,7.015854933099649,2.911093026099649
884,4,4.75,6.24399266547924,1.4939926654792401
885,4,4.816666722,7.322958982815775,2.5062922608157754
886,4,4.5,5.929620328328406,1.4296203283284061
887,4,4.728571483,6.212664770549182,1.4840932875491823
888,4,3.806666676,5.5030493815187285,1.6963827055187286
889,4,4.236956529,5.8355510031100515,1.598594474110051
890,4,3.950000048,8.324407505305842,4.374407457305843
891,4,0.0,3.1891952068173843,3.1891952068173843
892,4,4.193478294,5.102119683271493,0.9086413892714926
893,4,4.305000043,7.4640036200351885,3.1590035770351887
894,4,4.674193551,5.493154757207611,0.8189612062076108
895,4,3.99565222,7.301995528808765,3.3063433088087644
896,4,0.0,-0.5221014795156318,0.5221014795156318
897,4,3.799999952,6.248151816216074,2.4481518642160744
898,4,4.742857184,5.308944990732774,0.5660878067327744
899,4,0.0,-0.48349758856429403,0.48349758856429403
900,4,4.956310705,6.194198866367511,1.2378881613675112
901,4,5.300000191,5.761307382695465,0.4613071916954654
902,4,4.993478288,6.634452998052621,1.6409747100526202
903,4,4.981818214,7.417119614919066,2.4353014009190668
904,4,4.699999809,0.22928891949410257,4.470710889505898
905,4,5.16315784,6.75842180725741,1.5952639672574094
906,4,0.0,-1.2140043597906534,1.2140043597906534
907,4,5.08888891,5.480612069615507,0.3917231596155073
908,4,5.093975894,6.809716715102498,1.7157408211024983
909,4,4.730769258,6.7026379847650235,1.971868726765024
910,1,7.844444487,7.079509312640076,0.7649351743599233
911,1,8.015384711,6.986520529450066,1.0288641815499338
912,1,8.100000381,6.19301825547312,1.9069821255268788
913,1,9.200000286,7.55543285702239,1.6445674289776102
914,1,9.0,6.464608559034085,2.535391440965915
915,1,8.360000038,7.366024852832295,0.9939751851677059
916,1,8.199999942,7.811760036567571,0.38823990543242903
917,1,8.133333524,7.1784188242780305,0.9549146997219689
918,1,8.233333333,7.865218747188565,0.3681145858114343
919,1,8.499999894,7.2653383117100745,1.2346615822899256
920,1,9.199999809,7.5808175537872255,1.619182255212774
921,1,0.0,0.2679055121503353,0.2679055121503353
922,1,0.0,0.2541085760132784,0.2541085760132784
923,1,8.453658523,6.80889589480886,1.64476262819114
924,1,8.123529322,7.297341594518501,0.8261877274814982
925,1,8.600000064,6.3093352965943605,2.290664767405639
926,1,8.435789515,6.267500455159338,2.168289059840662
927,5,8.000000106,8.405464516918695,0.4054644109186949
928,2,0.0,-0.4626468010999947,0.4626468010999947
929,2,7.575000167,6.707920789003273,0.8670793779967267
930,2,7.599999905,6.965649638507165,0.6343502664928344
931,2,0.0,-0.7106756620684394,0.7106756620684394
932,2,0.0,-0.5595030654931676,0.5595030654931676
933,2,7.550000191,6.544907446067314,1.0050927449326856
934,2,6.950000048,6.893203958374083,0.05679608962591676
935,2,0.0,0.04398271072962956,0.04398271072962956
936,2,9.399999619,6.826431134791755,2.573568484208246
937,2,0.0,-0.6137603231042146,0.6137603231042146
938,2,7.300000191,6.708702663214171,0.5912975277858283
939,2,0.0,-0.691712207138556,0.691712207138556
940,4,9.0,6.942094294590308,2.0579057054096923
941,4,0.0,-0.584996375637779,0.584996375637779
942,4,8.699999809,6.83654097955752,1.8634588294424796
943,4,7.850000143,6.759195710672181,1.0908044323278192
944,4,9.199999809,6.965273672951183,2.234726136048817
945,4,0.0,-0.6437380450794024,0.6437380450794024
946,4,0.0,-0.18557529018933394,0.18557529018933394
947,4,9.300000191,6.941925071547518,2.358075119452483
948,4,0.0,-0.4798067842357181,0.4798067842357181
949,4,8.5,7.6360043761946645,0.8639956238053355
950,4,8.199999809,6.872502529777066,1.3274972792229338
951,4,0.0,-0.4798067842357181,0.4798067842357181
952,4,0.0,-0.6727933569239184,0.6727933569239184
953,4,0.0,-0.46254318075748024,0.46254318075748024
954,4,0.0,-0.4503940693910682,0.4503940693910682
955,4,8.600000381,7.220658183454426,1.379342197545573
956,4,0.0,-0.6323396088981355,0.6323396088981355
957,4,0.0,-0.7135148683028305,0.7135148683028305
958,4,0.0,-0.3457678224908509,0.3457678224908509
959,4,8.399999619,6.467974609327991,1.9320250096720102
960,4,8.040000153,6.7381205990621895,1.3018795539378099
961,4,0.0,-0.26259222392767967,0.26259222392767967
962,4,0.0,-0.4798067842357181,0.4798067842357181
963,4,0.0,-0.26700516349187353,0.26700516349187353
964,4,0.0,-0.2541601190567757,0.2541601190567757
965,4,9.600000381,7.292634795517087,2.307365585482912
966,4,0.0,-0.4798067842357181,0.4798067842357181
967,4,8.300000191,7.007736494453685,1.292263696546316
968,4,0.0,-0.24241227126376153,0.24241227126376153
969,4,0.0,-0.2436062910959791,0.2436062910959791
970,4,0.0,-0.513258264543671,0.513258264543671
971,4,7.972500026,6.46882926868731,1.5036707573126895
972,4,0.0,-0.6227039357167694,0.6227039357167694
973,4,7.804999971,6.670697345817021,1.134302625182979
974,4,9.058108124,7.071286712454,1.986821411546
975,4,9.418181853,7.602292603737141,1.8158892492628587
976,4,9.319767442,5.61889252286975,3.70087491913025
977,4,8.600000381,6.512668818962409,2.0873315620375905
978,4,7.5,6.747052236219544,0.7529477637804556
979,4,8.146511599,6.733019690431335,1.4134919085686652
980,4,7.461538498,5.960972967607152,1.5005655303928487
981,4,9.807142844,6.921731898282965,2.8854109457170347
982,4,9.449541271,5.263204504850986,4.186336766149013
983,4,7.569148967,5.8607235141855085,1.7084254528144918
984,4,8.840217414,7.071905291630489,1.7683121223695109
985,4,8.337007887,5.958416114465008,2.3785917725349925
986,4,6.655907166,5.30283892660985,1.3530682393901508
987,4,7.892857109,7.113742252540404,0.7791148564595964
988,4,7.341176426,6.23647795697077,1.1046984690292296
989,4,8.384999967,6.55503487656836,1.8299650904316405
990,4,9.059210583,6.028734331318445,3.0304762516815558
991,4,8.810181829,5.8480047887525615,2.962177040247438
992,4,8.191304248,6.727078563218518,1.464225684781482
993,4,8.966666857,6.020520698785072,2.946146158214928
994,4,8.992134844,5.8731587642204595,3.118976079779541
995,4,0.0,1.0477448871259405,1.0477448871259405
996,4,4.746178014,5.747240864661517,1.0010628506615173
997,4,4.606443305,5.447934802397098,0.8414914973970982
998,4,5.084654473,5.9276843524450165,0.8430298794450168
999,4,5.140552013,6.399682941227704,1.2591309282277043
1000,4,4.62589207,5.7047265734996735,1.0788345034996736
1001,4,0.0,-0.4047100135993311,0.4047100135993311
1002,4,0.0,0.11036726505276206,0.11036726505276206
1003,4,5.252590088,5.875761706793616,0.6231716187936165
1004,4,5.96124031,6.382400107109614,0.42115979710961415
1005,3,7.259999943,6.493546814061487,0.7664531289385135
1006,3,7.008655626,6.455847234331545,0.5528083916684556
1007,3,8.699999809,6.463971607796305,2.2360282012036947
1008,3,6.395021096,5.8522720824894705,0.5427490135105293
1009,3,0.0,0.5396433097189419,0.5396433097189419
1010,3,0.0,0.41885240196060636,0.41885240196060636
1011,3,5.240407961,6.400683181047168,1.1602752200471684
1012,3,4.994124119,6.116305819858201,1.1221817008582011
1013,3,0.0,0.612227115499353,0.612227115499353
1014,3,8.699999809,6.745904002858046,1.9540958061419538
1015,3,7.649999857,6.188094868853222,1.4619049881467783
1016,3,8.026315764,6.573489126359698,1.4528266376403014
1017,3,4.459107901,5.7614599498940695,1.3023520488940692
1018,3,7.665296788,6.177428212768806,1.487868575231194
1019,3,6.653497953,5.917389899379641,0.7361080536203586
1020,2,0.0,-0.16194526896047812,0.16194526896047812
1021,2,4.549999952,5.627551267383723,1.0775513153837224
1022,2,0.0,-0.19271257404341213,0.19271257404341213
1023,2,4.699999809,6.048696233847993,1.3486964248479927
1024,2,0.0,0.058394158138298735,0.058394158138298735
1025,2,0.0,-0.10954624934690216,0.10954624934690216
1026,2,0.0,-0.19381662654403264,0.19381662654403264
1027,2,0.0,-0.41061626899289116,0.41061626899289116
1028,2,4.850000143,5.426768380197606,0.576768237197606
1029,2,5.0,5.291390417527547,0.2913904175275466
1030,2,0.0,-0.3266842411282891,0.3266842411282891
1031,2,4.900000095,5.562471921817963,0.6624718268179626
1032,2,0.0,-0.23915279754089447,0.23915279754089447
1033,2,4.625,5.702698840309834,1.077698840309834
1034,2,4.460000038,5.5175739424793,1.0575739044793
1035,5,0.0,-0.7655476991993115,0.7655476991993115
1036,5,0.0,-0.6105956926471627,0.6105956926471627
1037,5,5.300000191,7.004414033934681,1.7044138429346818
1038,5,5.199999809,6.885478262265721,1.6854784532657208
1039,5,0.0,-0.8764607805193609,0.8764607805193609
1040,5,0.0,-0.8498850416409045,0.8498850416409045
1041,5,0.0,-0.7750881671357206,0.7750881671357206
1042,5,5.0,6.511746309978429,1.5117463099784292
1043,5,5.199999809,5.337497576295462,0.1374977672954616
1044,5,5.549999952,7.4451279571174185,1.8951280051174182
1045,5,5.091999969,6.191680236867281,1.0996802678672815
1046,5,5.133333206,6.403952753281009,1.2706195472810098
1047,5,4.800000032,6.248629559137958,1.4486295271379586
1048,5,5.08571434,6.910819732750281,1.825105392750281
1049,5,5.564285789,6.678877410177403,1.1145916211774027
1050,5,5.399999936,6.214935426643189,0.8149354906431885
1051,5,4.699999809,6.497451553905618,1.7974517449056178
1052,5,5.388679234,6.308634240348406,0.9199550063484061
1053,5,4.950000048,7.055082747925878,2.1050826999258785
1054,5,5.331428541,6.345597804240574,1.014169263240574
1055,5,5.847058773,6.198390037945876,0.35133126494587597
1056,5,5.522857148,6.078139538924823,0.5552823909248232
1057,5,5.232499999,6.73139279237415,1.49889279337415
1058,5,4.976923062,6.2513084185315755,1.2743853565315755
1059,5,5.180769242,5.931438382406329,0.7506691404063286
1060,5,4.966666698,6.38873109554663,1.42206439754663
1061,5,4.649999857,6.686804876215653,2.0368050192156533
1062,5,4.75000006,6.488927985269653,1.7389279252696532
1063,5,4.887499988,5.147949276423315,0.26044928842331494
1064,5,4.966666698,6.393451720038941,1.426785022038941
1065,5,5.174193536,6.059148845871473,0.8849553098714731
1066,3,0.0,0.12445200430128267,0.12445200430128267
1067,3,4.826666641,6.7004240622414954,1.8737574212414954
1068,3,0.0,0.12445200430128267,0.12445200430128267
1069,3,0.0,-0.07526358677701595,0.07526358677701595
1070,3,0.0,0.3734154369945202,0.3734154369945202
1071,3,0.0,-0.18428261475325414,0.18428261475325414
1072,3,4.699999809,7.095971450111173,2.3959716411111724
1073,3,0.0,-0.12559893131748545,0.12559893131748545
1074,3,4.900000095,5.553738820852237,0.6537387258522367
1075,3,5.300000191,0.02917871711553488,5.270821473884465
1076,3,4.75,6.329989012448101,1.5799890124481006
1077,3,0.0,0.07008359757256422,0.07008359757256422
1078,3,5.199999968,5.945937781172823,0.7459378131728229
1079,3,0.0,-0.007375006180613042,0.007375006180613042
1080,3,4.887499928,7.066289980944668,2.1787900529446675
1081,3,4.699999809,5.3994922493771025,0.6994924403771021
1082,3,3.936363654,6.413503275816319,2.4771396218163186
1083,3,5.01428574,5.912746392440257,0.8984606524402565
1084,3,4.950000048,5.321982404987665,0.37198235698766524
1085,3,5.055555476,6.774624541069345,1.7190690650693448
1086,3,5.074999961,6.9392461895221444,1.8642462285221448
1087,4,0.0,0.3097720986887911,0.3097720986887911
1088,4,8.199999809,5.836022632065854,2.3639771769341458
1089,4,7.400000095,6.283495883738546,1.1165042112614545
1090,4,8.71818187,5.879640427615568,2.8385414423844324
1091,4,8.100000381,6.092636255649666,2.0073641253503336
1092,4,7.44000001,6.824651390322541,0.6153486196774596
1093,3,5.900000095,7.374419470657026,1.4744193756570256
1094,3,0.0,-0.8382792900126184,0.8382792900126184
1095,3,5.81780822,5.304811418455468,0.5129968015445314
1096,3,6.150000095,6.540982350915402,0.3909822559154019
1097,3,6.261369624,5.746127926178795,0.5152416978212049
1098,3,4.96876112,5.400693080908633,0.4319319609086332
1099,3,5.439999992,5.468490939602594,0.028490947602594296
1100,3,6.576524392,5.850913385116936,0.7256110068830637
1101,3,6.643416371,6.607486302797502,0.035930068202497445
1102,3,6.433910048,6.433589471073613,0.00032057692638787216
1103,3,5.733818196,6.717328950533658,0.9835107545336585
1104,3,5.139842716,6.949231398405112,1.8093886824051113
1105,3,5.138295174,6.351509198272392,1.2132140242723928
1106,3,5.478688537,7.594506853796786,2.115818316796786
1107,3,5.343424538,5.826242595154849,0.4828180571548488
1108,5,12.39999962,8.489715300905061,3.910284319094938
1109,5,0.0,0.048449180410090165,0.048449180410090165
1110,5,0.0,0.3854619643218964,0.3854619643218964
1111,5,13.39999962,7.591087097311087,5.808912522688912
1112,5,0.0,0.1306944946618973,0.1306944946618973
1113,5,0.0,0.35661920938581027,0.35661920938581027
1114,5,13.19999981,0.40801193137183667,12.791987878628163
1115,5,0.0,0.30491011773269605,0.30491011773269605
1116,5,0.0,0.1092413115698676,0.1092413115698676
1117,5,0.0,0.08530197308727061,0.08530197308727061
1118,5,0.0,0.07686994487138499,0.07686994487138499
1119,5,0.0,0.308761116566453,0.308761116566453
1120,5,0.0,0.35661920938581027,0.35661920938581027
1121,5,0.0,0.026634202927089845,0.026634202927089845
1122,5,12.02000008,7.755281555941569,4.2647185240584315
1123,5,11.35833335,6.5717510075138215,4.786582342486179
1124,2,37.0266667684,24.01800165404819,13.008665114351807
1125,2,35.3000000196,20.64168855874663,14.65831146085337
1126,2,36.1424242655,23.907229321554126,12.23519494394587
1127,2,35.092307751,23.868407365001406,11.223900385998594
1128,2,36.1375002861,22.70328021278747,13.434220073312531
1129,2,29.08472236,22.157990922182368,6.926731437817633
1130,2,36.5125002861,22.76918154323824,13.74331874286176
1131,2,33.0342105899,23.26334753657168,9.77086305332832
1132,2,32.0888888041,20.298762924439316,11.790125879660685
1133,2,28.4906976833,21.823233246451636,6.667464436848363
1134,2,33.7590908137,23.030178207716318,10.72891260598368
1135,2,31.3128570829,20.67566443518243,10.63719264771757
1136,2,36.2187497616,22.746675109414184,13.472074652185817
1137,2,35.514285678,23.954482651522525,11.559803026477475
1138,2,29.9557692454,21.456753121473742,8.499016123926257
1139,2,35.8828572409,22.81285366673844,13.07000357416156
1140,2,29.181481538,22.488726819865164,6.692754718134836
1141,2,34.0117647508,21.1930259250669,12.818738825733096
1142,2,34.4261538579,24.983609642104362,9.442544215795635
1143,2,36.3058823978,22.629435512139843,13.676446885660155
1144,2,30.6993976501,23.194386187947043,7.505011462152957
1145,2,36.0425532727,24.254949874985776,11.787603397714221
1146,3,11.1000000636,9.011745435032367,2.0882546285676327
1147,3,9.5,9.290864263399865,0.2091357366001354
1148,3,10.0,11.95575285704482,1.9557528570448195
1149,3,9.49999976158,9.032372556596457,0.46762720498354327
1150,3,7.55000019073,9.402870393790739,1.8528702030607391
1151,3,7.09999990463,9.278265402630534,2.1782654980005347
1152,3,10.3000001907,8.91980181694996,1.3801983737500407
1153,3,10.2749998569,9.91793314110308,0.3570667157969183
1154,1,9.20000012716,10.931615677992948,1.7316155508329487
1155,1,9.92500019073,9.26363147894118,0.6613687117888194
1156,1,10.3000001907,10.435153538348702,0.13515334764870168
1157,1,10.8999996185,9.734284921109435,1.165714697390566
1158,1,9.06666660309,10.068706005936907,1.002039402846906
1159,1,9.75,10.229257126236883,0.47925712623688277
1160,1,10.625,11.033886259731798,0.4088862597317977
1161,1,10.3000001907,9.824157662808439,0.4758425278915617
1162,1,11.1999998093,9.69502676532633,1.5049730439736688
1163,1,7.35714292526,9.686987529824663,2.329844604564663
1164,1,9.75,10.4837372697888,0.7337372697888007
1165,1,11.1200000763,9.111912538019617,2.0080875382803836
1166,1,10.1999998093,9.440285939117814,0.7597138701821855
1167,1,9.75,9.59877776399915,0.15122223600084972
1168,1,9.69999980927,10.274500361355742,0.5745005520857411
1169,1,6.90000009537,9.389453954234074,2.489453858864074
1170,1,10.1333332062,9.998379371984843,0.13495383421515683
1171,1,9.9249997139,9.72203234517464,0.2029673687253606
1172,5,11.6333332062,10.40667463632302,1.2266585698769799
1173,5,9.7999997139,10.547290408883438,0.7472906949834375
1174,5,8.76666673024,9.899378081101272,1.1327113508612712
1175,5,10.6499998569,9.368264864109346,1.2817349927906534
1176,5,10.9499998093,9.979841458677486,0.9701583506225138
1177,5,10.1999998093,9.18575210618296,1.0142477031170394
1178,5,10.3000001907,7.038608028948588,3.261392161751412
1179,5,7.26666673024,9.361638107844282,2.094971377604282
1180,5,10.9749999046,9.339656535770825,1.6353433688291759
1181,5,10.3999996185,9.232427624074935,1.1675719944250655
1182,4,9.5,8.48034876887893,1.0196512311210704
1183,4,10.1000003815,9.549793053138124,0.5502073283618749
1184,4,9.66666666667,9.22470271840789,0.44196394826211005
1185,4,7.70000004768,9.214145082017971,1.5141450343379717
1186,4,10.4499998093,9.225093227570905,1.224906581729094
1187,4,10.0,9.869595971927724,0.13040402807227558
1188,4,8.02499985695,8.280455697633412,0.2554558406834122
1189,4,10.7999999523,8.180331999001226,2.6196679532987748
1190,4,7.29999995232,8.185986393965393,0.8859864416453931
1191,4,9.69999980927,9.115307563588495,0.5846922456815058
1192,4,10.7124999762,8.998360858435303,1.714139117764697
1193,4,9.69999980927,8.89700404951333,0.802995759756671
1194,4,9.59999990463,8.606492060935228,0.993507843694772
1195,4,9.80000019073,9.064622109264796,0.7353780814652033
1196,4,10.1999998093,8.584255416965274,1.6157443923347259
1197,4,11.0500001907,9.383561682418254,1.6664385082817468
1198,4,10.8999996185,9.126022548405999,1.773977070094002
1199,4,11.2000001272,9.081646684080201,2.1183534431197977
1200,5,10.6999998093,9.597072365036182,1.102927444263818
1201,5,10.8999996185,8.608569012340974,2.291430606159027
1202,5,9.92500019073,10.164312046927385,0.2393118561973857
1203,5,11.0166665713,9.73042922625503,1.2862373450449702
1204,5,11.1500000954,9.002450559625952,2.147549535774047
1205,5,8.09999990463,9.254376357730893,1.1543764531008929
1206,5,10.3000001907,9.937574332493881,0.3624258582061195
1207,5,7.79999987284,9.633378825359095,1.8333789525190953
1208,5,6.85000014305,9.38261994097326,2.5326197979232603
1209,5,8.10000022252,9.53295416728295,1.43295394476295
1210,4,10.1999998093,8.247266454849354,1.952733354450645
1211,4,11.2000002861,9.212538245332759,1.987462040767241
1212,4,10.5999999046,8.734107608410529,1.8658922961894717
1213,4,8.39999985695,8.481826593463648,0.0818267365136478
1214,4,7.84999990463,8.782355379501697,0.9323554748716969
1215,4,8.85000038147,9.096111587250792,0.24611120578079237
1216,4,10.5499997139,8.727174467847409,1.8228252460525916
1217,4,9.15000009537,8.720582069023628,0.4294180263463723
1218,4,6.80000019073,8.354213338727096,1.5542131479970962
1219,3,10.4499998093,10.111066859667398,0.3389329496326017
1220,3,11.1999998093,9.163769565971958,2.036230243328042
1221,3,9.10000038147,9.900145032677667,0.8001446512076669
1222,3,11.8000001907,8.930072093164643,2.8699280975353574
1223,3,11.3600002289,10.085087144081125,1.2749130848188752
1224,3,8.83333333333,9.366960703928914,0.5336273705989143
1225,3,8.15000009537,9.543357034382192,1.3933569390121914
1226,3,7.80000019073,8.115048271511071,0.3150480807810716
1227,3,9.46666653951,9.833526028156658,0.36685948864665896
1228,3,7.80000019073,9.369346015016216,1.5693458242862164
1229,3,11.2333332698,9.673739415138675,1.5595938546613244
1230,5,9.60000038147,9.80383030431678,0.20382992284677925
1231,5,9.60000038147,10.695195616055699,1.0951952345856988
1232,5,9.0,9.231044240222243,0.2310442402222428
1233,5,9.76000003815,10.186609293155614,0.426609255005614
1234,5,10.9749999046,10.645146158048371,0.32985374655162936
1235,5,10.6749999523,9.963774064028364,0.7112258882716365
1236,3,16.4376811981,15.498455514227352,0.9392256838726496
1237,3,16.3254237094,21.676508855402574,5.351085146002575
1238,3,16.9411762462,17.97215474370306,1.0309784975030603
1239,3,17.1977272467,18.66025495711055,1.4625277104105479
1240,3,16.4307692601,17.310142158844787,0.8793728987447871
1241,3,17.6956692643,21.11624255890181,3.420573294601809
1242,3,16.4618181922,16.068022733808608,0.3937954583913914
1243,3,17.9047619048,20.779858955143958,2.875097050343957
1244,3,15.9481080803,21.71712216658878,5.769014086288779
1245,3,17.5584415584,20.803453342587982,3.2450117841879837
1246,3,17.435135197,19.369376314107818,1.9342411171078169
1247,3,17.1361108886,19.139821063253386,2.003710174653385
1248,3,17.0750001272,16.952199351159834,0.12280077604016526
1249,3,17.0925373248,21.862086349779503,4.769549024979504
1250,3,17.0981818112,19.134997264768174,2.036815453568174
1251,3,18.9555557039,18.420722566551397,0.5348331373486026
1252,3,32.4437499841,24.963748866537188,7.480001117562814
1253,3,29.9615384615,24.825662247745612,5.13587621375439
1254,3,30.2210527721,25.806427845216113,4.414624926883885
1255,3,32.3062499364,25.20959149483295,7.096658441567051
1256,3,32.6850220222,28.19656414371984,4.488457878480162
1257,3,28.0748018909,26.80479611994797,1.2700057709520323
1258,3,31.7901639157,24.86159425867291,6.92856965702709
1259,3,27.3194165009,24.078789910462092,3.240626590437909
1260,3,25.7755100873,24.924806297625715,0.8507037896742844
1261,3,29.7633802924,25.87196832035432,3.891411972045681
1262,3,33.2169015374,24.86659893200464,8.35030260539536
1263,3,26.2842105062,24.287782339453692,1.996428166746309
1264,3,34.1225274055,27.84640090411105,6.276126501388951
1265,3,32.225344319,25.119333029682416,7.1060112893175855
1266,3,29.5051281269,26.08280917641743,3.4223189504825697
1267,3,35.6334559497,26.589209531018128,9.044246418681873
1268,4,32.6871921746,28.07072360281649,4.6164685717835106
1269,4,31.943749706,27.02941825409609,4.914331451903909
1270,4,29.7652175737,25.206601397741824,4.558616175958175
1271,4,33.2989339198,28.65963086044949,4.63930305935051
1272,4,30.9305194508,28.10704471352862,2.823474737271379
1273,4,30.6832000275,28.459880995847058,2.2233190316529416
1274,4,31.106153899,28.099177458741273,3.0069764402587253
1275,4,29.9161615661,27.125444235741025,2.7907173303589765
1276,4,28.3050846811,28.947153168054882,0.6420684869548836
1277,4,34.85338343,29.361027051250705,5.492356378749296
1278,4,29.0927082499,28.270731320802266,0.8219769290977332
1279,4,28.3190477462,16.881750063968695,11.437297682231303
1280,4,28.2013512946,27.063347290754137,1.138004003845861
1281,4,32.9509802239,28.409471767525275,4.5415084563747214
1282,2,25.2621622343,27.704367991105798,2.442205756805798
1283,2,28.537389405,29.2543600507929,0.7169706457929017
1284,2,32.0331249475,29.49299352919772,2.5401314183022805
1285,2,31.5796459198,29.794707393286597,1.784938526513404
1286,2,36.8742049928,33.060800206741796,3.813404786058207
1287,2,30.2754384091,29.28578202821255,0.9896563808874497
1288,2,31.9441176583,29.05736005400578,2.886757604294221
1289,2,27.7988889482,23.62823127659147,4.170657671608527
1290,2,33.7360200714,31.73248908281458,2.0035309885854176
1291,2,30.546043149,29.209883522714428,1.3361596262855713
1292,2,29.2086153588,29.643622827834534,0.43500746903453447
1293,4,22.1859649022,27.720748247039502,5.534783344839504
1294,4,29.5244443258,27.59041852529538,1.934025800504621
1295,4,27.6528846239,26.97795335766044,0.674931266239561
1296,4,33.7979532766,28.281324171911812,5.516629104688185
1297,4,24.5795918679,26.887216570508755,2.3076247026087557
1298,4,33.2256636718,27.971789468617725,5.253874203182274
1299,4,23.7518867727,24.456882201473505,0.7049954287735041
1300,4,26.8361702371,24.254267458390075,2.5819027787099245
1301,4,27.8980315013,24.571975034287156,3.326056467012844
1302,4,29.0831682564,27.994828233819277,1.0883400225807236
1303,4,27.1945434201,26.846550584467234,0.3479928356327662
1304,4,30.118787858,28.18137565684946,1.93741220115054
1305,4,23.4689654427,26.485100233024802,3.016134790324802
1306,4,26.1793100423,27.867023925646308,1.6877138833463086
1307,4,30.1192309306,28.15746909259833,1.9617618380016708
1308,4,34.2562138772,27.930376251630104,6.325837625569893
1309,4,33.4168367678,28.152384417534222,5.264452350265778
1310,4,28.8040816638,27.53683035955615,1.2672513042438531
1311,4,31.7228915892,27.389686931236277,4.333204657963723
1312,4,21.9431818355,24.960711848685364,3.0175300131853646
1313,4,26.2039998627,27.442537117769078,1.238537255069076
1314,2,6.96000003815,9.217400531763248,2.2574004936132486
1315,2,9.17499995232,9.326705340763151,0.15170538844315118
1316,2,10.0,9.526857057533194,0.4731429424668061
1317,2,10.7714285169,10.42935451661337,0.3420740002866296
1318,2,10.9500001272,9.05486762102527,1.895132506174729
1319,2,8.90000009537,10.157940131914607,1.257940036544607
1320,2,10.4428570611,10.183751953820881,0.25910510727911884
1321,2,6.14166665077,8.463416249338863,2.3217495985688625
1322,2,8.75,9.01147276278089,0.2614727627808904
1323,3,10.6000000636,9.59070039160769,1.0092996719923093
1324,3,10.6999998093,9.281822512926777,1.4181772963732229
1325,3,8.5,9.627307499544596,1.127307499544596
1326,3,7.6933333079,8.813055406072177,1.1197220981721774
1327,3,8.67692323831,9.234114516513884,0.5571912782038844
1328,3,10.0749999682,10.073439981429436,0.0015599867705642367
1329,3,6.54615383882,9.02978770244436,2.48363386362436
1330,3,12.0,10.13697561880009,1.86302438119991
1331,3,11.0,10.709872180311754,0.2901278196882462
1332,3,11.4000002543,9.933499327380146,1.4665009269198546
1333,3,10.0,10.731263684790385,0.7312636847903846
1334,3,10.1666669846,10.253914595813171,0.08724761121317037
1335,3,9.0,9.548632568776437,0.5486325687764371
1336,4,9.5333331426,8.925589741984504,0.6077434006154956
1337,4,7.3166667223,8.962007695430897,1.6453409731308968
1338,4,10.9076921023,9.66678774598952,1.2409043563104802
1339,4,10.7999997139,9.327672084375788,1.4723276295242123
1340,4,7.44999992847,9.048928646784905,1.5989287183149052
1341,4,8.89999961853,9.406432154125309,0.5064325355953088
1342,4,8.5,9.405300049658228,0.9053000496582282
1343,4,6.71923078023,8.150186083997033,1.4309553037670328
1344,4,11.6124999523,9.049513826331639,2.5629861259683615
1345,4,10.6999998093,9.27398676436761,1.4260130449323896
1346,4,6.21182794981,7.653320582757906,1.4414926329479059
1347,4,8.44615397087,8.727729693590652,0.28157572272065146
1348,4,8.6999999455,9.058411249301251,0.3584113038012511
1349,3,7.10000003468,8.66345603508303,1.56345600040303
1350,3,8.65000009537,9.571678064636137,0.9216779692661365
1351,3,7.63088234032,10.392629745548634,2.7617474052286335
1352,3,8.125,9.809981442917145,1.6849814429171452
1353,3,8.0,7.928206115624251,0.07179388437574907
1354,3,11.0999999046,10.755788011280432,0.34421189331956903
1355,3,7.48823527729,8.154010340901443,0.6657750636114432
1356,3,7.54999995232,8.218243265109173,0.6682433127891727
1357,3,10.7199998856,10.686444753199925,0.03355513240007468
1358,3,8.93749988079,9.234458875488361,0.29695899469836107
1359,3,9.50769226368,9.371937028580636,0.1357552350993636
1360,3,5.58717951408,8.935510574746818,3.348331060666818
1361,3,8.60000006358,8.945954514831314,0.3459544512513144
1362,4,7.80000003179,8.209967489079345,0.409967457289345
1363,4,9.83333317439,9.09553525725126,0.7377979171387405
1364,4,5.05454544588,7.821398685685674,2.766853239805674
1365,4,5.26666665077,7.948606884352547,2.681940233582546
1366,4,10.8666664759,8.994598314349268,1.8720681615507324
1367,4,5.98947369425,7.976475229999756,1.987001535749756
1368,4,6.13000001907,8.140789262828516,2.0107892437585164
1369,4,6.90952375957,9.377626808315041,2.468103048745041
1370,4,7.25,9.305717922765187,2.0557179227651865
1371,4,6.17878788168,7.575214814974788,1.396426933294788
1372,4,8.36666679382,8.825856622937499,0.4591898291174985
1373,4,10.1000003815,9.416638683539738,0.6833616979602617
1374,4,9.14000015259,8.98663051032331,0.15336964226668925
1375,5,6.43333331744,8.717451325012924,2.284118007572924
1376,5,10.7200000763,8.795746570195103,1.9242535061048969
1377,5,7.75714288439,8.566778591615435,0.8096357072254348
1378,5,5.81739129191,7.889916001030961,2.0725247091209607
1379,5,8.85999965668,9.19287378605102,0.3328741293710209
1380,5,8.34000015259,9.86781611946374,1.5278159668737405
1381,5,10.933333079,8.196865277215426,2.736467801784574
1382,5,7.81428575516,9.511456313465295,1.6971705583052952
1383,5,7.74999992053,9.258168421358564,1.508168500828564
1384,5,7.20000001362,9.393685164686277,2.1936851510662763
1385,5,6.69166662296,8.30631268081415,1.6146460578541504
1386,2,8.24067800328,8.646853887846222,0.4061758845662222
1387,2,5.79999990463,9.040025812787487,3.240025908157487
1388,2,8.57500004768,9.622951258090486,1.0479512104104867
1389,2,7.02727274461,8.911083577012988,1.8838108324029879
1390,2,11.5499999523,9.663572858611062,1.8864270936889387
1391,2,9.5499997139,9.66417131859554,0.11417160469554055
1392,2,5.82500004768,9.55982455730086,3.7348245096208608
1393,2,7.41111103694,8.613236501979694,1.2021254650396935
1394,2,11.0545455759,9.43807604760045,1.6164695282995503
1395,2,9.80370373196,9.004776257320918,0.7989274746390826
1396,2,11.6500000954,9.120921103367863,2.5290789920321366
1397,2,11.6166666349,9.805534334343346,1.811132300556654
1398,2,7.32857145582,9.247316989603314,1.9187455337833148
1399,2,6.99047624497,8.66719786841977,1.6767216234497697
1400,2,8.90000009537,9.43339266764751,0.5333925722775099
1401,2,5.96190479824,8.35525838572931,2.393353587489311
1402,2,6.93947368547,8.65924437696509,1.7197706914950892
1403,2,10.8399999619,9.657681369712359,1.1823185921876416
1404,2,6.69999996821,9.291906821374539,2.591906853164539
1405,2,9.77500009537,9.731151923548211,0.04384817182178935
1406,2,5.45000004768,8.826516978223054,3.3765169305430547
1407,2,6.86666663488,9.487710248186119,2.621043613306119
1408,2,9.65200000763,9.037387284159164,0.6146127234708363
1409,2,11.0125000477,10.186419484585521,0.8260805631144787
1410,2,11.1000003815,10.084820913246254,1.015179468253745
1411,4,8.39999993642,9.763448543850034,1.3634486074300334
1412,4,6.70235296137,8.786294494893909,2.083941533523909
1413,4,10.0999999046,9.813836621141878,0.2861632834581229
1414,4,9.89999993642,9.327876239959195,0.572123696460805
1415,4,11.2777777778,9.570983271042644,1.7067945067573564
1416,4,10.6000003815,9.472767474386176,1.1272329071138234
1417,4,8.0600001812,9.05350628535884,0.9935061041588398
1418,4,6.7083332936,8.24200047732377,1.5336671837237708
1419,4,7.96249997616,9.811386433632274,1.8488864574722736
1420,4,10.8666664759,10.06920856093501,0.7974579149649905
1421,2,6.75999994278,9.176248522899268,2.4162485801192677
1422,2,5.7409090779,8.993230882560884,3.252321804660884
1423,2,11.0500000318,9.257694742202869,1.792305289597131
1424,2,6.94680852078,9.123249718640789,2.1764411978607887
1425,2,6.47428571156,9.15859684743247,2.68431113587247
1426,2,10.3500003815,9.749838156692062,0.6001622248079368
1427,2,10.7199998856,9.938993700636525,0.7810061849634753
1428,2,6.44444439146,9.271578396897688,2.8271340054376877
1429,2,9.69999980927,9.896635341712942,0.19663553244294185
1430,2,9.16326528666,9.219570319082818,0.05630503242281826
1431,1,8.89999985695,9.58556886830814,0.6855690113581403
1432,1,8.33333349228,9.716951798504317,1.3836183062243173
1433,1,6.72000017166,10.133371679062401,3.4133715074024016
1434,1,9.80000019073,9.780596797302582,0.01940339342741737
1435,1,10.6000003815,9.918421371615274,0.6815790098847252
1436,1,7.50714281627,8.656762239463026,1.149619423193026
1437,1,9.44999986887,9.692037978553884,0.24203810968388417
1438,2,6.25999994278,8.105902224628846,1.8459022818488453
1439,1,8.90000000867,9.442082021171935,0.5420820125019343
1440,1,10.7055556509,10.407914207629307,0.29764144327069175
1441,1,8.53846161182,9.327638727334291,0.7891771155142902
1442,1,10.8333333333,10.731670284607702,0.10166304869229847
1443,1,5.59999995232,8.146362982729173,2.5463630304091724
1444,1,11.4700000763,12.02133111434611,0.5513310380461096
1445,1,10.4749999046,10.18830857716969,0.2866913274303098
1446,1,9.0,10.019436726092081,1.0194367260920814
1447,4,8.5,9.32242896646557,0.8224289664655693
1448,4,8.0876923341,10.087963424234044,2.000271090134044
1449,4,8.60000038147,9.650774180206344,1.0507737987363441
1450,4,11.6000003815,9.345917325890397,2.254083055609602
1451,4,5.70645158522,8.010514908941433,2.304063323721433
1452,4,9.72142853056,8.902836018118276,0.8185925124417253
1453,4,8.60000038147,9.523439064795653,0.9234386833256529
1454,4,9.30000019073,9.621503210042064,0.3215030193120647
1455,4,6.88749992847,8.212515063574356,1.3250151351043566
1456,4,5.92727275328,8.654007676325953,2.726734923045954
1457,4,7.85263154381,8.033365200493549,0.18073365668354846
1458,4,10.8000001907,9.781359526074484,1.0186406646255168
1459,4,11.295000124,9.040058690299535,2.2549414337004645
1460,1,6.33333317439,9.176821949359283,2.843488774969283
1461,1,8.32500004768,10.278701195074184,1.9537011473941845
1462,1,8.5166665713,9.032692837275746,0.5160262659757464
1463,1,9.14444446564,8.944606866718743,0.1998375989212562
1464,1,6.52142865317,9.172154950438454,2.650726297268454
1465,1,5.44285719735,8.511327380168984,3.0684701828189835
1466,1,10.0500000318,9.58110462155587,0.46889541024413006
1467,1,7.96000013351,9.531240415027732,1.5712402815177313
1468,1,7.4833334287,8.336464805943372,0.853131377243372
1469,1,8.80000019073,10.077846774438164,1.2778465837081647
1470,4,6.18125006557,8.024108750956664,1.8428586853866644
1471,4,7.95000004768,8.458592228577567,0.5085921808975673
1472,4,5.7066666921,7.9498479854124895,2.2431812933124897
1473,4,11.1000003815,9.504153382569196,1.5958469989308028
1474,4,5.4375,8.587592559719905,3.150092559719905
1475,4,7.74999988079,9.827977761679477,2.0779778808894775
1476,4,9.0428571701,9.129930355856143,0.08707318575614309
1477,4,6.51538467407,9.951098026655835,3.435713352585835
1478,4,10.6000000636,9.67137230503836,0.9286277585616389
1479,4,11.7333332698,9.675183184451996,2.0581500853480037
1480,4,8.89999961853,8.718095675619555,0.18190394291044498
1481,1,12.0407407195,9.987814261738016,2.052926457761984
1482,1,5.77499991655,8.695630516759053,2.920630600209053
1483,1,10.6500000954,9.634357951425862,1.0156421439741372
1484,1,8.38124990463,9.493979043522673,1.1127291388926732
1485,1,8.42500007153,9.473472523362458,1.048472451832458
1486,1,11.0,10.708168356789677,0.2918316432103225
1487,1,7.90000009537,10.06860819428174,2.16860809891174
1488,1,8.01249992847,9.179786924462586,1.167286995992587
1489,1,11.3157893733,9.79482812207376,1.5209612512262396
1490,1,7.30000003179,10.544279167574631,3.2442791357846312
1491,1,6.56666676203,9.296755178814802,2.7300884167848025
1492,5,8.18181839856,9.008632277543672,0.8268138789836712
1493,5,8.60000038147,8.844510972766269,0.24451059129626884
1494,5,9.11666663488,9.501588442771226,0.3849218078912262
1495,5,8.71428585052,8.33268662621558,0.38159922430441995
1496,5,5.78888887829,8.030030197491655,2.241141319201655
1497,5,8.36999988556,8.749514129514562,0.3795142439545618
1498,5,7.65000009537,9.975355549187217,2.3253554538172168
1499,5,7.20454543287,9.151125625628147,1.9465801927581472
1500,5,9.0,8.473575153088197,0.5264248469118034
1501,5,8.23846142109,8.787071649698206,0.5486102286082062
1502,5,8.04999983311,8.626356053607289,0.5763562204972885
1503,4,7.20000002934,8.202030579750748,1.0020305504107476
1504,4,8.36666647593,9.388940382052906,1.0222739061229067
1505,4,8.48888895247,8.456005867330287,0.03288308513971394
1506,4,8.74166663488,9.369369579909709,0.6277029450297089
1507,4,10.7999999707,9.502468960664528,1.2975310100354722
1508,4,8.625,8.753879922753686,0.12887992275368632
1509,4,10.6500000954,8.367138114130988,2.2828619812690114
1510,4,9.05714287077,8.783404230886212,0.27373863988378844
1511,4,12.0749998093,9.095764936662126,2.979234872637873
1512,4,10.5,9.301837127496288,1.198162872503712
1513,5,10.8142856189,8.8059369792016,2.008348639698399
1514,5,8.70000012716,9.046013424138142,0.34601329697814265
1515,5,7.6,8.820795724408171,1.2207957244081715
1516,5,7.80000019073,8.858215708613479,1.058215517883479
1517,5,5.77692310627,8.827273543971359,3.0503504377013586
1518,5,6.91829268525,8.240435407728812,1.3221427224788123
1519,5,6.47777779897,7.901673450774917,1.4238956518049166
1520,5,10.4388888677,9.031240036420439,1.4076488312795608
1521,5,10.3714286259,9.44908677696614,0.9223418489338595
1522,5,9.24500002861,8.800786278568655,0.4442137500413459
1523,5,8.6714286123,8.981068764952788,0.3096401526527881
1524,5,8.2,8.834270303074732,0.6342703030747323
1525,3,9.08571415856,9.457770717115148,0.37205655855514763
1526,3,10.226315674,9.789861243941239,0.4364544300587614
1527,3,10.1000003815,8.412930829222365,1.6870695522776344
1528,3,8.79999987284,9.366619183067924,0.5666193102279227
1529,3,7.97500002384,9.051425424097634,1.0764254002576337
1530,3,8.67818181298,11.015309035979739,2.3371272229997384
1531,3,7.38888888889,8.08425290819475,0.6953640193047503
1532,3,6.25,8.167004192538652,1.917004192538652
1533,3,8.03333361944,8.637907289460308,0.6045736700203079
1534,3,7.02499997616,8.735599660491914,1.710599684331914
1535,3,9.8428572246,9.348696935404506,0.49416028919549326
1536,3,6.21428571429,8.971486509225045,2.757200794935045
1537,3,9.55999984741,9.682966336725269,0.1229664893152691
1538,3,7.84000005722,8.366133402681825,0.5261333454618251
1539,5,10.3666664759,8.510294248045923,1.8563722278540773
1540,5,10.4249999523,9.200450208333265,1.224549743966735
1541,5,11.0,9.495899803514797,1.5041001964852025
1542,5,8.21666661898,9.343823323995213,1.1271567050152136
1543,5,7.40000009537,9.593197984762707,2.1931978893927067
1544,5,8.69999999266,8.637425205135369,0.06257478752463186
1545,5,6.11250007153,8.612423607456433,2.499923535926433
1546,5,6.31428568704,8.603491031865065,2.2892053448250653
1547,5,8.66285715103,10.543024199312464,1.8801670482824644
1548,5,11.3666667938,9.029934065673258,2.3367327281267425
1549,5,8.52499997616,8.548169393443814,0.023169417283813942
1550,5,5.08571434021,8.142825942167988,3.0571116019579883
1551,5,9.95909088308,8.074003372354694,1.885087510725306
1552,5,7.35000002384,8.821119576606185,1.4711195527661847
1553,2,8.79999991826,8.994031474561966,0.194031556301967
1554,2,11.4374998808,9.491139837071579,1.946360043728422
1555,2,5.93333333333,9.072599259477634,3.139265926147634
1556,2,7.03999996185,9.34721423266398,2.3072142708139793
1557,2,8.38235299727,8.697849278818023,0.3154962815480218
1558,2,6.46800003052,8.733191884919881,2.2651918543998812
1559,2,8.59499998093,9.07871159288455,0.4837116119545506
1560,2,9.33999977112,10.068980093840146,0.7289803227201457
1561,2,7.01999988556,10.359990028121809,3.339990142561809
1562,2,8.82500004768,9.445798582524846,0.6207985348448464
1563,2,8.16000003815,8.900783478509322,0.740783440359321
1564,4,7.93999996185,9.062014233946108,1.1220142720961084
1565,4,5.38333328565,7.58841262716769,2.20507934151769
1566,4,7.30000001734,8.146959030876754,0.846959013536754
1567,4,10.7428571156,8.86512875087698,1.8777283647230192
1568,4,10.9666668574,9.114990374164849,1.8516764832351509
1569,4,9.45833333333,8.989265028514918,0.46906830481508166
1570,4,8.10000004768,8.304462925544321,0.20446287786432116
1571,4,10.4333333174,9.206982672327063,1.2263506450729373
1572,4,5.49473682203,7.649907489320596,2.155170667290596
1573,4,9.51304356948,9.279547193570657,0.23349637590934336
1574,4,6.4,8.02148071376294,1.6214807137629403
1575,4,8.17999997139,8.309276566704533,0.12927659531453273
1576,5,6.8749999702,8.396208782608737,1.5212088124087364
1577,5,9.1999999455,8.976208903260861,0.2237910422391387
1578,5,11.0818181471,9.186132788489406,1.895685358610594
1579,5,9.5,8.723775182306625,0.7762248176933753
1580,5,5.82903228268,8.4140715630362,2.5850392803562006
1581,5,9.60000038147,9.752048544003122,0.1520481625331218
1582,5,9.5,9.277189410369338,0.22281058963066158
1583,5,9.19999980927,8.636328199763703,0.5636716095062972
1584,5,8.28000011444,9.359422568503229,1.079422454063229
1585,5,11.3999998569,9.784449886004293,1.6155499708957066
1586,5,8.85714299338,8.627587599117504,0.22955539426249594
1587,5,11.4666665395,9.624463711058022,1.8422028284419785
1588,5,8.90000025431,9.103281309077968,0.20328105476796843
1589,5,10.6599998474,9.294744136802336,1.3652557105976637
1590,5,8.97499990463,8.262393075697114,0.712606828932886
1591,5,10.6250001192,9.964631573782501,0.6603685454174979
1592,5,6.89000005722,8.11470802094496,1.2247079637249598
1593,5,6.21666661898,7.938882109488102,1.722215490508102
1594,5,11.2000002861,9.60436112204082,1.5956391640591807
1595,5,11.0,9.826980684054243,1.1730193159457567
1596,5,5.34666670163,8.708563945832251,3.3618972442022512
1597,5,11.1000003815,8.827007925756135,2.2729924557438643
1598,5,8.49230788304,8.864509607984662,0.3722017249446612
1599,5,5.68695655076,8.34811328319854,2.66115673243854
1600,5,8.13333352407,8.999939856925575,0.8666063328555751
1601,5,5.60000004768,8.418468256702043,2.8184682090220434
1602,5,5.34499995708,8.260052486919108,2.915052529839108
1603,5,10.8666664759,9.935938264940784,0.9307282109592165
1604,5,7.96666669846,8.602065283462547,0.6353985850025472
1605,2,10.6166667144,9.922432901159386,0.694233813240615
1606,2,11.9249999523,9.151344684242908,2.7736552680570927
1607,2,10.8000001907,10.151530669547009,0.6484695211529914
1608,2,11.1000000636,8.991166431396849,2.108833632203151
1609,2,7.19230765563,8.651076360688112,1.4587687050581124
1610,2,6.75789472178,8.51139015425085,1.7534954324708512
1611,2,5.73999996185,9.322198932722213,3.582198970872213
1612,2,10.0499999523,9.928511066523356,0.1214888857766443
1613,2,11.7999999523,9.036561485921254,2.763438466378746
1614,2,7.90000009537,9.642866887560817,1.7428667921908172
1615,2,6.57500004768,8.690113277961334,2.1151132302813345
1616,2,10.875,9.508100049519653,1.366899950480347
1617,2,9.98333326976,9.005687814774406,0.9776454549855931
1618,1,8.75000011921,9.521807696645592,0.7718075774355917
1619,1,9.02500021458,9.877548320811883,0.8525481062318825
1620,1,9.15000009537,10.19499138766619,1.0449912922961904
1621,1,11.0500000318,10.343597580520214,0.7064024512797857
1622,1,6.77000002861,9.175359470255781,2.405359441645781
1623,1,8.53749990463,9.445093929935886,0.9075940253058867
1624,1,6.09999996821,8.911921546539032,2.8119215783290326
1625,1,7.34999990463,9.215317339721786,1.8653174350917858
1626,1,7.05999999046,9.38932743803479,2.3293274475747907
1627,1,9.1,9.508812611575806,0.4088126115758062
1628,1,11.4749999642,9.4062724729114,2.0687274912886
1629,1,10.7363635843,10.081256443764786,0.6551071405352129
1630,1,11.5499997139,10.074108052323126,1.475891661576874
1631,1,11.7499998808,9.846021740000559,1.9039781407994418
1632,5,6.56842111286,9.084874630510642,2.5164535176506417
1633,5,11.5,10.086320334847885,1.4136796651521149
1634,5,7.32200000763,8.44569473891926,1.1236947312892598
1635,5,11.8545455066,9.4826060343456,2.3719394722543985
1636,5,5.30416665475,7.967302059590266,2.663135404840266
1637,5,11.0166665713,10.209493854231944,0.807172717068056
1638,5,10.8599999428,10.197979050036864,0.6620208927631364
1639,5,7.83333337307,8.76079731207976,0.9274639390097592
1640,5,6.63636367971,8.914071333518695,2.2777076538086956
1641,5,6.86666671435,8.678452081035802,1.8117853666858021
1642,5,5.88333336512,7.717832243016725,1.834498877896725
1643,1,9.73333326976,10.393054518466545,0.6597212487065462
1644,1,9.66470600577,9.584339721558242,0.08036628421175784
1645,1,10.7388888995,9.838269607017578,0.9006192924824212
1646,1,9.69999980927,9.990478210743767,0.29047840147376647
1647,1,9.66666666667,11.26023648156048,1.593569814890479
1648,1,11.3333333333,9.95234573743321,1.3809875958667899
1649,1,10.8749998808,10.156663372760061,0.7183365080399398
1650,1,7.33636370572,8.307489364635305,0.9711256589153052
1651,1,8.76666673024,9.520252277909346,0.7535855476693456
1652,1,10.6500000954,9.451783877378105,1.1982162180218943
1653,2,7.05714287077,9.061361284307978,2.004218413537978
1654,2,5.81333332062,8.798830470509543,2.985497149889543
1655,2,6.85961535344,9.066288491120263,2.206673137680263
1656,2,11.5428573063,9.79311971536861,1.7497375909313906
1657,2,11.5999999046,9.217228709787998,2.382771194812003
1658,2,5.70000004768,8.912281690658364,3.2122816429783647
1659,2,11.0499997139,9.752694410603752,1.2973053032962483
1660,2,9.66666666667,9.587712100410243,0.07895456625975683
1661,2,10.0,10.085795669836404,0.08579566983640419
1662,2,10.5,10.280421445692873,0.2195785543071267
1663,2,7.40476195774,10.121879331542338,2.7171173738023384
1664,2,11.5499997139,9.645222217521058,1.9047774963789426
1665,2,9.19999980927,9.984743951534533,0.7847441422645325
1666,2,5.58000001907,8.869970589904723,3.289970570834723
1667,2,10.1500000954,9.852545184643525,0.2974549107564748
1668,2,7.21000003815,8.528709505805296,1.318709467655296
1669,2,10.6500000954,10.074814532753145,0.5751855626468547
1670,2,7.5,10.183531892818367,2.683531892818367
1671,2,11.5,9.249221262502001,2.250778737497999
1672,2,10.1999998093,9.601421451045276,0.5985783582547235
1673,2,9.86000003815,9.711114478649154,0.1488855595008456
1674,2,10.0,9.935297582616247,0.06470241738375293
1675,2,10.7600000381,9.608171035227674,1.1518290028723257
1676,2,9.19999980927,9.444110418604971,0.24411060933497097
1677,2,10.2000000477,9.782031593127043,0.41796845457295717
1678,2,7.94444447094,9.39239586768337,1.4479513967433695
1679,4,5.27499994636,8.007074807728213,2.732074861368212
1680,4,10.3000000715,9.017124849580595,1.2828752219194044
1681,4,6.41414141896,8.162692756570763,1.7485513376107633
1682,4,5.95000004768,7.736033874742994,1.7860338270629947
1683,4,5.8333332936,7.839344434918324,2.006011141318324
1684,4,12.1000001907,9.139352751066294,2.9606474396337052
1685,4,10.9399999619,9.552320716740045,1.3876792451599549
1686,4,11.3000001907,8.940686428051063,2.359313762648938
1687,4,8.60000038147,8.546506027739216,0.05349435373078393
1688,4,5.91333332062,7.9028027987885485,1.989469478168549
1689,4,10.9800001144,9.75439139570905,1.2256087186909497
1690,4,7.29999997399,9.113351577547526,1.8133516035575257
1691,4,7.78888887829,8.74042508461001,0.9515362063200099
1692,4,6.44545455412,8.193045367816847,1.7475908136968465
1693,1,7.5769231136,10.197753999927802,2.620830886327801
1694,1,5.5,8.968369804781734,3.4683698047817337
1695,1,11.5500001907,10.321830812689182,1.2281693780108185
1696,1,8.17500030994,8.85111927989188,0.6761189699518795
1697,1,11.2285712106,9.93267744454442,1.2958937660555794
1698,1,7.28000001907,9.606022759322205,2.3260227402522045
1699,1,10.2666664124,9.832198110845212,0.4344683015547872
1700,1,11.0,10.488894667012037,0.5111053329879631
1701,1,9.10000038147,9.329461058200298,0.22946067673029802
1702,1,10.5,9.857323049781137,0.6426769502188634
1703,1,6.9529411933,8.489553370329485,1.5366121770294852
1704,1,10.7777777778,10.607012857083378,0.17076492071662308
1705,2,9.37200004578,9.129913723665425,0.24208632211457548
1706,2,10.1285713741,9.50182433581719,0.6267470382828098
1707,2,7.94999980927,10.04989686195055,2.09989705268055
1708,2,8.2999997139,9.2142395885312,0.9142398746311997
1709,2,6.89999997616,9.347617065590956,2.447617089430956
1710,2,7.32666667302,8.273865660373184,0.9471989873531843
1711,2,6.71249997616,9.746176329437429,3.0336763532774285
1712,2,5.79999998638,9.464432398686338,3.664432412306338
1713,2,6.78333330154,9.823870409843028,3.0405371083030284
1714,2,10.6600000381,9.587197170346261,1.0728028677537385
1715,2,8.14285721098,9.080579891886952,0.9377226809069512
1716,3,11.5333334605,9.905907288662648,1.6274261718373513
1717,3,11.5750000477,9.707536488179699,1.867463559520301
1718,3,11.3000001907,9.440345393426028,1.859654797273972
1719,3,9.10000009537,10.185281211218136,1.0852811158481366
1720,3,10.1666666667,9.506109703004256,0.6605569636957433
1721,3,9.0499997139,9.31722214907355,0.26722243517354904
1722,3,7.27142851693,8.43255915268331,1.1611306357533104
1723,3,8.09354835941,9.566381931005948,1.472833571595947
1724,3,9.96666653951,9.457289266500394,0.5093772730096049
1725,3,6.40400001526,8.813300128064274,2.4093001128042735
1726,3,9.14000015259,8.755663404846501,0.38433674774349846
1727,3,6.07857141041,8.50786254623513,2.429291135825129
1728,4,8.55000019073,9.545239534792515,0.9952393440625151
1729,4,10.6000003815,9.14122303487855,1.4587773466214493
1730,4,9.83333333333,8.596684221190362,1.236649112139638
1731,4,9.68500003815,8.981347765234712,0.7036522729152868
1732,4,9.0904761269,8.799550096845103,0.2909260300548979
1733,4,11.1999998093,9.82562247992122,1.3743773293787793
1734,4,8.39999961853,8.745343373911808,0.3453437553818084
1735,4,9.47499990463,8.722045539375173,0.7529543652548263
1736,4,9.82222239176,8.602472559772067,1.219749831987933
1737,4,8.4500002861,8.772128948796366,0.3221286626963664
1738,4,11.2999997139,8.727539756332732,2.5724599575672684
1739,3,9.83333333333,9.698495633296092,0.13483770003390738
1740,3,8.35000014305,9.516624507758548,1.1666243647085484
1741,3,11.2285713468,9.96549346992422,1.26307787687578
1742,3,11.75,9.596785544057242,2.1532144559427575
1743,3,8.98749995232,10.450910912643533,1.4634109603235324
1744,3,10.8000001907,9.725138284215173,1.074861906484827
1745,3,9.44285692487,9.50954226431299,0.06668533944299071
1746,3,8.4,10.092557756222224,1.6925577562222234
1747,3,8.90000009537,9.631885693266561,0.7318855978965608
1748,3,8.75,10.213884727274188,1.4638847272741877
1749,3,10.6818181818,9.773362731219358,0.908455450580643
1750,3,9.18333323797,10.929864041587518,1.7465308036175173
1751,3,11.25,9.768499196752167,1.4815008032478332
1752,3,8.68333339691,10.027885093517929,1.3445516966079296
1753,3,10.3000001907,9.352377304067481,0.9476228866325194
1754,3,11.1000003815,9.592843506138674,1.507156875361325
1755,3,9.32307690841,9.6941037821822,0.3710268737722
1756,3,10.0714287077,9.305017596037608,0.7664111116623928
1757,3,11.600000109,10.000855551714878,1.599144557285122
1758,3,8.98000011444,9.968271664864565,0.9882715504245656
1759,3,11.1727273247,8.897634996207323,2.2750923284926774
1760,3,8.97499990463,10.268068639660303,1.2930687350303032
1761,3,11.3192308132,9.70961302770953,1.609617785490471
1762,3,11.1999998093,10.260034170427872,0.9399656388721276
1763,2,10.5428571701,9.514601639636574,1.0282555304634258
1764,2,12.5500000318,9.943963548068712,2.6060364837312875
1765,2,8.38333320618,10.935819626919413,2.552486420739413
1766,2,8.66249990463,10.143243784367028,1.4807438797370285
1767,2,11.1000000636,10.467745459986308,0.632254603613692
1768,2,9.18571431296,10.410759803106599,1.2250454901465986
1769,2,9.25000023842,9.871807781316171,0.6218075428961711
1770,2,11.8428572246,9.61464559313762,2.228211631462379
1771,2,9.95833317439,10.191580430238552,0.23324725584855166
1772,2,9.16000003815,9.89058486271,0.7305848245599993
1773,2,11.25,9.972778605380544,1.2772213946194562
1774,2,11.6666666667,9.124606213735593,2.5420604529644066
1775,2,10.5999999046,10.277509090795439,0.3224908138045617
1776,5,11.4500001272,10.122009882962898,1.3279902442371014
1777,5,10.8619046892,10.153829164870261,0.7080755243297379
1778,5,8.70000008174,11.111461051673949,2.411460969933948
1779,5,10.9799999237,10.115757783121705,0.8642421405782947
1780,5,10.0333331426,8.961159101526565,1.0721740410734348
1781,5,10.1399999619,9.350144186606698,0.7898557752933009
1782,5,9.0,9.316919978011473,0.3169199780114731
1783,5,10.3999996185,10.670180013507704,0.27018039500770286
1784,5,8.15000009537,10.194555213440983,2.044555118070983
1785,5,11.7199998856,10.882857023223837,0.8371428623761634
1786,5,10.8999996185,11.919693634979058,1.0196940164790576
1787,5,8.80000019073,9.134135147464395,0.3341349567343954
1788,5,11.3999996185,9.589736683372706,1.8102629351272945
1789,5,11.5333334605,10.06895259462755,1.4643808658724495
1790,5,12.2000001272,11.441392822614551,0.758607304585448
1791,5,10.6399999142,9.91976399964589,0.7202359145541113
1792,5,8.69999980927,10.29797002394481,1.5979702146748096
1793,5,12.1999998093,9.85043282615312,2.349566983146879
1794,5,10.3999996185,10.286552011642298,0.11344760685770261
1795,1,11.8599998474,10.729156165947812,1.1308436814521876
1796,1,10.5,10.5318890116427,0.03188901164270064
1797,1,12.0500000715,10.535336815493071,1.5146632560069282
1798,1,10.0,10.973052397431982,0.9730523974319816
1799,1,10.8428572246,10.062526916548794,0.7803303080512052
1800,1,11.0333334605,10.218438332981084,0.8148951275189162
1801,1,10.3250000477,10.119540176074736,0.2054598716252638
1802,1,7.36666679382,10.173765865608935,2.807099071788935
1803,1,9.30000006358,10.267451246114792,0.9674511825347913
1804,1,9.64000005722,10.789014728635367,1.149014671415367
1805,1,10.6896551724,9.476193260742885,1.2134619116571148
1806,1,10.685714313,10.043621750698556,0.6420925623014444
1807,1,8.69999980927,10.643885934548358,1.9438861252783575
1808,1,12.0500001907,10.470583223395717,1.579416967304283
1809,1,11.1285713741,9.974576568651877,1.1539948054481233
1810,5,8.78333330154,9.496396682729802,0.7130633811898015
1811,5,11.4750000636,9.82632253485356,1.6486775287464397
1812,5,9.0499997139,9.410099114151484,0.36009940025148346
1813,5,10.1500000954,11.478247346580961,1.3282472511809615
1814,5,11.5249998569,10.631661219648619,0.8933386372513805
1815,5,10.4214285442,9.98643615014659,0.4349923940534097
1816,5,11.4799999237,10.057885228691273,1.4221146950087267
1817,5,9.47142873492,9.47867344683381,0.007244711913809709
1818,5,12.0166665713,9.815057488860123,2.2016090824398766
1819,5,9.99999986376,9.109315449213252,0.8906844145467474
1820,5,9.73999977112,9.192577618049478,0.5474221530705226
1821,5,9.65333328247,9.782804034679202,0.1294707522092029
1822,2,9.01428563254,9.719541938888218,0.7052563063482182
1823,2,9.28571455819,10.30621427937976,1.0204997211897613
1824,2,9.0499997139,9.714150230653813,0.6641505167538124
1825,2,8.5,11.219620139057099,2.719620139057099
1826,2,8.91428565979,9.572256382454318,0.6579707226643183
1827,2,8.96249997616,10.152375224408171,1.1898752482481711
1828,2,9.88333320618,10.349826169765265,0.4664929635852655
1829,2,12.0166667302,9.947432205300451,2.0692345248995494
1830,2,10.1000003815,9.73088889676167,0.36911148473832966
1831,2,10.2750000954,9.944692215041503,0.3303078803584967
1832,2,10.0600000381,10.14248084443847,0.0824808063384701
1833,2,11.0999999046,8.677102635757732,2.4228972688422683
1834,3,10.816666762,9.53551197724504,1.2811547847549605
1835,3,8.53333324856,10.06051658235487,1.52718333379487
1836,3,11.3999996185,10.02822136847834,1.371778250021661
1837,3,8.72000007629,9.837523277786183,1.1175232014961818
1838,3,10.5249998569,9.433153889071281,1.0918459678287178
1839,3,10.7399999619,9.527849558658197,1.2121504032418038
1840,3,8.5,10.025263952385403,1.5252639523854032
1841,3,10.2125000954,9.931975334158784,0.2805247612412156
1842,3,11.8285714558,9.776347084072757,2.0522243717272435
1843,3,10.2304347494,9.856509398979856,0.3739253504201443
1844,3,11.1000000636,9.57147585788534,1.5285242057146604
1845,3,10.5,9.740826056084552,0.7591739439154477
1846,1,12.0,9.914043365646911,2.0859566343530886
1847,1,8.2000002861,10.277554430562656,2.077554144462656
1848,1,11.9666665395,10.369444248784527,1.5972222907154734
1849,1,10.5111110475,10.177856392890494,0.3332546546095063
1850,1,11.0833333333,10.062147486642818,1.0211858466571826
1851,1,9.67999973297,9.928588023372031,0.24858829040203112
1852,1,10.1499996185,11.343716608964758,1.1937169904647575
1853,1,10.1999998093,11.627939518075344,1.4279397087753445
1854,1,10.5,10.013489409791852,0.48651059020814813
1855,2,9.55000019073,9.769338497413276,0.21933830668327658
1856,2,10.5,10.388996489288544,0.11100351071145553
1857,2,9.84999990463,10.29983064335849,0.44983073872849033
1858,2,9.83333333333,9.766935936739824,0.06639739659017607
1859,2,9.35789479707,9.528237965709877,0.17034316863987797
1860,2,11.1200000763,9.397727075513625,1.722273000786375
1861,2,10.8461539195,9.875646831184326,0.9705070883156743
1862,2,9.80000019073,9.996426227328426,0.19642603659842628
1863,2,10.4099999428,9.43555777145389,0.9744421713461104
1864,2,8.45000004768,9.691019796585365,1.2410197489053658
1865,2,10.0499999523,9.8176226319557,0.23237732034430003
1866,2,12.2000002861,10.067670464367556,2.1323298217324442
1867,5,10.1857141767,9.47384887854156,0.7118652981584397
1868,5,9.0,10.651052035012121,1.6510520350121212
1869,5,8.69999980927,10.466359905573897,1.766360096303897
1870,5,8.67999992371,9.10469337326095,0.4246934495509507
1871,5,9.75714274815,9.756035095701622,0.0011076524483790706
1872,5,11.1499999762,9.952785681808823,1.197214294391177
1873,5,10.1500000954,9.429003267052146,0.7209968283478538
1874,5,11.3346153773,10.144317418416358,1.190297958883642
1875,5,9.33999977112,9.382861573728384,0.04286180260838357
1876,5,10.8000001907,10.51456064762106,0.28543954307894026
1877,5,12.3000001907,9.698761394464125,2.601238796235876
1878,5,9.92857142857,9.769940664751884,0.1586307638181168
1879,5,8.74545435472,10.005229849375112,1.2597754946551127
1880,5,9.36666679382,10.009105019453441,0.6424382256334411
1881,5,11.9971429007,10.028557107429146,1.9685857932708544
1882,5,11.0857143402,9.998734473713556,1.086979866486443
1883,5,8.88750016689,10.116475551668348,1.228975384778348
1884,5,11.2333332698,11.133981133912107,0.0993521358878926
1885,5,10.0500001907,9.760350771152943,0.28964941954705736
1886,5,9.93333339691,9.192445057521823,0.7408883393881762
1887,5,10.6999998093,10.384387521946486,0.3156122873535132
1888,5,10.8874999285,10.09806680038084,0.7894331281191604
1889,5,10.7333332698,9.673643967880428,1.0596893019195708
1890,5,11.7882352717,11.39151723929239,0.39671803240760894
1891,4,10.2461538315,8.545172206073158,1.7009816254268415
1892,4,9.26250004768,8.624473622119197,0.6380264255608026
1893,4,11.4882353614,8.73766590309193,2.7505694583080693
1894,4,8.29999987284,8.480733315405601,0.1807334425656002
1895,4,9.93030311122,9.291520684436964,0.6387824267830364
1896,4,11.6999998093,9.009712588543296,2.6902872207567032
1897,4,10.9333333969,10.06929023818071,0.8640431587192907
1898,4,9.98571436746,8.777570732995676,1.2081436344643244
1899,4,10.5,9.105110099454986,1.3948899005450137
1900,4,11.4500000477,10.72328021733033,0.7267198303696691
1901,4,8.39999961853,8.508242611232571,0.10824299270257143
1902,4,11.0,9.344484590735298,1.6555154092647015
1903,4,11.1000003815,9.683029880182652,1.4169705013173477
1904,4,11.0199998856,9.232897592151406,1.7871022934485943
1905,4,12.5999999046,9.640090735728531,2.9599091688714694
1906,5,8.67499995232,10.39606017947067,1.7210602271506694
1907,5,10.8181819049,10.224993728167147,0.593188176732852
1908,5,11.0673912504,15.592407813014386,4.525016562614386
1909,4,9.08888891008,8.519878853458227,0.5690100566217726
1910,4,8.7000002861,8.392682076517588,0.3073182095824123
1911,4,8.29999995232,8.200707710234266,0.09929224208573473
1912,4,8.28000001907,8.282273781240615,0.0022737621706152567
1913,4,6.89999993642,7.3974403664233925,0.4974404300033921
1914,4,8.80000019073,8.454021121819217,0.34597906891078267
1915,4,5.95000004768,7.240761286068404,1.290761238388404
1916,4,8.75,8.235899109533621,0.5141008904663789
1917,4,6.84285712242,7.150921217362849,0.30806409494284903
1918,4,7.09999990463,8.403797014902427,1.303797110272427
1919,4,8.45555559794,8.167790751650681,0.28776484628931875
1920,4,8.5428571701,8.274953122063721,0.26790404803627865
1921,2,7.97500002384,9.06497612630102,1.0899761024610193
1922,2,9.30000019073,9.15258261570347,0.1474175750265303
1923,2,10.4500002861,8.223153129285333,2.2268471568146673
1924,2,7.33750003576,9.328228044689176,1.9907280089291763
1925,2,5.80000019073,8.719109693567578,2.9191095028375784
1926,2,7.51666665077,8.28984309673579,0.7731764459657899
1927,2,7.92857159887,8.888565969414872,0.9599943705448721
1928,2,6.38000001907,8.41674869233038,2.03674867326038
1929,2,9.84999990463,8.310068456099764,1.5399314485302362
1930,2,10.8999996185,9.706039721276166,1.1939598972238343
1931,2,8.19999985695,8.443084109101466,0.24308425215146556
1932,1,11.1500000954,10.70008072618072,0.44991936921927866
1933,1,8.49047619956,9.2357677019389,0.7452915023789011
1934,1,6.33333333333,7.39577174689112,1.0624384135611207
1935,1,7.85000014305,8.881288115297524,1.031287972247524
1936,1,9.44999980927,8.772054073593129,0.6779457356768717
1937,1,5.86666663488,7.5230840230019735,1.656417388121974
1938,1,6.80000019073,8.576265990532221,1.7762657998022213
1939,1,11.5249998569,9.89323466368615,1.63176519321385
1940,1,6.20000004768,7.745643115723443,1.545643068043443
1941,1,11.3000001907,8.779488836722946,2.5205113539770547
1942,1,8.26666673024,8.386497205178465,0.119830474938464
1943,1,7.0,8.798898802290193,1.7988988022901928
1944,1,8.39999961853,8.170877502328729,0.2291221162012711
1945,4,11.4199998856,9.386377126414601,2.0336227591853984
1946,4,6.66000003815,7.979728554771621,1.3197285166216215
1947,4,7.85000014305,7.900438473728552,0.05043833067855186
1948,4,7.5,7.3348956635143265,0.16510433648567346
1949,4,8.56000003815,8.000299775688248,0.5597002624617513
1950,4,6.71999999682,7.257181050264458,0.5371810534444572
1951,4,8.59999990463,9.174564462580015,0.5745645579500156
1952,4,7.19999980927,5.044282156419989,2.1557176528500115
1953,4,7.44999980927,7.50716344621941,0.057163636949409735
1954,4,7.63333336512,7.900597889740578,0.26726452462057804
1955,4,8.1999999455,7.555165973960309,0.6448339715396907
1956,4,7.84000000954,7.766330119470075,0.07366989006992508
1957,4,7.96000003815,7.656983021014692,0.30301701713530793
1958,4,9.91428565979,8.509409796702371,1.4048758630876286
1959,4,7.29999983311,7.999632444528959,0.6996326114189584
1960,4,8.16666678588,8.153990117364398,0.012676668515602785
1961,1,8.17142854418,8.628220463328356,0.4567919191483565
1962,1,7.36666663488,7.902546954400333,0.5358803195203334
1963,1,7.86250007153,8.106226076698203,0.24372600516820242
1964,1,8.10000006358,8.428875329021086,0.32887526544108603
1965,1,7.48000001907,8.001500695880479,0.5215006768104784
1966,1,7.55999994278,7.769088222335946,0.2090882795559459
1967,1,6.79999995232,7.800677924333542,1.0006779720135413
1968,1,6.73999996185,7.467984214256586,0.7279842524065865
1969,1,8.67499995232,8.470098739307796,0.20490121301220476
1970,1,7.58333341281,7.849728435397471,0.2663950225874707
1971,1,7.97500014305,8.682075197709292,0.7070750546592919
1972,1,8.00000011921,8.712864007180887,0.7128638879708866
1973,1,9.25,8.532155817152773,0.7178441828472266
1974,1,6.75000002384,8.475010519196145,1.7250104953561447
1975,1,8.00000015895,8.136264968806817,0.13626480985681688
1976,5,6.125,9.875139369841273,3.750139369841273
1977,5,7.31666668256,9.683568557167014,2.366901874607014
1978,5,7.10000014305,10.148706190519256,3.048706047469256
1979,5,9.25,9.377251601822682,0.1272516018226817
1980,5,6.06666660309,8.488310302799384,2.421643699709384
1981,5,8.29999987284,9.23292718947259,0.9329273166325898
1982,5,7.77500009537,9.323935953352223,1.5489358579822223
1983,5,5.79999995232,9.674318522291836,3.8743185699718357
1984,5,6.30000019073,10.610648751050224,4.3106485603202245
1985,5,11.3999996185,12.123225117811398,0.7232254993113969
1986,5,11.3285714558,11.091390547838134,0.23718090796186608
1987,5,12.1692307546,11.627700911538849,0.5415298430611504
1988,5,9.68124997616,11.115870614484983,1.4346206383249829
1989,5,11.3200000763,11.256963178633594,0.06303689766640552
1990,5,11.6999998093,11.628991520905299,0.07100828839470097
1991,5,11.7000000817,11.259956103839214,0.4400439778607872
1992,5,11.1999998093,11.235114728162783,0.035114918862783284
1993,5,10.9000001907,11.86622760336175,0.96622741266175
1994,5,8.91818178784,11.509764265357102,2.591582477517102
1995,5,7.50833340486,10.48919022295442,2.98085681809442
1996,5,11.4300000191,11.479527505472674,0.0495274863726749
1997,5,11.5333334605,11.877351174363394,0.3440177138633942
1998,4,11.2599999428,12.720583099313561,1.460583156513561
1999,4,11.3999996185,11.835572983151778,0.435573364651777
2000,4,12.0300000191,11.500055892162958,0.5299441269370408
2001,4,11.5,12.860177266853016,1.3601772668530163
2002,4,11.4833332698,11.52563457713666,0.042301307336661154
2003,4,11.7565216811,11.439192293957046,0.317329387142955
2004,4,12.7249997854,13.032532061522605,0.3075322761226058
2005,4,11.4499998093,11.885193197947713,0.43519338864771306
2006,2,12.0599999905,12.17646641101177,0.11646642051177025
2007,2,12.5454544588,12.343260138271688,0.20219432052831188
2008,2,13.8240000153,12.984315580202395,0.8396844350976043
2009,2,11.5,12.181011792421083,0.6810117924210832
2010,2,11.6000003815,12.014215174596503,0.41421479309650344
2011,1,12.8000000636,12.519172441602876,0.2808276219971244
2012,1,9.78333338102,11.69546983368174,1.9121364526617395
2013,1,11.4199998856,11.660104344661507,0.24010445906150757
2014,1,12.6666666667,12.380599316506602,0.286067350193397
2015,1,12.8923077217,11.654561648649265,1.2377460730507348
2016,1,11.3999996185,11.864401335957533,0.4644017174575321
2017,1,12.0692308132,11.78544142327156,0.28378938992844027
2018,1,11.3333333333,14.395440250655865,3.062106917355864
2019,1,13.7272727273,11.995650710143341,1.7316220171566599
2020,1,12.1333333121,11.670848207824324,0.46248510427567524
2021,1,11.8000001907,12.124042658025992,0.3240424673259916
2022,1,7.09999990463,9.26272524521858,2.1627253405885796
2023,2,9.06666670905,10.575208706200804,1.5085419971508038
2024,2,11.9000000954,11.92459220797885,0.0245921125788513
2025,2,11.1666666667,11.642669408715012,0.47600274201501236
2026,2,13.6499999364,12.146706961136568,1.5032929752634328
2027,2,11.9736841101,11.84676516192058,0.12691894817942106
2028,2,12.3264706135,12.98786504654786,0.6613944330478603
2029,2,11.0285713332,11.943410689884525,0.9148393566845243
2030,2,11.3499999046,12.192503622383382,0.8425037177833818
2031,2,11.3000001907,11.60971839480331,0.30971820410330864
2032,2,10.0750000477,11.859986729456613,1.7849866817566138
2033,2,10.4714285987,11.858285378496696,1.3868567797966964
2034,2,10.9428571065,11.711967890938087,0.7691107844380873
2035,2,11.6000003815,12.03796020084446,0.43795981934446004
2036,2,7.65714297976,11.186804459124208,3.529661479364208
2037,2,10.8999996185,11.381940287507643,0.481940669007642
2038,2,10.8399999619,12.678514839883913,1.838514877983913
2039,2,13.0333334605,11.95992513307096,1.0734083274290391
2040,2,10.9064515637,12.288336235499342,1.3818846717993427
2041,2,11.4499998093,11.931683284942494,0.4816834756424946
2042,2,9.60169491525,11.630436161482796,2.028741246232796
2043,2,10.5,11.625409684973434,1.1254096849734339
2044,2,11.0666666031,11.684372672701828,0.6177060696018284
2045,2,13.8833333121,11.7140720981533,2.169261213946699
2046,2,10.9500000477,12.21886994004294,1.2688698923429396
2047,2,10.9000000954,12.209644780417927,1.3096446850179273
2048,2,9.75999984741,11.770237926008008,2.0102380785980074
2049,2,11.9749999046,11.944374229308707,0.030625675291293675
2050,2,11.3624999523,11.79565870177919,0.4331587494791904
2051,2,11.2937499881,11.917894481739646,0.6241444936396459
2052,2,10.3826923187,11.958525234901026,1.5758329162010263
2053,2,10.9499998093,11.749240844515917,0.7992410352159176
2054,2,11.2702702703,11.98237016493778,0.712099894637781
2055,2,11.0333334605,11.778279462480114,0.7449460019801144
2056,2,11.6000000636,11.828656931021511,0.22865686742151148
2057,2,7.36666663488,10.47753838805035,3.1108717531703505
2058,2,10.8499999046,12.023457851088072,1.173457946488071
2059,5,12.2800001144,11.78757353866848,0.4924265757315194
2060,4,7.18333323797,9.632702630431677,2.4493693924616764
2061,5,12.2592591886,12.968344655109185,0.709085466509185
2062,5,10.8666667938,11.33541293100092,0.4687461372009203
2063,5,11.9307692601,11.586644589215533,0.34412467088446697
2064,5,10.5,11.814656967994067,1.3146569679940665
2065,5,11.5625000596,11.85900127355281,0.29650121395281026
2066,5,12.0,11.817872365465622,0.1821276345343783
2067,5,11.3500001431,12.2398426345243,0.8898424914242984
2068,5,7.75161290938,9.927757882840504,2.176144973460504
2069,4,8.90408167547,10.863699370595493,1.9596176951254929
2070,4,10.5428573063,11.136419264851021,0.593561958551021
2071,4,10.9166665077,11.309310574734834,0.39264406703483345
2072,4,11.1999998093,11.729287835593174,0.529288026293175
2073,4,11.1000000636,11.263487257183275,0.16348719358327557
2074,4,10.591666619,11.80041529612365,1.2087486771236495
2075,4,11.3428570884,13.95141308354108,2.6085559951410797
2076,4,11.5,11.569929614014224,0.06992961401422448
2077,4,11.4038461538,11.77224478310454,0.36839862930454004
2078,3,12.4842105665,11.503213358174978,0.9809972083250216
2079,3,13.8285715921,10.960388339865728,2.868183252234271
2080,3,11.6000003815,11.16853808378332,0.43146229771667954
2081,3,11.2999997139,10.82825601008929,0.4717437038107093
2082,3,7.33636361902,9.782363673094814,2.4460000540748137
2083,3,10.875,11.132280347305347,0.2572803473053469
2084,3,11.0,10.987879974088067,0.012120025911933396
2085,3,11.2749998569,12.061051942839411,0.7860520859394118
2086,3,10.5600000381,11.012954214857356,0.4529541767573555
2087,3,7.36923074722,9.675946766834869,2.3067160196148695
2088,3,13.4285711561,11.193897541950353,2.2346736141496475
2089,3,11.2299999237,11.23102100110356,0.0010210774035606107
2090,2,11.3400001526,12.67566904890083,1.3356688963008292
2091,2,10.8918918919,11.82004661880185,0.92815472690185
2092,2,11.0666666031,12.18116570995911,1.1144991068591104
2093,2,12.0000001362,12.268290579775869,0.26829044357586795
2094,2,11.8999998569,11.772211411168552,0.1277884457314471
2095,2,11.0846154873,12.476782987508093,1.3921675002080924
2096,2,10.6000003815,11.908581138940727,1.308580757440728
2097,2,10.8999996185,12.10467464016324,1.20467502166324
2098,2,11.4235294566,11.635904836542192,0.21237537994219124
2099,2,11.1000000238,11.845842728517823,0.7458427047178233
2100,5,12.0421053234,12.063582026589419,0.02147670318941941
2101,5,11.25,12.178962701318778,0.9289627013187776
2102,5,11.5275862464,11.578209472517036,0.05062322611703607
2103,5,11.3000001907,11.763770388899703,0.4637701981997022
2104,5,12.9900001049,12.034096703432844,0.9559034014671557
2105,5,11.5083333651,11.902652587421898,0.3943192223218972
2106,5,11.0,11.66276640562906,0.6627664056290605
2107,5,10.4470587338,12.425469199816643,1.9784104660166424
2108,5,12.6380952805,12.416644406452203,0.22145087404779673
2109,1,12.2,11.912563862782589,0.28743613721741035
2110,1,10.6999998093,11.969584388936614,1.2695845796366143
2111,1,11.5333331426,11.747516650035172,0.21418350743517145
2112,1,12.8702702909,12.057398091429198,0.812872199470803
2113,1,10.9250001907,10.991564298115613,0.06656410741561203
2114,1,11.2000001272,11.347327219923846,0.14732709272384703
2115,1,11.0562500656,11.699067084068746,0.6428170184687456
2116,1,11.0500001907,11.342102385762475,0.2921021950624745
2117,1,7.07499998808,9.449410950221068,2.3744109621410683
2118,1,10.8374998569,11.994315000595002,1.1568151436950025
2119,1,11.1999998093,11.046361241347624,0.15363856795237574
2120,1,12.4555555979,11.751230512105819,0.7043250857941814
2121,4,13.1333332062,12.335510066636994,0.7978231395630058
2122,4,10.2083332539,10.984500951562751,0.7761676976627516
2123,4,10.0119998932,11.849915703961988,1.837915810761988
2124,4,13.4506493482,12.615168355405693,0.8354809927943077
2125,4,11.7999998728,11.54068183808964,0.2593180347103612
2126,4,8.07083340486,10.92547681590851,2.85464341104851
2127,4,12.8230770184,12.465065774243143,0.3580112441568559
2128,4,12.188235339,11.986839780345067,0.20139555865493364
2129,4,10.7666665713,11.245290579148353,0.478624007848353
2130,4,11.5625000397,11.665223506070227,0.102723466370227
2131,4,11.6999998093,11.266217910632797,0.4337818986672026
2132,4,11.7857141495,11.703227390615066,0.08248675888493473
2133,3,12.4642856462,11.082731061548344,1.3815545846516564
2134,3,12.7263159501,11.28562733432696,1.4406886157730394
2135,3,10.9125001431,10.757772395169015,0.15472774793098587
2136,3,11.4999996821,11.984344591759863,0.4843449096598622
2137,3,11.3499999046,11.278240595623751,0.07175930897624916
2138,3,9.86913578599,11.252455561832262,1.3833197758422617
2139,3,11.25,11.052503163478175,0.19749683652182526
2140,3,10.9249999523,10.858296598616413,0.06670335368358771
2141,3,13.1419354562,11.386258548460702,1.7556769077392982
2142,3,11.1333332062,11.519203419535167,0.385870213335167
2143,3,10.4999997616,10.973638131738609,0.4736383701386089
2144,3,8.23157895239,10.319259889139113,2.0876809367491127
2145,3,11.7600000381,11.21337277242764,0.5466272656723596
2146,3,10.9333333969,12.62522826436995,1.6918948674699497
2147,3,11.8777777354,11.547259697912288,0.33051803748771214
2148,3,10.5875000954,10.744778319749166,0.1572782243491666
2149,3,11.5,11.00825557744611,0.4917444225538894
2150,3,10.9749999046,11.35802383493047,0.3830239303304701
2151,3,9.70769229302,10.798248267130411,1.090555974110412
2152,3,11.9545453678,11.101097837392652,0.8534475304073474
2153,3,10.8750000795,10.97227934331266,0.09727926381266094
2154,3,10.6500000954,11.044908586084306,0.39490849068430656
2155,1,12.7666664124,11.121222035449708,1.6454443769502909
2156,1,12.7000000212,11.196893198854111,1.503106822345888
2157,1,11.2406250834,11.502229312689922,0.26160422928992233
2158,1,13.7600001335,12.193008731507556,1.5669914019924445
2159,1,11.0599998474,11.87311931185648,0.813119464456479
2160,1,10.5799998283,11.887475200452574,1.3074753721525738
2161,2,11.1380952199,12.271800636592024,1.133705416692024
2162,2,12.7833334605,12.748817347126293,0.03451611337370686
2163,2,10.9100000381,12.24148613901168,1.3314861009116807
2164,2,10.8818182512,11.698732318756528,0.8169140675565281
2165,2,9.76923073255,12.245785849757308,2.476555117207308
2166,2,11.0384614651,12.017628810523071,0.9791673454230718
2167,3,10.9950000525,11.438301225572214,0.4433011730722143
2168,3,13.1399999619,10.976826777802383,2.163173184097616
2169,3,13.4,11.948384832756524,1.4516151672434763
2170,3,7.33999996185,10.153168735443867,2.8131687735938664
2171,3,11.2250001431,11.786472184756185,0.5614720416561845
2172,3,12.7906250358,11.089329397612744,1.701295638187256
2173,3,10.7333335876,11.764933770091488,1.0316001824914878
2174,3,10.8999996185,11.15350138604957,0.25350176754956877
2175,3,11.25,10.913689525169023,0.3363104748309773
2176,3,12.3150685193,11.434175777359075,0.8808927419409258
2177,3,11.1428571429,11.27735640027963,0.13449925737962865
2178,4,12.0600000381,11.465877301560406,0.5941227365395942
2179,4,11.5,11.526252965141401,0.026252965141400963
2180,4,10.8874999285,11.121629551124665,0.23412962262466408
2181,4,12.5800000191,11.370448185074178,1.209551834025822
2182,4,12.6249998808,11.785193397578043,0.8398064832219578
2183,4,11.0,11.377724209019492,0.3777242090194921
2184,4,13.507692337,12.547002193532297,0.9606901434677031
2185,4,10.0833334923,10.743194769733934,0.6598612774339347
2186,4,10.5833334923,11.06654449081328,0.48321099851328064
2187,4,10.8636363636,11.693774296799699,0.8301379331996994
2188,4,12.0333334605,11.294002532897313,0.7393309276026869
2189,4,11.3000001907,11.839440997826095,0.5394408071260948
2190,4,11.5999999728,11.015355952368724,0.5846440204312753
2191,4,7.37241383257,9.791759521506469,2.4193456889364686
2192,4,10.7,11.781097478015564,1.0810974780155647
2193,3,8.66896556986,10.527217590169384,1.8582520203093846
2194,3,11.0333331426,10.909777720250128,0.12355542234987205
2195,3,11.9399999619,11.100555401045469,0.8394445608545311
2196,3,10.8600000381,11.054351413726351,0.19435137562635063
2197,3,13.4360000229,11.54215155325752,1.8938484696424798
2198,3,11.1999999682,10.989894546073563,0.21010542212643735
2199,3,11.0,10.883180180425487,0.1168198195745127
2200,3,12.0,11.353839832427076,0.6461601675729245
2201,3,11.3666664759,12.295790925014565,0.929124449114564
2202,3,12.2000000278,10.72488230549085,1.4751177223091503
2203,3,11.0349999428,10.782830196602381,0.25216974619761956
2204,3,7.35000002384,9.72228395031251,2.3722839264725106
2205,3,7.85000007493,9.646012724714074,1.7960126497840747
2206,1,10.5750000477,12.157934689345408,1.5829346416454086
2207,1,8.98000011444,10.676189310119153,1.6961891956791533
2208,1,11.0333334605,11.73344066139396,0.7001072008939602
2209,1,11.4166665077,12.182115839984956,0.7654493322849554
2210,1,10.6,11.251009734956455,0.651009734956455
2211,1,11.5,11.707596507174529,0.2075965071745287
2212,1,12.7875000238,11.974468435530493,0.8130315882695065
2213,1,11.3500000954,11.74300495366288,0.3930048582628789
2214,1,10.2428571156,12.554748184036882,2.311891068436882
2215,1,10.9666665395,11.937965010363433,0.9712984708634327
2216,1,10.8499997457,11.642292987126131,0.7922932414261314
2217,1,11.3999998093,13.072209604200337,1.6722097949003363
2218,3,10.7571428844,10.92549026369468,0.1683473792946799
2219,3,12.4142856598,11.281233191377215,1.133052468422786
2220,3,8.3400001049,9.64113211193445,1.3011320070344503
2221,3,10.294736812,11.006517491759825,0.7117806797598245
2222,3,17.299999942,15.479613110205632,1.8203868317943677
2223,3,12.1666666667,12.832148212294435,0.6654815455944352
2224,3,10.6666666667,11.375648400064557,0.708981733364558
2225,3,14.8699998856,13.068339112654819,1.8016607729451817
2226,3,12.685714313,13.167038036405858,0.4813237234058576
2227,3,17.1250004768,12.147699428227194,4.977301048572807
2228,3,14.3666664759,14.059363850260858,0.30730262563914224
2229,3,17.0124996901,13.05942890075694,3.9530707893430606
2230,3,9.7411110984,14.129291324394583,4.388180225994583
2231,3,15.0,14.236323861964525,0.7636761380354748
2232,3,15.8327869665,13.429082625677001,2.4037043408229994
2233,3,16.9714284624,13.71492706962442,3.2565013927755793
2234,3,12.3499999046,12.93624875174526,0.58624884714526
2235,3,16.2249999046,11.536843930969836,4.688155973630165
2236,3,16.0,14.441949107252317,1.5580508927476835
2237,3,10.7642856325,11.566931212165017,0.8026455796650165
2238,3,16.1629631254,12.907570932811533,3.2553921925884683
2239,2,16.4599996567,16.25722696324,0.20277269345999827
2240,2,15.4571429661,15.400971410976487,0.05617155512351246
2241,2,17.0199996948,14.94379459140558,2.07620510339442
2242,2,15.2333335876,14.045242297465776,1.1880912901342242
2243,2,17.4000005722,15.728696357495007,1.6713042147049926
2244,2,11.8467290201,15.474545060189966,3.627816040089966
2245,2,10.7388888995,13.79665158961532,3.0577626901153216
2246,2,14.6048780767,14.416865692651209,0.1880123840487915
2247,2,13.192307729,13.241153471365767,0.04884574236576711
2248,2,17.2999992371,15.176611799787352,2.1233874373126476
2249,2,13.6,15.15743587709553,1.5574358770955303
2250,2,11.0692306665,15.100732351659811,4.031501685159812
2251,2,15.3857142585,14.196970575283501,1.188743683216499
2252,2,15.5500001907,15.443446102103568,0.10655408859643245
2253,2,15.4666668574,16.099809034064688,0.6331421766646876
2254,5,16.6185184761,15.54951600542307,1.0690024706769297
2255,5,16.699999896,14.333156899745505,2.366842996254496
2256,5,15.9333333969,16.108747109695056,0.1754137127950557
2257,5,11.5374999046,14.401729135766336,2.8642292311663358
2258,5,16.5285715376,13.910266117544436,2.618305420055565
2259,5,11.6833333174,14.683255009971754,2.9999216925717533
2260,5,12.1928571974,14.32650070839966,2.1336435109996597
2261,5,16.914285569,13.764761128738577,3.1495244402614233
2262,5,16.4166666667,15.693234726448743,0.7234319402512561
2263,5,14.4600002289,15.332282428554016,0.8722821996540162
2264,5,18.1000003815,15.387256067833597,2.712744313666402
2265,5,16.3833335241,16.45947201028622,0.07613848618622043
2266,5,16.0250000954,17.40021046136008,1.3752103659600792
2267,5,15.2785715376,16.191753448338027,0.913181910738027
2268,5,14.3285714558,15.844761546401834,1.5161900906018335
2269,5,14.5166667302,14.92075761439575,0.40409088419574957
2270,5,13.9192307546,16.895962535889645,2.9767317812896454
2271,5,15.2400001526,15.25975603452925,0.019755881929249597
2272,4,12.8121951499,14.102880923593823,1.2906857736938218
2273,4,14.4333333969,12.181817907530576,2.2515154893694245
2274,4,14.3000001907,12.79891692314929,1.50108326755071
2275,4,15.8333332274,15.020385613212527,0.8129476141874736
2276,4,16.0588235014,14.751697820822343,1.3071256805776557
2277,4,12.8535714149,13.956555937930313,1.1029845230303135
2278,4,17.6615386376,15.774752942656505,1.8867856949434945
2279,4,13.770270296,14.292882470842962,0.522612174842962
2280,4,11.9749999046,13.60796374631799,1.6329638417179897
2281,4,12.6888890266,13.467085188981383,0.7781961623813825
2282,4,15.9571426937,14.851291476585548,1.1058512171144521
2283,4,13.9000000703,14.056742338604803,0.15674226830480187
2284,4,15.2400001526,13.086923536932172,2.1530766156678283
2285,4,16.4499998093,14.677907596084035,1.7720922132159647
2286,4,14.5,14.055159266579947,0.4448407334200528
2287,4,11.8499999046,13.985866300598282,2.1358663959982813
2288,5,14.9000000954,15.718025185569505,0.8180250901695061
2289,5,14.7863636017,17.13949807506135,2.353134473361351
2290,5,13.6461538902,16.7776206535851,3.1314667633850988
2291,5,14.0047619002,15.310217378544316,1.3054554783443155
2292,5,14.2000000337,15.680591540673204,1.4805915069732034
2293,5,13.486666743,16.887704064444193,3.4010373214441927
2294,5,12.7199998856,13.980478320160168,1.2604784345601683
2295,5,15.2285714831,14.766497411768782,0.4620740713312177
2296,5,14.0428570339,14.423030067116095,0.38017303321609397
2297,5,14.2000001272,14.802070710035638,0.6020705828356387
2298,5,16.4500001272,17.418668061609416,0.9686679344094173
2299,5,13.6600000381,14.278982531906582,0.6189824938065822
2300,5,13.2999999523,13.925097936917656,0.6250979846176552
2301,5,16.4285714286,16.48672307867157,0.05815165007156864
2302,5,15.4125001431,15.922956163992188,0.5104560208921871
2303,5,13.7000002861,14.474047750290236,0.774047464190236
2304,5,15.0416667461,15.203466320820926,0.16179957472092532
2305,5,13.7999998728,13.323605282658395,0.4763945901416058
2306,1,14.1999999046,13.706041120059913,0.49395878454008724
2307,1,14.9111110899,13.311900252924598,1.5992108369754021
2308,1,16.4000000954,15.821330492630862,0.5786696027691374
2309,1,16.2000001272,15.650862534879883,0.5491375923201165
2310,1,16.8818182512,15.595019496968327,1.286798754231672
2311,1,15.8124998808,13.190292958376347,2.622206922423654
2312,1,14.6399998665,15.18199745018163,0.5419975836816295
2313,1,17.1700000127,15.121563413462791,2.0484365992372098
2314,1,12.933333238,13.72925100751566,0.7959177695156612
2315,1,15.2437499166,13.080217609156765,2.1635323074432353
2316,1,16.7666664124,14.842259775021384,1.924406637378615
2317,1,14.8499999046,15.013060023380234,0.1630601187802334
2318,1,15.5250000954,15.017865733785996,0.5071343616140034
2319,1,15.7300000191,15.38344911784811,0.3465509012518897
2320,1,16.2666664124,15.446016995279361,0.820649417120638
2321,1,16.2000007629,15.179923091148979,1.0200776717510216
2322,1,15.7250001431,15.210064966098164,0.5149351770018367
2323,1,11.6166667144,13.324441815002155,1.707775100602154
2324,1,15.8875000477,13.046073292989131,2.8414267547108683
2325,1,15.0199999809,14.174489577494477,0.8455104034055232
2326,2,15.0,15.879462124062401,0.8794621240624014
2327,2,11.4785715512,14.782893343091539,3.304321791891539
2328,2,14.9000000954,14.927560121329716,0.027560025929716403
2329,2,10.5666666031,12.933276413744899,2.366609810644899
2330,2,15.585714204,15.455948249743667,0.12976595425633342
2331,2,16.2499998093,14.436618856437198,1.8133809528628024
2332,2,15.8666667938,16.095835139120098,0.22916834532009744
2333,2,12.1800001144,14.450270170621353,2.270270056221353
2334,2,16.5000003179,16.50088026266353,0.0008799447635290392
2335,2,12.052941154,14.875392902823435,2.8224517488234344
2336,2,14.4,15.59554760062976,1.1955476006297605
2337,2,11.4000001907,14.440257831790746,3.0402576410907454
2338,2,13.262857151,16.143338685164064,2.8804815341640637
2339,2,15.1333332062,17.94034680711041,2.807013600910409
2340,2,13.8499997457,13.498817344928847,0.3511824007711528
2341,2,16.4555557039,16.07079944830653,0.3847562555934694
2342,5,15.7833334605,15.658154044776907,0.12517941572309255
2343,5,14.7785714694,15.150882207208802,0.3723107378088031
2344,5,13.6500000954,15.420326242964961,1.7703261475649619
2345,5,13.1799999237,16.318930656121307,3.138930732421306
2346,5,11.3124998808,14.163446461610986,2.8509465808109855
2347,5,15.9444445504,16.003657516054687,0.059212965654687366
2348,5,15.9599998474,15.97320154672536,0.013201699325358973
2349,5,15.2000001272,16.812865464052845,1.6128653368528454
2350,5,14.6000003815,14.933153144430516,0.3331527629305171
2351,5,15.3499999046,16.7948807959957,1.444880891395698
2352,5,11.8000001907,15.63989326320891,3.839893072508909
2353,5,12.060714313,15.315400120375394,3.2546858073753935
2354,5,11.9727272554,15.273137653961248,3.3004103985612474
2355,4,11.6833333969,12.893117839280134,1.2097844423801334
2356,4,12.3250000477,12.488934566860781,0.16393451916078128
2357,4,16.45,13.233332468883237,3.2166675311167623
2358,4,15.3499999046,14.586365018204623,0.7636348863953781
2359,4,15.7400000254,15.172680139422603,0.5673198859773976
2360,4,15.816666762,15.117293392383118,0.6993733696168825
2361,4,15.2999998728,14.131337967933575,1.1686619048664255
2362,4,14.8000000318,14.013858567682922,0.7861414641170779
2363,4,17.2999992371,14.459334073716718,2.8406651633832816
2364,4,15.0307692014,14.47112733855624,0.55964186284376
2365,4,15.9250001907,14.981621506369008,0.9433786843309928
2366,4,13.9199998856,14.467414980933702,0.5474150953337027
2367,4,15.4333335029,14.294174590078615,1.1391589128213848
2368,5,15.4545453678,17.87432267054869,2.41977730274869
2369,5,14.8000001907,14.584627058181912,0.21537313251808854
2370,5,13.9600002289,14.930518296723045,0.9705180678230452
2371,5,14.5666666031,14.849375960398733,0.28270935729873337
2372,5,15.7750000954,16.32772925814217,0.5527291627421711
2373,5,15.6000000636,16.388501356352936,0.7885012927529367
2374,5,13.9249999523,15.150411898692255,1.2254119463922546
2375,5,13.7307692308,14.333679946271806,0.6029107154718059
2376,5,12.8357143062,15.690469612490956,2.854755306290956
2377,5,16.0000001589,17.38663299248596,1.38663283358596
2378,5,15.8333333333,15.636310050953002,0.19702328234699884
2379,5,11.8619047801,15.33614980935976,3.4742450292597606
2380,5,13.7000001907,14.361265671901746,0.6612654812017453
2381,5,15.5263157895,15.820282657214298,0.2939668677142979
2382,5,16.8833332062,16.662478967954204,0.22085423824579564
2383,2,17.008108139,13.954301906441374,3.0538062325586264
2384,2,16.0571430751,16.1993254414617,0.14218236636169834
2385,2,11.5500000318,14.262267288416368,2.712267256616368
2386,2,15.8249999285,14.830001965891089,0.9949979626089114
2387,2,11.1400000572,14.13293767321391,2.9929376160139096
2388,2,14.1749999523,13.289018184322261,0.8859817679777393
2389,2,14.9400001526,14.945702328865561,0.005702176265561576
2390,2,13.3428570884,15.878100197104727,2.5352431087047265
2391,2,15.7750003338,15.999388770595262,0.22438843679526244
2392,2,10.5999999728,13.231193141216899,2.6311931684168997
2393,2,11.6000000636,14.467371459697564,2.867371396097564
2394,2,13.3363637057,14.620997318143896,1.284633612443896
2395,2,11.411764762,14.292061989605147,2.880297227605146
2396,2,16.9666662216,16.54536834254536,0.42129787905464156
2397,2,11.1266665141,14.405125790262282,3.278459276162282
2398,1,16.6999996185,14.893942813763953,1.8060568047360483
2399,1,16.6375000477,14.72551694235549,1.911983105344511
2400,1,14.9285713605,15.472130560873124,0.5435592003731244
2401,1,13.4416666031,14.001949673536648,0.5602830704366486
2402,1,11.5384614651,13.618564999974408,2.080103534874409
2403,1,14.6500000954,15.08806106042881,0.43806096502881076
2404,1,14.7000001272,14.607104167526458,0.09289595967354103
2405,1,16.1600000381,15.66577116918792,0.4942288689120815
2406,1,15.3874999285,15.87027873240872,0.48277880390871886
2407,1,14.7999999523,14.87776378952779,0.07776383722779023
2408,1,18.2833331426,15.326375035579533,2.9569581070204674
2409,1,14.3000000545,14.603125075186604,0.3031250206866041
2410,1,12.5517241708,14.817308871142183,2.265584700342183
2411,1,15.0250000954,13.83406613966268,1.1909339557373197
2412,1,14.5,14.110954348778371,0.38904565122162893
2413,1,15.5000003179,15.708316288685278,0.20831597078527864
2414,1,16.4249997139,15.690391198380714,0.7346085155192856
2415,1,13.9500000477,14.103460959229078,0.15346091152907881
2416,1,16.6142861503,14.883437262368144,1.730848887931856
2417,1,14.3909091082,13.204849279707767,1.1860598284922332
2418,1,15.0666666826,14.633384994655934,0.4332816879440653
2419,1,12.399999891,14.109016568184616,1.709016677184616
2420,1,11.4142856598,12.964971311021621,1.5506856512216203
2421,2,11.1944443915,15.65123749391299,4.456793102412991
2422,2,13.707692293,14.291456211859042,0.5837639188590433
2423,2,12.0999998728,15.446850899872095,3.346851027072095
2424,2,15.6666663488,15.373223582092576,0.29344276670742353
2425,2,17.2999998728,15.06305114173087,2.2369487310691305
2426,2,14.0259258835,15.757475551281969,1.7315496677819695
2427,2,15.3173912712,16.02229873775535,0.7049074665553494
2428,2,15.3900000572,16.068523578166996,0.678523520966996
2429,2,11.6272727793,13.08009726114212,1.4528244818421197
2430,2,12.8166666826,14.729503184779217,1.9128365021792177
2431,2,13.8388889631,15.988617310612142,2.1497283475121414
2432,2,16.4625002146,15.954330421900595,0.5081697926994035
2433,2,17.7777777778,16.455673551696503,1.322104226103498
2434,2,16.1333335241,15.646267404500351,0.48706611959964796
2435,5,16.7833333015,14.55692591365449,2.2264073878455104
2436,4,16.1444446246,15.424168316112103,0.7202763084878949
2437,4,21.4000000954,16.088377314721072,5.311622780678928
2438,4,15.0409836222,17.67959225521399,2.6386086330139893
2439,4,27.9338028867,24.62428333369058,3.3095195530094195
2440,4,14.204255307,16.92676291481356,2.722507607813558
2441,4,17.9599998474,16.47469594838229,1.4853038990177083
2442,4,14.6242424647,16.973138260455396,2.3488957957553964
2443,4,22.7312502861,16.86194969043974,5.86930059566026
2444,4,15.2833332221,16.524875258952335,1.2415420368523353
2445,4,29.3095808315,28.783664569829618,0.5259162616703819
2446,5,13.8631579081,17.444062642976906,3.5809047348769063
2447,5,13.4285715648,16.22109311652305,2.79252155172305
2448,5,26.1416665713,20.050233972189943,6.091432599110057
2449,5,22.5,19.188531371167052,3.311468628832948
2450,5,33.92990203,27.03192601866699,6.897976011333011
2451,5,20.5874999166,17.956470723978445,2.631029192621554
2452,5,24.2297872178,18.772998704778843,5.456788513021156
2453,5,13.801388873,17.363698826728488,3.5623099537284872
2454,5,17.5416665872,16.972822224451214,0.5688443627487878
2455,5,26.3037036472,25.39154175005831,0.91216189714169
2456,3,24.0342995556,16.988044067346365,7.046255488253635
2457,3,15.3462962398,16.533018507490365,1.1867222676903655
2458,3,25.1329113924,20.509423760649128,4.623487631750873
2459,3,18.7299999237,17.0394576961289,1.6905422275711004
2460,3,29.0947367685,22.383847993249397,6.710888775250602
2461,3,19.3703705823,16.99211040439238,2.3782601779076202
2462,3,16.6777777884,17.058601319813132,0.38082353141313163
2463,3,27.9500000954,23.451041062823926,4.498959032576074
2464,3,29.2233332952,24.21586290250692,5.0074703926930795
2465,1,19.7846152966,18.36824068428482,1.4163746123151775
2466,1,24.5757574024,24.01021051083991,0.5655468915600892
2467,1,14.6266666483,17.95866889193205,3.332002243632049
2468,1,26.8571428571,23.93026771700646,2.926875140093543
2469,1,34.7862384341,28.088219831701753,6.698018602398246
2470,1,31.4779005209,25.222095045182442,6.255805475717558
2471,1,20.4375000397,20.086710351363067,0.3507896883369348
2472,1,29.2849999428,22.26091710501234,7.02408283778766
2473,1,31.7736841503,27.854380560783078,3.9193035895169217
2474,1,20.2770832777,17.802179354775678,2.474903922924323
2475,1,23.7999998728,18.21065706627199,5.589342806528009
2476,1,24.0636362596,18.35329844951594,5.710337810084059
2477,1,22.9637681712,18.741440096482634,4.2223280747173675
2478,1,18.0199998856,18.095145513577684,0.0751456279776832
2479,1,22.9437500238,22.87739399564248,0.06635602815752151
2480,1,26.5500001907,19.115987695535665,7.434012495164335
2481,1,19.8142856462,21.159629011711232,1.3453433655112335
2482,1,14.6718750596,18.024718906595645,3.352843846995645
2483,1,24.3333333333,18.680357334729457,5.652975998570543
2484,4,27.3742856707,25.712301548416484,1.661984122283517
2485,4,14.1325000286,17.632991155921296,3.500491127321295
2486,4,26.8600002289,20.3076844429632,6.552315785936798
2487,4,23.6137930771,19.36949177610517,4.244301300994827
2488,4,24.0958334605,21.02820749452301,3.0676259659769904
2489,4,26.3675676294,23.37438589733903,2.993181732060968
2490,4,16.5142857069,17.039580750439598,0.5252950435395967
2491,4,18.3785716466,18.03752347369632,0.3410481729036796
2492,4,21.3900001526,16.289575790446676,5.100424362153323
2493,2,28.0,20.712403941871457,7.287596058128543
2494,2,27.6302083929,25.924117489835535,1.7060909030644638
2495,2,30.599999944,26.311581504819443,4.288418439180557
2496,2,30.94,26.102910190841612,4.837089809158389
2497,2,17.6368419246,17.11526861392388,0.5215733106761178
2498,2,23.6562501192,19.1252984143525,4.530951704847499
2499,2,23.072727319,19.28738925635784,3.7853380626421576
2500,2,19.7750000954,17.13657367341377,2.638426421986228
2501,2,24.5020202097,25.53981687017297,1.0377966604729707
2502,2,26.360000017,25.336727183933093,1.0232728330669083
2503,2,23.4000000424,18.73129378421537,4.668706258184628
2504,2,21.2718750238,18.499026606115642,2.772848417684358
2505,3,23.0181817141,16.667865178671992,6.350316535428007
2506,3,20.6065219382,16.094891927783035,4.511630010416965
2507,3,30.2948717215,24.86993271190055,5.424939009599452
2508,3,19.0999998728,18.301294561703177,0.7987053110968247
2509,3,27.502083381,23.900851588425876,3.601231792574122
2510,3,27.5000001907,23.20909342128503,4.2909067694149705
2511,3,30.6650001049,20.604408299609208,10.060591805290791
2512,3,23.0294116525,17.68404277793462,5.345368874565377
2513,3,24.4766665988,18.34843629761108,6.128230301188921
2514,3,28.1999999455,24.406430059829642,3.793569885670358
2515,3,22.6012658469,18.569444122037094,4.031821724862905
2516,3,14.7470588404,15.60725079286015,0.8601919524601502
2517,3,23.7916668256,16.68200103419762,7.1096657914023815
2518,3,25.9789475893,22.664712692127264,3.314234897172735
2519,3,22.3764705097,21.707100564280946,0.6693699454190529
2520,3,14.4854167104,15.177522903372715,0.6921061929727159
2521,3,26.1833337148,20.715675846282743,5.467657868517257
2522,3,28.0595745736,24.574658219976847,3.484916353623152
2523,3,17.2921052732,14.440262613562913,2.8518426596370876
2524,3,14.8116279203,16.228020981899675,1.4163930615996758
2525,3,28.7225000381,23.569514082582344,5.152985955517657
2526,3,19.2931706312,20.025777680393425,0.732607049193426
2527,3,15.6558823586,15.732894925395739,0.07701256679573909
2528,3,24.5736000366,24.444578163879495,0.1290218727205037
2529,3,18.0777777566,18.136919813008323,0.05914205640832293
2530,3,22.179310358,16.17106534363715,6.008245014362849
2531,3,12.9409090389,15.164821224036087,2.223912185136088
2532,3,12.5333333015,15.828636545361304,3.2953032438613032
2533,3,29.533333381,18.90650775306105,10.626825627938949
2534,3,20.0911764818,16.57218622339212,3.5189902584078823
2535,3,25.0964285306,20.578219853166658,4.518208677433343
2536,3,26.298039268,18.256176915449508,8.041862352550492
2537,3,22.9411763584,17.210953375786488,5.730222982613512
2538,1,16.5050000985,18.59793632953704,2.09293623103704
2539,1,17.6173911717,18.851528433048863,1.234137261348863
2540,1,20.3397260953,19.399847078613384,0.9398790166866178
2541,1,27.1583334605,22.158643654954087,4.999689805545913
2542,1,16.1926316512,18.777477005557387,2.5848453543573875
2543,1,12.3,17.143690739621753,4.843690739621753
2544,1,24.6799999237,20.60344062530055,4.076559298399449
2545,1,33.9588235967,26.827882078388942,7.130941518311058
2546,1,16.6900001049,17.99674294715858,1.3067428422585792
2547,1,20.8066666921,18.470150720219632,2.3365159718803667
2548,1,24.586666743,22.596652686501734,1.9900140564982642
2549,1,23.8781249523,23.934314966789405,0.05619001448940608
2550,1,23.1021739296,22.926506708556104,0.17566722104389498
2551,1,21.5380952926,19.369753746927614,2.168341545672387
2552,1,19.69411749,18.620298970496414,1.073818519503586
2553,1,23.0875003338,19.598020937069954,3.4894793967300473
2554,1,16.4444443385,17.881202202424767,1.4367578639247682
2555,1,19.6428572172,18.60745892125049,1.0353982959495092
2556,1,19.6757142203,19.158771361169332,0.5169428591306691
2557,1,15.5800001144,17.804459589411707,2.224459475011706
2558,1,23.3948719807,18.862115948767016,4.532756031932983
2559,1,21.454838722,21.83860542826955,0.38376670626954734
2560,1,24.6545455239,20.93699286191188,3.7175526619881225
2561,1,17.6666673024,17.930803521435156,0.26413621903515505
2562,1,27.3147825822,22.76084759060854,4.553934991591458
2563,1,17.100000088,17.91145085706716,0.8114507690671573
2564,1,24.4558823529,22.301286505750326,2.1545958471496753
2565,1,23.0480519827,22.13580829512285,0.9122436875771491
2566,1,26.5722221269,23.43352512063226,3.1386970062677406
2567,1,25.0500000156,22.58359507830072,2.466404937299277
2568,3,23.7861110369,19.518376193530976,4.267734843369023
2569,3,26.4684210326,22.35616120328883,4.112259829311167
2570,3,14.3800000054,15.673104254844382,1.293104249444383
2571,3,12.8550001144,16.292087537300237,3.4370874229002375
2572,3,23.6675674335,22.71720994987775,0.9503574836222519
2573,3,27.9933335622,22.15308495225093,5.840248609949072
2574,3,19.8400001526,15.427828751753932,4.412171400846066
2575,3,23.2285714149,20.60886725045721,2.6197041644427905
2576,2,31.1558557802,19.788580788816788,11.367274991383212
2577,3,20.9754099299,19.200825416972247,1.7745845129277527
2578,1,11.9300000191,14.403330638469662,2.473330619369662
2579,1,13.6999999897,17.12860245221154,3.428602462511538
2580,1,14.5944443809,14.250334591966116,0.3441097889338849
2581,1,17.2499999205,14.441133933316582,2.8088659871834167
2582,1,11.4166667302,14.352390130932218,2.9357234007322184
2583,1,15.1545456106,13.40190047764152,1.7526451329584791
2584,1,16.3888889949,13.416585006094179,2.9723039888058214
2585,1,11.7153845934,13.781576663921935,2.066192070521936
2586,1,19.1233333206,16.46196863533112,2.661364685268879
2587,1,16.3461537728,13.450955462704155,2.8951983100958465
2588,1,13.5714286395,14.204662382934117,0.6332337434341166
2589,1,11.4999999523,13.756873861243927,2.256873908943927
2590,3,13.2399998983,12.654618659320036,0.5853812389799646
2591,3,17.2651162702,12.756077049476504,4.509039220723496
2592,3,19.6541667779,13.33090613236546,6.323260645534539
2593,3,18.1979165475,13.165912246877234,5.032004300622766
2594,3,12.2156862745,12.838892188790204,0.6232059142902049
2595,3,15.2375000715,12.461953068824569,2.775547002675431
2596,3,13.0568628124,13.928708305702534,0.8718454933025335
2597,3,13.4704225433,13.466715770562493,0.0037067727375070803
2598,3,18.2740741306,12.84591651002494,5.428157620575059
2599,3,11.109375,13.309488110892644,2.2001131108926444
2600,3,12.7777777778,13.543466105649554,0.7656883278495528
2601,1,15.280952272,15.615430065840624,0.33447779384062315
2602,1,14.8666665819,13.543684020429694,1.3229825614703064
2603,1,21.0559999847,17.000278380500063,4.055721604199938
2604,1,13.9916667144,14.565038421816372,0.5733717074163707
2605,1,15.4709089799,16.169952065247664,0.6990430853476628
2606,1,14.0500000715,13.81545322857358,0.23454684292642014
2607,1,16.891304099,14.306078429012262,2.5852256699877376
2608,1,14.4333333969,14.41375445152557,0.01957894537443039
2609,1,14.8342857633,14.367022187773397,0.46726357552660325
2610,1,15.1400001526,13.568495586997424,1.5715045656025772
2611,1,14.3000001907,14.018421220021033,0.281578970678968
2612,1,13.148837267,16.304529938981297,3.1556926719812974
2613,3,13.0333331426,12.472940780634127,0.5603923619658726
2614,3,16.4666666455,12.592110063701318,3.8745565817986805
2615,3,14.6884614871,12.933344053209177,1.7551174338908222
2616,3,11.2059999847,13.219815780385396,2.013815795685396
2617,3,14.9272727099,12.893792750064808,2.0334799598351925
2618,3,15.2550000191,12.933573117307214,2.321426901792787
2619,3,14.0470587226,12.601463634303494,1.4455950882965052
2620,3,14.8499999046,12.249580355628321,2.6004195489716793
2621,3,13.9260870477,12.473481053087635,1.4526059946123642
2622,3,17.0411765155,13.013614020451202,4.027562495048796
2623,3,14.6176470588,12.357766967118446,2.259880091681554
2624,3,14.6416666508,12.216301195979442,2.4253654548205574
2625,3,23.6333332062,13.365139421331431,10.268193784868568
2626,3,15.6473684813,12.597414751676885,3.0499537296231143
2627,3,16.3700000954,12.79330270565149,3.5766973897485084
2628,3,20.5844444699,13.37725726311179,7.207187206788209
2629,3,15.3000001907,12.667611146656164,2.632389044043837
2630,3,14.893103468,12.6471404123639,2.2459630556361
2631,3,16.8181818471,12.935791374299965,3.8823904728000347
2632,5,14.1486485455,15.440257896293257,1.291609350793257
2633,5,12.2846153944,15.050667785904357,2.766052391504358
2634,5,15.1555557251,14.501575532442693,0.6539801926573059
2635,5,12.4333333288,15.422741976712693,2.9894086479126933
2636,5,11.4173913002,16.20156192850338,4.7841706283033805
2637,5,14.8999999653,15.710920475648688,0.810920510348689
2638,5,14.433333238,17.20474311327068,2.771409875270681
2639,5,15.8795918056,14.656888721237022,1.222703084362978
2640,5,20.4079469845,16.130109501009915,4.277837483490085
2641,1,12.4806666438,14.176659899405358,1.6959932556053587
2642,1,15.8142856325,14.147486887613363,1.6667987448866377
2643,1,15.7437497973,15.262001545527248,0.4817482517727516
2644,1,16.4869564996,15.968994551253834,0.5179619483461675
2645,1,14.4916667938,14.345965901573472,0.14570089222652882
2646,1,11.3545454372,14.228432043077106,2.8738866058771055
2647,1,14.5735293557,14.024875685018381,0.5486536706816185
2648,1,12.1071428912,15.468260114894234,3.361117223694233
2649,1,15.5285715376,13.537163454227285,1.9914080833727148
2650,1,15.6521739545,13.692118549048224,1.9600554054517758
2651,1,15.7361110846,15.968156560177395,0.23204547557739552
2652,1,14.8411765379,13.846288702405507,0.9948878354944917
2653,1,14.9300001144,13.523880840831879,1.4061192735681214
2654,1,15.7320001602,14.420601602197447,1.3113985580025531
2655,1,12.0784091191,15.358111025463703,3.2797019063637034
2656,1,14.2249999046,14.159619692547752,0.06538021205224887
2657,3,10.6555555132,12.470051416490254,1.8144959032902541
2658,3,11.7526315388,11.503537891488488,0.2490936473115113
2659,3,11.0800001144,11.627182026033417,0.547181911633416
2660,3,12.0,11.827340766925479,0.1726592330745209
2661,3,10.0428571701,10.396659100899035,0.353801930799035
2662,3,7.76000008583,10.004980273843385,2.2449801880133853
2663,3,15.0799999237,13.307318664987708,1.7726812587122929
2664,3,13.1500000954,12.441813622688489,0.7081864727115104
2665,3,6.74285711561,8.489920311820761,1.7470631962107612
2666,4,7.07692300356,9.328744752243406,2.2518217486834056
2667,4,9.01666673024,9.003854061517552,0.01281266872244835
2668,4,13.4499999682,13.67585419254214,0.22585422434213953
2669,4,13.0500001907,13.911279126110431,0.8612789354104304
2670,4,16.3999996185,14.640504001717664,1.7594956167823366
2671,4,12.5333333015,12.74718563912186,0.21385233762185862
2672,4,14.5999999576,13.851815699611482,0.7481842579885178
2673,4,13.8000001907,13.307175825159364,0.4928243655406366
2674,4,7.26842104761,8.800146777184533,1.531725729574533
2675,4,10.8999996185,10.212026710427027,0.6879729080729735
2676,4,14.2000001272,14.037185497190713,0.16281463000928653
2677,3,14.2333332698,13.43047527242751,0.8028579973724899
2678,3,12.8000001907,11.713170459382864,1.0868297313171364
2679,4,12.8000001907,12.089281375478844,0.7107188152211563
2680,3,12.933333079,12.422370653043854,0.510962425956146
2681,3,10.2333335876,10.634104126472014,0.4007705388720133
2682,3,12.625,11.063015388199325,1.5619846118006748
2683,3,9.86666679382,10.470675885362468,0.6040090915424674
2684,3,17.566666921,13.263851024380376,4.302815896619624
2685,3,14.2333332698,12.737382949275325,1.495950320524674
2686,3,9.10000038147,8.464089518776936,0.6359108626930645
2687,3,14.9600000381,13.016273701299877,1.9437263368001236
2688,2,11.5333334605,10.395399918976906,1.1379335415230933
2689,2,11.1999998093,11.457336348759736,0.257336539459736
2690,2,9.69999980927,10.913793223047467,1.2137934137774664
2691,2,13.4000000954,13.097650007411396,0.30235008798860363
2692,2,6.30588239782,8.532431518856734,2.2265491210367347
2693,2,11.8904762268,12.836650163752358,0.9461739369523574
2694,2,13.25,10.974122960621733,2.2758770393782672
2695,2,13.4000000954,12.873815717116019,0.5261843782839808
2696,2,11.7999998728,12.616528701224748,0.8165288284247474
2697,2,12.1666666667,12.64215741126305,0.47549074456305007
2698,2,12.6333334181,13.36883393473011,0.7355005166301112
2699,2,15.8499999046,13.426402282898517,2.423597621701484
2700,2,13.7333334287,13.215987564280026,0.5173458644199744
2701,2,15.0499997139,13.56235846056383,1.4876412533361698
2702,2,12.9000000954,12.482631185449176,0.41736890995082376
2703,2,8.80000019073,8.801209434387633,0.0012092436576338628
2704,2,7.65952378228,10.576116763851484,2.916592981571484
2705,2,12.9499998093,12.600468177123611,0.3495316321763884
2706,2,8.16428583009,9.313867092980917,1.1495812628909174
2707,2,7.80833335718,9.327555811553836,1.5192224543738355
2708,2,12.9800001144,13.021927737034694,0.04192762263469518
2709,4,9.44999980927,10.423770521896333,0.9737707126263331
2710,4,13.4909089695,12.988764676016315,0.5021442934836848
2711,4,7.60000009537,9.225708461660442,1.625708366290442
2712,4,12.3666667938,12.638024325202407,0.2713575314024066
2713,4,12.0,11.661612132178405,0.338387867821595
2714,4,14.5199996948,12.948767078369217,1.5712326164307822
2715,4,11.7799999237,11.235091987434764,0.5449079362652363
2716,4,14.3000001907,13.822580489059227,0.4774197016407733
2717,3,11.8000001907,11.175573598611837,0.6244265920881631
2718,3,13.933333079,12.290284950177945,1.6430481288220555
2719,3,12.1499996185,14.057979517185007,1.9079798986850065
2720,3,10.5333334605,10.75427151147623,0.22093805097622976
2721,3,11.7749998569,12.383577780895148,0.6085779239951492
2722,3,6.5,8.497784478622835,1.997784478622835
2723,3,6.95000004768,9.259596499510948,2.3095964518309486
2724,3,7.13333320618,8.313753280961183,1.1804200747811837
2725,3,11.7999998728,13.928379059618665,2.1283791868186643
2726,3,14.8499999046,12.540412400623905,2.309587503976095
2727,3,13.0,12.500711251551463,0.4992887484485369
2728,3,10.625,11.145801014664652,0.5208010146646522
2729,3,13.1857141767,12.932265401058636,0.25344877564136326
2730,3,12.4000002543,12.780858652968828,0.38085839866882765
2731,3,7.70714291504,8.88555420793034,1.17841129289034
2732,3,11.9000001483,12.5464403280236,0.6464401797235997
2733,3,13.6999998093,12.766366395308323,0.9336334139916769
2734,3,13.6000003815,12.868298087803803,0.7317022936961965
2735,3,11.1000003815,11.15713095644752,0.057130574947521495
2736,3,10.9600000381,10.463928456027539,0.49607158207246194
2737,3,15.1999998093,13.537678069130756,1.6623217401692436
2738,2,12.8571427209,13.380930167297052,0.5237874463970513
2739,2,11.4499998093,12.109837268084352,0.6598374587843523
2740,2,8.38888888889,10.392189724163579,2.0033008352735795
2741,2,6.53333331599,9.828996669221656,3.2956633532316557
2742,2,15.0,13.752776146150367,1.2472238538496327
2743,2,15.4333333969,13.68704237192895,1.7462910249710504
2744,2,7.53571435383,7.940040576741955,0.40432622291195486
2745,2,12.8999996185,11.251828644686498,1.648170973813503
2746,2,8.50454545021,10.192396761610777,1.6878513114007774
2747,2,6.10909089175,8.506391266480485,2.3973003747304844
2748,2,10.3333336512,10.005509792149509,0.3278238590504916
2749,2,13.2000001272,13.461924559643323,0.2619244324433243
2750,3,11.7400001526,13.679594106883656,1.939593954283655
2751,3,14.7000000477,13.309297654210535,1.3907023934894642
2752,3,7.86428570747,9.217748085584404,1.3534623781144042
2753,3,11.1999998093,11.81765121998231,0.6176514106823099
2754,3,8.39767442748,11.284363496705854,2.886689069225854
2755,3,8.14062497765,9.643907307345732,1.5032823296957307
2756,3,9.85714285714,11.69417296275838,1.8370301056183802
2757,3,15.0,12.897832604404725,2.1021673955952753
2758,3,13.6000001431,13.739190764649413,0.13919062154941209
2759,3,6.71666669846,9.934017108367517,3.2173504099075165
2760,3,13.5,12.574674623587168,0.9253253764128324
2761,3,10.4499998093,12.140466642261071,1.6904668329610715
2762,1,12.3000001907,12.551174519732903,0.25117432903290293
2763,1,11.1000003815,11.900696924604048,0.8006965431040491
2764,1,12.1999998093,12.081049239407294,0.11895056989270536
2765,1,16.2399999619,13.837341762281003,2.4026581996189975
2766,1,12.8999996185,12.606036568804608,0.29396304969539244
2767,1,14.2799999237,14.017512622338078,0.2624873013619222
2768,1,15.0500001907,13.757494389374758,1.2925058013252428
2769,1,13.2000001272,13.662784629733107,0.46278450253310766
2770,1,8.40000025431,12.340596084719213,3.9405958304092135
2771,1,13.2666664124,13.525089255555354,0.2584228431553548
2772,4,15.1666668256,14.668585050319512,0.4980817752804878
2773,4,11.6133333206,12.823992189177073,1.210658868577072
2774,4,6.36666679382,7.919547877484739,1.5528810836647384
2775,4,12.9800001144,13.888551773390617,0.9085516589906177
2776,4,13.8666667938,13.69877217372823,0.16789462007177036
2777,4,13.3000000173,13.218208828177918,0.08179118912208239
2778,4,13.3571428571,13.027689661439435,0.3294531956605642
2779,4,13.0625,13.749310123364976,0.6868101233649764
2780,4,12.9000000954,13.523706351540987,0.6237062561409878
2781,4,11.25,11.741148177311416,0.49114817731141613
2782,4,13.0333334605,13.07788689106372,0.0445534305637203
2783,1,13.2666665713,13.057718891214824,0.20894768008517595
2784,1,8.19999980927,10.111288775644523,1.9112889663745225
2785,1,12.6000003815,11.899942548440386,0.7000578330596134
2786,1,8.76250004768,9.595253618941914,0.8327535712619145
2787,1,13.4666668574,13.000774683171718,0.4658921742282818
2788,1,11.1000003815,12.496963155030564,1.3969627735305643
2789,1,13.0600000381,12.578363563417021,0.4816364746829791
2790,1,10.25,10.675044441515947,0.4250444415159471
2791,1,6.19000000954,8.310580801861725,2.120580792321725
2792,1,14.2799999237,13.014861438880256,1.2651384848197438
2793,1,11.6499996185,11.926572015327892,0.27657239682789125
2794,5,7.60000003468,8.251361832981306,0.6513617983013065
2795,5,13.3999996185,13.830964719184708,0.4309651006847073
2796,5,13.875,12.504522674432208,1.3704773255677924
2797,5,12.1333335241,10.96307363807339,1.17025988602661
2798,5,10.8299999237,10.533402675732995,0.2965972479670054
2799,5,8.13000020981,9.304447399648017,1.174447189838018
2800,5,14.5999999046,12.744237042590276,1.8557628620097244
2801,5,7.88928578581,8.865741414591017,0.9764556287810171
2802,5,10.1999998093,9.805622641644959,0.3943771676550405
2803,5,12.6400001526,12.095563873839652,0.5444362787603492
2804,3,12.4666668574,12.554338284559117,0.08767142715911724
2805,3,13.1666666667,13.28507569613649,0.11840902943649034
2806,3,11.9199998856,12.706225610103663,0.7862257245036641
2807,3,11.544444508,12.446305201236626,0.9018606932366264
2808,3,14.2222224341,12.633856146380458,1.588366287719543
2809,3,12.2749998569,13.115401427788672,0.8404015708886732
2810,3,12.2176471037,12.037741021974043,0.17990608172595657
2811,3,13.2285714831,12.62806131892995,0.6005101641700499
2812,3,13.1666666667,13.120509394349355,0.04615727235064426
2813,3,13.1499996185,12.04807503398176,1.1019245845182404
2814,4,11.5749998093,13.218561142309614,1.6435613330096146
2815,4,13.6,13.594136837447765,0.005863162552234513
2816,4,12.8,12.663799027066197,0.1362009729338034
2817,4,13.3500003815,12.386514628929191,0.9634857525708078
2818,4,13.5,11.51843071804345,1.9815692819565491
2819,4,7.66666666667,9.375820907585677,1.7091542409156766
2820,4,5.80000019073,8.393659473972257,2.593659283242257
2821,4,13.3000001907,14.533104419909534,1.233104229209534
2822,4,12.0499997139,12.169516446623463,0.11951673272346319
2823,4,8.75,10.249324101163456,1.499324101163456
2824,4,13.0666666031,13.506029880040725,0.43936327694072475
2825,4,14.0,13.283802007837082,0.7161979921629182
2826,2,9.80000019073,9.868685706570773,0.06868551584077309
2827,2,6.57499998808,8.476050289336193,1.901050301256193
2828,2,7.2607142755,10.594331970886355,3.333617695386355
2829,2,12.9000000954,13.211580908920016,0.3115808135200169
2830,2,12.8999996185,11.71249706901586,1.1875025494841402
2831,2,13.2999997139,13.117213354952877,0.1827863589471228
2832,2,7.38333336512,9.145051091456246,1.7617177263362453
2833,2,12.3428569521,12.962981772250888,0.6201248201508882
2834,2,8.42499995232,10.342121431522125,1.917121479202125
2835,2,12.4222222434,12.204805755272474,0.217416488127526
2836,2,6.38333328565,8.439586678036974,2.0562533923869744
2837,2,14.0999999046,12.892073387289205,1.2079265173107956
2838,4,12.6000000636,13.370747843479434,0.770747779879434
2839,2,14.6846154286,13.278759269007933,1.4058561595920676
2840,2,9.65000009537,9.651236704999496,0.0012366096294957885
2841,2,10.4733332952,10.345847139135168,0.1274861560648315
2842,2,11.7999997139,11.822791482662055,0.022791768762054687
2843,2,13.2999998728,13.369295045920584,0.06929517312058309
2844,2,13.6999998093,13.163336677881253,0.5366631314187469
2845,2,6.34545456279,9.046831840668528,2.701377277878528
2846,2,15.3499999046,13.695372207229761,1.6546276973702394
2847,2,13.1000000636,12.99943046162065,0.10056960197935005
2848,2,11.0999999046,10.313299213223475,0.7867006913765255
2849,2,14.0600000381,13.287585948988388,0.7724140891116118
2850,2,13.5,13.094159858622255,0.4058401413777446
2851,2,9.32307690841,10.485187490989547,1.1621105825795475
2852,2,11.9000000954,13.164839163403553,1.2648390680035533
2853,2,12.6000003815,12.650731147347155,0.05073076584715608
2854,2,6.60476191839,8.372808658549783,1.7680467401597824
2855,2,9.02499997616,10.541014499867568,1.5160145237075682
2856,3,14.1000003815,12.572372421298073,1.5276279602019258
2857,3,8.7380952381,10.011817874120492,1.2737226360204925
2858,3,9.36000003815,11.116845650823542,1.7568456126735423
2859,3,10.7153845934,12.406036718150519,1.6906521247505193
2860,3,11.0666666031,11.823346472537207,0.7566798694372068
2861,3,6.17500001192,8.825668570534251,2.6506685586142513
2862,3,13.8499999046,12.964296791308465,0.8857031132915356
2863,3,13.1000003815,12.848408172748506,0.251592208751493
2864,3,13.1199998856,12.5761512540705,0.5438486315295012
2865,3,14.3499999046,13.248101755293572,1.1018981493064288
2866,2,11.0999999046,10.417930699789764,0.6820692048102366
2867,2,8.88000011444,10.020737950036148,1.1407378355961484
2868,2,7.0625000596,8.43908324507678,1.3765831854767807
2869,2,13.4800001144,12.744279388170819,0.7357207262291805
2870,2,7.23333326976,8.106273719230202,0.8729404494702022
2871,2,13.2000002861,13.168463202713374,0.03153708338662575
2872,2,11.8000001907,12.737304530947707,0.9373043402477066
2873,2,11.5666666031,13.00226725101362,1.4356006479136205
2874,2,13.3399999619,13.141990635213656,0.19800932668634452
2875,2,8.60000038147,9.726724939232792,1.1267245577627918
2876,2,7.02499997616,8.106124728474486,1.0811247523144853
2877,2,9.41034491309,10.413608872031542,1.0032639589415417
2878,5,9.75,10.306860014948185,0.5568600149481853
2879,5,13.0750000477,13.034021580626693,0.0409784670733071
2880,5,13.6384615531,12.303622928478568,1.3348386246214332
2881,5,15.5,12.397445005323732,3.102554994676268
2882,5,13.0500001907,11.766661201211065,1.2833389894889358
2883,5,12.6000000636,11.998580745501247,0.6014193180987526
2884,5,13.8000001907,11.84636074013287,1.953639450567131
2885,5,8.43225806759,8.340485956016664,0.09177211157333609
2886,5,12.25,10.717733885648002,1.532266114351998
2887,5,11.3000001907,9.513345220217367,1.7866549704826333
2888,5,12.5999999046,11.973728576935695,0.6262713276643055
2889,1,13.2000001272,11.846285533176644,1.353714594023355
2890,1,9.0,10.536492737661938,1.5364927376619377
2891,1,11.0,10.642672935137613,0.3573270648623872
2892,1,12.1,13.78683068698976,1.6868306869897598
2893,1,7.0,11.184321862016265,4.184321862016265
2894,1,15.6999998093,13.2778697533094,2.4221300559906
2895,1,7.54285710199,9.478687703449152,1.935830601459152
2896,1,8.61428560529,10.018086662052772,1.403801056762772
2897,1,9.94999980927,9.649845186788705,0.3001546224812959
2898,1,11.3500003815,11.749213001550565,0.3992126200505659
2899,1,12.3999996185,14.323895607222713,1.9238959887227125
2900,4,13.6499996185,13.154928130535819,0.4950714879641822
2901,4,10.1666669846,9.889909998911875,0.27675698568812557
2902,4,12.2777777778,12.322534387166208,0.044756609366206845
2903,4,13.1666669846,11.894474258525051,1.27219272607495
2904,4,13.8499999046,13.645630372151924,0.20436953244807654
2905,4,11.0666666031,13.288608797420439,2.221942194320439
2906,4,10.5,10.471603056092626,0.02839694390737435
2907,4,13.7599998474,14.042926495480168,0.2829266480801689
2908,4,10.7999998728,11.707435483467835,0.9074356106678341
2909,4,7.48000001907,9.34053731438066,1.8605372953106594
2910,4,10.4000000954,11.571877009958085,1.1718769145580854
2911,4,12.6500000954,13.017216376199368,0.36721628079936863
2912,4,12.5333334605,11.645939044005555,0.8873944164944447
2913,4,11.5555554496,13.333192340718616,1.7776368911186164
2914,4,12.7333332698,11.889539722254241,0.8437935475457579
2915,4,5.42777776718,8.66363971262042,3.235861945440419
2916,4,15.4500000477,14.092833736732286,1.3571663109677132
2917,4,15.066666921,14.258922390986054,0.8077445300139452
2918,4,12.2999997139,12.399462457286951,0.09946274338695105
2919,4,12.5428570339,12.904591016455155,0.36173398255515465
2920,4,11.9125001431,13.49405554326089,1.5815554001608891
2921,4,11.625,11.894950388397813,0.26995038839781316
2922,2,14.8499999046,13.047591933246567,1.8024079713534338
2923,2,14.6500000954,14.238833694403258,0.4111664009967413
2924,2,14.1999998093,13.559181565045714,0.6408182442542856
2925,2,11.1666666667,12.207368202408535,1.0407015357085356
2926,2,8.80000019073,8.891196411281388,0.09119622055138876
2927,2,7.625,8.455498000288781,0.830498000288781
2928,2,10.1285714422,10.636176237239239,0.5076047950392386
2929,2,11.1999998093,10.142580075669622,1.0574197336303772
2930,2,9.99999988079,9.93282372251316,0.06717615827684043
2931,2,14.0333334605,10.885062934495535,3.148270526004465
2932,3,11.5499997139,11.6272654486797,0.077265734779699
2933,3,13.9916667144,12.716020788765169,1.2756459256348318
2934,3,8.15161292784,11.54145316084961,3.3898402330096093
2935,3,14.4000000954,12.773399451266805,1.6266006441331946
2936,3,11.1000000636,11.817498352464803,0.7174982888648032
2937,3,6.10000002384,8.504727907354424,2.4047278835144237
2938,3,7.5799999555,8.802727348742385,1.2227273932423852
2939,3,6.53599998474,9.66653202782657,3.1305320430865695
2940,3,7.6875,10.28095992475677,2.59345992475677
2941,3,8.04000005722,10.021255850555711,1.981255793335711
2942,3,9.20000019073,10.782298874807948,1.5822986840779478
2943,3,8.89999961853,9.129432901182287,0.22943328265228757
2944,1,14.3999996185,12.522116023639489,1.8778835948605117
2945,1,6.79999995232,8.154199664327221,1.3541997120072207
2946,1,6.46666669846,7.814580306478306,1.347913608018306
2947,1,13.8809524718,12.61019789582143,1.27075457597857
2948,1,9.7999997139,10.547326165358324,0.7473264514583242
2949,1,9.40000009537,10.13802776582735,0.738027670457349
2950,1,5.4153846594,8.576804491291387,3.1614198318913873
2951,1,7.09999990463,8.531673470139129,1.4316735655091293
2952,1,8.89999961853,10.501686563700268,1.6016869451702682
2953,1,13.5,14.143500237331189,0.6435002373311889
2954,1,14.0,13.757211780309495,0.2427882196905049
2955,1,10.75,10.164541255898044,0.5854587441019561
2956,1,9.41249990463,10.092150356450826,0.6796504518208266
2957,1,9.86818174882,11.598725614181411,1.7305438653614118
2958,1,7.10606063496,8.261826348143224,1.1557657131832233
2959,1,11.3000001907,12.892704533406135,1.592704342706135
2960,5,10.4777779049,9.89693512566836,0.5808427792316397
2961,5,14.0142856325,11.842665176121207,2.1716204563787933
2962,5,11.6333335241,10.597745852692594,1.0355876714074057
2963,5,7.45000004768,8.739880502937371,1.2898804552573715
2964,5,14.1500000954,12.785110489956908,1.364889605443091
2965,5,12.8000001907,11.035173344160498,1.7648268465395027
2966,5,12.8999996185,12.590831578584869,0.3091680399151322
2967,5,10.2166665395,11.70593188274525,1.4892653432452505
2968,5,14.3999999364,12.955903381063306,1.444096555336694
2969,5,11.5666666031,12.06824840589545,0.5015818027954495
2970,5,12.1000000636,10.76665271315308,1.3333473504469193
2971,5,11.9749999642,11.467179834296903,0.5078201299030969
2972,5,10.8250000477,10.35245672618929,0.47254332151070955
2973,5,14.8,11.921920418460067,2.878079581539934
2974,5,12.5083333651,12.472128509695178,0.03620485540482221
2975,5,7.01428576878,8.219719283367493,1.2054335145874928
2976,5,5.85000014305,8.885769506106143,3.0357693630561435
2977,5,12.9000003338,12.21316076011953,0.6868395736804693
2978,5,16.6000003815,13.954873689930597,2.645126691569402
2979,4,13.1500000954,14.40492684887788,1.2549267534778803
2980,4,6.71999998093,8.327320574125798,1.607320593195798
2981,4,12.0,13.675071338697478,1.675071338697478
2982,4,11.8999996185,11.972480887902876,0.07248126940287491
2983,4,13.4499999682,13.306238475143433,0.1437614930565676
2984,4,13.3999996185,14.325104997103196,0.9251053786031953
2985,4,13.4399999619,13.52330356110449,0.08330359920448949
2986,4,10.4499998093,10.734436790055478,0.2844369807554781
2987,4,14.6999998093,14.124100733590417,0.5758990757095823
2988,4,6.90000002725,8.20938894561057,1.30938891836057
2989,4,12.914285796,13.506005186331501,0.5917193903315017
2990,4,12.7249999046,13.441981661623403,0.7169817570234027
2991,4,10.3571427209,10.450629454629365,0.09348673372936389
2992,2,10.8000001907,10.09517651665654,0.7048236740434604
2993,2,8.72500014305,9.877715127454621,1.1527149844046214
2994,2,9.89999961853,10.409419863424032,0.5094202448940326
2995,2,11.3500003815,11.897799312389564,0.5477989308895648
2996,2,13.3250000477,12.721095099204325,0.6039049484956749
2997,2,15.6333332062,13.243837400916,2.3894958052839996
2998,2,11.9499998093,13.086029725839154,1.1360299165391545
2999,2,11.477777799,11.525615064780272,0.04783726578027192
3000,2,8.44999980927,10.269290177363947,1.819290368093947
3001,2,13.120000267,12.573540807250286,0.5464594597497143
3002,1,7.79375004768,8.196091442999482,0.4023413953194819
3003,1,5.9888888465,10.563318990726438,4.574430144226438
3004,1,12.1500003338,12.87921953322573,0.7292191994257298
3005,1,8.00000023842,9.492568326850847,1.492568088430847
3006,1,13.0333334605,14.905028918650013,1.871695458150013
3007,1,9.03181817315,8.780907901933116,0.2509102712168847
3008,1,13.1000003815,11.804281919405415,1.2957184620945839
3009,1,8.2916667064,10.86729792640134,2.575631220001341
3010,1,10.75,10.066777595199085,0.6832224048009152
3011,1,13.3000001907,13.256792185524908,0.04320800517509227
3012,5,12.6666666667,12.942449571389755,0.2757829046897555
3013,5,12.4000000954,13.353699728553703,0.953699633153704
3014,5,10.1,10.048295747309727,0.05170425269027312
3015,5,6.25714288439,8.42895105436595,2.1718081699759493
3016,5,12.2294117423,11.359470512382856,0.8699412299171438
3017,5,12.9400001526,12.3233487996613,0.6166513529386997
3018,5,14.5500001907,13.878745700157854,0.6712544905421467
3019,5,11.7999997139,11.918351611620476,0.11835189772047627
3020,5,14.3499999046,13.461131386429475,0.8888685181705256
3021,5,11.5750000477,12.251008107713103,0.6760080600131033
3022,5,13.8499999046,12.905512266886157,0.9444876377138431
3023,5,6.07857145582,8.166717732479633,2.088146276659633
3024,5,8.70000012716,9.172956007706134,0.47295588054613447
3025,5,12.5782609608,12.165142688690343,0.41311827210965646
3026,5,13.0,12.35972454240018,0.6402754575998202
3027,5,12.6461538168,11.742666942740565,0.9034868740594355
3028,5,12.6000000636,12.446211611271785,0.15378845232821448
3029,5,10.7199999809,10.810195241746149,0.09019526084614782
3030,5,7.98333338896,8.086550850355827,0.10321746139582721
3031,5,13.8333336512,12.843214214156095,0.990119437043905
3032,5,15.7666667302,13.357383367934649,2.4092833622653522
3033,5,11.1999998093,10.045039496608268,1.1549603126917312
3034,5,6.05217390475,9.224336557705971,3.172162652955971
3035,5,8.71999988556,10.346255587786924,1.6262557022269242
3036,5,5.9368421404,9.825657241214312,3.8888151008143126
3037,5,6.46833333174,9.16075222547919,2.6924188937391893
3038,5,14.1999998093,12.532339812683777,1.6676599966162229
3039,5,5.90000009537,9.835915594977942,3.935915499607942
3040,5,12.3999996185,11.441145507298138,0.9588541112018625
3041,5,6.44999980927,8.177856460538546,1.7278566512685458
3042,5,11.2999998728,10.58783007812863,0.7121697946713716
3043,5,7.14545449344,9.003170849594166,1.8577163561541665
3044,5,9.38000011444,10.434493936547792,1.0544938221077924
3045,5,6.95862071267,8.291886183057791,1.3332654703877909
3046,5,13.1999998093,12.509693084182288,0.6903067251177113
3047,3,6.87142852374,8.419256889586167,1.5478283658461676
3048,3,10.0999999046,10.214718216129164,0.11471831152916323
3049,3,9.6033708058,11.906379151178697,2.3030083453786983
3050,3,7.74285718373,9.254645268012872,1.5117880842828724
3051,3,8.39999993642,8.665941689270268,0.2659417528502672
3052,3,7.04999995232,8.855327483109415,1.8053275307894143
3053,3,7.5,10.148790885767834,2.648790885767834
3054,3,6.88000011444,8.445609931722055,1.5656098172820556
3055,3,11.8999996185,12.839078224329915,0.9390786058299145
3056,3,14.2727272727,13.29185964896807,0.98086762373193
3057,3,7.06666676203,9.182391810297167,2.1157250482671675
3058,3,14.0,13.038177680641065,0.9618223193589355
3059,3,5.93333334393,8.529031650266568,2.5956983063365673
3060,1,7.68571438108,9.373542619085743,1.6878282380057428
3061,1,10.3499999728,12.436140429673909,2.0861404568739097
3062,1,13.25,13.279354985079841,0.029354985079841356
3063,1,6.95000004768,8.149616789670537,1.1996167419905372
3064,1,13.0399999619,12.893420855989104,0.14657910591089518
3065,1,11.4000000272,12.617201598330833,1.2172015711308326
3066,1,10.1699999809,11.877035133239316,1.7070351523393157
3067,1,10.25,13.447443203938542,3.1974432039385423
3068,1,10.3999999364,10.908200939729634,0.5082010033296331
3069,1,13.5,13.553020342756536,0.05302034275653611
3070,1,12.6500000954,12.373680641832593,0.2763194535674067
3071,5,12.1999998093,11.174623903059588,1.025375906240411
3072,5,8.26538471075,8.210278151029275,0.0551065597207252
3073,5,12.8600000381,12.692084298333072,0.1679157397669293
3074,5,11.8499999046,10.233089908299684,1.6169099963003166
3075,5,7.03333330154,9.431937806134783,2.3986045045947835
3076,5,12.9624999762,11.820047041546015,1.142452934653985
3077,5,13.1749999523,13.077183850703356,0.09781610159664389
3078,5,14.1428570066,11.74683778594501,2.39601922065499
3079,5,12.6999999827,11.375882450180576,1.3241175325194234
3080,5,5.76666673024,9.662355191747555,3.8956884615075547
3081,5,13.0,10.120675449661789,2.879324550338211
3082,5,5.94999992847,9.32681314406548,3.3768132155954795
3083,5,12.8500001431,12.159464270094773,0.6905358730052278
3084,5,12.7399998665,11.547052166473858,1.1929477000261421
3085,5,7.10000006358,8.327594333412865,1.2275942698328652
3086,1,14.8499999046,13.80177332858049,1.0482265760195109
3087,1,13.9400001526,13.287586354219297,0.652413798380703
3088,1,7.94999996821,9.41220369043248,1.4622037222224806
3089,1,5.40000009537,8.536978339020248,3.1369782436502476
3090,1,5.70624992251,8.889421789529624,3.1831718670196247
3091,1,12.6600000381,11.955632103856479,0.7043679342435212
3092,1,11.3999996185,11.519392502298658,0.11939288379865687
3093,1,8.52857153756,10.418435659955264,1.8898641223952648
3094,1,13.1333332062,13.113967738762938,0.019365467437062023
3095,1,10.75,11.125062082690789,0.3750620826907891
3096,1,12.9499998093,13.844347529228155,0.894347719928156
3097,5,13.5222220951,11.380008091073867,2.1422140040261333
3098,5,11.6000003815,13.809761637480833,2.2097612559808333
3099,5,13.0,12.783460633409412,0.21653936659058814
3100,5,11.2999998728,12.50741904384519,1.2074191710451885
3101,5,13.1000003815,13.572859590929639,0.47285920942963955
3102,5,11.8111111323,10.94380171496607,0.8673094173339315
3103,5,11.6999998093,10.884844813016025,0.8151549962839741
3104,5,8.0,7.919576716577223,0.08042328342277738
3105,5,8.4666668574,9.442457415519307,0.9757905581193071
3106,5,11.6500000954,12.512209285843902,0.8622091904439024
3107,4,9.80000019073,11.513715920102445,1.7137157293724457
3108,5,14.4000000954,12.46790841253576,1.9320916828642396
3109,5,5.87058821846,8.922157245915212,3.051569027455212
3110,5,12.25,11.188317611108705,1.0616823888912954
3111,3,6.04999995232,8.614301600829556,2.5643016485095558
3112,3,10.0,11.310715380630363,1.3107153806303629
3113,3,12.25,12.124363366370229,0.12563663362977096
3114,3,13.8624999523,12.163295511839298,1.6992044404607025
3115,3,6.39166673024,9.193451407440744,2.801784677200744
3116,3,8.79999987284,10.67637982788009,1.8763799550400897
3117,3,13.2666667302,12.019747078925224,1.2469196512747764
3118,3,10.2666667302,10.420818688152071,0.15415195795207026
3119,3,7.61176479564,9.053855454017842,1.4420906583778423
3120,3,13.25,12.522369655507433,0.7276303444925674
3121,2,6.21666661898,8.575083096211033,2.3584164772310334
3122,2,12.8333330154,11.594486014471933,1.2388470009280663
3123,2,12.1,12.071309707497445,0.028690292502554726
3124,2,5.5,8.436515543263859,2.9365155432638588
3125,2,12.8999996185,12.314361337583195,0.5856382809168057
3126,2,12.5,12.671769189747987,0.17176918974798738
3127,2,8.36666663488,9.170213711923221,0.8035470770432216
3128,2,13.6999998093,12.81568578138505,0.8843140279149502
3129,2,5.57857148988,8.993550334223045,3.414978844343045
3130,2,11.9727271687,12.557439024615434,0.5847118559154332
3131,2,5.64999995232,8.918018127317417,3.268018174997417
3132,2,15.0249998569,13.558886305939403,1.4661135509605963
3133,2,11.1727273247,12.919865268362564,1.7471379436625636
3134,2,7.5,8.572477119093584,1.072477119093584
3135,2,13.4999998093,12.845879353840386,0.6541204554596138
3136,2,15.5750000477,13.52747697646354,2.0475230712364603
3137,2,6.93103444987,9.461297111446124,2.5302626615761232
3138,2,6.74444447623,8.568701117586048,1.8242566413560484
3139,2,10.3999999762,10.958727440743562,0.558727464543562
3140,2,9.12499976158,10.161442926327037,1.0364431647470376
3141,2,11.0000002384,10.189785823234434,0.8102144151655661
3142,2,12.2499998411,12.165591781353221,0.08440805974677801
3143,1,9.52000017166,10.037455153299284,0.5174549816392844
3144,1,14.6749999523,13.671345151733485,1.0036548005665153
3145,1,8.75,10.739855916248288,1.9898559162482883
3146,1,7.8266667366,9.145355222663355,1.3186884860633548
3147,1,10.6999998093,10.179280518985898,0.5207192903141014
3148,1,8.87500023842,10.273595885951245,1.3985956475312449
3149,1,13.6000000636,13.528326692386795,0.07167337121320472
3150,1,12.6500000954,12.599431216743913,0.050568878656086724
3151,1,12.4600002289,12.95529628145568,0.49529605255568043
3152,1,7.09999995232,8.953723201475963,1.853723249155963
3153,1,8.89999961853,10.64491889802375,1.7449192794937503
3154,1,11.625,11.651216260691672,0.02621626069167249
3155,1,12.6749999523,14.493271041240035,1.818271088940035
3156,1,8.36666647593,11.072549213783631,2.7058827378536314
3157,5,13.3400000572,12.376013702152253,0.9639863550477461
3158,5,5.69999980927,9.792235887712742,4.092236078442742
3159,5,13.5499999523,12.68581977907817,0.8641801732218308
3160,5,12.1999998093,12.200215956899292,0.00021614759929278193
3161,3,11.6999998093,10.934404527785698,0.765595281514301
3162,5,7.96666663488,8.208988850914752,0.24232221603475157
3163,5,7.02500009537,7.952098707943392,0.927098612573392
3164,5,6.80000019073,8.637809023996805,1.8378088332668057
3165,5,13.8000001907,12.202381982549523,1.597618208150477
3166,5,7.86111124357,8.205156899091882,0.3440456555218825
3167,5,13.3000001907,12.143732314186796,1.1562678765132048
3168,5,12.6000000636,12.15812112394827,0.44187893965172975
3169,5,10.8999996185,10.163631834778727,0.7363677837212741
3170,5,11.6999998093,8.878648929691524,2.8213508796084756
3171,5,13.5,10.75669852362848,2.7433014763715207
3172,5,14.1999998093,12.225998072723481,1.9740017365765183
3173,1,15.1999998093,13.885760843516618,1.3142389657833817
3174,1,14.2499998411,12.850898502846874,1.399101338253125
3175,1,8.0,9.938219303676949,1.9382193036769486
3176,1,6.70000004768,8.584461444589106,1.8844613969091064
3177,1,7.94999996821,9.053640561543148,1.1036405933331475
3178,1,5.72857141495,8.319587632496567,2.591016217546567
3179,1,11.0714285714,11.219419185744917,0.14799061434491634
3180,1,13.9500002861,12.8099765693896,1.1400237167104006
3181,1,13.3000001907,13.533231728607063,0.23323153790706286
3182,1,12.5666666031,11.820365678411175,0.7463009246888248
3183,1,7.8,8.416639984403167,0.6166399844031671
3184,1,10.8599998474,11.296223050807042,0.43622320340704235
3185,5,11.2833334605,11.347955021877578,0.06462156137757802
3186,5,10.0214285987,11.79671265705881,1.7752840583588103
3187,5,14.2000000477,12.721044322094734,1.4789557256052657
3188,5,13.8749997616,13.647144621603584,0.22785513999641616
3189,5,10.4000001907,10.211894495155914,0.18810569554408652
3190,5,12.5,13.223694493316625,0.7236944933166249
3191,5,12.2999999523,11.67447907367982,0.6255208786201809
3192,5,12.1666666667,12.443969266483496,0.27730259978349636
3193,5,9.89999961853,9.52562499299182,0.374374625538179
3194,5,14.433333238,13.43788826580344,0.9954449721965588
3195,5,6.09999990463,9.428033811452295,3.328033906822295
3196,1,11.1814815733,13.033971331208281,1.8524897579082822
3197,1,11.3826086625,13.15423600368068,1.7716273411806807
3198,1,12.0,11.589495361758104,0.4105046382418962
3199,1,12.3499999046,11.787978068462815,0.5620218361371858
3200,1,8.09999990463,10.130876124273527,2.0308762196435275
3201,1,7.35714285714,8.367610626895072,1.0104677697550715
3202,1,8.89999993642,10.668192683872238,1.7681927474522379
3203,1,6.96153846154,9.469320759415233,2.5077822978752327
3204,1,13.3999996185,10.729471863454554,2.6705277550454465
3205,1,11.3999996185,11.119277553958593,0.2807220645414077
3206,1,13.0666666031,12.395801115701328,0.6708654873986717
3207,2,13.1999998093,13.404201911954479,0.20420210265447913
3208,2,6.11875000596,8.856324438129114,2.7375744321691142
3209,2,12.6000000636,12.624697398861786,0.02469733526178608
3210,2,10.875,12.527792335873032,1.6527923358730323
3211,2,14.3000001907,12.710361949051018,1.5896382416489825
3212,2,13.1999998093,13.174172307236015,0.025827502063984653
3213,2,10.9499998093,11.971297146110759,1.0212973368107594
3214,2,12.1999998093,12.591967634891292,0.3919678255912924
3215,2,12.4619047982,12.72472334488118,0.26281854668117965
3216,2,12.75,13.448431285087892,0.6984312850878922
3217,2,10.4000000954,10.001497633357753,0.3985024620422468
3218,1,8.33333333333,12.473593471858203,4.140260138528204
3219,1,13.3999996185,12.131202302046473,1.2687973164535276
3220,1,11.3000001907,11.76395840997457,0.4639582192745699
3221,1,14.3999996185,12.609693870147629,1.790305748352372
3222,1,12.1666666667,13.052045452690697,0.8853787859906976
3223,1,13.9750001431,13.08938998331924,0.8856101597807609
3224,1,7.02222220103,8.055242572041589,1.033020371011589
3225,1,12.2333332698,12.356435293823981,0.12310202402398218
3226,1,14.2750003338,13.260987395185108,1.0140129386148917
3227,1,12.9399999619,11.258804099925275,1.6811958619747251
3228,1,13.25,13.797420746727344,0.5474207467273438
3229,3,13.0999999046,13.540987164580518,0.4409872599805169
3230,3,12.6000003815,12.663338291695956,0.06333791019595658
3231,3,8.625,9.053884509623376,0.42888450962337643
3232,3,13.0,12.368019447010296,0.6319805529897042
3233,3,11.2200000763,11.758797233763453,0.5387971574634527
3234,3,13.7875000238,12.859353711495562,0.9281463123044382
3235,3,15.0999999046,12.708828796621315,2.3911711079786855
3236,3,15.0249998569,13.167191412563717,1.857808444336282
3237,3,16.75,13.847605918401163,2.902394081598837
3238,3,9.93333339691,9.491251583198352,0.44208181371164734
3239,5,11.2190475464,10.418189200639791,0.8008583457602096
3240,5,11.3749997616,10.622147104584627,0.7528526570153726
3241,5,7.02000007629,8.285205367894097,1.2652052916040972
3242,5,7.36666663488,8.884676981265034,1.5180103463850347
3243,5,5.96250009537,9.5539621889071,3.5914620935370998
3244,5,12.1666666667,11.026903904832963,1.1397627618670363
3245,5,7.53333338102,9.490648250901303,1.9573148698813032
3246,5,14.7250001431,13.509906382401937,1.215093760698064
3247,5,12.4333333969,12.543094953168115,0.1097615562681149
3248,5,13.5499997139,11.878219233493928,1.6717804804060723
3249,5,12.1853658397,11.970945776338151,0.21442006336184782
3250,5,13.8666667938,12.772410819495839,1.0942559743041613
3251,4,13.2999999523,13.081060719180948,0.21893923311905183
3252,4,12.5499997139,11.511541263563352,1.0384584503366483
3253,4,8.27999973297,9.818411432138584,1.5384116991685843
3254,4,10.5333331426,11.13145955271283,0.5981264101128296
3255,4,10.7393939856,12.921395869013725,2.182001883413726
3256,4,10.5,12.165569363414825,1.665569363414825
3257,4,12.2250001431,11.973885321250778,0.25111482184922274
3258,4,13.0,13.0083741145772,0.008374114577199165
3259,4,12.3000001907,12.680277646020565,0.3802774553205648
3260,5,11.1999999682,10.097580556629254,1.1024194115707466
3261,5,13.1999998093,11.496522277243653,1.7034775320563469
3262,5,10.8000001907,11.017158225917543,0.21715803521754218
3263,5,13.1199998856,11.504906016242973,1.6150938693570271
3264,5,8.65454543721,9.36978751417253,0.7152420769625305
3265,5,14.2999997139,13.950424436241633,0.34957527765836716
3266,5,7.86000000636,9.50245649601508,1.6424564896550802
3267,5,6.23333332274,8.845526971907333,2.6121936491673328
3268,5,11.1000003815,13.460400106324931,2.3603997248249318
3269,5,12.6999998093,12.236197727364067,0.463802081935933
3270,5,11.6999998093,10.340819070014966,1.3591807392850335
3271,2,7.47999992371,8.408076683873524,0.928076760163524
3272,2,11.1000003815,9.856561747290414,1.2434386342095856
3273,2,12.9500002861,11.483480358923195,1.4665199271768046
3274,2,11.9000000954,12.886573211084837,0.9865731156848376
3275,2,13.1000003815,12.593357044544252,0.5066433369557473
3276,2,12.2416665554,12.470733250094092,0.22906669469409202
3277,2,6.7074074392,8.117501045940436,1.4100936067404364
3278,2,12.375,11.740680242979142,0.6343197570208581
3279,2,13.066666921,12.558713896604456,0.5079530243955439
3280,2,13.2999999523,12.76849718188639,0.5315027704136099
3281,4,9.03000001907,9.630967621155273,0.600967602085273
3282,4,12.9666665395,13.08695461963094,0.1202880801309405
3283,4,12.8000001907,12.639049801009039,0.16095038969096187
3284,4,11.7500002384,14.018732582687878,2.268732344287878
3285,4,12.6999998093,11.718817694848092,0.981182114451908
3286,4,6.37142848969,8.38452925816414,2.013100768474139
3287,4,7.58750003576,8.649922391539793,1.062422355779793
3288,4,11.0499997139,13.891790608935713,2.8417908950357127
3289,4,9.27142851693,10.030711791507656,0.7592832745776565
3290,4,12.9499999927,13.531920831702505,0.581920839002505
3291,3,6.56666668256,8.977184593190355,2.4105179106303547
3292,3,8.71249997616,8.93263834045628,0.22013836429628064
3293,3,13.3333333333,11.808794012920027,1.524539320379974
3294,3,11.9499998093,11.97675276274574,0.026752953445740246
3295,3,13.6000000636,12.48153506116202,1.1184650024379792
3296,3,13.6999998093,12.282048779422041,1.4179510298779583
3297,3,7.25,9.225413539613989,1.9754135396139887
3298,3,11.0999999046,11.428836874379034,0.328836969779033
3299,3,10.1000003815,11.255164274432708,1.155163892932709
3300,3,7.77826085298,8.780337408833036,1.0020765558530362
3301,3,7.25,8.492175511536013,1.2421755115360131
3302,3,12.9000000954,12.733414908700336,0.16658518669966327
3303,3,10.9499998093,13.548458315510564,2.598458506210564
3304,3,12.7999997139,11.095811601631116,1.7041881122688842
3305,1,10.7750000954,10.77307023757533,0.0019298578246687015
3306,1,8.17500007153,8.43264318843356,0.25764311690356045
3307,1,7.66666666667,10.553968534539276,2.887301867869276
3308,3,15.6666666667,12.955617404746365,2.711049261953635
3309,3,15.0666666031,12.069050161763377,2.997616441336623
3310,3,12.3666667938,12.187076058167063,0.17959073563293693
3311,3,11.6000003815,12.05405948917942,0.45405910767942004
3312,3,9.32499980927,10.277183632587398,0.952183823317398
3313,3,13.6000003815,13.050388236232822,0.5496121452671776
3314,3,12.75,12.107394916600438,0.6426050833995625
3315,3,12.0333333545,12.261834017409274,0.2285006629092745
3316,1,12.3999996185,13.16833386304679,0.7683342445467893
3317,1,12.3000001907,13.747095948842674,1.447095758142673
3318,1,9.03636368838,9.855326444960417,0.818962756580417
3319,1,14.6999998093,13.154215414159765,1.5457843951402346
3320,1,12.6000003815,12.608282190445458,0.00828180894545838
3321,1,10.8250000477,10.49648910733712,0.32851094036288053
3322,1,11.2999997139,11.225468271338077,0.07453144256192346
3323,3,11.1714285442,10.51851189832334,0.65291664587666
3324,3,13.0499997139,12.32269384048664,0.7273058734133606
3325,3,12.7999999523,12.645494061291405,0.15450589100859524
3326,5,13.1000003815,11.531405537181492,1.5685948443185076
3327,5,11.1999998093,11.080249858887024,0.11974995041297554
3328,5,9.49999968211,9.413056178457847,0.08694350365215264
3329,5,8.36666647593,7.968814764225401,0.39785171170459854
3330,5,12.6600000381,12.259485388069214,0.4005146500307859
3331,5,6.63749998808,7.351190204022764,0.7136902159427638
3332,5,8.33333365122,8.978006684023129,0.6446730328031283
3333,5,14.4333333969,12.30978844402491,2.12354495287509
3334,5,13.0,13.318103335788756,0.3181033357887557
3335,5,12.3999996185,11.82748265708911,0.5725169614108907
3336,1,11.5142856325,11.110201264382296,0.40408436811770443
3337,1,8.69999980927,10.758496310976476,2.0584965017064754
3338,1,6.5793103514,8.324850100694556,1.7455397492945561
3339,1,12.5333334605,12.62232676373412,0.0889933032341208
3340,1,12.1111111111,11.686502653190852,0.42460845790914803
3341,1,12.4500002861,12.326733890367548,0.12326639573245224
3342,1,12.1999998093,12.425103344591697,0.2251035352916979
3343,1,9.89999961853,10.289092193893932,0.38909257536393227
3344,1,8.90000009537,10.230187929095935,1.330187833725935
3345,1,9.95454554124,11.042750150831495,1.0882046095914948
3346,1,12.25,12.223475110469467,0.026524889530533002
3347,1,11.9249999523,11.949554272753923,0.02455432045392314
3348,2,8.86666647593,9.54607780591299,0.6794113299829903
3349,4,13.9500000477,14.089952536943233,0.13995248924323356
3350,4,12.8000001907,13.087256691702432,0.2872565010024317
3351,4,13.7999999523,13.277414768851873,0.5225851834481272
3352,4,7.1250000596,8.53066255407141,1.405662494471411
3353,4,6.0312500298,8.30807014770476,2.2768201179047596
3354,4,5.52000007629,8.107421836189946,2.5874217598999465
3355,4,13.0538460658,13.84264019496606,0.7887941291660603
3356,4,13.5,13.043371178588464,0.4566288214115364
3357,4,10.8999996185,10.903102692415633,0.0031030739156321374
3358,4,6.27499997616,8.143898782418827,1.8688988062588265
3359,4,7.10666666031,8.524584199715736,1.4179175394057362
3360,4,8.57500016689,10.04645456989267,1.4714544030026708
3361,4,13.0,13.29930572442214,0.29930572442214043
3362,4,11.6999998093,14.604496434470974,2.9044966251709745
3363,4,14.0999997457,13.469861452721947,0.630138292978053
3364,2,8.19999980927,10.068079798054097,1.8680799887840962
3365,2,11.1999998093,11.346965736317255,0.14696592701725564
3366,2,12.8999996185,12.93852550968625,0.03852589118625005
3367,2,8.22499990463,10.381929196059435,2.156929291429435
3368,2,11.3000001907,10.474099413297731,0.8259007774022695
3369,2,7.7333334287,9.91842299156723,2.1850895628672298
3370,2,12.8000001907,13.832723958109849,1.0327237674098484
3371,2,11.6999998093,11.558344192894364,0.14165561640563595
3372,2,14.1000003815,12.777350071623028,1.3226503098769715
3373,1,7.70000004768,10.5631689631355,2.8631689154555
3374,1,11.6000001431,10.940449193673583,0.6595509494264178
3375,1,7.69047623589,7.966743647612197,0.2762674117221966
3376,1,13.4277777672,12.594874406129412,0.8329033610705885
3377,1,14.1500000954,13.373501818440966,0.7764982769590336
3378,1,7.67500007153,9.373831417602567,1.6988313460725664
3379,1,12.3999999364,12.533022998307946,0.1330230619079451
3380,1,13.7250000238,13.560579262420882,0.16442076137911776
3381,1,9.94999980927,10.320488122386053,0.3704883131160521
3382,1,12.3999996185,15.175801642412132,2.7758020239121315
3383,1,12.6999998093,12.759871161301945,0.059871352001945155
3384,1,13.8999996185,12.755145275623372,1.144854342876629
3385,1,13.3333336512,13.45003304523844,0.11669939403843976
3386,1,13.6333332062,12.767486841186217,0.8658463650137822
3387,1,13.9666665395,14.093896465006692,0.12722992550669154
3388,1,10.6000003815,11.05225011672923,0.4522497352292305
3389,1,11.3999996185,10.490436532974115,0.9095630855258854
3390,1,15.1999998093,13.79553395820821,1.4044658510917891
3391,1,13.1000003815,13.18111521724989,0.08111483574989009
3392,1,12.4500002861,12.01290109262018,0.4370991934798205
3393,1,15.0,14.173873531643226,0.8261264683567742
3394,1,8.65555551317,8.872157307528717,0.2166017943587164
3395,4,12.8999996185,11.688680690256653,1.2113189282433474
3396,4,10.1333335241,10.183960666964346,0.05062714286434655
3397,4,12.9000002543,12.944871332582267,0.04487107828226655
3398,4,12.6000003815,11.609551808209993,0.9904485732900064
3399,4,13.5,13.35300016575835,0.1469998342416492
3400,4,9.0,9.957122698686224,0.9571226986862236
3401,4,12.5333334605,12.407642072328448,0.12569138817155157
3402,4,11.8400000572,13.36588879019791,1.5258887329979114
3403,4,7.69999980927,9.141442637903106,1.4414428286331056
3404,4,15.3000001907,13.504673096980923,1.7953270937190773
3405,4,6.22500002384,8.338873132901242,2.1138731090612417
3406,5,13.5,12.310898355871446,1.189101644128554
3407,5,9.47777779897,9.508948468421615,0.031170669451615396
3408,5,10.7999998728,12.948914752152398,2.1489148793523967
3409,1,8.43999996185,8.673636724735239,0.23363676288523827
3410,5,13.25,11.354021035066271,1.8959789649337289
3411,5,14.7500002384,12.554755242968348,2.1952449954316524
3412,5,14.1999998093,11.694094123119433,2.505905686180567
3413,5,11.5999999046,10.085269555638298,1.5147303489617023
3414,5,10.9499998093,10.218609169579173,0.7313906397208267
3415,5,13.3000001907,12.881204455766007,0.4187957349339939
3416,5,13.1000003815,11.538148849754979,1.5618515317450203
3417,3,6.83636370572,8.70612369080716,1.8697599850871605
3418,3,10.0666666031,10.688985525525059,0.6223189224250589
3419,3,13.2166666985,12.635718177706824,0.580948520793175
3420,3,13.375,12.264029481823881,1.110970518176119
3421,3,10.9749999046,11.447230954550486,0.47223104995048537
3422,3,10.2599998474,10.504348690575625,0.24434884317562577
3423,3,11.6000003815,11.429479713705547,0.1705206677944524
3424,3,7.68148150267,9.985126875940544,2.3036453732705446
3425,3,11.2235293108,12.145575929700987,0.9220466189009873
3426,2,12.8999996185,12.417326350801362,0.4826732676986385
3427,2,15.1999998093,13.370463912191315,1.8295358971086841
3428,2,14.75,13.45169389470788,1.29830610529212
3429,2,11.1999998093,11.468603794455417,0.2686039851554174
3430,2,13.1833333969,13.694065493638355,0.5107320967383551
3431,2,9.75454547188,10.60485857725391,0.8503131053739104
3432,2,12.6600000381,13.239738175669684,0.5797381375696844
3433,2,9.86666679382,10.134985722393772,0.2683189285737715
3434,2,12.1222222116,12.576597824411056,0.4543756128110559
3435,2,7.43999996185,8.696780453724834,1.2567804918748342
3436,2,14.8666664759,13.366023712948099,1.5006427629519017
3437,2,12.5999999046,11.697142337430467,0.9028575671695336
3438,1,6.41250002384,8.56878784571451,2.1562878218745105
3439,1,11.0,10.586140277942413,0.4138597220575875
3440,1,13.8179486593,13.375208313630582,0.442740345669419
3441,1,12.4371428626,13.541276846174531,1.1041339835745312
3442,1,7.23333326976,7.817303067094982,0.5839697973349818
3443,1,9.22876721212,11.334638224455073,2.105871012335074
3444,1,11.5333332486,11.302444202432218,0.23088904616778194
3445,1,8.31666684151,10.891546987176271,2.574880145666272
3446,1,10.9500002861,13.450265620817307,2.500265334717307
3447,1,7.32352935567,9.180752690884919,1.8572233352149192
3448,1,10.6000003815,10.638928869121598,0.038928487621598507
3449,1,13.8999998569,13.031696769737016,0.8683030871629835
3450,1,7.01999998093,8.511874490754202,1.4918745098242026
3451,1,13.2999998728,14.15472154587381,0.8547216730738096
3452,1,11.2166666985,12.466581010569588,1.2499143120695884
3453,1,7.86500008106,9.332464601197277,1.467464520137277
3454,1,5.78333338102,8.426218696309133,2.642885315289133
3455,4,10.4249999523,12.439871451140398,2.0148714988403977
3456,4,5.9230768864,8.589613365232562,2.6665364788325627
3457,4,7.96666661898,8.87061930470668,0.9039526857266811
3458,4,13.6375001669,13.519289816453313,0.11821035044668804
3459,4,11.1999998093,10.792864907704871,0.40713490159512844
3460,4,11.1999998093,13.357124628664181,2.1571248193641814
3461,4,12.3500001431,12.823185959417142,0.47318581631714096
3462,4,6.06666668256,8.033507132845074,1.9668404502850736
3463,4,12.2333332698,13.95292074934818,1.7195874795481814
3464,4,10.5249998569,10.507550679714154,0.0174491771858456
3465,4,8.39999961853,10.038986858348355,1.6389872398183556
3466,4,12.4000000954,13.116620366604037,0.7166202712040377
3467,4,12.1999998093,12.414347959820308,0.21434815052030842
3468,4,13.5,14.02066820623694,0.5206682062369392
3469,1,17.0083332062,15.800527011949173,1.2078061942508267
3470,1,18.7499996821,17.45375741880111,1.2962422632988897
3471,1,16.4666668574,16.311740802801193,0.15492605459880693
3472,1,16.9646153377,17.907897820575496,0.943282482875496
3473,1,21.0540984107,22.918667210269753,1.8645687995697529
3474,1,18.8059458861,19.527538517312035,0.7215926312120331
3475,1,18.1016891969,18.552660343844778,0.45097114694477725
3476,1,26.1719877078,25.158232501357915,1.0137552064420845
3477,1,16.8037037673,16.52542401505268,0.2782797522473217
3478,1,21.7177083294,22.135218580514703,0.4175102511147024
3479,1,14.7888888253,16.166203266198522,1.3773144408985214
3480,1,16.2230769671,16.965262620771902,0.7421856536719034
3481,3,25.5087591297,21.00357715327195,4.505181976428048
3482,3,18.5249999894,14.52668787872148,3.998312110678521
3483,3,19.9545454545,14.807742231438134,5.146803223061866
3484,3,21.4720000458,22.158385599381806,0.686385553581804
3485,3,16.7714287894,16.57586465324127,0.19556413615873325
3486,3,16.6428571429,16.905729697034698,0.2628725541346988
3487,3,24.2297297813,19.33907736670847,4.890652414591532
3488,3,16.5,15.14869837489087,1.35130162510913
3489,3,19.3714285351,17.052115761754358,2.3193127733456436
3490,3,15.2799999237,15.436689725553087,0.15668980185308712
3491,3,14.6941176022,15.305049750516204,0.6109321483162038
3492,3,21.1634615385,20.60421919067533,0.559242347824668
3493,3,17.929999733,16.300159463867708,1.6298402691322913
3494,3,20.5214286532,15.59482426616158,4.92660438703842
3495,3,17.8341773069,15.586620776948266,2.2475565299517335
3496,3,15.8749998808,15.32995185895066,0.5450480218493414
3497,5,15.1875000795,16.640932341022186,1.4534322615221864
3498,3,15.7600000381,15.464556003130085,0.2954440349699148
3499,5,18.0916668574,16.094737856671955,1.996929000728045
3500,5,20.660714422,25.019990054856386,4.359275632856384
3501,5,14.7999999523,16.77607465292096,1.976074700620961
3502,5,15.8083334366,17.07692579605341,1.2685923594534092
3503,5,15.5,17.51981124626123,2.0198112462612308
3504,5,15.8977777799,18.749871380284297,2.852093600384297
3505,5,15.8000001907,15.870200992555512,0.07020080185551159
3506,5,17.7520000458,17.128433734575395,0.6235663112246037
3507,5,16.0285715376,16.898942940398147,0.8703714027981455
3508,5,22.020000049,24.46667535043955,2.4466753014395515
3509,5,19.9352943196,24.13495384012232,4.199659520522321
3510,5,17.1483872321,16.56865938557484,0.5797278465251594
3511,5,20.2500004768,17.42044268634709,2.8295577904529097
3512,5,14.9600000381,15.177971123675695,0.21797108557569445
3513,5,18.0095238004,17.794424491153826,0.21509930924617393
3514,5,19.543478095,22.47930135388059,2.935823258880589
3515,5,21.5670103093,23.451682188701547,1.884671879401548
3516,5,18.3814814532,19.899991916573363,1.5185104633733637
3517,5,15.8357144764,17.591631128130874,1.7559166517308746
3518,5,19.6950819297,18.003530969436838,1.6915509602631609
3519,5,18.4112675358,18.168509468729425,0.24275806707057512
3520,5,14.8714284897,16.19302546174052,1.3215969720405187
3521,5,17.8071428026,15.770259770017331,2.0368830325826703
3522,5,15.8333333333,17.302783770482144,1.469450437182143
3523,5,16.897560957,16.522295698700077,0.3752652582999225
3524,5,15.6000000347,16.93453823679147,1.334538202091471
3525,5,28.653386439,27.17257068635721,1.480815752642787
3526,5,21.3734374344,23.76898563298559,2.3955481985855904
3527,5,29.5099077928,24.488053705538483,5.0218540872615165
3528,5,20.639999644,19.379435071960344,1.2605645720396552
3529,5,23.2044116749,24.142328191619917,0.9379165167199162
3530,1,16.8461536994,15.547307669581423,1.2988460298185753
3531,1,15.8250000477,16.631468581562924,0.8064685338629243
3532,1,14.5,14.494982792308004,0.005017207691995651
3533,1,21.4560974865,21.782568038694443,0.32647055219444354
3534,1,14.3571429934,14.328547721377177,0.02859527202282308
3535,1,14.6000000238,14.54028356796251,0.0597164558374903
3536,1,16.7999992371,17.447376406517115,0.6473771694171155
3537,1,21.3819445239,16.639473202042645,4.742471321857355
3538,1,17.927272762,17.190510439940148,0.7367623220598531
3539,1,18.5285715376,15.36597758151826,3.162593956081741
3540,1,18.1055555344,16.96965502420646,1.1359005101935402
3541,1,23.2257142748,21.190772571438092,2.034941703361909
3542,1,18.6013792367,20.166710850155578,1.5653316134555766
3543,1,16.6862068176,16.869461660378516,0.183254842778517
3544,1,16.0608695901,17.603840991062185,1.542971400962184
3545,1,20.8249999682,19.567502781688685,1.2574971865113156
3546,1,14.4000000954,15.832018146789103,1.4320180513891039
3547,1,30.0261681934,25.205563238892296,4.820604954507704
3548,1,21.8149605548,20.88801248732069,0.9269480674793087
3549,1,18.6306382687,17.971080044511986,0.6595582241880145
3550,1,18.1999999631,15.957020806998408,2.242979156101594
3551,1,19.4900114824,18.65528101326016,0.8347304691398385
3552,1,15.3500001431,17.802102415550518,2.4521022724505173
3553,1,23.3881356352,24.036260378066572,0.6481247428665711
3554,1,21.3968749642,19.792953850429065,1.6039211137709337
3555,1,17.7624998093,18.111112556069887,0.34861274676988785
3556,1,16.9331250548,17.75179754463557,0.8186724898355671
3557,1,21.8339285851,21.561583650651176,0.27234493444882446
3558,1,19.8687500954,19.58962312555747,0.2791269698425296
3559,1,14.5799999237,15.10381001504696,0.5238100913469594
3560,1,18.3137932481,20.35727959167977,2.0434863435797688
3561,1,24.8499999387,22.088516000795607,2.7614839379043943
3562,1,15.8892856666,17.27347296122946,1.3841872946294593
3563,1,19.0665048673,16.779502883903902,2.287001983396099
3564,1,19.8371427536,17.3613153472197,2.475827406380297
3565,2,20.654782685,15.956210862601615,4.698571822398385
3566,2,14.4000000954,15.579385728018755,1.1793856326187555
3567,2,15.3000001907,15.127730057678841,0.17227013302115957
3568,2,19.357142789,17.15036699159275,2.20677579740725
3569,2,19.2794117086,21.715561687463886,2.4361499788638845
3570,2,18.8287879192,18.99011335898799,0.16132543978799063
3571,2,26.445613928,22.940784697547357,3.5048292304526427
3572,2,14.1000003815,14.673032945647533,0.5730325641475336
3573,2,14.5,16.07752436396984,1.5775243639698395
3574,2,15.933333079,16.796826369357206,0.863493290357205
3575,2,15.8777777354,18.25287026288773,2.3750925274877286
3576,2,15.8333331744,16.46266681909247,0.6293336446924691
3577,2,15.4499999046,16.418861579496248,0.9688616748962477
3578,2,19.6297619456,18.82476396061591,0.8049979849840874
3579,2,15.3399999619,16.28729716375129,0.9472972018512902
3580,2,20.0144330054,18.06428015743683,1.950152847963171
3581,2,22.7103448013,21.315026358002573,1.3953184432974268
3582,2,13.8999996185,15.297123987901413,1.3971243694014124
3583,4,15.6000003815,15.459683509766775,0.1403168717332246
3584,4,15.2,14.60274008515706,0.5972599148429385
3585,4,18.6750000318,18.312555311354103,0.3624447204458967
3586,4,15.9400000254,16.01140330517807,0.07140327977807104
3587,4,24.7395349187,24.8804255896048,0.14089067090480256
3588,4,15.1666666667,15.552030112849494,0.38536344614949414
3589,4,18.2923076336,18.860969251582926,0.5686616179829258
3590,4,15.0,14.423200762639674,0.5767992373603263
3591,4,14.1499997775,13.052846333506869,1.0971534439931308
3592,4,19.0666664971,17.68032864559718,1.386337851502823
3593,4,15.5444444021,15.71685932344699,0.17241492134698966
3594,4,16.8571429934,16.349138107282876,0.5080048861171242
3595,4,18.9375,19.041828132738274,0.10432813273827435
3596,4,22.2058822728,21.467992580182404,0.7378896926175962
3597,4,14.4318181385,16.163359380198084,1.7315412416980838
3598,4,17.8257142203,15.501416749957478,2.324297470342522
3599,4,15.0,14.816967407724935,0.1830325922750653
3600,4,20.764285905,21.546741795958386,0.782455890958385
3601,5,17.0133332994,16.862369590894794,0.15096370850520557
3602,5,15.1000000238,16.857507393865422,1.7575073700654222
3603,5,28.3719999313,25.837460737182344,2.534539194117656
3604,5,23.9045453505,24.53822147024475,0.6336761197447487
3605,5,21.0533332825,17.582724942931865,3.470608339568134
3606,5,17.0857143402,15.861371719700543,1.2243426204994563
3607,5,23.0844444063,20.68095875512403,2.40348565117597
3608,5,15.4749999046,15.980224489926355,0.5052245853263546
3609,5,15.1800000668,16.24916181613822,1.0691617493382193
3610,5,21.3521738467,18.542731578024,2.809442268676001
3611,5,18.9575759425,22.386106256190686,3.428530313690686
3612,3,9.0,7.944657270313103,1.0553427296868971
3613,3,7.69999980927,6.944033563404993,0.7559662458650074
3614,3,11.3666667938,8.921017591043018,2.4456492027569823
3615,3,11.8999996185,9.35218293784487,2.5478166806551314
3616,3,11.3000001907,9.59948519597701,1.7005149947229903
3617,3,11.5666666031,9.144757511670655,2.4219090914293453
3618,3,11.3999996185,8.640894527213508,2.759105091286493
3619,3,9.40000009537,9.219057592507149,0.18094250286285174
3620,3,9.39999961853,8.476112359800174,0.9238872587298257
3621,3,8.64999985695,8.721065291395373,0.07106543444537294
3622,3,10.9333333969,9.367933292475893,1.565400104424107
3623,2,11.4333333969,10.653608611842317,0.7797247850576827
3624,2,12.0,10.628805366032182,1.3711946339678178
3625,2,8.39999961853,9.753251335364062,1.3532517168340625
3626,2,11.6500000954,10.153303749506836,1.496696345893163
3627,2,9.89999961853,10.500835035579742,0.6008354170497423
3628,2,8.5,10.486675005684274,1.9866750056842744
3629,2,11.5,10.247914309495183,1.252085690504817
3630,2,11.1000003815,10.23186929744918,0.8681310840508196
3631,2,11.2199998856,10.057320144702938,1.1626797408970617
3632,2,11.6999998093,10.239138018010438,1.4608617912895614
3633,2,11.0249998569,9.542089719766029,1.4829101371339704
3634,2,11.1999998093,10.384794862111002,0.815204947188997
3635,5,8.63999977112,8.88585083437193,0.24585106325192996
3636,5,8.69999980927,9.63704105748392,0.9370412482139194
3637,5,8.39999961853,8.83370808113691,0.4337084626069103
3638,5,11.8000001907,9.765696608021418,2.0343035826785822
3639,5,8.60000038147,7.959791085298647,0.6402092961713528
3640,5,8.60000038147,8.880716726763524,0.2807163452935235
3641,5,8.19999980927,8.582767329754674,0.38276752048467344
3642,5,11.433333079,10.268810163033004,1.1645229159669963
3643,5,11.6999998093,11.738374304100864,0.03837449480086441
3644,5,8.70000012716,9.513482365688922,0.8134822385289233
3645,5,8.30000019073,9.654099614629137,1.3540994238991377
3646,4,9.30000019073,10.015565493022665,0.7155653022926654
3647,4,11.1750001907,9.551756495057461,1.6232436956425396
3648,4,8.5,8.505540749146316,0.005540749146316415
3649,4,8.5,8.624368415821433,0.12436841582143288
3650,4,11.8000001907,9.130259612692967,2.6697405780070333
3651,4,8.7999997139,8.78734911209414,0.012650601805860973
3652,4,10.1999998093,9.05758240593197,1.1424174033680288
3653,4,8.51999988556,9.451719923085406,0.9317200375254053
3654,4,8.53333346049,8.481739407374434,0.05159405311556675
3655,4,10.8000001907,9.834686075614755,0.9653141150852456
3656,4,9.72499990463,8.570141541099757,1.1548583635302432
3657,4,12.4000000954,9.53394332385103,2.866056771548969
3658,4,10.4333335559,9.008601450513876,1.4247321053861235
3659,4,8.09999990463,9.451834404159857,1.3518344995298577
3660,4,11.8499999046,9.486070185807566,2.363929718792434
3661,4,8.29999995232,8.667027508679542,0.36702755635954176
3662,4,8.38333328565,8.870446103392098,0.4871128177420978
3663,4,11.6999998093,9.400730031154906,2.299269778145094
3664,4,8.20000019073,8.776928823698698,0.5769286329686985
3665,4,8.13333336512,8.669084453408093,0.5357510882880927
3666,4,8.80000019073,10.180861509163794,1.3808613184337943
3667,4,9.89999961853,9.010639133232559,0.8893604852974413
3668,4,8.44999980927,8.289424677661351,0.160575131608649
3669,4,10.1000003815,8.916200254943949,1.1838001265560507
3670,4,10.6000003815,9.93009005139728,0.66991033010272
3671,5,10.8000001907,10.57942524026345,0.22057495043654995
3672,5,10.9399997711,10.195655748170095,0.744344022929905
3673,5,10.1999998093,10.363472649411518,0.16347284011151864
3674,5,11.3000001907,10.522137411878493,0.7778627788215076
3675,5,8.0,9.8566125007055,1.8566125007055003
3676,5,11.75,9.863130379099967,1.8868696209000326
3677,5,8.7999997139,9.95557517797562,1.1555754640756195
3678,5,7.59999990463,8.438042219496593,0.838042314866593
3679,5,11.3000001907,10.019399590570824,1.2806006001291763
3680,5,8.19999980927,8.15912182615051,0.04087798311948987
3681,3,12.1500000954,9.444486682127874,2.7055134132721257
3682,3,11.5,9.531411391375887,1.9685886086241133
3683,3,9.19999980927,8.265292117196804,0.9347076920731965
3684,3,11.7999997139,9.504753725412495,2.2952459884875047
3685,3,11.3999996185,9.683729145035004,1.7162704734649967
3686,3,11.0500001907,8.541198824804706,2.5088013658952946
3687,3,10.8600000381,9.56376419115588,1.2962358469441213
3688,3,8.10000038147,8.594781662590004,0.4947812811200034
3689,5,8.19999980927,9.074449267101873,0.8744494578318722
3690,3,9.19999980927,8.380688158778216,0.8193116504917839
3691,3,11.0,9.083674677892834,1.9163253221071663
3692,3,10.8000001907,9.251230075840292,1.5487701148597086
3693,3,8.10000002384,7.562398513258708,0.5376015105812915
3694,3,10.0,8.500162970852205,1.4998370291477947
3695,3,11.3499999046,8.953813791274094,2.396186113325907
3696,3,9.7000002861,8.565487884171635,1.1345124019283652
3697,3,8.39999961853,8.224250353526902,0.1757492650030983
3698,3,9.86666679382,10.215737243593525,0.3490704497735244
3699,3,10.8999996185,9.262706237500847,1.6372933809991537
3700,3,10.5333334605,9.300269045883516,1.233064414616484
3701,3,9.25,9.031278027335365,0.21872197266463544
3702,2,8.33333333333,9.603599672342018,1.270266339012018
3703,2,8.4500002861,9.794313044982644,1.3443127588826442
3704,2,10.3000001907,10.429550235616635,0.12955004491663402
3705,2,8.65000009537,9.936284002226706,1.2862839068567062
3706,2,9.39999961853,9.703207823689844,0.30320820515984437
3707,2,10.9500002861,10.339215098092769,0.610785188007231
3708,2,9.5,10.156379215736496,0.6563792157364965
3709,2,8.2000002861,9.742079668292625,1.5420793821926253
3710,2,8.00000023842,9.809587875583205,1.8095876371632045
3711,2,9.27499985695,10.116746126586962,0.8417462696369622
3712,2,8.5,9.54024353571087,1.0402435357108697
3713,2,10.8999996185,9.514348039843854,1.3856515786561463
3714,2,8.89999961853,9.640744525672837,0.7407449071428367
3715,2,11.8999996185,10.204423684089852,1.695575934410149
3716,2,8.60000038147,10.194323122690227,1.5943227412202265
3717,2,8.5,9.614228330615948,1.1142283306159477
3718,2,8.5,10.285075981683308,1.785075981683308
3719,2,10.5500001907,9.607715234640995,0.9422849560590052
3720,2,12.6999998093,10.673499392954785,2.0265004163452147
3721,2,8.5,10.17956708548967,1.6795670854896692
3722,2,9.3666665819,10.137628974434033,0.7709623925340328
3723,2,11.3999996185,10.252148056150752,1.1478515623492491
3724,2,11.5500001907,10.37093081740392,1.1790693732960804
3725,1,8.60000038147,9.791825515933908,1.1918251344639081
3726,1,8.80000019073,8.642706439816887,0.15729375091311226
3727,1,9.60000006358,10.330217703808005,0.7302176402280054
3728,1,8.5,9.164221496692821,0.6642214966928215
3729,1,11.4333337148,10.301123146142968,1.1322105686570314
3730,1,9.10000038147,9.266519647468197,0.16651926599819689
3731,1,10.0999999046,9.698796967367295,0.4012029372327053
3732,1,8.19999980927,9.783112432261824,1.5831126229918233
3733,1,8.34000015259,10.05199580451365,1.711995651923651
3734,1,8.53999996185,9.935556221882969,1.3955562600329685
3735,1,10.1999998093,10.180376044220559,0.019623765079440858
3736,1,10.5249998569,10.591927165866007,0.06692730896600807
3737,1,8.66666666667,10.89437014325389,2.2277034765838906
3738,1,9.68333339691,10.801758532388254,1.1184251354782546
3739,1,10.6999998093,10.722060206051697,0.022060396751697908
3740,1,11.3999996185,10.538845745624068,0.8611538728759331
3741,1,11.5,11.055070654955433,0.44492934504456727
3742,1,8.55000019073,10.931922048927118,2.381921858197119
3743,3,11.8999998569,9.7686784177434,2.131321439156599
3744,3,8.89999961853,8.056168415530072,0.8438312029999278
3745,3,8.3714285578,9.139616906125989,0.7681883483259888
3746,3,9.34999990463,8.669755967710355,0.6802439369196449
3747,3,8.56666660309,8.489990088877398,0.07667651421260224
3748,3,12.0750000477,10.002926328143511,2.0720737195564887
3749,3,11.9000000954,8.239340914775056,3.6606591806249433
3750,3,11.1999998093,8.842635336912156,2.357364472387843
3751,3,8.55000019073,8.180258320259213,0.36974187047078644
3752,3,9.04999995232,8.995716922552692,0.05428302976730848
3753,2,8.89999961853,9.575317466107833,0.6753178475778334
3754,2,11.1000003815,10.413080610897643,0.6869197706023566
3755,2,11.9000000954,9.74114278777871,2.1588573076212896
3756,2,8.4500002861,9.901866847846653,1.4518665617466535
3757,2,8.89999961853,9.850013516087337,0.9500138975573371
3758,2,8.34999990463,10.147316051741416,1.7973161471114167
3759,2,8.56666660309,10.486624633855872,1.919958030765871
3760,2,9.65999984741,10.367322877308766,0.7073230298987649
3761,2,8.19999980927,9.41048353045359,1.2104837211835893
3762,2,8.47499990463,9.881902666400672,1.406902761770672
3763,2,8.55000019073,9.344421851436561,0.7944216607065613
3764,2,10.1999998093,8.881380682492097,1.3186191268079028
3765,2,8.5,9.535743241157586,1.0357432411575864
3766,2,8.84999990463,10.247530427078937,1.3975305224489372
3767,2,8.39999961853,9.745436667590589,1.345437049060589
3768,2,10.5333334605,9.47582283149911,1.0575106290008893
3769,4,10.4750001431,9.481772046967905,0.9932280961320963
3770,3,8.95000004768,8.669882057213496,0.2801179904665041
3771,4,9.60000002384,9.044998359577207,0.5550016642627931
3772,4,8.375,8.657286466257414,0.28228646625741405
3773,4,8.10000038147,8.52724525084059,0.4272448693705897
3774,4,8.18000011444,8.555528739233075,0.37552862479307514
3775,4,8.3,8.728920406409397,0.42892040640939655
3776,4,8.5,8.395529748120568,0.10447025187943204
3777,4,8.55000019073,8.000159211406187,0.5498409793238128
3778,4,8.69999980927,8.466755733678378,0.23324407559162275
3779,4,10.1333335241,9.292688854969736,0.8406446691302634
3780,4,10.8999996185,9.26529838030998,1.6347012381900203
3781,4,8.30000019073,8.627056886559805,0.3270566958298051
3782,5,12.6999998093,11.42020886188812,1.279790947411879
3783,5,9.0,8.936032370060833,0.06396762993916738
3784,5,9.65000009537,10.063038845212862,0.4130387498428618
3785,5,10.6499998569,10.054619758325702,0.5953800985742976
3786,5,9.97142846244,9.514354960667815,0.45707350177218586
3787,5,10.8999996185,10.832971484381059,0.06702813411894226
3788,5,7.90000009537,8.526876581417302,0.6268764860473013
3789,5,11.0,10.527803337856021,0.47219666214397904
3790,3,11.8000001907,9.117421363700402,2.682578826999599
3791,3,11.1833333969,9.618292380645297,1.5650410162547033
3792,3,11.1333332062,10.049197719826932,1.084135486373068
3793,3,8.74999976158,9.002904567854799,0.25290480627479894
3794,3,9.48333326976,8.781411362016339,0.7019219077436603
3795,3,11.3000001907,9.080826752655783,2.2191734380442174
3796,3,9.67499995232,9.476305535210379,0.1986944171096212
3797,3,8.59999974569,8.989681037737494,0.38968129204749324
3798,3,10.1999998093,9.59278245146163,0.607217357838369
3799,3,9.10000038147,8.826405829904274,0.27359455156572565
3800,3,9.05000019073,8.878459074414673,0.17154111631532665
3801,3,12.1000003815,8.862458154623733,3.2375422268762666
3802,3,8.30000019073,7.36973770854188,0.9302624821881196
3803,3,8.7999997139,8.913689369899402,0.1136896559994014
3804,3,9.0,8.46269060791052,0.5373093920894796
3805,5,13.5999999046,14.76125999521652,1.1612600906165191
3806,5,14.6692308279,15.323184423646287,0.6539535957462874
3807,5,12.2666667302,14.484936312782082,2.2182695825820815
3808,5,14.0,15.465478700344676,1.4654787003446756
3809,5,13.8500001431,13.526827417090766,0.3231727260092345
3810,2,15.314285687,13.431612458205247,1.8826732287947525
3811,5,11.6999998093,13.295154706266686,1.5951548969666867
3812,5,13.8200000763,13.829747494688908,0.009747418388908358
3813,5,16.1799999237,13.995184596074438,2.184815327625561
3814,5,13.9249999523,14.554594283449044,0.6295943311490433
3815,5,12.5999999046,13.061049675955063,0.46104977135506253
3816,1,13.7333332698,13.64857233110721,0.08476093869278856
3817,1,14.3000001907,13.45473325572962,0.8452669349703807
3818,1,14.3000001907,14.207946022693363,0.09205416800663713
3819,1,12.5,14.139606300654735,1.6396063006547354
3820,1,12.8285714558,13.074028799797615,0.24545734399761443
3821,1,13.9800001144,13.111164157139088,0.8688359572609112
3822,1,12.9499999682,14.07797588109472,1.127975912894719
3823,1,12.7200000763,15.061744327619094,2.341744251319094
3824,1,12.300000044,14.187503146919012,1.8875031029190108
3825,1,12.4000000954,13.415418367560711,1.0154182721607121
3826,1,12.8166666031,13.305389860256822,0.4887232571568223
3827,1,12.8999998569,15.863458724966186,2.963458868066187
3828,1,12.5,13.583781103084771,1.083781103084771
3829,1,13.1799999237,13.735273000579753,0.555273076879752
3830,3,14.7428569794,12.304732915726046,2.438124063673955
3831,3,12.9800001144,12.871650105971842,0.10835000842815745
3832,3,12.6999998093,12.931949375464047,0.23194956616404738
3833,3,13.0500001907,13.816636925135937,0.7666367344359362
3834,3,14.25,13.914891782985547,0.3351082170144526
3835,3,12.8499999046,12.926821595508429,0.07682169090842805
3836,3,14.3999996185,15.23070435600374,0.8307047375037389
3837,3,14.0,12.480463225612167,1.5195367743878325
3838,3,13.1000003815,12.489991391824208,0.6100089896757908
3839,3,12.672727238,12.313401782968139,0.3593254550318612
3840,3,13.4500002861,13.210549878083086,0.2394504080169142
3841,3,14.25,13.110838641487858,1.1391613585121423
3842,3,12.2714286532,13.015278952078473,0.7438502988784741
3843,3,14.3500003815,12.63619445057875,1.71380593092125
3844,3,12.7999999183,14.015970326012038,1.2159704077120388
3845,3,13.2666664124,12.513373038203056,0.753293374196943
3846,3,13.6333332062,12.973557995566605,0.659775210633395
3847,3,12.3000001907,12.558600768620817,0.2586005779208165
3848,3,13.0999999046,13.052873842753208,0.04712606184679302
3849,3,13.9500000477,12.774490473028191,1.1755095746718087
3850,3,14.1333332062,12.55282450642309,1.5805086997769102
3851,3,13.0,12.576819301523688,0.4231806984763118
3852,3,14.5749998093,13.028557246460814,1.5464425628391858
3853,3,13.4666665395,12.076964056753104,1.3897024827468965
3854,3,12.8000001907,12.662342510972268,0.13765767972773268
3855,3,14.3499999046,13.978021588084289,0.3719783165157118
3856,3,12.6749999523,12.822701294014058,0.14770134171405758
3857,3,13.1999998093,12.454440175391614,0.7455596339083854
3858,3,13.7625000477,12.738716034405158,1.0237840132948417
3859,3,11.8800001144,13.535314497700977,1.6553143833009774
3860,5,12.5,13.904293249353083,1.404293249353083
3861,5,13.4333333969,13.643307492923368,0.2099740960233678
3862,5,13.0,14.139946958619321,1.139946958619321
3863,5,12.9999999046,15.814606203523184,2.8146062989231844
3864,5,12.9000000954,15.757272661369157,2.857272565969158
3865,5,12.8166666031,14.87151092421267,2.05484432111267
3866,5,12.7833334605,13.740466547903605,0.957133087403605
3867,5,12.0923076776,13.90821612846067,1.81590845086067
3868,5,12.2399999619,13.917535332708505,1.6775353708085046
3869,5,15.4599998474,13.934990539559792,1.5250093078402092
3870,5,14.7333332698,14.150206190776466,0.5831270790235337
3871,5,13.3400001526,13.770699121622844,0.43069896902284377
3872,5,13.9749999046,14.42614146702219,0.4511415624221886
3873,5,13.7222222222,14.101305678118715,0.37908345591871573
3874,5,13.5913044473,15.094267421123428,1.5029629738234274
3875,4,13.4333333969,13.350413088551672,0.08292030834832786
3876,4,13.8000001907,13.644258331032391,0.155741859667609
3877,4,13.6083334287,14.608494950680551,1.0001615219805515
3878,4,14.3899999619,13.422069871215053,0.9679300906849466
3879,4,12.4888889525,13.624363529706091,1.1354745772060912
3880,4,13.4571426937,14.18573884058355,0.7285961468835502
3881,4,13.5,13.843457751035478,0.34345775103547815
3882,4,11.5333333015,13.188539393021626,1.6552060915216256
3883,4,13.0499997139,13.70441947336575,0.6544197594657497
3884,4,13.3250000477,14.405722673147459,1.080722625447459
3885,2,12.4833332698,14.293368699673316,1.8100354298733166
3886,2,13.0499997139,14.906320768141715,1.8563210542417146
3887,2,12.3999996185,14.18893945977709,1.7889398412770898
3888,2,14.0250000954,13.856160367911771,0.16883972748822806
3889,2,13.4800001144,14.572434616634633,1.0924345022346333
3890,2,12.4428571974,13.3429321815062,0.9000749841061992
3891,2,12.0999999728,13.938270495135606,1.8382705223356073
3892,2,12.75,14.094512614812254,1.3445126148122544
3893,2,12.8692307105,13.004037046389609,0.13480633588960877
3894,2,14.6000003815,13.5472742223816,1.0527261591184
3895,2,13.4166668256,13.976646294251193,0.5599794686511927
3896,2,12.7666667302,14.477752237715311,1.7110855075153104
3897,2,13.0,14.03874887067457,1.0387488706745707
3898,2,12.4799999237,16.435303030179654,3.955303106479654
3899,1,11.9333333969,13.927238281816596,1.9939048849165957
3900,1,14.8999999364,13.095122047680158,1.804877888719842
3901,1,14.1000003815,13.27380908196807,0.8261912995319296
3902,1,13.7333332698,12.866641289725836,0.8666919800741635
3903,1,13.5999999046,13.926012182388849,0.32601227778884834
3904,1,14.4666665395,13.138307473345334,1.3283590661546665
3905,1,14.1000003815,14.06309581082055,0.03690457067944841
3906,2,14.9285714286,14.295527153891818,0.6330442747081815
3907,1,12.8999996185,13.19866643585937,0.2986668173593685
3908,1,13.7000002861,14.139673149729358,0.4396728636293581
3909,1,16.3999996185,13.741516074824535,2.658483543675466
3910,1,14.0499997139,12.59832558903376,1.4516741248662406
3911,1,12.9750001431,12.956975981903511,0.01802416119648953
3912,1,13.0333334605,13.66663210991198,0.6332986494119801
3913,1,12.4399999619,13.538082116564464,1.0980821546644641
3914,1,12.6999998093,13.790613223700525,1.0906134144005257
3915,1,13.3999996185,13.338955394426057,0.061044224073944164
3916,1,13.4333333969,13.650711379882551,0.2173779829825513
3917,1,12.1000003815,15.306581809600821,3.2065814281008223
3918,1,12.8666667938,13.382219175211112,0.515552381411112
3919,1,12.5,13.326362556657118,0.8263625566571182
3920,1,13.6000003815,13.453843358203878,0.14615702329612112
3921,2,13.8999996185,13.673520899596982,0.22647871890301907
3922,2,12.3999996185,14.316998743270073,1.9169991247700722
3923,2,14.5,14.430982427157048,0.06901757284295229
3924,2,16.5833331744,14.130264004123795,2.453069170276205
3925,2,12.4000000954,13.563577766313026,1.1635776709130266
3926,2,14.9000000954,13.263631421875546,1.6363686735244531
3927,2,13.0142857688,14.293683429155042,1.2793976603550412
3928,2,12.2222222222,13.447150172274196,1.2249279500741963
3929,2,12.5,13.91123750731587,1.4112375073158692
3930,2,13.8166666031,14.22208204763146,0.40541544453146017
3931,2,12.0,13.315534092212598,1.315534092212598
3932,2,13.0500001907,14.060105181454091,1.0101049907540904
3933,2,16.2999998728,13.81614953628205,2.4838503365179516
3934,2,12.3000000318,13.423549933438563,1.1235499016385635
3935,2,12.5499997139,13.595591605936868,1.0455918920368674
3936,5,13.1000003815,14.237310900462987,1.1373105189629875
3937,5,13.8999996185,13.413629090244331,0.4863705282556694
3938,5,12.8999999364,14.467730993011418,1.567731056611418
3939,5,13.5454546322,13.395179788188415,0.15027484401158553
3940,5,12.6464285851,14.21861350176756,1.5721849166675597
3941,5,13.4749999642,13.811491078249977,0.3364911140499771
3942,5,12.5099999428,14.199415473562702,1.6894155307627017
3943,5,11.3749997616,13.785936191251901,2.410936429651901
3944,5,12.2888888253,15.22292466881824,2.93403584351824
3945,5,13.3999996185,14.248339328645475,0.8483397101454742
3946,5,12.6999998093,14.828573657998394,2.1285738486983945
3947,5,14.5800001144,13.282677832509396,1.2973222818906045
3948,5,12.8000001907,14.194485251479104,1.394485060779104
3949,5,14.3000001907,14.573042201154003,0.27304201045400234
3950,5,13.566666921,15.509516225466918,1.9428493044669182
3951,5,12.6499999364,14.308814710845672,1.6588147744456716
3952,5,12.9333333969,15.274796265895779,2.3414628689957784
3953,5,13.2999997139,14.491296902997783,1.1912971890977833
3954,5,12.6499999762,14.041782407297546,1.3917824310975462
3955,5,14.2666667302,13.187421479980262,1.0792452502197385
3956,5,14.5,14.32089589195938,0.1791041080406206
3957,5,12.9999999046,14.425351198644435,1.425351294044436
3958,5,12.7249999046,13.919186936753464,1.1941870321534633
3959,5,13.4000000954,14.541295822271223,1.141295726871224
3960,5,16.9250001907,14.31517717627631,2.609823014423691
3961,5,14.3000001907,15.318382799670406,1.0183826089704056
3962,5,13.4000000954,14.38650042685305,0.9865003314530512
3963,5,12.7500002384,14.308223047989209,1.5582228095892088
3964,5,12.8000001907,14.71549930708321,1.9154991163832094
3965,5,13.3499999046,13.936551499616073,0.586551595016072
3966,5,12.6666668256,14.289344614666577,1.622677789066577
3967,5,12.5500001907,14.578388505985286,2.0283883152852855
3968,5,14.3600000381,13.701551088763761,0.6584489493362398
3969,5,13.6000003815,14.746726765118334,1.1467263836183346
3970,5,12.5500001907,15.098727326436938,2.5487271357369377
3971,5,14.8142855508,15.860516981754053,1.0462314309540535
3972,5,12.9250001907,13.873840974068074,0.9488407833680732
3973,2,13.3769230476,14.59417661307524,1.2172535654752394
3974,2,13.6500000954,14.052324396433612,0.4023243010336124
3975,2,13.25,14.349389324202619,1.099389324202619
3976,2,12.0,14.732247761121814,2.7322477611218137
3977,2,14.5999999046,14.392612035863484,0.20738786873651627
3978,2,12.6000001431,14.09774778407769,1.497747640977689
3979,2,13.6000003815,14.105879849316885,0.5058794678168859
3980,2,13.0500001907,14.039221803394637,0.9892216126946369
3981,2,14.6500000954,14.493455102409689,0.15654499299031066
3982,2,13.0999999046,14.18609337055663,1.0860934659566297
3983,2,13.25,14.416667806368,1.1666678063680003
3984,2,13.8250000477,13.779071724998955,0.04592832270104452
3985,3,14.5,13.25773687443173,1.24226312556827
3986,3,13.3499999046,13.736165995528793,0.3861660909287927
3987,3,13.25,12.993128087147408,0.25687191285259203
3988,3,13.4000000954,12.43207948592921,0.9679206094707897
3989,3,12.1399999619,12.594458918496366,0.45445895659636726
3990,3,13.8333333333,13.39674026164697,0.4365930716530304
3991,3,13.3000001907,12.610063033134969,0.6899371575650317
3992,3,13.9333333969,12.461821712080088,1.4715116848199123
3993,3,12.414285796,12.100760171177903,0.31352562482209656
3994,3,13.3999996185,13.063024956087432,0.3369746624125689
3995,3,12.9250000318,13.95579844456409,1.0307984127640903
3996,3,12.8555555344,12.513438862433928,0.34211667196607287
3997,3,13.0,12.96507743064508,0.03492256935492044
3998,3,13.7000002861,12.848002379435,0.8519979066649999
3999,3,12.9800001144,13.316787987360465,0.33678787296046586
4000,1,12.9400001526,13.148366339358947,0.2083661867589477
4001,1,12.8333333333,14.574345736061506,1.7410124027615055
4002,1,13.25,13.094794406131523,0.15520559386847665
4003,1,12.3000001907,15.148822962286244,2.848822771586244
4004,1,13.1999998093,12.903330632013514,0.29666917728648556
4005,1,12.0899999619,13.269568496254621,1.1795685343546207
4006,1,12.1499998569,13.212097887575412,1.062098030675413
4007,1,15.5999999728,13.721639927391989,1.8783600454080105
4008,1,13.3000000318,13.557143466072539,0.25714343427253894
4009,1,13.7,15.990183469430567,2.290183469430568
4010,1,12.7000001272,13.175428963995149,0.4754288367951496
4011,5,13.5,13.60721447363572,0.1072144736357199
4012,5,14.0500001907,13.561709946662813,0.4882902440371879
4013,5,13.2999999523,15.642393315005954,2.3423933627059537
4014,5,11.3499999046,13.952603577654143,2.6026036730541424
4015,5,15.0333331426,13.830547278199363,1.2027858644006368
4016,5,12.4666665395,13.831474402073683,1.3648078625736826
4017,5,12.5750000477,14.765992943999015,2.190992896299015
4018,5,13.7999997139,15.016762000220137,1.2167622863201366
4019,5,14.6799999237,13.682658661238737,0.9973412624612639
4020,5,14.3999996185,13.94470747133114,0.45529214716886024
4021,5,12.7000001272,13.72694287566651,1.0269427484665101
4022,5,12.3999996185,14.568361954744761,2.16836233624476
4023,5,14.9249997139,15.14303999286839,0.21804027896838996
4024,5,16.2499995232,13.616440435053132,2.6335590881468676
4025,5,13.0,13.586798476099721,0.5867984760997214
4026,4,16.1000003815,13.654528427297581,2.445471954202418
4027,4,13.8500003815,13.297346522824531,0.5526538586754679
4028,4,12.8888887829,13.707917038135236,0.819028255235235
4029,4,13.0,13.268352678002438,0.26835267800243834
4030,4,13.1500000954,13.724318180232359,0.5743180848323597
4031,4,12.8999996185,13.172525629988076,0.2725260114880754
4032,4,13.5,14.406430235163493,0.9064302351634925
4033,4,14.625,13.918216771328572,0.7067832286714282
4034,4,13.1800001144,13.275493569948363,0.09549345554836286
4035,4,12.1749999523,13.949620262188818,1.7746203098888174
4036,4,13.2999997139,13.19054780686228,0.10945190703771956
4037,4,13.3499999046,13.551066705900602,0.20106680130060184
4038,4,12.7909089002,13.420258116247613,0.6293492160476131
4039,4,12.8999996185,13.540923392330384,0.6409237738303837
4040,4,13.3999996185,13.717441546617003,0.31744192811700245
4041,4,14.7666667302,13.557786825357795,1.208879904842206
4042,4,12.9500002861,14.295033404424085,1.3450331183240856
4043,4,15.1333335241,13.676936218894282,1.4563973052057175
4044,4,12.6399999619,13.694185765024764,1.0541858031247653
4045,4,13.1999998093,13.183352313862756,0.016647495437243975
4046,4,12.7571427936,13.522368079629546,0.7652252860295459
4047,4,13.6999998093,13.463285712358166,0.23671409694183332
4048,4,14.75,13.253531848671,1.4964681513289992
4049,4,13.6999998093,13.751838061797674,0.051838252497674375
4050,4,12.0538461392,13.437163729681167,1.3833175904811679
4051,4,13.0285713332,13.14875989908207,0.12018856588206894
4052,4,12.7571427482,13.086272051479611,0.3291293032796112
4053,4,14.9833332698,13.318328813122628,1.6650044566773712
4054,3,14.25,13.438039633304474,0.8119603666955264
4055,3,12.8999999364,12.87095168407212,0.029048252327880775
4056,3,14.4374998808,13.791890777938864,0.6456091028611368
4057,3,13.8000001907,13.245833550800562,0.5541666398994387
4058,3,12.1666665872,12.398188133886645,0.23152154668664515
4059,3,15.8000001907,12.621670738648731,3.178329452051269
4060,3,12.0600000381,13.429556669266148,1.369556631166148
4061,3,12.75,12.503159920163249,0.24684007983675116
4062,3,12.8999999364,13.115977869204846,0.21597793280484545
4063,3,12.7750000954,12.587149926439759,0.18785016896024054
4064,3,13.3999999364,11.88616278448082,1.51383715191918
4065,3,13.5499997139,11.651604391948801,1.8983953219511989
4066,1,14.25,13.750266783387447,0.49973321661255277
4067,1,12.6500000954,13.145330007904077,0.49532991250407754
4068,1,12.3999996185,16.010258663197643,3.610259044697642
4069,1,11.8000001907,14.446261678464866,2.646261487764866
4070,1,12.6277778414,12.99688099297102,0.3691031515710197
4071,1,13.007692337,13.474304002764786,0.46661166576478585
4072,1,12.5,14.451724930455304,1.9517249304553044
4073,1,12.3214285714,13.257732373176156,0.9363038017761554
4074,1,12.8999996185,13.577387602011715,0.6773879835117143
4075,1,12.4750001431,12.563659309174838,0.08865916607483726
4076,1,14.2666667302,13.486340828194479,0.7803259020055222
4077,1,13.3368420852,14.194978171789147,0.8581360865891465
4078,1,14.5499997139,15.868870444227968,1.3188707303279674
4079,3,14.3999999364,13.208618304300177,1.191381632099823
4080,3,13.0499997139,12.87134120668754,0.1786585072124609
4081,3,12.2333332698,12.84780280216959,0.6144695323695899
4082,3,14.3000001907,12.120962184337099,2.1790380063629016
4083,3,12.8666664759,12.948036502628753,0.08137002672875226
4084,3,13.25,12.67264608906724,0.5773539109327608
4085,3,14.3999996185,12.020786650268825,2.379212968231176
4086,3,12.6000003815,13.027827513297263,0.4278271317972635
4087,3,13.4200000763,13.295394096173512,0.12460598012648738
4088,3,12.929999876,12.991776432457687,0.06177655645768709
4089,3,14.4333333969,12.108378397987362,2.324954998912638
4090,3,12.8000001907,13.4256135929573,0.625613402257299
4091,3,12.3999996185,13.241211698399205,0.8412120798992042
4092,3,15.3999996185,12.642440339302508,2.7575592791974923
4093,3,13.3714286259,12.65075619640497,0.7206724294950302
4094,5,15.316666921,13.095185491170154,2.2214814298298453
4095,5,13.1000000636,14.465684713494111,1.3656846498941118
4096,5,12.4333333969,14.21841718815823,1.7850837912582307
4097,5,14.75,13.024641772515523,1.7253582274844774
4098,5,13.1999998093,14.99790699411965,1.7979071848196497
4099,5,13.8000001907,13.902746291345586,0.10274610064558587
4100,5,14.4666665395,14.273750384206203,0.1929161552937977
4101,5,12.9200000763,14.104439596152128,1.1844395198521287
4102,5,12.0749998093,13.792063228703688,1.7170634194036882
4103,5,12.835714204,14.078799005093941,1.243084801093941
4104,5,12.8000000318,14.615675368708313,1.8156753369083134
4105,5,14.2199998856,14.320624887536136,0.10062500193613566
4106,5,13.1666666667,15.227217309945157,2.0605506432451577
4107,5,13.0600000381,13.977474377197362,0.9174743390973621
4108,5,13.1000003815,13.979100530950822,0.8791001494508226
4109,5,12.6428570066,13.836163947446396,1.193306940846396
4110,5,12.6666666667,14.01987496075745,1.3532082940574508
4111,5,12.7999999183,16.77660540284588,3.976605484545882
4112,5,13.4333335559,14.67563217583975,1.242298619939751
4113,5,12.7249999046,14.116995954345983,1.3919960497459822
4114,5,12.6142856053,13.807471211060468,1.193185605760469
4115,5,13.820000267,14.069949689373786,0.2499494223737866
4116,5,12.7599998474,13.598319360766647,0.8383195133666472
4117,5,13.0499997139,13.855543895403272,0.8055441815032722
4118,5,13.1999998093,13.813148973666657,0.6131491643666571
4119,5,12.75,15.374614189980312,2.6246141899803117
4120,4,13.5666666031,13.90825003898786,0.3415834358878609
4121,4,13.6999998093,14.215557880203137,0.515558070903138
4122,4,13.1749999523,13.702959841972667,0.5279598896726672
4123,4,12.8499999046,13.509005229913893,0.6590053253138919
4124,4,16.5,13.594194613361662,2.905805386638338
4125,4,13.0499999523,13.68434082538917,0.6343408730891689
4126,4,13.75,13.222570498483313,0.5274295015166874
4127,4,14.3000001907,13.650692011666663,0.649308179033337
4128,4,12.0250000954,13.028677571432274,1.0036774760322746
4129,4,13.8999999364,14.095260510877834,0.19526057447783352
4130,4,13.1500000954,13.338348878591514,0.1883487831915147
4131,1,13.8999996185,12.964015290257462,0.9359843282425384
4132,1,16.5000004768,14.053202098101401,2.446798378698599
4133,1,12.5,14.369699645637304,1.8696996456373043
4134,1,13.9249999523,14.45692493962803,0.5319249873280292
4135,1,13.1000003815,13.227863074164116,0.12786269266411665
4136,1,12.8000001907,13.851157081198341,1.0511568904983406
4137,1,13.7333332698,13.324138351048797,0.4091949187512025
4138,1,13.8333333333,13.45493199817243,0.37840133512757035
4139,1,14.1000000636,15.577856157315763,1.4778560937157632
4140,1,12.3714283534,13.37064393165821,0.9992155782582088
4141,1,13.25,13.32597065485753,0.07597065485752985
4142,1,11.9000000954,13.24623330427558,1.3462332088755815
4143,1,13.3499999046,13.990825215687385,0.6408253110873847
4144,1,13.2666667302,12.947883272936163,0.3187834572638373
4145,1,13.9333333969,13.046992435459462,0.8863409614405384
4146,1,13.7000001272,13.739504397688414,0.03950427048841476
4147,1,15.9199998856,13.159613115032133,2.760386770567866
4148,1,12.2750000954,14.18771408750048,1.91271399210048
4149,1,15.3999996185,12.931038977775641,2.46896064072436
4150,1,11.7555554708,16.00835490400682,4.252799433206819
4151,1,14.8999996185,13.49273660526359,1.4072630132364115
4152,1,13.3307691721,13.037647072929683,0.29312209917031673
4153,1,15.7142857143,13.684876165857567,2.029409548442434
4154,1,14.7000001272,12.759718098853313,1.9402820283466866
4155,1,13.7999997139,14.209535264506446,0.40953555060644575
4156,1,14.1666666667,13.16459116189575,1.0020755048042496
4157,1,13.25,13.824690701093436,0.5746907010934361
4158,1,14.1500000954,13.622555299694287,0.527444795705712
4159,1,12.1166666349,13.471262519964567,1.3545958850645672
4160,1,13.3000001907,13.849281044289496,0.5492808535894955
4161,1,12.8500003815,14.158046386438386,1.3080460049383866
4162,1,14.3545455066,13.955512234098784,0.39903327250121556
4163,1,15.4000000954,13.167669212974255,2.232330882425744
4164,1,13.1333335241,14.199982775132217,1.0666492510322172
4165,1,12.7200000763,14.293436144495857,1.573436068195857
4166,1,12.4333333969,14.491910778865652,2.0585773819656517
4167,1,13.1000003815,13.154335076518798,0.05433469501879884
4168,1,12.4,13.324351021151953,0.9243510211519528
4169,1,12.6500000954,13.713481379118123,1.063481283718124
4170,1,13.4599998474,13.470523961807082,0.010524114407081342
4171,1,13.8249998093,13.148753219977477,0.6762465893225222
4172,5,13.0999998365,14.173602003979765,1.0736021674797644
4173,5,13.0916667779,15.969734592563745,2.878067814663744
4174,5,13.9999997616,14.267575858975624,0.26757609737562404
4175,5,12.320000267,13.350741677594364,1.0307414105943646
4176,5,15.6499999364,13.567067858987881,2.082932077412119
4177,5,12.9037036896,14.167436491439313,1.2637328018393124
4178,5,11.6857141767,13.829172980951979,2.1434588042519795
4179,5,14.7499999046,14.137281884760663,0.6127180198393365
4180,5,12.5333334605,14.752085566998812,2.218752106498812
4181,5,13.7999999523,13.571522841543977,0.22847711075602284
4182,5,13.9499999682,15.371054882067659,1.4210549138676587
4183,5,13.5714285714,14.022273725908608,0.45084515450860785
4184,5,14.7333332698,14.044499455379283,0.6888338144207165
4185,5,12.3875001669,14.311378588604668,1.9238784217046678
4186,2,14.2399999619,13.933436047041445,0.3065639148585557
4187,2,13.3833332856,13.780143953899424,0.396810668299425
4188,2,12.914285796,13.120501642803577,0.20621584680357685
4189,2,12.0,14.467243738909392,2.467243738909392
4190,2,13.1999998093,14.011367697644234,0.8113678883442343
4191,2,12.2142857143,14.485321677892664,2.271035963592663
4192,2,14.4799999237,14.140649358696361,0.33935056500363814
4193,2,13.2333335876,13.952941827663572,0.7196082400635717
4194,2,12.2666664124,13.711667005977855,1.4450005935778556
4195,2,11.7333332698,14.348833053281789,2.6154997834817895
4196,2,11.933333079,14.580738080148508,2.647405001148508
4197,2,13.0999999046,13.413926338587153,0.31392643398715236
4198,2,10.0500001907,11.213079405350292,1.163079214650292
4199,2,9.25,10.720771573126585,1.4707715731265854
4200,2,7.90909099579,10.024137111839886,2.1150461160498866
4201,2,11.7000002861,11.04826390336602,0.6517363827339793
4202,2,11.0500001907,10.810233307116444,0.23976688358355602
4203,2,10.3333333333,10.494425555989377,0.16109222268937629
4204,2,10.6000003815,10.78905517135135,0.18905478985135105
4205,2,11.5,10.920663111809858,0.5793368881901415
4206,2,11.4999996821,10.926337156246657,0.5736625258533437
4207,2,12.1000003815,10.849296832500382,1.250703548999617
4208,1,11.8999996185,11.177902396986632,0.7220972215133692
4209,1,10.5999999046,11.616229921132732,1.016230016532731
4210,1,9.36470581503,10.522209770733358,1.1575039557033584
4211,1,9.5499997139,10.059123250442703,0.5091235365427025
4212,1,12.8000001907,10.642664900733495,2.1573352899665057
4213,1,8.19999980927,10.974944570027365,2.7749447607573643
4214,1,11.3000001907,11.509615984604414,0.20961579390441365
4215,1,8.94375002384,10.663758067455714,1.7200080436157137
4216,1,11.1200000763,11.488634398080027,0.36863432178002675
4217,1,8.90909090909,10.230108386415687,1.321017477325686
4218,1,11.9666665395,11.158773248904396,0.8078932905956044
4219,3,9.3866666158,10.103479537609358,0.7168129218093586
4220,3,10.316666762,10.311962389469015,0.004704372530985879
4221,3,12.7000002861,10.244535797917752,2.4554644881822476
4222,3,12.5333331426,10.57043456137481,1.9628985812251898
4223,3,11.1500000954,9.806062413663426,1.3439376817365734
4224,3,11.1166667938,10.759833027767787,0.3568337660322136
4225,3,10.0499999523,9.792958864920639,0.2570410873793616
4226,3,10.6666666667,10.870437506981062,0.20377084028106296
4227,1,9.35000010899,10.56510790532488,1.2151077963348786
4228,1,11.3499999046,11.309635304577284,0.040364600022716246
4229,1,10.75,11.417430044130551,0.6674300441305512
4230,1,12.1000003815,12.21817656152257,0.11817618002257113
4231,1,9.10000038147,10.388004229649098,1.2880038481790983
4232,1,11.8499999046,11.211222631183215,0.6387772734167854
4233,1,11.1666663488,11.04534192092058,0.12132442787942033
4234,1,8.875,10.422005372733445,1.5470053727334445
4235,1,9.48749995232,10.04737378675047,0.5598738344304692
4236,5,11.8000001907,11.248883249606752,0.5511169410932482
4237,5,11.6666666667,11.20826437685842,0.4584022898415796
4238,5,12.6000003815,10.689117499137918,1.9108828823620811
4239,5,11.6500000954,11.390677210958398,0.2593228844416018
4240,5,11.3000001907,13.310770389335094,2.010770198635093
4241,5,11.6999998093,10.679283503271208,1.0207163060287918
4242,5,10.8000001907,7.342298013634033,3.4577021770659675
4243,5,11.3000001907,11.197934454571694,0.10206573612830638
4244,5,12.3999996185,10.964336039046136,1.4356635794538644
4245,5,12.4666665395,11.11521536101338,1.35145117848662
4246,4,11.3999996185,9.936862928716893,1.4631366897831075
4247,4,9.15000001589,8.935068614760684,0.2149314011293164
4248,4,8.72857138089,9.02837301540616,0.29980163451616093
4249,4,11.2333332698,10.076062261767873,1.1572710080321258
4250,4,9.24999990463,9.814265258916542,0.5642653542865421
4251,4,11.1000003815,9.996926458464838,1.1030739230351614
4252,4,9.13750004768,9.122809340125048,0.014690707554951388
4253,4,9.30645158214,9.30423895545334,0.002212626686660002
4254,4,11.9000000954,9.989204897799471,1.9107951976005282
4255,4,10.9499998093,9.684812782739648,1.2651870265603513
4256,3,11.8666667938,10.165141756872401,1.701525036927599
4257,3,11.6999998093,10.509468001311523,1.1905318079884761
4258,3,10.0000002384,9.829883301312238,0.1701169370877622
4259,3,9.57500004768,9.123886157859662,0.45111388982033773
4260,3,12.3600002289,10.53009455287225,1.8299056760277512
4261,3,9.98333326976,10.889682117120653,0.906348847360654
4262,3,9.67777782016,8.972559211032738,0.705218609127261
4263,3,11.1500000954,10.103936971150723,1.046063124249276
4264,3,10.6000003815,9.98685619403872,0.6131441874612786
4265,3,9.24285711561,9.638934799736514,0.3960776841265137
4266,2,9.80000019073,11.5545318270863,1.754531636356301
4267,2,10.0999999046,9.730429906305993,0.3695699982940077
4268,2,9.40000009537,10.550304478292446,1.150304382922446
4269,2,9.9500002861,10.193067855847577,0.24306756974757704
4270,2,9.38333336512,10.624814853209882,1.2414814880898817
4271,2,8.73333326976,9.965795702734525,1.2324624329745255
4272,2,10.3444443809,10.364334172482152,0.019889791582151872
4273,2,10.8999996185,10.350565293352652,0.5494343251473488
4274,2,9.27999992371,10.882123548359576,1.6021236246495771
4275,2,10.0999999046,10.9365507198624,0.8365508152623988
4276,2,10.3666667938,10.5927398229347,0.2260730291346995
4277,2,11.5,11.171533735622422,0.3284662643775782
4278,5,10.6833333969,10.471962631088125,0.21137076581187486
4279,5,10.8333330154,10.75722372106642,0.0761092943335786
4280,5,12.5,7.081429340884641,5.418570659115359
4281,5,12.0500001907,10.95930140739263,1.0906987833073707
4282,5,12.5,11.763707346805155,0.7362926531948446
4283,5,12.3000001907,11.10085757757318,1.1991426131268206
4284,5,11.8999996185,11.070312643140628,0.8296869753593725
4285,5,11.8000001907,7.094888121610962,4.705112069089038
4286,5,11.1000003815,10.642053567177449,0.45794681432255047
4287,5,11.3999996185,11.671564860559622,0.27156524205962107
4288,5,8.9615385349,10.485119617559281,1.5235810826592804
4289,5,11.3000001907,10.354148718924783,0.9458514717752173
4290,5,12.3000001907,11.483204067175981,0.8167961235240195
4291,3,11.5,10.656604595186273,0.8433954048137267
4292,3,10.5499997139,9.618169043290617,0.9318306706093828
4293,3,11.3999996185,10.24744386113713,1.1525557573628706
4294,3,9.30000003179,8.894301752888914,0.40569827890108634
4295,4,9.42499995232,9.592548426381123,0.16754847406112283
4296,3,10.8999996185,9.52972812995716,1.3702714885428406
4297,3,9.80000019073,10.588454730848492,0.7884545401184919
4298,3,12.25,10.628118048008242,1.6218819519917584
4299,3,9.12000007629,9.042499998002405,0.07750007828759387
4300,3,9.65882351819,9.832352216771314,0.1735286985813147
4301,1,11.8500003815,10.90209103720986,0.9479093442901387
4302,1,11.6000003815,10.482313721308552,1.1176866601914472
4303,1,11.3999996185,11.379172871189393,0.02082674731060763
4304,1,10.7000001272,11.38777290232879,0.6877727751287903
4305,1,9.65999999046,10.207754159936952,0.5477541694769528
4306,1,12.4500002861,11.242872254823615,1.207128031276385
4307,1,10.9000000954,12.376296349957844,1.4762962545578446
4308,1,9.80000019073,11.479871131682168,1.6798709409521688
4309,1,9.91428579603,10.939950554757456,1.025664758727455
4310,1,10.3999999364,11.166004178416728,0.7660042420167272
4311,5,9.7,10.455174121752611,0.7551741217526118
4312,5,8.39473682956,10.477008168389094,2.082271338829095
4313,5,10.1999998093,9.885904571441403,0.31409523785859683
4314,5,11.5500001907,11.542090958001015,0.007909232698985136
4315,5,12.1999998093,11.297739732971007,0.902260076328993
4316,5,11.75,11.516010985533185,0.23398901446681464
4317,5,9.10000038147,9.935034613063179,0.8350342315931787
4318,5,10.4499998093,11.805661671802396,1.3556618625023962
4319,5,11.6999998093,10.531825866112197,1.1681739431878029
4320,5,11.4500002861,10.217486711073615,1.2325135750263847
4321,5,9.33333333333,10.068480039026419,0.7351467056964189
4322,1,12.3000001907,11.93570372595516,0.36429646474484123
4323,1,12.8000001907,13.15051325288526,0.350513062185259
4324,1,9.67692301824,10.859190462158208,1.1822674439182084
4325,1,10.6000003815,11.49436748993908,0.8943671084390807
4326,1,11.1500000954,11.321629781729204,0.1716296863292044
4327,1,9.25833328565,10.2165230634902,0.9581897778402002
4328,1,9.0,11.21768771378434,2.21768771378434
4329,1,10.8000001907,10.486695489013174,0.31330470168682645
4330,1,8.6999999455,10.363983596891064,1.6639836513910637
4331,1,9.23703712887,10.318055229395526,1.081018100525526
4332,1,11.8000001907,10.571039621487737,1.2289605692122638
4333,1,9.35000038147,10.268471097381855,0.9184707159118553
4334,1,11.6999998093,10.824656862380682,0.8753429469193179
4335,4,11.2333334287,9.749590237317022,1.4837431913829775
4336,4,11.3666664759,9.980082656987932,1.3865838189120687
4337,4,12.1500000954,9.868751364155251,2.281248731244748
4338,4,11.6999998093,9.791180899543953,1.9088189097560466
4339,4,8.97142859868,9.246292869114736,0.2748642704347368
4340,4,9.36666647593,9.491828793842146,0.12516231791214594
4341,4,10.8499999046,10.031560974405485,0.8184389301945156
4342,4,8.9791667064,9.08588893737376,0.10672223097376055
4343,4,9.7000001027,9.072567567324622,0.6274325353753785
4344,4,9.16190474374,9.352506560141117,0.19060181640111828
4345,4,9.86666647593,10.035679359659664,0.16901288372966405
4346,4,8.80000019073,9.57730597877533,0.7773057880453305
4347,4,12.6000003815,10.154541161569691,2.4454592199303082
4348,4,9.25,9.507506675267136,0.2575066752671358
4349,4,11.4499998093,9.587806706030277,1.862193103269723
4350,4,9.91111119588,9.01212256679003,0.8989886290899705
4351,4,9.39999961853,9.20912484893495,0.1908747695950499
4352,1,11.3800001144,10.989034085491207,0.3909660289087924
4353,1,10.8999996185,10.80214133948257,0.09785827901743005
4354,1,10.0,10.814305431852492,0.8143054318524925
4355,1,11.0999999046,11.50890162803436,0.4089017234343597
4356,1,11.6999998093,11.62344675687814,0.07655305242185939
4357,1,11.1999998093,12.288219407875005,1.0882195985750052
4358,1,9.70000012716,10.98064091029828,1.2806407831382813
4359,1,8.90000009537,10.81915404334087,1.9191539479708695
4360,1,9.88333352407,10.908775899584597,1.0254423755145972
4361,1,9.10000038147,9.764762763020567,0.6647623815505668
4362,2,10.0666666031,10.842716279343236,0.7760496762432361
4363,2,9.5,10.293173958951002,0.7931739589510016
4364,2,12.1000003815,10.834453698797105,1.2655466827028938
4365,2,11.8999996185,10.82288207794869,1.0771175405513116
4366,2,12.3000001907,10.804199607921511,1.4958005827784895
4367,2,11.2749998569,10.869648124516178,0.4053517323838207
4368,2,11.3000001907,11.23017913123131,0.06982105946869055
4369,1,7.97272742878,8.859582430591658,0.8868550018116581
4370,1,9.89999961853,11.44967679865837,1.54967718012837
4371,1,8.92499995232,8.832596154866419,0.0924037974535814
4372,1,8.4500002861,9.187879361607354,0.7378790755073545
4373,1,10.600000109,10.010479408023448,0.5895207009765517
4374,1,11.3111110263,11.677354065039797,0.36624303873979613
4375,1,8.37777776188,9.2384143640734,0.8606366021934004
4376,1,10.6636362076,11.392068326019906,0.7284321184199065
4377,1,10.6000003815,10.83170958290921,0.23170920140921147
4378,1,6.86666679382,9.361303338484792,2.4946365446647913
4379,1,10.7600000381,9.206225363994877,1.5537746741051226
4380,1,9.55000019073,9.217991650643203,0.3320085400867967
4381,1,8.33333333333,8.891157066825642,0.557823733495642
4382,3,9.90000009537,8.241254360783746,1.6587457345862546
4383,3,9.25333328247,7.871403680047533,1.3819296024224679
4384,3,6.37777773539,8.030831982401487,1.6530542470114877
4385,3,9.38253967346,9.756783055506261,0.3742433820462612
4386,3,9.9500002861,8.17155839859672,1.7784418875032806
4387,3,11.4500000136,9.99102533254141,1.4589746810585904
4388,3,7.91052630073,10.015487343465859,2.1049610427358587
4389,3,10.1000003815,10.229278021344852,0.12927763984485274
4390,3,10.6769230916,9.847208910988007,0.8297141806119939
4391,3,7.625,8.125285399175024,0.5002853991750236
4392,3,8.36666679382,8.856939575625926,0.4902727818059258
4393,3,10.685714313,10.148460082038483,0.5372542309615174
4394,3,9.23750007153,9.241510838611354,0.004010767081354061
4395,3,8.22500014305,7.6446732470048575,0.5803268960451424
4396,3,11.5999997457,9.677602918598687,1.9223968271013128
4397,3,8.59999990463,8.317886605210195,0.28211329941980523
4398,3,7.82444447411,8.78145615523336,0.9570116811233609
4399,3,9.06000003815,8.31863240438701,0.7413676337629891
4400,3,7.0,8.223300512348494,1.2233005123484944
4401,3,11.5999999046,9.936841700598418,1.6631582040015829
4402,3,10.0285714013,9.402986269541199,0.6255851317588021
4403,3,7.65,8.331475575955688,0.6814755759556874
4404,2,9.98000011444,9.750806593060084,0.22919352137991567
4405,2,9.55199993134,9.215414819766504,0.3365851115734948
4406,2,11.8,11.009828139692873,0.7901718603071277
4407,2,9.26000003815,9.244381093678825,0.015618944471174956
4408,2,10.6999998093,8.772633515977143,1.9273662933228568
4409,2,8.56666660309,8.675492764491942,0.10882616140194123
4410,2,8.0624999404,8.91385131107065,0.851351370670649
4411,2,7.21999998093,7.941891822029567,0.7218918410995672
4412,2,8.89999993642,9.054256071154288,0.1542561347342879
4413,2,11.4500000477,11.243395908364015,0.20660413933598498
4414,2,11.3600001017,10.943045611266633,0.4169544904333673
4415,2,9.21000003815,9.102642152858559,0.10735788529144052
4416,2,8.17027027543,8.508044681556425,0.3377744061264263
4417,2,11.0199998856,10.74665864433902,0.27334124126098125
4418,2,7.28749996424,8.467503456002134,1.1800034917621343
4419,2,7.46428574835,8.66906323135015,1.2047774830001492
4420,2,10.1000000636,9.527218975116707,0.5727810884832927
4421,2,8.125,7.904786029707476,0.22021397029252388
4422,2,9.95789487738,9.286236675968434,0.6716582014115655
4423,2,10.1800001144,9.647437508223554,0.5325626061764464
4424,2,9.45833341281,8.978284715394148,0.4800486974158513
4425,2,10.8999996185,10.689781929924141,0.21021768857585954
4426,2,10.1333332062,8.790771123405968,1.342562082794032
4427,2,11.1666666667,10.90652449370185,0.26014217299814923
4428,2,8.39999993642,9.652921970772619,1.2529220343526184
4429,2,8.28571428571,9.19046266418095,0.9047483784709502
4430,2,7.70000001362,8.73626237776122,1.0362623641412192
4431,2,7.08823532217,8.126228821225764,1.037993499055764
4432,2,7.3653846704,9.755297033793857,2.389912363393857
4433,1,7.27777777778,9.462193682282479,2.1844159045024787
4434,1,7.78571421759,8.900266234278147,1.1145520166881475
4435,1,6.97142857597,9.260451639032784,2.2890230630627837
4436,1,8.28571430274,8.4405302486086,0.1548159458685987
4437,1,8.0,8.036700492911008,0.03670049291100774
4438,1,11.3499999046,9.50155888634031,1.84844101825969
4439,1,11.4500002861,10.217936384533843,1.232063901566157
4440,1,6.67777782016,8.314512330196518,1.6367345100365176
4441,1,8.44999980927,10.177808443135174,1.7278086338651732
4442,1,6.80303034638,8.629011350508616,1.8259810041286162
4443,1,10.2249999046,8.76913689925143,1.4558630053485704
4444,1,9.64999993642,10.343467932268549,0.6934679958485486
4445,1,8.75000011921,9.20896222432365,0.45896210511365076
4446,1,10.1428570066,11.268068832228264,1.1252118256282646
4447,1,6.81666676203,7.941909250741603,1.1252424887116037
4448,1,8.4571428299,8.846351591350164,0.38920876145016337
4449,1,8.29999987284,8.892996188006554,0.5929963151665536
4450,1,9.77857140132,10.178291556454543,0.39972015513454195
4451,1,9.93333339691,9.09513251072713,0.8382008861828698
4452,1,9.75,9.338793264130494,0.41120673586950574
4453,1,8.35000038147,9.398598593766124,1.048598212296124
4454,1,8.38000011444,9.527114325167116,1.147114210727116
4455,1,8.71666669846,8.91980996570275,0.20314326724275134
4456,1,8.55000019073,9.338471855333331,0.7884716646033318
4457,1,8.3879999733,10.605894779324169,2.2178948060241694
4458,1,11.125,10.109541935278319,1.015458064721681
4459,1,7.7720000267,9.457110791647711,1.6851107649477113
4460,1,9.65000009537,10.287816351365706,0.6378162559957055
4461,1,11.5500001907,9.992389019666671,1.5576111710333294
4462,1,8.97500002384,9.586523434301272,0.6115234104612721
4463,1,8.71999988556,9.947639523190277,1.2276396376302774
4464,1,7.98000001907,8.656093367990021,0.6760933489200207
4465,3,8.09999998411,8.976247728066,0.8762477439560001
4466,3,8.56666660309,8.81116600139858,0.24449939830858014
4467,3,7.94000005722,8.164511609217026,0.22451155199702644
4468,3,8.38749998808,8.999135809814906,0.6116358217349056
4469,3,9.77500009537,9.320146978612652,0.45485311675734863
4470,3,10.3000000318,10.044518315045295,0.255481716754705
4471,3,10.2529411877,8.827393035553952,1.4255481521460478
4472,3,7.24615375812,7.454256249913881,0.20810249179388052
4473,3,10.2999998728,8.9992118273484,1.3007880454516005
4474,3,10.75,10.34267350844254,0.4073264915574608
4475,3,12.1499999364,10.430417334070157,1.7195826023298437
4476,3,9.49999988079,7.864465054173202,1.635534826616798
4477,3,6.54545454545,7.7992656506301845,1.2538111051801843
4478,3,7.51000003815,8.269537814405693,0.7595377762556925
4479,3,12.5333331426,10.394528930634864,2.1388042119651356
4480,3,9.75,9.487193704522385,0.26280629547761514
4481,3,7.14545449344,8.077373381270558,0.931918887830558
4482,3,10.9399999619,10.847319507851488,0.09268045404851222
4483,3,9.12857151031,8.134305348503851,0.9942661618061486
4484,3,9.89999961853,10.3041124171149,0.4041127985849009
4485,3,10.1111112171,8.886673343153173,1.224437873946826
4486,3,9.56666660309,8.663412313038345,0.903254290051656
4487,3,10.6400001526,10.210026281880765,0.42997387071923576
4488,3,11.3000001907,10.233097691087881,1.0669024996121195
4489,3,8.6285714422,8.494208423955936,0.1343630182440645
4490,3,8.10000038147,9.07487514356393,0.9748747620939291
4491,3,10.4000000954,8.42776521994382,1.972234875456179
4492,3,8.42499995232,8.298884574662338,0.126115377657662
4493,3,11.1333335241,10.49675283192727,0.6365806921727302
4494,3,12.2000000477,10.323656989210434,1.8763430584895655
4495,3,10.1999998093,9.943691968470338,0.2563078408296615
4496,3,10.3083334764,8.195179486325582,2.1131539900744176
4497,3,10.2599998474,10.418711867523445,0.15871202012344554
4498,3,8.86666679382,9.008184794667148,0.14151800084714772
4499,3,7.82000000477,10.315865680729349,2.495865675959349
4500,3,6.87368418041,7.717470225003086,0.8437860445930863
4501,3,10.3000001907,9.87455329290551,0.4254468977944903
4502,3,10.2499997616,8.748614711878922,1.501385049721078
4503,3,9.03333324856,8.618519621713343,0.4148136268466569
4504,3,12.3499999046,10.673882841388027,1.676117063211974
4505,3,12.1666666667,10.00128671540292,2.16537995129708
4506,3,11.7250001431,9.900551204851826,1.8244489382481746
4507,5,7.625,8.070418786016546,0.44541878601654616
4508,3,9.78333330154,8.501512708053792,1.2818205934862092
4509,3,10.3499996662,9.22837296193488,1.12162670426512
4510,5,8.85454550656,9.033238326420165,0.17869281986016539
4511,5,9.89999961853,10.698784064660444,0.7987844461304441
4512,5,8.20000004768,7.7642145172283845,0.43578553045161517
4513,5,8.14999997616,7.862376848976295,0.2876231271837053
4514,5,8.17499989271,8.142723303810472,0.03227658889952778
4515,5,8.43529415131,9.128477376537958,0.6931832252279584
4516,5,11.5428571701,11.263509590512811,0.2793475795871885
4517,5,8.23333326976,8.529013540275162,0.2956802705151631
4518,5,6.87692304758,8.17073412651703,1.2938110789370292
4519,5,10.3999996185,9.281136288553668,1.1188633299463326
4520,5,10.0250000954,10.636519749480232,0.611519654080233
4521,5,8.28571442195,8.042169173228213,0.2435452487217873
4522,5,11.2000000477,11.034994495247037,0.16500555245296233
4523,5,7.89375007153,7.99291364804229,0.09916357651228935
4524,5,8.54999995232,7.9184255019102405,0.6315744504097598
4525,5,10.2166667779,8.920737075295497,1.2959297026045036
4526,5,7.61999988556,7.464854906799301,0.1551449787606991
4527,3,8.34999990463,9.849682407302392,1.4996825026723926
4528,3,8.75555552377,8.43848076741062,0.31707475635937854
4529,3,9.0933333079,8.820452686190581,0.27288062170941885
4530,3,10.0315789173,8.738052138901578,1.2935267783984212
4531,3,10.3777776294,10.313527787588125,0.06424984181187554
4532,3,12.5,9.953334642692722,2.546665357307278
4533,3,11.1666667726,9.360900137242766,1.8057666353572337
4534,3,10.3999996185,9.894412534705374,0.5055870837946266
4535,3,7.21818174015,9.537894111113822,2.3197123709638214
4536,3,7.44999997616,9.475345147595938,2.025345171435938
4537,3,10.05,8.890118944226222,1.1598810557737789
4538,3,7.4157894787,8.31409602619292,0.898306547492921
4539,3,8.20000004768,7.723871325733844,0.4761287219461554
4540,3,10.5499999821,10.157819444252041,0.3921805378479579
4541,4,8.67499995232,8.115610569589105,0.5593893827308953
4542,4,8.29999987284,7.540925911499051,0.7590739613409498
4543,4,9.77777788374,8.89699643649653,0.8807814472434714
4544,4,9.6891304099,10.19350469003885,0.5043742801388493
4545,4,7.70000007417,9.497503992402482,1.797503918232482
4546,4,9.26666641235,9.213078678588683,0.05358773376131687
4547,4,8.19999980927,8.139924991535695,0.06007481773430534
4548,4,8.5,8.320648630440918,0.17935136955908249
4549,4,8.05000011126,7.29437447732214,0.7556256339378589
4550,4,7.22499990463,7.205090431428977,0.019909473201022543
4551,4,9.82499980927,9.770433036536307,0.05456677273369337
4552,4,7.38999991417,7.371955816983786,0.01804409718621347
4553,4,8.96923079857,8.77579505003429,0.19343574853571077
4554,4,7.48461543597,9.576676230378318,2.092060794408318
4555,4,10.1000003815,10.082466311445913,0.01753407005408647
4556,4,8.80000019073,7.881347381206615,0.918652809523385
4557,4,9.99999980927,7.7076903647749955,2.292309444495004
4558,4,10.3111110263,8.940025451796757,1.371085574503244
4559,4,8.63333352407,8.592204951966131,0.04112857210386878
4560,4,10.8999996185,9.195922399720367,1.7040772187796343
4561,4,7.3428572246,7.468179899345871,0.12532267474587044
4562,4,10.4999996821,9.135339699280909,1.3646599828190915
4563,4,8.56666649712,8.046484608500435,0.5201818886195646
4564,4,8.75,8.225863913920833,0.5241360860791673
4565,4,8.625,8.523342694876654,0.10165730512334648
4566,4,6.94000005722,7.502970940719231,0.5629708834992311
4567,4,8.75,7.800141040463612,0.949858959536388
4568,4,10.1999998093,10.299279515198458,0.09927970589845891
4569,4,8.28749990463,7.5371206888069695,0.7503792158230302
4570,4,9.42820519667,8.46395242895274,0.9642527677172588
4571,4,10.720000267,10.060129907032433,0.6598703599675666
4572,4,7.32000000477,7.92177298588583,0.6017729811158299
4573,4,7.22499996424,8.991117022714757,1.766117058474757
4574,4,9.43599990845,8.627212406977883,0.8087875014721178
4575,4,9.60000010899,9.833317136906732,0.2333170279167316
4576,4,8.30000003179,7.7347594053666855,0.5652406264233152
4577,4,7.90000009537,8.268520559504122,0.36852046413412154
4578,4,8.03333353996,7.991606639348731,0.041726900611267936
4579,4,8.39999961853,8.415017890149848,0.015018271619847923
4580,4,7.91538476944,7.2395754796124825,0.6758092898275176
4581,4,9.59999974569,8.806163305176437,0.7938364405135641
4582,2,12.1090910651,11.586062493893508,0.5230285712064919
4583,2,12.6999999827,11.45738944822636,1.2426105344736396
4584,2,9.83521125686,9.60574397340429,0.22946728345570833
4585,2,9.38181816448,10.073521778183327,0.6917036137033268
4586,2,6.75,8.578318464914442,1.8283184649144424
4587,2,10.0,10.126486476161572,0.12648647616157227
4588,2,7.86666679382,8.632366455589855,0.7656996617698546
4589,2,8.89999961853,8.715150406614452,0.18484921191554804
4590,2,8.34999990463,8.680194990214787,0.33019508558478705
4591,4,13.8799999237,14.305832821278702,0.4258328975787027
4592,4,12.6000003815,10.880313024660738,1.7196873568392608
4593,4,10.7999999523,10.611829668626534,0.18817028367346644
4594,4,12.8999996185,12.826948668137613,0.07305095036238818
4595,4,9.60000038147,11.256052950603205,1.6560525691332053
4596,4,9.30000019073,10.87054105000777,1.57054085927777
4597,4,12.8000001907,14.123147091506057,1.3231469008060568
4598,4,13.8500001431,13.231386461957971,0.6186136811420297
4599,4,17.2999992371,13.324282376603518,3.9757168604964814
4600,4,13.5,12.121100470033689,1.3788995299663114
4601,4,9.76000003815,9.69192106970803,0.06807896844197003
4602,4,10.4500000477,12.00778525656801,1.55778520886801
4603,4,13.7750002146,12.442276478105617,1.3327237364943834
4604,4,10.7400001526,10.596469566520796,0.14353058607920488
4605,3,9.07500000298,9.770553913419004,0.6955539104390045
4606,3,11.6499998569,11.51253219809924,0.13746765880075884
4607,4,8.75,9.329990742981408,0.5799907429814084
4608,3,9.42000007629,8.433396237169497,0.9866038391205034
4609,3,12.25,11.121524204947102,1.128475795052898
4610,3,10.7000000477,10.561054206878959,0.1389458408210409
4611,3,9.375,9.366404292668463,0.008595707331537028
4612,3,11.6999998093,11.529758121464676,0.17024168783532367
4613,3,12.5333334605,11.459861143895704,1.0734723166042954
4614,3,15.8000001907,13.693798738644123,2.1062014520558776
4615,3,13.1999998093,11.828882769546855,1.3711170397531447
4616,3,16.1000000636,11.742435261663596,4.3575648019364035
4617,3,9.60000038147,10.376508167062344,0.7765077855923437
4618,3,15.2333335876,12.777007495028755,2.4563260925712456
4619,3,13.1000003815,11.512423061107048,1.5875773203929509
4620,3,10.0,8.376343069793434,1.6236569302065664
4621,3,11.4666668574,9.852033201212578,1.6146336561874222
4622,3,10.5400001526,9.46577955111859,1.074220601481409
4623,3,13.5000003179,13.079162288932029,0.42083802896797096
4624,3,14.6000003815,12.83449098043571,1.765509401064289
4625,3,11.5500001907,9.889440722554731,1.6605594681452693
4626,3,10.5818180604,9.834861152154804,0.7469569082451955
4627,3,11.5,11.314418271040422,0.18558172895957803
4628,3,15.9749996662,12.23939987047348,3.73559979572652
4629,3,12.8249998093,11.64067189963998,1.1843279096600199
4630,3,11.3666664759,11.402290277804186,0.035623801904185015
4631,3,13.1999998093,11.965933721529034,1.234066087770966
4632,3,16.7999992371,14.053488928813495,2.7465103082865046
4633,3,14.1333332062,12.046146845164508,2.087186361035492
4634,1,11.5999999046,11.112881795429601,0.48711810917039955
4635,1,10.1999998093,11.269506801588165,1.069506992288165
4636,1,12.5,13.814846117713325,1.3148461177133246
4637,1,14.1749999523,13.161289494260725,1.0137104580392755
4638,1,15.2499997616,15.519813364525186,0.2698136029251863
4639,1,13.6999998093,14.804371117023399,1.1043713077233992
4640,1,13.5750000477,14.04860712276235,0.47360707506235045
4641,1,13.3000000545,13.89556385582692,0.5955638013269198
4642,1,13.8999999364,13.90244738311534,0.0024474467153403623
4643,1,15.1571427754,13.714984957748424,1.4421578176515766
4644,2,13.9499999682,13.794495503868154,0.1555044643318464
4645,2,10.3000001907,10.991127365926442,0.6911271752264412
4646,2,12.6500000954,14.405115955390665,1.7551158599906653
4647,2,15.1999998093,14.617785468335683,0.5822143409643168
4648,2,9.38750004768,10.048153297011057,0.6606532493310571
4649,2,13.1909092123,15.214607275371192,2.0236980630711923
4650,2,11.4750001431,11.855464101879747,0.38046395877974604
4651,2,13.6500000954,14.07139534885444,0.42139525345444007
4652,2,13.4666666985,13.613985807009325,0.1473191085093255
4653,2,10.1000003815,11.248420108114278,1.1484197266142786
4654,2,14.3166666826,15.748597378688348,1.431930696088349
4655,2,10.5249999762,10.959202840598664,0.43420286439866373
4656,2,12.4857142312,12.232801671585213,0.25291255961478676
4657,2,10.1499999762,10.581799884303923,0.43179990810392255
4658,2,8.11000008583,9.960920050031438,1.850919964201438
4659,2,17.2000007629,11.810070207576807,5.389930555323193
4660,4,7.93333315849,9.69219896903911,1.7588658105491097
4661,4,18.2000007629,13.63040051241036,4.569600250489641
4662,4,10.9500002861,10.886470073090193,0.06353021300980721
4663,4,12.9666665395,12.500095609200349,0.46657093029965147
4664,4,9.09999990463,11.002874818197052,1.902874913567052
4665,4,11.0,11.984225010190322,0.9842250101903218
4666,4,12.5750002861,12.344390630598154,0.23060965550184598
4667,4,10.6333335241,10.924449729127973,0.29111620502797386
4668,4,14.4333333969,13.05428506927349,1.37904832762651
4669,4,11.7111112807,11.667744867036802,0.0433664136631986
4670,4,13.0000003179,12.236769739447917,0.7632305784520828
4671,4,12.9000000954,12.667006876139666,0.232993219260333
4672,4,15.4666666985,12.54132064249496,2.92534605600504
4673,4,12.0600002289,11.29883798426191,0.7611622446380899
4674,4,13.4500002861,12.844694131855896,0.6053061542441043
4675,4,12.5181818008,12.710380368114768,0.19219856731476703
4676,4,9.89999961853,9.805343078288292,0.09465654024170789
4677,4,13.4000001907,13.254713333123123,0.14528685757687754
4678,4,13.4499998093,14.64642041091807,1.1964206016180707
4679,1,8.55000003179,9.482237759962771,0.9322377281727707
4680,1,8.18000016212,9.26951879554251,1.089518633422509
4681,1,8.39999961853,9.456389399877601,1.056389781347601
4682,1,8.80000019073,9.734946331708505,0.9349461409785054
4683,1,8.73333326976,9.22099668800334,0.4876634182433399
4684,1,8.10000006358,11.511905746954284,3.4119056833742842
4685,1,8.05714300701,9.969295856713252,1.9121528497032525
4686,1,8.46666653951,9.593391804247055,1.1267252647370558
4687,2,8.82857145582,8.571173279705073,0.2573981761149273
4688,2,7.65000009537,8.305322352806993,0.6553222574369926
4689,2,8.7000002861,8.676271029368218,0.023729256731781945
4690,2,9.30000019073,9.8304519014168,0.5304517106868012
4691,2,8.2666665713,8.991323022518248,0.7246564512182481
4692,2,10.5,8.955414868597618,1.544585131402382
4693,2,9.20000012716,9.40851451876281,0.2085143916028116
4694,2,8.46666653951,9.05526772883838,0.5886011893283811
4695,2,10.3000001907,10.084093363745986,0.21590682695401497
4696,2,9.25,9.415024063744108,0.1650240637441076
4697,3,8.38888888889,8.670499142441486,0.28161025355148617
4698,2,8.27142838069,8.67264174702607,0.4012133663360693
4699,3,9.75,8.524898493682658,1.2251015063173423
4700,3,9.13999996185,9.176691195823546,0.03669123397354568
4701,3,8.91428579603,8.279521478619682,0.634764317410319
4702,3,8.60000038147,8.614518147980462,0.014517766510461882
4703,3,7.81666676203,8.406921623792444,0.5902548617624443
4704,3,7.89999997616,8.964528065313846,1.0645280891538462
4705,3,8.89999993642,8.832946853756425,0.06705308266357513
4706,3,10.1000003815,9.017846727534334,1.0821536539656655
4707,3,9.10000038147,9.252643094677671,0.15264271320767087
4708,3,8.2000002861,7.595798928362801,0.6042013577371987
4709,3,9.21666653951,9.094266310900686,0.12240022860931354
4710,3,8.60000038147,8.969103342208472,0.3691029607384717
4711,3,9.0,8.492833566376145,0.5071664336238548
4712,3,8.59999990463,8.870893976591763,0.27089407196176296
4713,3,8.39999961853,8.614272772048935,0.21427315351893483
4714,3,9.33333333333,8.516635921282735,0.8166974120472652
4715,3,8.0,8.490044048712775,0.4900440487127753
4716,3,8.23999996185,7.960932456231906,0.27906750561809357
4717,3,8.5333331426,8.730406437675061,0.19707329507506088
4718,2,7.59999990463,9.20804621147423,1.60804630684423
4719,2,9.10000038147,9.561147155719766,0.4611467742497659
4720,2,8.83333333333,8.7716634471066,0.06166988622339886
4721,2,9.2000002861,8.802870257350078,0.3971300287499222
4722,2,8.30000019073,9.616849452631172,1.3168492619011722
4723,2,9.40000009537,8.923472026984735,0.4765280683852655
4724,2,8.83333333333,9.35533393736225,0.5220006040322502
4725,2,8.39999961853,8.865900466859674,0.4659008483296745
4726,2,8.4500002861,9.114495678643312,0.6644953925433121
4727,5,9.69999980927,9.231826101920243,0.4681737073497576
4728,5,8.2,9.052315434997373,0.852315434997374
4729,5,8.5499997139,7.793413041890731,0.7565866720092691
4730,5,11.3000001907,9.426978073453732,1.8730221172462684
4731,5,11.1000003815,9.408726164932176,1.6912742165678232
4732,5,9.05000019073,9.617280964622058,0.5672807738920582
4733,5,8.7999997139,8.80155890603606,0.0015591921360602612
4734,5,8.15000009537,8.393060007653474,0.24305991228347423
4735,5,8.6,9.655708193581749,1.055708193581749
4736,5,8.19999980927,8.773126135540021,0.573126326270021
4737,1,8.71428571429,8.838856514985148,0.12457080069514781
4738,1,9.35000038147,11.182095501912777,1.8320951204427764
4739,1,11.0,10.079043164860513,0.9209568351394868
4740,1,10.3999996185,10.053723815118413,0.34627580338158737
4741,1,10.5,9.644322710793151,0.8556772892068487
4742,1,9.55000019073,9.758649747493985,0.20864955676398544
4743,1,10.9000000954,10.187859491407222,0.7121406039927773
4744,1,8.67500019073,10.01979678534489,1.3447965946148912
4745,1,10.3999996185,9.94131708211234,0.458682536387661
4746,1,8.0,9.495490136361447,1.4954901363614468
4747,5,8.89999961853,8.387428950428003,0.512570668101997
4748,5,9.3,9.738607017955736,0.43860701795573576
4749,5,8.56250011921,9.076156015067784,0.5136558958577844
4750,5,8.69999980927,5.581984881343937,3.1180149279260636
4751,5,8.99999968211,8.589288794811036,0.4107108872989631
4752,5,7.80000019073,8.955777117704798,1.1557769269747986
4753,5,8.5,7.912533735356901,0.5874662646430986
4754,5,8.7000002861,8.73193874137484,0.031938455274840294
4755,5,9.0499997139,9.584627611971158,0.5346278980711574
4756,5,11.1000003815,9.079140642047918,2.0208597394520815
4757,4,8.25999994278,8.050783029462501,0.20921691331749948
4758,4,8.69999980927,8.369670423632265,0.33032938563773584
4759,4,8.5,8.362447846275485,0.13755215372451524
4760,4,10.1000003815,8.369727426284733,1.7302729552152663
4761,4,8.5,7.997987974492155,0.5020120255078453
4762,4,8.30000019073,7.723246359570251,0.5767538311597482
4763,4,8.29999987284,7.968090208081598,0.33190966475840256
4764,4,7.86666679382,8.507844814270213,0.6411780204502122
4765,4,8.65000009537,8.60541227060335,0.044587824766649575
4766,3,9.0,9.91765964399552,0.9176596439955205
4767,2,8.7000002861,9.104216641515306,0.404216355415306
4768,2,9.0,8.403094587436605,0.5969054125633946
4769,2,7.83333333333,9.13937011627466,1.3060367829446609
4770,2,9.0,8.751939340962267,0.24806065903773344
4771,2,8.25555557675,9.199784669899191,0.9442290931491915
4772,2,9.30000019073,9.505815882660478,0.20581569193047855
4773,2,7.80000019073,8.818618087682964,1.0186178969529642
4774,2,8.80000019073,9.092776535407534,0.29277634467753444
4775,2,9.03333346049,9.964027666176852,0.9306942056868515
4776,2,6.59999990463,8.402427849758077,1.802427945128077
4777,2,7.86666647593,8.87157989031686,1.004913414386861
4778,2,9.0,9.375596586729426,0.37559658672942575
4779,2,8.60000038147,9.067385022325805,0.4673846408558049
4780,2,8.5,9.287050960848127,0.7870509608481271
4781,2,8.69999980927,8.700582070606771,0.0005822613367705287
4782,2,9.70000012716,9.445087321913508,0.25491280524649085
4783,4,7.80000019073,7.736015668192378,0.06398452253762166
4784,1,9.80000019073,10.079002771432798,0.27900258070279804
4785,1,10.8833332062,10.687427314635787,0.19590589156421245
4786,2,9.60000038147,8.460135190313455,1.1398651911565452
4787,1,8.19090921229,8.824076749650693,0.6331675373606931
4788,1,8.43333339691,9.427107518094763,0.9937741211847637
4789,1,11.0250000954,10.570870903572867,0.45412919182713196
4790,1,8.19999980927,9.680896148033819,1.4808963387638183
4791,1,11.0,10.026561767647646,0.973438232352354
4792,1,8.82500004768,8.938226194624864,0.11322614694486433
4793,1,8.80000019073,8.841609071454634,0.041608880724634645
4794,3,8.10000014305,9.293781010484732,1.1937808674347323
4795,3,8.34999990463,7.67914136516409,0.6708585394659101
4796,3,8.26666673024,9.87559258025355,1.6089258500135486
4797,3,11.1333335241,9.297343301040357,1.8359902230596425
4798,3,8.30000019073,8.080534909711869,0.219465281018131
4799,3,9.0,8.910071766710994,0.08992823328900634
4800,3,7.29999995232,8.558163953140571,1.258164000820571
4801,3,10.0999999046,9.169839622254925,0.9301602823450761
4802,3,9.80000019073,8.845736338944024,0.9542638517859761
4803,3,8.59999990463,8.140605708224637,0.4593941964053627
4804,3,9.61428574153,8.988895418481203,0.6253903230487978
4805,4,8.5499997139,7.9298822029138245,0.6201175109861756
4806,2,10.8499999046,9.06421626283625,1.78578364176375
4807,4,6.73999996185,7.918695294662418,1.178695332812418
4808,4,8.24999992053,7.872726143937929,0.3772737765920704
4809,4,10.8000001907,8.649614551307607,2.1503856393923932
4810,4,8.25,8.016683892425242,0.2333161075747583
4811,4,10.8999996185,8.260434044896126,2.639565573603875
4812,4,8.55000019073,8.143443271059494,0.4065569196705052
4813,4,8.73333326976,8.108348435712415,0.6249848340475843
4814,4,11.0000003179,8.614020340199147,2.3859799777008526
4815,4,8.76666673024,8.442095891288515,0.32457083895148564
4816,4,8.5,8.162941821459729,0.3370581785402713
4817,1,7.09999990463,8.467538095733968,1.367538191103968
4818,4,8.5,7.8795571176473045,0.6204428823526955
4819,4,7.38333336512,8.153406014336001,0.7700726492160008
4820,4,8.36666679382,7.8365848964685885,0.5300818973514119
4821,4,8.10000038147,8.016984415067157,0.08301596640284359
4822,4,8.3555554284,7.798878426098137,0.5566770023018632
4823,4,10.0,8.914798502093674,1.0852014979063256
4824,4,8.80000019073,8.430390768101253,0.36960942262874674
4825,4,8.39999961853,8.587299350490538,0.18729973196053784
4826,1,8.90666662852,8.900622833364588,0.0060437951554117575
4827,1,9.53333346049,10.785175523904245,1.2518420634142444
4828,1,9.7666665713,10.734414612868411,0.9677480415684112
4829,1,10.9333333969,11.034488438037112,0.10115504113711182
4830,1,12.5499997139,11.655478015783963,0.8945216981160371
4831,1,9.79154927966,10.14132792303991,0.34977864337990994
4832,1,11.6999998093,11.191424604131722,0.5085752051682775
4833,1,9.84999990463,10.883783665042628,1.0337837604126285
4834,1,12.125,11.17193903141046,0.9530609685895399
4835,1,9.90000009537,11.005722195839933,1.105722100469933
4836,1,9.89999961853,13.147943720009843,3.2479441014798436
4837,1,8.43333323797,9.66929709659999,1.2359638586299901
4838,1,11.3000001907,11.261898524858342,0.038101665841658416
4839,1,9.40000009537,10.375045326773806,0.9750452314038061
4840,1,9.66666666667,10.730071346961054,1.063404680291054
4841,1,9.33333333333,10.88308960077332,1.5497562674433212
4842,1,10.2399999619,9.779568784262299,0.4604311776377017
4843,1,10.7749998569,11.009734687965349,0.23473483106534943
4844,2,10.5,11.074612693052908,0.5746126930529076
4845,2,11.6999998093,10.370785930023981,1.3292138792760184
4846,2,9.92500019073,10.806686105507294,0.8816859147772949
4847,2,9.44999980927,10.912623266915825,1.4626234576458241
4848,2,9.25217387987,9.496312239659122,0.24413835978912246
4849,2,9.5,10.351832765216972,0.8518327652169724
4850,2,10.9666668574,11.219541008977838,0.25287415157783855
4851,2,9.7999997139,10.713022193417464,0.9130224795174637
4852,2,8.42000001669,9.73590193311625,1.3159019164262489
4853,2,9.60000038147,10.536290338710842,0.9362899572408416
4854,2,9.65000009537,11.054573259993122,1.4045731646231214
4855,2,10.0,10.470872784665374,0.4708727846653744
4856,2,8.59999990463,10.243533968243673,1.6435340636136733
4857,2,13.3000001907,11.4527806440787,1.8472195466213002
4858,2,11.4999998808,9.518989986691864,1.981009894108137
4859,2,10.5499998728,10.514782350125303,0.03521752267469758
4860,2,10.5,10.993220373474179,0.4932203734741787
4861,2,10.6999998093,10.999280446670687,0.29928063737068733
4862,2,10.1600000381,10.564535050329837,0.4045350122298377
4863,5,9.33333333333,9.676559390566904,0.3432260572369046
4864,5,10.5,9.401614748030557,1.098385251969443
4865,5,9.36000003815,11.034334958712877,1.6743349205628775
4866,5,11.0,9.964881578021366,1.035118421978634
4867,5,12.0,10.625451247475072,1.3745487525249285
4868,5,10.6750001907,9.930180297325897,0.7448198933741033
4869,5,10.2800001144,9.816503951075447,0.4634961633245531
4870,5,9.30000019073,10.252769678009503,0.9527694872795038
4871,5,9.15416661898,9.3230099105895,0.16884329160949996
4872,5,10.1000003815,10.761437880504616,0.6614374990046166
4873,5,10.5500001907,10.782318625595995,0.23231843489599413
4874,5,9.7000002861,10.087631701700383,0.3876314156003833
4875,5,10.7066668193,9.408448876969857,1.2982179423301439
4876,5,11.0,9.664873748176202,1.335126251823798
4877,5,11.6000003815,9.908050439608916,1.6919499418910835
4878,5,10.1000003815,9.977498086907444,0.12250229459255557
4879,5,9.53750002384,9.490144033047601,0.04735599079239883
4880,5,8.38461538462,8.510367517683644,0.12575213306364397
4881,5,9.24347823599,8.321478499032402,0.9219997369575985
4882,4,9.4852940896,10.246717474101517,0.7614233845015175
4883,4,9.60000038147,10.31910834967602,0.7191079682060195
4884,4,11.7000001272,10.352801851033608,1.3471982761663917
4885,4,12.3499999046,11.409934448972226,0.9400654556277743
4886,4,9.29999995232,9.806368541372205,0.5063685890522045
4887,4,9.69999980927,10.292030981944434,0.5920311726744334
4888,4,9.29000005722,10.595886324079121,1.3058862668591207
4889,4,9.2666665713,9.899829879424091,0.6331633081240913
4890,4,11.9666668574,10.82080405743127,1.1458627999687305
4891,4,10.5,10.646165651998226,0.14616565199822595
4892,4,9.60000038147,11.48125928509629,1.8812589036262892
4893,5,11.75,10.233089869938023,1.5169101300619765
4894,5,10.0333334605,9.928893168451342,0.10444029204865757
4895,5,9.58571434021,9.56071164549958,0.025002694710419604
4896,5,11.8000001907,9.807856078690351,1.9921441120096492
4897,5,8.20000002119,8.96557673994378,0.7655767187537794
4898,5,9.76666641235,10.652181857740704,0.8855154453907037
4899,5,8.23125012219,8.765601980843282,0.5343518586532827
4900,5,10.4000000954,10.683488660395799,0.28348856499579966
4901,5,9.31999988556,9.596543591149718,0.2765437055897184
4902,5,10.5,9.88326719963032,0.6167328003696806
4903,5,8.78750002384,8.559523366547236,0.22797665729276417
4904,5,10.1000003815,9.899877310141742,0.20012307135825758
4905,5,10.1000003815,9.918115587713734,0.18188479378626532
4906,5,9.625,9.374494180766597,0.2505058192334033
4907,5,8.90000009537,9.233427114388682,0.3334270190186821
4908,5,9.7666665713,10.064227862608554,0.29756129130855413
4909,5,9.5499997139,10.550673143728183,1.0006734298281827
4910,5,9.69999980927,9.941634663455146,0.2416348541851452
4911,5,9.5,10.188132608395982,0.688132608395982
4912,5,9.39999961853,9.479239509700413,0.0792398911704133
4913,2,11.0799999237,10.922448618813092,0.15755130488690838
4914,2,9.44000008901,11.261620810141617,1.821620721131616
4915,2,9.69999980927,10.706545128074177,1.0065453188041769
4916,2,7.79999995232,9.56072217593992,1.7607222236199203
4917,2,9.40000009537,10.724123359979103,1.3241232646091028
4918,2,8.7999997139,10.13297840341553,1.3329786895155298
4919,2,11.6000003815,10.439797271104503,1.1602031103954964
4920,2,10.2428572518,10.811542823212125,0.5686855714121251
4921,2,10.8500003815,11.625589290561459,0.7755889090614598
4922,2,9.57500004768,10.721391766306041,1.1463917186260417
4923,2,11.2000001272,11.257702815764407,0.05770268856440808
4924,2,9.25,8.161100408049485,1.088899591950515
4925,2,8.60000038147,10.001555283505496,1.401554902035496
4926,2,9.83333333333,10.460955187508757,0.6276218541787575
4927,2,9.39999961853,10.533164922125213,1.133165303595213
4928,2,10.3000001907,10.91279314595728,0.6127929552572802
4929,2,10.1333335241,10.811449044812079,0.6781155207120797
4930,2,10.6200000763,10.86511656940259,0.24511649310258932
4931,2,10.8000001907,10.9394197281802,0.1394195374801992
4932,2,9.80000019073,10.673018431606508,0.8730182408765081
4933,2,9.53333346049,10.701284940725701,1.1679514802357005
4934,2,11.1000003815,11.047483134068063,0.0525172474319362
4935,2,11.4499998093,10.980863752257033,0.46913605704296657
4936,2,9.39999961853,10.754973423241292,1.3549738047112925
4937,2,9.39999961853,10.711863981155634,1.3118643626256343
4938,2,9.72500014305,10.826848124337427,1.1018479812874276
4939,5,12.5333331426,10.505349641499407,2.027983501100593
4940,5,9.0,8.568756668787223,0.4312433312127766
4941,5,10.3899998665,10.048384127286514,0.341615739213486
4942,5,10.4500002861,9.565396717652426,0.8846035684475737
4943,5,10.3999996185,10.352773130361475,0.04722648813852537
4944,5,9.44999980927,10.078598392118181,0.6285985828481806
4945,5,13.1000001431,10.789555541458931,2.31044460164107
4946,5,11.7500002384,10.172572057321435,1.5774281810785649
4947,5,9.35714258466,9.027852673805192,0.32928991085480774
4948,5,11.1500000954,10.266257821483793,0.8837422739162069
4949,5,9.60000038147,9.90383969712444,0.30383931565443945
4950,5,8.65833338102,8.965104905099716,0.306771524079716
4951,5,8.86,8.382971591277414,0.47702840872258534
4952,5,10.8000001907,9.920913876085534,0.879086314614467
4953,5,9.69999980927,9.511329721268797,0.18867008800120288
4954,5,13.2333332698,10.593319504641311,2.640013765158688
4955,5,9.89999961853,9.842509670511866,0.057489948018133674
4956,5,11.0749998093,9.844611690612789,1.2303881186872108
4957,5,9.80000019073,9.763952555336504,0.03604763539349598
4958,5,8.65882346209,8.191520453072423,0.46730300901757715
4959,5,10.3999996185,10.066650349718698,0.3333492687813031
4960,5,11.0333334605,10.066670944082865,0.9666625164171343
4961,5,10.6999998093,9.424081079821963,1.275918729478036
4962,5,9.89999961853,9.742443096536356,0.15755652199364434
4963,3,10.0750000477,10.3016093428321,0.22660929513209993
4964,3,9.5499997139,10.099474809528397,0.5494750956283969
4965,3,11.3999999364,9.896633885320426,1.503366051079574
4966,3,11.4800001144,10.418374900570711,1.0616252138292879
4967,3,9.72857121059,9.612619246603131,0.11595196398686802
4968,3,13.3000001907,10.372876468109935,2.927123722590066
4969,3,9.51428563254,9.868533034685804,0.35424740214580375
4970,3,9.89999961853,9.875245468327382,0.024754150202618064
4971,3,11.0,11.048519963331927,0.048519963331926874
4972,3,10.5,9.671656741322316,0.828343258677684
4973,3,10.9249999523,9.901404366908327,1.0235955853916732
4974,3,9.5,9.56781244029262,0.06781244029262012
4975,3,9.65000009537,10.38836379755459,0.7383637021845892
4976,3,9.69999980927,10.13607785483861,0.4360780455686104
4977,3,11.1999998093,9.79471955778304,1.4052802515169596
4978,3,10.3000001907,10.405620083741413,0.10561989304141228
4979,3,9.43333307902,9.796112271533119,0.3627791925131181
4980,3,9.89999961853,9.416302170526938,0.4836974480030616
4981,3,9.35714299338,10.30044783993355,0.9433048465535503
4982,3,9.85999984741,9.57567856544797,0.2843212819620309
4983,3,10.0,9.831761737275851,0.16823826272414877
4984,3,10.1399999619,9.791999286418896,0.3480006754811029
4985,3,11.75,10.572972209780858,1.1770277902191424
4986,3,11.8166666031,10.264322902065206,1.5523437010347934
4987,3,9.89999961853,9.966574200823924,0.06657458229392432
4988,3,10.1599998474,9.928548451145929,0.23145139625407118
4989,3,9.39999961853,9.733708430254701,0.33370881172470135
4990,3,9.89999961853,10.101428448408697,0.20142882987869726
4991,5,11.5285714013,10.257852632353101,1.2707187689468995
4992,5,8.65000009537,9.46906526984965,0.8190651744796504
4993,5,9.2000002861,10.14240038936223,0.94240010326223
4994,5,9.40000009537,9.542437502334835,0.14243740696483442
4995,5,8.81999988556,9.884216402724864,1.0642165171648639
4996,5,9.39999961853,9.448526349993866,0.04852673146386621
4997,5,10.6999998093,10.198897538086104,0.5011022712138953
4998,5,9.69999980927,10.566857025695853,0.8668572164258528
4999,5,11.4000000954,10.230677576381652,1.1693225190183476
5000,3,8.06470607309,8.397557503733072,0.3328514306430712
5001,5,12.5500001907,10.367252034321488,2.182748156378512
5002,5,8.28750008345,7.742990450631693,0.5445096328183077
5003,5,11.7999997139,10.426937182346297,1.3730625315537033
5004,5,9.89999961853,9.423738591999486,0.47626102653051383
5005,5,9.42499995232,9.677698626459726,0.2526986741397259
5006,5,9.39999993642,9.978090643291424,0.5780907068714232
5007,5,9.57499980927,10.697033519660597,1.1220337103905962
5008,4,10.2857142857,10.069382477051931,0.2163318086480679
5009,4,11.0875002146,10.596855996971739,0.4906442176282617
5010,4,9.60000038147,10.686461677497586,1.0864612960275863
5011,4,11.4333333969,10.869766406061407,0.5635669908385932
5012,4,11.3999996185,11.310168698099758,0.08983092040024232
5013,4,9.47999973297,10.216420735067658,0.7364210020976572
5014,4,9.80000019073,10.272591498578095,0.472591307848095
5015,4,12.0500001907,11.988955499681136,0.06104469101886423
5016,4,9.90000009537,10.236928089017185,0.3369279936471852
5017,4,10.6272727793,10.03112081144942,0.5961519678505809
5018,4,9.40000009537,10.26763315844278,0.8676330630727804
5019,4,10.9636363983,10.032956602382756,0.9306797959172446
5020,4,9.60000038147,10.413997279410832,0.8139968979408323
5021,4,11.5,10.396542213137,1.1034577868630002
5022,4,9.59999990463,10.52882502155309,0.9288251169230897
5023,4,9.60000038147,10.3929270031098,0.7929266216398005
5024,4,11.1000003815,10.622857059089421,0.4771433224105781
5025,4,9.97499990463,10.631734333369069,0.6567344287390693
5026,4,9.9500002861,10.404841009986473,0.45484072388647334
5027,5,8.90000011921,7.502231128160773,1.3977689910492277
5028,5,9.43999996185,8.965667029624795,0.4743329322252059
5029,5,8.96249985695,9.717707797592718,0.7552079406427179
5030,5,10.0,9.011360134638355,0.9886398653616446
5031,5,10.7083332539,9.752691542631986,0.9556417112680133
5032,5,9.83750015497,9.461712666694963,0.37578748827503716
5033,5,9.39999961853,10.449997175448681,1.0499975569186812
5034,1,11.9344827718,10.231550473819468,1.7029322979805332
5035,5,10.0,9.821172344396661,0.1788276556033388
5036,1,11.2899999619,8.355459220756885,2.934540741143115
5037,5,9.26999998093,9.693899643320519,0.423899662390518
5038,5,9.27499985695,9.517684365136919,0.2426845081869189
5039,5,10.8999996185,10.417702848091398,0.4822967704086025
5040,5,8.43636369705,8.429530362965956,0.006833334084044296
5041,5,10.9333333969,10.620116933016071,0.3132164638839292
5042,5,9.69999980927,10.523302798223956,0.8233029889539552
5043,5,10.8764706219,8.639928329958643,2.2365422919413565
5044,5,10.566666921,10.032603443691315,0.5340634773086848
5045,5,9.80000019073,9.705714170164388,0.09428602056561175
5046,5,9.66363638098,8.369999105991035,1.2936372749889653
5047,5,9.72857161931,9.5554245343795,0.17314708493050013
5048,5,10.1000003815,10.142742042487237,0.04274166098723775
5049,5,9.66666666667,10.133029716478134,0.4663630498081339
5050,5,11.0499997139,9.831901707519155,1.2180980063808455
5051,5,9.12000007629,9.751876486335505,0.6318764100455052
5052,2,10.1666663488,11.407876709998913,1.2412103611989131
5053,2,9.25,10.498807166015684,1.248807166015684
5054,2,9.56666692098,10.868101833220784,1.3014349122407847
5055,2,9.89999961853,11.028725668737232,1.1287260502072325
5056,2,10.3000001907,10.552603606709832,0.2526034160098316
5057,2,10.0399999619,10.910951592446217,0.8709516305462177
5058,2,11.8999996185,11.358685890751987,0.5413137277480136
5059,2,9.39999961853,10.644573367304625,1.2445737487746253
5060,2,9.15000009537,10.420298538385666,1.2702984430156654
5061,2,10.2000000477,11.052734202824954,0.8527341551249545
5062,2,9.69999980927,10.797751430725096,1.097751621455096
5063,2,10.2000002861,10.730750008425995,0.5307497223259947
5064,2,7.90000009537,9.804060602807192,1.9040605074371921
5065,2,9.0,10.699996724305883,1.6999967243058833
5066,2,11.5733332952,9.742568820291087,1.8307644749089125
5067,2,9.32727267525,10.457064112190748,1.1297914369407476
5068,2,10.0000002384,11.076597249916903,1.0765970115169026
5069,2,9.89999961853,10.523852539014056,0.6238529204840564
5070,2,11.2399999619,11.058124062572663,0.18187589932733772
5071,2,9.44999980927,11.029325894832617,1.5793260855626166
5072,2,9.5,10.937104135454648,1.437104135454648
5073,2,10.3999996185,11.113811260444356,0.7138116419443552
5074,3,9.80000019073,9.9081432790055,0.10814308827550079
5075,3,11.8999996185,10.122687927549983,1.7773116909500182
5076,3,9.5,9.299963069888454,0.20003693011154589
5077,3,9.30000019073,10.373368945955782,1.0733687552257827
5078,3,9.5,9.620255551133747,0.12025555113374686
5079,3,9.44999980927,9.776667711772753,0.3266679025027521
5080,3,9.2000002861,10.117242127132965,0.9172418410329648
5081,3,9.56666660309,10.141199713121226,0.5745331100312256
5082,3,10.9333333969,9.982173319256127,0.9511600776438733
5083,3,9.39999961853,9.812406306705043,0.412406688175043
5084,3,10.3333333333,10.19500553591882,0.13832779738118006
5085,3,10.6000003815,9.73672954290284,0.8632708385971597
5086,3,9.73333326976,9.752564557368025,0.019231287608025838
5087,3,9.44999980927,11.191204616844548,1.7412048075745474
5088,3,13.0500001907,10.594833506375078,2.4551666843249222
5089,3,11.1999998093,10.303153195849733,0.8968466134502666
5090,3,10.8000001907,9.504348246869583,1.2956519438304177
5091,3,10.0000001589,10.157333671613909,0.15733351271390816
5092,3,9.70000012716,10.102495785127331,0.4024956579673322
5093,3,11.0909092643,9.82330682749461,1.2676024368053902
5094,3,10.7090910131,10.055082720215978,0.6540082928840221
5095,3,12.6000003815,10.495500453353573,2.104499928146426
5096,3,10.6500003338,10.16699269528603,0.48300763851396944
5097,3,9.68571417672,9.573676950956413,0.11203722576358643
5098,2,9.39999961853,10.838764447360166,1.4387648288301662
5099,2,10.0,10.5411442230928,0.5411442230928003
5100,2,10.1000003815,10.91301289739146,0.8130125158914616
5101,2,9.2000002861,11.510604479956378,2.3106041938563777
5102,2,9.22500014305,10.462811022810055,1.2378108797600547
5103,2,10.0999999046,11.076892154076521,0.9768922494765206
5104,2,9.62857123784,11.065790890679608,1.4372196528396088
5105,2,10.1500000954,11.320862691005262,1.1708625956052625
5106,2,10.1999998093,10.796012411995179,0.5960126026951791
5107,2,8.22500006358,9.27036049210881,1.0453604285288112
5108,2,8.34285708836,9.836918745085434,1.4940616567254335
5109,2,10.6500000954,10.991475081023292,0.34147498562329304
5110,2,8.51250004768,9.511605514615376,0.9991054669353758
5111,2,9.30000019073,10.79502411022832,1.4950239194983208
5112,2,10.1499998569,10.495641632632799,0.3456417757327994
5113,2,10.0166665713,10.614105876843531,0.5974393055435314
5114,2,8.09473680195,9.474207087520991,1.3794702855709904
5115,2,9.39999961853,10.702854589808723,1.3028549712787232
5116,2,12.1500000954,10.979960108029225,1.1700399873707745
5117,2,8.23823537546,9.662870618846544,1.4246352433865432
5118,2,11.3999996185,10.597730165346494,0.8022694531535066
5119,2,9.67999992371,10.832969995779404,1.1529700720694045
5120,2,9.7999997139,10.95966073895137,1.1596610250513706
5121,2,10.816666762,10.619493911535445,0.1971728504645558
5122,5,12.5333334605,10.343154972808456,2.1901784876915436
5123,5,13.0,10.614210834547332,2.3857891654526675
5124,5,12.7999997139,10.612356306624825,2.187643407275175
5125,5,12.3999996185,10.253396163948032,2.1466034545519683
5126,5,9.75,9.615962725878513,0.13403727412148747
5127,5,9.83333333333,9.744111715302019,0.08922161802798101
5128,5,9.5,10.235944108496586,0.7359441084965859
5129,5,8.97419360376,8.344531220460663,0.6296623832993369
5130,5,9.90000009537,9.793347760656332,0.10665233471366875
5131,5,10.0,9.216407427852097,0.7835925721479029
5132,5,10.3333333333,10.152681709742366,0.18065162355763498
5133,5,11.4333333969,10.28751183547908,1.1458215614209202
5134,5,9.80000019073,10.157286016718935,0.3572858259889351
5135,5,10.2333333757,9.26332081227745,0.9700125634225483
5136,5,12.1999998093,10.223553216964966,1.9764465923350336
5137,5,10.2740739893,8.156306530063123,2.1177674592368767
5138,5,9.72777769301,9.39404638350782,0.3337313095021788
5139,5,9.25,9.80610223067914,0.5561022306791408
5140,5,10.0,11.18523091731376,1.1852309173137598
5141,5,11.6000003815,9.877794793285513,1.7222055882144858
5142,5,12.125,10.00655343802617,2.1184465619738297
5143,2,8.90000009537,10.836805443912912,1.9368053485429115
5144,2,10.3599998474,10.965441093951062,0.605441246551063
5145,2,10.5,10.844447945856574,0.3444479458565741
5146,2,11.9333333969,11.009657034716831,0.9236763621831692
5147,2,9.04999996367,9.744981444726417,0.6949814810564163
5148,2,11.0,11.055317507514559,0.055317507514558883
5149,2,10.1999998093,10.581834882571737,0.3818350732717377
5150,2,10.5399999619,10.849417484402819,0.3094175225028195
5151,2,11.8999996185,11.013526457804163,0.8864731606958376
5152,2,10.1999998093,11.226356838036228,1.0263570287362285
5153,2,9.47499990463,10.845600950231997,1.3706010456019975
5154,5,8.4564516006,8.276290971479897,0.18016062912010256
5155,2,10.4750000238,11.07392701290296,0.59892698910296
5156,2,9.39999961853,10.474573008796474,1.0745733902664742
5157,2,9.82000007629,11.015099026295267,1.1950989500052671
5158,2,9.01999998093,9.424618541114803,0.4046185601848027
5159,2,9.78571428571,10.708777105841815,0.9230628201318147
5160,2,9.10000038147,10.543360348765733,1.4433599672957325
5161,5,12.1199998856,10.323798454335137,1.7962014312648638
5162,5,9.69999980927,10.01603455655681,0.31603474728681036
5163,5,10.6541666985,8.298223672803477,2.355943025696522
5164,5,8.18000005086,8.066551348384728,0.11344870247527261
5165,5,10.1375000874,9.391384682977435,0.7461154044225644
5166,5,11.1111112171,10.160209557922379,0.9509016591776209
5167,5,8.91818185286,9.689753148794939,0.7715712959349386
5168,5,11.1687499285,9.434921271753856,1.7338286567461445
5169,5,9.5,10.065079690494487,0.5650796904944873
5170,5,9.5499997139,10.105868862464963,0.5558691485649625
5171,5,11.3199998856,10.162315432416873,1.1576844531831263
5172,5,12.1000000636,10.171089254592609,1.928910809007391
5173,5,9.5,10.27395724243278,0.7739572424327807
5174,2,11.482352958,10.581122418339872,0.9012305396601281
5175,2,9.45833337307,9.992423827937214,0.534090454867215
5176,2,8.99354836249,10.486146604769441,1.492598242279442
5177,2,9.14583333333,9.512220043608412,0.3663867102784124
5178,2,9.17499995232,11.106394648555717,1.9313946962357171
5179,2,9.5,10.451129492209498,0.9511294922094979
5180,2,9.55000019073,10.811981695180386,1.261981504450386
5181,2,10.8999996185,10.965912849684184,0.06591323118418302
5182,2,9.69999980927,10.678917104656126,0.9789172953861254
5183,2,11.625,9.852692971677833,1.7723070283221674
5184,2,9.86666647593,10.839720109863975,0.9730536339339757
5185,2,9.13636363636,10.622391245204991,1.4860276088449904
5186,2,9.69999980927,10.92413323353322,1.2241334242632202
5187,2,8.72105272193,9.701554112742762,0.980501390812762
5188,2,11.2333332698,10.761275489646867,0.4720577801531327
5189,4,9.39999993642,10.85110497139365,1.451105034973649
5190,4,11.8000001907,11.019318488912784,0.7806817017872163
5191,4,9.63333336512,10.174587597340711,0.5412542322207106
5192,4,10.8090907877,10.403982003303042,0.4051087843969583
5193,4,11.6200000763,10.36614031620663,1.2538597600933699
5194,4,11.9000000954,10.552078632338695,1.3479214630613043
5195,4,10.8999996185,10.433349701895136,0.4666499166048652
5196,4,9.38749992847,10.055053020141678,0.6675530916716781
5197,4,10.3999996185,10.79418198181202,0.3941823633120194
5198,4,9.52083333333,10.289800397469914,0.7689670641399147
5199,4,10.0999999046,10.384050877460671,0.2840509728606708
5200,4,9.55000019073,10.5242642454765,0.9742640547465005
5201,4,11.8000001907,10.995788832521418,0.8042113581785824
5202,4,9.60000038147,11.20517198408593,1.605171602615929
5203,4,9.33636370572,9.862365439182813,0.5260017334628131
5204,4,9.39999961853,10.970394824024458,1.5703952054944583
5205,1,10.1666666667,11.015632987504404,0.8489663208044043
5206,1,11.2999997139,11.330954046424546,0.030954332524546047
5207,1,9.5,10.253831987560487,0.7538319875604866
5208,1,10.0,10.66219778709539,0.6621977870953906
5209,1,11.6500000954,11.065625060799809,0.5843750346001908
5210,1,9.0,9.975956812509146,0.9759568125091462
5211,1,9.69999980927,10.555729705158605,0.8557298958886044
5212,1,9.80000019073,10.665431122273587,0.8654309315435871
5213,1,9.87499976158,11.03565457633255,1.1606548147525508
5214,1,8.89999993642,10.47297453165113,1.5729745952311287
5215,1,11.5,10.694696333411311,0.8053036665886886
5216,1,11.0,10.611435072582132,0.3885649274178675
5217,1,9.60000038147,10.716257732512254,1.116257351042254
5218,1,9.2,10.138471321604634,0.9384713216046343
5219,1,9.69999980927,11.143162479429966,1.4431626701599658
5220,1,9.29999976688,10.574552703409598,1.2745529365295987
5221,1,10.1000003815,10.751824250789124,0.6518238692891245
5222,1,9.69999980927,11.094853831684535,1.3948540224145347
5223,2,9.80000019073,11.024463029265984,1.2244628385359846
5224,2,10.1333334181,10.070554493223671,0.06277892487632819
5225,2,8.97500014305,10.977724607269467,2.002724464219467
5226,2,10.3499999046,10.952641942940588,0.602642038340587
5227,2,11.8499999046,11.958343648673615,0.1083437440736148
5228,2,11.0166667302,9.659638184342382,1.3570285458576183
5229,2,12.3499999046,11.189645177443936,1.160354727156065
5230,2,10.0999999046,10.604207237705971,0.5042073331059704
5231,2,10.4000000954,11.007596093166157,0.6075959977661576
5232,2,9.60000038147,10.87002711988988,1.2700267384198796
5233,2,12.9000000954,11.475336865142424,1.4246632302575755
5234,2,9.0,10.05764252867067,1.0576425286706694
5235,2,10.8999996185,10.544003247607534,0.3559963708924663
5236,2,10.6500000954,10.799653198047862,0.14965310264786247
5237,2,10.0,11.220184359530169,1.220184359530169
5238,2,10.1000003815,10.76540746721433,0.6654070857143299
5239,2,10.5,10.638695712582473,0.13869571258247326
5240,2,9.15000009537,11.278815674418258,2.1288155790482577
5241,2,12.1399999619,11.654170583638418,0.485829378261581
5242,2,9.83333301544,10.564232806616005,0.7308997911760056
5243,2,10.25,11.008232463833377,0.7582324638333766
5244,2,12.0333334605,11.294970406006106,0.7383630544938935
5245,2,10.5500001907,10.752427192734583,0.20242700203458242
5246,4,10.2250000238,10.17333923561932,0.05166078818067987
5247,4,12.6500000954,10.927256271085394,1.7227438243146054
5248,4,9.40000009537,10.13958221686019,0.739582121490189
5249,4,9.39999961853,10.419439006613892,1.0194393880838923
5250,4,10.3650001049,10.525084380788286,0.1600842758882859
5251,4,10.1000003815,10.921412424532553,0.821412043032554
5252,4,12.3499999046,10.674749820740722,1.6752500838592788
5253,4,8.59999990463,9.315523694337637,0.7155237897076372
5254,4,11.5,10.24766951332587,1.2523304866741292
5255,4,9.69999980927,10.246733212227904,0.5467334029579032
5256,4,10.1500000954,10.098186941551578,0.05181315384842122
5257,4,10.5090909438,10.087648288995714,0.4214426548042862
5258,4,9.77142860776,10.691546568110022,0.9201179603500211
5259,4,9.34999990463,10.2475544902886,0.8975545856586002
5260,4,9.30000019073,10.947592100347844,1.6475919096178444
5261,4,9.75,10.331283861117988,0.5812838611179885
5262,4,9.5,10.370797564220304,0.8707975642203039
5263,4,9.98749995232,10.588731411535555,0.6012314592155548
5264,4,9.84999990463,10.59122947724981,0.7412295726198099
5265,4,9.53333346049,10.906718986797282,1.3733855263072812
5266,4,9.69999980927,10.542351418557416,0.8423516092874159
5267,4,9.96666653951,10.476822310172468,0.5101557706624682
5268,3,9.35833334923,9.696213517163063,0.3378801679330632
5269,3,12.6500000954,10.574490475939667,2.075509619460332
5270,3,9.7999997139,10.132915454999342,0.33291574109934174
5271,3,9.80000019073,9.205051193505575,0.5949489972244244
5272,3,9.65000009537,10.34884115558004,0.6988410602100394
5273,3,8.84999990463,9.261586116043528,0.41158621141352825
5274,3,12.1999998093,10.47485766103469,1.7251421482653093
5275,3,9.44999980927,9.980642754199888,0.5306429449298875
5276,3,12.6000003815,10.577879806431552,2.0221205750684472
5277,3,11.0,9.833759487477586,1.166240512522414
5278,3,10.1000003815,10.3492428506563,0.24924246915630022
5279,3,12.0,10.821710773632958,1.178289226367042
5280,3,34.5271184242,26.57765245294773,7.949465971252266
5281,3,34.2000001477,25.992744687163416,8.207255460536587
5282,3,37.3318184939,28.80361928349804,8.528199210401961
5283,3,34.7400003052,26.708257279862732,8.031743025337267
5284,3,36.2615383833,26.80557395259288,9.45596443070712
5285,3,38.6359999084,28.760048537148258,9.875951371251745
5286,3,31.4222223494,25.25912571861307,6.163096630786928
5287,3,36.0187497139,27.460239264618238,8.558510449281762
5288,3,33.1999998382,26.599119188168885,6.600880650031115
5289,3,38.2862068702,27.849861809973625,10.436345060226373
5290,3,37.0526317797,29.321917176902865,7.730714602797136
5291,3,33.9000002543,26.108331777707974,7.791668476592022
5292,3,32.9857145037,23.995910759735548,8.989803743964455
5293,3,31.6068180691,28.870860340608466,2.7359577284915346
5294,3,31.9916664759,24.140962851800275,7.850703624099726
5295,3,31.6159999847,26.463317726503313,5.152682258196688
5296,3,36.8878050083,26.822880094636858,10.064924913663141
5297,3,36.1969695814,27.892806438159592,8.304163143240405
5298,3,32.8200000286,27.471586913956244,5.348413114643755
5299,1,36.6622221205,29.078569672844633,7.583652447655364
5300,3,38.0183574842,25.713367915873476,12.304989568326526
5301,1,36.4272731434,28.840237909441285,7.587035233958716
5302,3,35.3772726926,26.87263414332761,8.504638549272393
5303,3,33.9946428708,27.79386521702648,6.200777653773521
5304,3,35.991549371,27.529994576253358,8.46155479474664
5305,1,33.6374998093,28.644700747428896,4.992799061871107
5306,1,36.3899993896,25.73129079119488,10.65870859840512
5307,1,37.1416660945,30.576518012902223,6.56514808159778
5308,3,34.0333328247,26.95352389373433,7.079808930965665
5309,3,40.2064934272,28.44592879744637,11.760564629753631
5310,1,35.2800010681,27.132278702628202,8.147722365471797
5311,3,33.300000327,25.981261669563303,7.318738657436697
5312,3,34.6062502861,26.52295829639735,8.083291989702651
5313,1,32.6608694325,27.15087575766526,5.509993674834739
5314,3,32.1775510749,26.401036352162834,5.7765147227371685
5315,1,34.8479999924,23.696426783549605,11.151573208850394
5316,3,38.6165492635,26.537664143879443,12.078885119620555
5317,3,33.9058824427,25.614549860838682,8.291332581861315
5318,1,32.5200004578,24.99835787623757,7.521642581562432
5319,3,35.9083328247,27.60426898079551,8.304063843904487
5320,3,33.0166664124,25.082394002393787,7.934272410006212
5321,3,33.2272727273,24.01936538273109,9.207907344568909
5322,1,32.4666671753,25.867738745160445,6.5989284301395585
5323,1,35.6568182165,26.25014610501905,9.406672111480951
5324,3,35.3193547649,28.443883198018163,6.875471566881835
5325,1,35.4363632202,27.28543905596916,8.15092416423084
5326,1,34.7833334605,27.570396868761534,7.212936591738469
5327,1,35.0052630776,29.803653971507643,5.201609106092356
5328,1,34.6999994914,27.750162203252895,6.949837288147105
5329,1,34.9346153553,29.813072220307312,5.1215431349926845
5330,1,34.611111535,28.83327241399268,5.777839121007318
5331,3,32.4396039755,26.183976714220947,6.255627261279052
5332,2,20.7473684247,18.03281501165019,2.71455341304981
5333,2,17.2521367562,16.787961832720733,0.46417492347926625
5334,2,21.0222222222,13.081882516741706,7.940339705458294
5335,2,20.4014286314,13.000425694773979,7.401002936626023
5336,2,22.3714285956,12.300732293139744,10.070696302460258
5337,2,24.7091145913,13.969028678030883,10.740085913269118
5338,2,20.1735294192,13.291867290636084,6.881662128563917
5339,2,23.0391304182,16.007055808828728,7.032074609371271
5340,2,22.1161615969,17.893405976378396,4.222755620521603
5341,2,15.6896552053,13.490786331303333,2.198868873996666
5342,2,14.9562500119,14.178381428944075,0.7778685829559251
5343,2,24.6505535309,14.72442566185207,9.926127869047932
5344,2,21.26764707,12.991943538189002,8.275703531810997
5345,2,21.8416668574,13.178027227604545,8.663639629795455
5346,2,15.8588235659,12.857818735159643,3.0010048307403565
5347,5,10.5,10.954194450767552,0.4541944507675524
5348,5,11.3888887829,11.941760706133014,0.5528719232330133
5349,5,11.5499997139,12.082865320780833,0.5328656068808328
5350,5,11.8000001907,12.098674201198742,0.29867401049874154
5351,5,11.6692308279,10.58831802725672,1.0809128006432793
5352,5,11.8999996185,11.203079458993193,0.6969201595068082
5353,5,9.5333331426,11.516360921459693,1.983027778859693
5354,5,9.82857145582,11.263985754073753,1.435414298253752
5355,5,11.0,11.061565919900683,0.0615659199006835
5356,5,12.4500002861,11.147159405638952,1.3028408804610478
5357,5,9.76000003815,11.44641738468962,1.6864173465396188
5358,5,10.5199998856,11.126117369284612,0.6061174836846117
5359,5,8.9833334287,11.239497591771062,2.2561641630710625
5360,5,9.80000019073,10.907456172577135,1.107455981847135
5361,5,11.4499998093,11.493052727261201,0.04305291796120159
5362,5,11.1000003815,11.174348804762682,0.07434842326268232
5363,5,13.2750000954,11.929089082137448,1.3459110132625511
5364,5,11.5999999046,11.03789714805933,0.5621027565406713
5365,5,8.75,11.152387939613224,2.4023879396132237
5366,5,11.6999998093,11.23516391456651,0.46483589473348985
5367,5,11.3000001907,11.340343565935115,0.04034337523511411
5368,5,11.8499999046,12.956774169452471,1.1067742648524703
5369,5,11.3000001907,12.153238900493967,0.8532387097939669
5370,5,11.25,12.97567934269629,1.7256793426962904
5371,5,12.0,11.569338575298998,0.4306614247010021
5372,1,13.0999999046,11.48937198305222,1.6106279215477812
5373,1,12.8000001907,14.108807966884726,1.3088077761847252
5374,1,11.0499997139,11.072075135520592,0.02207542162059184
5375,4,12.3000001907,10.852662127649534,1.4473380630504664
5376,1,9.89999961853,12.175575842695967,2.2755762241659667
5377,1,12.6999998093,11.140461647489905,1.559538161810094
5378,1,12.8000001907,11.600795350915963,1.1992048397840378
5379,1,12.6000003815,11.794927586463423,0.8050727950365761
5380,1,12.6166666349,12.055201215591449,0.5614654193085507
5381,1,12.0250000954,11.501176693341815,0.5238234020581842
5382,1,10.5250000954,11.468469305233562,0.9434692098335624
5383,1,11.8799999237,13.486843425950276,1.6068435022502765
5384,1,10.75,11.237451688089713,0.4874516880897133
5385,1,8.88888888889,11.160721120411667,2.2718322315216675
5386,1,10.0454544588,11.411453931899029,1.3659994730990288
5387,1,11.1999998093,10.983426886883061,0.2165729224169386
5388,1,9.0,11.43237937540594,2.43237937540594
5389,1,11.8000001907,11.189117729757598,0.6108824609424026
5390,1,11.0,11.058132117401225,0.05813211740122526
5391,1,11.8000001907,12.554463234749267,0.7544630440492668
5392,2,12.1666666667,11.878030986056562,0.2886356806434378
5393,2,12.1999998093,11.672052349219175,0.5279474600808243
5394,2,12.25,12.585481961966776,0.33548196196677615
5395,2,11.5,10.667461806595774,0.8325381934042255
5396,2,11.8000001907,12.086402704253523,0.2864025135535222
5397,2,10.4666667514,11.13923276798776,0.6725660165877603
5398,2,12.1000001431,11.630608989129149,0.46939115397085196
5399,2,10.6133333206,11.57299827979811,0.9596649591981095
5400,2,11.1999998093,11.548954581347633,0.3489547720476338
5401,2,12.836363619,11.905432660668339,0.9309309583316612
5402,2,10.2461539782,11.108387597580455,0.8622336193804543
5403,2,10.3999996185,11.47177143939419,1.07177182089419
5404,2,9.40000009537,12.187790377407653,2.787790282037653
5405,3,11.4500002861,10.14156755603155,1.30843273006845
5406,3,12.0,10.512361497248174,1.4876385027518264
5407,3,10.5499997139,9.960748987019766,0.589250726880234
5408,3,10.5499999523,10.131069845425152,0.4189301068748481
5409,3,10.3999996185,10.636103687391197,0.23610406889119595
5410,3,11.433333238,11.175529316502518,0.2578039214974819
5411,3,9.60000038147,10.995180142802816,1.395179761332816
5412,3,10.8777777354,10.82124247132214,0.05653526407786025
5413,3,11.3999996185,10.743361018944157,0.6566385995558441
5414,3,11.6666666667,11.366338189559887,0.3003284771401127
5415,3,11.6500000954,10.680178656333899,0.9698214390661004
5416,3,12.1200000763,11.086911539180537,1.033088537119463
5417,3,10.4500002861,12.199437285391253,1.7494369992912535
5418,3,12.2000002861,10.50589782531089,1.694102460789109
5419,3,11.5111110475,10.700945976948724,0.8101650705512764
5420,3,12.7666667302,10.976754175555424,1.7899125546445767
5421,5,13.0333334605,11.071563181117583,1.9617702793824172
5422,5,11.9499998093,11.479706749310788,0.47029305998921167
5423,5,11.9249999523,12.398382285471094,0.47338233317109335
5424,5,11.3000001907,11.631850434892096,0.3318502441920952
5425,5,12.1000003815,11.117409509728297,0.982590871771702
5426,5,10.6000003815,10.89083895933499,0.29083857783499134
5427,5,11.4000002543,11.097415989293173,0.30258426500682667
5428,5,12.6999998093,11.160246281122273,1.5397535281777266
5429,5,11.3333333333,12.685290242253656,1.351956908953655
5430,5,11.6000003815,10.317263945793549,1.2827364357064504
5431,5,11.9000000954,11.357515830073698,0.5424842653263013
5432,5,11.6199998856,11.735512110596662,0.11551222499666203
5433,5,11.1999998093,11.256651975800386,0.056652166500386514
5434,5,11.1666666667,11.679775062591803,0.5131083958918037
5435,5,10.3499999046,11.66635180573331,1.3163519011333094
5436,5,12.5571429389,11.40451586161805,1.1526270772819505
5437,5,12.1749999523,12.690198828615394,0.5151988763153934
5438,5,11.6999998093,11.240179820300321,0.45981998899967813
5439,5,8.84999990463,10.846225644428413,1.9962257397984136
5440,5,9.10000038147,11.115087689616427,2.015087308146427
5441,5,11.3000001907,12.84355931638965,1.543559125689649
5442,5,12.8999996185,10.96580436248079,1.9341952560192102
5443,5,13.1999998093,11.962755430118248,1.2372443791817513
5444,5,13.0999999046,11.697737615425778,1.4022622891742227
5445,5,11.75,11.119184778722822,0.630815221277178
5446,5,10.9499998093,11.802313773977,0.8523139646770002
5447,5,11.1000003815,11.316914227902979,0.21691384640297962
5448,5,11.1999998093,11.200988746457552,0.0009889371575528827
5449,5,11.7666667302,12.243142066138228,0.4764753359382272
5450,4,10.3500003815,11.254532554278807,0.9045321727788078
5451,4,12.0999999046,10.97134562599674,1.1286542786032605
5452,4,9.01999988556,10.448813939491199,1.4288140539311982
5453,4,9.30000019073,10.323171040906308,1.0231708501763084
5454,4,10.6999998093,10.97860004285761,0.27860023355760966
5455,4,11.6999998093,12.242801549121944,0.5428017398219449
5456,4,11.25,11.349487762415372,0.0994877624153716
5457,4,10.1999998093,10.636596603537633,0.43659679423763365
5458,4,12.75,10.852060672675922,1.897939327324078
5459,4,11.2000001272,11.142694535745031,0.05730559145496805
5460,4,11.1666666667,11.11809228380871,0.04857438289128879
5461,4,12.6000003815,10.967046162289126,1.6329542192108732
5462,4,11.0499997139,10.709366518703881,0.34063319519611923
5463,4,12.3199998856,11.428329247834402,0.8916706377655981
5464,4,10.8999996185,10.576514081591323,0.3234855369086773
5465,4,12.7083334128,11.627451168240503,1.080882244559497
5466,4,12.2999998728,11.226841335822497,1.0731585369775036
5467,4,11.8000001907,12.131018313899702,0.33101812319970136
5468,4,13.0999999046,11.467150299405915,1.6328496051940853
5469,4,14.0,11.453090684253633,2.546909315746367
5470,4,10.7999998728,10.884658996375897,0.08465912357589644
5471,4,11.0500001907,11.269264231107766,0.21926404040776504
5472,4,10.7399999619,10.8667290343988,0.12672907249879906
5473,4,10.1250002384,10.801337907964527,0.6763376695645267
5474,4,12.4799999237,12.45927586538259,0.02072405831740909
5475,4,11.6000003815,11.034814552227212,0.5651858292727869
5476,5,11.0333331426,11.852340976287962,0.8190078336879623
5477,5,12.5800000191,14.080441092846705,1.500441073746705
5478,5,11.9499998093,11.418381487970382,0.5316183213296171
5479,5,11.3999996185,11.107820243052656,0.2921793754473452
5480,5,10.2759999466,11.631830229971408,1.3558302833714073
5481,5,10.5,10.61256593085048,0.11256593085047939
5482,5,11.6000003815,11.874691855673253,0.27469147417325424
5483,5,9.10000038147,11.239408988440367,2.139408606970367
5484,5,11.7666666243,12.192953185678627,0.4262865613786264
5485,5,10.25,11.204227188726959,0.9542271887269589
5486,5,11.0499997139,10.694339148252038,0.35566056564796256
5487,5,11.6999998093,12.077667148752894,0.3776673394528949
5488,1,12.2999998728,11.989343594881065,0.3106562779189357
5489,1,11.0500001907,11.529601259366721,0.4796010686667209
5490,1,11.9499998093,11.026022009612364,0.9239777996876359
5491,1,13.5363636884,12.672909324818818,0.863454363581182
5492,1,10.4000002543,10.820971813886995,0.42097155958699517
5493,1,12.5250000954,11.962863809520291,0.5621362858797081
5494,1,11.8999996185,11.455380330836178,0.44461928766382286
5495,1,12.2000002861,12.248256128983503,0.04825584288350271
5496,1,11.6000003815,11.287569747712912,0.3124306337870877
5497,1,12.75,11.61228564922732,1.1377143507726792
5498,1,12.5000003179,11.625213612187482,0.874786705712518
5499,1,12.0333334605,11.361239737285807,0.6720937232141928
5500,1,12.1500000954,12.352429039128168,0.20242894372816878
5501,1,11.8999996185,12.044577815114433,0.14457819661443239
5502,3,12.6500000954,10.624986804419585,2.0250132909804144
5503,3,11.4000000954,10.553291616818438,0.8467084785815615
5504,3,12.3799999237,12.350280588007646,0.029719335692353965
5505,3,9.60000038147,10.744974501096014,1.1449741196260135
5506,3,10.1500000954,10.342828855755027,0.19282876035502738
5507,3,11.8999996185,12.150144993863996,0.2501453753639957
5508,3,11.8000001907,10.56723916482991,1.23276102587009
5509,3,11.0,11.170151865014416,0.17015186501441626
5510,3,10.4000000954,10.466806586534066,0.06680649113406645
5511,3,11.5,10.751832538070841,0.7481674619291585
5512,3,8.93333323797,10.603250811391028,1.6699175734210279
5513,3,11.685714313,11.63422791504934,0.05148639795065968
5514,3,10.5500001907,9.983614786426799,0.5663854042732019
5515,3,11.0,10.358040024531524,0.6419599754684757
5516,3,11.1999998093,10.24707742411304,0.9529223851869588
5517,3,10.0833334923,10.809622891796918,0.7262893994969186
5518,3,9.99999976158,11.13297837406866,1.1329786124886603
5519,4,13.0,10.714428989887947,2.2855710101120525
5520,4,11.6000000636,11.932143538426452,0.33214347482645223
5521,4,11.9999996821,11.151578279946085,0.8484214021539156
5522,4,12.6666667726,11.675037501070618,0.9916292715293817
5523,4,12.9499998093,10.839635484066092,2.110364325233908
5524,4,10.8999996185,10.645309778613296,0.254689839886705
5525,4,11.6333332062,10.783964434587341,0.8493687716126583
5526,4,8.93333339691,10.511892102727899,1.5785587058178994
5527,4,9.19999980927,10.76253043261072,1.5625306233407201
5528,4,12.8999996185,11.807322778939808,1.092676839560193
5529,4,9.89999961853,10.629337326936003,0.7293377084060033
5530,4,10.875,10.916165935783006,0.04116593578300609
5531,1,10.5,11.723704637050199,1.223704637050199
5532,1,11.6000003815,11.679678807105596,0.07967842560559646
5533,1,12.1000003815,12.335093401005505,0.23509301950550565
5534,1,11.8400001526,11.638827639511632,0.20117251308836792
5535,1,12.0000003179,11.897628887646183,0.10237143025381634
5536,1,11.7714286532,11.10394416734717,0.6674844858528299
5537,1,11.0,13.039670638440267,2.039670638440267
5538,1,12.5777778625,12.34150815474194,0.23626970775806022
5539,1,12.0500001907,11.666495940602843,0.3835042500971575
5540,1,9.89999993642,11.532779275076193,1.6327793386561922
5541,4,11.8666664759,11.209659160667227,0.6570073152327733
5542,4,10.7999998728,10.650751515983071,0.14924835681692983
5543,4,11.5,11.43277810543067,0.06722189456933059
5544,4,9.26666673024,10.800235220399873,1.5335684901598725
5545,4,11.8333333333,10.957366487494273,0.8759668458057277
5546,4,12.2666664124,11.742660783411312,0.5240056289886876
5547,4,12.0499997139,11.325678896135557,0.7243208177644433
5548,4,11.8000001907,11.389290200460957,0.4107099902390434
5549,4,12.0,11.77662000420184,0.22337999579815992
5550,4,8.84999990463,10.656271246425568,1.8062713417955685
5551,3,12.285714422,11.532180427696892,0.7535339943031083
5552,3,9.84999990463,11.218790966022599,1.3687910613925993
5553,3,12.5,10.318058549778288,2.1819414502217125
5554,3,12.1999998093,11.230277417786272,0.9697223915137272
5555,3,12.4333333969,10.67309928755457,1.760234109345431
5556,3,12.3000001907,11.624239412301574,0.675760778398427
5557,3,11.4499998093,10.606952633640493,0.8430471756595068
5558,3,11.6999998093,10.459848120235364,1.2401516890646356
5559,3,12.2222222222,11.636445168831965,0.5857770533680338
5560,3,12.6999998093,10.693229562691464,2.0067702466085358
5561,3,9.10000038147,10.635821169565332,1.5358207880953323
5562,3,11.1999998093,10.173101965030295,1.0268978442697048
5563,3,12.2285713468,10.855859995108938,1.3727113516910627
5564,3,11.6999998093,10.531316544392,1.1686832649079992
5565,3,11.3999996185,11.10072652376883,0.2992730947311699
5566,3,9.75,10.975270883479695,1.2252708834796948
5567,3,12.3,11.58237178974882,0.7176282102511813
5568,3,11.5500001907,10.355196887406382,1.194803303293618
5569,3,8.82500004768,10.604048319726857,1.7790482720468574
5570,2,11.6999998093,12.090090721226272,0.3900909119262721
5571,2,11.9999996821,11.681028802233277,0.3189708798667237
5572,2,11.0333331426,11.68117001816277,0.6478368755627706
5573,2,13.6749999523,12.079771640545177,1.5952283117548234
5574,2,11.0,11.685223504809713,0.6852235048097128
5575,2,12.8999996185,11.314329599701587,1.5856700187984138
5576,2,12.6500000954,11.883415876026461,0.7665842193735379
5577,2,10.9499998093,11.419092491187694,0.4690926818876946
5578,2,9.15000003576,11.290997137032567,2.1409971012725677
5579,2,10.1999998093,12.193645003517158,1.9936451942171587
5580,2,13.0333334605,11.68575029154637,1.34758316895363
5581,2,10.955555492,11.411749756023486,0.45619426402348573
5582,2,11.75,11.669528848776407,0.08047115122359294
5583,1,9.19999980927,11.939239870445899,2.7392400611758987
5584,1,8.76666641235,11.103660983900692,2.336994571550692
5585,1,12.3000001907,11.631618597423696,0.6683815932763046
5586,1,12.8499999046,11.890135235190362,0.9598646694096384
5587,1,9.60000038147,11.182209656359671,1.5822092748896708
5588,1,12.0,11.2508894008086,0.7491105991914004
5589,1,12.0,10.813780432389333,1.1862195676106673
5590,1,11.0500001907,11.214015015401786,0.16401482470178586
5591,1,11.6000003815,11.95436808001429,0.3543676985142916
5592,1,9.53333346049,13.524293186591201,3.9909597261012006
5593,1,11.3000001907,11.14546019575455,0.15453999494545023
5594,1,11.6999998093,11.36379370027566,0.3362061090243387
5595,1,12.1571427754,11.727876076519612,0.4292666988803884
5596,1,11.2666664124,11.383758039403068,0.11709162700306841
5597,1,11.8000001907,11.231069462809208,0.5689307278907929
5598,5,11.3666667938,11.497117539825963,0.13045074602596252
5599,5,9.83333333333,11.186989824661689,1.353656491331689
5600,5,12.3000001907,12.223061545100034,0.07693864559996655
5601,5,12.1750001907,12.419259044439979,0.24425885373997858
5602,5,14.0000002384,12.665166330424427,1.3348339079755736
5603,5,9.34999990463,10.712057077237834,1.3620571726078339
5604,5,9.5,11.264618911384446,1.7646189113844457
5605,5,11.3999996185,11.755684480514107,0.35568486201410643
5606,5,11.8999996185,11.287609851209757,0.6123897672902441
5607,5,9.55000019073,11.436977836961512,1.8869776462315127
5608,5,12.8999996185,11.392601939861946,1.5073976786380552
5609,5,11.5,10.37747614177269,1.1225238582273107
5610,5,11.75,11.704995598425203,0.045004401574797015
5611,5,9.125,11.907823570074955,2.782823570074955
5612,5,9.64999985695,11.184570049898017,1.534570192948017
5613,5,9.39999961853,10.739765838962072,1.3397662204320717
5614,5,10.7999998093,10.608254313009095,0.19174549629090443
5615,5,11.8000001907,10.833449229388611,0.9665509613113894
5616,5,10.6749999523,12.230448222645105,1.5554482703451047
5617,5,11.5399999619,11.956689486039373,0.41668952413937355
5618,5,12.0666666031,11.818942800524688,0.24772380257531168
5619,5,12.0,11.499889404081525,0.5001105959184748
5620,5,11.1749999523,11.980130222158001,0.805130269858001
5621,5,11.0,10.63941274712749,0.36058725287250937
5622,5,11.3499999046,11.42144487800033,0.07144497340032885
5623,5,10.3999996185,11.391983317357138,0.9919836988571369
5624,3,14.0333334605,13.191511151077435,0.8418223094225645
5625,3,16.2000007629,13.09346822287042,3.10653254002958
5626,3,18.8600002289,15.401252254112093,3.458747974787906
5627,3,17.7999992371,13.764328177937251,4.035671059162748
5628,3,13.9249999523,13.91460426223311,0.010395690066889784
5629,3,15.6666665607,14.893242244739753,0.7734243159602467
5630,3,12.6999998093,12.816377485122985,0.11637767582298508
5631,3,15.1666666667,14.116660716528786,1.0500059501712133
5632,2,15.7833333015,14.837319322325849,0.9460139791741522
5633,2,14.6666669846,14.109842864205971,0.5568241203940296
5634,2,13.5250000954,13.760966807629618,0.23596671222961874
5635,2,11.9000000954,13.508863777394184,1.608863681994185
5636,2,13.0500001907,14.497803150639312,1.4478029599393114
5637,2,12.1999998093,14.935502859584975,2.7355030502849758
5638,2,18.2000007629,16.622678109423397,1.5773226534766032
5639,2,19.4499998093,17.398864792417804,2.0511350168821956
5640,2,13.9000000954,13.70642724742897,0.19357284797102992
5641,2,16.2749998569,15.464396409513006,0.8106034473869936
5642,1,17.3500003815,14.528944282210146,2.8210560992898532
5643,1,13.8222222858,13.971274586131083,0.14905230033108197
5644,1,16.8375000954,14.282031975846781,2.5554681195532183
5645,1,19.9857145037,15.400172687166352,4.585541816533647
5646,1,12.4666668574,13.262286019277552,0.7956191618775517
5647,1,12.1500000954,16.483273161674596,4.333273066274597
5648,1,12.6999998093,13.393225631263824,0.693225821963825
5649,1,15.4888890584,15.483026073957104,0.00586298444289568
5650,1,16.9499998093,17.712469500577605,0.7624696912776052
5651,1,14.7,13.990648885672222,0.7093511143277773
5652,1,15.6999998093,15.693717129780957,0.006282679519042489
5653,4,16.3999996185,17.06125229321324,0.6612526747132392
5654,4,15.0500001907,15.115454884265002,0.06545469356500178
5655,4,13.8000001907,14.581582543036799,0.7815823523367982
5656,4,18.3500001431,16.20996984526433,2.140030297835672
5657,4,22.5857140677,15.87125816254792,6.7144559051520805
5658,4,13.6333332062,13.963575557796998,0.3302423515969988
5659,4,14.8999999364,14.689936722611515,0.21006321378848547
5660,4,12.3000001907,15.070881979390103,2.7708817886901027
5661,4,17.0,16.40933914881554,0.5906608511844595
5662,4,18.8999996185,15.991874143602455,2.9081254748975454
5663,4,15.1999998093,16.132853665942793,0.9328538566427937
5664,4,12.6999998093,13.950672339476188,1.250672530176189
5665,3,13.0750000477,14.8362232882065,1.7612232405065011
5666,3,14.4249999523,15.716343879890182,1.291343927590182
5667,3,13.2249999046,12.933772841600538,0.29122706299946266
5668,3,13.7000001272,14.046089446527432,0.34608931932743303
5669,3,15.6500000954,14.10902921724739,1.54097087815261
5670,3,15.6727273247,14.498888609985737,1.1738387147142628
5671,3,15.8999996185,15.246316198561825,0.6536834199381758
5672,3,13.5,13.003958212946438,0.49604178705356183
5673,3,14.8000001907,12.828659215746256,1.971340974953744
5674,3,13.6,13.385905966668,0.2140940333319996
5675,4,14.1000003815,15.941295769471624,1.8412953879716252
5676,4,16.3499994278,14.018125132095967,2.331874295704033
5677,4,16.4400001526,14.88082916890083,1.55917098369917
5678,4,19.8999996185,17.038523244360462,2.8614763741395386
5679,4,15.1333335241,15.45297691020507,0.3196433861050707
5680,4,14.477777693,15.303327097700361,0.8255494047003609
5681,4,15.3846153846,15.113529639552945,0.2710857450470545
5682,4,18.1000003815,17.25079005771054,0.8492103237894604
5683,4,16.5,17.29045157938119,0.790451579381191
5684,4,12.1000003815,14.491210129957603,2.3912097484576034
5685,4,17.3125,16.265599381521305,1.0469006184786949
5686,2,13.9000002543,14.73367831119787,0.8336780568978703
5687,2,16.6799999237,14.992082019855316,1.6879179038446832
5688,2,14.5999999046,14.216878980953531,0.38312092364646944
5689,2,14.3999996185,14.748114705314764,0.34811508681476333
5690,2,17.5500001907,16.462026222236446,1.0879739684635545
5691,2,14.1399999619,14.326603022724758,0.18660306082475842
5692,2,16.9499993324,15.691532850691187,1.2584664817088136
5693,2,18.2428569794,15.521325570171813,2.721531409228186
5694,2,18.1499996185,14.754433534029952,3.3955660844700493
5695,2,16.7166665395,15.38590838698948,1.330758152510521
5696,1,16.7333335876,17.39580870428405,0.6624751166840497
5697,1,14.9000000954,14.233175823982831,0.6668242714171679
5698,1,12.3999996185,13.57256282617675,1.172563207676749
5699,1,17.5,16.961833704781608,0.5381662952183923
5700,1,16.2000001907,14.353153028382767,1.846847162317232
5701,1,17.1000003815,13.898977757367227,3.201022624132772
5702,1,17.3181817315,15.20602034330418,2.1121613881958208
5703,1,15.2200000763,15.896894830647387,0.6768947543473871
5704,1,14.6000003815,13.750003289435888,0.8499970920641111
5705,1,14.8000001907,14.022204566886883,0.7777956238131178
5706,1,16.9333337148,16.849663127465753,0.0836705873342467
5707,1,18.2181819569,15.487253229014035,2.7309287278859653
5708,5,15.8400000572,14.3249801253186,1.5150199318813993
5709,5,14.9749999046,14.956088890376058,0.018911014223942146
5710,5,15.2999997139,15.122692546603439,0.17730716729656137
5711,5,13.75,14.542511724219231,0.7925117242192314
5712,5,15.5,16.201626266579247,0.7016262665792468
5713,5,13.0599998474,16.555631860355103,3.4956320129551024
5714,5,11.7999997139,14.245841787411466,2.445842073511466
5715,5,15.2249999046,14.387528604484771,0.8374713001152294
5716,5,15.1125000715,13.743626402519489,1.3688736689805108
5717,5,13.1500000954,13.588790305508919,0.4387902101089196
5718,3,11.8400001526,12.474596919874605,0.6345967672746049
5719,3,16.2000007629,16.02847355608479,0.1715272068152096
5720,3,15.8600000381,15.395850827657219,0.46414921044278223
5721,3,16.2999992371,14.375050064556575,1.9249491725434247
5722,3,16.9000001635,14.005910081366792,2.894090082133207
5723,3,16.1500000954,14.253128399223778,1.8968716961762215
5724,3,16.7142854418,17.365686523509556,0.6514010817095546
5725,3,14.5,17.42159091256749,2.9215909125674884
5726,3,14.0500001907,16.34945928148465,2.299459090784648
5727,3,11.7333332698,13.16142143621966,1.428088166419661
5728,3,15.3272726753,13.092093006431822,2.2351796688681773
5729,3,13.1000003815,16.39667037849293,3.2966699969929323
5730,5,13.5,14.799226915749529,1.2992269157495286
5731,5,16.6928571974,15.708727717456657,0.9841294799433413
5732,5,15.8499999046,16.17665615025814,0.326656245658139
5733,5,19.4500002861,16.968962776494656,2.4810375096053434
5734,5,14.4500000477,16.191342353605027,1.741342305905027
5735,5,13.375,13.627326179946374,0.2523261799463743
5736,5,18.1500002543,14.733633305477126,3.4163669488228745
5737,5,14.6500000954,13.920251900795908,0.7297481946040918
5738,2,13.7000000817,13.563822464946883,0.1361776167531179
5739,2,17.25,14.566287070297708,2.683712929702292
5740,2,16.8999996185,14.898568517385444,2.001431101114557
5741,2,15.6999998093,14.18632747945112,1.5136723298488803
5742,2,14.9749999046,14.825540000129884,0.1494599044701168
5743,2,17.2999992371,17.632257457071447,0.3322582199714468
5744,2,17.25,16.720598059502894,0.529401940497106
5745,2,20.8999996185,15.797835227856398,5.102164390643603
5746,5,16.1500005722,16.90294598296071,0.7529454107607094
5747,2,14.3666667938,14.34935480706245,0.017311986737549745
5748,5,16.4249997139,14.851281079973548,1.5737186339264522
5749,5,15.2857142857,14.490290994187026,0.7954232915129733
5750,5,19.6000003815,15.71417684898473,3.8858235325152695
5751,5,18.4666665395,15.373290854997313,3.0933756845026874
5752,5,23.6499996185,16.72573811741057,6.924261501089429
5753,5,14.4000000954,15.19240396538353,0.7924038699835307
5754,5,13.8333336512,14.84339547234667,1.0100618211466692
5755,5,19.4333337148,15.061667057386417,4.3716666574135825
5756,5,13.9749999046,13.465033689688529,0.5099662149114721
5757,2,16.9749994278,17.885291527522266,0.9102920997222661
5758,2,19.0333328247,16.763044944863598,2.2702878798364026
5759,2,13.3333336512,15.62427080263276,2.2909371514327592
5760,2,13.0,14.172879429304054,1.1728794293040536
5761,2,12.8750002384,16.04409192027356,3.1690916818735584
5762,2,20.25,18.446893774484295,1.8031062255157053
5763,2,11.2999999183,14.514346699777626,3.2143467814776265
5764,2,19.2714287894,15.224557911924538,4.046870877475463
5765,2,12.6999998093,13.713012925543985,1.013013116243986
5766,2,15.6999998093,14.984359651721201,0.7156401575787985
5767,1,18.4666665395,18.124542812367373,0.34212372713262695
5768,1,18.6333335241,16.67010159167444,1.9632319324255576
5769,1,13.3000001907,13.834957240386483,0.5349570496864828
5770,1,17.7000007629,14.396554708464382,3.303446054435618
5771,1,13.0499999523,13.98411362086847,0.9341136685684699
5772,1,13.6500000954,13.814644682703317,0.164644587303318
5773,1,12.1333335241,13.273871710782762,1.1405381866827629
5774,1,16.6176470027,14.822960837072994,1.794686165627006
5775,1,17.1000003815,16.458249636447963,0.6417507450520361
5776,1,16.7999992371,15.070713229633018,1.7292860074669818
5777,3,18.8000001907,18.90280062911123,0.10280043841122932
5778,3,13.1999998093,12.541202186844924,0.6587976224550758
5779,3,19.9499998093,15.55811755545708,4.391882253842919
5780,3,18.2999998728,14.685979737272858,3.6140201355271433
5781,3,13.6000003815,14.110630955113365,0.5106305736133656
5782,5,18.6000003815,15.44699394883069,3.1530064326693097
5783,3,13.2750000954,13.173724954916592,0.10127514048340736
5784,3,12.8999996185,12.674939946241368,0.22505967225863266
5785,3,11.8,12.446313754826807,0.6463137548268065
5786,3,13.7999999523,13.65267377350065,0.14732617879935006
5787,3,15.9499998093,14.5876411372314,1.3623586720686003
5788,3,13.1333332062,13.155027468670166,0.021694262470166592
5789,3,13.0,12.642463483344871,0.357536516655129
5790,3,14.6999998093,12.9596687394334,1.740331069866599
5791,3,13.7800001144,13.044975265796184,0.7350248486038158
5792,3,14.0999999046,14.906220290167964,0.806220385567963
5793,3,14.0333331426,16.242864053548523,2.209530910948523
5794,3,14.3000001907,17.4962231051719,3.1962229144718997
5795,3,15.3000001907,18.4171680828216,3.1171678921216
5796,3,14.4499998093,13.549421404874096,0.9005784044259038
5797,3,12.9000000954,14.341604948462416,1.441604853062417
5798,3,12.9999997616,12.865392058845222,0.13460770275477785
5799,3,14.6500000954,12.960072566658692,1.6899275287413076
5800,3,18.25,14.200499314635683,4.0495006853643165
5801,3,14.3800001144,13.28063647659605,1.0993636378039504
5802,4,14.1999998093,14.335755096462906,0.1357552871629064
5803,4,14.8999996185,14.618034214587997,0.28196540391200386
5804,4,15.1999998093,14.998497960892024,0.20150184840797536
5805,4,13.3999999364,14.394399670086157,0.9943997336861568
5806,4,15.2699999809,15.392835587099624,0.12283560619962408
5807,4,15.5750002861,15.360804702313903,0.21419558378609693
5808,4,15.4333333969,15.174301209447824,0.25903218745217593
5809,4,17.1666666667,16.569226958721277,0.5974397079787224
5810,4,13.3999997775,13.868053993627571,0.46805421612757137
5811,4,15.1500000954,14.43346333217838,0.7165367632216189
5812,4,12.6000003815,14.162796435772304,1.5627960542723045
5813,4,13.6399999619,14.870490713403246,1.2304907515032468
5814,4,14.8999999364,14.492941030213473,0.40705890618652774
5815,4,14.7666664124,16.347634475807123,1.5809680634071235
5816,4,12.433333238,15.820231821248337,3.386898583248337
5817,4,16.1500000954,15.081510823983766,1.068489271416233
5818,4,18.1499996185,16.200780436424523,1.9492191820754776
5819,4,15.0,17.10341862715305,2.103418627153051
5820,4,19.6666673024,15.12499612283292,4.54167117956708
5821,4,12.9000000954,14.01117961083052,1.1111795154305213
5822,5,12.2333332698,14.048000277719535,1.8146670079195353
5823,5,18.2999992371,15.404794006788652,2.8952052303113476
5824,5,17.2000007629,18.682079500200047,1.4820787373000464
5825,5,16.0,14.316668403588988,1.683331596411012
5826,5,12.2333332698,13.546695760467363,1.3133624906673642
5827,5,15.4500000477,14.637426781064557,0.812573266635443
5828,5,19.4749999046,16.37695162040669,3.098048284193311
5829,5,16.3000005086,14.96256945764515,1.3374310509548497
5830,5,12.1999998093,14.45223165236597,2.252231843065971
5831,5,16.5500001907,14.914912567025974,1.6350876236740266
5832,5,17.327272762,16.87581457420542,0.4514581877945787
5833,5,14.875,14.98362902929491,0.10862902929491014
5834,5,12.5000002384,13.76658464255884,1.2665844041588397
5835,2,15.4499998093,16.18832309781476,0.7383232885147599
5836,2,14.0500001907,15.313954906241399,1.2639547155413986
5837,2,17.7631577944,14.525761068520636,3.237396725879366
5838,2,17.5,15.093832119400437,2.406167880599563
5839,2,14.4600000381,13.780567460189296,0.6794325779107044
5840,2,14.9249999523,16.59796492580494,1.672964973504941
5841,2,16.2666670481,17.418600485183596,1.1519334370835956
5842,2,12.3999996185,14.112017086492697,1.7120174679926965
5843,2,13.2749998569,13.844619006669742,0.5696191497697427
5844,2,13.5,15.097478158589839,1.5974781585898388
5845,2,15.5,17.017870399885656,1.5178703998856555
5846,3,16.2999992371,15.193671605567166,1.1063276315328334
5847,3,19.7000007629,14.036640526166279,5.6633602367337215
5848,3,14.6000003815,12.957792063158914,1.6422083183410852
5849,3,16.1888889737,13.972479546817032,2.216409426882967
5850,3,16.7750000954,14.91658345886671,1.8584166365332901
5851,3,25.0,17.450871138694993,7.549128861305007
5852,3,16.1666673024,13.65675097382073,2.509916328579271
5853,3,13.5333331426,12.710375741033,0.8229574015670007
5854,3,13.8999999364,13.929619584720744,0.029619648320743153
5855,3,15.3222221798,14.222068379127576,1.100153800672425
5856,3,16.5200000763,13.80932106799391,2.7106790083060908
5857,5,16.3500003815,14.582834272892892,1.7671661086071069
5858,5,19.8142858233,17.038954716587874,2.7753311067121267
5859,5,15.3000001907,15.846710278917396,0.5467100882173952
5860,5,17.1000003815,20.706033649344164,3.6060332678441647
5861,5,15.7058823529,15.51154455314745,0.1943377997525495
5862,5,14.6411764481,15.685293905295207,1.0441174571952079
5863,5,17.7599998474,15.817844262675031,1.9421555847249685
5864,5,15.25,15.351131838449588,0.10113183844958762
5865,5,16.3888892068,14.638894616449852,1.7499945903501466
5866,5,13.3500001431,14.358088944887902,1.0080888017879008
5867,1,13.6500000954,13.351427097969587,0.2985729974304121
5868,1,16.3999996185,18.1931355792541,1.7931359607540998
5869,1,14.4000000424,14.726017369050412,0.32601732665041183
5870,1,18.9000005722,16.04260058259112,2.8573999896088793
5871,1,15.5500001907,16.93283893934046,1.3828387486404594
5872,1,16.400000052,14.954020469831288,1.445979582168711
5873,1,18.4666665395,15.178665719576292,3.288000819923708
5874,1,13.4500002861,14.99978376640944,1.54978348030944
5875,1,17.6000003815,14.90756722470096,2.692433156799039
5876,1,16.2999997139,17.24805703185229,0.9480573179522906
5877,5,16.5500001907,18.693019125976207,2.1430189352762063
5878,5,16.3200000763,15.40920225152208,0.9107978247779212
5879,5,16.7333335876,15.958751293732304,0.774582293867697
5880,5,17.049999555,16.168949460332442,0.8810500946675575
5881,5,13.9666665395,16.378409358427803,2.4117428189278023
5882,5,16.3999996185,13.591039043750515,2.808960574749486
5883,5,16.0666666031,16.276274560991386,0.20960795789138587
5884,5,19.0,16.34412126874246,2.655878731257541
5885,5,12.9500002861,14.450820336347869,1.500820050247869
5886,5,12.6000003815,15.354984524719608,2.754984143219609
5887,3,18.1500000954,15.736565501067068,2.413434594332932
5888,3,15.0999999046,14.962890755537224,0.13710914906277694
5889,3,18.7857142857,16.13671423540146,2.6490000502985396
5890,3,15.8000001907,14.968872511129245,0.8311276795707556
5891,3,14.3000001907,14.516551670080364,0.2165514793803638
5892,3,12.6500000954,12.899314057166098,0.24931396176609866
5893,3,15.8444443809,13.017515404355589,2.826928976544412
5894,3,15.7499995232,15.992981003967868,0.24298148076786852
5895,4,13.5800001144,14.127764152080191,0.5477640376801904
5896,4,17.3499997457,15.659042539404664,1.6909572062953355
5897,4,19.25,16.943527712713678,2.306472287286322
5898,4,11.3000001907,14.665194577062127,3.365194386362127
5899,4,18.0333328247,15.766546458373515,2.2667863663264853
5900,4,14.1799999237,13.950711702147524,0.2292882215524763
5901,4,19.4500002861,16.170115972381275,3.279884313718725
5902,4,18.0875000954,15.935343217345924,2.1521568780540754
5903,4,20.0199996948,16.721941764343146,3.298057930456853
5904,2,16.0,17.087171727376564,1.087171727376564
5905,2,15.4499998093,15.263118063947065,0.18688174535293456
5906,2,11.6499998569,14.788758991860899,3.1387591349608996
5907,2,14.6999998093,14.705804987916196,0.005805178616196116
5908,2,15.8999996185,17.147047010417875,1.2470473919178744
5909,2,13.875,13.80138895637641,0.07361104362358972
5910,2,12.9499998093,14.361161670309649,1.4111618610096492
5911,2,19.6600002289,15.53339652649669,4.12660370240331
5912,2,14.3000001907,13.786791197230006,0.5132089934699948
5913,2,12.1499996185,14.88896694453134,2.7389673260313394
5914,2,12.4,13.42197764936402,1.02197764936402
5915,1,20.25,16.4335492054513,3.8164507945487003
5916,1,14.8999996185,13.33481160936421,1.56518800913579
5917,1,12.6500000954,12.480012937697355,0.1699871577026446
5918,1,14.9666665395,13.357865635272912,1.6088009042270883
5919,1,16.2500004768,15.914450261318807,0.33555021548119335
5920,1,13.9499998093,17.43013108390654,3.480131274606542
5921,1,14.2666667302,14.441004254623342,0.1743375244233416
5922,1,11.5666666031,12.932932936936751,1.3662663338367516
5923,1,13.0499998728,14.584937825256768,1.534937952456767
5924,1,16.6000003815,14.731090969007065,1.8689094124929344
5925,1,13.3499999046,13.460130935824408,0.11013103122440704
5926,3,12.4199999809,13.577617903669784,1.1576179227697843
5927,3,12.3000001907,13.428936667659675,1.1289364769596748
5928,3,12.8555554284,12.6811390909048,0.17441633749520058
5929,3,17.9000005722,15.117289189077065,2.782711383122935
5930,3,16.0500001907,13.441700711164248,2.608299479535752
5931,3,14.1999998093,13.125636717954452,1.074363091345548
5932,3,13.5,13.155652790019724,0.3443472099802758
5933,3,16.1714285442,14.53122871541399,1.6401998287860113
5934,3,18.5500001907,15.983472010260215,2.5665281804397857
5935,4,12.5999999046,13.722855773488376,1.1228558688883759
5936,3,18.1222224765,15.745680797043786,2.3765416794562135
5937,4,13.8833333651,13.673549771055836,0.2097835940441648
5938,4,11.7000001272,13.543678336700301,1.8436782095003021
5939,4,15.8000001907,14.911870575186382,0.888129615513618
5940,4,14.6999998093,14.03820415103102,0.6617956582689803
5941,4,17.0888889101,15.311005775120085,1.7778831349799145
5942,4,16.4571428299,17.804453964362526,1.347311134462526
5943,4,19.3714286259,16.67329108478844,2.69813754111156
5944,4,17.6999994914,15.358018721293005,2.3419807701069946
5945,3,15.1000003815,13.726189474447882,1.3738109070521176
5946,3,21.3999996185,15.652405767372171,5.74759385112783
5947,3,14.5,14.50175655769416,0.0017565576941596106
5948,3,15.7333335876,13.996397707804354,1.736935879795647
5949,3,15.3000001907,13.155726206828486,2.144273983871514
5950,3,16.6999998093,13.618983974673633,3.081015834626367
5951,3,13.9000000954,12.579002647030018,1.3209974483699813
5952,3,17.2999998728,16.65532946672047,0.6446704060795305
5953,3,13.0333331426,14.771423219941276,1.7380900773412762
5954,3,17.4333333969,15.412723062787304,2.020610334112696
5955,2,15.6999998093,15.425090252713701,0.274909556586298
5956,2,19.0,14.645344294735066,4.354655705264934
5957,2,13.3333333333,14.69227211220428,1.35893877890428
5958,2,12.7250001431,13.433111286151401,0.7081111430514007
5959,2,12.8666667938,13.756707359291058,0.8900405654910575
5960,2,13.0333333015,15.024082959088485,1.9907496575884842
5961,2,14.5999999046,15.799513663533826,1.1995137589338256
5962,2,16.2000007629,13.900916537671973,2.299084225228027
5963,2,14.7666667302,13.855128580737327,0.9115381494626735
5964,2,15.6499996185,14.245670757802985,1.4043288606970155
5965,2,16.2000007629,14.108203744519129,2.0917970183808716
5966,2,14.9000000954,14.74277969655807,0.15722039884192895
5967,2,13.1000003815,13.595399581958592,0.49539920045859276
5968,2,14.3999996185,13.793995683915979,0.606003934584022
5969,2,18.1000003815,15.126279639346357,2.973720742153642
5970,1,14.4399999619,13.844731851770344,0.5952681101296555
5971,1,13.3000001907,14.318788213555758,1.018788022855757
5972,1,13.4000000954,13.515504749294553,0.11550465389455411
5973,1,18.25,18.949034100910932,0.6990341009109322
5974,1,16.5,14.972412103719769,1.527587896280231
5975,1,16.285714422,14.351706076209217,1.9340083457907848
5976,1,17.6999994914,15.896178373245395,1.8038211181546053
5977,1,12.1333332062,14.66414253164344,2.5308093254434407
5978,1,13.9000000954,14.478973929840588,0.578973834440589
5979,1,15.0428570339,14.973515285610633,0.0693417482893679
5980,3,15.0500001907,13.600799866376299,1.4492003243237015
5981,3,12.3000001907,13.506664451686293,1.206664260986292
5982,3,14.9000000954,14.898069748224437,0.00193034717556273
5983,3,17.7500004768,16.184472808668584,1.5655276681314163
5984,3,12.1999998093,13.177597587691924,0.9775977783919245
5985,3,13.25,12.936329816256649,0.3136701837433513
5986,3,14.6500000954,15.234362559922994,0.5843624645229948
5987,3,12.8499999046,12.773373980736189,0.07662592386381206
5988,3,14.1000003815,12.879355390915567,1.2206449905844323
5989,3,13.7000002861,12.85050851042665,0.84949177567335
5990,4,14.8666666349,14.15702639393934,0.7096402409606597
5991,4,16.8999996185,16.651835551635244,0.24816406686475645
5992,4,12.4999996821,13.795147261101166,1.2951475790011653
5993,4,13.2166665395,15.514898398992125,2.298231859492125
5994,4,13.3333333333,14.181509265519502,0.848175932219501
5995,4,12.8285715921,14.467750900315123,1.6391793082151231
5996,4,13.6333334181,15.032666463433642,1.399333045333643
5997,4,16.7999992371,14.388124993417655,2.4118742436823446
5998,4,16.4555555979,14.930889848289416,1.5246657496105822
5999,4,13.5999999046,14.12541684387419,0.525416939274189
6000,3,12.7000002861,12.96593185201916,0.26593156591916056
6001,3,15.0,13.957924302059542,1.042075697940458
6002,3,17.0,14.47107067239808,2.5289293276019205
6003,3,12.8999996185,13.038815758282706,0.1388161397827048
6004,3,14.7800001144,13.95758282593065,0.8224172884693495
6005,3,14.9749999046,12.618677203094638,2.3563227015053627
6006,3,18.1999998093,16.326963719670154,1.8730360896298457
6007,3,14.0999999046,13.028155656183337,1.0718442484166637
6008,3,14.5999999728,13.437295743332985,1.162704229467014
6009,3,17.0571430751,15.1539870808898,1.9031559942102003
6010,3,14.8999996185,14.717272362976992,0.18272725552300884
6011,3,12.9249999523,13.185661297462966,0.2606613451629656
6012,1,13.7800001144,14.33346359022248,0.5534634758224808
6013,1,17.5,17.0560624361662,0.44393756383379923
6014,1,12.9000000954,14.539116151887674,1.6391160564876746
6015,1,18.7,16.481740461347947,2.2182595386520525
6016,1,15.6285713741,14.700233757412443,0.928337616687557
6017,1,14.2444444233,13.460527244486622,0.7839171788133772
6018,1,16.8499994278,15.708805979572702,1.1411934482272983
6019,1,19.0500001907,14.595041818000894,4.454958372699107
6020,1,14.3999996185,14.072406875140711,0.3275927433592898
6021,1,16.4,14.93062440861105,1.469375591388948
6022,1,16.4666666985,14.806001191810116,1.6606655066898828
6023,1,13.6000000636,15.019203341588033,1.419203277988034
6024,1,16.8999996185,16.662400467290226,0.23759915120977482
6025,1,14.8000001907,15.705881500438437,0.9058813097384366
6026,1,12.0,13.003281043323252,1.003281043323252
6027,1,13.4000000954,17.306764257467933,3.906764162067933
6028,1,14.6200000763,15.417467057642368,0.7974669813423674
6029,1,20.3545454199,15.964296984796404,4.3902484351035955
6030,1,15.0999999046,14.617026544650704,0.48297335994929647
6031,1,14.0142857688,13.579179307839805,0.43510646096019556
6032,3,16.3999996185,14.281207049351554,2.1187925691484466
6033,3,16.3999996185,14.90493518464229,1.49506443385771
6034,3,13.8000001907,12.391716064007941,1.4082841266920596
6035,3,19.6400005341,14.433742035924118,5.206258498175883
6036,3,14.4500002861,14.239242651712368,0.2107576343876314
6037,3,17.0999994278,14.486186485148897,2.613812942651103
6038,3,15.6999998093,12.638423496535813,3.0615763127641866
6039,3,12.066666921,13.511881614806292,1.4452146938062924
6040,3,15.1999998093,13.20790082456493,1.992098984735069
6041,1,12.75,13.173034643227728,0.4230346432277283
6042,1,15.3999996185,14.07136381640463,1.32863580209537
6043,1,18.1333332062,17.155495611552556,0.9778375946474434
6044,1,13.3499999046,13.44609239379936,0.09609248919935887
6045,1,15.0,13.35518864876995,1.6448113512300502
6046,1,14.1999998093,13.034538631450618,1.165461177849382
6047,1,16.1333332062,15.643259018060164,0.49007418813983605
6048,1,17.3249998093,16.22946803598506,1.0955317733149386
6049,1,19.0,17.118700805924522,1.8812991940754777
6050,1,13.1999998093,13.90955116765743,0.7095513583574302
6051,1,16.0750005245,13.922366689098434,2.1526338354015646
6052,1,18.5500001907,15.137626793921978,3.4123733967780225
6053,4,21.4499998093,19.496731102508587,1.9532687067914125
6054,4,17.5500001907,15.180329986472746,2.369670204227255
6055,4,13.7000002861,14.556076172298043,0.8560758861980435
6056,4,11.9666667514,13.290962376564913,1.324295625164913
6057,4,12.2000000694,13.759876957341277,1.559876887941277
6058,4,12.0499999523,14.132704462092335,2.0827045097923342
6059,4,12.2499998808,13.77645111758077,1.526451236780769
6060,4,15.2375000715,14.705411428875612,0.5320886426243874
6061,4,15.8999996185,15.367391821908486,0.532607796591515
6062,4,12.4666666985,14.566723772180179,2.10005707368018
6063,4,13.6999998093,13.749242388180758,0.049242578880758
6064,4,13.0999997457,15.747019452062846,2.647019706362846
6065,2,11.7999997139,13.627661523150378,1.8276618092503778
6066,2,19.6499996185,17.719717904239236,1.9302817142607651
6067,2,12.7285713468,13.483972188585888,0.7554008417858871
6068,2,11.6999998093,15.165735721977953,3.4657359126779532
6069,2,12.1666666667,14.975835002819062,2.809168336119063
6070,2,14.7200000763,14.361515960719036,0.35848411558096416
6071,2,17.950000445,15.175664624784536,2.774335820215464
6072,2,16.3499994278,15.841840055300274,0.5081593724997262
6073,2,15.1333335241,15.957458401887052,0.8241248777870531
6074,2,17.7000001272,15.401083371498077,2.2989167557019226
6075,1,15.1142857415,14.80045445179071,0.31383128970928986
6076,1,13.7000002861,15.597183340399463,1.8971830542994628
6077,1,11.5999999046,14.029082106891266,2.4290822022912657
6078,1,13.0,13.0992624618093,0.09926246180929965
6079,1,16.1500005722,14.943474772627003,1.2065257995729972
6080,1,17.3500003815,18.124218872742404,0.7742184912424044
6081,1,18.4400001526,17.590470362231958,0.8495297903680417
6082,1,14.1999998093,16.510680249314454,2.3106804400144547
6083,1,19.1333332062,14.716563902112956,4.416769304087044
6084,1,13.8999999364,13.08831995048164,0.8116799859183601
6085,1,21.8999996185,16.752716782086708,5.147282836413293
6086,3,20.2000002861,17.24041650726721,2.9595837788327906
6087,3,14.0800001144,13.082811531761466,0.9971885826385343
6088,1,13.1666666667,14.645034119967805,1.478367453267806
6089,3,13.4285712923,12.567092315171802,0.861478977128197
6090,3,13.6000003815,13.722628009819969,0.12262762831996987
6091,3,14.9000000954,13.63638088033058,1.2636192150694185
6092,3,13.5,13.049551688194516,0.4504483118054843
6093,3,16.1999994914,13.283473390057189,2.9165261013428108
6094,3,13.0500001907,13.107431621541005,0.05743143084100488
6095,3,16.4999993642,13.689970833376023,2.8100285308239776
6096,3,18.2666664124,16.363578654655043,1.9030877577449559
6097,4,14.6333332062,15.234758473494217,0.6014252672942177
6098,4,14.3999996185,13.824566929672185,0.5754326888278154
6099,4,19.1000003815,16.33977754977582,2.760222831724178
6100,4,16.8999996185,18.216223078373908,1.3162234598739069
6101,4,16.1749999523,16.58547073409912,0.4104707817991198
6102,4,13.2000002861,16.576399270740396,3.376398984640396
6103,4,12.6249997616,13.982059744086376,1.3570599824863763
6104,4,16.8000001907,15.034828544858055,1.7651716458419457
6105,4,13.0499997139,14.187048576001853,1.137048862101853
6106,4,18.7999992371,17.439070694514985,1.3609285425850146
6107,5,13.75,16.746243986960245,2.996243986960245
6108,5,13.1000003815,13.961656869637498,0.8616564881374984
6109,5,18.9499998093,16.490794983572744,2.459204825727255
6110,5,17.6000003815,14.079498010228138,3.5205023712718617
6111,5,19.4666665395,15.905754494233726,3.5609120452662744
6112,5,13.5727272901,14.507058533249138,0.9343312431491384
6113,5,18.2000007629,15.070150976112958,3.1298497867870427
6114,5,13.0,14.396460564838609,1.396460564838609
6115,5,26.0,18.684669440170254,7.3153305598297464
6116,5,14.5500001907,15.32474894974459,0.7747487590445896
6117,5,19.2999992371,16.038266147678755,3.261733089421245
6118,3,18.4000005722,14.603529911069923,3.7964706611300763
6119,3,13.6999998093,12.57650842353311,1.12349138576689
6120,3,12.9333333969,13.501044353968371,0.5677109570683712
6121,3,18.3857143947,15.266751380240137,3.1189630144598617
6122,3,18.0999997457,14.609131911108607,3.490867834591393
6123,3,12.6000003815,13.650651923067576,1.0506515415675768
6124,3,12.6000003815,13.547652684228776,0.9476523027287769
6125,3,16.2000007629,14.88231088323491,1.3176898796650907
6126,3,11.7200000763,12.605003549239244,0.8850034729392444
6127,3,19.5,18.435208258078017,1.064791741921983
6128,3,14.9333333969,14.914997106746776,0.0183362901532238
6129,4,18.1000003815,15.638258830146023,2.4617415513539758
6130,4,14.300000104,13.613612899331084,0.6863872046689163
6131,4,17.7999992371,15.574354411233992,2.2256448258660075
6132,4,13.8999996185,15.77984177123982,1.879842152739819
6133,4,13.6000003815,13.472948613786444,0.12705176771355475
6134,4,13.6999998093,13.61757821027923,0.08242159902076907
6135,4,21.0999994278,18.00519448369631,3.0948049441036893
6136,4,13.9000000954,15.065923843194632,1.1659237477946327
6137,4,18.2999998728,17.968292992820103,0.33170687997989745
6138,4,18.6624999046,15.936514616492582,2.7259852881074185
6139,5,13.0,13.982818215739927,0.9828182157399272
6140,5,18.1200000763,15.989692207623,2.130307868676999
6141,5,14.1000003815,13.783700979779525,0.31629940172047455
6142,5,14.3500003815,13.679375527216555,0.6706248542834441
6143,5,14.6000003815,13.859381282801042,0.7406190986989571
6144,5,17.3000005086,16.28416012490505,1.0158403836949503
6145,5,16.7999998728,15.81878702377151,0.9812128490284913
6146,5,12.5250000954,14.645944371081296,2.120944275681296
6147,5,17.433333079,15.156117865482619,2.2772152135173815
6148,5,15.2250001431,17.342875151078488,2.117875007978487
6149,5,13.6299998283,17.77206730635307,4.142067478053068
6150,5,18.5,17.610259886255594,0.8897401137444056
6151,2,11.6499999364,14.816952871827269,3.1669529354272683
6152,2,20.6142856053,16.757809398258082,3.8564762070419185
6153,2,16.3624999523,15.434882841594243,0.9276171107057554
6154,2,17.1142858097,18.6610629908439,1.5467771811438986
6155,2,18.6599998474,15.627801961343183,3.032197886056819
6156,2,11.8333331744,14.163688687381466,2.330355512981466
6157,2,16.566666921,17.72330723877692,1.156640317776919
6158,2,14.3666667938,16.2193691990606,1.852702405260601
6159,2,16.4000005722,15.414632478812859,0.9853680933871409
6160,2,18.2000002861,15.032016080024269,3.1679842060757313
6161,3,20.2999992371,15.360881005668864,4.939118231431136
6162,3,15.8999999364,14.719219667862143,1.1807802685378572
6163,3,13.3000001907,13.741365972389424,0.44136578168942364
6164,3,14.8000001907,13.73204817538157,1.067952015318431
6165,3,18.133333842,15.552746513382022,2.580587328617977
6166,3,15.8500003815,14.511075038082428,1.3389253434175714
6167,3,18.0,16.485008845016047,1.514991154983953
6168,3,17.9400001526,16.329698521491558,1.6103016311084417
6169,3,17.8111110263,13.94313677415033,3.8679742521496703
6170,3,16.0499997139,15.286791228766656,0.7632084851333438
6171,5,11.7999997139,13.969451388190397,2.1694516742903964
6172,5,14.5333331426,15.688268412083023,1.1549352694830226
6173,5,16.5200000763,19.005133725739356,2.485133649439355
6174,5,13.3249998093,13.580713115990276,0.2557133066902768
6175,5,13.8999999364,13.489639261520308,0.4103606748796924
6176,5,16.6000003815,18.331677498114598,1.7316771166145983
6177,5,16.0999997457,14.370213136153762,1.7297866095462382
6178,5,16.75,15.041226919022176,1.7087730809778243
6179,5,12.7599998474,13.423337863326509,0.6633380159265094
6180,1,13.7999997139,14.716542795463289,0.9165430815632885
6181,1,16.6000003815,14.777971634206946,1.8220287472930536
6182,1,16.5999994278,16.136887611732803,0.4631118160671974
6183,1,17.9799999237,15.342392958676438,2.6376069650235614
6184,1,14.5750000477,13.606558215854427,0.9684418318455723
6185,1,17.3999996185,16.397376368318444,1.002623250181557
6186,1,16.6500005722,15.98121712366736,0.6687834485326398
6187,1,16.179999733,15.459682942704404,0.7203167902955947
6188,1,14.5333334605,14.707567406391702,0.17423394589170194
6189,1,15.3000001907,14.523936973310919,0.7760632173890816
6190,1,12.3499999046,13.462227113216768,1.1122272086167673
6191,1,14.2666667302,15.730466764132759,1.463800033932758
6192,4,16.3799999237,16.130456362993577,0.24954356070642447
6193,4,12.5499999523,15.136956982109224,2.5869570298092235
6194,4,14.2999999523,15.233329100859624,0.9333291485596238
6195,4,12.7599999746,14.145477728858864,1.385477754258865
6196,4,17.0999994278,15.97673120278655,1.123268225013451
6197,4,18.7666670481,16.371124813314985,2.3955422347850153
6198,4,15.1000003815,15.359398377450264,0.25939799595026436
6199,4,17.4000000954,15.494460362438685,1.905539732961314
6200,4,13.7000002861,14.610278769793224,0.9102784836932241
6201,4,11.6399999619,14.243725621623073,2.6037256597230733
6202,4,12.8499999046,13.567721095714315,0.7177211911143146
6203,4,15.1000003815,14.144872218543451,0.955128162956548
6204,4,13.1500000954,14.011275400599873,0.8612753051998734
6205,4,16.25,14.77587130763541,1.4741286923645909
6206,4,12.9000000954,14.594736323690505,1.6947362282905054
6207,4,12.4666665395,14.627290130353703,2.160623590853703
6208,4,15.9000000954,14.893860835965668,1.006139259434331
6209,4,15.0,15.698260195872004,0.6982601958720043
6210,4,12.8499999046,13.835174563093684,0.9851746584936834
6211,4,14.1000003815,14.954363900395386,0.8543635188953864
6212,1,16.133333842,14.253216461326026,1.8801173806739726
6213,1,13.5,13.398524388281562,0.10147561171843833
6214,1,16.0500001907,18.23254671360933,2.1825465229093304
6215,1,14.9714287349,14.126109960974734,0.8453187739252659
6216,1,15.0,14.881218141623881,0.11878185837611888
6217,1,17.6499996185,14.971776581597922,2.6782230369020787
6218,1,15.5,19.024711243449605,3.5247112434496053
6219,1,12.1500000954,13.256221987894275,1.1062218924942755
6220,1,17.3500003815,16.723966708588982,0.6260336729110172
6221,1,16.0,16.261095620870282,0.2610956208702824
6222,5,16.9499998093,19.481610493347873,2.531610684047873
6223,5,13.8600000381,14.641757082260524,0.781757044160523
6224,5,15.6999998093,14.451398530112533,1.2486012791874668
6225,5,8.89999961853,10.60618841372807,1.70618879519807
6226,5,9.33333333333,10.849518617869983,1.5161852845399828
6227,5,7.59999990463,10.29936243251682,2.6993625278868194
6228,5,8.86666679382,10.260175563783488,1.3935087699634874
6229,5,9.39999961853,10.78485138173333,1.3848517632033293
6230,5,7.5,10.890830374426638,3.3908303744266384
6231,5,9.59999990463,10.519669868730924,0.9196699641009243
6232,5,7.04999995232,9.549755325237433,2.4997553729174324
6233,2,9.30000019073,9.179157478416247,0.12084271231375254
6234,2,10.9874998331,9.170320266454118,1.8171795666458816
6235,2,8.73333326976,9.635153888960945,0.9018206192009455
6236,2,10.9142855236,9.638940675343594,1.275344848256406
6237,2,8.80000019073,9.210757751044675,0.4107575603146749
6238,2,9.65000009537,9.669690741189918,0.019690645819917307
6239,1,8.30000019073,8.293480397932989,0.0065197927970110925
6240,1,8.28000011444,8.39447442156305,0.11447430712305007
6241,1,10.3000001907,8.878609567096003,1.4213906236039975
6242,1,10.75,9.256720010854167,1.493279989145833
6243,1,10.0499998728,8.837488995925696,1.2125108768743047
6244,1,6.90000009537,11.43913193958494,4.539131844214939
6245,1,9.69999980927,8.976427801894651,0.7235720073753491
6246,1,8.06666660309,7.793435409351501,0.2732311937384999
6247,1,10.0,10.102045353415866,0.10204535341586585
6248,5,9.77999992371,10.740741474870214,0.9607415511602149
6249,5,9.69999980927,10.995286675512233,1.2952868662422325
6250,5,8.39999975477,9.836536395033658,1.4365366402636575
6251,5,7.86666679382,9.525012282308635,1.658345488488635
6252,5,7.67499995232,9.888935350254574,2.2139353979345735
6253,5,10.3000000545,10.94924881179243,0.6492487572924297
6254,5,8.59999990463,9.441385369871305,0.8413854652413058
6255,5,10.5999999046,10.991684990545956,0.3916850859459551
6256,5,8.60000038147,10.660811644282091,2.0608112628120914
6257,5,9.0,10.496206036729703,1.4962060367297028
6258,4,9.89999961853,8.84812692310231,1.05187269542769
6259,4,10.9000000954,8.415862592740481,2.484137502659518
6260,4,8.60000038147,7.8872106128188575,0.7127897686511426
6261,4,7.60000014305,8.095648585577585,0.49564844252758533
6262,4,10.7333332698,10.026592326784627,0.7067409430153724
6263,4,10.6200000763,8.837205184211637,1.7827948920883632
6264,4,9.87999992371,8.612609063531293,1.2673908601787076
6265,4,9.30000019073,8.3815793491204,0.9184208416095991
6266,4,8.10000038147,9.855281718796999,1.7552813373269984
6267,4,6.66666682561,7.7521005136610235,1.0854336880510234
6268,1,10.8000001907,9.063630690730157,1.7363694999698431
6269,1,6.80000019073,7.923254345945712,1.1232541552157125
6270,1,11.163636381,8.707644015439922,2.4559923655600784
6271,1,11.0,9.313619781174285,1.6863802188257146
6272,1,11.0714285714,8.807548472169685,2.263880099230315
6273,1,8.60000038147,9.079998531183769,0.47999814971376864
6274,1,10.6000002225,9.055699278408706,1.5443009440912938
6275,5,10.5,11.52661867371156,1.0266186737115603
6276,5,7.69999980927,10.004662749607714,2.304662940337714
6277,5,9.15000009537,10.52872354483403,1.3787234494640295
6278,5,8.09999990463,9.87212847833,1.7721285736999999
6279,5,7.90000009537,9.95320831005763,2.053208214687629
6280,5,7.40000009537,10.659503663672794,3.2595035683027938
6281,5,8.00000015895,9.400271572687291,1.4002714137372916
6282,5,10.3000001907,10.828185813426984,0.5281856227269834
6283,5,8.80000019073,10.621711742005441,1.8217115512754418
6284,4,10.8399997711,8.832198010801335,2.0078017602986655
6285,4,9.09999990463,8.341063173103825,0.758936731526175
6286,4,10.75,9.472231999196799,1.277768000803201
6287,4,10.1333332062,8.944693718118206,1.1886394880817939
6288,4,8.5,8.328024063552254,0.17197593644774578
6289,5,16.1999999215,12.891475497217176,3.308524424282826
6290,5,15.5999999046,15.753890565214403,0.15389066061440282
6291,5,13.5727272901,13.29881864774732,0.27390864235268
6292,5,9.75757572868,12.351601902879915,2.594026174199916
6293,5,11.9700000763,13.776436720700884,1.8064366444008844
6294,4,17.5090907704,16.093268401195196,1.415822369204804
6295,4,16.6750006676,16.099214480329696,0.5757861872703032
6296,4,12.7777778837,13.037098045394123,0.25932016169412186
6297,4,17.2600000381,16.05097988080211,1.2090201572978891
6298,4,17.9521739794,13.170365355778603,4.781808623621398
6299,1,12.6261905261,14.168546961587634,1.5423564354876333
6300,1,16.5484850334,16.59774359316493,0.049258559764933096
6301,1,17.5142854963,16.753865677709463,0.7604198185905382
6302,1,17.5571428935,16.70061827779138,0.8565246157086186
6303,1,16.863636537,15.165888503373237,1.6977480336267643
6304,1,8.32200003624,12.494034773552308,4.172034737312307
6305,1,17.5499997139,16.386807468326943,1.1631922455730574
6306,1,7.54000005722,11.968632044624444,4.428631987404444
6307,1,16.5,16.370565713889487,0.1294342861105129
6308,1,14.9499998774,15.351582971236711,0.4015830938367113
6309,1,16.2285712787,14.719419420823126,1.5091518578768728
6310,1,14.1124999523,14.768982736054772,0.6564827837547718
6311,1,15.1999999682,14.725027382307172,0.47497258589282865
6312,1,16.1555557251,15.069588010108054,1.0859677149919467
6313,1,13.6166666349,14.368730277750235,0.752063642850235
6314,1,15.0199998856,14.441874802632615,0.5781250829673859
6315,1,13.6266665777,14.011387671297584,0.3847210935975838
6316,1,17.8500003815,15.561713259710974,2.2882871217890255
6317,1,16.6000003815,16.41914980632868,0.18085057517131986
6318,1,12.3749999659,13.287185319609991,0.9121853537099902
6319,1,13.2700000763,14.070424434580751,0.8004243582807504
6320,1,16.7000001272,15.857071881586956,0.8429282456130434
6321,1,17.8999996185,15.75919898676103,2.140800631738971
6322,1,18.8714284897,14.167499225973144,4.703929263726858
6323,5,12.3399999619,12.961341422384027,0.621341460484027
6324,2,11.1785714286,12.696773119611372,1.518201691011372
6325,5,15.9400001526,12.5308154416579,3.4091847109420996
6326,2,15.7428571156,15.437614781589081,0.30524233401091827
6327,4,15.8000000715,14.548702797953533,1.2512972735464665
6328,2,7.56666660309,12.3036485572529,4.736981954162901
6329,2,8.96956526715,12.469716813227198,3.5001515460771984
6330,5,16.9416664441,14.475783873005234,2.4658825710947667
6331,5,15.9214285442,13.182115891150492,2.7393126530495078
6332,5,14.3714286259,12.475143661725284,1.8962849641747166
6333,5,15.4846153259,15.191737980482575,0.29287734541742516
6334,5,9.28461536994,12.507740265876544,3.223124895936545
6335,5,16.3124997616,13.76267447935006,2.549825282249941
6336,5,16.0333332062,14.488550082004629,1.5447831241953693
6337,5,14.7259259401,13.723498693156875,1.0024272469431246
6338,5,18.9250001907,15.637415082385218,3.287585108314783
6339,5,14.1333332062,13.152790452002813,0.9805427541971863
6340,5,12.650000155,13.25811364682435,0.6081134918243496
6341,5,14.5666667091,14.271512063781957,0.2951546453180427
6342,1,15.9380530973,14.504147845590474,1.4339052517095254
6343,1,16.2153847034,14.612131812197713,1.6032528912022883
6344,4,13.5897959106,14.162636949657804,0.5728410390578045
6345,4,15.2399999619,14.619605287484918,0.620394674415083
6346,4,13.0411764594,14.108235453121631,1.0670589937216306
6347,4,13.0142856325,12.496390161834467,0.5178954706655325
6348,1,13.4344827718,13.489927467628968,0.05544469582896738
6349,1,16.4499998093,14.327908960577968,2.1220908487220314
6350,1,14.9333333969,14.721775025990572,0.21155837090942775
6351,3,16.4666665395,13.125373785303571,3.341292754196429
6352,3,11.1526315589,11.998863695781951,0.8462321368819516
6353,3,16.4749999046,12.70126387946868,3.7737360251313206
6354,3,18.0295454047,11.394556556925146,6.634988847774853
6355,3,10.1000000636,10.64316929528111,0.5431692316811105
6356,3,14.8000001907,13.25865055139021,1.5413496393097912
6357,3,7.45000004768,10.939107612045952,3.489107564365952
6358,3,10.9500000043,10.946638439055441,0.003361565244558662
6359,3,16.4000002543,14.73335642531531,1.6666438289846894
6360,3,17.1947366815,12.080650935921422,5.114085745578578
6361,3,9.55128210019,10.185512952321648,0.6342308521316475
6362,3,16.1799999237,12.893739822820432,3.2862601008795664
6363,1,14.7043478593,14.427421818032002,0.27692604126799836
6364,1,15.600000109,14.21078206979747,1.3892180392025306
6365,1,12.2033334414,12.717171387436041,0.5138379460360412
6366,1,15.5111109416,12.898622419587962,2.612488522012038
6367,1,17.4375,16.05173049968449,1.3857695003155115
6368,5,10.4730770405,12.24818763181826,1.7751105913182599
6369,5,16.0499999523,17.076169042295245,1.0261690899952463
6370,5,15.1666665077,14.96527664805811,0.20138985964189082
6371,1,14.75,13.65610710358786,1.0938928964121395
6372,1,10.2200000286,12.411900845103613,2.1919008165036136
6373,1,8.84999998411,11.396119960261837,2.5461199761518376
6374,1,14.4666665395,13.598831785599373,0.8678347539006275
6375,1,13.6388890478,14.532506767023314,0.8936177192233146
6376,1,14.7818181731,14.669425110286364,0.11239306281363604
6377,1,15.3999999364,16.12393202824784,0.7239320918478391
6378,1,10.4846153993,14.247113561044333,3.7624981617443325
6379,4,14.8899999619,14.057130017108557,0.832869944791442
6380,4,10.0442105544,11.983505458829265,1.939294904429266
6381,4,17.0583333174,14.731457493959882,2.3268758234401172
6382,4,14.1000000106,14.457018121245449,0.3570181106454484
6383,4,12.251162773,13.718149091265902,1.466986318265901
6384,4,16.3999998093,13.989001065237925,2.4109987440620735
6385,1,10.658333381,11.816748253606152,1.1584148726061514
6386,1,17.0285714013,16.149352567500813,0.879218833799186
6387,1,18.5870587181,13.889363651994445,4.697695066105554
6388,1,8.34285715648,12.02789445879617,3.6850373023161715
6389,1,9.86000002081,12.233803575568196,2.3738035547581955
6390,4,9.56666660309,11.31139775173061,1.744731148640609
6391,4,13.8108108366,14.170778368027385,0.3599675314273849
6392,4,17.0250000954,14.989646552733417,2.0353535426665825
6393,4,15.4000000954,13.895499254216112,1.5045008411838872
6394,4,14.4249999523,13.185170031683576,1.2398299206164243
6395,4,12.3166666031,13.279430924166913,0.9627643210669135
6396,4,17.0,15.175658880294062,1.824341119705938
6397,4,8.98333326976,12.856259542445084,3.872926272685085
6398,4,14.4857143675,13.492301903715884,0.9934124637841162
6399,4,11.2215685938,12.465412147109449,1.243843553309448
6400,4,17.7000007629,15.023895099673297,2.6761056632267035
6401,4,14.0758620295,13.677356132846596,0.3985058966534041
6402,4,17.7400000254,15.725320819945935,2.0146792054540654
6403,4,13.5399999619,12.929511494489466,0.6104884674105335
6404,4,15.4629629276,13.059100023900815,2.403862903699185
6405,4,11.7866666794,12.59053753553524,0.8038708561352408
6406,1,11.1600002289,12.900056390036326,1.7400561611363266
6407,2,16.0999994278,17.923417649771046,1.8234182219710462
6408,2,17.1181815754,15.734454864616726,1.3837267107832751
6409,2,9.54999992583,11.42915682161794,1.8791568957879399
6410,2,16.9666671753,15.499696629702889,1.4669705455971105
6411,2,11.7583334446,13.76091419197052,2.0025807473705193
6412,2,18.2333329519,15.120434725080603,3.1128982268193965
6413,2,11.633333297,12.408882268303863,0.7755489713038628
6414,2,11.4200000763,13.632267651711595,2.2122675754115964
6415,2,16.433333079,15.689413869960756,0.7439192090392446
6416,2,12.2714283807,12.864565738246839,0.5931373575468388
6417,1,14.9749999046,14.502309404936627,0.47269049966337384
6418,2,8.03888903724,13.425736571788036,5.3868475345480356
6419,2,8.21250009537,11.070140604228268,2.8576405088582675
6420,2,11.5428571701,13.136635742787425,1.593778572687425
6421,1,13.6739130435,14.388801413915507,0.7148883704155065
6422,1,15.9111111959,16.757207537800245,0.8460963419002443
6423,1,14.2666665713,13.93310294250284,0.33356362879715995
6424,1,14.3285713196,14.926057667653359,0.5974863480533585
6425,4,16.0699997902,15.771049535177255,0.29895025502274564
6426,4,17.4375,15.406738164754124,2.030761835245876
6427,1,7.689899,17.417200286873744,9.727301286873743
6428,1,16.217949,16.963371143810814,0.7454221438108135
6429,1,11.115,12.85577069858176,1.740770698581759
6430,1,10.590196,19.684752804553785,9.094556804553784
6431,1,18.673585,18.384573219319506,0.28901178068049305
6432,1,22.778571,17.14292739981592,5.635643600184078
6433,1,11.245455,17.00044408857633,5.75498908857633
6434,1,23.283784,18.542165165590454,4.741618834409547
6435,1,4.693548,18.017638954009357,13.324090954009357
6436,1,12.308,19.768727456450467,7.460727456450467
6437,1,17.67284,16.349311539392584,1.3235284606074167
6438,1,20.662745,19.568954420088794,1.0937905799112073
6439,1,26.862162,20.554097673837344,6.308064326162658
6440,4,64.528289,32.97890046269815,31.54938853730185
6441,4,69.340141,32.554594098852625,36.78554690114738
6442,4,38.056897,32.06619480165975,5.9907021983402515
6443,4,52.251579,30.59055649990285,21.66102250009715
6444,4,46.932051,29.673070651234553,17.258980348765448
6445,4,66.758382,31.389944064978824,35.36843793502118
6446,4,41.701299,31.64116907950389,10.06012992049611
6447,4,34.709375,30.822339734292207,3.8870352657077945
6448,4,52.242857,31.986685375937977,20.256171624062024
6449,5,27.943857,24.91996419547867,3.0238928045213314
6450,5,26.762905,28.11264982468317,1.349744824683171
6451,5,32.295474,26.438050891835367,5.857423108164632
6452,1,11.831746,30.15274985234759,18.321003852347587
6453,1,13.787131,33.08186435518436,19.294733355184356
6454,1,11.902041,29.123485321203198,17.221444321203197
6455,1,17.513793,30.803101440678795,13.289308440678795
6456,1,14.685083,35.53418350655429,20.849100506554294
6457,1,2.557407,14.573102840785827,12.015695840785828
6458,1,6.196532,16.8535549653832,10.657022965383199
6459,1,3.697043,14.171685229997506,10.474642229997507
6460,1,3.869635,15.452841293400517,11.583206293400517
6461,1,13.583871,18.28432771374127,4.70045671374127
6462,1,3.59494,16.189223041573417,12.594283041573417
6463,1,14.847845,21.946078192453804,7.0982331924538045
6464,2,38.934483,42.69219480769833,3.7577118076983282
6465,2,39.48,44.94941345511445,5.469413455114456
6466,2,40.266667,37.446368884938465,2.820298115061533
6467,2,29.528,26.31747565800906,3.21052434199094
6468,1,26.978571,30.75275067639418,3.77417967639418
6469,1,28.124242,35.28020803980957,7.155966039809574
6470,1,29.223077,29.954027774183896,0.7309507741838956
6471,1,25.725,26.119238395501924,0.3942383955019224
6472,1,22.965218,27.118199946619782,4.152981946619782
6473,1,29.353333,30.448871838265525,1.0955388382655258
6474,1,27.508333,26.42913955921792,1.0791934407820811
6475,1,20.121429,22.24699048088896,2.125561480888962
6476,1,24.3375,27.715911704014005,3.378411704014006
6477,1,21.317647,27.207976313885986,5.890329313885985
6478,2,41.406667,37.06037392242153,4.346293077578466
6479,2,35.40625,27.351134340002307,8.055115659997693
6480,2,38.727273,36.77030559441311,1.9569674055868873
6481,2,32.266667,24.591391616128774,7.675275383871224
6482,2,40.428571,29.01400956308676,11.414561436913239
6483,2,40.646154,36.490066418741854,4.156087581258149
6484,2,41.974999,39.74696569836612,2.2280333016338787
6485,2,23.55,24.119587265762718,0.569587265762717
6486,2,42.147058,37.094816444821575,5.052241555178426
6487,3,24.435714,29.591497466399538,5.155783466399537
6488,4,22.255555,30.40324072822888,8.147685728228879
6489,4,21.166666,32.690708216880424,11.524042216880424
6490,4,20.646667,31.92974709149325,11.28308009149325
6491,4,22.7,26.87023055063411,4.170230550634109
6492,4,22.145454,28.57127647595494,6.425822475954938
6493,4,61.783332,38.47158690698522,23.31174509301478
6494,2,56.37647,35.080296764357286,21.296173235642712
6495,2,45.142857,31.35456290386101,13.78829409613899
6496,2,62.925,35.41233271365042,27.512667286349576
6497,2,59.025,38.64558404236503,20.37941595763497
6498,2,61.76,37.75983288821824,24.000167111781757
6499,2,66.349998,35.0194155955115,31.330582404488503
6500,2,31.842857,39.160907308205054,7.318050308205056
6501,2,29.934615,32.02442061437739,2.08980561437739
6502,2,26.623106,37.61554080133853,10.992434801338533
6503,4,21.927309,38.85059650325394,16.92328750325394
6504,4,28.792857,30.114209921989328,1.3213529219893267
6505,4,30.269231,47.59281447984487,17.323583479844867
6506,4,43.920588,38.04800458419824,5.872583415801763
6507,4,32.616927,29.366111886617272,3.2508151133827248
6508,4,39.568613,29.879553424521028,9.689059575478971
6509,4,51.931646,26.93240945450149,24.999236545498512
6510,5,44.310457,29.391888999441147,14.918568000558853
6511,5,53.881219,23.325023415241183,30.556195584758818
6512,5,42.166862,25.183847550164558,16.983014449835444
6513,5,56.464806,33.505055865470034,22.95975013452997
6514,5,42.811538,32.11331958778342,10.698218412216576
6515,5,27.295652,28.573425404407736,1.2777734044077356
6516,5,23.360606,30.885916280991246,7.5253102809912455
6517,5,29.3,33.536706364580134,4.236706364580133
6518,5,25.073684,31.111792021383003,6.038108021383003
6519,1,25.615517,21.701742309950475,3.913774690049525
6520,1,24.50625,19.456199665939046,5.0500503340609555
6521,1,24.04,21.14742732022517,2.8925726797748297
6522,1,25.46,19.74204905041453,5.717950949585472
6523,1,24.305085,42.50839212444202,18.20330712444202
6524,1,26.09375,25.467618793183497,0.6261312068165026
6525,1,19.124,33.81223431126086,14.68823431126086
6526,1,20.689394,26.482462287999212,5.793068287999212
6527,1,24.192857,23.226598637556556,0.966258362443444
6528,3,24.77027,32.15199560024905,7.381725600249052
6529,3,20.76129,27.124548877404184,6.363258877404185
6530,3,28.4,27.228155113339618,1.1718448866603808
6531,3,26.425926,40.32417625410881,13.898250254108806
6532,3,26.666071,31.474621484019657,4.8085504840196585
6533,3,28.415254,31.544696670185438,3.129442670185437
6534,3,29.165,34.50168425203215,5.33668425203215
6535,3,24.779167,34.02131376129947,9.242146761299466
6536,3,25.711111,27.36512689543497,1.65401589543497
6537,3,21.468182,27.82982981195456,6.361647811954562
6538,3,23.178947,29.144671289046983,5.965724289046982
6539,5,22.609677,33.151006196228444,10.541329196228443
6540,5,27.052381,32.154556787621104,5.102175787621103
6541,5,25.88,31.215970201979417,5.335970201979418
6542,5,26.592,32.518338906806605,5.926338906806606
6543,5,24.276596,31.18538940464557,6.908793404645568
6544,5,26.190476,32.0840519696461,5.893575969646097
6545,5,23.692,29.88401593277243,6.192015932772431
6546,5,27.235294,30.151636244182946,2.916342244182946
6547,5,47.0,32.020988552959444,14.979011447040556
6548,5,48.2,43.854658389085344,4.345341610914659
6549,5,49.291304,33.89352800369899,15.397775996301007
6550,5,50.200001,40.27957722972217,9.920423770277829
6551,4,45.5,35.71832112742764,9.781678872572357
6552,4,44.786667,36.94563304480292,7.841033955197084
6553,4,47.599998,38.363244810678644,9.236753189321355
6554,4,21.825,36.02553894552577,14.200538945525768
6555,4,18.885027,28.08369549188636,9.198668491886359
6556,4,38.599998,21.48787911458656,17.11211888541344
6557,4,25.153704,38.95817152774582,13.804467527745818
6558,2,36.925,29.517344486038095,7.4076555139619025
6559,2,39.900002,47.72122255573917,7.821220555739167
6560,2,27.433333,47.76640678007375,20.33307378007375
6561,2,33.644,38.86878854286491,5.224788542864914
6562,2,60.816667,43.112501309793764,17.70416569020624
6563,2,57.4,34.524120804433274,22.875879195566725
6564,2,57.400002,38.50459430861749,18.89540769138251
6565,2,60.299999,42.79710902178494,17.50288997821506
6566,2,53.650001,37.47116221887904,16.178838781120966
6567,1,59.821429,35.47997807682014,24.341450923179863
6568,1,37.288,39.19263863278867,1.904638632788675
6569,1,53.36,26.26615927678403,27.09384072321597
6570,1,60.733333,38.55287811283584,22.18045488716416
6571,1,55.3,36.60348920888506,18.69651079111494
6572,1,58.5,39.104161485169996,19.395838514830004
6573,1,54.14,34.77293809896195,19.36706190103805
6574,1,55.25,35.731433245694724,19.518566754305276
6575,1,50.337499,40.26806859112776,10.069430408872243
6576,1,47.964706,38.19241292234009,9.77229307765991
6577,1,57.599998,38.12862188301607,19.471376116983926
6578,1,58.550001,41.87220095943263,16.67780004056737
6579,1,58.466667,34.76799098150676,23.698676018493238
6580,1,53.188889,42.834653046883375,10.354235953116628
6581,1,39.942857,36.98569570426434,2.9571612957356592
6582,1,33.1,32.84600625926905,0.25399374073094805
6583,1,27.244,29.625992097323973,2.381992097323973
6584,1,52.414285,27.303961390184682,25.110323609815318
6585,1,61.371429,36.32331408008579,25.048114919914212
6586,1,22.178788,37.178675395344726,14.999887395344725
6587,1,23.737037,25.48437143704026,1.7473344370402586
6588,1,20.534884,27.019054915982913,6.4841709159829115
6589,1,21.5,25.200668516271733,3.700668516271733
6590,1,22.237255,25.401881457333168,3.164626457333167
6591,5,30.873077,31.885320524396093,1.0122435243960943
6592,5,22.063333,41.654504774070155,19.591171774070155
6593,5,38.241666,26.187918847072837,12.053747152927166
6594,5,49.033333,43.92788351933265,5.105449480667346
6595,5,41.3,37.50428426570808,3.7957157342919174
6596,1,26.319048,39.24359476212704,12.92454676212704
6597,1,38.81,32.27876561570808,6.5312343842919205
6598,1,30.044445,34.83437036959132,4.7899253695913195
6599,1,25.364,29.852767352463694,4.488767352463693
6600,1,32.4,31.11812360391847,1.281876396081529
6601,1,41.9,46.558399015372245,4.658399015372247
6602,1,24.323529,37.891500021559736,13.567971021559735
6603,1,26.700001,30.456892430661355,3.756891430661355
6604,1,27.471428,29.657056591595342,2.185628591595343
6605,1,26.275,32.474587072075494,6.199587072075495
6606,1,26.466667,44.63184100951028,18.16517400951028
6607,1,34.507142,28.068656923590645,6.438485076409357
6608,4,46.625001,32.29125494695221,14.33374605304779
6609,4,48.772727,32.06871027567269,16.70401672432731
6610,4,38.580953,35.441207933040474,3.1397450669595273
6611,4,46.200001,36.77919917897319,9.420801821026814
6612,4,38.575,35.86887484878413,2.706125151215872
6613,4,27.108695,34.78270567796302,7.674010677963022
6614,4,26.91875,31.627188511765826,4.708438511765827
6615,4,38.788889,43.508201500638286,4.7193125006382886
6616,4,41.5,35.631938221155785,5.868061778844215
6617,4,43.163636,37.65525860604825,5.508377393951747
6618,4,47.409091,37.007810875168964,10.401280124831032
6619,4,31.8,36.75255607571958,4.952556075719581
6620,4,25.5,29.678226080090184,4.178226080090184
6621,4,28.311429,31.80751245334113,3.4960834533411287
6622,4,25.448572,27.556283995005174,2.1077119950051753
6623,4,32.925,26.411938769226282,6.513061230773715
6624,4,30.133334,39.06420128480073,8.93086728480073
6625,4,33.066666,30.668063586085033,2.398602413914965
6626,1,37.4,43.857203641427866,6.457203641427867
6627,1,26.422581,46.39859056818515,19.976009568185148
6628,1,25.590322,31.629933486868858,6.039611486868857
6629,1,22.37931,31.184173774139005,8.804863774139005
6630,1,26.5,31.494369057281325,4.994369057281325
6631,1,24.508696,35.72301870820999,11.214322708209991
6632,5,25.1625,32.3449271891143,7.1824271891143
6633,5,18.637037,31.861515554633392,13.224478554633393
6634,5,21.75,30.753409604858952,9.003409604858952
6635,5,50.966667,28.065741652190304,22.900925347809697
6636,5,52.199999,36.48887295020015,15.711126049799852
6637,5,51.885714,38.88567313800551,13.000040861994492
6638,5,47.02,41.288000258605905,5.731999741394098
6639,5,48.98,38.80220143487556,10.177798565124434
6640,2,46.0875,36.38928177908055,9.69821822091945
6641,2,54.381818,29.69616171280528,24.68565628719472
6642,2,25.759524,36.60233934857803,10.842815348578029
6643,2,26.39661,26.021917716253206,0.37469228374679275
6644,2,21.801539,24.05070267531837,2.2491636753183712
6645,2,51.875,24.61375756499195,27.26124243500805
6646,2,49.75625,36.45659641480704,13.299653585192964
6647,5,51.8625,41.339674122567985,10.522825877432012
6648,5,48.199999,41.97190798735931,6.228091012640689
6649,5,57.414286,34.3281317418155,23.0861542581845
6650,5,47.095653,39.72078294186951,7.37487005813049
6651,5,47.950001,37.05513171456487,10.894869285435128
6652,5,50.616667,38.418563464405935,12.198103535594065
6653,5,52.344445,36.24269943367321,16.10174556632679
6654,5,61.354546,37.86536995411849,23.489176045881507
6655,5,62.1,36.89614730519943,25.203852694800574
6656,5,51.95,39.7696291727907,12.180370827209302
6657,5,54.561538,40.10104275536219,14.460495244637812
6658,5,48.47,40.41571947125959,8.054280528740406
6659,5,51.549999,34.892354962349636,16.657644037650364
6660,5,2.935652,39.8128617724504,36.8772097724504
6661,5,1.669136,39.64560575944448,37.97646975944448
6662,5,2.068421,20.766447872761546,18.698026872761545
6663,5,1.868224,22.49701800057074,20.62879400057074
6664,5,1.302632,23.70021761456438,22.39758561456438
6665,5,2.019298,23.987442406096683,21.968144406096684
6666,5,1.689844,17.128171284783487,15.438327284783487
6667,5,1.495238,26.371940916720064,24.876702916720063
6668,5,2.162338,27.927470464010966,25.765132464010968
6669,5,4.278704,21.28411323492762,17.00540923492762
6670,5,4.409174,19.128649267296,14.719475267296001
6671,5,39.871111,26.501720621424347,13.369390378575652
6672,5,33.103093,17.780239365825963,15.322853634174038
6673,5,37.490385,28.00649855735414,9.483886442645865
6674,5,33.535051,24.379813648651826,9.155237351348177
6675,5,33.07757,24.224889196851045,8.852680803148957
6676,5,27.329252,27.61848930084971,0.28923730084970956
6677,3,26.771354,36.16385468025224,9.392500680252244
6678,3,45.044444,26.770285858237877,18.274158141762122
6679,3,40.673913,33.50559055709222,7.16832244290778
6680,3,41.1,36.630726399282906,4.469273600717095
6681,3,41.22,46.587833184034295,5.367833184034296
6682,3,40.633334,44.53534463053074,3.9020106305307394
6683,3,30.897059,33.30318388226037,2.4061248822603716
6684,1,34.192308,35.459931336730975,1.2676233367309777
6685,1,43.550001,31.085249417658368,12.464751582341634
6686,1,41.347619,34.85205707443297,6.495561925567031
6687,1,45.433333,34.24722347481996,11.186109525180036
6688,1,43.323076,34.03579702373327,9.287278976266734
6689,1,44.975,33.11150457942357,11.863495420576434
6690,1,45.5,39.54631067651911,5.953689323480887
6691,1,41.440001,35.636609587234,5.803391412766004
6692,1,34.356322,41.28873370700073,6.932411707000732
6693,4,35.130303,32.17276514822299,2.957537851777005
6694,4,33.303448,41.25961152110751,7.956163521107506
6695,4,38.256604,33.95541703378184,4.301186966218161
6696,4,39.468421,34.69507768597159,4.773343314028409
6697,4,38.985714,32.75067841532871,6.235035584671294
6698,4,45.0,40.03887806247623,4.961121937523771
6699,2,43.776923,51.35127562721059,7.574352627210594
6700,2,44.299999,58.76639495825945,14.466395958259447
6701,2,46.099998,50.51031888491839,4.4103208849183915
6702,2,31.897826,54.760113275408536,22.862287275408537
6703,4,37.44,36.40720142794174,1.0327985720582546
6704,4,38.909091,27.335833381761567,11.57325761823843
6705,4,42.799999,35.0563182322809,7.743680767719098
6706,4,29.67,36.73379631763348,7.063796317633475
6707,4,45.199999,36.89250883746965,8.30749016253035
6708,4,38.863637,37.56223295133941,1.3014040486605865
6709,4,41.116667,40.95816994051504,0.15849705948495796
6710,4,30.428572,29.32386105202996,1.1047109479700374
6711,4,40.569231,34.478059676043614,6.091171323956388
6712,1,37.868,26.30581228450872,11.562187715491284
6713,1,40.11,27.974039932319336,12.135960067680664
6714,1,38.158824,29.137849701670426,9.020974298329577
6715,1,41.221428,33.78063316330321,7.440794836696796
6716,1,29.67551,29.876327394324065,0.20081739432406565
6717,1,29.136957,37.32794385749263,8.190986857492629
6718,1,27.107407,30.691379656493467,3.5839726564934686
6719,1,28.295833,30.108993601957238,1.8131606019572395
6720,1,26.16875,35.47881365141321,9.310063651413213
6721,1,30.9,30.65417083406847,0.2458291659315286
6722,1,31.45,28.950862570171896,2.499137429828103
6723,1,26.333333,35.40601281582685,9.072679815826849
6724,1,24.278571,41.66368415900366,17.38511315900366
6725,3,29.200001,39.56124951864004,10.36124851864004
6726,3,29.284615,35.995994771616566,6.711379771616567
6727,3,27.36,39.91686371204936,12.556863712049363
6728,3,20.8,29.348840406937423,8.548840406937423
6729,3,30.775,37.423223287232624,6.648223287232625
6730,3,32.814286,29.997078022548095,2.8172079774519077
6731,3,29.8,36.14034424094975,6.340344240949751
6732,3,22.05,23.943248656918588,1.893248656918587
6733,3,27.508334,31.734640933751457,4.226306933751456
6734,3,27.563158,22.949332647182402,4.613825352817599
6735,5,27.778948,44.64490141776455,16.86595341776455
6736,5,24.3375,34.22896879867254,9.891468798672541
6737,5,43.700001,31.18082182987795,12.519179170122051
6738,5,31.2,30.368503348453252,0.8314966515467468
6739,5,29.983333,46.06941412797257,16.086081127972573
6740,5,28.607692,41.768799835339685,13.161107835339685
6741,5,44.400002,34.95492909045819,9.445072909541814
6742,5,34.388889,47.618768432286444,13.229879432286445
6743,5,41.299999,46.79199978139704,5.492000781397039
6744,5,37.16,40.97624084383272,3.8162408438327233
6745,5,31.385714,42.83168265519684,11.445968655196843
6746,2,32.6,39.953201573541556,7.353201573541554
6747,2,40.075001,43.60080910959441,3.525808109594408
6748,2,43.5,41.95564170483021,1.5443582951697934
6749,2,37.87,40.192611779939334,2.3226117799393364
6750,2,37.200001,37.084676599856124,0.11532440014387646
6751,2,42.700001,40.458217193734164,2.241783806265836
6752,2,42.82,38.53742997997549,4.282570020024508
6753,2,37.95,38.95705268026232,1.0070526802623192
6754,2,31.727273,38.98047898051453,7.253205980514533
6755,2,39.5,38.857463832061995,0.6425361679380046
6756,2,26.104651,39.18792999542437,13.083278995424369
6757,2,19.1,38.087327651199445,18.987327651199443
6758,2,26.836842,38.64228572552688,11.805443725526882
6759,2,20.371186,28.516065700909202,8.1448797009092
6760,2,25.067647,29.630855862080708,4.563208862080707
6761,2,25.569231,26.34587132931251,0.7766403293125101
6762,2,29.3,39.216304071824865,9.916304071824865
6763,2,32.833334,30.29994216138674,2.5333918386132623
6764,2,17.183,38.76149782209138,21.57849782209138
6765,2,29.269697,36.52303896497551,7.253341964975512
6766,2,26.849999,24.916986228589984,1.9330127714100165
6767,2,31.190625,29.37397517201491,1.816649827985092
6768,2,32.886363,25.364022401860115,7.522340598139888
6769,2,30.383334,33.077252583546446,2.693918583546445
6770,2,24.841667,30.555156805194578,5.713489805194577
6771,2,15.331333,25.66102986460708,10.32969686460708
6772,2,23.520879,24.294565630522055,0.7736866305220538
6773,2,15.130974,24.338944867884067,9.207970867884066
6774,2,12.868571,27.17860209396362,14.31003109396362
6775,2,25.825,26.829623718939967,1.0046237189399676
6776,4,25.032432,28.620380280946343,3.5879482809463425
6777,4,14.558019,40.267639653309075,25.709620653309074
6778,4,14.043478,36.85325309259778,22.809775092597782
6779,4,27.195349,25.731108049004682,1.4642409509953183
6780,4,21.345763,30.354625649450117,9.008862649450116
6781,4,18.974803,32.28704047601697,13.312237476016968
6782,4,28.06,40.75309356602479,12.693093566024789
6783,4,26.133333,29.776471080986106,3.6431380809861054
6784,4,28.113636,41.863526585065415,13.749890585065415
6785,4,27.371428,27.140863594971332,0.23056440502866948
6786,4,26.87,31.111761404392325,4.241761404392324
6787,4,27.46,31.65816577243524,4.198165772435239
6788,4,27.128571,28.127053285285946,0.9984822852859452
6789,4,25.433333,31.733115884970676,6.299782884970675
6790,4,42.510345,37.15128941408849,5.359055585911513
6791,4,42.010527,29.31034071658071,12.700186283419292
6792,3,40.33077,25.88793706300859,14.442832936991412
6793,3,42.949999,33.24133689654101,9.708662103458991
6794,3,39.022727,32.75399141004684,6.268735589953167
6795,3,36.95,39.995155399485526,3.045155399485523
6796,3,40.46875,26.834649843275667,13.634100156724333
6797,3,41.094117,32.61398952818176,8.480127471818236
6798,3,18.2575,31.399468963321844,13.141968963321844
6799,5,15.55,29.761510416582013,14.211510416582012
6800,5,18.805714,25.86227299744204,7.056558997442043
6801,5,16.757143,25.535261691130643,8.778118691130643
6802,5,17.561111,31.806635484035887,14.245524484035887
6803,5,20.123529,26.268414996656162,6.144885996656161
6804,5,16.379167,26.51526711230747,10.13610011230747
6805,5,16.335294,24.232919834796824,7.897625834796823
6806,5,16.026316,27.41774442432644,11.391428424326438
6807,4,19.694118,27.593146450547465,7.8990284505474655
6808,4,36.620834,31.394229737434635,5.226604262565367
6809,4,34.97,33.639183284737996,1.330816715262003
6810,4,36.070001,36.583710896897315,0.5137098968973177
6811,4,33.394737,32.97411064876631,0.4206263512336861
6812,4,39.32,31.97073758122184,7.34926241877816
6813,4,25.3075,39.63864504574135,14.331145045741348
6814,4,31.689743,38.174275867919576,6.484532867919576
6815,4,17.919048,31.231492091661664,13.312444091661664
6816,4,17.4375,32.158283039053366,14.720783039053366
6817,2,16.390909,26.7083553477456,10.317446347745598
6818,2,15.604762,34.09544253557178,18.490680535571776
6819,2,15.38,25.48961429999482,10.109614299994819
6820,2,18.3,26.260803790687056,7.960803790687056
6821,2,20.485714,25.950444476028952,5.464730476028951
6822,2,18.604762,24.97235111855448,6.367589118554481
6823,2,16.652381,25.820544956065795,9.168163956065797
6824,4,17.54375,30.70062653182147,13.15687653182147
6825,4,18.311539,29.81116667883193,11.499627678831931
6826,4,17.3575,29.803728137344088,12.446228137344086
6827,4,30.866666,29.40751317459378,1.4591528254062176
6828,4,34.36,29.62443725598237,4.735562744017628
6829,4,34.405882,34.57495258746368,0.1690705874636791
6830,4,34.674999,37.671775149526695,2.9967761495266956
6831,4,33.98,37.84083329422498,3.8608332942249817
6832,4,34.228947,40.51121330066006,6.282266300660062
6833,4,32.279487,34.88123860092047,2.6017516009204655
6834,4,26.066667,34.50774854981087,8.441081549810871
6835,4,23.847143,30.345915456910436,6.498772456910437
6836,3,25.016667,30.411616328807444,5.394949328807442
6837,3,30.146809,24.49447129060431,5.652337709395692
6838,3,33.203333,27.25352094777209,5.949812052227912
6839,3,31.082353,25.404885251935767,5.677467748064235
6840,3,28.527273,27.31849377836381,1.208779221636192
6841,3,30.309091,36.751439012199754,6.442348012199755
6842,3,27.667857,27.10688368209484,0.5609733179051624
6843,2,27.038889,28.60467065726325,1.5657816572632477
6844,2,28.15,27.413343565121345,0.736656434878654
6845,2,28.955556,31.053098638451658,2.0975426384516567
6846,2,27.64,41.45012134263665,13.810121342636648
6847,2,12.447381,31.642522599765293,19.195141599765293
6848,1,11.612551,30.499493187422395,18.886942187422395
6849,1,11.796791,30.28837009237722,18.491579092377222
6850,1,35.709091,27.46927596066992,8.239815039330082
6851,1,28.038596,30.08059126191936,2.041995261919361
6852,1,24.144928,36.400694295893466,12.255766295893466
6853,1,28.1,30.3089726620956,2.208972662095597
6854,1,27.971428,28.83534244709101,0.863914447091009
6855,1,34.650002,43.61495231527743,8.964950315277427
6856,1,29.618182,40.14408203837676,10.525900038376758
6857,1,35.511765,48.271544951228464,12.759779951228467
6858,1,31.639131,29.39885740785494,2.2402735921450585
6859,2,39.425,25.604265922134424,13.820734077865573
6860,2,26.763158,29.37224356274067,2.6090855627406704
6861,2,39.675,33.48716735271974,6.18783264728026
6862,2,37.58,29.00194272177268,8.57805727822732
6863,2,30.461538,41.684330540687505,11.222792540687504
6864,2,30.800001,39.18085425528125,8.380853255281245
6865,3,32.452381,37.35357309651174,4.9011920965117355
6866,3,37.066667,31.76130246041238,5.305364539587622
6867,3,54.385714,40.08101556806903,14.304698431930973
6868,3,50.783333,42.97159546848076,7.811737531519242
6869,3,54.2,39.277024261662994,14.922975738337009
6870,5,52.925,38.39566805557031,14.529331944429686
6871,5,51.375,37.231388201124105,14.143611798875895
6872,5,53.97,37.97673786432915,15.993262135670847
6873,5,56.666666,36.91620944717217,19.750456552827828
6874,5,49.1,40.44698092038225,8.65301907961775
6875,5,53.9,37.39893240256608,16.501067597433916
6876,1,54.157143,40.10137611036569,14.055766889634306
6877,1,56.122222,38.49951655560263,17.62270544439737
6878,1,11.226087,37.20738796425202,25.98130096425202
6879,1,15.578378,40.36056278897757,24.782184788977567
6880,1,12.239048,27.249871209748527,15.010823209748526
6881,1,24.75641,27.5759368394638,2.8195268394638013
6882,1,27.768966,28.706350813784535,0.9373848137845364
6883,1,26.027273,31.77906641455285,5.75179341455285
6884,1,25.125,31.412658275227926,6.287658275227926
6885,1,22.965,26.473217116223605,3.508217116223605
6886,1,21.979167,29.02107980911247,7.041912809112471
6887,3,20.209091,29.098061405995907,8.888970405995906
6888,3,46.764285,27.82666934789583,18.93761565210417
6889,3,50.121429,26.07450013552618,24.04692886447382
6890,2,44.422727,41.41674054917856,3.005986450821439
6891,2,46.27,38.77252261586377,7.497477384136232
6892,2,47.25,25.371171569695573,21.878828430304427
6893,2,28.634783,39.27558086237342,10.640797862373418
6894,2,26.777778,40.42233032767329,13.644552327673292
6895,2,22.082609,38.70514523764835,16.62253623764835
6896,2,22.856542,35.62053713821213,12.763995138212128
6897,1,21.478049,43.070302801618254,21.592253801618256
6898,1,23.960204,24.880718134140675,0.9205141341406744
6899,1,23.393277,25.731235242047642,2.337958242047641
6900,1,20.48125,26.310762146894188,5.829512146894189
6901,1,25.05625,25.683082731773375,0.6268327317733764
6902,4,39.94,33.25436372390317,6.6856362760968295
6903,2,43.08,45.32296292859073,2.242962928590728
6904,2,37.999999,44.79963982262668,6.799640822626678
6905,2,25.853125,41.79397793654081,15.940852936540814
6906,2,25.372222,35.53411304732961,10.161891047329611
6907,2,23.237037,33.07486797210218,9.837830972102182
6908,2,23.858333,31.498086546765876,7.639753546765878
6909,2,26.015385,28.875667202097,2.8602822020970002
6910,2,25.791304,28.612630519389747,2.8213265193897463
6911,5,25.316667,31.903243545674535,6.586576545674536
6912,5,24.442857,32.20556290041604,7.762705900416041
6913,5,26.04,32.827707256288406,6.787707256288407
6914,3,25.421052,27.90974804917392,2.488696049173921
6915,3,26.933333,29.643477485152786,2.710144485152785
6916,3,26.7,29.488359321542276,2.788359321542277
6917,3,30.077778,26.33064757393116,3.747130426068839
6918,3,32.56,28.969677661656693,3.5903223383433094
6919,3,32.15,39.01457764532853,6.864577645328531
6920,3,30.414286,38.70307093561201,8.28878493561201
6921,3,31.4,37.63266107112512,6.232661071125122
6922,1,23.2,38.93671284759688,15.73671284759688
6923,1,20.175,40.84457781784208,20.66957781784208
6924,1,19.95,40.437125516055275,20.487125516055276
6925,1,20.4,34.76136870594824,14.361368705948244
6926,5,19.90909,35.04492412643751,15.135834126437508
6927,5,19.4,43.592508897229365,24.192508897229366
6928,5,21.199999,36.85739965111126,15.65740065111126
6929,5,19.715789,27.764371050425115,8.048582050425114
6930,5,20.845455,42.14816960279775,21.30271460279775
6931,4,17.266666,27.46614545737637,10.19947945737637
6932,4,19.147619,24.624197939665336,5.4765789396653375
6933,4,40.5,23.513907703692652,16.986092296307348
6934,4,32.16,24.7163182181269,7.443681781873096
6935,4,29.367442,34.76489992986137,5.397457929861371
6936,4,40.550001,33.03713890965468,7.5128620903453225
6937,4,27.18,26.791947028921363,0.38805297107863623
6938,4,28.769231,33.65258182489453,4.883350824894531
6939,4,29.85,25.0944475459619,4.755552454038103
6940,4,23.764286,30.314355300471917,6.550069300471918
6941,4,27.7,31.47157964130462,3.771579641304619
6942,4,26.772727,28.18093869534776,1.4082116953477595
6943,2,23.394117,35.82611375484205,12.431996754842046
6944,2,30.405,34.6371040909419,4.232104090941895
6945,2,25.4,30.776769832316646,5.376769832316647
6946,2,24.505555,37.067910204048296,12.562355204048295
6947,2,23.94,30.516963722800803,6.5769637228008015
6948,1,22.71,26.490619671028785,3.7806196710287843
6949,1,31.763636,26.15958429750396,5.60405170249604
6950,1,34.799999,29.725977894243734,5.074021105756266
6951,1,36.700001,32.458614220529086,4.241386779470915
6952,1,33.799999,42.40491975206206,8.604920752062057
6953,1,36.015789,32.73166140506436,3.28412759493564
6954,1,45.726316,35.44447080954122,10.281845190458775
6955,1,49.385714,30.74716752805439,18.63854647194561
6956,1,48.231579,42.035050729395564,6.196528270604439
6957,1,47.888888,37.035768951698955,10.853119048301046
6958,1,47.285715,34.3974335427317,12.888281457268306
6959,5,48.7,29.4235519984899,19.276448001510104
6960,5,46.77,32.11885166130821,14.65114833869179
6961,5,47.840001,34.01103556006466,13.828965439935338
6962,5,16.936957,33.863225720882376,16.926268720882376
6963,5,20.511111,34.383980469147104,13.872869469147105
6964,5,14.234884,24.19845652235211,9.963572522352111
6965,5,8.248352,28.000943628046755,19.752591628046755
6966,1,17.450769,19.77016593488279,2.319396934882789
6967,1,20.051724,30.15432084929533,10.102596849295331
6968,1,18.394,23.247094350836647,4.853094350836649
6969,1,3.572857,26.24300464684669,22.67014764684669
6970,1,2.107143,23.669657991434047,21.562514991434046
6971,1,11.725581,25.23792041900677,13.51233941900677
6972,1,7.678125,24.23693760950302,16.558812609503022
6973,1,6.535938,21.570166242411183,15.034228242411183
6974,1,1.750459,24.849383232755482,23.098924232755483
6975,1,8.65,24.874842847801887,16.224842847801888
6976,1,2.05303,27.23278468952521,25.17975468952521
6977,1,13.451515,28.455327896992948,15.003812896992947
6978,1,14.877143,24.042904265139533,9.165761265139533
6979,1,4.101538,27.753921734177986,23.652383734177988
6980,1,3.765116,23.192130689320198,19.4270146893202
6981,4,2.53253,20.213246998176594,17.680716998176592
6982,4,1.429493,21.23388798283027,19.80439498283027
6983,4,6.095918,21.03088609838134,14.93496809838134
6984,4,2.971591,25.2435211532678,22.2719301532678
6985,4,7.075,21.029619773274117,13.954619773274118
6986,4,21.025,20.448158498038374,0.5768415019616242
6987,4,22.757143,21.168396911627845,1.5887460883721545
6988,4,23.06,26.290619709528016,3.2306197095280176
6989,4,25.461538,26.55217926789487,1.0906412678948705
6990,4,23.45,25.989082906067274,2.539082906067275
6991,4,25.673077,27.445396704610562,1.7723197046105632
6992,4,23.158333,27.990277922214027,4.831944922214028
6993,4,24.9,30.70754216699458,5.80754216699458
6994,4,27.888235,26.674948935696378,1.2132860643036238
6995,4,24.213513,27.447415293007463,3.233902293007464
6996,4,25.457143,37.71981176115531,12.262668761155314
6997,4,23.782609,28.297721502523377,4.515112502523376
6998,4,24.786667,26.702397946841575,1.915730946841574
6999,2,22.885714,31.68875298089997,8.80303898089997
7000,2,25.996154,34.92390267482279,8.92774867482279
7001,2,24.486207,32.175547749121066,7.689340749121065
7002,2,22.04,29.91645015970539,7.876450159705392
7003,2,24.862963,31.715636759390954,6.852673759390953
7004,2,28.975,27.7383439077991,1.236656092200903
7005,2,26.575,30.625260780909223,4.050260780909223
7006,2,25.632,39.07045504188263,13.43845504188263
7007,2,26.54375,37.70020741177988,11.15645741177988
7008,2,26.593333,31.305562204166726,4.712229204166725
7009,2,24.8,31.48195232875147,6.681952328751468
7010,2,32.235714,34.21298957369195,1.9772755736919478
7011,2,32.88,33.5537594236751,0.6737594236751008
7012,2,32.831579,42.48128148834732,9.649702488347323
7013,2,32.766667,42.663752171816085,9.897085171816087
7014,2,32.306667,43.10750066960174,10.800833669601744
7015,2,27.840909,39.48606611204453,11.645157112044533
7016,2,20.86875,39.45928338315229,18.59053338315229
7017,1,26.754839,36.628540455605865,9.873701455605865
7018,1,22.80625,27.953765030421522,5.147515030421523
7019,1,21.0,24.13925415655092,3.139254156550919
7020,1,22.582758,31.935407474318126,9.352649474318127
7021,1,24.9,21.26986488733968,3.6301351126603194
7022,4,29.783333,38.47153653068578,8.688203530685783
7023,4,25.03,39.56302809559506,14.533028095595057
7024,4,30.5,40.69977696469264,10.199776964692639
7025,4,31.1,28.641862355375217,2.4581376446247845
7026,4,30.55,40.03421533611875,9.484215336118748
7027,1,29.58,33.386109392025105,3.806109392025107
7028,1,31.799999,32.238243519274576,0.4382445192745763
7029,1,30.0,37.2442955442421,7.2442955442420995
7030,1,29.6,32.58092577982284,2.98092577982284
7031,1,27.157143,36.94876199657173,9.791618996571732
7032,1,28.695454,34.47127199983519,5.775817999835187
7033,1,29.571429,38.56182877869361,8.990399778693611
7034,3,29.89375,24.315047563326544,5.578702436673456
7035,3,30.105263,22.791095701884053,7.314167298115947
7036,3,29.16087,25.785510220007744,3.3753597799922552
7037,3,27.127273,28.390019252768504,1.2627462527685047
7038,3,29.342857,28.789831838257104,0.5530251617428945
7039,3,33.0,30.312574880606654,2.687425119393346
7040,3,33.086842,23.369320868848668,9.71752113115133
7041,3,33.200001,32.79953761507622,0.400463384923782
7042,3,29.82,25.404394812471885,4.415605187528115
7043,3,31.1,31.155936631970153,0.05593663197015175
7044,3,30.442857,22.212793144659013,8.230063855340987
7045,2,28.472,34.747334897181304,6.2753348971813026
7046,2,29.717647,33.15520093416835,3.437553934168349
7047,2,31.34,27.007397021356333,4.332602978643667
7048,2,30.0,26.47392106414139,3.52607893585861
7049,2,29.348718,44.094753854088296,14.746035854088294
7050,2,28.444444,40.63982899715926,12.195384997159262
7051,2,30.99,33.5659921225151,2.5759921225150997
7052,2,26.866667,33.63768076097786,6.7710137609778585
7053,2,24.888889,34.24766303748257,9.358774037482569
7054,2,24.527778,39.04730771911203,14.519529719112025
7055,2,26.0,31.766088861036444,5.766088861036444
7056,2,23.933333,26.581789471568925,2.648456471568924
7057,2,25.44,33.365018835042655,7.925018835042653
7058,2,25.77,33.08212499123966,7.31212499123966
7059,2,25.14,35.18501628615807,10.045016286158067
7060,2,27.700001,31.985256378338647,4.285255378338647
7061,2,3.327119,30.558928486373418,27.231809486373418
7062,2,1.547143,42.67624699287176,41.12910399287176
7063,2,3.158571,26.776855687608332,23.618284687608334
7064,2,4.958333,25.708359457072362,20.750026457072362
7065,2,3.156198,29.353306094443077,26.197108094443077
7066,2,3.747328,26.869571160258115,23.122243160258115
7067,4,38.376471,28.87513069439656,9.501340305603442
7068,4,34.519445,27.40116453350217,7.118280466497829
7069,4,35.867391,32.21920324964003,3.6481877503599662
7070,4,41.12,28.113852016030833,13.006147983969164
7071,4,40.95,27.517977677815352,13.43202232218465
7072,4,31.211765,39.180185401113164,7.968420401113164
7073,4,37.730769,39.15295972468027,1.42219072468027
7074,4,32.819445,27.311224323687938,5.508220676312064
7075,4,41.099998,35.97827072325147,5.12172727674853
7076,1,41.099998,24.902644687148552,16.197353312851448
7077,1,31.377,44.02036862095928,12.643368620959283
7078,1,39.210811,43.667529983276296,4.456718983276296
7079,1,39.9,22.042669010156036,17.857330989843962
7080,1,29.344776,30.332314758233935,0.987538758233935
7081,1,34.052326,40.54211975663505,6.489793756635052
7082,2,41.666665,28.2334125953068,13.433252404693203
7083,2,33.01579,28.150652511615043,4.86513748838496
7084,2,28.62931,43.17114900156655,14.541839001566547
7085,2,19.844498,30.660941939657903,10.816443939657901
7086,2,32.261111,29.666668626690765,2.594442373309235
7087,2,20.807762,23.498099698286644,2.690337698286644
7088,2,12.997561,26.738405238665685,13.740844238665685
7089,2,16.453658,23.55827504584218,7.104617045842179
7090,2,19.5875,23.05186175005688,3.464361750056881
7091,2,14.504196,24.84829152374843,10.344095523748429
7092,2,26.86,27.641800258803144,0.7818002588031447
7093,2,26.413333,31.262949895079764,4.8496168950797625
7094,2,26.658334,37.60897134530964,10.95063734530964
7095,2,26.17,38.21924190494019,12.049241904940189
7096,2,29.9,31.30510046030298,1.4051004603029824
7097,2,22.644444,35.91182144774043,13.26737744774043
7098,2,16.433333,29.56431367830358,13.13098067830358
7099,2,14.54,28.196603754339748,13.656603754339748
7100,3,13.928571,35.45191852964559,21.52334752964559
7101,3,16.975,26.085887189471308,9.110887189471306
7102,3,24.157576,27.79941098000981,3.6418349800098113
7103,5,15.85,27.95680549659567,12.10680549659567
7104,5,9.857447,29.422043131804514,19.564596131804514
7105,5,8.127869,26.285711640085573,18.157842640085573
7106,5,12.019424,29.25426040591504,17.23483640591504
7107,2,10.160802,27.20626486824712,17.04546286824712
7108,2,8.839832,22.48726631890046,13.64743431890046
7109,2,11.981609,24.2360291841364,12.254420184136398
7110,2,12.217886,26.61632365079687,14.398437650796868
7111,2,59.216667,21.792503585634137,37.424163414365864
7112,2,60.05,23.449893346861234,36.600106653138766
7113,3,64.366666,38.32828986040869,26.038376139591307
7114,3,61.55,39.364772791341984,22.185227208658013
7115,3,60.466666,39.2346419694494,21.232024030550598
7116,3,60.0,35.553181764803114,24.446818235196886
7117,3,65.0,37.55721196763432,27.442788032365677
7118,3,60.099999,36.31227519568566,23.78772380431434
7119,3,59.18,38.36796514590137,20.812034854098627
7120,3,60.866667,37.56261171366398,23.304055286336016
7121,5,60.275001,42.149833493007556,18.125167506992447
7122,5,57.200001,44.71611764676997,12.483883353230027
7123,5,58.049999,39.75009082754592,18.29990817245408
7124,5,40.913333,43.61235785397939,2.699024853979388
7125,5,58.475,47.69278472256683,10.782215277433174
7126,4,51.988235,36.06783487320703,15.92040012679297
7127,4,63.89,42.592823296335645,21.297176703664356
7128,4,30.895455,41.83754775007164,10.942092750071645
7129,4,26.733333,38.67319540339895,11.939862403398951
7130,4,36.48,29.777475375602492,6.702524624397505
7131,4,22.110526,27.826050195995045,5.7155241959950445
7132,4,21.05,35.504051647441585,14.454051647441585
7133,4,26.345454,27.66128809100195,1.3158340910019497
7134,4,24.856667,33.183507796345765,8.326840796345763
7135,4,20.706452,34.51227527283886,13.805823272838865
7136,4,26.851724,28.880311966907925,2.0285879669079243
7137,4,31.77931,29.68850582463586,2.0908041753641378
7138,4,23.163636,29.647216929427277,6.483580929427276
7139,4,37.200001,27.7366626129935,9.463338387006502
7140,4,22.621951,29.364819426962004,6.742868426962005
7141,4,28.6,35.207743277157235,6.607743277157233
7142,4,26.642857,26.282678687400356,0.3601783125996434
7143,2,41.950001,28.019483214407312,13.930517785592688
7144,2,24.575862,24.79937391566591,0.22351191566590956
7145,2,25.944444,37.36188954271632,11.417445542716319
7146,2,35.5,22.471645892174642,13.028354107825358
7147,2,37.06,27.78077632630626,9.279223673693743
7148,2,35.883334,36.54250420880809,0.6591702088080922
7149,2,52.82,35.0857064497415,17.7342935502585
7150,2,58.727273,37.318715538742396,21.4085574612576
7151,2,54.427778,39.51065931304723,14.917118686952776
7152,2,54.975,38.24339462834902,16.73160537165098
7153,2,52.991666,35.925711636915665,17.065954363084337
7154,3,59.1,35.52785295486625,23.572147045133754
7155,3,54.98,42.3751816839643,12.604818316035697
7156,3,58.825,39.907111254541704,18.9178887454583
7157,3,56.96,34.83539181231677,22.12460818768323
7158,3,55.459937,40.88163077986489,14.578306220135104
7159,3,93.533333,36.74679688393327,56.78653611606673
7160,3,18.529227,23.826788746887893,5.297561746887894
7161,3,84.114789,41.94012922369872,42.17465977630128
7162,3,56.143478,19.415507881308116,36.727970118691886
7163,3,81.996169,26.73133539287484,55.264833607125155
7164,3,48.883375,27.16506363500944,21.718311364990562
7165,2,62.994416,25.32598323588641,37.66843276411359
7166,2,45.900002,22.056542858436053,23.843459141563947
7167,2,43.641667,21.86151325782428,21.780153742175717
7168,2,40.347059,36.5628352538172,3.7842237461828034
7169,2,42.009091,32.70410393212387,9.304987067876127
7170,2,40.490909,31.639162409710686,8.851746590289316
7171,2,42.247619,36.77564842141568,5.471970578584319
7172,2,45.900002,32.56832675118114,13.331675248818861
7173,2,44.1,30.022882803185254,14.077117196814747
7174,2,46.299999,39.82121328485345,6.47878571514655
7175,2,24.6125,34.34183132463113,9.72933132463113
7176,2,24.632,36.841745931598126,12.209745931598125
7177,2,23.313043,29.045317401405764,5.732274401405764
7178,2,24.586111,35.30707102201977,10.72096002201977
7179,2,23.2875,32.72362358552486,9.43612358552486
7180,2,24.512195,27.94080208433146,3.4286070843314604
7181,2,24.123809,35.34301952643666,11.219210526436662
7182,1,25.991666,26.99895760508697,1.007291605086973
7183,1,23.108572,24.06542001759592,0.9568480175959202
7184,1,23.721429,24.626179823278513,0.904750823278512
7185,1,26.539394,24.299453556864776,2.2399404431352252
7186,1,23.963889,26.735958059639028,2.7720690596390263
7187,1,24.528572,25.127143954331622,0.5985719543316215
7188,1,24.815789,24.37770762982531,0.4380813701746895
7189,1,23.044827,25.306468860459375,2.261641860459374
7190,1,23.7,24.93780456213479,1.2378045621347908
7191,2,21.663637,27.150864176169605,5.487227176169604
7192,2,59.13,41.390732878362066,17.739267121637937
7193,2,55.749999,26.434595253211885,29.315403746788117
7194,2,20.505455,37.77934000819321,17.273885008193208
7195,2,19.545122,40.3649501985769,20.8198281985769
7196,2,21.695,30.193745861907104,8.498745861907103
7197,2,27.831818,29.724106972710008,1.8922889727100092
7198,2,30.576923,42.635879925735345,12.058956925735345
7199,2,27.241379,31.440728376465756,4.199349376465758
7200,2,30.346667,40.646645598771734,10.299978598771734
7201,2,13.768889,28.506768607146945,14.737879607146946
7202,3,21.690909,24.34701460109988,2.6561056010998776
7203,3,15.190674,22.060632769767622,6.8699587697676225
7204,3,15.12,20.282126130222974,5.162126130222974
7205,3,19.466355,16.6358459709777,2.8305090290222985
7206,3,14.833971,22.862799468279796,8.028828468279796
7207,3,64.771429,15.81188457999208,48.959544420007916
7208,1,52.5125,24.49379209333594,28.018707906664062
7209,1,55.727272,43.85017696733451,11.877095032665487
7210,5,56.9,40.22014038869737,16.679859611302632
7211,5,53.372727,38.65638985946021,14.716337140539785
7212,5,63.7,37.43089157402373,26.26910842597627
7213,2,57.453847,45.19612394499242,12.257723055007581
7214,2,56.08,36.53916275641363,19.540837243586367
7215,2,55.8,41.529436690669044,14.270563309330953
7216,2,54.922223,40.58335524070251,14.338867759297493
7217,3,56.02,35.013069955792645,21.00693004420736
7218,3,34.116666,42.24926772028376,8.132601720283759
7219,3,36.458824,42.38899203431516,5.930168034315159
7220,3,36.556,28.96189448868462,7.594105511315377
7221,3,39.1,39.24738083621327,0.1473808362132658
7222,3,38.385,45.60121250746593,7.216212507465933
7223,1,37.699999,31.92818594531208,5.771813054687918
7224,1,36.042858,33.621836012117555,2.4210219878824475
7225,1,41.950001,34.13549617312111,7.814504826878888
7226,1,41.099998,34.26815721789301,6.831840782106987
7227,1,40.300001,33.49785400539983,6.802146994600172
7228,1,32.107692,33.410854391176,1.3031623911760022
7229,1,25.95,32.78911501280627,6.839115012806271
7230,1,39.018181,35.655317502754734,3.3628634972452645
7231,1,25.62353,26.562344738221988,0.9388147382219891
7232,1,23.742424,24.395962416378115,0.6535384163781153
7233,1,34.354838,25.393915306411778,8.960922693588223
7234,3,21.952941,35.875446669204784,13.922505669204785
7235,3,30.053571,26.664280460017324,3.389290539982678
7236,3,25.847619,31.946625903818713,6.099006903818712
7237,3,22.316667,26.60002521833121,4.283358218331212
7238,3,31.84,28.80739629013914,3.0326037098608616
7239,3,22.825926,34.48302762254613,11.657101622546133
7240,3,32.328572,26.090380739207117,6.238191260792885
7241,3,21.44,30.362264717722475,8.922264717722474
7242,3,26.956757,26.8839488348267,0.07280816517329924
7243,3,31.05,27.634664627425366,3.415335372574635
7244,3,26.341935,30.227571245645763,3.885636245645763
7245,3,31.408333,41.83205779061372,10.423724790613718
7246,3,32.806896,31.85617931699334,0.9507166830066609
7247,3,31.32,42.244441514975854,10.924441514975854
7248,3,23.114,42.45677399841939,19.342773998419393
7249,3,29.314286,39.612048293158566,10.297762293158566
7250,3,36.699999,37.796182636911816,1.0961836369118174
7251,3,13.361482,38.80498440715267,25.44350240715267
7252,3,18.769159,36.18263595891531,17.413476958915314
7253,3,15.006684,24.950264555136638,9.943580555136638
7254,3,13.231825,28.71540285614345,15.483577856143448
7255,3,15.670485,26.86352488868821,11.193039888688212
7256,3,14.545802,25.322489017414927,10.776687017414927
7257,3,21.021052,23.40307221102203,2.3820202110220308
7258,3,16.5375,28.836774256587333,12.299274256587331
7259,4,15.040945,45.994549618177224,30.953604618177224
7260,4,13.635294,45.17834564410196,31.543051644101958
7261,4,13.850209,34.428866784359656,20.578657784359656
7262,4,14.788081,32.808952134396336,18.020871134396337
7263,4,12.937313,30.59717843180478,17.659865431804782
7264,4,27.408571,31.015737812540603,3.607166812540605
7265,4,35.155555,32.57967606585157,2.5758789341484274
7266,4,42.199999,32.220743688838766,9.979255311161232
7267,4,32.24,46.59714643934319,14.35714643934319
7268,2,30.810345,44.19961655727605,13.38927155727605
7269,2,34.533334,33.90931229182923,0.6240217081707726
7270,2,26.706667,48.85915642523102,22.15248942523102
7271,2,34.586667,36.21401149408558,1.627344494085584
7272,2,36.611112,26.782533872367615,9.828578127632383
7273,2,40.366666,39.65618288313851,0.7104831168614893
7274,2,36.383333,40.75495684876469,4.371623848764692
7275,2,30.322222,37.09500607990776,6.772784079907762
7276,2,31.416667,35.403353941732526,3.9866869417325255
7277,2,29.62,38.45692327983482,8.836923279834817
7278,2,30.545833,42.36863064028079,11.822797640280793
7279,2,30.025,39.42037725781086,9.395377257810864
7280,2,29.628571,31.794383563319066,2.165812563319065
7281,5,29.363158,30.092910229916036,0.7297522299160377
7282,5,27.0,34.18939440517637,7.1893944051763725
7283,5,30.014286,29.390231196053925,0.6240548039460734
7284,5,29.468421,29.26204072820306,0.20638027179693808
7285,5,28.17193,33.6142975010117,5.442367501011699
7286,5,28.66129,35.42696257399376,6.765672573993761
7287,3,42.76875,32.6163383861071,10.152411613892895
7288,3,42.89,31.892082742436855,10.997917257563145
7289,3,45.846154,37.685721132357415,8.160432867642584
7290,3,42.658333,33.63741096714919,9.020922032850812
7291,3,41.878571,41.995877639166544,0.11730663916654294
7292,3,45.825,40.409695849626075,5.415304150373927
7293,3,40.084615,36.79384789807091,3.2907671019290916
7294,3,50.450001,42.18789956637424,8.262101433625759
7295,3,55.599998,40.313168405863905,15.286829594136094
7296,3,49.730769,41.76740135050335,7.963367649496654
7297,3,45.4,41.249010630156064,4.150989369843934
7298,3,48.47,41.4661554248556,7.003844575144399
7299,3,49.700001,41.00751538481915,8.69248561518085
7300,3,48.599998,34.94101434853461,13.658983651465391
7301,3,34.813333,42.285805220475524,7.472472220475524
7302,3,41.164706,41.80267371752724,0.6379677175272391
7303,3,39.049999,40.608864401477405,1.558865401477405
7304,2,26.819047,36.82870410663588,10.009657106635881
7305,2,30.305714,37.97914521353982,7.673431213539825
7306,2,35.399999,40.717607618746925,5.317608618746924
7307,2,37.992308,43.62489838151603,5.632590381516032
7308,2,24.75,30.644082038709,5.894082038709001
7309,2,31.409524,36.42330295536502,5.013778955365016
7310,2,32.7,39.65366304561067,6.953663045610668
7311,3,10.364615,42.05438500773535,31.689770007735348
7312,3,24.085715,30.72217962547799,6.636464625477991
7313,3,18.77,41.69514470938803,22.925144709388032
7314,3,13.19697,42.89102006687372,29.69405006687372
7315,3,23.793333,28.97345970313075,5.18012670313075
7316,3,24.06,28.595413799233356,4.535413799233357
7317,3,24.947619,21.520291666212703,3.4273273337872965
7318,3,22.200001,20.70173406597817,1.4982669340218315
7319,3,21.69,21.415025774112053,0.2749742258879486
7320,3,22.115,32.55471381776696,10.439713817766961
7321,3,23.933333,26.511937108426935,2.5786041084269335
7322,3,37.028572,27.582052577969186,9.44651942203081
7323,3,42.549999,23.157914546998192,19.392084453001807
7324,3,33.948276,26.960267429281146,6.988008570718854
7325,3,24.772,28.02541084160854,3.2534108416085417
7326,3,23.807692,37.90080320940733,14.09311120940733
7327,3,20.97,37.297846401322886,16.327846401322887
7328,3,22.99,40.10570317366164,17.11570317366164
7329,3,23.133333,33.39525920343408,10.26192620343408
7330,3,27.799999,34.94565811755197,7.145659117551972
7331,5,27.0,29.465826574848002,2.465826574848002
7332,5,25.171429,42.05703297590753,16.885603975907532
7333,5,22.84537,33.4503752678752,10.605005267875203
7334,5,26.8275,28.86032537802854,2.032825378028541
7335,2,27.3,32.54831619071159,5.248316190711588
7336,2,25.866667,26.981669081546627,1.1150020815466277
7337,2,26.64,26.19024475452776,0.44975524547223955
7338,2,25.885526,24.69515627829955,1.1903697217004492
7339,2,28.3,32.421717780202215,4.121717780202214
7340,2,30.61,26.870783801508118,3.7392161984918815
7341,2,29.936364,23.516797231325857,6.419566768674144
7342,3,33.58,27.500016135325264,6.079983864674734
7343,3,23.338462,26.342281991193044,3.003819991193044
7344,3,27.85,28.34768277840776,0.4976827784077571
7345,3,24.514815,22.889675851612452,1.6251391483875466
7346,3,27.526087,27.969322883083805,0.4432358830838048
7347,3,26.882353,21.266192025525733,5.6161609744742655
7348,3,31.816666,30.250775634445205,1.5658903655547967
7349,3,32.39,22.700223069549605,9.689776930450396
7350,3,27.142308,27.101396195920152,0.040911804079847514
7351,3,27.947369,28.361840846438646,0.4144718464386479
7352,3,36.3,25.25586883467288,11.044131165327116
7353,3,33.6875,28.08868618458675,5.598813815413251
7354,3,28.9,23.89334814926911,5.00665185073089
7355,3,32.833333,26.18312225271369,6.650210747286312
7356,3,30.762791,39.168412205268254,8.405621205268254
7357,3,30.836538,38.230929408728315,7.394391408728314
7358,3,31.059259,36.22331000916279,5.164051009162787
7359,4,26.638571,35.494131845876936,8.855560845876937
7360,4,27.231944,25.714596106436954,1.517347893563045
7361,4,48.436364,25.132899840210936,23.303464159789062
7362,4,56.050001,29.678497739028074,26.371503260971927
7363,4,55.916666,30.205726764555234,25.710939235444766
7364,4,43.607693,25.52559100909947,18.082101990900526
7365,4,49.849998,39.06460184105775,10.785396158942248
7366,4,54.6875,33.32676057340492,21.36073942659508
7367,4,54.781818,38.536953626159544,16.244864373840457
7368,4,47.400002,38.16660040199493,9.233401598005074
7369,4,56.4,36.33259199502966,20.06740800497034
7370,4,50.041176,37.59276077338285,12.44841522661715
7371,4,58.781818,35.70791734796305,23.073900652036954
7372,1,64.15,45.232469606234474,18.91753039376553
7373,1,60.6625,47.216492106013014,13.446007893986987
7374,1,55.442857,40.72089492477404,14.721962075225953
7375,1,56.888889,43.1032002247996,13.785688775200398
7376,1,61.144444,38.00431364238831,23.14013035761169
7377,1,62.85,41.70737092481084,21.142629075189163
7378,1,52.366667,41.472526306503056,10.894140693496944
7379,1,55.45,42.36594206633028,13.084057933669726
7380,1,56.736363,39.40462009943816,17.331742900561835
7381,4,50.72,39.0917825496275,11.628217450372496
7382,4,39.6,39.92301429508052,0.3230142950805188
7383,4,39.171428,40.04457229727213,0.8731442972721339
7384,4,35.82,41.51700746454229,5.697007464542288
7385,4,36.071427,40.57550686373343,4.5040798637334305
7386,4,35.15,35.38539703145495,0.2353970314549514
7387,4,38.3875,32.27985326149599,6.107646738504016
7388,4,20.793333,36.702694379464916,15.909361379464915
7389,4,22.260204,41.35277316247654,19.092569162476536
7390,4,27.036842,39.80920999689971,12.77236799689971
7391,4,24.86,39.0320252555653,14.172025255565302
7392,4,20.343421,31.525494053773595,11.182073053773596
7393,4,26.6,29.641752281974963,3.0417522819749614
7394,4,26.124138,37.3065216284768,11.182383628476803
7395,4,29.708163,37.15721152896231,7.449048528962308
7396,4,27.25,29.34979604825407,2.0997960482540705
7397,4,28.8,36.70727212477023,7.907272124770227
7398,4,30.6,25.493272252076032,5.106727747923969
7399,4,29.314286,27.463390254287,1.8508957457130002
7400,4,30.05,30.9835336162811,0.9335336162810997
7401,4,26.046429,34.674908889099456,8.628479889099456
7402,4,28.62,32.564476982000336,3.944476982000335
7403,4,58.78,36.607859614457,22.172140385543003
7404,4,50.97,43.08078413489389,7.8892158651061095
7405,4,58.400002,38.14966822066394,20.25033377933606
7406,4,59.64,39.68604106999707,19.953958930002933
7407,4,58.74,36.94157212555437,21.79842787444563
7408,3,60.616667,41.40084665034044,19.21582034965956
7409,3,58.625,44.84398151591286,13.781018484087141
7410,3,56.287499,45.95167811809791,10.335820881902087
7411,3,54.099998,44.095415226864134,10.004582773135866
7412,3,21.891667,40.52516437153517,18.633497371535167
7413,3,29.483333,42.62253432516039,13.13920132516039
7414,3,25.675,42.04052550057641,16.365525500576407
7415,3,24.125,33.99258087493894,9.867580874938938
7416,3,29.0,43.22527653033772,14.225276530337723
7417,3,24.486207,34.878628372489786,10.392421372489785
7418,4,22.010417,34.698354154262255,12.687937154262254
7419,4,25.282353,31.69095428784021,6.408601287840209
7420,4,27.96,25.210335167556444,2.749664832443557
7421,4,30.514286,24.1854640869116,6.328821913088397
7422,4,22.163636,27.07134881004407,4.907712810044071
7423,4,28.116667,28.63252610465676,0.5158591046567587
7424,4,24.092857,32.0598049325001,7.966947932500101
7425,1,29.815384,27.95787596648205,1.8575080335179521
7426,3,26.511111,34.862151013355756,8.351040013355757
7427,1,36.847369,25.592136939847123,11.255232060152878
7428,1,37.279311,39.33354480691188,2.0542338069118813
7429,1,38.909375,30.640649191048148,8.26872580895185
7430,1,43.224999,35.60573008812156,7.619268911878436
7431,1,34.870833,31.915875532659953,2.9549574673400443
7432,1,49.099998,39.5826539739973,9.517344026002696
7433,1,42.59,40.63106774890464,1.9589322510953622
7434,1,29.482353,29.491743641072155,0.009390641072155148
7435,1,39.532,35.12435288406241,4.407647115937586
7436,5,39.21,39.17282491466441,0.03717508533559055
7437,5,44.03,28.626855958976883,15.403144041023118
7438,5,29.395455,27.284941486144948,2.11051351385505
7439,5,44.522223,40.954795554606335,3.567427445393662
7440,5,43.245454,38.28533399048214,4.9601200095178655
7441,2,44.727273,25.35451535743536,19.372757642564636
7442,2,45.2875,33.98165805708932,11.305841942910682
7443,2,37.469565,34.67929994871243,2.7902650512875695
7444,2,41.941666,36.13855645053245,5.80310954946755
7445,2,31.372223,38.489696098445506,7.117473098445505
7446,2,41.725,33.25157467348478,8.473425326515219
7447,2,37.766667,36.401496971461434,1.3651700285385644
7448,2,31.140909,31.887497238643675,0.7465882386436746
7449,2,47.075,43.319666424773594,3.755333575226409
7450,2,52.5,34.55954553759548,17.940454462404517
7451,5,41.075757,30.53004734110184,10.545709658898161
7452,5,47.895,39.98619153154428,7.9088084684557245
7453,5,48.706977,35.93935013438293,12.767626865617075
7454,5,44.886364,33.010563324912695,11.875800675087305
7455,5,46.391667,36.4192223916081,9.972444608391896
7456,5,46.125807,29.13599194503842,16.989815054961582
7457,4,44.809091,37.88416699696393,6.924924003036075
7458,4,45.249999,38.397926645958265,6.852072354041738
7459,4,46.6,38.28371746217605,8.316282537823952
7460,4,43.200001,40.26585970304234,2.9341412969576623
7461,4,41.245,38.68415270146662,2.560847298533375
7462,4,28.38,39.42869817901847,11.04869817901847
7463,2,26.007143,38.400915594270224,12.393772594270224
7464,2,27.565,36.69058848806045,9.125588488060448
7465,2,31.8625,35.10960770649355,3.247107706493548
7466,2,38.263636,27.542489409386373,10.721146590613625
7467,2,36.083335,28.141617049437137,7.941717950562861
7468,2,36.9,29.896703532783476,7.003296467216522
7469,2,33.7,39.36466186836311,5.664661868363105
7470,2,33.638462,38.647317449228744,5.008855449228747
7471,2,30.238461,40.17068626623584,9.93222526623584
7472,2,27.478788,33.89422856495623,6.415440564956228
7473,2,35.050001,28.185678276108945,6.864322723891057
7474,5,29.133333,32.96388693694455,3.830553936944547
7475,5,30.822222,32.99733583164785,2.1751138316478524
7476,5,27.381063,40.827520416375734,13.446457416375733
7477,5,35.74375,32.990139528989424,2.7536104710105747
7478,5,29.812851,37.9383439364958,8.1254929364958
7479,1,31.008671,23.04832389572337,7.960347104276629
7480,1,23.67242,25.19730193399193,1.5248819339919315
7481,1,28.961538,21.177280053757894,7.784257946242107
7482,1,29.019858,23.734403125284032,5.285454874715967
7483,1,76.681865,24.57735859361838,52.10450640638162
7484,1,80.15,28.928325037329635,51.22167496267037
7485,1,88.134862,19.371899114676985,68.76296288532302
7486,1,74.166316,25.607563080416384,48.55875291958361
7487,3,65.605714,42.069485603284704,23.536228396715302
7488,3,87.752175,33.92019036382487,53.83198463617512
7489,3,8.94263,28.798687988355844,19.856057988355843
7490,3,28.698976,32.26049068668969,3.5615146866896943
7491,2,70.194285,31.1028416286697,39.09144337133029
7492,2,87.127273,31.78727160539607,55.34000139460393
7493,2,79.745454,36.89518845103587,42.850265548964124
7494,2,80.833846,34.327556233784506,46.50628976621549
7495,2,58.799999,33.61480163283779,25.18519736716221
7496,2,57.933333,37.93383705621239,19.999495943787608
7497,2,56.142858,35.363315154029344,20.779542845970653
7498,2,53.772727,46.356301300675035,7.416425699324968
7499,2,54.000001,36.91389950613071,17.086101493869286
7500,2,53.523077,45.836804295330495,7.686272704669506
7501,2,55.046667,38.54475110562236,16.50191589437764
7502,2,24.201111,36.04934260960542,11.848231609605417
7503,3,30.416535,36.84430681179058,6.427771811790581
7504,3,23.727016,37.41351625334476,13.68650025334476
7505,3,49.130061,26.719749965914517,22.41031103408548
7506,3,28.422727,19.283019693466347,9.139707306533651
7507,3,22.022222,15.33184432247758,6.69037767752242
7508,3,23.383333,25.104126904677344,1.7207939046773433
7509,3,20.494118,21.62933664506485,1.1352186450648496
7510,5,18.728571,39.213507772767535,20.484936772767536
7511,5,24.314286,42.25780809068434,17.943522090684343
7512,5,21.836364,39.33053304832839,17.49416904832839
7513,5,16.765,37.13333427149366,20.36833427149366
7514,5,21.535294,42.84285838922768,21.30756438922768
7515,5,22.445454,37.15754774712497,14.712093747124971
7516,5,18.970588,28.5328140834848,9.562226083484802
7517,5,22.522222,32.70058091446506,10.178358914465058
7518,5,22.115385,41.81109140978451,19.69570640978451
7519,5,8.966667,33.28068201892635,24.314015018926348
7520,5,5.575,41.08801569990448,35.51301569990448
7521,5,2.098901,41.30822999641812,39.20932899641812
7522,4,4.666667,31.81011822347548,27.14345122347548
7523,4,4.085714,29.293256273462966,25.207542273462966
7524,4,2.560377,35.57160364192766,33.01122664192766
7525,4,3.483871,24.907372671353073,21.423501671353073
7526,4,8.15625,30.023673506063282,21.867423506063282
7527,4,51.740909,25.77817071851398,25.962738281486022
7528,4,32.071428,32.276058402746116,0.204630402746119
7529,2,28.522727,33.69825205383386,5.175525053833862
7530,1,31.24,42.44424634470844,11.20424634470844
7531,1,32.142857,35.64133561834869,3.498478618348692
7532,1,28.395,32.70396612824448,4.3089661282444816
7533,1,30.7,37.44605102883526,6.746051028835257
7534,2,36.099998,31.618030521639433,4.481967478360566
7535,2,34.900002,33.52871350767056,1.371288492329441
7536,2,30.204167,27.198545772498093,3.0056212275019085
7537,2,32.35,35.07243466704191,2.7224346670419095
7538,2,29.0,34.05753671865331,5.05753671865331
7539,2,33.1,37.67803660334362,4.5780366033436195
7540,2,27.442623,39.28404131146696,11.841418311466956
7541,2,28.084848,32.21788975484645,4.133041754846452
7542,2,48.185715,25.996871622701157,22.188843377298845
7543,2,57.9125,27.425175107202502,30.4873248927975
7544,2,47.15,38.28463310833378,8.86536689166622
7545,2,58.7875,38.15629518006624,20.631204819933764
7546,2,50.425,35.869031675888685,14.555968324111312
7547,3,47.22,32.11263990699216,15.107360093007841
7548,3,48.133333,34.59444070734123,13.538892292658772
7549,3,60.554546,31.461366663800266,29.093179336199736
7550,3,47.439999,32.298327379058264,15.141671620941736
7551,3,48.814286,35.61104617276807,13.203239827231933
7552,3,27.22,34.1242807264995,6.9042807264995005
7553,3,33.058333,34.307136277913145,1.2488032779131473
7554,3,35.7125,23.28780936964023,12.42469063035977
7555,1,25.92,36.88534357182382,10.965343571823816
7556,3,35.611111,38.76218015821835,3.1510691582183483
7557,3,29.1,27.272773713476553,1.827226286523448
7558,3,36.64,35.92324426782615,0.7167557321738514
7559,3,38.114286,24.987666984985005,13.126619015014995
7560,3,39.749999,40.55056920744358,0.8005702074435774
7561,3,33.584615,40.91030577859493,7.325690778594932
7562,5,37.757143,38.97928422910728,1.2221412291072795
7563,5,13.058333,32.3096851358125,19.251352135812503
7564,5,16.371428,36.884701959748796,20.513273959748794
7565,5,12.698148,39.49795183506689,26.799803835066893
7566,5,14.904348,33.24858302507147,18.34423502507147
7567,5,13.636842,32.9402081177959,19.303366117795896
7568,5,19.031579,36.396805221037695,17.365226221037695
7569,5,23.521429,33.431656916551084,9.910227916551083
7570,3,20.225806,27.529292075333068,7.303486075333069
7571,3,22.266667,30.07099251921502,7.80432551921502
7572,3,18.342105,24.63939332697731,6.297288326977309
7573,3,21.342857,36.001928248064345,14.659071248064347
7574,3,19.709524,26.986671838982573,7.277147838982575
7575,3,21.1375,27.517098640776716,6.379598640776717
7576,3,22.366666,21.500423408797083,0.8662425912029157
7577,3,42.825,25.718182854173637,17.106817145826366
7578,3,44.1,30.636613122006786,13.463386877993216
7579,3,46.242857,33.87203522525486,12.370821774745139
7580,4,15.155556,29.559596678727,14.404040678727
7581,4,15.933333,39.41808889066751,23.484755890667515
7582,4,24.025,32.35649525969832,8.331495259698322
7583,4,16.446429,25.541077156428578,9.09464815642858
7584,4,15.237778,27.55466504292301,12.316887042923009
7585,4,19.107143,33.635685456154505,14.528542456154504
7586,4,27.552,32.76775957986504,5.215759579865043
7587,4,22.925,39.72656574865367,16.80156574865367
7588,4,17.15,35.85071242722652,18.70071242722652
7589,4,11.04,30.147831262661505,19.107831262661506
7590,4,17.006667,27.70751189278788,10.700844892787881
7591,4,13.853846,31.56713259036233,17.71328659036233
7592,4,15.930769,33.990569018277476,18.05980001827748
7593,4,15.038095,30.90862932211033,15.870534322110329
7594,4,13.10641,29.38651150380143,16.28010150380143
7595,4,19.585,28.48670918957919,8.90170918957919
7596,3,15.35,22.12748930694169,6.777489306941691
7597,3,57.242857,26.657751247472216,30.585105752527785
7598,3,60.514286,28.32171785899081,32.19256814100919
7599,3,54.500001,36.75723467290267,17.74276632709733
7600,3,59.354546,38.452046354277016,20.902499645722983
7601,3,55.166667,37.27343085973842,17.89323614026158
7602,3,62.409999,39.333481221006835,23.076517778993164
7603,3,55.554546,37.75621679284325,17.798329207156755
7604,3,65.061539,40.26273347142546,24.798805528574533
7605,2,42.086666,41.81932601671342,0.2673399832865826
7606,2,31.733334,38.71692105382612,6.98358705382612
7607,2,32.5,48.4795752337619,15.9795752337619
7608,5,35.818518,37.74983478463643,1.9313167846364294
7609,5,41.5,34.990121392487936,6.509878607512064
7610,5,31.685185,38.997024841791195,7.311839841791194
7611,5,32.84,38.55938386866227,5.71938386866227
7612,5,33.833335,39.46396682920238,5.630631829202379
7613,5,3.246753,29.677950820718834,26.431197820718836
7614,5,9.521453,29.958132998345818,20.436679998345817
7615,5,2.041322,39.524331560039506,37.483009560039505
7616,5,7.4675,23.92600251450263,16.45850251450263
7617,5,3.868293,22.81283368009856,18.94454068009856
7618,5,6.62093,26.53523499238296,19.91430499238296
7619,5,10.505498,25.609500785620327,15.104002785620327
7620,5,28.378261,24.05136218063964,4.326898819360359
7621,5,20.790323,25.451706857484574,4.661383857484573
7622,5,26.825,25.150791106073072,1.6742088939269273
7623,5,24.086957,31.47923578780641,7.392278787806408
7624,5,26.1,29.525576939127127,3.425576939127126
7625,1,23.810714,25.02995714574275,1.2192431457427482
7626,1,22.393548,26.181351620927714,3.787803620927715
7627,1,28.021739,28.148255528374463,0.12651652837446292
7628,1,39.711764,25.681896322441187,14.029867677558816
7629,1,31.72,26.639899894255922,5.0801001057440764
7630,1,42.257143,27.085047953261935,15.172095046738065
7631,1,40.833333,28.129505968581064,12.703827031418939
7632,1,41.56,25.50803488634113,16.051965113658873
7633,5,51.307142,39.288298937805685,12.018843062194314
7634,5,56.199999,41.65455327527601,14.54544572472399
7635,5,45.075,31.1770417912865,13.897958208713504
7636,5,31.81875,37.40457680917334,5.585826809173341
7637,5,31.946667,40.58014018670774,8.633473186707736
7638,5,58.3,34.128720140516734,24.171279859483263
7639,5,58.03,33.07813141461254,24.95186858538746
7640,4,38.595238,30.431766684063312,8.16347131593669
7641,4,48.892857,48.03702309022618,0.8558339097738212
7642,4,40.646154,48.87845144711019,8.232297447110184
7643,4,32.375,34.714935935117296,2.339935935117296
7644,4,30.706667,40.5332249342134,9.826557934213401
7645,4,29.128572,37.87126521850584,8.742693218505842
7646,4,31.366667,33.58190706644389,2.21524006644389
7647,4,27.1,27.339616388832155,0.23961638883215386
7648,4,32.299999,29.607289921621557,2.692709078378442
7649,4,28.005556,32.4061303314467,4.400574331446698
7650,4,58.852631,35.04452867686474,23.80810232313526
7651,4,53.383334,35.39825153643304,17.98508246356696
7652,4,53.3375,40.19951611426673,13.13798388573327
7653,4,56.7,40.69671556957317,16.00328443042683
7654,4,47.4375,40.73300958162599,6.704490418374007
7655,4,54.875,40.294070398446365,14.580929601553635
7656,4,44.482353,38.50429844035939,5.978054559640611
7657,4,48.416667,39.21940223819765,9.197264761802344
7658,4,49.693333,40.577682497605835,9.115650502394168
7659,2,43.06,31.185198547162194,11.874801452837808
7660,2,53.684616,37.832890960920004,15.851725039079994
7661,2,47.09375,32.005934154570205,15.087815845429795
7662,2,34.900002,33.4121021775623,1.4878998224376971
7663,2,35.700001,36.5441573310007,0.844156331000697
7664,2,31.38421,35.24471908094603,3.860509080946027
7665,2,31.266667,39.5423921392029,8.275725139202901
7666,2,35.599998,39.89986451222424,4.299866512224241
7667,2,31.206667,35.2737285492021,4.067061549202098
7668,2,27.7,37.0683300350277,9.3683300350277
7669,2,26.419048,36.36466656573651,9.945618565736513
7670,2,28.656522,33.94892508032325,5.2924030803232505
7671,2,34.099998,29.35573838306994,4.744259616930059
7672,2,41.681081,29.622653755377538,12.058427244622461
7673,2,23.16,39.089237791546594,15.929237791546594
7674,2,36.788889,39.058004270844656,2.269115270844658
7675,2,23.833333,29.24256746207942,5.4092344620794215
7676,4,44.048148,22.508895604794212,21.539252395205786
7677,4,32.785,31.785787600338384,0.9992123996616122
7678,4,35.111765,28.62849402997051,6.483270970029487
7679,4,22.727778,29.01884629510333,6.291068295103329
7680,4,20.936842,33.05016723023452,12.113325230234523
7681,1,24.369697,32.46892844431173,8.09923144431173
7682,1,23.975,26.13709205354703,2.1620920535470276
7683,1,22.068965,29.50815824956426,7.439193249564262
7684,1,21.516,29.91717158541619,8.401171585416193
7685,1,22.177273,29.482698116557522,7.305425116557522
7686,1,22.013043,24.516704443325132,2.5036614433251323
7687,1,21.625,23.525412383678464,1.9004123836784643
7688,1,22.31,24.3788721726044,2.068872172604401
7689,1,21.433333,23.66951310188989,2.2361801018898895
7690,1,22.111111,35.94941797850753,13.838306978507532
7691,1,22.036,21.855704288640354,0.18029571135964773
7692,1,18.837037,26.42033405102949,7.58329705102949
7693,1,21.673809,36.74143828881269,15.06762928881269
7694,1,21.492308,30.761999142675513,9.269691142675512
7695,1,20.359184,23.299577770061447,2.9403937700614478
7696,1,19.620455,23.288831252624654,3.668376252624654
7697,1,20.794444,28.336439410560466,7.541995410560467
7698,1,20.0625,25.169156367000447,5.106656367000447
7699,1,38.4,25.83595407429235,12.56404592570765
7700,1,34.452632,26.14897976836172,8.303652231638281
7701,1,36.600001,27.231154875075834,9.368846124924165
7702,1,37.464706,39.13028963974261,1.6655836397426071
7703,4,28.571429,41.7698225033361,13.198393503336103
7704,4,46.930769,40.57879078300837,6.3519782169916255
7705,4,34.205,37.88064364296778,3.675643642967785
7706,4,33.292308,30.21014003434705,3.0821679656529497
7707,3,30.621429,39.652290344017665,9.030861344017666
7708,4,31.596774,37.196638139219395,5.599864139219395
7709,4,32.073333,26.667519248454575,5.405813751545423
7710,4,30.722222,32.24972239883493,1.5275003988349347
7711,4,48.416667,32.322520591976975,16.094146408023022
7712,4,43.35,40.59434050071542,2.755659499284583
7713,4,29.145454,29.681684069431725,0.5362300694317241
7714,3,30.033333,36.01760726445159,5.984274264451592
7715,3,28.1,34.372071798172016,6.272071798172014
7716,3,33.7,25.42713736435287,8.272862635647133
7717,3,55.522222,24.141025470743955,31.381196529256044
7718,3,36.585714,23.703691362640342,12.882022637359661
7719,3,46.763636,23.582767056953045,23.180868943046953
7720,3,49.022222,37.6832704443362,11.338951555663797
7721,2,41.973333,29.523092706545867,12.45024029345413
7722,2,53.014285,40.19600262218737,12.81828237781263
7723,2,29.803333,34.88659485744438,5.083261857444381
7724,2,24.6375,29.552762776208645,4.915262776208646
7725,2,45.333333,28.438685635152137,16.894647364847867
7726,2,39.62,27.593968709187493,12.026031290812504
7727,2,43.40625,27.556531093255877,15.849718906744123
7728,2,44.049999,33.9285140819239,10.1214849180761
7729,2,22.264706,29.54279387259995,7.278087872599951
7730,5,24.117241,42.88588754175095,18.768646541750947
7731,5,25.245455,36.52469676197448,11.279241761974482
7732,5,25.566666,33.28494378413017,7.718277784130169
7733,5,24.578571,30.45892149811104,5.880350498111039
7734,3,22.495454,34.525258870886006,12.029804870886007
7735,3,23.4125,37.97936992340702,14.566869923407019
7736,3,21.977777,29.771143156257082,7.793366156257083
7737,3,22.833333,28.448802887088746,5.6154698870887465
7738,3,22.252174,34.78102731538934,12.528853315389338
7739,3,21.791667,34.35004241969648,12.558375419696478
7740,3,23.175,35.77038013008608,12.595380130086081
7741,3,23.147368,32.474300585755856,9.326932585755856
7742,3,33.439999,28.84861382467497,4.59138517532503
7743,3,35.05,28.8013568991075,6.248643100892497
7744,3,28.6375,32.714790161983295,4.077290161983296
7745,3,34.38,34.41996538612902,0.03996538612901901
7746,3,35.175,35.254983418720315,0.07998341872031745
7747,2,34.033333,26.359619417047575,7.6737135829524235
7748,2,33.39091,35.89203041116516,2.501120411165161
7749,2,25.071429,34.59843736181124,9.527008361811244
7750,2,36.974999,32.83665714513362,4.1383418548663755
7751,2,28.075,34.64182982963758,6.56682982963758
7752,2,22.527273,25.14081291053571,2.61353991053571
7753,2,30.730769,31.6040697609239,0.8733007609239003
7754,2,30.707143,36.893565153710604,6.186422153710605
7755,2,32.79,25.999696229128794,6.790303770871205
7756,2,29.746667,33.374153962000015,3.6274869620000167
7757,5,27.985714,28.85153339265505,0.8658193926550481
7758,5,20.772152,38.744492754443336,17.972340754443337
7759,5,28.09375,29.757889306996802,1.6641393069968018
7760,5,27.909756,35.865149521579994,7.9553935215799925
7761,3,23.826667,17.968763148777313,5.857903851222687
7762,3,25.7775,19.048537494380042,6.728962505619958
7763,3,22.48,19.437832419523108,3.0421675804768924
7764,3,1.451429,17.823588771968318,16.372159771968317
7765,3,1.143158,21.68085821584747,20.53770021584747
7766,2,1.396498,28.303222240237986,26.906724240237985
7767,2,1.215315,27.057253893505894,25.841938893505894
7768,2,1.367213,23.650404475017844,22.283191475017844
7769,2,1.432468,25.641379904505662,24.208911904505662
7770,2,2.080055,20.656683359193337,18.576628359193336
7771,2,1.052874,23.903294594344757,22.850420594344758
7772,2,1.234025,21.136953672785786,19.902928672785787
7773,2,1.3,25.135186981887387,23.835186981887386
7774,1,28.214286,22.926857374672068,5.287428625327934
7775,1,36.799999,21.656166780310823,15.143832219689177
7776,1,29.758823,20.372142938510834,9.386680061489166
7777,1,33.8,27.36585098941144,6.4341490105885555
7778,1,30.799999,35.32093797362208,4.52093897362208
7779,1,29.15,32.01102177241054,2.8610217724105382
7780,3,33.405263,41.361710211633984,7.956447211633986
7781,3,34.442857,37.92155042820154,3.478693428201545
7782,3,33.541667,38.89095290648842,5.349285906488426
7783,3,32.575,39.40526135701059,6.830261357010585
7784,3,32.753846,38.206407544572244,5.452561544572241
7785,3,35.500001,42.31459446293715,6.814593462937154
7786,3,33.66,29.092871643819585,4.567128356180412
7787,3,29.641177,34.754450625881084,5.113273625881085
7788,3,30.646666,38.626938879789165,7.980272879789165
7789,5,30.163158,38.69061655539374,8.52745855539374
7790,5,42.800001,31.855254961888306,10.944746038111695
7791,5,43.577777,30.31456105341349,13.263215946586506
7792,5,42.223529,27.8065391444211,14.416989855578898
7793,5,41.446666,39.35756041291518,2.0891055870848234
7794,5,40.525,31.271833265615918,9.25316673438408
7795,5,41.650002,33.63780933953519,8.012192660464812
7796,3,42.199999,33.97091754978319,8.22908145021681
7797,3,41.93,34.869556704614794,7.060443295385205
7798,3,30.114286,35.61893147164443,5.50464547164443
7799,3,30.080645,33.72853345676022,3.6478884567602172
7800,3,28.227273,27.146964626207392,1.080308373792608
7801,3,27.416667,29.03839758966659,1.6217305896665906
7802,3,27.633333,29.592635037153123,1.9593020371531225
7803,3,26.016667,30.939155709880666,4.922488709880664
7804,3,28.314286,31.005924946825377,2.6916389468253783
7805,3,28.85625,25.78034045337025,3.075909546629749
7806,3,28.028571,28.537997234407463,0.5094262344074636
7807,3,30.6,32.009874587869575,1.4098745878695738
7808,3,28.185714,25.35631390667693,2.82940009332307
7809,3,28.263636,35.12353690614317,6.859900906143171
7810,3,21.828571,36.998714723702214,15.170143723702214
7811,3,21.6125,33.14398082437563,11.531480824375631
7812,3,19.905406,33.83459711327604,13.92919111327604
7813,3,22.235714,29.350722402844628,7.1150084028446265
7814,5,21.95,21.575860908510464,0.3741390914895355
7815,5,22.252632,23.163316064922775,0.9106840649227763
7816,5,20.822222,23.894596387225334,3.0723743872253344
7817,5,21.808,23.205878329556548,1.3978783295565478
7818,5,21.507407,25.365184224251127,3.8577772242511266
7819,5,17.584615,24.905716184652615,7.3211011846526155
7820,5,35.894445,23.343073298385434,12.551371701614563
7821,5,36.809091,24.87759797171682,11.931493028283182
7822,5,32.190909,25.457182668488247,6.73372633151175
7823,5,29.166667,40.30358693771514,11.136919937715138
7824,5,33.716666,42.07273923630231,8.356073236302315
7825,5,37.9,29.437109830267374,8.462890169732624
7826,5,47.14,30.79320428256329,16.34679571743671
7827,5,48.944,29.932144495403627,19.011855504596376
7828,5,39.633333,37.58023969121099,2.053093308789009
7829,5,35.752,39.49917740707149,3.74717740707149
7830,5,50.036364,43.204799771328226,6.831564228671773
7831,2,45.379167,40.67009386239431,4.709073137605692
7832,2,35.242105,32.06707670919661,3.1750282908033896
7833,2,28.409091,41.60025518042601,13.19116418042601
7834,2,48.958333,37.38942870748224,11.568904292517765
7835,2,45.2625,34.761966567584665,10.500533432415338
7836,2,35.840741,27.228683261236398,8.612057738763603
7837,2,33.483333,45.59383050572888,12.11049750572888
7838,2,38.3,44.2611633369655,5.961163336965505
7839,2,38.525,31.725746074937533,6.799253925062466
7840,2,40.336363,43.25580664588834,2.919443645888343
7841,2,34.641177,41.90806835296246,7.26689135296246
7842,2,22.533333,43.51183617607582,20.97850317607582
7843,1,31.800001,34.07258707826839,2.2725860782683895
7844,1,23.153846,37.81341629678598,14.65957029678598
7845,1,30.200001,37.37263447021349,7.172633470213491
7846,1,23.135294,39.80485888092247,16.66956488092247
7847,1,22.538461,29.13750559184561,6.599044591845608
7848,1,27.492308,43.154212771366616,15.661904771366615
7849,1,30.0,31.971241480275083,1.9712414802750828
7850,1,25.418182,30.561806328855724,5.143624328855722
7851,1,22.3125,34.45740795608856,12.14490795608856
7852,1,22.915385,38.353895695534156,15.438510695534156
7853,2,19.373913,40.60145421105323,21.22754121105323
7854,2,20.35,41.190525097152815,20.840525097152813
7855,2,17.184615,27.426944136957257,10.242329136957256
7856,2,19.327273,24.18956904125651,4.86229604125651
7857,2,21.918182,28.875081182582605,6.956899182582603
7858,2,18.527273,26.254709713020752,7.727436713020751
7859,4,21.016667,30.624987331179675,9.608320331179673
7860,4,18.395833,26.94033721165479,8.54450421165479
7861,4,15.01,34.33671411602511,19.32671411602511
7862,4,17.054762,26.59011878242036,9.535356782420362
7863,4,19.711111,28.743561250935773,9.032450250935774
7864,4,28.6,31.195651313386644,2.595651313386643
7865,4,17.847059,31.50668262425729,13.65962362425729
7866,4,20.025,30.409995774570014,10.384995774570015
7867,4,25.9,34.66577901295929,8.765779012959293
7868,4,17.489286,28.676391095357673,11.187105095357673
7869,4,39.3875,37.86479424684326,1.5227057531567425
7870,5,38.57,31.03455412571723,7.535445874282772
7871,5,37.700001,26.559940177065418,11.140060822934583
7872,5,31.6,34.39051115182853,2.7905111518285253
7873,5,26.8,37.435611858410496,10.635611858410496
7874,5,24.89,34.709161822020086,9.819161822020085
7875,1,33.800001,40.83129386349897,7.031292863498969
7876,1,30.525,29.896269174658986,0.6287308253410124
7877,1,52.15,46.302856649677466,5.847143350322533
7878,1,43.512,42.196049759750345,1.3159502402496557
7879,1,47.728571,46.98699446213912,0.7415765378608796
7880,1,47.625,43.68467196030623,3.9403280396937674
7881,1,54.353847,38.8441353216967,15.509711678303304
7882,1,53.985715,42.0866565141288,11.899058485871201
7883,1,23.3625,47.90792576793413,24.54542576793413
7884,1,23.375,41.1899888393456,17.814988839345602
7885,1,26.252174,38.97710721726791,12.724933217267907
7886,1,22.917391,42.0400584355872,19.1226674355872
7887,1,25.935714,26.917498276642682,0.9817842766426814
7888,1,26.1,28.697148449624336,2.597148449624335
7889,1,26.246667,30.36684362967791,4.1201766296779105
7890,1,22.25,26.965005117392685,4.7150051173926855
7891,1,20.233334,40.428092098243766,20.194758098243767
7892,1,24.633333,28.905092929096504,4.271759929096504
7893,2,20.6,34.1238771958512,13.523877195851199
7894,2,21.099999,25.96492173827307,4.864922738273069
7895,2,32.093333,34.582663098265286,2.4893300982652846
7896,2,23.058537,28.83743120751211,5.77889420751211
7897,2,27.873846,28.63550420556665,0.7616582055666505
7898,2,27.82625,24.235920474140123,3.590329525859879
7899,2,29.56,25.798291816829,3.761708183170999
7900,2,25.509091,26.961070036779844,1.4519790367798429
7901,2,26.157576,24.747387449356758,1.410188550643241
7902,4,29.391429,27.0618754732296,2.3295535267704004
7903,4,29.34,27.863112465020027,1.4768875349799728
7904,4,23.9,31.289201440279392,7.389201440279393
7905,4,29.860784,29.56881223501791,0.2919717649820903
7906,1,28.257895,35.546709548033476,7.288814548033475
7907,1,27.125,34.42966213494401,7.30466213494401
7908,1,25.0225,28.220292891437182,3.1977928914371816
7909,1,25.7,29.546199101327648,3.846199101327649
7910,1,24.568182,31.217210262067532,6.649028262067532
7911,5,19.018966,28.652979918410203,9.634013918410204
7912,5,27.8,28.787032204473455,0.9870322044734543
7913,5,24.175,25.78175159208694,1.6067515920869404
7914,5,22.328205,28.58751766020309,6.25931266020309
7915,5,21.058333,38.690444950566274,17.632111950566273
7916,5,28.6,25.943590010011654,2.6564099899883473
7917,5,23.875,27.191494015997375,3.3164940159973746
7918,4,18.133333,33.56742904083293,15.434096040832927
7919,4,24.497826,37.580858865759716,13.083032865759716
7920,4,26.4,34.096675531129634,7.696675531129635
7921,4,24.304348,33.28464671609311,8.980298716093106
7922,4,19.44321,30.1500408051471,10.7068308051471
7923,4,25.962963,29.989677250365936,4.026714250365938
7924,4,25.055556,30.003573846191188,4.948017846191188
7925,1,24.582353,23.797009760418174,0.7853432395818274
7926,1,26.033333,30.693767838215976,4.660434838215977
7927,1,27.892857,27.11696970123318,0.7758872987668184
7928,1,25.12,26.273823538064963,1.1538235380649624
7929,1,24.7,25.540497213773897,0.8404972137738973
7930,4,26.725641,31.645829536062493,4.9201885360624935
7931,4,24.84,35.246301705842995,10.406301705842996
7932,4,25.5875,30.732443129054317,5.144943129054319
7933,4,24.8375,30.418899168612157,5.581399168612158
7934,4,24.94,32.64198997900124,7.701989979001237
7935,4,27.883333,28.642532224414115,0.7591992244141146
7936,4,25.55,29.78615098400875,4.236150984008749
7937,4,26.35625,30.12745469216462,3.77120469216462
7938,4,25.654839,28.41860562151819,2.76376662151819
7939,4,22.392308,31.584688901152813,9.192380901152813
7940,4,23.936364,36.6161361226834,12.6797721226834
7941,4,23.413044,33.758157025952286,10.345113025952287
7942,1,24.073333,27.709694149285717,3.6363611492857153
7943,1,23.261539,26.309196171400785,3.047657171400786
7944,1,22.891667,28.67522970118973,5.783562701189727
7945,1,23.280952,39.858314011490954,16.577362011490955
7946,1,24.4,27.318147234816664,2.918147234816665
7947,1,24.272414,27.15914507898278,2.8867310789827805
7948,1,22.24,30.57510729919059,8.335107299190593
7949,1,25.073913,31.577887811130196,6.503974811130195
7950,1,24.433333,24.977252218544002,0.5439192185440014
7951,1,21.545,28.921024478961506,7.376024478961504
7952,1,23.03913,30.837038381715836,7.7979083817158354
7953,1,21.25,27.337975305070884,6.087975305070884
7954,1,24.325,27.686387853187444,3.361387853187445
7955,1,23.338461,33.58015637951665,10.241695379516653
7956,1,21.2125,25.904138200267003,4.691638200267004
7957,1,22.542857,26.769363405405638,4.226506405405637
7958,2,23.442857,30.870529138310253,7.427672138310253
7959,2,28.275758,28.62926053235037,0.3535025323503689
7960,2,27.580952,34.51296969352829,6.932017693528291
7961,2,27.4,27.994290531006172,0.5942905310061732
7962,2,27.675,31.131626022957356,3.456626022957355
7963,2,43.333333,27.402720478807986,15.930612521192018
7964,2,34.99,30.017073379820793,4.972926620179209
7965,2,38.799999,39.02577095359747,0.22577195359747293
7966,2,38.955555,36.86992156601401,2.08563343398599
7967,2,28.35946,36.53450017423997,8.175040174239975
7968,2,35.049999,42.49354528549936,7.443546285499359
7969,2,40.199999,41.17088451718415,0.9708855171841506
7970,2,39.415789,30.61793159359219,8.797857406407807
7971,2,37.547059,38.53287774008573,0.9858187400857332
7972,2,41.061539,41.73459837758839,0.6730593775883875
7973,2,39.7,41.63054391280054,1.9305439128005375
7974,2,38.9,38.64731808952614,0.2526819104738607
7975,2,42.547222,40.06693639770114,2.4802856022988564
7976,2,33.5,41.31327182260079,7.81327182260079
7977,2,25.76,43.50703796771081,17.747037967710806
7978,2,27.053846,37.82098218464775,10.767136184647747
7979,2,27.111111,40.94289148043708,13.831780480437082
7980,2,29.542308,27.394454879291956,2.1478531207080422
7981,2,29.025,25.949868990068552,3.0751310099314466
7982,2,26.783333,29.291775995380043,2.508442995380044
7983,2,25.846667,28.3040448119055,2.4573778119054985
7984,2,26.69,41.00389316410652,14.31389316410652
7985,2,24.510345,32.51163847378841,8.001293473788408
7986,2,24.85,29.55475604031065,4.704756040310649
7987,2,24.01875,33.93703536857544,9.918285368575436
7988,2,26.722222,25.981011364113947,0.741210635886052
7989,2,26.565517,27.43360890305504,0.8680919030550385
7990,2,28.611111,27.767810471623662,0.8433005283763393
7991,2,26.121875,28.39027572851837,2.268400728518369
7992,2,25.0,28.48761926892933,3.487619268929329
7993,2,20.803571,28.77798248929942,7.974411489299417
7994,3,17.128571,24.469376516969326,7.340805516969326
7995,3,23.493333,25.114308841724444,1.6209758417244444
7996,3,22.553571,38.757285487334784,16.203714487334782
7997,3,21.621428,21.78504831985287,0.16362031985286762
7998,4,22.376923,30.937645347452648,8.560722347452646
7999,4,19.910526,25.47843816542717,5.56791216542717
8000,4,20.078261,28.5449072349413,8.466646234941297
8001,4,22.014286,28.902636648246872,6.888350648246874
8002,4,20.787097,27.983565391114393,7.196468391114394
8003,4,19.990476,40.68903086316196,20.69855486316196
8004,4,22.799999,33.70453713741649,10.904538137416488
8005,1,20.757143,28.473500173636573,7.716357173636574
8006,1,19.700001,21.428156202177647,1.7281552021776463
8007,1,21.8,33.93264354133818,12.13264354133818
8008,1,23.5,41.286331375199616,17.786331375199616
8009,1,20.45,30.0227327077827,9.572732707782702
8010,1,22.184211,41.710520682615865,19.526309682615864
8011,1,21.9,37.2478652470433,15.347865247043302
8012,1,21.5,36.309187492223245,14.809187492223245
8013,3,20.727272,35.61198499159819,14.884712991598192
8014,3,4.3928,36.57432544344655,32.181525443446546
8015,3,11.36,36.89927116448808,25.539271164488078
8016,3,21.222641,26.407366372330387,5.184725372330387
8017,3,19.439231,11.036052880878412,8.403178119121588
8018,3,18.313889,13.890598906809432,4.423290093190568
8019,3,19.941463,14.557437386245919,5.38402561375408
8020,3,8.936111,11.786982430458227,2.850871430458227
8021,2,13.612963,18.17406907073901,4.561106070739008
8022,2,8.661364,17.59021009914883,8.92884609914883
8023,2,2.697333,19.016868969656166,16.319535969656165
8024,2,20.891892,16.785790129282958,4.1061018707170405
8025,2,5.657143,18.025724022653748,12.368581022653748
8026,2,7.668571,17.699130903001286,10.030559903001286
8027,2,11.622609,16.181073773864707,4.558464773864706
8028,2,12.469231,18.101201276328364,5.631970276328364
8029,3,2.519549,24.08933011848684,21.569781118486837
8030,3,23.076923,26.830353154657296,3.753430154657295
8031,3,7.054569,24.395624769928336,17.341055769928335
8032,3,43.2,24.51190077723996,18.688099222760044
8033,3,40.088889,20.636146938154656,19.452742061845345
8034,3,45.447369,26.153400156636796,19.293968843363206
8035,3,43.485714,39.84993898083654,3.635775019163461
8036,3,48.666667,36.866047481943895,11.800619518056102
8037,3,34.606452,40.076567309164695,5.470115309164697
8038,5,26.022857,40.64246202567507,14.619605025675074
8039,5,38.258824,38.88844999222258,0.6296259922225858
8040,5,44.400002,35.883480015593925,8.516521984406076
8041,5,42.241667,26.131600018402217,16.110066981597782
8042,5,21.435294,42.62133043649537,21.18603643649537
8043,5,21.752941,31.627344876610877,9.874403876610877
8044,5,22.177273,23.332540362633814,1.1552673626338148
8045,5,25.475,25.18991743420821,0.28508256579179303
8046,5,23.146667,24.361042391068317,1.214375391068316
8047,5,22.235,38.65208735982386,16.41708735982386
8048,5,22.88125,23.27776982953945,0.3965198295394501
8049,5,24.55,27.408821159152605,2.8588211591526047
8050,3,23.485714,19.709713498828243,3.776000501171758
8051,3,21.923077,25.9043004378263,3.9812234378263014
8052,3,23.261538,30.595361082951847,7.333823082951845
8053,3,21.513333,23.504507310347165,1.9911743103471657
8054,3,12.85,25.621820830129817,12.771820830129817
8055,3,9.653846,23.992406805052035,14.338560805052035
8056,3,15.542368,25.326516257826178,9.784148257826178
8057,3,8.504762,17.958299358144345,9.453537358144345
8058,3,4.595238,23.612403735340816,19.017165735340818
8059,3,9.29589,18.790790198236415,9.494900198236415
8060,3,10.940217,18.07973426209711,7.139517262097108
8061,3,15.0,19.732969035895366,4.7329690358953656
8062,3,6.852632,19.80544913444342,12.952817134443421
8063,3,7.609091,14.013073597880632,6.403982597880632
8064,3,6.972222,20.696833330979874,13.724611330979874
8065,3,4.264,16.761391498236915,12.497391498236915
8066,3,7.82,17.391374982644116,9.571374982644116
8067,3,22.9,15.98436400208224,6.915635997917759
8068,5,23.200001,24.84688791043775,1.6468869104377504
8069,5,21.9,31.87041961277545,9.970419612775451
8070,5,21.835714,36.155467677532684,14.319753677532685
8071,5,22.63125,33.90290438279766,11.271654382797657
8072,2,22.271428,29.725104298940803,7.4536762989408025
8073,2,25.904348,29.68358366245186,3.7792356624518604
8074,2,27.093103,27.778571634348385,0.6854686343483856
8075,2,25.558333,27.001853125888253,1.4435201258882522
8076,2,27.07619,26.758897666087094,0.31729233391290634
8077,2,27.096,25.830467378813054,1.2655326211869458
8078,5,25.341176,30.262539286144644,4.9213632861446435
8079,5,24.291667,32.284044772486666,7.992377772486666
8080,5,52.525,30.3929968884312,22.1320031115688
8081,5,51.050001,31.378100063167366,19.671900936832635
8082,5,53.956249,42.818001475194556,11.138247524805443
8083,5,51.533333,39.29207954916225,12.241253450837746
8084,5,53.428571,39.11445817227613,14.314112827723868
8085,5,51.118181,41.891162188186634,9.227018811813366
8086,5,51.644445,40.92656415460867,10.717880845391328
8087,5,33.066667,37.121822386274914,4.055155386274912
8088,5,33.66,39.23814684937703,5.578146849377035
8089,5,33.585715,45.10543264838851,11.519717648388507
8090,2,33.566667,53.684123073532135,20.117456073532132
8091,2,33.487499,27.957463844925066,5.530035155074934
8092,2,34.22,33.33930292817365,0.8806970718263472
8093,2,33.939999,36.279256459889666,2.339257459889666
8094,2,33.933333,31.695449370196776,2.237883629803221
8095,2,31.009524,34.70607216573682,3.6965481657368215
8096,2,23.427778,37.49707153683068,14.069293536830681
8097,2,25.064286,33.825351207414684,8.761065207414685
8098,2,25.38,23.887958143428335,1.4920418565716638
8099,2,22.895,27.641588677650752,4.746588677650752
8100,2,24.152381,25.829855685142125,1.6774746851421263
8101,2,28.5,23.89742836201455,4.602571637985449
8102,2,28.5,26.830420528324193,1.6695794716758066
8103,5,31.345454,32.188649923892456,0.8431959238924556
8104,5,25.89375,36.65124824595693,10.757498245956928
8105,5,31.716666,36.25783865395429,4.541172653954288
8106,5,26.835714,30.883428483413724,4.047714483413724
8107,2,23.869231,33.83648164555226,9.967250645552262
8108,2,25.78,25.189220056803393,0.5907799431966083
8109,2,25.895455,24.989470635654712,0.9059843643452865
8110,1,26.633333,38.260697664062846,11.627364664062846
8111,1,25.294737,36.412136131924825,11.117399131924824
8112,1,24.747619,41.20444802755453,16.456829027554527
8113,1,25.544444,28.2771619423899,2.7327179423899004
8114,1,26.02,26.923533817046227,0.9035338170462275
8115,1,26.957143,30.751310126154152,3.7941671261541536
8116,1,24.244445,25.578883683253252,1.3344386832532535
8117,5,28.3,41.63182113478463,13.33182113478463
8118,5,41.299999,29.094096246954773,12.205902753045226
8119,5,28.569565,37.55764170468977,8.988076704689771
8120,5,36.799999,37.792347510267454,0.9923485102674547
8121,5,32.1,31.94496736995869,0.15503263004131185
8122,5,32.164,39.458411412845265,7.294411412845264
8123,5,35.368421,32.36125479220015,3.0071662077998482
8124,2,34.715789,30.911847561737552,3.8039414382624486
8125,2,41.0,36.16258414112572,4.83741585887428
8126,2,29.684616,41.63317141168447,11.948555411684474
8127,2,34.0625,26.405405592257658,7.657094407742342
8128,2,32.195833,35.314694622046105,3.1188616220461043
8129,2,35.766667,29.671675606447472,6.094991393552526
8130,2,30.766667,40.18427477159239,9.41760777159239
8131,2,29.736363,31.470701387560318,1.7343383875603173
8132,3,22.56,35.75885971511368,13.19885971511368
8133,4,36.975,27.671625964268713,9.303374035731288
8134,4,29.385,35.53582381398614,6.15082381398614
8135,4,26.3125,30.019830630522563,3.707330630522563
8136,4,27.15,30.798012689885343,3.648012689885345
8137,4,24.5,37.498093017022256,12.998093017022256
8138,4,22.616666,38.21607075416922,15.599404754169225
8139,4,22.200001,32.22109506260706,10.021094062607062
8140,4,26.299999,34.773898241772045,8.473899241772045
8141,4,20.5,38.8279350787535,18.327935078753498
8142,4,44.433333,39.70880839613871,4.7245246038612905
8143,4,42.8125,37.30470432563631,5.507795674363692
8144,4,37.276923,37.981286336195765,0.7043633361957689
8145,5,34.55,32.08007039249536,2.469929607504639
8146,5,42.370588,32.16339001329725,10.207197986702745
8147,5,39.611111,34.31525600841945,5.295854991580548
8148,5,43.636364,43.184025317636596,0.45233868236340413
8149,5,40.378379,44.445290184748316,4.066911184748314
8150,5,43.749999,33.37908553553604,10.37091346446396
8151,5,46.185,39.82920348079722,6.355796519202784
8152,5,21.106667,40.39826049547866,19.291593495478658
8153,5,46.890909,22.477122088708775,24.413786911291226
8154,5,46.582609,36.285275673215864,10.297333326784134
8155,5,16.866666,38.845201288080034,21.978535288080035
8156,5,12.91,25.528373279720803,12.618373279720803
8157,5,17.215385,26.309921688706652,9.09453668870665
8158,5,16.629412,27.052288733067343,10.422876733067344
8159,5,14.633334,25.36926771824686,10.73593371824686
8160,5,16.438889,23.91610661387943,7.477217613879429
8161,5,14.615385,34.18256397766712,19.567178977667123
8162,5,17.083333,23.023833043674035,5.940500043674035
8163,5,12.844444,29.64055307988997,16.79610907988997
8164,5,13.571429,23.4269636584296,9.8555346584296
8165,5,14.672,22.023126253243408,7.351126253243407
8166,5,15.236363,22.557992739039083,7.321629739039082
8167,1,12.78,25.905201619623604,13.125201619623605
8168,1,13.16,28.220527945563873,15.060527945563873
8169,1,15.4125,24.74061062680442,9.328110626804419
8170,1,17.192593,25.169329146566387,7.976736146566388
8171,1,32.610345,27.376651807890994,5.233693192109008
8172,1,24.867391,34.49300280091115,9.625611800911148
8173,5,29.28,27.570740164348027,1.7092598356519737
8174,5,29.13871,37.83500307431627,8.69629307431627
8175,5,30.4325,27.923616913414023,2.5088830865859784
8176,5,33.799999,30.61387974816822,3.18611925183178
8177,5,26.282353,37.53096072625148,11.248607726251478
8178,5,23.670588,28.763715877059454,5.093127877059455
8179,4,68.25,32.320643926847936,35.929356073152064
8180,4,67.75,44.44811193555482,23.30188806444518
8181,4,64.333333,44.729178316558986,19.60415468344101
8182,4,53.299999,43.9838229763365,9.316176023663502
8183,4,45.028572,42.24047001221891,2.78810198778109
8184,4,52.472728,46.23369640842645,6.23903159157355
8185,4,55.966668,48.177860754824835,7.788807245175164
8186,4,43.096429,43.5598380548756,0.4634090548755978
8187,4,64.549999,45.52920956200775,19.02078943799225
8188,3,63.619999,34.548441229823055,29.071557770176945
8189,3,61.275,38.272555357296895,23.002444642703104
8190,3,67.900002,36.68768125121733,31.212320748782673
8191,3,61.525,35.713124272047295,25.811875727952703
8192,4,57.525,47.94737934873993,9.57762065126007
8193,4,71.100002,49.69939827298316,21.400603727016843
8194,4,61.1875,38.57165671014951,22.61584328985049
8195,4,50.655556,42.23873080371501,8.41682519628499
8196,4,65.600001,31.744217503058376,33.855783496941626
8197,4,63.34,43.08751251905423,20.252487480945774
8198,4,62.675,37.76025157696557,24.914748423034425
8199,4,69.533333,43.28062730940765,26.25270569059235
8200,4,31.366667,39.87143229804602,8.504765298046017
8201,4,31.790909,40.28272282798769,8.491813827987691
8202,4,30.46,50.949193907073926,20.489193907073926
8203,4,23.682645,47.814115961259084,24.131470961259083
8204,4,26.875,20.909896120641992,5.965103879358008
8205,4,27.119231,32.52019216904203,5.400961169042034
8206,4,20.397368,26.114351382001267,5.716983382001267
8207,4,25.558824,19.415479069989768,6.143344930010233
8208,1,35.033333,25.875599060171382,9.157733939828617
8209,1,28.684615,42.153555198383444,13.468940198383443
8210,1,35.514285,37.892328428627884,2.3780434286278833
8211,1,34.821053,36.82349419978413,2.00244119978413
8212,1,35.570589,42.505988014402824,6.935399014402826
8213,1,25.745,31.721358370940948,5.976358370940947
8214,1,35.042857,28.918614758547385,6.124242241452613
8215,1,33.665,35.18950285764495,1.5245028576449542
8216,4,32.0,29.898893283401883,2.1011067165981174
8217,4,32.275,33.946085333709235,1.671085333709236
8218,4,34.5,34.50091794334999,0.000917943349989514
8219,4,33.590323,34.999920075910815,1.409597075910817
8220,4,29.468182,32.437871401028445,2.9696894010284467
8221,4,34.909091,28.756187968692807,6.15290303130719
8222,4,30.273333,30.11718818131841,0.15614481868158947
8223,4,26.681081,38.022048550728016,11.340967550728017
8224,4,28.947143,26.188266677511443,2.7588763224885575
8225,4,37.233334,28.680715401192423,8.552618598807577
8226,4,38.754054,37.750175495022184,1.0038785049778127
8227,4,35.690909,38.388038000594705,2.697129000594707
8228,4,34.271429,35.48597399549425,1.2145449954942507
8229,4,39.666668,40.9004662291166,1.2337982291166014
8230,4,48.27,35.310961841909005,12.959038158090998
8231,4,49.8,40.90418360798307,8.895816392016926
8232,4,45.872727,39.49443116660909,6.378295833390908
8233,4,45.645833,30.59422639165247,15.051606608347534
8234,4,46.727273,32.31581542385605,14.411457576143945
8235,4,50.568,37.210628280813026,13.357371719186972
8236,4,49.616666,32.28219216729036,17.33447383270964
8237,4,53.983334,31.47020196011548,22.513132039884518
8238,2,46.164706,27.42760670257794,18.737099297422063
8239,2,53.83,22.857613249720025,30.972386750279973
8240,2,37.460869,25.08087881346103,12.379990186538972
8241,4,35.167857,35.95330462096377,0.7854476209637724
8242,4,29.4375,32.42287950332184,2.9853795033218375
8243,4,31.67,31.971169151528155,0.3011691515281534
8244,4,25.55614,34.91647208509539,9.360332085095393
8245,4,34.582143,29.41220902721768,5.169933972782321
8246,4,27.981482,35.10051942215655,7.119037422156552
8247,4,31.116129,34.69542924098708,3.579300240987081
8248,4,25.633846,33.84472410186849,8.210878101868495
8249,4,21.848077,36.572962522327714,14.724885522327714
8250,4,31.196552,32.45124794743564,1.2546959474356392
8251,4,36.310204,30.303942874524342,6.006261125475657
8252,2,31.741667,37.461007998567815,5.719340998567816
8253,2,31.6,40.19309907047522,8.593099070475219
8254,2,30.916667,39.4758509471261,8.559183947126098
8255,2,31.608333,37.66933626157556,6.061003261575561
8256,2,30.535714,38.48831743729136,7.9526034372913585
8257,2,20.551818,39.663248723907365,19.111430723907365
8258,2,21.240854,25.716803033687547,4.475949033687549
8259,2,33.233099,22.87001070894401,10.363088291055991
8260,2,19.3,25.97189773170183,6.671897731701829
8261,2,22.726106,26.443215077115987,3.7171090771159854
8262,2,30.212883,24.326822530921277,5.886060469078725
8263,4,20.169014,27.363222155991203,7.194208155991202
8264,4,22.67,27.861812011863528,5.191812011863526
8265,4,28.95,36.82543773926581,7.875437739265809
8266,4,24.057895,39.364921597966685,15.307026597966686
8267,4,27.200001,36.39133805753505,9.191337057535051
8268,1,23.422222,35.50152215503875,12.079300155038748
8269,1,22.8,29.41605401955632,6.616054019556319
8270,1,26.3,29.29318042547183,2.993180425471831
8271,1,22.017647,35.71688711549796,13.699240115497961
8272,1,26.425,21.471790458895104,4.953209541104897
8273,5,58.936363,29.731171232773306,29.205191767226694
8274,5,53.606667,33.9968333840278,19.6098336159722
8275,5,55.52,34.344171825571614,21.17582817442839
8276,5,53.533334,34.043941661635074,19.48939233836493
8277,5,53.79,32.94625837972282,20.84374162027718
8278,3,55.564706,36.19812531690204,19.366580683097958
8279,3,44.75,36.95495081280792,7.7950491871920775
8280,4,44.85,35.214126657400115,9.635873342599886
8281,4,42.508333,41.33587136175281,1.1724616382471922
8282,4,44.275,43.59829237465395,0.6767076253460473
8283,4,43.581818,42.34412037870193,1.237697621298068
8284,4,42.004762,43.942250109142655,1.937488109142656
8285,4,30.54,27.29978364817001,3.2402163518299893
8286,4,43.35,44.46992731870459,1.1199273187045904
8287,4,53.633334,46.1594680719859,7.473865928014099
8288,4,27.6,41.79107188437237,14.19107188437237
8289,4,54.8,28.584742835124878,26.21525716487512
8290,5,41.499999,32.08182901391767,9.418169986082333
8291,5,52.833333,33.65479185513524,19.178541144864766
8292,5,46.799999,37.3085716554743,9.491427344525697
8293,5,33.468182,31.048582110575936,2.419599889424063
8294,5,38.200001,38.2682330634599,0.06823206345990229
8295,5,47.164286,44.378389259521306,2.785896740478691
8296,5,46.233334,43.32755203425724,2.9057819657427615
8297,5,49.46,39.8574871971077,9.6025128028923
8298,5,46.74,43.08243220374797,3.6575677962520317
8299,5,52.400002,38.130398165970156,14.269603834029844
8300,5,51.299999,38.98326670136817,12.316732298631827
8301,5,44.977777,38.99858071714407,5.979196282855931
8302,2,40.361538,39.972929316818906,0.3886086831810971
8303,2,34.93125,37.016844317108635,2.0855943171086366
8304,2,48.725,34.5097844106753,14.2152155893247
8305,2,42.905882,40.811449341555246,2.0944326584447523
8306,2,48.40625,40.24984352816134,8.156406471838658
8307,2,50.700001,41.408649562788526,9.291351437211475
8308,2,52.383334,49.2508412358311,3.1324927641688944
8309,2,54.199999,46.2579838682848,7.942015131715195
8310,2,52.639999,42.44482944873972,10.195169551260285
8311,5,45.82,36.916777528832185,8.903222471167815
8312,5,53.4,33.68125751958458,19.718742480415422
8313,5,44.952941,34.011837212625366,10.941103787374637
8314,5,51.52353,36.573196266029974,14.950333733970027
8315,5,48.658333,36.83325488089928,11.825078119100716
8316,5,28.826667,36.49833765003834,7.671670650038337
8317,1,23.541177,29.746799157214248,6.205622157214247
8318,1,27.31875,29.8449042970852,2.526154297085199
8319,1,21.666667,27.59632712390633,5.929660123906331
8320,1,23.145,26.934405309857667,3.789405309857667
8321,1,25.294445,26.443307346158743,1.1488623461587437
8322,1,24.633333,25.874883854123336,1.2415508541233358
8323,1,33.982222,28.906282250849237,5.075939749150763
8324,1,37.549999,35.053524677686504,2.496474322313496
8325,1,33.396667,37.24186016585247,3.8451931658524714
8326,1,33.54,29.891794327076195,3.6482056729238046
8327,1,36.232,36.06352382559515,0.16847617440485152
8328,1,31.343333,36.93251044048544,5.589177440485436
8329,1,38.599998,30.56540997787758,8.03458802212242
8330,1,25.45,30.873417799774906,5.4234177997749065
8331,1,26.7,35.14672243299536,8.446722432995362
8332,1,30.672,30.696533167817414,0.024533167817413215
8333,1,24.186487,29.019107852624252,4.8326208526242524
8334,1,28.933333,25.145608250147713,3.7877247498522877
8335,1,32.329167,26.07099009975274,6.258176900247257
8336,1,26.353488,27.06428185516925,0.7107938551692499
8337,1,13.083333,26.716836404329957,13.633503404329957
8338,1,21.932,30.833362410581387,8.901362410581388
8339,1,27.9975,26.60586900389242,1.3916309961075797
8340,1,28.927344,35.41631073757084,6.488966737570838
8341,1,26.08,26.404470425628837,0.32447042562883865
8342,1,27.639216,26.16354376757404,1.4756722324259606
8343,1,23.096703,25.113417195989022,2.016714195989021
8344,4,15.106915,27.379815080625754,12.272900080625753
8345,4,42.650002,24.48683424017903,18.163167759820972
8346,4,34.4,41.36851961201235,6.968519612012351
8347,4,28.75,28.953044004687705,0.20304400468770467
8348,4,33.050001,32.47466805410056,0.5753329458994401
8349,4,41.810001,39.86022548871658,1.9497755112834199
8350,4,25.175,41.409933495938645,16.234933495938645
8351,5,24.864706,24.78329233809326,0.08141366190674049
8352,4,25.22,25.492784322401853,0.27278432240185424
8353,4,26.133333,25.668830276563966,0.46450272343603416
8354,1,24.945834,27.495400891609165,2.549566891609164
8355,1,27.766667,28.176111357282604,0.4094443572826023
8356,1,27.466667,27.480960205636855,0.014293205636853656
8357,1,25.368182,27.80836387484379,2.4401818748437876
8358,1,23.552631,26.956041717902874,3.4034107179028723
8359,1,28.466667,27.689403855118098,0.7772631448819034
8360,1,44.065333,26.455521566508164,17.60981143349184
8361,5,40.992265,29.962905229793147,11.029359770206856
8362,5,40.337413,26.163282912664812,14.174130087335186
8363,5,27.114286,30.750403055058477,3.6361170550584774
8364,5,26.366667,36.2293279331807,9.862660933180699
8365,5,28.54375,37.84128537353648,9.29753537353648
8366,5,27.705263,32.74629818835733,5.0410351883573306
8367,5,46.078947,35.08769765675982,10.991249343240177
8368,1,47.166667,38.721579055411226,8.44508794458877
8369,1,46.655555,44.73681023278459,1.9187447672154079
8370,1,48.666667,43.178616929584855,5.488050070415142
8371,1,44.326667,44.180544917086365,0.14612208291363515
8372,1,49.82,45.16177686118831,4.658223138811692
8373,1,49.9,42.96567820004567,6.934321799954326
8374,1,39.542105,47.43500447222262,7.892899472222624
8375,1,47.541177,31.98490993559281,15.556267064407187
8376,1,52.540909,36.0363725275779,16.504536472422096
8377,1,51.0,37.045669780363276,13.954330219636724
8378,1,43.394737,39.1091919471411,4.2855450528589
8379,1,41.25,31.483278567769105,9.766721432230895
8380,1,44.88,30.766902007746367,14.113097992253635
8381,1,60.770588,28.5005882816106,32.2699997183894
8382,1,54.133333,35.62706980513764,18.506263194862363
8383,2,45.331251,31.486248210929496,13.845002789070506
8384,2,51.34,35.35330028284709,15.986699717152916
8385,2,35.65,34.923502971592164,0.7264970284078345
8386,2,39.528571,28.250544801579252,11.278026198420747
8387,3,49.972727,37.07770317712907,12.895023822870932
8388,2,56.37647,38.23218899084996,18.144281009150035
8389,2,41.600001,37.48933126417997,4.110669735820032
8390,2,25.888889,38.577238725882616,12.688349725882617
8391,2,29.400001,40.75622766811276,11.356226668112757
8392,2,30.75,45.526991626254336,14.776991626254336
8393,2,27.3,39.04981284812838,11.749812848128382
8394,2,26.8,34.49320325292492,7.693203252924921
8395,2,27.981818,35.078292503366306,7.096474503366306
8396,2,21.358823,26.706896209212125,5.348073209212124
8397,2,21.73,29.260726538760103,7.530726538760103
8398,4,22.737037,42.320045631043854,19.583008631043853
8399,4,28.125,45.02486811576994,16.89986811576994
8400,4,25.481633,34.15383338617313,8.672200386173134
8401,3,22.842424,26.40366261834111,3.5612386183411076
8402,3,31.194737,24.903563084881952,6.291173915118048
8403,3,30.982609,22.390930403597842,8.591678596402158
8404,3,20.506977,25.202631535920823,4.6956545359208235
8405,5,24.780769,30.39629572170362,5.61552672170362
8406,5,30.507143,29.460873310063917,1.0462696899360822
8407,5,24.070588,29.738404691539955,5.667816691539954
8408,5,29.75,40.53005884765887,10.780058847658871
8409,5,27.890909,32.688531194949604,4.797622194949604
8410,5,29.433334,36.53594554745411,7.102611547454114
8411,5,18.453333,31.83547635848553,13.382143358485528
8412,5,23.128125,40.95806924733193,17.829944247331927
8413,5,19.361364,30.464132246921626,11.102768246921627
8414,5,25.185185,36.62271309390251,11.437528093902511
8415,5,15.696154,31.50367583902929,15.807521839029292
8416,5,26.5,35.197453799571456,8.697453799571456
8417,5,25.211111,38.2435810614536,13.032470061453598
8418,5,17.295238,30.858997527591363,13.563759527591362
8419,5,16.845385,29.135639558232786,12.290254558232785
8420,5,22.158974,33.68127104068411,11.522297040684109
8421,5,22.859375,32.86676350371923,10.007388503719227
8422,5,42.6,39.82979688199854,2.7702031180014615
8423,5,40.768085,32.43844287410946,8.329642125890537
8424,5,40.7,34.48494729966679,6.21505270033321
8425,5,42.733334,41.53281659158995,1.2005174084100503
8426,5,38.822222,34.6634687090519,4.158753290948098
8427,5,40.314286,35.214071156661774,5.100214843338229
8428,2,44.200001,49.23012533973024,5.030124339730243
8429,2,37.966667,33.266288600346485,4.700378399653516
8430,2,44.166665,40.739545848764855,3.4271191512351464
8431,2,46.225,40.78865014348114,5.436349856518859
8432,2,41.875,33.32179740813531,8.55320259186469
8433,2,44.15,45.89972716169215,1.7497271616921495
8434,2,43.0,36.682195044293465,6.317804955706535
8435,2,25.906897,34.6579770083902,8.751080008390197
8436,2,26.675,41.24918297408791,14.574182974087908
8437,2,24.616666,38.12969171788026,13.513025717880264
8438,2,28.427273,24.267301238142906,4.1599717618570935
8439,2,27.451429,32.60981489561988,5.158385895619876
8440,2,26.396,25.096248000036354,1.2997519999636467
8441,2,25.7125,25.500798039556862,0.21170196044313627
8442,2,26.858333,35.66193380346078,8.803600803460778
8443,2,27.783333,34.376330257563204,6.592997257563205
8444,2,25.39,24.48132301801569,0.9086769819843106
8445,2,22.99697,20.71910508199261,2.277864918007392
8446,1,44.991667,37.799580268564746,7.1920867314352535
8447,1,46.525,41.50323325810019,5.02176674189981
8448,1,45.099998,40.68094056573423,4.419057434265767
8449,5,40.431579,37.59011081598393,2.8414681840160725
8450,5,39.355556,40.24399374877546,0.8884377487754591
8451,5,39.49375,35.95992395315133,3.5338260468486666
8452,5,24.296154,30.45797822909708,6.161824229097078
8453,5,25.982,30.626892907998354,4.644892907998354
8454,5,25.295783,27.107857098860826,1.8120740988608262
8455,5,22.524615,27.78971945345215,5.26510445345215
8456,5,38.607692,37.598487338431795,1.009204661568205
8457,5,62.200001,34.92973293735395,27.270268062646053
8458,5,36.769231,37.34744299920439,0.5782119992043917
8459,5,32.057143,37.94354446195629,5.886401461956289
8460,5,59.200001,37.29278715309329,21.907213846906707
8461,5,53.422223,37.32150120417801,16.10072179582199
8462,1,61.6,40.804409214028695,20.795590785971307
8463,1,61.85,37.7614299385565,24.088570061443498
8464,1,53.950001,36.1419628059878,17.808038194012198
8465,4,34.411111,33.056203178404786,1.3549078215952122
8466,4,52.150001,38.212629707061865,13.937371292938138
8467,4,36.900002,38.10884029078651,1.2088382907865096
8468,4,36.200001,40.28497930150275,4.084978301502751
8469,4,35.700001,31.49391270729296,4.20608829270704
8470,4,21.848387,29.140093777180624,7.291706777180625
8471,4,23.066667,34.49514083074928,11.42847383074928
8472,4,28.311111,29.980272566751616,1.6691615667516153
8473,1,31.816129,24.95414434011915,6.86198465988085
8474,1,29.028261,26.724770342709107,2.3034906572908938
8475,1,32.585714,24.578277347741945,8.007436652258058
8476,1,12.330945,28.80101498391941,16.47006998391941
8477,1,10.525,21.35036223905501,10.825362239055009
8478,1,14.907317,28.302888242212354,13.395571242212354
8479,3,18.599999,24.29965747631948,5.699658476319481
8480,3,17.496587,19.50095572892093,2.0043687289209267
8481,3,14.686945,21.966771640932848,7.279826640932848
8482,3,15.965789,19.572969409382885,3.6071804093828863
8483,3,11.879842,21.598511177948854,9.718669177948854
8484,4,12.010909,34.951212596635784,22.940303596635786
8485,4,15.267241,35.17925771687436,19.912016716874362
8486,4,14.589655,34.073011968255756,19.483356968255755
8487,4,14.459375,39.32350314434822,24.86412814434822
8488,4,25.430769,38.91211524274287,13.48134624274287
8489,4,33.65,31.707056753781846,1.942943246218153
8490,4,30.015,40.86749890502952,10.85249890502952
8491,4,40.255555,27.825991702358014,12.429563297641987
8492,4,31.427273,25.266469242036997,6.160803757963002
8493,4,28.259091,36.213831213872965,7.954740213872963
8494,3,32.25,33.04208285671302,0.7920828567130229
8495,3,27.9,41.04383604317199,13.143836043171994
8496,3,28.3,29.47851098945604,1.17851098945604
8497,3,34.6625,38.95840017575365,4.295900175753651
8498,3,42.727273,37.86622190245426,4.86105109754574
8499,3,45.81,38.96069651424439,6.8493034857556125
8500,3,60.400001,41.69712969455739,18.702871305442613
8501,3,57.133333,41.373848217720685,15.759484782279316
8502,3,61.550001,41.431352712332455,20.118648287667547
8503,3,56.366667,41.32800797489847,15.03865902510153
8504,3,58.52,26.9947297399825,31.525270260017503
8505,3,26.331579,38.773735208967615,12.442156208967614
8506,5,29.9,39.9541462383289,10.054146238328904
8507,5,57.4375,30.11914600939403,27.31835399060597
8508,5,25.384848,42.137083856740986,16.752235856740985
8509,5,50.400001,35.84331905597441,14.556681944025591
8510,5,34.207693,39.33034792896136,5.12265492896136
8511,5,44.89,30.497368630673776,14.392631369326224
8512,5,35.858824,43.15450123045378,7.295677230453784
8513,4,50.2,41.78678004896524,8.413219951034762
8514,4,49.148,35.28162408166037,13.866375918339635
8515,4,48.52381,36.26616613246781,12.257643867532188
8516,3,41.79375,33.79338070654242,8.000369293457581
8517,3,41.450001,39.168309978420844,2.2816910215791566
8518,3,42.614286,33.7842496293911,8.830036370608902
8519,3,39.335294,37.639773084004815,1.695520915995182
8520,3,46.6,38.27311770739381,8.326882292606193
8521,3,43.950001,23.364959165266054,20.585041834733946
8522,3,25.326667,24.52499343500814,0.8016735649918587
8523,3,26.758823,25.796333601439876,0.9624893985601233
8524,3,25.276923,25.50501606654258,0.22809306654258066
8525,3,25.32,25.194069154412603,0.12593084558739776
8526,3,27.2,24.88585288091093,2.3141471190890677
8527,3,24.183333,26.88136355751672,2.69803055751672
8528,5,24.355556,33.8320240345084,9.4764680345084
8529,3,28.813334,38.49059205857482,9.677258058574818
8530,3,41.892308,36.65792614355001,5.234381856449993
8531,3,33.815,39.35925758090127,5.544257580901274
8532,3,47.788235,40.71955604826809,7.068678951731911
8533,3,40.941667,39.76383895631391,1.177828043686091
8534,3,44.6,40.0522328521156,4.5477671478844
8535,2,47.436364,39.34452941044498,8.09183458955502
8536,2,46.45,39.17523640086699,7.27476359913301
8537,2,39.8,34.74052294153673,5.059477058463266
8538,2,44.8375,37.352911038513106,7.484588961486892
8539,2,55.03,37.930476516045886,17.099523483954115
8540,2,54.75,34.466035341721955,20.283964658278045
8541,2,50.4,40.15924783601878,10.24075216398122
8542,2,56.733334,35.84573707845313,20.887596921546866
8543,2,55.57,37.12949158724356,18.440508412756444
8544,2,55.866667,37.862173328295334,18.004493671704665
8545,2,57.25,38.58221323134777,18.667786768652228
8546,2,30.838461,36.52336947682355,5.684908476823548
8547,2,32.942857,30.209067205780237,2.73378979421976
8548,2,30.09,28.249402869503815,1.8405971304961852
8549,3,35.694737,32.7620037986201,2.9327332013799037
8550,3,36.822222,31.815886535333927,5.006335464666069
8551,3,30.834615,38.46067274934805,7.62605774934805
8552,3,28.3,29.090001765399222,0.7900017653992215
8553,3,27.404546,26.356486660580217,1.0480593394197832
8554,3,29.55,27.83742792518905,1.71257207481095
8555,3,26.335294,27.560329529777874,1.2250355297778732
8556,3,29.36875,30.110460114572,0.7417101145720011
8557,3,31.107143,26.739516712639734,4.367626287360267
8558,2,28.12,33.87578701215345,5.755787012153451
8559,2,35.355,36.260887769460524,0.9058877694605272
8560,2,36.64,21.857421143999286,14.782578856000715
8561,2,27.080952,32.03711423984543,4.95616223984543
8562,2,38.703846,29.334931818112384,9.368914181887614
8563,5,40.8625,44.93717581375157,4.0746758137515755
8564,5,44.861538,44.43856924205568,0.4229687579443251
8565,5,41.43,35.897482164490235,5.532517835509765
8566,5,31.373684,46.64334447679546,15.269660476795462
8567,5,45.186666,33.86276960699781,11.323896393002194
8568,5,31.3375,39.26628238699727,7.92878238699727
8569,5,42.082353,29.629136598419816,12.453216401580182
8570,5,12.231034,32.86551564061405,20.634481640614048
8571,3,13.886697,26.334416276311202,12.447719276311203
8572,3,16.390345,29.310024036351894,12.919679036351894
8573,3,17.848214,37.001993423388726,19.153779423388727
8574,3,20.933334,27.78061304552778,6.847279045527781
8575,3,18.181395,38.47239626797514,20.291001267975144
8576,3,68.933332,39.83312416100891,29.100207838991082
8577,3,57.450001,38.177291484122705,19.272709515877295
8578,4,59.085714,44.436283288762695,14.649430711237308
8579,4,55.411111,45.28188433759717,10.129226662402829
8580,3,55.883333,42.0135776266586,13.869755373341398
8581,3,65.171428,39.888472850628325,25.28295514937168
8582,3,56.712501,43.574219940244376,13.138281059755627
8583,3,61.360001,43.11281784010113,18.247183159898867
8584,3,56.662499,46.48551442038057,10.176984579619429
8585,3,64.525001,45.265856181477474,19.25914481852253
8586,3,59.299999,41.835047354822166,17.464951645177834
8587,4,66.099998,37.4609952464062,28.6390027535938
8588,4,57.44,36.92957725178652,20.51042274821348
8589,3,62.124999,37.68294248524303,24.44205651475697
8590,3,56.154545,37.852632524569685,18.301912475430314
8591,3,56.563636,40.05180262590672,16.511833374093285
8592,3,57.466667,32.04736597467766,25.41930102532234
8593,3,48.078948,33.940989897971804,14.137958102028193
8594,3,56.975,35.604265605546374,21.370734394453628
8595,3,60.922223,37.06673949636024,23.85548350363976
8596,3,60.258333,34.7526044461943,25.505728553805703
8597,3,57.805,40.077729079188714,17.727270920811286
8598,3,51.094118,31.256785340342567,19.837332659657434
8599,3,60.147369,42.16739882819212,17.979970171807878
8600,3,51.57647,35.63770486890802,15.938765131091984
8601,3,56.471428,39.27320553121892,17.198222468781083
8602,3,55.383333,42.19057453891224,13.192758461087763
8603,5,55.622222,39.514957441004775,16.107264558995226
8604,5,52.7,37.70705425564515,14.992945744354856
8605,5,51.444445,36.274594856492996,15.169850143507006
8606,5,29.855,30.16907840713651,0.3140784071365097
8607,5,22.290909,31.80663198404889,9.515722984048892
8608,5,36.72,32.71256976326973,4.007430236730272
8609,5,24.138095,26.383192126896827,2.2450971268968267
8610,5,34.604348,29.60435483997918,4.999993160020821
8611,2,28.168421,28.176905223201544,0.008484223201545404
8612,2,23.477778,30.81441619751928,7.336638197519278
8613,2,23.672414,25.708766687317592,2.036352687317592
8614,2,24.513637,26.240095303711804,1.726458303711805
8615,2,25.25,27.140120899287187,1.8901208992871865
8616,2,29.95,39.42599124589714,9.475991245897138
8617,4,22.858334,31.085239025415014,8.226905025415014
8618,4,24.525,29.64961428151576,5.124614281515761
8619,4,27.272727,33.87312903363416,6.600402033634158
8620,4,24.914286,28.668175643206112,3.7538896432061115
8621,4,32.171428,37.629217060831124,5.457789060831125
8622,4,31.415789,34.370317923082595,2.954528923082595
8623,4,32.250001,36.864158865947275,4.614157865947277
8624,4,35.755555,42.437161420734455,6.681606420734454
8625,4,39.211765,37.208082777002986,2.003682222997014
8626,4,36.91,35.90022306218168,1.009776937818316
8627,4,28.7,36.412241145695575,7.712241145695575
8628,4,34.018182,37.68913507973613,3.6709530797361296
8629,4,31.115,39.14440098806625,8.029400988066254
8630,4,35.914286,38.740225953695685,2.8259399536956877
8631,4,34.200001,36.53517265044564,2.3351716504456377
8632,4,37.483333,42.206669971829484,4.723336971829482
8633,4,33.125,24.86281852997267,8.262181470027329
8634,4,35.347619,28.45375214361576,6.893866856384243
8635,4,40.184615,41.276318464076866,1.0917034640768648
8636,5,39.945455,29.68771332261374,10.257741677386264
8637,5,35.376923,36.80699336087469,1.4300703608746943
8638,5,36.658333,37.23552190462859,0.5771889046285921
8639,5,40.269231,27.423491536116238,12.84573946388376
8640,5,40.981818,29.742958938565536,11.23885906143446
8641,5,27.828572,30.842056393074763,3.013484393074762
8642,5,30.188571,26.79790004884342,3.3906709511565793
8643,1,26.195238,23.447503802953484,2.7477341970465154
8644,1,27.668182,28.936340060907604,1.2681580609076022
8645,1,26.433333,25.251521926925335,1.181811073074666
8646,1,28.325,24.953691202305777,3.3713087976942226
8647,1,29.094737,24.66663789337645,4.428099106623549
8648,2,23.9475,22.377033213151876,1.570466786848126
8649,2,31.686364,26.274890334129296,5.411473665870705
8650,2,30.965,26.530402802289835,4.434597197710165
8651,2,30.92,26.12441235374068,4.795587646259321
8652,2,25.85,23.53633751466985,2.313662485330152
8653,2,27.895833,25.27129563931692,2.624537360683078
8654,2,20.306024,24.246369248975846,3.940345248975845
8655,2,23.754546,22.435134102060836,1.3194118979391654
8656,2,19.901818,26.707311796325683,6.805493796325685
8657,2,22.851852,26.30269184159881,3.4508398415988104
8658,2,23.769231,33.67667352078597,9.907442520785967
8659,2,21.311458,22.746402211115594,1.434944211115596
8660,2,23.69375,27.484966270316473,3.791216270316472
8661,2,18.405263,25.167149668619786,6.761886668619784
8662,2,41.957143,34.12209619863921,7.8350468013607895
8663,4,42.794737,35.24373682888756,7.551000171112435
8664,4,45.5,37.10754841846675,8.392451581533251
8665,4,43.2,34.27848953633483,8.921510463665172
8666,4,43.53,34.0806018110418,9.449398188958199
8667,4,25.332433,26.2726770154196,0.9402440154195979
8668,4,45.200001,32.96389034199188,12.236110658008123
8669,4,42.042857,35.49619237332345,6.546664626676545
8670,4,38.7,34.420320305310995,4.279679694689008
8671,4,35.015385,28.1646688898229,6.850716110177103
8672,4,14.450617,27.403560011891173,12.952943011891174
8673,4,24.113333,24.743290800327586,0.6299578003275847
8674,4,38.65102,24.413486244417516,14.237533755582486
8675,5,31.206522,25.9254593353269,5.281062664673101
8676,5,29.618033,25.15886858530597,4.45916441469403
8677,5,30.864286,25.794857545093883,5.069428454906117
8678,5,26.23945,26.37076995322122,0.1313199532212188
8679,5,30.920879,26.502107580126616,4.418771419873384
8680,5,28.306897,24.968030511900132,3.3388664880998675
8681,5,38.728572,38.51783784858426,0.2107341514157426
8682,5,32.8,26.520632764734025,6.279367235265973
8683,5,26.999138,26.253133082156072,0.7460049178439263
8684,3,38.844445,40.39609212881771,1.551647128817713
8685,3,41.28,40.59461636628923,0.6853836337107708
8686,3,40.2,39.61528949078098,0.5847105092190219
8687,3,38.133333,34.63182302446272,3.5015099755372816
8688,3,39.8875,38.119734621918695,1.7677653780813074
8689,3,36.015384,37.68594788735955,1.670563887359556
8690,3,34.915385,30.75464915652342,4.16073584347658
8691,3,40.030769,32.59973570772928,7.431033292270719
8692,3,35.863636,39.61851927737341,3.754883277373409
8693,3,36.575001,27.924186501441852,8.650814498558148
8694,3,36.530952,41.09086311417225,4.559911114172252
8695,3,29.232258,31.944054214555045,2.7117962145550436
8696,3,48.39,39.172544152055764,9.217455847944237
8697,2,25.168182,28.15964423218501,2.9914622321850075
8698,2,25.93,28.357176338900402,2.427176338900402
8699,2,36.818182,47.212052871358594,10.393870871358594
8700,2,37.431251,30.355745393500204,7.075505606499799
8701,2,48.358334,39.93977163039312,8.418562369606882
8702,2,28.788,39.40024368695495,10.612243686954951
8703,2,33.544827,36.1996670715453,2.6548400715453013
8704,2,28.623529,28.72328940541715,0.09976040541715037
8705,3,33.152632,33.354148435059265,0.20151643505926842
8706,3,25.983333,24.216896861460004,1.7664361385399943
8707,3,32.907143,29.732986802644287,3.1741561973557104
8708,3,26.613333,25.05500365328632,1.5583293467136805
8709,3,30.473334,28.228845432996927,2.2444885670030743
8710,5,31.142106,25.54583580985357,5.596270190146427
8711,4,29.741667,32.2205884140526,2.4789214140526
8712,4,34.678571,40.02551252206321,5.3469415220632115
8713,4,30.159091,37.83728566619257,7.678194666192571
8714,4,41.141667,44.9843035810985,3.8426365810985033
8715,1,45.075,32.402385504399426,12.672614495600577
8716,1,33.916667,42.5761776023399,8.6595106023399
8717,5,42.016666,40.01031583144207,2.0063501685579297
8718,5,43.983333,40.85093401641748,3.132398983582519
8719,5,32.738462,37.9312660217727,5.192804021772702
8720,5,29.578947,39.88254647544504,10.30359947544504
8721,5,23.502703,42.80216460662608,19.29946160662608
8722,5,30.12,39.55926051829754,9.43926051829754
8723,5,25.72963,38.773632136688,13.044002136688
8724,5,30.085714,29.753686053989227,0.332027946010772
8725,5,37.91875,36.5356433933816,1.383106606618405
8726,5,31.678788,34.68698200980139,3.0081940098013895
8727,5,41.150001,34.17828163678776,6.9717193632122445
8728,5,36.400002,34.479701878379636,1.9203001216203646
8729,5,32.845833,27.337826093276455,5.508006906723544
8730,5,35.457895,29.55888462316136,5.899010376838639
8731,5,29.40625,24.37865213544037,5.027597864559631
8732,5,30.307143,28.538596214891385,1.7685467851086152
8733,5,29.725,25.052282221726323,4.672717778273679
8734,5,38.618182,36.44534724492868,2.172834755071314
8735,5,35.40625,33.412481900250825,1.9937680997491753
8736,5,31.272727,27.415424566518077,3.857302433481923
8737,4,35.288,37.335778695291765,2.0477786952917683
8738,4,31.55625,27.7259277501351,3.830322249864899
8739,4,32.211111,30.03922235065056,2.171888649349441
8740,4,24.985507,29.727240525611652,4.741733525611654
8741,4,29.35,39.08660152644328,9.73660152644328
8742,4,28.178572,34.11583741343799,5.937265413437988
8743,4,31.252632,29.910117177835872,1.3425148221641265
8744,4,25.192157,30.588330206415993,5.396173206415991
8745,4,30.591667,31.756374159903597,1.164707159903596
8746,2,31.428572,33.274100823441906,1.8455288234419065
8747,2,28.038961,34.94284543337088,6.903884433370877
8748,2,31.117647,30.567048303389434,0.5505986966105674
8749,2,34.283333,39.02491299898455,4.741579998984548
8750,2,28.4,29.550996074156743,1.150996074156744
8751,2,28.365,30.89993266113421,2.53493266113421
8752,2,26.228571,29.659166188619313,3.4305951886193142
8753,2,27.453125,30.761979546337713,3.308854546337713
8754,2,26.891666,31.369776820279057,4.478110820279056
8755,2,26.88,29.462169237900525,2.5821692379005263
8756,3,28.508334,27.159159166868022,1.349174833131979
8757,3,29.792857,33.689369266851294,3.8965122668512926
8758,3,1.501418,25.891822599725035,24.390404599725034
8759,3,1.531304,27.11600944555606,25.58470544555606
8760,3,3.537281,26.853344317363195,23.316063317363195
8761,3,1.337584,26.62885610242276,25.29127210242276
8762,4,1.17193,25.169071002647108,23.99714100264711
8763,4,2.53657,23.41552739301777,20.878957393017767
8764,4,20.6,37.988787148642444,17.388787148642443
8765,4,21.533333,31.682466008811357,10.149133008811358
8766,5,22.3,39.65432152248084,17.35432152248084
8767,5,20.62,37.83169392659979,17.21169392659979
8768,5,21.7125,34.20727747375608,12.49477747375608
8769,5,22.014286,27.851145011858307,5.836859011858309
8770,5,22.878947,27.306395528218246,4.427448528218246
8771,5,19.638462,30.641703464901887,11.003241464901887
8772,5,23.876,31.311448383400837,7.435448383400836
8773,5,43.893333,30.464874564713888,13.42845843528611
8774,5,44.22,44.270014595860225,0.05001459586022605
8775,5,33.65,34.966735727210136,1.316735727210137
8776,5,31.481081,29.9867019084609,1.4943790915390984
8777,5,44.453334,40.920432929545655,3.5329010704543435
8778,5,38.5,43.68973747620448,5.189737476204478
8779,5,37.910714,43.092118873219924,5.181404873219925
8780,5,38.1,42.727118631774026,4.6271186317740245
8781,5,39.366666,41.569012897209646,2.202346897209644
8782,5,27.204762,29.757296744623694,2.5525347446236957
8783,5,28.207143,29.33433219367697,1.1271891936769727
8784,5,26.622222,46.27894807858503,19.65672607858503
8785,3,27.055555,34.30158128056449,7.246026280564493
8786,3,28.483333,40.364432263041124,11.881099263041126
8787,3,56.200001,38.44285429971555,17.75714670028445
8788,3,57.061538,39.87626895368627,17.185269046313728
8789,3,46.73,41.65153897786223,5.078461022137766
8790,3,53.541667,40.47885665618703,13.06281034381297
8791,3,50.908333,35.940142025070045,14.968190974929954
8792,3,43.861539,36.13279586709576,7.728743132904242
8793,3,60.657143,38.91664194971287,21.74050105028713
8794,3,52.338461,40.677745306383684,11.660715693616318
8795,3,55.061538,41.67844339310368,13.383094606896321
8796,3,40.782353,37.74829004233195,3.0340629576680485
8797,4,50.477778,33.29696627909301,17.180811720906988
8798,4,43.075,27.70784189235242,15.367158107647583
8799,4,60.642858,32.5463623126377,28.0964956873623
8800,4,50.6,33.54923452378064,17.05076547621936
8801,4,58.0,30.30774777387378,27.69225222612622
8802,4,61.84,36.74779874370445,25.092201256295553
8803,3,58.966667,39.066933919581714,19.899733080418287
8804,3,60.457142,35.17419770794497,25.282944292055028
8805,3,59.169231,37.02159188591149,22.147639114088513
8806,3,24.0,35.05783060211604,11.057830602116042
8807,3,21.851724,26.113184219499345,4.2614602194993445
8808,3,26.175,32.19401719235223,6.019017192352226
8809,1,25.0,31.601943738438806,6.6019437384388056
8810,1,23.62,38.48035314332099,14.860353143320989
8811,1,24.6375,30.40524395553901,5.767743955539011
8812,1,24.2125,33.291146856850666,9.078646856850668
8813,1,24.0,37.729090887639636,13.729090887639636
8814,1,18.0,37.733801052740525,19.733801052740525
8815,1,25.9625,37.81275228730414,11.850252287304144
8816,1,22.6,38.141857720247,15.541857720247002
8817,1,22.791667,33.615784383974315,10.824117383974315
8818,5,24.854545,46.11422177788176,21.259676777881758
8819,5,29.5,42.012069887773784,12.512069887773784
8820,5,23.08421,30.085692189506624,7.001482189506625
8821,5,22.62,27.736348274528126,5.116348274528125
8822,5,23.8,34.22255114763078,10.42255114763078
8823,5,24.1,31.305935908780327,7.205935908780326
8824,5,23.641667,32.07264131309298,8.430974313092978
8825,5,32.049999,42.52576820026706,10.47576920026706
8826,5,31.33125,34.421317598009864,3.0900675980098633
8827,3,25.257143,22.983683099590316,2.2734599004096836
8828,3,26.175,26.533984018590626,0.35898401859062545
8829,3,26.3,29.64231643312495,3.3423164331249495
8830,3,20.616364,22.945190378182488,2.3288263781824874
8831,3,20.090909,23.041167859523277,2.9502588595232773
8832,2,18.265,26.641297405442764,8.376297405442763
8833,2,25.068421,38.337921164275784,13.269500164275783
8834,2,25.589474,34.53328585113558,8.943811851135582
8835,2,17.168421,25.406864094027696,8.238443094027698
8836,2,25.700001,36.53759695074744,10.837595950747442
8837,2,25.15,40.96887900854538,15.81887900854538
8838,2,21.388889,28.89040191023805,7.501512910238052
8839,2,24.733334,30.656890744116488,5.923556744116489
8840,2,27.873529,29.312637849786903,1.4391088497869013
8841,2,26.233334,38.968120530907946,12.734786530907947
8842,2,24.924138,41.7090991186658,16.784961118665798
8843,2,29.829412,28.869382957607137,0.9600290423928648
8844,2,19.968085,27.08653010179991,7.11844510179991
8845,1,24.844827,26.217236036175038,1.3724090361750392
8846,1,26.47561,25.784517005674246,0.6910929943257536
8847,1,26.975556,24.901137466895783,2.074418533104218
8848,1,26.988889,24.659158289958178,2.3297307100418223
8849,1,21.983333,25.47248756834493,3.489154568344933
8850,1,20.171905,24.13885339569866,3.9669483956986618
8851,3,26.478572,23.18261877220461,3.2959532277953905
8852,3,15.993333,23.658201899990026,7.664868899990026
8853,3,16.803333,33.515861706616725,16.712528706616727
8854,3,36.62,29.84438242742156,6.775617572578437
8855,3,31.828572,31.677022112364646,0.1515498876353547
8856,3,29.557143,33.85442188519313,4.297278885193133
8857,3,33.415,21.21172833339716,12.203271666602838
8858,3,25.665384,22.857427686136376,2.807956313863624
8859,3,24.72,29.666100924329083,4.946100924329084
8860,4,17.970588,26.89138913663927,8.92080113663927
8861,4,26.303125,29.152278374564418,2.849153374564416
8862,4,26.063158,34.01754497549665,7.9543869754966465
8863,4,30.74,33.06700480439172,2.3270048043917235
8864,4,31.0,35.07901864587353,4.079018645873532
8865,4,25.720833,31.606381770546886,5.885548770546887
8866,4,29.016667,31.89984534553431,2.883178345534308
8867,4,24.09,22.150780231565477,1.9392197684345227
8868,4,26.2,21.43855798259567,4.761442017404331
8869,4,28.7,33.61628561317633,4.916285613176331
8870,4,45.15,34.406101925946444,10.743898074053554
8871,2,45.866667,39.38734909044547,6.479317909554531
8872,2,45.6,41.40539376074992,4.194606239250085
8873,2,41.008333,35.10908634205816,5.899246657941838
8874,2,46.400002,36.44064174778147,9.95936025221853
8875,4,45.6,43.29589432668712,2.3041056733128826
8876,4,43.185714,38.874528801976965,4.311185198023033
8877,4,55.4,38.98384275535659,16.416157244643408
8878,4,50.454545,45.97783815949013,4.47670684050987
8879,4,57.799999,29.770025061041466,28.029973938958534
8880,4,59.566667,41.70886721614204,17.857799783857963
8881,4,59.75,40.570353513174595,19.179646486825405
8882,4,48.7,40.456917166531404,8.243082833468598
8883,4,55.699999,40.98412345142915,14.71587554857085
8884,4,58.785714,39.96641699746338,18.819297002536622
8885,4,58.099998,43.112905802750134,14.987092197249865
8886,4,55.575,36.30865688260136,19.26634311739864
8887,4,27.24,39.66944720545091,12.42944720545091
8888,4,26.123077,30.162162266577454,4.039085266577455
8889,4,26.375472,37.43048550362944,11.055013503629443
8890,4,27.482353,34.83556006299311,7.3532070629931106
8891,2,35.133333,38.163153164755656,3.0298201647556553
8892,2,34.588889,43.101558147824555,8.512669147824553
8893,2,35.816666,38.10254097066492,2.2858749706649206
8894,2,38.599998,46.92344095964356,8.323442959643558
8895,2,35.080769,45.32020478141607,10.23943578141607
8896,1,37.35,38.02651183095568,0.6765118309556755
8897,1,36.1,38.316630266720395,2.2166302667203936
8898,1,39.26,38.185277114256856,1.0747228857431423
8899,1,37.466667,40.643474880619735,3.1768078806197337
8900,1,30.338462,32.062754320288434,1.7242923202884342
8901,1,25.82381,28.33314981379688,2.5093398137968776
8902,1,38.0,37.34217716864042,0.6578228313595815
8903,1,33.378125,37.8862183052148,4.5080933052148
8904,1,37.18,36.76762365043369,0.4123763495663084
8905,1,35.430769,36.13698599110474,0.7062169911047391
8906,1,20.580645,24.430416191979994,3.8497711919799933
8907,1,34.714286,30.465274257266685,4.249011742733316
8908,1,33.259259,32.1114532971791,1.1478057028209037
8909,1,25.95,27.06449462910733,1.1144946291073303
8910,1,31.207693,31.5757525737583,0.3680595737583019
8911,1,35.54375,27.06380523972793,8.479944760272073
8912,1,26.184211,23.568465945010253,2.6157450549897483
8913,1,36.64,33.27495388783537,3.3650461121646273
8914,1,29.473077,27.76971284988719,1.7033641501128116
8915,2,34.633333,39.99334848673951,5.360015486739506
8916,2,26.9,34.95464605232757,8.05464605232757
8917,2,23.651282,29.351688014110913,5.700406014110914
8918,2,28.435714,29.02408681943504,0.5883728194350404
8919,2,25.178261,28.345812780996127,3.1675517809961278
8920,2,24.4,28.234791557020444,3.834791557020445
8921,2,29.094117,30.620392664151687,1.5262756641516866
8922,2,36.457143,31.94918695389819,4.50795604610181
8923,2,36.3375,32.117559845423685,4.219940154576314
8924,2,21.7,32.45585450651793,10.755854506517931
8925,2,23.9,32.289583129887866,8.389583129887868
8926,2,54.449999,30.76988575788822,23.68011324211178
8927,2,49.328571,31.701958240756028,17.62661275924397
8928,2,50.840001,33.020934471819466,17.819066528180535
8929,2,52.964706,35.61792629096508,17.34677970903492
8930,2,50.318182,32.92773981077149,17.39044218922851
8931,2,52.449999,34.96679268101227,17.483206318987726
8932,2,49.5875,31.709200015215785,17.878299984784213
8933,3,51.20625,28.965478730993013,22.240771269006984
8934,2,53.3,34.48373579947286,18.816264200527137
8935,2,49.466667,29.415178017805843,20.051488982194158
8936,2,27.1,34.84027516761322,7.74027516761322
8937,3,28.052174,28.37992282227533,0.3277488222753284
8938,3,38.099998,40.777513444389484,2.677515444389485
8939,3,43.099998,41.18066044150832,1.9193375584916765
8940,3,41.199999,40.74464035928297,0.45535864071703
8941,3,43.400002,39.99391665746865,3.406085342531348
8942,3,21.615789,27.993851892682905,6.378062892682905
8943,3,38.033333,40.22912170494787,2.195788704947873
8944,3,31.775,31.94922277885792,0.1742227788579207
8945,3,35.885,39.15007981224721,3.2650798122472153
8946,3,41.715385,34.486407222837514,7.228977777162484
8947,3,48.758334,36.69000416627324,12.068329833726757
8948,3,42.257895,37.96243627319579,4.295458726804206
8949,3,48.43125,38.3008794923131,10.130370507686898
8950,3,50.853334,36.58357206866536,14.269761931334635
8951,3,49.481818,37.54523226161933,11.936585738380664
8952,3,51.911111,34.90828984732428,17.002821152675715
8953,4,46.821428,39.8957138615183,6.925714138481695
8954,4,47.410526,40.296941829797696,7.1135841702023015
8955,4,48.950001,39.737874955929385,9.212126044070615
8956,4,31.956,31.939935051016505,0.01606494898349453
8957,4,33.542857,40.656663951437665,7.113806951437667
8958,4,31.523077,33.724289889903545,2.2012128899035446
8959,4,32.66,39.24076484435447,6.580764844354476
8960,3,41.533333,40.927821110925436,0.6055118890745632
8961,4,54.422223,43.99910930047565,10.42311369952435
8962,3,55.12,41.09046308342966,14.029536916570336
8963,4,50.266667,39.96467791272492,10.301989087275075
8964,4,40.382353,38.41406026781357,1.968292732186434
8965,4,53.025,39.32340042525071,13.701599574749288
8966,4,52.666667,39.79272295894174,12.873944041058259
8967,4,43.92,39.970681557696466,3.949318442303536
8968,4,43.566667,41.876377979501605,1.6902890204983976
8969,4,38.892308,36.433387160946836,2.458920839053164
8970,3,42.766666,33.24897263224076,9.517693367759243
8971,3,39.735714,31.51514976587435,8.22056423412565
8972,3,41.75,34.94227749096257,6.807722509037433
8973,3,43.099998,34.2702933302368,8.829704669763203
8974,3,65.807142,26.684413164528166,39.12272883547183
8975,3,69.434999,25.265382697297035,44.16961630270297
8976,3,32.022222,27.53579276946228,4.48642923053772
8977,3,26.535,26.338833678195464,0.19616632180453664
8978,3,23.947059,27.371739766886336,3.424680766886336
8979,3,24.55,31.24909659450747,6.69909659450747
8980,3,24.516666,31.391787128752856,6.8751211287528555
8981,3,28.24375,27.761413800159453,0.482336199840546
8982,3,23.978261,27.703939637014884,3.7256786370148838
8983,3,26.641379,29.366774040517882,2.7253950405178813
8984,2,24.452,24.844468642704154,0.39246864270415216
8985,5,30.976923,35.91819799594126,4.941274995941264
8986,5,24.621429,29.809712430756612,5.188283430756613
8987,5,25.424,30.577924656822766,5.153924656822767
8988,5,24.818919,31.25709129007135,6.43817229007135
8989,5,23.953334,32.27133729008233,8.318003290082327
8990,5,46.777778,34.388680933892275,12.389097066107723
8991,5,47.42,34.074061728458275,13.345938271541726
8992,5,47.823809,33.09036080817397,14.733448191826028
8993,5,48.771429,34.5926660276177,14.178762972382295
8994,2,25.790909,25.769089106016338,0.02181989398366113
8995,2,25.284211,27.489187127678647,2.2049761276786484
8996,2,23.31,20.0623726948013,3.247627305198698
8997,2,29.3,30.805267300788408,1.5052673007884074
8998,2,26.722222,26.712130146242764,0.010091853757234759
8999,2,25.735294,25.944839634926808,0.20954563492680833
9000,2,30.47,26.16761035754122,4.3023896424587775
9001,2,35.282608,36.991929061147175,1.7093210611471719
9002,2,38.416667,35.82414782224831,2.59251917775169
9003,2,37.966666,34.570690396786866,3.395975603213131
9004,3,35.675,34.27098955605349,1.404010443946504
9005,3,31.903448,27.796817010878538,4.106630989121463
9006,3,36.945454,35.96322067685736,0.982233323142637
9007,3,54.06,35.795956809776186,18.264043190223816
9008,2,54.6375,34.03575077543476,20.601749224565246
9009,2,59.85,36.9362097080154,22.913790291984604
9010,2,59.474999,35.723758623741745,23.751240376258252
9011,2,59.814286,36.274094764345804,23.5401912356542
9012,2,59.4375,33.14310791683858,26.29439208316142
9013,2,61.783333,29.884075794750313,31.899257205249686
9014,2,56.56875,32.904856872546254,23.663893127453747
9015,2,32.676923,29.409568901293603,3.2673540987063987
9016,4,33.07,42.046433894631924,8.976433894631924
9017,4,14.826144,26.153170258921534,11.327026258921535
9018,4,27.079754,28.39402464027199,1.3142706402719888
9019,4,25.626667,29.212760097032287,3.586093097032286
9020,4,25.25,36.014801442153,10.764801442153
9021,4,21.927273,36.932870137107514,15.005597137107515
9022,4,26.0,29.516163244659403,3.5161632446594027
9023,4,23.9,39.239584992527654,15.339584992527655
9024,1,32.476471,38.08831446552516,5.611843465525162
9025,1,47.578572,34.993867514320144,12.584704485679858
9026,1,26.875,39.29826655575832,12.423266555758318
9027,1,26.9,44.52904587326669,17.62904587326669
9028,1,32.533333,31.03876728795167,1.4945657120483276
9029,1,19.529412,25.63072991445554,6.101317914455539
9030,1,20.58,21.962207204362624,1.3822072043626257
9031,1,26.218182,25.946425049697545,0.2717569503024535
9032,1,26.88,26.642925884220396,0.23707411577960258
9033,1,28.15,25.43164055927973,2.718359440720267
9034,1,28.37,40.17104423573098,11.80104423573098
9035,1,34.264286,30.517912861373006,3.7463731386269927
9036,1,33.022222,39.37034465653562,6.348122656535622
9037,1,21.1,40.95909275297216,19.85909275297216
9038,5,44.777778,37.789829481369736,6.987948518630262
9039,5,15.454278,25.652633174134856,10.198355174134855
9040,5,11.948837,23.376637065636345,11.427800065636346
9041,5,13.727273,23.043625211567864,9.316352211567864
9042,5,16.0,34.00486833209155,18.004868332091547
9043,5,15.362162,35.34937888171915,19.98721688171915
9044,5,16.75,48.966474205248694,32.216474205248694
9045,5,13.45,50.21571640902052,36.76571640902053
9046,5,21.89,50.04397151336018,28.153971513360176
9047,5,12.759375,33.95583488940598,21.19645988940598
9048,4,21.4,36.40597780053733,15.00597780053733
9049,4,18.0625,35.676680457786574,17.614180457786574
9050,4,11.4,40.78816808216024,29.38816808216024
9051,4,17.243478,30.03776809920782,12.79429009920782
9052,4,20.788889,41.74225385117062,20.953364851170615
9053,4,12.583333,39.07945046207452,26.49611746207452
9054,4,15.5,39.2131155154795,23.7131155154795
9055,3,14.983333,34.3182576793795,19.334924679379498
9056,3,14.383333,39.288010404888695,24.904677404888695
9057,3,13.0725,29.084083001398128,16.01158300139813
9058,3,15.613333,35.570824440414256,19.957491440414255
9059,3,21.209091,40.42949159503452,19.22040059503452
9060,3,17.692857,42.288604731809635,24.595747731809634
9061,3,24.733334,39.94452470060645,15.211190700606451
9062,3,23.38,43.221595461801925,19.841595461801926
9063,2,44.741177,40.175052038258734,4.5661249617412665
9064,3,37.057894,37.876170060024734,0.8182760600247363
9065,3,13.908333,21.199383407789096,7.291050407789095
9066,5,14.7,26.235871926834715,11.535871926834716
9067,5,14.857143,21.350252975514216,6.493109975514216
9068,5,14.83,22.442970126719757,7.612970126719757
9069,5,15.354545,19.86669008030794,4.51214508030794
9070,2,18.799999,28.237739108906634,9.437740108906635
9071,2,18.727778,22.081795248421287,3.354017248421286
9072,5,21.47,23.091519305203832,1.621519305203833
9073,2,19.208333,28.181266850431072,8.972933850431072
9074,5,19.475,23.63276697118062,4.157766971180617
9075,2,21.63421,25.667438460569436,4.033228460569436
9076,3,19.457143,30.617699300571374,11.160556300571375
9077,1,17.982759,26.36687765857247,8.384118658572469
9078,2,16.811111,19.394091780592316,2.5829807805923153
9079,4,17.042857,22.913493873207415,5.870636873207413
9080,4,52.9375,38.5194662753997,14.4180337246003
9081,4,52.2625,40.357283204068835,11.905216795931167
9082,2,51.572728,37.297823024176864,14.274904975823134
9083,3,50.544445,40.46539057839307,10.079054421606934
9084,3,57.4,41.331454685614816,16.068545314385183
9085,2,57.099998,32.22421351461293,24.875784485387072
9086,3,57.0,39.969094791112006,17.030905208887994
9087,1,56.533333,36.263189862681976,20.270143137318023
9088,1,52.549999,44.89579874044403,7.654200259555971
9089,4,59.299999,47.31174178529169,11.988257214708312
9090,5,20.200001,39.4316831581745,19.2316821581745
9091,5,21.200001,39.73668579407016,18.536684794070162
9092,5,19.1,40.232274936737426,21.132274936737424
9093,5,19.700001,38.47970681317595,18.77970581317595
9094,1,50.023077,39.46426790341542,10.558809096584582
9095,1,46.550001,42.76348687953405,3.7865141204659523
9096,1,50.838462,43.43794808963402,7.40051391036598
9097,1,42.0,27.688082993008926,14.311917006991074
9098,1,12.125,31.294460697928514,19.169460697928514
9099,1,37.954545,35.508404650136484,2.4461403498635192
9100,1,23.883333,24.86107832890874,0.977745328908739
9101,1,0.0,17.80833133180555,17.80833133180555
9102,3,0.0,9.36905937618555,9.36905937618555
9103,4,11.6750000517,9.071867901458166,2.6031321502418336
9104,3,10.9748718115,8.810141255332951,2.164730556167049
9105,4,10.7559828758,9.012982112660378,1.7430007631396212
9106,4,12.2000001272,11.295446259597997,0.9045538676020026
9107,3,10.8099099065,9.036596353087386,1.7733135534126134
9108,1,9.97916666004,13.021099394695591,3.0419327346555907
9109,1,9.81547620183,11.630289353820363,1.8148131519903625
9110,4,10.8542857851,9.143193007163568,1.7110927779364324
9111,4,10.4233333588,8.224268848147759,2.199064510652242
9112,1,9.16838709924,11.084848602597392,1.9164615033573913
9113,1,9.38275856807,11.636768498748188,2.254009930678187
9114,4,10.0333331426,9.32030004088374,0.7130331017162597
9115,4,11.320512845,8.3516319303524,2.968880914647599
9116,4,11.2800000668,8.1477171194214,3.1322829473785987
9117,5,9.89999997616,9.5849586018412,0.31504137431880075
9118,5,9.79555561278,10.047321362223641,0.25176574944364205
9119,4,10.4444445151,8.763001883155933,1.6814426319440674
9120,5,8.23921568253,9.282316228908773,1.0431005463787724
9121,5,7.52909094204,8.602159159240895,1.0730682172008947
9122,5,8.26818185503,9.294582553839362,1.0264006988093612
9123,4,19.7259037064,11.014171626766233,8.711732079633768
9124,4,23.3741935255,10.46477138378748,12.90942214171252
9125,4,19.7186046689,14.178257996647371,5.540346672252628
9126,4,19.6157657477,10.965242869164872,8.650522878535128
9127,4,20.7265432735,10.328289004502121,10.398254268997878
9128,4,20.41129706,14.296715183018083,6.114581876981916
9129,3,12.3666666349,11.077259300624622,1.2894073342753778
9130,4,17.2527473366,10.438496179420358,6.8142511571796405
9131,3,11.8411764327,11.682251924587035,0.158924508112964
9132,3,10.4286363775,11.163775263731742,0.7351388862317414
9133,3,11.0778760868,12.475288371536925,1.3974122847369248
9134,3,12.9094936999,11.765996308338714,1.1434973915612865
9135,3,14.9725664274,11.584659213343311,3.387907214056689
9136,3,16.724242456,12.476150936048345,4.248091519951654
9137,3,12.2872093057,11.50290122294922,0.7843080827507798
9138,4,9.26436784898,8.066881584408438,1.1974862645715607
9139,4,9.12777777324,8.463005626247867,0.6647721469921333
9140,1,11.0430555344,10.060113145045195,0.9829423893548057
9141,2,9.13563220802,9.527030765622541,0.3913985576025407
9142,1,9.88846155772,8.75645034302349,1.1320112146965098
9143,4,9.67976192633,8.551174947436634,1.1285869788933667
9144,4,10.3639999771,10.751608945135757,0.3876089680357566
9145,2,10.0877272909,9.343702084178984,0.744025206721016
9146,3,9.7264705984,9.246920382347525,0.47955021605247516
9147,1,8.78349515072,8.585008311160244,0.19848683955975588
9148,2,8.66666664018,10.259296546914753,1.5926299067347518
9149,1,9.34230770515,9.006142332295006,0.33616537285499426
9150,2,8.59009902312,9.130432810449731,0.5403337873297307
9151,1,9.4542553019,9.153230081269204,0.3010252206307964
9152,5,7.90303032326,12.315394975830634,4.412364652570633
9153,1,9.62686572383,8.87730037253673,0.7495653512932705
9154,1,10.9833333492,9.875960481621494,1.1073728675785066
9155,2,8.1433333238,9.119898467874915,0.9765651440749146
9156,4,11.4836734558,9.94616947949745,1.5375039763025509
9157,1,9.40476192747,8.753285486138646,0.6514764413313543
9158,2,9.58055557807,9.538136737590346,0.0424188404796535
9159,2,9.93032787667,9.320526400669909,0.6098014760000918
9160,2,8.75309732741,9.545479597675612,0.7923822702656125
9161,2,10.9626903679,9.801866527389855,1.1608238405101456
9162,1,10.3833333651,11.15374400233659,0.7704106372365889
9163,4,10.1899999619,10.89375517103809,0.703755209138091
9164,5,9.10289859081,8.614621963402419,0.48827662740758093
9165,5,9.2923076965,8.944866405118134,0.3474412913818661
9166,5,8.65504588993,8.473816941046302,0.18122894888369778
9167,2,10.1335504886,9.275977924431903,0.8575725641680965
9168,1,9.083606505,9.064026743225043,0.019579761774958016
9169,1,8.60769231961,10.255196749372615,1.6475044297626145
9170,4,8.49568969628,8.231966535734138,0.26372316054586165
9171,2,9.07159087333,9.071345166955677,0.0002457063743239729
9172,4,8.42222225666,8.229216357578892,0.19300589908110766
9173,2,8.84628102011,9.245091273293694,0.3988102531836937
9174,2,10.4280000076,9.412474884200957,1.0155251233990423
9175,2,9.62386358868,9.152123465617972,0.4717401230620286
9176,3,12.4272726232,9.829612924601214,2.597659698598786
9177,2,8.26717325402,10.132703575023424,1.8655303210034244
9178,2,7.61296298769,9.77132300225088,2.1583600145608797
9179,2,10.9109243425,10.058443279141953,0.8524810633580469
9180,2,7.78888894305,10.035691510698229,2.2468025676482286
9181,2,7.5274131252,10.567495114945842,3.0400819897458424
9182,2,9.05161290015,9.747834622835098,0.6962217226850989
9183,2,8.32792795027,10.396215315221808,2.068287364951807
9184,3,18.2575757479,14.4348048270271,3.822770920872898
9185,3,14.7074829737,11.339980821911269,3.367502151788731
9186,3,14.753846179,11.481202945066336,3.272643233933664
9187,3,13.1190184377,10.299575686610162,2.819442751089838
9188,3,17.4111842544,13.143742782189932,4.267441472210066
9189,3,13.457894777,9.791740118768951,3.666154658231049
9190,3,12.6241829567,9.33742432493548,3.2867586317645205
9191,3,16.4777227864,14.450019583367444,2.027703203032557
9192,3,12.5301724467,9.571885289233776,2.9582871574662235
9193,2,7.86115707445,11.094209794037777,3.2330527195877767
9194,5,13.8736842306,15.780071860419264,1.906387629819264
9195,3,17.3965518228,7.854410025754847,9.542141797045153
9196,3,14.8367088414,8.913249035550837,5.923459805849163
9197,3,16.3041666547,10.539841139385924,5.764325515314077
9198,2,9.20828400561,10.734813470994856,1.526529465384856
9199,1,7.13348017075,13.105510948444461,5.972030777694461
9200,2,8.72659574417,10.669541190259139,1.9429454460891389
9201,2,9.21941748869,10.63168521576702,1.412267727077019
9202,1,5.12641510792,10.21852715592173,5.092112048001731
9203,4,4.77727280964,7.428584287270039,2.6513114776300384
9204,1,3.97800503581,10.012846883585519,6.034841847775519
9205,1,4.59185317807,11.027150065546753,6.435296887476753
9206,1,5.40416662561,10.414688370496501,5.010521744886501
9207,1,6.46736112458,9.042714960078222,2.5753538354982215
9208,5,8.23138077389,10.212719787136107,1.9813390132461066
9209,1,10.9169683322,9.556620764344729,1.3603475678552712
9210,1,11.7330508232,9.657395907904984,2.075654915295015
9211,1,13.6999998093,10.718599561237667,2.9814002480623323
9212,1,12.0,10.6197136944906,1.3802863055094008
9213,5,10.06111115,12.005345530951253,1.9442343809512526
9214,5,7.99682542256,9.713088107016285,1.716262684456285
9215,1,7.79040156476,8.769289550371226,0.9788879856112267
9216,4,8.92619053523,9.826929313866604,0.9007387786366028
9217,1,7.81111111293,8.945221980866544,1.1341108679365437
9218,5,9.52241377584,9.577376721781985,0.05496294594198403
9219,4,7.2449019563,7.368855570078614,0.12395361377861391
9220,3,8.02411575716,7.069398436525735,0.9547173206342654
9221,3,10.0863158276,7.623044048900299,2.463271778699701
9222,2,9.98461547265,10.172108381041427,0.18749290839142674
9223,3,9.8396067472,8.13795118327424,1.70165556392576
9224,1,9.09009707923,8.315991530181874,0.7741055490481266
9225,2,12.4333335029,11.253515958221266,1.179817544678734
9226,1,8.89732443928,7.925570988479871,0.9717534508001293
9227,4,7.79914894104,7.8937454962342075,0.09459655519420718
9228,1,8.55396341551,7.970127444285864,0.5838359712241354
9229,4,6.77828283262,7.640536792007928,0.8622539593879273
9230,1,7.10996678026,8.05138001487731,0.9414132346173103
9231,3,8.3686916026,6.83156521629377,1.5371263863062303
9232,1,9.7840764234,8.832047297054359,0.9520291263456411
9233,2,9.33939400105,8.448955888980738,0.8904381120692619
9234,3,7.71702131819,7.121100841774328,0.5959204764156718
9235,5,10.6947368823,8.234633729023798,2.4601031532762025
9236,1,8.38937827343,8.31299237761467,0.07638589581532962
9237,2,7.80923081178,8.500630627270649,0.6913998154906489
9238,3,9.92820513554,8.562309677986791,1.3658954575532096
9239,3,9.76369864973,8.69282326167411,1.0708753880558888
9240,3,8.75126583063,7.079166303032369,1.6720995275976316
9241,2,8.37916670077,8.270405284001743,0.10876141676825668
9242,3,9.8243902156,7.672206535239909,2.15218368036009
9243,3,8.33890064574,6.891698078195663,1.4472025675443376
9244,3,8.63569938962,10.35232141244085,1.7166220228208502
9245,5,14.3852234083,13.685438254997347,0.6997851533026527
9246,5,10.2564102564,7.86143742710697,2.394972829293031
9247,5,17.3488971135,13.38802272075745,3.960874392742552
9248,5,10.9852459392,10.89448117910605,0.09076476009395051
9249,5,12.5443478128,10.328799993005976,2.2155478197940237
9250,5,12.3624999921,10.842721474147396,1.519778517952604
9251,5,11.6958333055,9.654952214240875,2.0408810912591253
9252,3,8.33761065091,10.209911880261474,1.872301229351475
9253,5,14.607058828,14.542990279421744,0.0640685485782555
9254,5,14.9511521379,13.192502069793644,1.7586500681063555
9255,1,12.167153254,12.545221738539226,0.3780684845392255
9256,1,12.8221374031,13.602415183957758,0.7802777808577588
9257,5,15.3348101362,15.67200388107689,0.33719374487689
9258,1,14.6361446323,12.849467233629879,1.7866773986701219
9259,5,14.5291079938,13.399434770934233,1.129673222865767
9260,2,6.81904765538,10.940345717010393,4.121298061630393
9261,2,11.6999998093,6.5156997081104455,5.184300101189554
9262,2,15.6602055932,10.834151170399755,4.8260544228002455
9263,2,14.3781481778,11.521077240386942,2.8570709374130576
9264,2,16.9170798835,12.69857429428507,4.2185055892149315
9265,2,10.1478260911,10.394063806774987,0.24623771567498665
9266,1,10.0384615018,9.912428147360101,0.12603335443989927
9267,2,10.6927536536,9.685418284586413,1.0073353690135871
9268,2,11.1791666746,12.184251683321685,1.0050850087216858
9269,2,12.0999999046,9.667915271938359,2.432084632661642
9270,5,10.9891304141,8.885313346123247,2.1038170679767525
9271,5,10.9833333833,11.396251485696407,0.41291810239640725
9272,5,11.4799999619,11.792299270451782,0.3122993085517809
9273,3,9.54374995828,7.946006837215812,1.5977431210641875
9274,3,9.51836735862,8.1429141144317,1.3754532441883
9275,3,9.38108106562,7.846658018045833,1.5344230475741671
9276,1,10.4514705574,9.384275439621806,1.0671951177781942
9277,4,11.4362744818,11.928302833466553,0.4920283516665531
9278,4,12.6893616813,11.09949072935014,1.5898709519498588
9279,4,11.3610526637,11.689085432041347,0.3280327683413464
9280,1,12.2379235044,12.919467937534582,0.681544433134583
9281,5,8.5617647171,11.303347249685817,2.7415825325858165
9282,4,11.9212184874,10.443839403287324,1.477379084112675
9283,1,9.78710936569,12.142780423767997,2.3556710580779967
9284,2,18.0281552667,13.841425596039207,4.186729670660794
9285,5,11.6158653956,11.610569107688823,0.005296287911177089
9286,1,11.2509578581,11.007172254271374,0.24378560382862524
9287,2,13.4228260413,15.19987209234764,1.7770460510476394
9288,5,10.4798076611,9.460541692080305,1.0192659690196955
9289,4,10.8322709376,10.34821882216488,0.48405211543512117
9290,2,8.68072291455,9.862033415850409,1.181310501300409
9291,2,13.8124514034,12.129985951968164,1.6824654514318365
9292,5,10.9415094448,9.352559394818933,1.588950049981067
9293,2,11.1085714,9.690451852514318,1.4181195474856825
9294,2,21.2783898257,16.477144070662547,4.801245755037453
9295,2,17.1978354888,16.283510875306657,0.914324613493342
9296,3,21.6868420952,14.438959122181638,7.247882973018362
9297,2,18.4021084538,17.247533737080463,1.1545747167195373
9298,2,16.34383564,16.303652860017962,0.04018277998203956
9299,1,15.4557339751,12.399329350472604,3.0564046246273957
9300,1,15.3309227047,14.255771668489619,1.0751510362103822
9301,5,17.1868217084,16.031830789637404,1.1549909187625964
9302,1,15.705679034,12.514145615501416,3.191533418498583
9303,5,18.3761903672,18.891932971526714,0.5157426043267144
9304,1,14.4659259255,15.398369520864481,0.9324435953644805
9305,1,17.2672645885,15.214295839813978,2.0529687486860233
9306,4,13.8033132725,12.425054644140024,1.3782586283599763
9307,4,16.2560166165,15.408915966864699,0.8471006496352995
9308,4,13.8749003885,13.679401721649164,0.1954986668508365
9309,2,6.88289471049,9.910163962445559,3.027269251955559
9310,2,7.1692307729,9.570615034991626,2.401384262091626
9311,2,8.6071428912,9.322523960401348,0.7153810692013476
9312,2,6.39752322897,10.396123058276393,3.998599829306393
9313,2,7.04733332793,9.097638165834267,2.0503048379042674
9314,3,5.94285712923,7.23040534008055,1.2875482108505496
9315,1,4.11428577559,8.170645222609721,4.056359447019721
9316,3,23.0606666946,13.565066167046872,9.495600527553126
9317,5,13.9721311402,12.393157271003446,1.5789738691965542
9318,5,17.685641054,15.628197519783763,2.0574435342162385
9319,1,19.2398647747,17.5346588905742,1.7052058841257995
9320,4,15.9482353023,14.41981953022583,1.5284157720741707
9321,1,14.9333333036,13.791895500910424,1.141437802689575
9322,5,11.9171521116,14.148036431506819,2.230884319906819
9323,1,17.1300309981,14.642707242922466,2.4873237551775347
9324,4,19.0581967792,15.236288243038995,3.821908536161004
9325,5,13.1129251792,13.2562019779178,0.1432767987178014
9326,1,13.1173913375,13.860542134430272,0.7431507969302711
9327,1,13.9526595765,13.82185826975279,0.1308013067472107
9328,5,12.610000017,14.07543887098441,1.4654388539844092
9329,1,15.202450972,13.444814191892032,1.7576367801079673
9330,1,15.9559585542,14.059682438625138,1.896276115574862
9331,2,6.34359999466,8.92593638788944,2.58233639322944
9332,1,4.60583089392,7.6977255384256456,3.091894644505645
9333,1,5.23555939857,7.43208524369752,2.1965258451275194
9334,1,3.79300932021,8.116581378606526,4.323572058396525
9335,2,5.46880598282,9.075029248545604,3.606223265725604
9336,2,5.22072072072,9.910144528742396,4.689423808022396
9337,2,7.12705312489,9.278207542397311,2.1511544175073114
9338,2,6.48141265536,8.617881501389103,2.1364688460291035
9339,5,10.1542553293,9.72319692964154,0.4310583996584594
9340,2,8.97835051153,9.062738312710493,0.08438780118049394
9341,4,8.0087786467,9.261429441092364,1.2526507943923644
9342,4,8.18095239003,8.084917103366378,0.09603528666362315
9343,4,7.17765957751,7.691927611500346,0.514268033990346
9344,3,9.28695649686,8.465918547320113,0.8210379495398872
9345,5,10.6263157568,9.254059766871354,1.3722559899286466
9346,3,9.44339620842,9.514276699832145,0.07088049141214547
9347,5,10.0220930438,9.038873216377217,0.9832198274227828
9348,3,9.59772723371,8.103665815291237,1.494061418418763
9349,5,9.6025640292,8.435545110015765,1.167018919184235
9350,5,9.75116283949,8.898714637639465,0.8524482018505353
9351,5,10.8359999657,9.250676625755197,1.585323339944802
9352,5,10.1406249106,11.64101144522326,1.50038653462326
9353,5,9.92222224341,13.060245344692703,3.1380231012827036
9354,1,10.1150442647,9.847865886115752,0.26717837858424787
9355,1,11.3666666576,9.740887272474641,1.6257793851253588
9356,1,11.2666666667,9.0933999019631,2.1732667647369013
9357,3,9.76666673024,10.179088347153197,0.41242161691319623
9358,4,10.8890624195,10.106478295839377,0.782584123660623
9359,1,11.100000004,11.356988608155826,0.2569886041558256
9360,4,9.64328353085,8.921209874678905,0.7220736561710961
9361,3,9.95131576689,8.765469993217753,1.1858457736722468
9362,2,10.2499999749,10.15476792733929,0.09523204756071024
9363,4,10.8174999595,8.412262112333526,2.4052378471664735
9364,2,12.0200000763,10.4039431812325,1.6160568950675014
9365,2,10.1833333969,9.700902675841995,0.4824307210580052
9366,2,12.0,9.6135421125319,2.386457887468101
9367,2,11.8499999046,9.664464518219884,2.185535386380117
9368,2,11.1159090779,10.077444493166457,1.0384645847335428
9369,3,10.0716049289,8.971545262049471,1.1000596668505285
9370,2,11.2166668574,10.062477453454957,1.1541894039450433
9371,3,9.24400001526,9.11009066598897,0.13390934927102904
9372,2,10.1766467066,10.014585040643805,0.16206166595619464
9373,2,9.63902436233,9.545718406875958,0.09330595545404208
9374,2,8.76835440986,9.010667793549647,0.2423133836896465
9375,5,8.89157893532,7.951414570100217,0.9401643652197835
9376,5,10.6736841704,10.55454129855729,0.11914287184271011
9377,5,9.59024392105,9.453147921806764,0.13709599924323612
9378,4,6.66456310417,6.061326100946825,0.6032370032231746
9379,5,7.89999997616,6.9404725467952755,0.9595274293647247
9380,5,6.63888888889,5.12771584218652,1.5111730467034805
9381,5,7.09333333969,4.538428009209165,2.5549053304808353
9382,5,7.84193552694,10.455519035995646,2.613583509055646
9383,5,7.81111115879,6.316647323697463,1.494463835092537
9384,5,7.019047669,5.984492424333148,1.0345552446668522
9385,5,7.49333333969,5.489625720965854,2.003707618724146
9386,5,7.77368425068,9.85849670852205,2.084812457842051
9387,5,5.22307694613,6.578851136175242,1.355774190045242
9388,5,7.5312499702,7.082725756600253,0.4485242135997476
9389,5,6.61999998093,4.735623088148122,1.8843768927818783
9390,5,7.6388888624,6.939824540509843,0.6990643218901571
9391,5,7.42800001144,6.134433340096404,1.293566671343596
9392,5,7.11428574153,6.848475900428913,0.2658098411010865
9393,5,7.10714282308,7.274516089054421,0.1673732659744207
9394,5,7.8620689984,8.836720242444375,0.9746512440443755
9395,5,7.19473680697,6.300868081978043,0.8938687249919566
9396,5,7.51111112701,6.653545372625876,0.8575657543841242
9397,5,6.63333326976,5.4638729228943745,1.169460346865625
9398,5,7.64999997616,6.499683384545746,1.1503165916142546
9399,5,7.55217388402,5.0379047128810175,2.5142691711389826
9400,5,7.47407408114,4.934050611560769,2.540023469579231
9401,5,7.27272731608,5.0521668256787375,2.2205604904012626
9402,5,7.41333328883,5.049424577362053,2.3639087114679462
9403,5,6.76000000636,4.851344960093508,1.9086550462664924
9404,5,7.45416669051,6.166793361684851,1.287373328825149
9405,5,6.53684207013,4.437335563578948,2.0995065065510516
9406,5,7.50833332539,4.842169113529177,2.6661642118608224
9407,5,7.24848484271,5.127811765359231,2.1206730773507685
9408,5,7.85000007493,6.878157058940948,0.9718430159890517
9409,5,4.58714859265,5.323092310619312,0.7359437179693122
9410,5,6.61538460927,4.9571556999449555,1.6582289093250449
9411,5,4.42156972675,4.525628464554197,0.1040587378041975
9412,5,4.07727269693,3.9524311648329515,0.12484153209704818
9413,5,7.45648313246,5.331300110944889,2.1251830215151104
9414,5,7.64285717692,5.104872117728748,2.537985059191252
9415,5,7.59230760428,4.694991033289076,2.897316570990924
9416,5,7.38235288508,5.052848124393032,2.3295047606869685
9417,5,7.16363629428,4.858330169907067,2.305306124372933
9418,5,7.73571426528,4.319773085001248,3.415941180278752
9419,5,7.00526315288,6.689256989041873,0.31600616383812685
9420,5,7.00000002649,4.81682290546048,2.1831771210295203
9421,5,7.4687500298,5.536720982166116,1.9320290476338835
9422,5,7.28888895777,7.684719279224737,0.39583032145473673
9423,5,7.48695647198,4.977151648187434,2.5098048237925665
9424,5,7.61818183552,4.913010141285707,2.705171694234293
9425,5,4.95612901565,4.374818169397658,0.5813108462523422
9426,5,7.66249996424,6.022850974392645,1.6396489898473554
9427,5,7.30000007153,6.598042248859725,0.7019578226702752
9428,5,7.28888893127,5.75038193738478,1.5385069938852194
9429,5,6.95454543287,4.673647906065776,2.2808975268042238
9430,5,7.50555557675,7.392741776787369,0.1128137999626313
9431,5,6.83666667938,6.296667115059503,0.5399995643204978
9432,5,7.52500000596,5.160285262281619,2.3647147436783813
9433,5,7.9761904989,9.237646494919971,1.2614559960199712
9434,5,3.93116218986,5.127714217894715,1.1965520280347146
9435,5,14.1745989412,5.761886977173916,8.412711964026084
9436,5,7.71999995708,6.083329103755382,1.6366708533246177
9437,5,7.12499992847,6.083312552617448,1.0416873758525522
9438,5,6.69375002384,7.465080729849891,0.7713307060098913
9439,5,6.55555552906,6.124966065653359,0.4305894634066414
9440,5,7.26666666667,6.6232341888223125,0.6434324778476874
9441,5,6.54374998808,5.243865879306119,1.299884108773881
9442,5,7.49411762462,6.593069475599004,0.9010481490209967
9443,5,7.63749995828,5.093012949702656,2.5444870085773443
9444,5,6.92857136045,6.209929824102712,0.7186415363472882
9445,5,7.4166667064,6.882865122608156,0.5338015837918437
9446,3,3.53983050187,5.774891699692686,2.235061197822686
9447,3,4.03333330154,5.721549308511284,1.6882160069712837
9448,3,4.91220930196,6.425176625647134,1.5129673236871337
9449,3,4.70277775659,6.023611178441763,1.3208334218517637
9450,3,0.0,1.4656708965268859,1.4656708965268859
9451,3,4.80129309667,6.704086282153643,1.9027931854836426
9452,3,3.67333332698,7.312614628762425,3.6392813017824253
9453,3,4.36267941991,6.747071867069925,2.384392447159925
9454,3,7.14166669051,4.946756705923553,2.194909984586447
9455,3,6.24499995708,6.765888522472013,0.5208885653920126
9456,3,8.21875011921,6.119865731268256,2.0988843879417445
9457,3,5.46500002146,6.203173247751925,0.7381732262919254
9458,3,5.40364960162,5.71934326370333,0.31569366208332994
9459,3,7.43666664759,7.613829731303963,0.17716308371396305
9460,3,7.69999996185,6.295581750487889,1.4044182113621106
9461,3,6.23125004768,6.757626944552202,0.5263768968722022
9462,3,7.52941173666,4.9519821469285095,2.5774295897314907
9463,3,7.76000003815,5.002554948765301,2.7574450893846993
9464,3,6.34000008901,6.206205129533059,0.13379495947694142
9465,3,7.64499993324,5.001443816939171,2.6435561163008297
9466,1,7.96000003815,9.137473802822853,1.177473764672854
9467,1,6.8909090649,8.68262963757221,1.7917205726722107
9468,1,7.98947379464,8.788451688698078,0.7989778940580781
9469,1,6.91176470588,9.542461338814228,2.630696632934228
9470,1,6.37222223812,7.096327317095049,0.7241050789750494
9471,1,7.01052633085,10.316240705302052,3.3057143744520516
9472,1,7.13571425847,6.948202857307402,0.187511401162598
9473,1,7.39047618139,7.159721281874486,0.23075489951551464
9474,1,7.68260881175,7.232363794545662,0.4502450172043382
9475,1,8.00000002384,6.82573536357498,1.1742646602650204
9476,1,7.63999996185,7.519610732659114,0.12038922919088613
9477,1,6.86428577559,7.106890072658329,0.2426042970683291
9478,1,5.6,9.439794725317405,3.8397947253174056
9479,1,6.89347828989,7.371460221821551,0.47798193193155125
9480,1,5.88823528851,8.604631303679085,2.716396015169085
9481,1,7.33684208519,6.910287159512791,0.426554925677209
9482,1,7.24499998093,6.606222009818518,0.638777971111482
9483,1,7.24166667461,7.039313168945253,0.20235350566474697
9484,1,6.98571434475,8.654667559338293,1.668953214588293
9485,1,6.28500001431,7.262170128009738,0.9771701136997377
9486,1,7.3866666158,7.06939181000414,0.31727480579586054
9487,1,7.21363637664,7.547756709914551,0.3341203332745506
9488,1,7.06666673024,6.978826618266119,0.08784011197388075
9489,1,6.13000001907,7.728945130165557,1.5989451110955573
9490,1,4.68214283671,9.38103840236245,4.69889556565245
9491,1,7.36000000636,7.419130980183231,0.059130973823230626
9492,1,7.74444444974,7.079767132589146,0.6646773171508533
9493,1,7.9,6.396105244102969,1.503894755897031
9494,1,7.7894737595,9.159104929034154,1.3696311695341539
9495,1,7.52000001272,8.887393444644026,1.3673934319240262
9496,1,5.81875002384,8.706246723030059,2.8874966991900592
9497,1,7.9133333842,6.422907844285588,1.4904255399144128
9498,1,6.57333332698,7.054660170250708,0.4813268432707076
9499,1,7.1555555426,10.711450314543512,3.555894771943512
9500,1,5.96500003338,7.068501192220853,1.103501158840853
9501,1,5.95000004768,9.492729318152222,3.542729270472222
9502,1,6.50555555026,9.26543309842009,2.7598775481600892
9503,1,8.1562499702,7.295847585659211,0.8604023845407882
9504,1,7.27857143538,6.777190692835856,0.5013807425441437
9505,1,7.32499995828,6.788692479030428,0.5363074792495723
9506,1,7.84814820466,6.85317943875011,0.9949687659098903
9507,1,6.88800003052,7.396775566017843,0.5087755354978434
9508,1,7.61176482369,7.4489155992701885,0.1628492244198112
9509,1,8.07142860549,7.532584731931994,0.5388438735580063
9510,1,7.81500003338,7.356420286314965,0.458579747065035
9511,1,7.21000003815,6.946407876276778,0.26359216187322154
9512,1,7.02941176471,7.13425200603481,0.10484024132481018
9513,1,6.51052630575,6.995466164203815,0.4849398584538154
9514,1,6.91500005722,6.869128961095837,0.045871096124163735
9515,1,5.89411769194,7.1432869677936015,1.2491692758536015
9516,1,6.89999998533,7.266245448711173,0.3662454633811727
9517,1,5.12040815061,7.4656957140748785,2.345287563464878
9518,1,7.33000001907,9.352990914152716,2.0229908950827165
9519,1,7.77692310627,8.74147036152391,0.9645472552539109
9520,1,7.99047626768,7.178475491163366,0.8120007765166344
9521,1,5.88636363636,7.174096523264627,1.2877328869046272
9522,1,8.30000005166,6.8903658843496425,1.4096341673103572
9523,1,7.96666666667,6.778177069234823,1.1884895974351775
9524,1,5.87647053775,9.288493908848697,3.4120233710986962
9525,1,5.49411762462,8.843123493532275,3.3490058689122746
9526,1,8.1409090649,7.017073068062278,1.1238359968377223
9527,1,7.08666667938,7.614067158869921,0.5274004794899207
9528,1,7.55624994636,7.12094735529167,0.43530259106833036
9529,1,6.94117641449,9.06301277131862,2.12183635682862
9530,1,6.88461534794,7.07624570934538,0.19163036140538026
9531,1,7.40952378228,7.905960569214052,0.49643678693405224
9532,1,7.78499999046,7.082182285939675,0.7028177045203252
9533,1,7.58461545064,7.392482921209633,0.19213252943036707
9534,1,5.69310346143,7.72837538728358,2.0352719258535803
9535,1,6.37222226461,7.395550539584674,1.0233282749746735
9536,1,7.9,6.735356980975893,1.1646430190241075
9537,1,7.76153839551,7.468714433617898,0.29282396189210136
9538,1,6.26842102252,7.431582264811306,1.1631612422913058
9539,1,6.27142851693,7.0307542263525535,0.7593257094225532
9540,1,7.93846159715,6.758431427278711,1.180030169871289
9541,3,5.76764706654,7.5741942799843525,1.806547213444352
9542,3,7.21944447358,7.466822856625443,0.2473783830454428
9543,3,6.44510870006,8.727398653021126,2.2822899529611265
9544,3,6.38387097082,7.594132287487852,1.210261316667852
9545,3,6.10384616485,6.803593317353248,0.6997471525032477
9546,3,4.04500000079,5.53083970681427,1.4858397060242696
9547,3,6.03478261699,6.462554634357371,0.4277720173673707
9548,3,4.45833336645,6.660234678085217,2.2019013116352175
9549,3,4.68142855508,6.371874627186223,1.6904460721062229
9550,3,6.21999998093,9.270854946025299,3.050854965095299
9551,3,4.83142854146,6.62459323537944,1.7931646939194401
9552,3,4.33902438675,7.138906374422886,2.7998819876728858
9553,3,5.58500000238,9.328948480858447,3.7439484784784467
9554,3,7.63009709756,8.528138681461403,0.8980415839014029
9555,3,7.40000009537,7.756849207350521,0.3568491119805204
9556,3,5.57999999306,6.3556737258834435,0.7756737328234431
9557,3,7.18536587459,7.011030435457701,0.17433543913229954
9558,3,7.15625,8.215462757559468,1.059212757559468
9559,3,5.53604651052,7.33365713960292,1.7976106290829197
9560,3,7.98644067473,7.340659700643866,0.6457809740861338
9561,3,5.26666667726,7.672750289014264,2.406083611754264
9562,3,5.18415093512,6.795482823026281,1.6113318879062808
9563,3,8.03823529973,7.857748461049131,0.180486838680868
9564,3,5.59285712242,6.906237579643354,1.3133804572233538
9565,3,6.14166673024,7.072231696710685,0.9305649664706852
9566,3,6.81111110581,6.4540994091530495,0.35701169665695076
9567,3,4.80000000734,6.812803460795747,2.0128034534557466
9568,3,3.77647057702,6.369212725996277,2.5927421489762774
9569,3,4.18863638423,6.105014313225231,1.9163779289952316
9570,3,4.3222222858,5.671280480755426,1.3490581949554263
9571,3,7.80877195325,7.894432916331468,0.08566096308146776
9572,3,4.73603603861,8.472286692320855,3.7362506537108553
9573,3,7.14268291869,7.760406194902934,0.6177232762129341
9574,3,8.48947364406,8.574738573914269,0.0852649298542687
9575,3,6.89285715989,8.093619529704963,1.2007623698149628
9576,3,5.54749999046,6.4897463054310665,0.942246314971066
9577,3,5.00555560324,8.913914941241334,3.9083593380013335
9578,3,4.32040816424,6.5943977760297585,2.2739896117897587
9579,3,5.20100001335,6.244895175114333,1.0438951617643335
9580,3,7.27037035536,6.835897536529281,0.4344728188307192
9581,3,7.0301886752,7.354425060664361,0.32423638546436084
9582,3,7.33076921793,8.908979729085942,1.578210511155942
9583,3,8.19411764893,5.949529029803399,2.244588619126601
9584,3,7.37826090965,6.295647248023501,1.0826136616264987
9585,3,5.69184466056,7.482011051772184,1.7901663912121837
9586,3,7.06388890743,7.018255316019253,0.04563359141074663
9587,3,5.87777778837,7.666174096678682,1.7883963083086813
9588,3,5.3630434793,6.758167240041808,1.395123760741808
9589,3,5.27777775129,5.924307938822594,0.6465301875325933
9590,3,5.18061223809,6.563274520288007,1.382662282198007
9591,3,5.84347826502,6.949299635704578,1.1058213706845779
9592,3,4.61976743853,7.399030284209724,2.7792628456797237
9593,3,5.91111107667,6.711688314778298,0.8005772381082981
9594,3,6.54814813755,7.4396996642985,0.8915515267484997
9595,3,5.18685713904,7.565982274791319,2.379125135751319
9596,3,6.12820514043,7.636134489715062,1.5079293492850612
9597,3,5.00384615018,6.283227929802967,1.279381779622967
9598,5,3.58666666879,4.983708600882803,1.3970419320928031
9599,5,4.06800001621,7.268542518313541,3.2005425021035405
9600,5,4.90000000454,4.502811340638502,0.3971886639014981
9601,5,4.67051281379,4.705620380791846,0.035107567001845474
9602,5,3.72622950546,6.237420085779441,2.5111905803194405
9603,5,3.91410257572,3.8483031442286855,0.0657994314913144
9604,5,4.19999999801,4.620556689161088,0.42055669115108785
9605,5,4.09090905479,9.392118051153524,5.301208996363524
9606,5,3.40238094897,6.597184069771606,3.194803120801606
9607,5,4.1944444312,4.740250336256681,0.5458059050566808
9608,5,4.08750003576,5.968754397320662,1.8812543615606625
9609,5,3.98333330552,5.164023557982258,1.180690252462258
9610,5,6.14210530331,4.923980825095285,1.2181244782147154
9611,5,5.74166667461,4.342182751413777,1.3994839231962235
9612,5,5.33999999364,3.955989342130426,1.3840106515095743
9613,5,3.26875001192,5.241815573475028,1.9730655615550283
9614,5,4.43333332627,6.735377926339286,2.3020446000692862
9615,5,3.33684209594,5.3796239830157475,2.0427818870757477
9616,5,3.55384613917,6.485430890733335,2.931584751563335
9617,5,3.91034482265,6.401066870731498,2.4907220480814978
9618,5,4.33595506261,8.45466259508442,4.11870753247442
9619,5,5.50000007947,5.498974958465176,0.0010251210048242143
9620,5,6.99166671435,5.891892189770093,1.0997745245799067
9621,5,4.64838712446,5.102157373800241,0.45377024934024046
9622,5,3.92631577191,4.757084221800428,0.8307684498904275
9623,5,4.03684209104,6.269103940645962,2.2322618496059627
9624,5,4.22307695792,5.09404972554278,0.8709727676227796
9625,5,3.74666666455,4.115559191721816,0.3688925271718162
9626,5,4.36212121357,4.74156796443866,0.3794467508686603
9627,5,4.11219516033,5.157632875287417,1.0454377149574174
9628,5,3.37450979738,8.245913106622451,4.871403309242451
9629,5,3.39104477327,5.218080556617881,1.8270357833478812
9630,5,3.91111110316,6.195782331105992,2.2846712279459918
9631,5,3.90666666031,4.590163636460547,0.6834969761505469
9632,5,6.22666667302,4.363292488116411,1.8633741849035896
9633,5,6.41666668256,4.633428104247521,1.7832385783124787
9634,5,4.26111111376,5.3383933640342,1.0772822502741999
9635,5,3.66451612083,5.4899615008462295,1.8254453800162294
9636,5,3.74878047152,4.118970324693086,0.37018985317308584
9637,5,4.19230769231,4.700057633032621,0.5077499407226211
9638,5,4.34905662627,4.575112199412395,0.22605557314239455
9639,5,4.47714286532,5.914257006970741,1.4371141416507411
9640,5,4.75306119724,5.071193171328883,0.3181319740888826
9641,5,4.65714286623,5.5631613177499055,0.9060184515199055
9642,5,3.43333333817,5.301262526231497,1.8679291880614968
9643,5,3.36551725453,4.888617178598238,1.5230999240682386
9644,5,6.43333337042,3.7542693349444516,2.679064035475548
9645,5,4.22121211254,5.887585368690393,1.6663732561503934
9646,5,4.3904762041,4.549722137394859,0.15924593329485948
9647,5,3.63661970891,5.477503887455519,1.8408841785455192
9648,5,4.30952377168,5.155529521874374,0.8460057501943741
9649,5,5.95263154883,5.144145241972396,0.8084863068576045
9650,5,5.42222224341,4.944857087582138,0.47736515582786243
9651,5,4.13913043686,4.800960398932,0.6618299620719998
9652,5,6.92500007153,5.569052970197049,1.3559471013329514
9653,5,4.45999994278,4.851425381393351,0.3914254386133518
9654,5,3.64615381681,5.4038239444263585,1.7576701276163584
9655,5,3.35000000217,5.651077276812471,2.301077274642471
9656,5,3.82323233046,4.833266530286947,1.0100341998269466
9657,5,3.80508474172,4.023729062480394,0.21864432076039364
9658,5,4.57499996821,5.56499564008808,0.9899956718780798
9659,5,4.19999998808,5.48887469205315,1.2888747039731498
9660,5,4.97433628656,4.379662861113605,0.5946734254463948
9661,3,7.5,6.275927375583006,1.2240726244169942
9662,3,6.54761907033,6.190120792668251,0.35749827766174835
9663,3,6.74666662216,6.444455262370346,0.30221135978965386
9664,3,7.15789468665,5.837320198282153,1.3205744883678463
9665,3,6.47142853056,7.207981839098795,0.7365533085387952
9666,3,6.01481478303,6.533468440277569,0.5186536572475688
9667,3,6.94800003052,6.810527324731034,0.13747270578896664
9668,3,6.79285720416,7.0555927883634935,0.26273558420349374
9669,2,6.76923076923,5.415349720464253,1.3538810487657473
9670,2,6.39166669051,5.857178972914941,0.5344877175950593
9671,2,6.68421055141,8.140051325284615,1.4558407738746153
9672,4,6.66250002384,5.029433856025507,1.6330661678144924
9673,4,7.37142859186,5.035048492428631,2.336380099431369
9674,4,5.69600000381,5.286831975184331,0.40916802862566914
9675,4,7.23076919409,7.172962307529552,0.057806886560447523
9676,4,5.47692306225,4.894082725723834,0.5828403365261661
9677,4,6.75384613184,5.091100574678157,1.662745557161843
9678,4,7.33750006557,5.1761518668691515,2.161348198700848
9679,4,6.21333332062,6.577328657608222,0.3639953369882214
9680,4,6.7136363658,5.623257751734284,1.090378614065716
9681,4,5.51499998569,4.861579395307867,0.6534205903821331
9682,4,5.98888889949,7.199708443970994,1.2108195444809944
9683,4,7.40357143538,4.981489537655481,2.422081897724519
9684,4,7.29090911692,5.190133125103014,2.1007759918169864
9685,4,7.42000007629,7.467537008628147,0.04753693233814715
9686,4,7.74166671435,5.045231574640422,2.6964351397095783
9687,4,7.56666676203,6.27733418446652,1.2893325775634796
9688,4,5.81333328883,4.983013438283505,0.8303198505464948
9689,4,6.98461539929,5.076883755876304,1.9077316434136957
9690,4,5.87058821846,4.927844213466418,0.9427440049935818
9691,4,6.66153841752,5.856634862329084,0.8049035551909158
9692,4,6.87407403522,6.432164016457012,0.44191001876298763
9693,4,6.5555555114,6.62554188806158,0.06998637666158025
9694,4,7.02978721578,5.950944940121937,1.0788422756580625
9695,4,5.38333332539,5.480447975641193,0.09711465025119281
9696,4,7.07500004768,6.8944007714863345,0.18059927619366523
9697,4,6.83333325386,5.117415179830623,1.7159180740293776
9698,4,6.68947372938,5.642607932656224,1.0468657967237762
9699,4,7.29999995232,5.272572568034885,2.027427384285115
9700,4,6.52857140132,5.37793527242105,1.1506361288989497
9701,4,5.65,5.080611341932853,0.5693886580671474
9702,4,8.0741935853,5.115901255721187,2.9582923295788124
9703,4,7.01739128776,5.553552480379931,1.4638388073800686
9704,4,6.37307695242,5.787353094160116,0.5857238582598843
9705,4,6.83333338632,6.291336450576294,0.5419969357437058
9706,4,6.5,5.424378459058969,1.0756215409410306
9707,4,7.64230766663,5.025734024755623,2.6165736418743766
9708,4,7.04999995232,5.270814664637699,1.779185287682301
9709,4,7.38750004768,5.273749224589913,2.1137508230900863
9710,4,6.50833328565,5.106955486643731,1.4013777990062692
9711,4,6.8520000267,5.146647464962644,1.7053525617373557
9712,4,6.3833334446,7.431838697583331,1.0485052529833307
9713,4,6.60357143198,5.636862999051964,0.9667084329280362
9714,4,7.2823529524,5.629349235818838,1.6530037165811624
9715,4,7.5444443844,4.908193390674233,2.636250993725767
9716,4,7.32499998808,5.555542666721006,1.7694573213589937
9717,4,7.88750004768,5.477454840080064,2.4100452075999357
9718,4,7.75000011921,6.349890936634097,1.4001091825759033
9719,4,7.97500006358,5.1838235082749335,2.791176555305066
9720,4,7.38235294118,7.766091850820498,0.38373890964049817
9721,4,6.25,5.106068636938174,1.1439313630618262
9722,4,7.21538466674,5.050604177323082,2.164780489416918
9723,4,7.06666668256,6.542070748385086,0.524595934174914
9724,4,6.14666665395,6.191427833485324,0.04476117953532466
9725,4,6.89230775833,6.252328126016973,0.6399796323130271
9726,4,7.31304359436,8.258651004199692,0.9456074098396918
9727,4,7.30588234172,6.4538029099198955,0.8520794318001048
9728,4,7.23000001907,6.463058976211885,0.7669410428581154
9729,4,6.56170213983,5.492707333585956,1.068994806244044
9730,4,7.31200008392,4.888350234335455,2.423649849584545
9731,4,6.89374998212,6.740691010332259,0.15305897178774153
9732,4,7.04375001788,5.994307061490163,1.0494429563898366
9733,4,6.70588235294,6.9919952222917665,0.2861128693517667
9734,4,7.01999998093,6.397258693942575,0.6227412869874245
9735,4,6.6499999894,5.00992236641093,1.6400776229890708
9736,4,7.27333335876,5.303024043510165,1.9703093152498354
9737,4,7.73749995232,5.084536485275338,2.6529634670446622
9738,2,7.14999997616,5.858623563891946,1.291376412268054
9739,2,7.59333327611,6.414874054033266,1.178459222076734
9740,2,7.64545453678,5.869412604745996,1.776041932034004
9741,2,6.75,7.816028728923762,1.0660287289237624
9742,2,6.65714284352,6.03906828331994,0.6180745602000597
9743,2,7.89999995913,6.679613896371144,1.2203860627588554
9744,2,7.48571429934,5.927953769494152,1.5577605298458472
9745,2,7.21250003576,5.951949033133154,1.2605510026268458
9746,2,7.43333323797,5.962310275809097,1.4710229621609034
9747,2,6.74999989782,6.402370293521621,0.34762960429837975
9748,2,4.47272726984,5.480818980031122,1.0080917101911222
9749,2,7.42000007629,5.926089185596721,1.4939108906932788
9750,2,7.04285710199,5.925000104726072,1.117856997263928
9751,2,7.53333330154,5.865003914997242,1.6683293865427578
9752,2,8.6250000596,5.9786174058423445,2.646382653757655
9753,2,6.83529413448,5.640566608919853,1.1947275255601468
9754,2,6.58461541396,5.78112985203345,0.80348556192655
9755,2,7.0888888571,5.775866098966921,1.3130227581330791
9756,2,7.77272731608,5.894742927387188,1.8779843886928118
9757,2,7.71428564617,6.146988212548962,1.5672974336210377
9758,2,7.56923077657,5.983614451847192,1.5856163247228086
9759,2,7.32222212685,5.796967182747691,1.5252549441023087
9760,2,7.58571427209,6.0469148372531,1.5387994348368998
9761,2,6.74000002543,6.037535866072892,0.7024641593571079
9762,2,7.04444445504,5.998001975223543,1.0464424798164567
9763,2,6.17000002861,6.799425505471115,0.6294254768611154
9764,2,7.12499988079,5.919489359945866,1.2055105208441343
9765,2,6.92666660945,5.642540975599006,1.2841256338509934
9766,2,7.4375,5.874919748488445,1.5625802515115552
9767,2,7.15,6.1146481993642166,1.0353518006357838
9768,2,4.5186046556,6.07990967277842,1.5613050171784204
9769,2,6.65238089789,7.460761209211041,0.8083803113210415
9770,2,6.79999995232,5.598672756391675,1.2013271959283252
9771,2,6.90833338102,6.888112158206707,0.020221222813293416
9772,2,7.23999991417,7.092443251557318,0.14755666261268185
9773,2,7.10000004768,6.308174234310265,0.7918258133697353
9774,2,8.05555566152,6.025239457974264,2.030316203545736
9775,2,8.17142868042,6.734356007583933,1.4370726728360674
9776,2,6.90000005202,6.191480488822876,0.7085195631971244
9777,2,7.17777776718,6.4623980293845324,0.7153797377954678
9778,2,7.14444441266,6.621824120823436,0.5226202918365646
9779,2,4.99230764462,7.025812770752671,2.0335051261326704
9780,2,8.63999996185,6.229745194993514,2.410254766856486
9781,2,6.96666661898,6.209511106118676,0.7571555128613241
9782,2,7.30714283671,5.989752001095988,1.3173908356140114
9783,2,6.57142850331,6.187079089937564,0.3843494133724361
9784,2,8.6,6.238504097157275,2.3614959028427247
9785,2,6.5,6.139543085625503,0.3604569143744971
9786,2,6.91111119588,6.122061656925666,0.7890495389543339
9787,2,7.17999992371,6.1247106444327635,1.0552892792772361
9788,2,7.68333323797,5.860001892456843,1.8233313455131572
9789,2,7.25,6.4172449677867585,0.8327550322132415
9790,2,7.44444444444,6.560631355507807,0.8838130889321931
9791,2,7.65000003576,8.644568633756329,0.994568597996329
9792,2,8.02857146944,5.953462176905095,2.075109292534904
9793,2,6.97500002384,5.902851274917252,1.0721487489227481
9794,2,7.71250003576,5.944039112023978,1.768460923736022
9795,2,7.30000004768,6.256929807600647,1.043070240079353
9796,2,7.77142858505,5.974648315416923,1.7967802696330768
9797,2,7.70909088308,6.068942179255268,1.6401487038247318
9798,2,6.4999999404,6.895482927593529,0.39548298719352903
9799,2,7.15999994278,5.725879216444499,1.4341207263355011
9800,2,7.4416667223,6.214243893135629,1.2274228291643707
9801,2,6.63333330154,6.00858280782224,0.6247504937177597
9802,2,7.69230769231,5.776453117154295,1.9158545751557048
9803,2,7.62500011921,9.106485664995166,1.4814855457851657
9804,2,7.44999992847,6.446977946543493,1.0030219819265067
9805,2,7.20000002119,6.781663439269195,0.4183365819208049
9806,2,7.83333357175,5.983439705850124,1.849893865899876
9807,2,7.44285719735,6.768600173265904,0.6742570240840964
9808,2,6.74999996594,5.825227534626835,0.9247724313131647
9809,2,7.19545453245,5.9549304424142075,1.2405240900357928
9810,2,6.84000005722,5.900895110447999,0.9391049467720007
9811,2,7.22999997139,5.971844626178829,1.2581553452111711
9812,2,6.8833334446,5.924912671268878,0.9584207733311221
9813,2,6.625,5.847575942687486,0.7774240573125137
9814,2,7.14444435967,5.977968607557731,1.1664757521122686
9815,2,7.16666658719,6.289789142557661,0.8768774446323393
9816,2,7.56000003815,6.10745811803868,1.4525419201113197
9817,2,7.2333334287,6.0372148664375,1.1961185622625
9818,2,8.0,6.193551651337973,1.8064483486620269
9819,2,6.64999985695,6.050445177194511,0.5995546797554887
9820,2,7.23636362769,5.616695417546094,1.6196682101439066
9821,2,7.08888891008,5.886276202718159,1.2026127073618404
9822,2,7.42500001192,6.221772228121642,1.2032277837983578
9823,2,6.85000002384,6.324996829503128,0.5250031943368718
9824,2,6.46666661898,6.12555150147945,0.34111511750055
9825,2,2.8857142755,6.542617206154648,3.656902930654648
9826,2,5.99687501788,8.766964189438927,2.7700891715589266
9827,2,4.01666666522,6.031904069398053,2.0152374041780527
9828,2,7.14444441266,5.914628131874931,1.2298162807850694
9829,2,7.68181818182,6.3939539174446,1.2878642643753997
9830,2,7.21904763721,6.239961773826661,0.9790858633833395
9831,2,7.38888888889,5.803544505518975,1.5853443833710257
9832,2,6.67999982834,5.869395427949344,0.8106044003906554
9833,2,7.78749996424,6.445920874818368,1.3415790894216322
9834,2,6.79999989271,6.267483548272006,0.5325163444379939
9835,2,7.42727266658,6.058360443802906,1.3689122227770945
9836,2,6.69999998808,7.169598559155235,0.4695985710752346
9837,2,7.04999995232,6.4372062564672134,0.6127936958527869
9838,2,6.92500007153,5.772731105392314,1.1522689661376866
9839,2,7.01111110051,6.029110289805212,0.982000810704788
9840,2,3.26818181303,5.994781820645882,2.7266000076158816
9841,2,6.8272727186,5.733006974109939,1.0942657444900608
9842,2,7.26666665077,6.628500050215604,0.6381666005543964
9843,2,6.94000005722,6.336120534325458,0.6038795228945419
9844,2,6.6999999455,5.993122981271679,0.7068769642283215
9845,2,8.21999998093,8.362911889978342,0.14291190904834217
9846,2,8.57333339055,6.054838707040311,2.5184946835096884
9847,2,7.27272722938,6.3021307767320565,0.9705964526479436
9848,2,7.30909104781,5.725983215186053,1.5831078326239467
9849,2,7.03333330154,5.9315017769016,1.1018315246384
9850,2,7.22500002384,6.269997801360626,0.9550022224793739
9851,2,7.15384611717,7.161398564530048,0.00755244736004812
9852,2,6.88000011444,5.972302984564086,0.9076971298759133
9853,2,7.41666658719,5.740844996322851,1.675821590867149
9854,2,6.38333328565,5.969720307023092,0.41361297862690805
9855,2,7.07999992371,6.149598796384561,0.9304011273254389
9856,2,7.10909089175,5.794960021268819,1.314130870481181
9857,2,7.51249992847,5.805938589004855,1.7065613394651447
9858,2,2.85416667163,6.153074585396249,3.298907913766249
9859,2,6.64545453678,5.89752406048172,0.7479304762982801
9860,2,6.55625006557,6.117488189298925,0.43876187627107477
9861,2,6.71999998093,6.023593412686333,0.6964065682436669
9862,2,7.38461538462,5.949057816121222,1.435557568498778
9863,2,7.83529416253,5.716280415183913,2.119013747346087
9864,2,7.34545469284,7.378656491359461,0.033201798519461256
9865,2,7.3,6.293196583589605,1.0068034164103947
9866,2,8.3000000545,6.26171813191409,2.0382819225859095
9867,2,6.51538467407,5.485415570321548,1.029969103748452
9868,2,7.66923075456,6.199953984412694,1.4692767701473057
9869,2,7.04545463215,7.308000931416911,0.2625462992669112
9870,2,7.32222223282,7.479897944070275,0.1576757112502749
9871,2,6.69999990463,5.97192711966351,0.7280727849664901
9872,2,7.0,6.085131173338164,0.9148688266618361
9873,2,7.19999988874,6.778776322161726,0.42122356657827353
9874,2,7.09999990463,5.853328289057261,1.2466716155727386
9875,2,7.06818177483,5.911212830965322,1.156968943864678
9876,2,7.19999992847,5.961875692193127,1.2381242362768727
9877,2,4.39310346801,6.4119910323862115,2.018887564376212
9878,2,3.73376621828,5.695744569372033,1.9619783510920334
9879,2,7.25999994278,6.952201090873859,0.3077988519061412
9880,2,7.15000006131,5.891042309448837,1.2589577518611632
9881,2,6.78235292435,5.874767522431835,0.9075854019181646
9882,2,7.70000012716,7.341176442735043,0.3588236844249568
9883,2,8.39999993642,5.935243047086164,2.4647568893338363
9884,2,7.9333334287,5.930270847586355,2.003062581113645
9885,2,7.17777782016,5.711649585378776,1.4661282347812241
9886,2,7.70999999046,6.381003614718772,1.3289963757412284
9887,2,7.52857140132,6.15590290630977,1.3726684950102301
9888,2,7.80000007153,5.804987900516007,1.9950121710139932
9889,2,7.19090908224,6.071630390006803,1.1192786922331974
9890,2,6.81818190488,5.961231601804878,0.8569503030751227
9891,2,6.43333333333,5.978458455914273,0.45487487741572696
9892,2,7.16666671965,6.231238494755399,0.9354282248946015
9893,2,6.91428579603,6.175530169497284,0.7387556265327158
9894,2,7.62142852374,6.320963700999002,1.3004648227409978
9895,2,2.30769228935,8.483452252194255,6.175759962844255
9896,2,7.78571421759,5.8794895066887545,1.9062247109012453
9897,5,4.47307693041,5.231199741960538,0.7581228115505372
9898,5,6.03658535422,4.627282938906243,1.409302415313757
9899,5,0.0,0.9675872380285924,0.9675872380285924
9900,5,5.79508197503,4.74357572789558,1.0515062471344203
9901,5,3.68235294024,4.328391057573032,0.6460381173330325
9902,5,4.58947367417,4.540684027126353,0.04878964704364641
9903,5,5.22777777248,5.719614867184136,0.4918370947041364
9904,5,3.76811594203,5.192695036600947,1.4245790945709467
9905,5,4.45550458366,5.363192618829618,0.9076880351696186
9906,5,5.29302323696,4.734736504721807,0.5582867322381926
9907,5,3.52666667302,6.281196246576128,2.754529573556128
9908,5,4.14999999745,6.924625013271566,2.7746250158215657
9909,5,8.35000014305,7.78990463361654,0.5600955094334603
9910,5,7.60625001788,3.452332287663543,4.153917730216457
9911,5,3.81379310016,6.00435036937435,2.1905572692143505
9912,5,6.43157893733,4.383352725929598,2.0482262114004026
9913,5,4.50978263046,5.996089394266226,1.4863067638062262
9914,5,4.26666665872,5.603376035102279,1.336709376382279
9915,5,3.56562497467,5.91953518072078,2.3539102060507804
9916,5,4.72799998283,4.594924144091944,0.13307583873805573
9917,5,7.31818181818,5.840732535399411,1.4774492827805892
9918,5,7.67500003747,5.3156645660837665,2.359335471386234
9919,5,7.59499998093,5.0141976520799005,2.5808023288500994
9920,5,8.0428571701,6.7738364004456795,1.26902076965432
9921,5,4.01702126205,5.4165359141890494,1.3995146521390494
9922,5,4.32727272708,4.855198627232328,0.5279259001523275
9923,5,6.01499996185,7.465784944486662,1.4507849826366623
9924,5,4.1090909062,6.303897111693926,2.1948062054939266
9925,5,4.31463413704,6.126793120470275,1.8121589834302751
9926,5,4.83809525626,6.210298430527752,1.372203174267752
9927,5,7.35000014305,7.742706357385862,0.3927062143358624
9928,5,7.94000007629,5.584994711049754,2.3550053652402454
9929,5,3.90200001717,5.409184723218317,1.5071847060483172
9930,5,4.22575758081,7.660439255069884,3.434681674259884
9931,5,4.63888889551,6.964408947681605,2.325520052171605
9932,5,3.41481480775,5.870639455046101,2.455824647296101
9933,5,4.34285716783,6.305265604799997,1.962408436969997
9934,5,4.3529411905,7.106919941567494,2.7539787510674936
9935,5,4.10909089898,5.555963923403837,1.4468730244238373
9936,5,4.47333339055,6.383165623543068,1.9098322329930681
9937,5,4.39230768497,5.6308590034561945,1.238551318486195
9938,5,4.07500000795,6.402570728319056,2.3275707203690557
9939,5,5.69999992847,5.530196003916771,0.16980392455322857
9940,5,3.88421051126,6.502797583359907,2.618587072099907
9941,5,7.47600000381,5.450338734036567,2.0256612697734333
9942,5,7.6249999404,6.944767401980702,0.6802325384192986
9943,5,7.52500003576,6.627808606626475,0.8971914291335246
9944,5,7.55000004768,4.880200015906331,2.6698000317736694
9945,5,7.97500014305,8.778332901003335,0.8033327579533349
9946,5,8.04000015259,5.7895946855674385,2.2504054670225617
9947,5,7.72000001272,5.425529916166365,2.294470096553635
9948,5,7.87647070604,5.766179028753212,2.1102916772867877
9949,5,8.06896556657,6.32368731995752,1.7452782466124805
9950,5,7.82000007629,6.250500587626693,1.5694994886633076
9951,5,7.24999996026,8.034583170442287,0.7845832101822872
9952,5,7.810526371,5.35796148384004,2.4525648871599603
9953,5,8.05000019073,4.714122837657172,3.335877353072828
9954,5,7.80588234172,8.213994997863011,0.40811265614301107
9955,5,8.43333339691,6.265957875614088,2.167375521295911
9956,5,8.07000002861,5.613893050252365,2.456106978357635
9957,5,9.17199996948,5.176402831860978,3.995597137619022
9958,5,7.60909089175,4.605510024708659,3.0035808670413413
9959,5,7.4529411933,6.023294850394846,1.429646342905154
9960,5,7.4157895038,3.9671972054438296,3.4485922983561705
9961,5,6.5888888571,4.961470782497917,1.6274180746020823
9962,5,7.79500000477,7.404715255843347,0.39028474892665344
9963,5,8.14166669051,8.518289103961191,0.37662241345119085
9964,5,7.18000001907,6.5266100197204775,0.6533899993495229
9965,5,7.60666662852,6.041572391897853,1.565094236622147
9966,5,7.41052632583,4.388828405422183,3.021697920407817
9967,5,8.13333328565,4.379330496830706,3.754002788819294
9968,5,7.97857144901,5.430394037200953,2.548177411809047
9969,5,8.24666665395,9.683614866199317,1.4369482122493178
9970,5,7.77499997616,7.838457934821583,0.06345795866158266
9971,5,7.86315794995,6.796702054778937,1.066455895171063
9972,5,7.49500007629,5.270615189545946,2.224384886744054
9973,5,7.6,7.009759187614001,0.590240812385999
9974,5,7.79999999205,5.589778697379376,2.2102212946706237
9975,5,7.96363644166,5.784078158625254,2.179558283034746
9976,5,8.13750010729,6.119820708975491,2.0176793983145096
9977,5,7.90000004239,4.457418222319465,3.4425818200705356
9978,5,7.57857135364,5.579790563006119,1.998780790633881
9979,5,6.53636364503,6.127423559122295,0.40894008590770436
9980,5,7.88000001907,4.6726077443141385,3.207392274755861
9981,5,7.75263158899,4.421195165290271,3.3314364236997287
9982,5,7.51111112701,5.129050618504005,2.3820605085059956
9983,5,7.26000003815,6.146643865349057,1.113356172800943
9984,5,7.64800001144,4.343716659823896,3.304283351616104
9985,5,7.16666666667,7.2219057074086495,0.05523904073864916
9986,5,7.82000001272,6.6240504057766945,1.195949606943305
9987,5,8.90000004239,5.46453966025936,3.435460382130639
9988,5,9.16666666667,5.05173055172933,4.1149361149406705
9989,5,6.99285718373,5.222184949322385,1.7706722344076153
9990,5,8.08823529412,5.870774369791343,2.217460924328657
9991,5,8.70476200467,4.490853336730741,4.2139086679392594
9992,5,7.69999996821,6.041366954388129,1.6586330138218708
9993,5,7.47142859868,4.261536882011519,3.209891716668481
9994,5,8.37000007629,5.4386970002636215,2.931303076026378
9995,5,7.59999995232,5.103114847400374,2.4968851049196266
9996,5,7.7066666921,4.488331993178633,3.2183346989213666
9997,5,7.60000000681,5.584784618002271,2.0152153888077295
9998,5,7.97500011325,5.879087460412274,2.0959126528377263
9999,5,7.1882352829,4.1964916856548005,2.9917435972451996
10000,5,7.64838707832,4.659859487915471,2.988527590404529
10001,5,8.0150001049,7.721316180592939,0.2936839243070617
10002,5,7.60526320809,5.347933956051639,2.257329252038361
10003,5,8.18333323797,5.736988835280574,2.4463444026894265
10004,5,8.10000018279,5.054279431251654,3.0457207515383455
10005,5,7.64285714286,6.144918736623424,1.4979384062365755
10006,5,7.84583340089,8.370714564343473,0.5248811634534727
10007,5,7.64705879548,5.165919555743084,2.4811392397369154
10008,5,7.8125,4.564595652639969,3.2479043473600306
10009,5,8.05333328247,5.036099849998937,3.0172334324710626
10010,5,7.89166673024,4.728205016807099,3.163461713432901
10011,5,7.35217388817,4.538969360091524,2.813204528078476
10012,5,7.6875,5.749146253545829,1.9383537464541707
10013,5,7.54999995232,5.289846212879979,2.260153739440021
10014,5,6.98333326976,6.407157212922101,0.5761760568378991
10015,5,7.84814820466,5.596924426276104,2.2512237783838964
10016,5,7.83666675886,5.413813933857403,2.4228528250025967
10017,5,8.15714291164,9.086475481840438,0.9293325702004385
10018,5,7.54000005722,4.895865806744249,2.6441342504757515
10019,5,7.52727274461,4.7181711641898065,2.8091015804201938
10020,5,8.64999995913,9.307909712553226,0.6579097534232261
10021,5,8.01250006755,7.047402714173744,0.9650973533762564
10022,5,8.74761903854,7.0992686404427126,1.6483503980972873
10023,5,8.64166673024,4.6345267412954865,4.007139988944514
10024,5,8.09999995761,5.666638947363671,2.4333610102463297
10025,5,8.64999997616,5.765922274404986,2.8840777017550145
10026,5,7.70000004768,6.893581724631994,0.806418323048006
10027,5,7.60588239221,6.96517830910117,0.6407040831088295
10028,5,7.2642856666,7.631439554476985,0.36715388787698444
10029,5,7.46666666667,4.543821067572903,2.922845599097097
10030,5,6.73076923077,8.589027736992751,1.858258506222751
10031,5,7.54999998638,5.430106632370828,2.1198933540091716
10032,5,8.75000015895,5.094666829786783,3.6553333291632164
10033,5,8.375,5.169054263813948,3.2059457361860524
10034,5,7.54444450802,5.169289947399973,2.375154560620027
10035,5,7.47999998728,5.351896242025941,2.1281037452540597
10036,5,8.27500003576,5.769546119427281,2.505453916332719
10037,5,7.6000000106,5.198860152171957,2.401139858428043
10038,5,8.17499998212,4.546384826355206,3.628615155764793
10039,5,7.93333335718,5.246208614557691,2.6871247426223093
10040,5,7.61428571883,4.779367256324095,2.8349184625059047
10041,5,7.59999994131,5.452352254885957,2.147647686424043
10042,5,7.58000001907,4.562708336095271,3.0172916829747285
10043,5,8.170588297,5.096064540716341,3.074523756283659
10044,5,8.07000007629,6.1268113600651155,1.9431887162248849
10045,5,9.13571419035,5.573339793631105,3.562374396718896
10046,5,7.0777777036,4.803051313169082,2.274726390430918
10047,3,7.375,5.824339109175039,1.550660890824961
10048,3,8.51999988556,7.427301643261656,1.0926982422983444
10049,3,7.74285711561,5.292892305967921,2.4499648096420783
10050,3,7.09999990463,5.390794124521795,1.7092057801082046
10051,3,8.59999998411,5.990021979505837,2.6099780046041623
10052,3,7.72500008345,5.359858500789805,2.365141582660195
10053,3,7.00000006812,7.762579204783519,0.7625791366635184
10054,3,8.14444435967,5.630923889294166,2.513520470375834
10055,3,6.05624997616,6.917561835962588,0.861311859802588
10056,3,7.88333336512,6.185042279963209,1.6982910851567912
10057,3,8.04999995232,6.437753560504722,1.6122463918152787
10058,3,8.93333339691,6.029573837563646,2.903759559346353
10059,3,7.63571422441,5.68871256132746,1.9470016630825402
10060,3,8.54999990463,6.328538762411236,2.2214611422187645
10061,3,6.97000012398,7.538745870049164,0.5687457460691636
10062,3,7.97500010331,6.003040170364596,1.9719599329454045
10063,3,8.16250014305,5.741919808619391,2.4205803344306087
10064,3,6.91111108992,6.814032175715181,0.09707891420481918
10065,3,6.8125,6.40737853572307,0.4051214642769301
10066,3,8.36363636364,6.375370042925459,1.9882663207145406
10067,3,8.48750007153,8.78182717500413,0.2943271034741297
10068,3,7.12666660945,8.658277317279442,1.5316107078294419
10069,3,7.71666669846,6.58018475203658,1.1364819464234204
10070,3,7.82307698176,6.854009834236446,0.9690671475235542
10071,3,7.25882353502,8.785021098450336,1.526197563430336
10072,3,7.14999997616,7.16557209727395,0.015572121113949677
10073,3,6.93000004292,6.94223076110613,0.012230718186129863
10074,3,8.2133333842,5.507724169184799,2.705609215015201
10075,3,8.54166674614,5.728462625536499,2.8132041206035012
10076,3,7.38666664759,8.001443538574636,0.6147768909846354
10077,3,7.7,6.030511370488121,1.6694886295118794
10078,3,8.75833320618,5.38120725310994,3.3771259530700597
10079,3,8.46363644166,5.798444390477442,2.665192051182558
10080,3,7.84117650986,5.420522106483087,2.420654403376913
10081,3,6.4789474136,5.557720188166195,0.921227225433805
10082,3,6.5933333079,5.577076181170204,1.016257126729796
10083,3,7.20000001907,5.527816904160407,1.6721831149095934
10084,3,7.8833334446,8.945548612435804,1.062215167835804
10085,3,8.43333318498,5.597494808184237,2.8358383767957633
10086,3,7.58999991417,8.57431264768448,0.9843127335144795
10087,3,9.43333339691,6.114025791204025,3.3193076057059745
10088,3,7.46249997616,5.251903229981448,2.2105967461785525
10089,3,8.23333337572,6.351173468215341,1.8821599075046578
10090,3,8.13529421301,6.009877469472475,2.125416743537526
10091,3,7.71250003576,5.871189706110732,1.8413103296492679
10092,3,8.85000014305,6.720676866886315,2.129323276163685
10093,3,8.21250003576,5.117256839184602,3.0952431965753977
10094,3,7.29999990463,5.920464292837407,1.3795356117925932
10095,3,7.98888889949,5.398815131262216,2.590073768227784
10096,3,8.0624999404,5.287362755255188,2.7751371851448123
10097,3,8.26250004768,6.600129526507129,1.6623705211728703
10098,3,8.34166673819,6.180791725368934,2.160875012821066
10099,3,7.97777785195,5.8747689913102015,2.1030088606397985
10100,3,8.55714266641,5.6264222211113495,2.9307204452986504
10101,3,9.01666673024,6.379874278946797,2.6367924512932035
10102,3,8.47000007629,6.075539198485725,2.394460877804276
10103,3,8.6714286123,5.5169129658061244,3.1545156464938753
10104,3,9.73333334923,6.931595301569434,2.8017380476605656
10105,3,8.75000011921,7.634455656784019,1.115544462425981
10106,3,6.55999996662,5.811173535076838,0.7488264315431623
10107,3,6.92666667302,6.1547622155467,0.7719044574732994
10108,3,8.18333331744,5.708583957124526,2.4747493603154744
10109,3,7.07499996821,6.3408274796508355,0.7341724885591647
10110,3,8.53333322207,5.702106695401399,2.831226526668601
10111,3,7.96666669846,8.50534451994357,0.5386778214835699
10112,3,7.28888887829,5.417562425150367,1.8713264531396332
10113,3,7.66000013351,6.712805395574388,0.9471947379356118
10114,3,7.07142850331,8.584963195184152,1.5135346918741517
10115,3,8.08000006676,5.275918166939993,2.804081899820007
10116,3,8.04615394886,7.231860390710787,0.8142935581492141
10117,3,8.28181825985,5.272474713758138,3.0093435460918627
10118,3,6.52000007629,5.699629194553632,0.820370881736368
10119,3,7.15333325068,5.315241045762887,1.8380922049171131
10120,3,7.60833334923,5.86538451908625,1.7429488301437495
10121,3,7.59090913426,5.420604775714503,2.170304358545497
10122,3,8.61250007153,5.964469028850502,2.6480310426794986
10123,3,7.91250011325,6.135498774512557,1.7770013387374428
10124,3,7.10833326976,5.64393981935306,1.4643934504069405
10125,3,7.0111111535,6.177888102596141,0.8332230509038592
10126,3,8.044444561,7.450155620106236,0.5942889408937644
10127,3,7.31818177483,5.31065135127837,2.0075304235516302
10128,3,7.99166671435,5.487999946950888,2.503666767399112
10129,3,6.22499996424,7.923099433215706,1.6980994689757054
10130,3,7.57500004768,5.4367102610568665,2.138289786623133
10131,3,7.61111116409,5.523307221837285,2.087803942252715
10132,3,7.64444441266,6.074170489395119,1.5702739232648817
10133,3,7.53333330154,6.386415478315122,1.1469178232248778
10134,3,7.37500007947,5.784098322007727,1.590901757462273
10135,3,8.57500004768,5.9381091589002555,2.636890888779744
10136,3,7.75,5.638760647163377,2.1112393528366233
10137,3,8.26923084259,5.424395614524755,2.8448352280652447
10138,3,8.74444431729,5.9875948289928544,2.7568494882971457
10139,3,7.82105257637,6.859799617028791,0.9612529593412082
10140,3,5.90000001589,7.982321470884922,2.082321454994922
10141,3,6.78999998569,6.686460994129963,0.1035389915600371
10142,3,6.82500008742,5.798394528212473,1.0266055592075274
10143,3,6.90000009537,5.825844788741698,1.0741553066283025
10144,3,5.85333344142,6.450036422597684,0.5967029811776836
10145,3,6.99333333969,7.280149127178967,0.2868157874889663
10146,3,6.09999997992,6.653657920454903,0.5536579405349036
10147,3,7.03999996185,7.421121792207219,0.3811218303572188
10148,3,6.5200000445,6.502634321620294,0.01736572287970528
10149,3,6.625,6.625858288235111,0.0008582882351113597
10150,3,6.55625000596,6.953623666397469,0.39737366043746913
10151,3,6.63749998808,7.005587951490202,0.36808796341020233
10152,3,7.24999992053,6.503764336205587,0.7462355843244124
10153,3,6.13999989827,6.724593734085387,0.5845938358153866
10154,3,6.36666674084,6.6775220086146,0.31085526777459993
10155,3,7.45625001192,7.510643954627161,0.05439394270716136
10156,3,7.27499997616,9.143904395869448,1.8689044197094482
10157,3,6.37272726406,6.306069819333988,0.06665744472601176
10158,3,7.15483871583,8.878544782388762,1.7237060665587611
10159,3,6.7055555582,5.174343815796616,1.531211742403384
10160,3,7.63333324591,5.375562485483904,2.257770760426096
10161,3,4.59583326181,6.195652241305709,1.5998189794957085
10162,3,6.66249999404,6.903490654283767,0.24099066024376725
10163,3,6.59999996821,6.3485966397690365,0.25140332844096314
10164,3,5.95833337307,6.109163449495542,0.15083007642554147
10165,3,6.875,6.666632957680558,0.20836704231944214
10166,3,7.50624999404,7.085431542371538,0.4208184516684623
10167,3,6.61333335241,6.367396227179212,0.24593712523078803
10168,3,6.32666664124,6.701852505495959,0.37518586425595846
10169,3,6.74705889646,6.7277777448732445,0.01928115158675503
10170,3,6.44666671753,6.902957315817023,0.4562905982870227
10171,3,7.34400005341,7.13362114927912,0.2103789041308799
10172,3,6.60999999046,6.52290946013333,0.08709053032667047
10173,3,6.5,6.141403062331692,0.3585969376683078
10174,3,6.44615386083,7.174975966145158,0.7288221053151585
10175,3,6.47333335876,6.7475463420729564,0.27421298331295674
10176,3,6.94666671753,6.885660926333677,0.06100579119632332
10177,3,7.42727270993,7.058899159287164,0.3683735506428363
10178,3,6.83750003576,5.644797516522436,1.1927025192375638
10179,3,5.98000001907,5.528525788085728,0.45147423098427186
10180,3,6.28750008345,6.153268162084805,0.13423192136519546
10181,3,7.06666660309,7.847960768239409,0.7812941651494087
10182,3,6.5833332936,6.958360187909148,0.3750268943091477
10183,3,6.23333330949,6.5266242178593945,0.29329090836939464
10184,3,6.64444441266,5.336290633373837,1.3081537792861635
10185,3,6.29000000954,6.335667780700918,0.045667771160918136
10186,3,6.15499994755,8.027251396054533,1.8722514485045325
10187,3,7.06111105283,6.448596053722586,0.6125149991074146
10188,3,7.6411764762,5.871713065917412,1.7694634102825884
10189,3,7.09000000954,6.4769839985924325,0.6130160109475673
10190,3,6.98124995828,6.383657889665528,0.597592068614472
10191,3,5.84000015259,6.858362772210202,1.018362619620202
10192,3,6.60833330949,6.011180415725024,0.5971528937649762
10193,3,6.46875,7.446875322343733,0.9781253223437334
10194,3,6.44545461915,6.268631232815336,0.17682338633466443
10195,3,6.31333341599,7.934709797642942,1.6213763816529418
10196,3,6.38750001788,6.448889521582906,0.06138950370290619
10197,3,6.17499988079,7.063512169139457,0.8885122883494576
10198,3,7.21333328883,6.552173288389335,0.661160000440665
10199,3,6.76999998093,6.068136565364172,0.7018634155658274
10200,3,5.74761901583,5.9777779228761645,0.2301589070461647
10201,3,6.34000000954,6.137664094442888,0.20233591509711157
10202,3,7.10499994755,7.17449914809155,0.06949920054155001
10203,3,7.23000001907,6.978972738953541,0.2510272801164595
10204,3,6.72499996424,6.041509083054542,0.6834908811854579
10205,3,8.08571440833,5.330213780305224,2.7555006280247767
10206,3,6.04499998093,6.1152328652315475,0.0702328843015474
10207,3,5.93333339691,5.381996567662542,0.5513368292474583
10208,3,6.61249998212,5.338288643518933,1.2742113386010674
10209,3,6.38666671117,6.095016525670269,0.2916501854997309
10210,3,7.24666662216,5.941539298113453,1.3051273240465475
10211,3,7.11428574153,5.881637448193507,1.232648293336493
10212,3,6.13333336512,5.8297450808552025,0.3035882842647979
10213,3,6.67999999523,6.369053106908643,0.3109468883213573
10214,3,6.59000005722,5.932061797765435,0.6579382594545651
10215,3,6.32499998808,5.516321870809614,0.8086781172703859
10216,3,7.74999992053,5.368315359378192,2.3816845611518076
10217,3,5.96000003815,6.501904871101287,0.5419048329512872
10218,3,6.44666665395,5.504962046687263,0.9417046072627375
10219,3,6.06000000636,6.938567764730271,0.8785677583702709
10220,3,6.69166664282,5.626326153101694,1.0653404897183059
10221,3,6.40689659119,5.908932056146616,0.49796453504338345
10222,3,6.45000004768,5.9208710572294,0.5291289904505998
10223,3,7.30000004015,5.7649982398187,1.5350018003312993
10224,3,6.75999997457,7.253083590118139,0.49308361554813906
10225,3,5.45000000561,5.455975109558038,0.005975103948038019
10226,3,6.84166665872,5.430571973587346,1.411094685132654
10227,3,6.94615389751,5.780569495957053,1.1655844015529473
10228,3,6.22499998411,5.4945483895665035,0.7304515945434966
10229,3,6.98666664759,6.206257158142511,0.7804094894474884
10230,3,6.70000002384,6.871816067496804,0.17181604365680325
10231,3,6.34666671753,6.012324771267908,0.334341946262092
10232,3,6.33999996185,5.138549502353968,1.2014504594960327
10233,3,7.78000001907,6.247735159000262,1.5322648600697377
10234,3,5.98000001907,7.035564128027127,1.0555641089571264
10235,3,6.53500001431,5.5846766427521715,0.950323371557829
10236,3,6.3999999894,5.196509958932046,1.2034900304679548
10237,3,5.27666662534,7.154554204178683,1.877887578838683
10238,5,5.0470588067,4.784882933192808,0.26217587350719196
10239,5,5.48571426528,5.675368843427147,0.18965457814714703
10240,5,5.54583330949,7.367498986779934,1.8216656772899338
10241,5,6.15499997139,4.90154749687621,1.2534524745137894
10242,5,6.57692304024,4.663169043638881,1.9137539966011188
10243,5,4.49999997195,5.599400474357589,1.0994005024075886
10244,5,6.62499996026,5.212156391873652,1.4128435683863483
10245,5,7.3714285578,5.260900618880822,2.1105279389191782
10246,5,6.38124999404,5.170834029477708,1.2104159645622916
10247,5,5.87222223812,4.913217985231228,0.9590042528887723
10248,5,6.98750007153,5.220378904806314,1.7671211667236868
10249,5,7.18666664759,5.997550020592911,1.1891166269970892
10250,5,5.39374995232,6.047766768634935,0.6540168163149342
10251,5,5.76363637231,5.069346600604433,0.6942897717055665
10252,5,6.95000004768,4.791429491831073,2.158570555848927
10253,5,6.7,5.082699296615104,1.6173007033848963
10254,5,6.90000002725,6.796871152665265,0.10312887458473519
10255,5,6.66111106343,5.534483514614761,1.1266275488152386
10256,5,6.1111111376,5.263351149706089,0.8477599878939106
10257,5,4.97500002384,4.88950539497397,0.0854946288660301
10258,5,7.0666667223,5.58698298595073,1.47968373634927
10259,5,4.56666668256,7.050525044963346,2.483858362403346
10260,5,7.325,5.540207598412614,1.784792401587386
10261,5,5.61999998093,5.093026429809788,0.5269735511202125
10262,5,6.46250003576,5.791953067527583,0.6705469682324168
10263,5,5.82916669051,4.894105575983431,0.9350611145265688
10264,5,5.72916668653,5.661801554450653,0.06736513207934713
10265,5,4.87142854077,5.043843784194539,0.17241524342453918
10266,5,4.95416667064,4.9469599903997725,0.0072066802402277474
10267,5,6.49090909958,5.19197653283042,1.2989325667495795
10268,5,6.6727272814,5.641261825635086,1.0314654557649146
10269,5,5.71363639832,5.658814759783644,0.05482163853635669
10270,5,5.49999997616,4.754725351233372,0.745274624926628
10271,5,6.18181811679,4.826064846594479,1.355753270195521
10272,5,5.7708333532,5.242008478008897,0.5288248751911029
10273,5,5.34999997616,5.422024286046792,0.07202430988679165
10274,5,5.5166666309,5.818134467513234,0.3014678366132344
10275,5,4.82499998808,4.634848750509702,0.19015123757029784
10276,5,4.58285711833,5.036969922150718,0.45411280382071784
10277,5,4.46000003815,4.999400666761524,0.5394006286115243
10278,5,6.47500006358,4.822422383436628,1.6525776801433718
10279,5,7.64000005722,5.257063838418107,2.382936218801893
10280,5,5.17499995232,5.755611629761667,0.5806116774416665
10281,5,5.78,5.79831026292948,0.01831026292947957
10282,5,4.44400001526,5.643308203378535,1.1993081881185343
10283,5,5.94500005245,5.406700222091187,0.5382998303588131
10284,5,4.37000000477,4.442281049310363,0.07228104454036366
10285,5,5.5799999396,4.985230331896323,0.594769607703677
10286,5,5.77000002861,6.3475687896801745,0.5775687610701743
10287,5,5.61999998093,5.534491486210332,0.0855084947196687
10288,5,4.84999997616,5.631494393605379,0.7814944174453791
10289,5,6.3199999673,5.20569287264658,1.1143070946534204
10290,5,4.93000000318,5.050343861751442,0.12034385857144159
10291,5,6.58749997616,5.159470198110489,1.4280297780495115
10292,5,5.11785713264,6.3144565555813745,1.1965994229413743
10293,5,4.19199993134,5.035086284038437,0.8430863526984371
10294,5,5.26499996185,5.421779540643836,0.1567795787938362
10295,5,6.49090901288,5.986574296150669,0.5043347167293311
10296,5,5.10344822653,5.19456386448284,0.09111563795283928
10297,5,6.375,4.745668083483672,1.6293319165163282
10298,5,5.85555550787,4.6731965481363655,1.1823589597336346
10299,5,4.99375000596,5.824350494149273,0.8306004881892735
10300,5,5.44000002543,5.266550286547808,0.17344973888219162
10301,5,6.54782608281,6.137186911031359,0.41063917177864173
10302,5,7.11666671435,4.769856303813489,2.346810410536511
10303,5,6.61999988556,6.050190660362583,0.5698092251974174
10304,5,5.61666660839,4.397309430502212,1.2193571778877885
10305,5,7.41874998808,5.113031207098805,2.305718780981195
10306,5,4.88666671117,4.76866756691733,0.11799914425267044
10307,5,5.21666665872,5.068773817214298,0.14789284150570214
10308,5,6.58500006199,5.263490149092055,1.3215099128979446
10309,5,6.46666663034,5.574256712079018,0.8924099182609817
10310,5,6.28000004292,5.645227710339599,0.6347723325804013
10311,5,5.69705883194,5.379676396827097,0.31738243511290243
10312,5,6.53846152012,5.602644102274818,0.9358174178451826
10313,5,5.32727278363,5.530810131253158,0.20353734762315856
10314,5,6.41428565979,3.984663768634407,2.429621891155593
10315,5,5.90999999046,5.58032678565371,0.3296732048062898
10316,5,6.08571424938,5.641770736453886,0.443943512926114
10317,5,5.02424234332,5.229896361956241,0.205654018636241
10318,5,5.07999994755,7.567143071738146,2.4871431241881456
10319,5,5.366666703,5.300640234849594,0.06602646815040636
10320,5,6.16499993801,5.0347697814502315,1.1302301565597688
10321,5,5.87499998013,4.2742310251732984,1.6007689549567017
10322,5,6.13500001431,4.845737088547027,1.2892629257629729
10323,5,5.57714287894,5.1013292643770765,0.4758136145629237
10324,5,5.1799999555,5.105777721838939,0.07422223366106095
10325,5,5.46666667196,6.764777219297107,1.2981105473371075
10326,5,5.72666665713,5.380705470888335,0.3459611862416647
10327,5,5.54500000477,5.241854314996324,0.3031456897736762
10328,5,6.4375000596,4.8569096725780465,1.580590387021953
10329,5,5.21538463006,4.608123491159587,0.6072611389004132
10330,5,6.63666664759,4.950651937077046,1.6860147105129544
10331,5,5.37500003974,5.615048633079434,0.2400485933394343
10332,5,6.60769224167,4.613439721048438,1.9942525206215613
10333,5,6.45714286395,5.331156878396875,1.1259859855531245
10334,5,6.37333335876,5.230935521622598,1.142397837137402
10335,5,6.45555559794,4.882785876297294,1.5727697216427057
10336,5,6.75588233331,5.229963767924334,1.5259185653856662
10337,5,5.11333328883,5.269639586223443,0.15630629739344304
10338,5,5.51500000954,5.652445861705328,0.13744585216532812
10339,5,6.23913039332,4.9823155127529635,1.2568148805670365
10340,5,5.69999998808,5.546640668137696,0.15335931994230378
10341,5,6.56000003815,4.5937417544358645,1.9662582837141356
10342,5,6.68333331744,5.044575951964465,1.6387573654755352
10343,3,6.55833335718,7.212526070368467,0.6541927131884666
10344,3,7.80000006069,6.363493133074158,1.4365069276158424
10345,3,6.13333320618,5.390156293584306,0.7431769125956933
10346,3,6.58999996185,5.375227753479857,1.2147722083701433
10347,3,6.77333339055,6.338750992304279,0.43458239824572154
10348,3,6.53999996185,6.1545307931949775,0.3854691686550229
10349,3,7.03333335453,5.6743576738993085,1.3589756806306914
10350,3,6.81428561892,6.162871323070222,0.6514142958497775
10351,3,6.34999998411,6.77919584130075,0.4291958571907495
10352,3,6.30000008477,6.246863514419276,0.05313657035072339
10353,3,8.36250001192,6.396211420776098,1.9662885911439023
10354,3,6.37777778837,5.848256252624438,0.5295215357455625
10355,3,6.41111108992,6.357960695644394,0.053150394275606416
10356,3,6.80000007153,9.519933570308314,2.719933498778314
10357,3,6.68125000596,5.640082305543498,1.0411677004165023
10358,3,6.22499996424,5.672998828290201,0.5520011359497996
10359,3,7.03076923811,5.8498261992528935,1.180943038857107
10360,3,6.64545445009,5.586942228218234,1.0585122218717657
10361,3,6.36000013351,5.659410381432696,0.7005897520773035
10362,3,7.94999996821,8.65960894711722,0.7096089789072204
10363,3,6.27500009537,6.379422394714698,0.10442229934469793
10364,3,6.75714288439,6.4110317430459,0.3461111413441005
10365,3,6.46000003815,6.452431807716336,0.007568230433663281
10366,3,7.07368421555,7.449350459481488,0.3756662439314882
10367,3,7.50476190022,6.527411292537768,0.977350607682232
10368,3,7.93913036844,6.734603756902767,1.2045266115372328
10369,3,6.47692309893,6.085295291318765,0.3916278076112354
10370,3,6.77333335876,6.634424696887586,0.13890866187241446
10371,3,6.57142850331,6.993029303384576,0.4216008000745761
10372,3,6.62499992053,5.545031355749105,1.079968564780895
10373,3,6.66000003815,5.8224513913820815,0.8375486467679183
10374,3,6.76666667726,5.756072853312661,1.0105938239473389
10375,3,6.37000007629,6.427275154450418,0.057275078160417436
10376,3,7.23333326976,8.908840251937086,1.6755069821770858
10377,3,6.56666668256,5.631283059969716,0.9353836225902841
10378,3,6.6571429457,5.6336977264105474,1.023445219289453
10379,3,6.56666665607,5.28076074537589,1.28590591069411
10380,3,8.70000009537,5.90359076903129,2.7964093263387095
10381,3,7.71999988556,6.073762569410759,1.6462373161492412
10382,3,7.02000007629,6.185609552800312,0.834390523489688
10383,3,6.33846158248,5.997542589894039,0.34091899258596126
10384,3,6.37777789434,6.256594974399789,0.12118291994021124
10385,3,6.65999994278,6.272261393911766,0.3877385488682341
10386,3,6.56363630295,6.027485271167333,0.5361510317826674
10387,3,6.6875,5.589322369445107,1.0981776305548934
10388,3,6.47727274895,5.405903955885336,1.0713687930646643
10389,3,6.62222215864,6.112942579258682,0.5092795793813174
10390,3,6.72142856462,5.503247647228376,1.2181809173916243
10391,3,8.15263158397,6.000114266497706,2.152517317472295
10392,3,7.04193549002,5.8748654234998465,1.1670700665201537
10393,3,7.06666660309,5.525215765411435,1.541450837678565
10394,3,6.7722222805,5.874593575067779,0.8976287054322212
10395,3,6.64999997616,9.0155939484441,2.365593972284099
10396,3,6.625,5.90781927555693,0.7171807244430699
10397,3,7.8799999555,6.249994986661701,1.630004968838299
10398,3,7.16666666667,5.885237049008117,1.2814296176618836
10399,3,6.19166664282,6.715420166879969,0.5237535240599698
10400,3,7.06666669846,8.974164508461257,1.9074978100012574
10401,3,6.71428571429,5.5695776512322155,1.1447080630577844
10402,3,7.26666667726,6.113937580197279,1.1527290970627213
10403,3,7.18000001907,6.739612863894077,0.4403871551759231
10404,3,8.85555553436,7.822330961670509,1.033224572689492
10405,3,7.38999996185,6.419864692764749,0.9701352690852509
10406,3,6.72500002384,5.4732394412773075,1.2517605825626923
10407,3,6.86666663488,6.071405556208733,0.7952610786712668
10408,3,6.43636369705,5.773979870607279,0.6623838264427206
10409,3,6.78000011444,6.239934820640496,0.5400652937995041
10410,3,7.13333328565,8.127238594996562,0.9939053093465624
10411,3,7.04666668574,5.336294141818364,1.7103725439216362
10412,3,6.42857149669,6.22260357050903,0.20596792618097037
10413,3,6.88000001907,8.980651952999082,2.1006519339290826
10414,3,6.80000003179,5.707050340137963,1.092949691652037
10415,3,6.64545453678,9.546176640010277,2.900722103230277
10416,3,7.54999995232,6.460654934393873,1.089345017926127
10417,3,6.58571420397,6.823583350800437,0.23786914683043658
10418,3,7.07692304024,6.289397842966663,0.7875251972733368
10419,3,6.68571424484,6.109896493144703,0.5758177516952969
10420,3,6.55714280265,6.914448778044505,0.3573059753945058
10421,3,6.46250003576,6.158384142158994,0.304115893601006
10422,3,7.75555562973,8.519863176075484,0.764307546345484
10423,3,7.02999997139,5.5655323059703115,1.4644676654196882
10424,3,6.88181825118,5.586314085939925,1.2955041652400752
10425,3,7.0,5.928702006749152,1.0712979932508482
10426,3,7.50869568535,6.47789142299899,1.03080426235101
10427,3,8.85294117647,6.265467511322468,2.5874736651475327
10428,3,7.51999998093,5.627289765212671,1.8927102157173286
10429,3,6.24615375812,5.710133940159116,0.5360198179608844
10430,3,6.97142859868,5.919860679469572,1.0515679192104281
10431,3,7.34444443385,5.702267233035345,1.642177200814655
10432,3,7.55714287077,5.563518355470801,1.9936245152991985
10433,3,6.47500002384,6.038967132816866,0.4360328910231335
10434,3,6.33749997616,5.5617940828810095,0.7757058932789906
10435,3,6.61666659514,6.190831204347763,0.425835390792237
10436,3,7.0,7.99298151767983,0.99298151767983
10437,3,6.69999989596,6.346614707806534,0.35338518815346553
10438,3,6.68571417672,6.120050241821277,0.5656639348987236
10439,3,6.82999992371,6.057143326719137,0.772856596990863
10440,3,6.71249997616,5.760925898759037,0.9515740774009629
10441,3,6.93846156047,5.842040916029397,1.0964206444406033
10442,3,6.67777776718,5.969926478623233,0.7078512885567676
10443,3,6.54999995232,5.665084089172723,0.8849158631472775
10444,3,6.38000011444,6.153784194620595,0.22621591981940448
10445,3,6.38333336512,6.370358544838444,0.012974820281556276
10446,3,7.07777780957,6.196657565123878,0.8811202444461212
10447,3,6.65555556615,5.666058023211381,0.9894975429386195
10448,3,6.97777777248,6.363568366006664,0.6142094064733357
10449,3,6.5888888571,5.76770028125123,0.8211885758487698
10450,3,6.68333335718,5.933817220146388,0.7495161370336128
10451,3,6.53333330154,5.682773470826618,0.8505598307133821
10452,3,6.86874997616,6.207822820212998,0.660927155947002
10453,3,7.43333331744,6.408090274163794,1.0252430432762054
10454,3,6.68571424484,6.015727303963722,0.669986940876278
10455,3,7.18181822517,5.483641973065399,1.6981762521046004
10456,3,6.50714278221,6.565678671711788,0.058535889501787786
10457,3,7.20000004768,5.810663638637154,1.389336409042846
10458,3,6.97058826334,5.69813175735352,1.2724565059864794
10459,3,6.86250001192,6.40455622226333,0.45794378965667004
10460,3,8.05909098278,6.495968403730261,1.5631225790497396
10461,3,7.61000000636,7.186109724732426,0.4238902816275738
10462,3,7.26875001192,7.735180523627275,0.4664305117072747
10463,1,7.42105270687,7.507611440997773,0.08655873412777293
10464,1,7.32499989867,8.732584878031048,1.4075849793610482
10465,1,7.03076923811,7.6047664335945,0.5739971954845
10466,1,7.36111111111,8.354122926692984,0.9930118155829843
10467,1,4.67333339055,6.688409960602877,2.0150765700528774
10468,1,6.85833338896,7.565232141541113,0.7068987525811128
10469,1,8.63846155313,7.7723610264523275,0.8661005266776725
10470,1,8.53333330154,7.436407368371543,1.0969259331684578
10471,1,7.7333334287,8.375565290553773,0.642231861853773
10472,1,7.61304353631,9.425393826593666,1.812350290283666
10473,1,7.11578941345,9.884438747834015,2.7686493343840146
10474,1,4.12916663289,10.194385530240321,6.065218897350322
10475,1,4.8714285578,6.402258704465073,1.5308301466650729
10476,1,7.89999993642,7.664941149015461,0.23505878740453934
10477,1,7.66923079124,7.705672314502127,0.03644152326212691
10478,1,8.32222223282,11.009131885780828,2.6869096529608285
10479,1,7.03076923811,10.689628508895611,3.6588592707856105
10480,1,7.7222223017,7.766156777564582,0.043934475864582545
10481,1,3.663461527,7.466331582796248,3.802870055796248
10482,1,3.87909085967,8.981217485205072,5.102126625535072
10483,1,8.38333336512,7.532678429253679,0.8506549358663218
10484,1,8.80000002682,9.44183257192916,0.6418325451091604
10485,1,4.38000008265,7.0356440642261635,2.655643981576164
10486,1,7.99999996026,9.55209624068144,1.5520962804214395
10487,1,7.36666669846,8.183148607738696,0.8164819092786955
10488,1,7.84375011921,9.093508016236811,1.2497578970268108
10489,1,7.70625001192,7.629511504078269,0.07673850784173109
10490,1,7.87894730819,7.1507571358255095,0.7281901723644904
10491,1,7.36875002086,7.284199519225245,0.08455050163475519
10492,1,9.35263146852,8.018394209330712,1.3342372591892886
10493,1,8.02916675806,9.059774832305921,1.0306080742459205
10494,1,7.42000007629,7.312283342614665,0.10771673367533463
10495,1,4.22615381388,7.089221245762607,2.863067431882607
10496,1,8.10000010899,7.662342740027592,0.4376573689624088
10497,1,7.53000001907,10.548343202274353,3.018343183204353
10498,1,8.83571440833,7.543563894497377,1.292150513832623
10499,1,7.40645162521,8.241970707150386,0.8355190819403866
10500,1,7.16499989033,8.970865398971023,1.8058655086410234
10501,1,4.39999995913,7.6991152812279084,3.299115322097909
10502,1,4.25454542854,6.6143019832094865,2.3597565546694863
10503,1,3.80601503257,7.385542345832272,3.5795273132622722
10504,1,7.48181819916,8.2581116795217,0.7762934803617005
10505,1,7.54999997881,7.669751271835019,0.1197512930250193
10506,1,8.10000006358,9.490589385140428,1.3905893215604284
10507,1,7.12222221163,7.533626925172812,0.4114047135428125
10508,1,7.68125000596,7.8181696074446325,0.13691960148463256
10509,1,7.37692312094,10.987699993299582,3.6107768723595823
10510,1,3.79795917686,6.979495516058566,3.1815363391985656
10511,1,7.7260869275,6.877199267637373,0.8488876598626272
10512,1,7.37187504768,7.811466816155774,0.43959176847577464
10513,1,9.2333334287,8.089700547986777,1.1436328807132234
10514,1,7.68888892068,10.040472523027713,2.351583602347713
10515,1,7.7777777248,7.724915308297529,0.05286241650247092
10516,1,7.34166669846,7.66881309972079,0.32714640126078987
10517,1,7.73529425789,7.647700195569932,0.0875940623200675
10518,1,8.16190474374,8.698031015975808,0.5361262722358084
10519,1,7.67999992371,7.919599263868357,0.2395993401583576
10520,1,8.77500009537,9.813892366958687,1.0388922715886864
10521,1,7.90000007266,7.6533575435062415,0.24664252915375862
10522,1,7.60416662693,7.992616386747494,0.38844975981749474
10523,1,8.6718750596,8.426661422779254,0.24521363682074515
10524,1,7.44999995828,6.892653424325488,0.5573465339545125
10525,1,7.79999998212,7.627106815014905,0.17289316710509528
10526,1,4.88400001526,7.7614579395159184,2.8774579242559186
10527,1,4.03043475358,6.4473826887606265,2.4169479351806267
10528,1,6.64166665077,7.1032862367445,0.4616195859744998
10529,1,6.85833334923,6.378200321493024,0.48013302773697575
10530,1,6.85,6.701792309595991,0.14820769040400883
10531,1,6.5461538755,6.802955520956641,0.2568016454566413
10532,1,7.00526317797,7.308779692086952,0.3035165141169518
10533,1,6.48666667938,7.0676339014716305,0.5809672220916307
10534,1,3.95040001106,6.897218774170578,2.9468187631105778
10535,1,3.61604936623,6.944914114919404,3.3288647486894036
10536,1,5.18571429593,6.822903117421473,1.6371888214914723
10537,1,6.53000001907,8.739375840175336,2.2093758211053363
10538,1,6.87368418041,9.794794694545672,2.9211105141356724
10539,1,6.125,7.986628965824682,1.861628965824682
10540,1,6.1999999455,6.8613776080274835,0.6613776625274834
10541,1,6.09999995232,7.234795348417942,1.1347953960979416
10542,1,6.73333334923,7.14952056647685,0.4161872172468506
10543,1,6.59999998411,7.75288045834772,1.1528804742377199
10544,1,6.23076930413,6.9950687513171745,0.7642994471871747
10545,1,6.6285714422,6.750575509472717,0.12200406727271673
10546,1,6.26363632896,7.146478818090397,0.8828424891303976
10547,1,6.42857149669,9.640591339465502,3.2120198427755016
10548,1,4.84166665872,6.749094254796278,1.9074275960762774
10549,1,5.35517238748,8.286547931101023,2.931375543621023
10550,1,4.83333349228,7.304115237107472,2.4707817448274714
10551,1,4.15000009537,8.52089042704271,4.37089033167271
10552,1,6.56999993324,7.834723915846909,1.2647239826069088
10553,1,6.66666666667,7.045311848602618,0.378645181932618
10554,1,5.8750000298,6.915738019496847,1.0407379896968472
10555,1,5.34736844113,7.615298203513302,2.267929762383302
10556,1,5.53600000381,6.970527024314223,1.4345270205042233
10557,1,6.9545454112,7.16801868805985,0.21347327685985018
10558,1,6.69285716329,7.568015737939558,0.875158574649558
10559,1,6.86249995232,7.099287417268688,0.23678746494868808
10560,1,5.59333340327,6.695293262616004,1.101959859346004
10561,1,5.66315786462,6.704970150630869,1.0418122860108694
10562,1,7.01818180084,6.863164860376151,0.15501694046384884
10563,1,5.52000007629,7.312047341886615,1.792047265596615
10564,1,5.86923082058,7.184225315485446,1.314994494905446
10565,1,5.56111115879,8.263499988109178,2.702388829319178
10566,4,5.38444442749,6.109692125926022,0.7252476984360223
10567,4,5.18235293557,5.739836714361907,0.5574837787919069
10568,4,4.0333332936,5.66878329293389,1.6354499993338898
10569,4,6.46296296296,5.388837437647517,1.0741255253124828
10570,4,4.98888889949,4.604294887377396,0.38459401211260413
10571,4,5.0764706275,5.272049977429875,0.1955793499298748
10572,4,5.73750001192,4.704462446852938,1.0330375650670618
10573,4,4.59199996948,4.354381657228522,0.23761831225147745
10574,4,6.66500000954,4.601923072082634,2.0630769374573656
10575,4,4.71999993324,4.511535449959121,0.20846448328087863
10576,4,6.87222223812,4.805810729162301,2.0664115089576987
10577,4,6.73888889949,4.824510029167895,1.9143788703221052
10578,5,4.82727276195,3.7481326214181188,1.079140140531881
10579,5,5.44000005722,3.2221202952632524,2.2178797619567474
10580,5,7.38499999046,4.473325966172723,2.9116740242872767
10581,5,6.26000000636,4.985530503083602,1.2744695032763982
10582,5,5.48125001788,8.886463920511492,3.405213902631492
10583,5,5.16666663488,4.314129532950545,0.852537101929455
10584,5,5.61132075652,4.449556495290221,1.161764261229779
10585,5,4.86000003815,7.264262833393253,2.4042627952432527
10586,5,5.85625001788,3.7265976580116895,2.1296523598683104
10587,5,5.49199995041,3.994158706553266,1.4978412438567341
10588,5,5.58999998569,4.599472254202691,0.9905277314873082
10589,5,5.48666667938,4.5377601704101735,0.9489065089698263
10590,5,6.00399997711,4.030444365295347,1.9735556118146533
10591,5,5.5583332777,4.610100601106735,0.9482326765932649
10592,5,5.75833332539,3.667384469591159,2.0909488557988407
10593,5,6.4062500298,3.8325495080858296,2.57370052171417
10594,5,4.98750001192,4.064075060689193,0.9234249512308068
10595,5,5.74166667461,4.506931080237765,1.2347355943722356
10596,5,6.63999998569,4.765730670585656,1.8742693151043444
10597,5,4.98076926745,4.387357025367061,0.5934122420829393
10598,5,7.4352942074,4.616799950866286,2.8184942565337145
10599,5,5.27692303291,3.892004578178682,1.3849184547313182
10600,5,6.61999994914,5.235111146046547,1.3848888030934532
10601,5,5.82666664124,3.818613816994178,2.008052824245822
10602,5,7.03499996662,4.221262394864768,2.813737571755232
10603,5,5.21886792273,4.14136553178801,1.0775023909419907
10604,5,5.97999997139,4.093093030795446,1.886906940594554
10605,5,6.64999995232,3.976192715421062,2.673807236898938
10606,5,6.51764701394,4.300059446402651,2.2175875675373486
10607,5,6.32499994834,4.385072597759926,1.9399273505800743
10608,5,6.25833332539,3.805804337179289,2.4525289882107106
10609,5,7.29999995232,3.6726647188423165,3.627335233477684
10610,5,8.26666666667,3.9222277022254115,4.344438964444588
10611,5,4.22903225499,6.723851167445005,2.4948189124550053
10612,5,6.23076919409,4.364018513499413,1.8667506805905862
10613,5,4.60666668415,5.3155055815720225,0.7088388974220221
10614,5,3.98048781186,4.394312987202584,0.4138251753425841
10615,5,6.70526318801,3.73199896591192,2.97326422209808
10616,5,7.13500001431,4.899307140907252,2.2356928734027477
10617,5,4.23243241697,4.327167040572277,0.09473462360227725
10618,5,3.91290320889,4.051936097879219,0.13903288898921895
10619,5,7.00000003974,3.758344074044974,3.241655965695026
10620,5,3.53529409801,5.012298781005434,1.477004682995434
10621,5,7.38750004768,5.923080421557561,1.4644196261224387
10622,5,5.64210522802,4.141816303265168,1.500288924754832
10623,5,5.20000001004,3.6739295864798773,1.5260704235601228
10624,5,5.70999996662,9.573303998157083,3.8633040315370835
10625,5,6.45000001788,6.339327425437119,0.11067259244288064
10626,5,6.22666664124,4.526120397681897,1.7005462435581027
10627,5,5.49500000477,3.5846157128609093,1.9103842919090903
10628,5,5.08611113495,5.069707421910474,0.01640371303952648
10629,5,4.78249998093,4.372039001638193,0.41046097929180725
10630,5,5.3000000053,5.504256708720854,0.204256703420854
10631,5,4.18709670344,5.349298205649154,1.1622015022091539
10632,5,4.791304381,5.563991959371892,0.7726875783718921
10633,5,4.80000004402,4.895990844865098,0.09599080084509826
10634,5,4.18888887432,5.175739524490453,0.986850650170453
10635,5,4.57666667302,4.661720882131366,0.08505420911136596
10636,5,7.73333333333,4.331450877481117,3.4018824558488827
10637,5,5.17500001192,5.579720648414487,0.40472063649448664
10638,5,5.46666665872,4.079631772347609,1.3870348863723914
10639,5,4.55757574602,4.506300685740769,0.05127506027923179
10640,5,6.59999998411,4.429454988145151,2.170544995964849
10641,5,5.72666664124,4.202821306673162,1.523845334566838
10642,5,5.68499999046,4.291846077321862,1.3931539131381374
10643,5,5.39999996915,3.758959633779501,1.6410403353704988
10644,5,5.28333324856,6.324481139284995,1.0411478907249947
10645,5,8.52500009537,9.736945114498452,1.2119450191284518
10646,5,4.17083332936,9.058812018921714,4.887978689561714
10647,5,7.12000002861,5.050718625431527,2.069281403178473
10648,5,5.19230758227,4.2910071897709035,0.9013003924990963
10649,5,5.1894736039,3.7770541435633564,1.4124194603366433
10650,5,6.88888883591,4.5589173655979,2.3299714703121
10651,5,5.61111103164,4.137629929003719,1.4734811026362813
10652,5,5.88750002782,6.219302005546762,0.33180197772676223
10653,5,5.07000000477,5.159368582013258,0.08936857724325797
10654,5,8.11428579262,4.5149501337313716,3.599335658888629
10655,5,4.8050000906,4.7947371871207345,0.010262903479265617
10656,5,6.02499997616,3.834831470653217,2.190168505506783
10657,5,4.11058817471,5.8008193982498035,1.6902312235398034
10658,5,4.35362316906,4.519438725240228,0.16581555618022836
10659,5,5.08666658401,4.323369644778296,0.7632969392317035
10660,2,3.95192303566,6.046148925394357,2.094225889734357
10661,2,6.3750000298,4.585666545071948,1.7893334847280515
10662,2,6.22666667302,4.187295681941732,2.0393709910782682
10663,2,5.19411763023,4.328113636119477,0.8660039941105229
10664,2,4.85692305932,3.9179959667744804,0.9389270925455193
10665,2,4.29999999567,4.695726851864626,0.3957268561946252
10666,2,5.50833332539,5.344851836878691,0.16348148851130873
10667,2,5.76428570066,4.490657466900121,1.2736282337598794
10668,2,5.1043478095,6.473329853280162,1.3689820437801616
10669,2,5.10769224167,4.464574876755538,0.6431173649144615
10670,2,5.62499988079,3.878089500058186,1.7469103807318138
10671,2,5.20952379136,3.7620394778968684,1.4474843134631312
10672,2,6.15555561913,3.9041641870569084,2.251391432073092
10673,2,5.38750004768,5.491295204446269,0.10379515676626916
10674,2,4.60499994755,3.2795466425668245,1.3254533049831752
10675,2,5.09444443385,3.7263857557317976,1.368058678118202
10676,2,5.3166667223,4.233668703985995,1.0829980183140053
10677,2,4.46000000636,6.047382382389619,1.5873823760296197
10678,2,6.31666668256,3.671564741019994,2.6451019415400063
10679,2,7.05833331744,3.8143849625068214,3.2439483549331785
10680,2,6.62222226461,3.9881939723219038,2.6340282922880967
10681,2,6.34545458447,4.478772014134211,1.8666825703357883
10682,2,5.16799991608,4.3685395800537545,0.7994603360262458
10683,2,4.02093019596,4.344528368904228,0.3235981729442283
10684,2,4.86874999106,4.961948106652745,0.09319811559274527
10685,2,3.99054724779,4.933097589860582,0.9425503420705819
10686,2,5.99375000596,5.01236907943041,0.9813809265295896
10687,2,7.65999991099,4.744001621238244,2.915998289751756
10688,2,6.57142853737,4.920718984637059,1.6507095527329412
10689,2,7.06111102634,4.23227675200831,2.8288342743316894
10690,2,7.06999993324,5.622989882090907,1.4470100511490926
10691,2,6.90000003576,6.587276773968256,0.3127232617917439
10692,2,4.55135134104,5.135716296116108,0.5843649550761079
10693,2,6.35238095692,4.919745787584887,1.4326351693351134
10694,2,5.14666652679,5.156127098184209,0.009460571394209083
10695,2,5.24375003576,4.308950746325538,0.9347992894344621
10696,2,4.79166665872,4.449077716205805,0.3425889425141948
10697,2,7.46666661898,7.584504633159409,0.11783801417940953
10698,2,5.09999990463,5.651930334434365,0.551930429804365
10699,2,5.34000002543,3.969427645550061,1.3705723798799392
10700,2,5.03749996424,5.8363673329822845,0.7988673687422843
10701,2,6.17368417037,5.19896910970591,0.9747150606640895
10702,2,5.53000006676,5.645647875653424,0.11564780889342341
10703,2,6.95999991099,4.907997049993899,2.052002860996101
10704,2,7.4520000267,5.861827863839878,1.5901721628601226
10705,2,7.74736841101,7.120824351531295,0.6265440594787055
10706,2,5.10909089175,4.265792405095569,0.8432984866544313
10707,2,4.40000001122,4.1234730598245655,0.27652695139543493
10708,2,5.82222225931,4.004746509659858,1.817475749650142
10709,2,5.13499991894,4.108990427027585,1.026009491912415
10710,2,3.98369563662,3.8285678823552054,0.15512775426479442
10711,2,4.30000006236,3.8492273029857103,0.4507727593742894
10712,2,5.1684209924,4.135603304370699,1.0328176880293007
10713,2,5.68333329095,4.122649268159261,1.5606840227907393
10714,2,5.09999993112,3.8456777886227336,1.2543221424972666
10715,2,5.44444444444,5.902693949222693,0.45824950478269244
10716,2,4.96000003815,7.166246278324118,2.206246240174118
10717,2,6.62631579449,5.829838404638473,0.7964773898515274
10718,2,5.51538463739,5.237197228871425,0.2781874085185754
10719,2,4.43191489768,5.817356847085996,1.3854419494059966
10720,2,5.0937499553,5.198479657601515,0.10472970230151546
10721,2,6.47142853056,5.102342281234465,1.3690862493255347
10722,2,5.06363630295,6.01702353496834,0.9533872320183399
10723,2,5.93333333333,5.237648183380598,0.6956851499494023
10724,2,5.13333325159,5.8335600723848415,0.7002268207948417
10725,2,4.67931033825,5.722333796383969,1.0430234581339697
10726,2,4.45000004768,4.828769668564947,0.37876962088494714
10727,2,6.36250007153,5.302202766036775,1.0602973054932257
10728,2,5.19166666269,6.485218480707164,1.2935518180171632
10729,2,4.46578948121,5.299694344908994,0.8339048636989945
10730,2,5.26190480732,5.974652325303074,0.7127475179830745
10731,2,5.56666662958,4.4176560379042105,1.1490105916757898
10732,2,4.6133333842,5.581534065540973,0.9682006813409734
10733,2,5.0468749553,4.616237888168294,0.43063706713170546
10734,2,6.30000003179,4.863631749103742,1.4363682826862574
10735,2,5.23076919409,5.151662243173162,0.07910695091683806
10736,2,6.82105265166,6.455985478752502,0.3650671729074979
10737,2,6.77857143538,6.685126108308674,0.09344532707132558
10738,2,5.50555552377,4.212324839534297,1.293230684235703
10739,2,4.98124998808,8.515626494642385,3.534376506562385
10740,2,3.72156860548,5.759476337455256,2.037907731975256
10741,2,3.85211265591,5.384112593366849,1.531999937456849
10742,2,5.53846150178,5.021593618149463,0.5168678836305363
10743,2,4.48421054137,5.450311845243331,0.9661013038733302
10744,2,4.1288135173,5.140460680489047,1.0116471631890471
10745,2,6.51666669051,4.736768497320986,1.7798981931890143
10746,2,6.98000001907,6.374676682714718,0.6053233363552826
10747,4,7.33999999364,5.151466962587708,2.188533031052292
10748,4,8.45999994278,5.127709145386268,3.332290797393732
10749,4,6.61999998093,6.281440377311252,0.33855960361874793
10750,4,6.5666667223,5.424055626754313,1.1426110955456865
10751,4,8.39999996532,4.948030857526874,3.4519691077931256
10752,4,7.70000000795,5.548894410056372,2.151105597893628
10753,4,8.58571434021,5.281744950369115,3.3039693898408853
10754,4,7.53333330154,4.9649101756888605,2.5684231258511394
10755,4,6.67499995232,5.278434780173447,1.3965651721465537
10756,4,7.14444435967,5.692987351456663,1.4514570082133362
10757,4,7.78823543997,4.978184067254524,2.810051372715476
10758,4,7.60869567291,5.548069769173603,2.0606259037363968
10759,4,7.01176475076,7.543606777110817,0.5318420263508168
10760,4,7.2352941457,4.878499879038838,2.3567942666611623
10761,4,7.85714295932,5.791248584941405,2.065894374378595
10762,4,6.6249999702,5.112435751923313,1.5125642182766876
10763,4,6.63999996185,5.127445338438637,1.5125546234113632
10764,4,7.19999998808,5.538549709371807,1.6614502787081928
10765,4,6.4,4.825489097331136,1.5745109026688642
10766,4,6.40909095244,5.236979036670288,1.1721119157697117
10767,4,7.27222217454,5.097598233883973,2.1746239406560273
10768,4,7.42500003179,5.046089052656855,2.3789109791331446
10769,4,6.90909090909,5.833461914278727,1.0756289948112725
10770,4,7.84545458447,4.657904633438097,3.1875499510319028
10771,4,8.18421052632,4.956436865001958,3.227773661318041
10772,4,7.17058815676,4.775011817765604,2.3955763389943963
10773,4,6.81481481481,5.793072512585459,1.021742302224541
10774,4,6.27999998728,6.526995781247104,0.2469957939671037
10775,4,7.67857149669,4.961846870036798,2.7167246266532024
10776,4,7.91875004768,5.3574579864133725,2.5612920612666272
10777,4,8.42999997139,6.453266073440487,1.9767338979495133
10778,4,7.55454540253,5.220030585046478,2.3345148174835213
10779,4,6.96666669846,6.848508533963907,0.1181581644960934
10780,4,6.69166664282,4.902264337684702,1.7894023051352974
10781,4,7.61249995232,5.066307126842837,2.5461928254771635
10782,4,7.32500004768,7.147546353118098,0.17745369456190208
10783,4,7.99411768072,6.962392716992843,1.0317249637271564
10784,4,5.96842105765,6.441631975718108,0.47321091806810855
10785,4,6.75000009537,5.47574438723084,1.27425570813916
10786,4,7.10476189568,6.775471701831523,0.32929019384847713
10787,4,6.9333333515,5.110412620460684,1.822920731039316
10788,4,7.2222222752,5.822122780554688,1.4000994946453122
10789,4,7.83181821216,6.417276786870637,1.4145414252893627
10790,4,8.82307690841,7.104530326721783,1.7185465816882166
10791,4,7.71428568023,5.272903125509972,2.441382554720028
10792,4,8.24545444142,4.99590429155578,3.24955014986422
10793,4,6.66363638098,5.630379102489467,1.0332572784905327
10794,4,6.83571430615,5.334133935698482,1.501580370451518
10795,4,7.92222234938,6.929060607644154,0.9931617417358458
10796,4,8.93124997616,5.0227026582694165,3.9085473178905836
10797,4,8.61999998093,5.101844251623344,3.518155729306656
10798,4,7.04999999205,6.217992807292763,0.832007184757237
10799,4,7.74761899312,5.079236403533743,2.6683825895862565
10800,4,7.62222226461,4.947735398513139,2.6744868660968617
10801,4,8.12000010808,4.965236142011564,3.154763966068435
10802,4,7.57647051531,5.161745372142947,2.4147251431670522
10803,4,6.8294117591,5.120889209199284,1.7085225499007164
10804,4,6.73749998212,6.796370392174854,0.05887041005485383
10805,4,7.6214285578,6.161348092924099,1.460080464875901
10806,4,7.42499999205,4.974068554341418,2.450931437708582
10807,4,7.31999998093,5.312764406047306,2.007235574882694
10808,4,6.55000001192,6.52306561830733,0.02693439361267025
10809,4,6.5,4.992176432352521,1.5078235676474794
10810,4,7.9714286895,7.082506636228194,0.8889220532718056
10811,4,6.83333341281,6.462216843512179,0.3711165692978211
10812,4,6.51052633085,6.955580889418886,0.4450545585688861
10813,4,7.33200000763,5.235199788104257,2.0968002195257425
10814,4,7.76875004172,4.992513622270623,2.7762364194493765
10815,4,7.75454542854,4.839626857380599,2.914918571159401
10816,4,8.09000003338,5.206398237830184,2.8836017955498168
10817,4,6.64666662216,5.251461026431064,1.3952055957289353
10818,4,7.95454549789,6.325777716260076,1.6287677816299242
10819,4,7.37647062189,5.070280694225966,2.3061899276640343
10820,4,7.25384613184,6.865510954928008,0.3883351769119914
10821,4,6.71578949376,6.859799839670238,0.14401034591023798
10822,4,7.5312499702,5.324442423132252,2.206807547067748
10823,4,7.56923073989,6.563514232917575,1.0057165069724254
10824,4,7.1562500596,5.053458171253295,2.1027918883467045
10825,4,6.52142865317,5.013060307370351,1.5083683457996493
10826,4,6.93333333333,5.715801568493513,1.2175317648364876
10827,4,6.29999997616,7.981430124345981,1.6814301481859815
10828,4,6.10588239221,5.509278689390586,0.5966037028194142
10829,4,6.72666664124,5.996645594313877,0.7300210469261224
10830,4,7.17000002861,5.562101250137713,1.6078987784722862
10831,4,6.32500000795,7.714157881236839,1.3891578732868393
10832,4,6.23749992251,5.349834643068867,0.8876652794411326
10833,4,6.30625003576,7.963540793739459,1.6572907579794594
10834,4,6.83000001907,7.24101556764097,0.4110155485709699
10835,4,6.70769229302,5.228964156475923,1.4787281365440768
10836,4,6.83333335604,7.5028611515158605,0.6695277954758607
10837,4,7.15500006676,5.902421223318223,1.2525788434417775
10838,4,7.09285719054,5.420565113996442,1.6722920765435578
10839,4,7.08124998212,5.992412353355995,1.0888376287640051
10840,4,6.39230775833,5.0666165782867765,1.3256911800432238
10841,4,6.71428578241,5.693029005224519,1.0212567771854815
10842,4,4.2695652091,5.471660422680442,1.2020952135804421
10843,4,6.70434779706,4.9310647046306055,1.773283092429394
10844,4,6.45384619786,6.159581962325332,0.2942642355346683
10845,4,6.05999996185,5.947379806570579,0.11262015527942104
10846,4,6.1888888677,7.120611349857792,0.9317224821577916
10847,4,6.01875001192,5.771547710526466,0.24720230139353383
10848,4,7.94375002384,6.261477609318602,1.6822724145213979
10849,4,7.05294115403,6.00644805936447,1.0464930946655304
10850,4,8.08571440833,5.353491332028055,2.7322230763019455
10851,4,6.45000004768,6.98417797678532,0.5341779291053204
10852,4,5.90000009537,5.645643291612892,0.25435680375710845
10853,4,5.79047625405,5.488957545974047,0.30151870807595227
10854,4,4.74411763864,7.479469783114618,2.7353521444746187
10855,4,6.76842104761,7.166786332515427,0.39836528490542644
10856,4,6.49565217806,5.925761152992383,0.5698910250676175
10857,4,6.33333345254,7.070479392977445,0.7371459404374452
10858,4,6.81111110581,5.169047390196635,1.6420637156133653
10859,4,6.29333327611,5.735810731544511,0.5575225445654892
10860,4,7.08095241728,7.248167604258175,0.16721518697817483
10861,4,8.23529420179,5.763500539785792,2.471793662004208
10862,4,7.26000003815,5.3955946733836,1.8644053647663998
10863,4,6.60000005364,7.33973771780992,0.7397376641699207
10864,4,3.66094674161,6.90262018981509,3.2416734482050895
10865,4,6.64999995232,7.2890206781813305,0.6390207258613305
10866,4,6.36666671435,5.982528081646411,0.38413863270358917
10867,4,5.96666669846,5.212367486433012,0.7542992120269885
10868,4,7.14374995232,5.147223506219488,1.9965264461005123
10869,4,5.76666665077,5.5142165732657915,0.2524500775042089
10870,4,6.63076928946,5.448785519292132,1.181983770167868
10871,4,7.46153846154,6.16018747411187,1.3013509874281297
10872,4,6.50000007947,5.316171668829034,1.1838284106409667
10873,4,4.57831323578,6.748016199336867,2.169702963556867
10874,4,6.8315789825,6.821915972885348,0.00966300961465194
10875,4,6.78823529973,6.932152377961843,0.1439170782318424
10876,4,6.71333332062,7.24300415795136,0.5296708373313601
10877,4,6.00999999046,5.504469223208995,0.5055307672510052
10878,4,7.12777778837,5.248578831601579,1.8791989567684215
10879,4,6.40714287758,5.364569940374686,1.042572937205314
10880,4,6.15714287758,6.542993043265751,0.3858501656857509
10881,4,6.96428571429,5.628480583247072,1.3358051310429282
10882,4,6.50666672389,5.41074505703563,1.0959216668543696
10883,4,6.0933333079,5.304409161147909,0.7889241467520911
10884,4,5.92105270687,5.547920001735246,0.37313270513475416
10885,4,6.51818180084,6.424238541407679,0.09394325943232129
10886,4,6.0066666921,6.980816957918911,0.9741502658189116
10887,4,6.77000005245,7.105608117441872,0.335608064991872
10888,4,6.54374998808,8.379808622924308,1.8360586348443082
10889,4,6.56666665607,7.305040569257399,0.7383739131873996
10890,4,6.08461541396,5.982818507379287,0.10179690658071294
10891,4,7.15000004768,9.019269998610998,1.869269950930998
10892,4,6.30909096111,7.341167431339,1.0320764702289997
10893,4,6.02272725105,7.035539883565449,1.0128126325154492
10894,4,6.28800004959,7.034183470711498,0.7461834211214979
10895,4,7.64210527822,6.874835003173471,0.7672702750465286
10896,4,6.74736841101,8.356113062410348,1.6087446514003476
10897,4,6.86999998093,5.083726125434591,1.7862738554954092
10898,4,6.70714286395,5.263114734489061,1.4440281294609383
10899,4,6.77499997616,5.248628141300072,1.526371834859928
10900,4,7.98666671117,5.447031554543289,2.5396351566267112
10901,4,6.31500008106,5.211728878550888,1.103271202509112
10902,4,6.83076928212,5.310207028088746,1.5205622540312547
10903,4,6.14705875341,5.473292197426048,0.6737665559839519
10904,4,7.0166666309,5.118787515692286,1.8978791152077132
10905,4,4.73680001068,5.085192280434052,0.34839226975405246
10906,4,4.10185186068,5.465831567863717,1.3639797071837165
10907,4,5.86428584371,6.883358350445348,1.0190725067353474
10908,4,6.57368424064,7.552830629611474,0.9791463889714747
10909,4,7.48571429934,5.736508209554357,1.749206089785643
10910,4,6.94117647059,5.930092840208832,1.0110836303811679
10911,4,6.64999994636,5.910748610026937,0.7392513363330631
10912,4,6.06874993443,5.8151834807256915,0.25356645370430897
10913,4,6.37500003974,7.4064060457815435,1.0314060060415438
10914,4,6.09999995761,6.570600625267076,0.4706006676570764
10915,4,6.34285715648,6.974014813436842,0.6311576569568418
10916,4,5.25220587674,5.325232153081407,0.07302627634140713
10917,4,6.65333331426,5.042078067233303,1.6112552470266968
10918,4,6.2933333079,5.44171607320626,0.8516172346937401
10919,4,6.13043467895,5.8065413665666465,0.32389331238335384
10920,4,5.75454542854,5.0930887041084905,0.6614567244315097
10921,4,6.44666671753,5.564289325077777,0.8823773924522236
10922,4,6.49499998093,5.154815454298385,1.3401845266316155
10923,4,6.55199996948,7.502000909721811,0.9500009402418117
10924,4,6.67692305492,5.124528323441339,1.5523947314786604
10925,4,5.77500003576,7.537915931339676,1.7629158955796767
10926,4,7.347619034,4.575274605118475,2.7723444288815253
10927,4,6.61666667461,5.015492971997526,1.6011737026124742
10928,4,6.14999991655,5.694637045084999,0.45536287146500065
10929,4,3.81499999762,4.944971503212802,1.1299715055928017
10930,4,4.53124997516,5.310510035536094,0.7792600603760942
10931,4,4.71555554072,4.991305630999605,0.2757500902796055
10932,4,4.37105266044,5.746068464530216,1.375015804090216
10933,4,4.19799996376,5.930947127053479,1.7329471632934785
10934,4,6.61666663488,5.5528276333478495,1.0638390015321502
10935,4,7.10000002384,5.578605804431438,1.5213942194085615
10936,4,7.36111111111,5.441031590016996,1.9200795210930037
10937,4,6.85,5.0983962587298794,1.7516037412701202
10938,4,6.13571422441,6.327354371572687,0.19164014716268696
10939,4,5.92941180397,8.041085557981372,2.111673754011372
10940,4,6.3125,7.400676838633369,1.0881768386333688
10941,4,4.0594594543,5.557124654198894,1.4976651998988944
10942,1,5.13980583543,6.91153949784261,1.7717336624126103
10943,1,3.91262133839,5.784703622190989,1.8720822838009887
10944,1,3.81509434502,6.624931439334743,2.809837094314743
10945,1,5.13999999046,6.720685748622217,1.5806857581622173
10946,1,4.24629626451,6.236978031818969,1.9906817673089696
10947,1,3.91944441862,6.937835505166725,3.018391086546725
10948,1,5.40229886154,6.113033025815682,0.7107341642756815
10949,1,4.01874998957,6.657446048879933,2.6386960593099333
10950,1,4.4547619479,6.49781908724284,2.0430571393428405
10951,1,5.56521737057,8.359914175556641,2.794696804986641
10952,1,4.00864198178,5.924409263412407,1.915767281632407
10953,1,5.10869563144,6.659750117058035,1.5510544856180353
10954,1,4.99210528324,6.12087943604153,1.1287741528015305
10955,1,3.90731705107,6.487056328331059,2.579739277261059
10956,1,5.20563377461,6.564834864301016,1.359201089691016
10957,1,4.16603771246,6.24718270962553,2.0811449971655307
10958,1,5.00140846279,6.911365282221698,1.9099568194316987
10959,1,3.83928570577,6.10351331396218,2.26422760819218
10960,1,4.83749997616,6.578872048132304,1.7413720719723038
10961,1,4.60181817141,6.665165707766263,2.0633475363562637
10962,1,6.05957445185,6.784892520033667,0.7253180681836673
10963,1,4.21948050833,6.400604828208852,2.181124319878852
10964,1,4.22878781232,6.168041571211427,1.939253758891427
10965,1,4.11538460621,6.778818737082938,2.663434130872938
10966,1,3.90512819168,6.216295304160676,2.311167112480676
10967,1,4.11333325704,8.707734913989166,4.594401656949166
10968,1,5.7720000267,5.25705396255287,0.5149460641471295
10969,1,4.19308173581,6.942234460086884,2.7491527242768843
10970,1,4.46470591601,6.362228311279345,1.8975223952693456
10971,1,6.09834709246,6.921225143722172,0.8228780512621716
10972,1,5.47380953176,7.010135008011093,1.5363254762510934
10973,1,4.81472391877,7.094734444899334,2.2800105261293337
10974,1,3.9158415936,6.262552204748996,2.3467106111489957
10975,1,4.38717946639,6.154566791298265,1.767387324908265
10976,1,4.43454546495,10.884373980870947,6.449828515920947
10977,1,3.90980388136,6.284184017821543,2.3743801364615433
10978,1,6.3692307839,6.22467138549294,0.14455939840706034
10979,1,4.46940296799,5.9973982106907595,1.5279952427007597
10980,1,4.3074074027,6.842185479806993,2.534778077106993
10981,1,4.11052630659,6.404123957361948,2.2935976507719484
10982,1,4.32499999139,6.054364422185012,1.7293644307950116
10983,1,4.29047614052,5.890246169267266,1.5997700287472663
10984,1,6.11158537574,6.639685559877563,0.5281001841375632
10985,1,5.27128713438,6.2943717536097505,1.023084619229751
10986,1,3.87391302897,6.241958417635949,2.368045388665949
10987,1,4.34166669846,6.092787903193772,1.7511212047337716
10988,1,5.66470592162,6.140347882280908,0.4756419606609077
10989,1,4.24242419908,6.544201259182877,2.301777060102877
10990,1,6.82499996821,6.769148896812669,0.05585107139733125
10991,1,3.92162163838,6.374373326308731,2.4527516879287314
10992,1,4.27777779985,6.124476151770839,1.846698351920839
10993,1,5.15000002281,6.2066438970160664,1.0566438742060669
10994,1,5.11406245828,6.605827148457273,1.4917646901772725
10995,1,4.80503146453,6.740376180281236,1.9353447157512358
10996,1,5.8050000906,6.129875547940918,0.3248754573409176
10997,1,6.46250000596,6.2817157014958624,0.1807843044641375
10998,4,4.29285711902,5.126016968610292,0.8331598495902925
10999,4,6.17999989986,5.453329307788055,0.7266705920719456
11000,4,5.92000007629,5.857711079860742,0.06228899642925789
11001,4,4.77999994755,5.81781077254654,1.0378108249965399
11002,4,3.96666669846,5.626835292379775,1.6601685939197752
11003,4,5.88333332539,5.123211500575222,0.7601218248147781
11004,4,6.46315790478,4.894669222717324,1.568488682062676
11005,4,4.62307686072,5.186950547234016,0.5638736865140155
11006,4,4.99473684712,5.012283834353246,0.01754698723324566
11007,4,4.80000007153,4.580844197422886,0.21915587410711446
11008,4,5.27326734467,5.2873037875428786,0.014036442872878752
11009,4,3.93136093179,4.927063598859206,0.9957026670692062
11010,4,5.7812500298,5.3453496315854885,0.4359003982145113
11011,4,5.23714288303,6.846776663097665,1.6096337800676652
11012,4,6.55714287077,5.595463432381729,0.9616794383882707
11013,4,4.50952382315,5.276185141173199,0.7666613180231989
11014,4,6.07499996821,5.3140839746522275,0.7609159935577727
11015,4,4.83124998212,5.344577544826809,0.5133275627068086
11016,4,4.63125002384,7.999809302058402,3.3685592782184024
11017,4,5.92500007153,4.5054585528484505,1.4195415186815499
11018,4,5.84166673819,5.150688891445554,0.6909778467444454
11019,4,5.79999996821,5.753256929498965,0.04674303871103458
11020,4,5.99444450272,5.28034076337568,0.7141037393443206
11021,4,5.40555561913,5.308196176480381,0.09735944264961915
11022,4,5.55333328247,5.751024568144199,0.1976912856741997
11023,4,5.05773199219,6.2509333464749055,1.1932013542849056
11024,4,5.84999999735,5.8858991072563995,0.03589910990639922
11025,4,4.64642861911,7.8841311894732815,3.2377025703632816
11026,4,6.34444443385,7.10596996195686,0.7615255281068602
11027,4,5.50833332539,7.375526324982246,1.8671929995922465
11028,4,6.48750004172,6.855454703486637,0.36795466176663716
11029,4,5.67999989192,6.890578083501598,1.2105781915815985
11030,4,4.14509802239,5.35263424847108,1.2075362260810802
11031,4,5.54666665395,5.420830410428767,0.12583624352123302
11032,4,6.01249998808,7.0443282142265975,1.0318282261465974
11033,4,5.98750001192,6.307546403209049,0.32004639128904877
11034,4,4.0844827356,5.94128186481017,1.8567991292101702
11035,4,5.31578943604,7.69132214405666,2.37553270801666
11036,4,4.2532109908,7.829156114181834,3.5759451233818336
11037,4,5.08831615874,7.832948402636316,2.7446322438963167
11038,4,4.38636363095,5.807350903371631,1.4209872724216313
11039,4,6.24799999237,5.2440043903502875,1.003995602019712
11040,4,5.59230764096,7.57600181017336,1.9836941692133605
11041,4,4.49999998013,5.027189873748544,0.5271898936185435
11042,4,4.22857141495,5.745070012194828,1.5164985972448282
11043,4,4.31904779162,5.035987512726095,0.7169397211060948
11044,4,5.31555553719,5.1446570145114485,0.17089852267855132
11045,4,4.83214284692,5.998579151592779,1.1664363046727786
11046,4,4.40833342075,5.4989551267644625,1.0906217060144625
11047,4,6.40000002201,6.038509422566182,0.361490599443818
11048,4,5.10645163444,7.026229516984655,1.919777882544655
11049,4,5.75333331426,5.717406094059493,0.03592722020050676
11050,4,5.86923085726,5.051073574112285,0.8181572831477144
11051,4,5.5842105213,5.448663205840592,0.1355473154594078
11052,4,4.84166663885,6.047204686997132,1.2055380481471323
11053,4,6.46666665872,5.983293602074518,0.48337305664548236
11054,4,6.19374996424,5.41809418230371,0.7756557819362904
11055,4,6.16666666667,7.492622410750899,1.3259557440808987
11056,4,5.91333335241,5.579394719407041,0.33393863300295834
11057,4,6.43000006676,5.484202471586331,0.9457975951736692
11058,4,5.72000001272,5.703247278877544,0.01675273384245557
11059,4,5.86666676203,5.379621885120489,0.48704487690951126
11060,4,4.58136644719,7.637299928778326,3.055933481588326
11061,4,4.98577406217,6.274870461255663,1.289096399085663
11062,4,7.29999997881,5.156342941889852,2.143657036920148
11063,4,5.76000000636,6.466339240645956,0.7063392342859558
11064,4,5.0468749851,5.2991159569016215,0.25224097180162186
11065,4,4.88999999591,5.567495338052963,0.6774953421429624
11066,4,4.28666664759,7.893157559828362,3.606490912238362
11067,4,6.5,4.861542107964558,1.6384578920354418
11068,4,5.70526318801,5.2427473694934665,0.46251581851653345
11069,4,3.94714285306,5.831553296695839,1.884410443635839
11070,4,4.14583321412,6.307135044292707,2.1613018301727074
11071,4,6.06500003338,5.340685254350275,0.7243147790297249
11072,4,4.89444441266,4.988478641004512,0.09403422834451192
11073,4,4.09583332141,4.898623925234531,0.8027906038245316
11074,4,5.80000011738,5.3237184140833325,0.4762817032966673
11075,4,6.43200004578,6.281445327483063,0.15055471829693712
11076,4,5.76999998093,5.71313370219362,0.05686627873638006
11077,4,5.71499996185,5.281725126017696,0.43327483583230464
11078,4,6.18269228018,5.8602901982837885,0.3224020818962119
11079,4,5.65000005563,5.070092338353078,0.5799077172769218
11080,4,4.97500002384,6.017110703654925,1.0421106798149253
11081,4,5.68999993801,7.882305167645797,2.1923052296357977
11082,4,5.76153843219,6.38387289550413,0.6223344633141297
11083,4,4.31428568136,5.755912667720764,1.441626986360764
11084,4,7.34000000954,4.956122830370882,2.383877179169118
11085,4,6.79565222367,5.739109536418281,1.056542687251719
11086,4,4.56666667121,7.350077788950284,2.7834111177402843
11087,4,6.15833322207,5.515886821128751,0.6424464009412487
11088,4,6.30769230769,5.786774771266984,0.5209175364230161
11089,4,6.7818182165,5.392684265286313,1.3891339512136867
11090,4,4.20514402762,7.846998471455172,3.6418544438351717
11091,4,6.1999999455,7.481019529234928,1.2810195837349276
11092,4,4.31004183063,6.129483966152417,1.8194421355224168
11093,4,4.34642856462,5.18578410952316,0.8393555449031602
11094,4,5.24074072308,5.004439483103489,0.23630123997651076
11095,4,5.13124999404,4.7371003012427835,0.39414969279721657
11096,4,7.25714295251,4.558105538570059,2.6990374139399407
11097,4,5.06855345372,5.965977985003798,0.8974245312837983
11098,4,5.30714287077,6.902282837004066,1.5951399662340657
11099,4,4.99090903456,7.368574217907177,2.377665183347178
11100,4,4.9,5.347060814022166,0.4470608140221657
11101,4,6.11666665475,4.841272202468822,1.2753944522811782
11102,4,5.6260869503,6.183713151093622,0.5576262007936217
11103,4,4.80344821667,5.786356028326987,0.9829078116569869
11104,4,4.81666670243,4.517323539199312,0.299343163230688
11105,4,5.09499998093,5.103899487713839,0.008899506783839328
11106,4,5.24999995232,4.225525839961023,1.024474112358977
11107,4,5.49285718373,5.554864230256499,0.06200704652649858
11108,2,6.81428582328,5.951410835693361,0.8628749875866388
11109,2,5.83750003576,5.2859463958316315,0.5515536399283683
11110,2,6.34999998411,7.033689850248048,0.6836898661380477
11111,2,6.60000006358,5.474725717024858,1.1252743465551411
11112,2,6.75555562973,6.149686474326229,0.605869155403771
11113,2,7.69999980927,6.318600277715596,1.381399531554404
11114,2,6.17272723805,6.6355825518990255,0.46285531384902523
11115,2,6.43333331744,7.301534267272963,0.8682009498329633
11116,2,6.64444446564,6.455787585339036,0.1886568803009645
11117,2,5.96153846154,7.122097045065325,1.160558583525325
11118,1,6.59999990463,6.830320285994324,0.23032038136432398
11119,1,4.69230767397,10.426670408081055,5.734362734111055
11120,1,4.49768784005,8.979276676937246,4.481588836887246
11121,1,3.70571428026,9.831128353789797,6.125414073529797
11122,1,4.52346937754,6.864691679083518,2.3412223015435183
11123,1,2.88552633085,7.205265852774274,4.319739521924275
11124,1,2.79298244861,6.9553716666428675,4.162389218032867
11125,1,5.13928573472,10.273652088056163,5.134366353336164
11126,1,6.08333333333,7.111335094007416,1.0280017606774159
11127,1,3.7986111078,8.26286566188561,4.464254554085609
11128,1,4.20849056289,6.538880614551193,2.330390051661193
11129,1,3.47524752947,9.335532173104887,5.860284643634888
11130,1,3.14821428912,8.967880964099239,5.8196666749792385
11131,1,5.96875,6.804612314329794,0.8358623143297939
11132,1,6.97000002861,6.475120423459117,0.49487960515088325
11133,1,6.29999995232,6.907288775569598,0.6072888232495979
11134,1,5.88666667938,9.475146066192247,3.5884793868122467
11135,1,6.36666668786,8.896684523766314,2.530017835906315
11136,1,4.46380951972,9.346002061675563,4.882192541955563
11137,1,5.64117639205,7.542862741298229,1.9016863492482292
11138,1,4.97291664779,6.478311137874503,1.5053944900845027
11139,5,3.98632477491,6.11956792609123,2.1332431511812304
11140,5,4.73150684409,6.0345583011119714,1.3030514570219713
11141,5,3.45222221745,5.577518710941623,2.125296493491623
11142,5,5.82666664124,5.094881397552015,0.7317852436879848
11143,5,5.30952378682,4.329680545025067,0.9798432417949332
11144,5,5.78947370931,5.561304828315841,0.22816888099415955
11145,5,5.81379313305,4.292640154250277,1.5211529787997229
11146,5,4.59729730761,4.27401914581681,0.3232781617931897
11147,5,5.52790695013,3.9786050242853506,1.5493019258446497
11148,5,4.04685314552,4.318834088914331,0.27198094339433077
11149,5,3.20888888571,6.786339016443552,3.5774501307335522
11150,5,5.2503105365,5.042254922109269,0.20805561439073106
11151,5,3.97622377556,4.460584150130716,0.4843603745707159
11152,5,2.92180451594,5.554017100132027,2.632212584192027
11153,5,3.3060606128,5.498711270106767,2.1926506573067672
11154,5,5.78235306459,5.933320030485337,0.15096696589533742
11155,5,7.45000004768,7.040168906612237,0.4098311410677624
11156,5,5.67878791058,5.021942102521562,0.6568458080584376
11157,5,5.76315791983,3.9286529266223926,1.8345049932076076
11158,5,5.09999999404,3.756788358702037,1.3432116353379628
11159,5,3.84749999841,5.459593415663644,1.6120934172536439
11160,5,3.59677420124,6.287557618869396,2.690783417629396
11161,5,4.13399999619,5.588312036029551,1.454312039839551
11162,5,3.80877191142,5.559757275428266,1.7509853640082662
11163,5,5.90909082239,4.8225542740498515,1.0865365483401481
11164,5,5.38636359301,4.720203106885538,0.6661604861244612
11165,5,3.90000001589,8.121675460609367,4.221675444719367
11166,5,3.05416668455,6.117864976282448,3.0636982917324476
11167,5,3.55477705427,6.02558920822934,2.4708121539593395
11168,5,3.4895833234,6.637084640543881,3.1475013171438806
11169,5,4.64642857441,5.6353711936720465,0.9889426192620467
11170,5,4.38275859274,5.610865851170578,1.2281072584305779
11171,5,4.21017963444,6.499767338810942,2.289587704370942
11172,4,5.49411765267,6.748943671461934,1.2548260187919338
11173,4,4.71562497318,6.0995920024574275,1.3839670292774278
11174,4,5.0178571088,6.526186446763388,1.5083293379633878
11175,4,4.64857138225,6.115634509419907,1.467063127169907
11176,4,5.44090903889,6.2380927743711165,0.7971837354811164
11177,4,5.43076929679,6.355910217579673,0.9251409207896728
11178,4,5.65999994278,4.645887016338145,1.0141129264418547
11179,4,4.96842108275,5.899323366644184,0.9309022838941843
11180,4,8.10000038147,6.718781398418455,1.3812189830515456
11181,4,5.42068969792,7.032820266082293,1.6121305681622928
11182,4,7.52499997616,6.447216125716084,1.0777838504439163
11183,4,4.69375000596,6.7996720325402205,2.1059220265802203
11184,4,5.52777775129,7.544820940265643,2.0170431889756424
11185,4,5.61666659514,6.528728967784794,0.9120623726447938
11186,4,6.64166665077,7.062227477047743,0.4205608262777423
11187,4,5.35714278902,7.295578163166643,1.9384353741466427
11188,4,6.04615383882,7.008760855338145,0.9626070165181453
11189,4,7.20999994278,6.898645116197319,0.3113548265826811
11190,4,5.34000015259,6.700195535483507,1.3601953828935072
11191,4,4.90465116501,7.167116666443647,2.262465501433647
11192,4,5.19375002384,7.069752185579178,1.8760021617391782
11193,4,5.14545455846,6.952665394475093,1.8072108360150931
11194,4,5.61249995232,7.219356176800136,1.6068562244801354
11195,4,5.34999999633,6.523404659715588,1.173404663385588
11196,4,5.69999990463,6.38646537658896,0.68646547195896
11197,4,5.76829268293,6.229088704061679,0.46079602113167883
11198,4,5.75199996948,7.124644237548938,1.372644268068938
11199,4,5.72727272727,6.189555531418295,0.4622828041482947
11200,4,6.51249998808,7.5170872216961095,1.0045872336161095
11201,4,5.60625004768,6.771324670470941,1.1650746227909412
11202,4,5.44999996821,6.353474125352619,0.903474157142619
11203,4,5.12777776188,6.0892782751917505,0.9615005133117505
11204,4,6.17500003179,5.8918177636057845,0.2831822681842153
11205,4,5.457894777,6.538124243959071,1.0802294669590715
11206,4,5.68571431296,6.465641254945673,0.7799269419856731
11207,4,5.77575761622,6.719065571961848,0.9433079557418482
11208,4,5.31538464473,6.4651721017760675,1.1497874570460676
11209,4,5.53750005364,7.104301345785677,1.5668012921456773
11210,4,6.41666674614,6.817296180174084,0.4006294340340846
11211,4,4.60800004959,6.724753534938393,2.1167534853483927
11212,4,4.64909087961,6.248728731142954,1.599637851532954
11213,4,5.46250003576,5.827346919844292,0.364846884084292
11214,4,5.77499997616,6.2878006316590795,0.5128006554990794
11215,4,5.36666671435,7.78119429026554,2.41452757591554
11216,4,7.60000014305,6.263360122870701,1.3366400201792992
11217,4,4.52972972715,5.731625917205509,1.2018961900555087
11218,4,5.5421052481,6.525983962998216,0.983878714898216
11219,4,5.65714284352,5.880341288363283,0.2231984448432831
11220,4,5.58999996185,6.225978166751521,0.6359782049015203
11221,4,5.79999999342,5.217143288975645,0.5828567044443549
11222,4,4.88000001907,5.04303853095705,0.16303851188705032
11223,4,6.5,5.9589784962319055,0.5410215037680945
11224,4,5.25714288439,7.715331785805951,2.4581889014159506
11225,4,6.16470589357,5.090973346616723,1.073732546953277
11226,4,7.09999990463,6.346388391118005,0.753611513511995
11227,4,5.72142853056,7.300356944151655,1.5789284135916555
11228,4,6.11428574153,5.007632327606869,1.106653413923131
11229,4,4.83999996185,5.399596057943144,0.5595960960931441
11230,4,6.70909088308,5.906503631713617,0.8025872513663828
11231,4,6.44999996821,4.990613953083233,1.4593860151267668
11232,4,5.41666674614,6.0927514731767065,0.6760847270367067
11233,4,6.45555559794,6.803372052873637,0.34781645493363733
11234,4,4.53076922894,4.946673900345065,0.41590467140506515
11235,4,4.94339620842,9.128288096517995,4.184891888097995
11236,4,4.57333334817,7.048628857731829,2.4752955095618283
11237,4,5.30800003052,6.525640933068111,1.2176409025481112
11238,4,5.21578944357,6.111412070060519,0.8956226264905185
11239,4,6.33846150912,5.229674195393349,1.1087873137266513
11240,4,6.74615383148,6.564334676188123,0.1818191552918771
11241,4,7.11428569612,7.519014614733266,0.40472891861326676
11242,4,5.99000005722,6.1711145589966865,0.18111450177668686
11243,4,5.63846147977,6.05469477186112,0.41623329209112025
11244,4,6.61666666137,6.166756266550674,0.4499103948193257
11245,4,5.25999994278,5.486329221433337,0.22632927865333663
11246,4,5.0625,6.349077110643597,1.2865771106435968
11247,4,5.43333323797,5.4707520210350005,0.03741878306500013
11248,4,5.85882355185,6.115048824113398,0.2562252722633982
11249,4,5.2083333532,5.29092187720936,0.08258852400936068
11250,4,4.92222234938,5.418919596546646,0.49669724716664554
11251,4,5.27999997139,5.208609775832931,0.07139019555706838
11252,4,4.05142855644,6.160655859151536,2.1092273027115356
11253,4,4.0545454242,5.329412241664203,1.2748668174642033
11254,4,6.27499997616,5.670854742014914,0.6041452341450864
11255,4,6.66250002384,6.395460721348927,0.26703930249107266
11256,4,6.32222223282,6.239368542019777,0.08285369080022242
11257,4,6.68999996185,6.438353660344605,0.2516463015053949
11258,4,5.08823526607,6.325125757835334,1.236890491765334
11259,4,5.19090899554,5.403924732646821,0.2130157371068213
11260,4,5.83333341281,6.3813828955706935,0.5480494827606934
11261,4,5.8272727186,8.298444768624279,2.471172050024279
11262,4,6.33333345254,6.200567590509234,0.1327658620307659
11263,4,7.53913050113,5.2026544864852315,2.3364760146447683
11264,4,7.02222220103,5.698409189425915,1.3238130116040852
11265,4,4.12058819042,6.563110695431465,2.442522505011465
11266,4,4.22682927294,5.267369503723625,1.0405402307836251
11267,4,5.31999998093,7.469900015819854,2.1499000348898543
11268,4,5.36190473466,6.939323059398463,1.5774183247384626
11269,4,7.16666666667,6.955307029703774,0.21135963696622628
11270,4,6.22380958285,6.490623869474671,0.26681428662467077
11271,4,6.80624997616,6.291141829059912,0.5151081471000882
11272,4,6.59230764096,7.698820524621511,1.1065128836615115
11273,4,6.09090909091,5.167646029453831,0.9232630614561694
11274,4,4.95,8.654011947920095,3.704011947920095
11275,4,6.34000005722,5.170581967151714,1.1694180900682865
11276,4,4.53225805683,5.231390071842597,0.699132015012597
11277,4,6.15833322207,7.365028613958624,1.2066953918886245
11278,4,6.81052634591,4.87912062537136,1.9314057205386392
11279,4,6.57272733342,8.632157371309109,2.0594300378891095
11280,4,6.84615380947,5.091273310945548,1.754880498524452
11281,4,6.46666669846,7.154909768948612,0.6882430704886122
11282,4,6.1777777142,6.527173686969732,0.3493959727697318
11283,4,5.84999998411,7.373148020930712,1.5231480368207118
11284,4,6.59999997616,5.158666296857522,1.4413336793024785
11285,4,6.87777776188,6.876222637116201,0.0015551247637990429
11286,4,6.1636363593,6.513763059904758,0.3501267006047577
11287,4,4.46274513357,8.419765423334661,3.957020289764661
11288,4,5.5,5.472294770356969,0.027705229643030904
11289,4,4.90999999046,6.273393515768738,1.3633935253087381
11290,4,7.15555556615,6.784926299933047,0.37062926621695347
11291,4,6.20000001362,6.463945736195836,0.26394572257583526
11292,4,7.26666663488,5.809785204030474,1.456881430849526
11293,4,5.81000013351,7.705609953316899,1.8956098198068991
11294,4,5.37692304758,4.9302280173835555,0.4466950301964445
11295,4,6.3124999404,4.90570843728055,1.4067915031194502
11296,4,5.84545456279,6.253306716285907,0.40785215349590764
11297,4,5.22272727706,6.451092764148219,1.2283654870882197
11298,4,6.57272720337,5.254205155653597,1.318522047716403
11299,4,6.46000000636,6.342751766285257,0.11724824007474233
11300,4,6.41111108992,5.385005255164373,1.0261058347556276
11301,4,6.39166665077,6.142770137051299,0.24889651371870158
11302,4,4.64130422343,5.341770820205836,0.7004665967758363
11303,4,4.66315788972,5.951630920463174,1.288473030743174
11304,4,6.60999999046,4.970008146825537,1.6399918436344638
11305,4,7.09333333969,5.622324948881669,1.471008390808331
11306,4,6.11249995232,6.305063966740859,0.19256401442085824
11307,4,6.66666658719,5.727247021739984,0.9394195654500157
11308,4,5.89999990463,5.025253606405421,0.8747462982245784
11309,4,6.80714290483,5.670110361552304,1.1370325432776962
11310,4,5.58000011444,5.339586293929841,0.2404138205101587
11311,4,5.20999999046,7.043738151706145,1.8337381612461447
11312,4,6.22592592239,7.0217538322969055,0.7958279099069054
11313,4,6.0000000298,6.047851050662267,0.04785102086226711
11314,4,4.82499994681,5.4621439027059715,0.6371439558959713
11315,4,4.76499994993,8.351324518567498,3.5863245686374983
11316,4,6.49999988079,5.314652055730903,1.1853478250590967
11317,4,6.19999996821,5.903544932622339,0.2964550355876616
11318,4,5.53749990463,6.760090784704545,1.222590880074545
11319,4,6.43846156047,6.514065327981662,0.07560376751166142
11320,4,5.37142857483,7.5280788646307055,2.156650289800705
11321,4,5.61666667461,6.26645990113183,0.6497932265218296
11322,4,7.73076923077,5.755785554598026,1.9749836761719743
11323,4,5.9909090779,5.719093437274557,0.2718156406254426
11324,4,6.89166673024,5.739807234072767,1.1518594961672326
11325,4,6.62999997139,6.43469194294323,0.1953080284467701
11326,4,6.40000002725,8.170649152076159,1.7706491248261589
11327,4,5.6333334181,7.066076917230107,1.4327434991301065
11328,4,6.53846157514,6.671851105949628,0.13338953080962757
11329,4,4.53448272574,5.736485071130042,1.2020023453900421
11330,4,4.37666676044,4.828778355629268,0.452111595189268
11331,4,4.14193547157,4.488048169572364,0.3461126980023641
11332,4,4.59531247616,5.730261327852764,1.134948851692764
11333,4,8.04166666667,5.359008139203006,2.6826585274669945
11334,4,7.64545458013,5.0355543741913795,2.6099002059386205
11335,4,4.42857149669,4.4189461246642665,0.009625372025733547
11336,4,4.64285714286,5.468203305263199,0.825346162403199
11337,4,4.50322580338,5.0755661022155,0.5723402988355
11338,4,4.5433333238,5.585928234840118,1.0425949110401183
11339,4,4.39253734475,6.420762077258583,2.0282247325085834
11340,4,4.64333327611,4.711679044461549,0.06834576835154937
11341,4,4.38135597261,7.516271223988921,3.1349152513789216
11342,4,4.07234041742,4.4820511123911775,0.40971069497117707
11343,4,4.6828570979,6.1773344592560235,1.4944773613560232
11344,4,4.89666665395,6.082944031169182,1.1862773772191826
11345,4,7.23076930413,4.608281798916888,2.622487505213112
11346,4,7.45999999046,6.456200007273734,1.0037999831862656
11347,4,4.72812500596,5.2750795552176495,0.5469545492576495
11348,4,4.5937500447,5.2635160029382195,0.6697659582382194
11349,4,4.81875003874,5.721114776132621,0.9023647373926211
11350,4,4.67241372733,4.813734600123279,0.14132087279327887
11351,4,4.62799993515,4.51116575523244,0.11683417991755984
11352,4,4.15116275189,4.993283958619042,0.8421212067290416
11353,4,4.32777783606,7.471286766150087,3.1435089300900865
11354,4,4.37500011921,6.645603932362998,2.2706038131529978
11355,4,8.44615386083,8.35900441907507,0.08714944175492967
11356,4,7.0000000298,4.98888959145212,2.01111043834788
11357,4,8.16000008583,5.333072586039195,2.826927499790804
11358,4,4.43333339691,5.7126255247462385,1.2792921278362384
11359,4,4.58444441689,5.3460242852126125,0.7615798683226123
11360,4,4.3722222911,6.380079550547565,2.007857259447565
11361,4,8.54444450802,5.3174600423450045,3.2269844656749953
11362,4,8.12000010808,5.983648227796028,2.1363518802839714
11363,4,4.46000003815,5.0248881189890025,0.5648880808390029
11364,4,4.07333329519,5.148957525020263,1.0756242298302627
11365,4,3.98269230127,4.899640365875705,0.9169480646057044
11366,4,4.24920633861,7.828317354665664,3.5791110160556645
11367,4,4.45641029798,5.038205682745048,0.5817953847650479
11368,4,6.64736840599,4.887416995647964,1.759951410342036
11369,4,6.84545460614,4.848339515543126,1.997115090596874
11370,4,4.10967738398,4.949567572387622,0.8398901884076215
11371,4,4.55074624873,4.904682366797127,0.35393611806712677
11372,4,4.69032262987,5.678034421113049,0.9877117912430489
11373,4,4.15945946204,6.1286041480746505,1.9691446860346504
11374,4,7.70000006602,4.389703498732777,3.3102965672872235
11375,4,4.67777773186,5.564459041761452,0.8866813099014523
11376,4,4.67317063634,5.62320927486752,0.9500386385275199
11377,4,4.65416659911,5.036506554322338,0.38233995521233854
11378,4,4.91627910525,4.8188204128922205,0.0974586923577796
11379,4,4.57647064153,5.192902330834494,0.6164316893044939
11380,4,4.61025640292,5.0325713942054175,0.4223149912854174
11381,4,6.46000000636,4.983814923454579,1.4761850829054204
11382,1,7.55714293889,9.869000993855614,2.3118580549656143
11383,1,7.97272734209,10.614089783727689,2.641362441637689
11384,1,7.48571426528,9.037151073865537,1.551436808585537
11385,1,6.8200000445,7.739462850932221,0.9194628064322208
11386,1,7.49285721779,7.130067673405289,0.3627895443847109
11387,1,6.90000004239,6.921683976076628,0.02168393368662791
11388,1,8.06000001431,9.492004025682157,1.4320040113721557
11389,1,6.6999999193,8.581683046086276,1.8816831267862764
11390,1,6.09230769598,9.628528187123422,3.536220491143422
11391,1,6.73888887299,10.129240099198778,3.3903512262087787
11392,1,6.23125004768,7.007284912129957,0.7760348644499571
11393,1,7.21250003576,8.679062233981357,1.4665621982213572
11394,1,7.13999993006,8.690162864949777,1.5501629348897765
11395,1,8.09230789771,8.853268879439657,0.7609609817296565
11396,1,7.76153854223,8.458576315211698,0.6970377729816972
11397,1,7.20666666031,8.608231240737615,1.401564580427615
11398,1,8.33636344563,6.6829469689115815,1.6534164767184194
11399,1,8.35000014305,8.79644287249388,0.44644272944388064
11400,1,7.97333339055,10.75290597580363,2.7795725852536304
11401,1,7.83846158248,8.998968333821756,1.1605067513417557
11402,1,3.42000000477,9.155514977729158,5.735514972959159
11403,1,7.76666673024,8.553074355909008,0.7864076256690078
11404,1,7.51000003815,9.06170808197653,1.5517080438265296
11405,1,7.26999998093,8.744061395612878,1.474061414682878
11406,1,8.55833323797,9.370955188762585,0.8126219507925843
11407,1,8.61999998093,9.16207764679092,0.5420776658609192
11408,1,7.88333340486,8.83427747822026,0.9509440733602599
11409,1,7.92307703312,8.040535836719842,0.11745880359984184
11410,1,6.56470587674,9.456289689289552,2.891583812549552
11411,1,6.32916669051,6.409461603577707,0.08029491306770709
11412,1,6.09677416278,8.393679142886985,2.2969049801069845
11413,1,5.88421051126,9.793911390733545,3.9097008794735446
11414,1,8.54374992847,8.485847615668781,0.05790231280121816
11415,1,7.72999992371,8.61770610596065,0.8877061822506498
11416,1,8.32142867361,6.28002602924186,2.041402644368141
11417,1,7.95333347321,10.371971809905533,2.4186383366955333
11418,1,7.5,10.24107092906203,2.7410709290620296
11419,1,7.60833330949,7.973381452714705,0.3650481432247048
11420,1,7.8222222858,8.891951713010934,1.0697294272109348
11421,1,8.29166658719,8.341429298737129,0.04976271154712819
11422,1,7.90000009537,8.64380890767858,0.7438088123085791
11423,1,7.27272731608,8.653866737594443,1.381139421514443
11424,1,7.45882354063,8.877835063651602,1.4190115230216023
11425,1,7.00000004768,8.453917038139593,1.453916990459593
11426,1,7.48125007749,6.4351510585141085,1.0460990189758919
11427,1,8.66875004768,9.058960301280425,0.3902102536004257
11428,1,6.91666674614,9.861668807373402,2.945002061233402
11429,1,7.72500002384,8.632132087019057,0.9071320631790574
11430,1,7.08333337307,10.087756138433285,3.0044227653632847
11431,1,7.4153846594,9.2994848094425,1.8841001500425003
11432,1,7.275,8.194654194798982,0.9196541947989818
11433,1,6.94736837086,8.878488634967447,1.931120264107447
11434,1,4.86923072888,8.426668820764757,3.557438091884757
11435,1,8.29999999205,8.35358543619569,0.053585444145690886
11436,1,7.57857142176,9.453840930788061,1.8752695090280609
11437,1,8.13333336512,9.259317512326588,1.1259841472065872
11438,1,7.85384621987,8.97159205492775,1.1177458350577503
11439,1,7.62999992371,9.988388035610573,2.358388111900573
11440,1,6.95000008174,8.556655197524982,1.6066551157849824
11441,1,5.0999999894,8.724150550907643,3.6241505615076433
11442,1,7.31666660309,8.869651293837741,1.5529846907477411
11443,1,7.70000002601,8.615837045922405,0.9158370199124048
11444,1,6.92000007629,9.688892304331173,2.7688922280411727
11445,1,7.25384613184,8.850967100343821,1.5971209685038215
11446,1,7.65217395451,6.558447393774934,1.0937265607350666
11447,1,7.78750008345,8.824922254526161,1.0374221710761606
11448,1,8.41538458604,9.540935452745977,1.1255508667059768
11449,1,5.93513515833,9.3009119571727,3.3657767988427
11450,1,7.99166675409,8.811613182322212,0.8199464282322122
11451,1,8.24166679382,8.65769249176987,0.41602569794986977
11452,1,6.76153846887,8.821759571268274,2.0602211023982733
11453,1,7.92222219043,8.643406680200316,0.7211844897703159
11454,1,7.80833335718,9.090055851410224,1.2817224942302232
11455,1,8.45000009537,8.677449263930122,0.22744916856012232
11456,1,7.50666672389,9.034376825168765,1.5277101012787657
11457,1,7.7928571701,7.8299828766101855,0.037125706510185985
11458,1,8.3066666921,9.92988956767599,1.6232228755759905
11459,1,7.33999996185,9.253135428935847,1.913135467085847
11460,1,7.9076924324,9.500301367853808,1.592608935453808
11461,1,6.54000008901,9.014414662667544,2.474414573657544
11462,1,8.41666677263,9.178467981598573,0.7618012089685724
11463,1,7.04444442855,8.996617632177898,1.9521732036278978
11464,1,6.53076920143,8.828925446906029,2.2981562454760285
11465,1,7.64166661104,9.349639432758853,1.7079728217188528
11466,1,8.03636373173,8.665525490344908,0.6291617586149076
11467,1,6.23333336058,8.827518252274782,2.5941848916947823
11468,1,6.92916665475,9.272752732655047,2.343586077905046
11469,1,8.43333339691,6.86312896451775,1.5702044323922495
11470,3,5.96470594406,5.54044585910396,0.42426008495604073
11471,3,6.16666671965,7.169476242998758,1.0028095233487582
11472,3,6.90000001589,5.832583620533191,1.0674163953568092
11473,3,5.96666663488,5.051264834188139,0.9154018006918614
11474,3,4.26136360385,7.054872686867845,2.7935090830178453
11475,3,7.17368422056,5.367460253728865,1.8062239668311353
11476,3,6.08999999364,5.729780552464394,0.3602194411756061
11477,3,5.39473681701,5.262651574818209,0.13208524219179107
11478,3,6.15714284352,5.651138143780171,0.5060046997398286
11479,3,4.84687497218,5.483045626183875,0.636170654003875
11480,3,5.2343750298,5.694453617915352,0.4600785881153522
11481,3,6.89629628923,5.787963535745405,1.1083327534845955
11482,3,4.79999996634,5.255991866156716,0.4559918998167163
11483,3,5.10740739328,5.5043501685021,0.3969427752221
11484,3,6.11904761905,5.3029776145193654,0.8160700045306344
11485,3,6.54000005722,6.987360840562557,0.4473607833425568
11486,3,7.20000001788,5.26669823947808,1.93330177840192
11487,3,7.03043471212,5.335519644799495,1.6949150673205047
11488,3,4.74886363745,5.870736093852727,1.121872456402727
11489,3,6.16666661368,5.268796063725116,0.8978705499548845
11490,3,6.77333334287,5.942537786188735,0.8307955566812648
11491,3,7.00000002326,5.839127431433804,1.1608725918261964
11492,3,6.71249997616,5.458134092663045,1.2543658834969555
11493,3,6.63508774941,6.002013747071258,0.6330740023387422
11494,3,4.62647055177,5.519184108051736,0.8927135562817359
11495,3,4.61449274809,6.276161047515533,1.661668299425533
11496,3,4.93146853347,6.517998685722484,1.5865301522524833
11497,3,5.19130433124,5.301206752458082,0.10990242121808258
11498,3,6.48571431637,5.97175804282052,0.5139562735494803
11499,3,6.22272721204,5.3078218449926595,0.9149053670473402
11500,3,6.63749995828,5.946603824904436,0.6908961333755643
11501,3,6.28000006676,5.631685045094336,0.6483150216656641
11502,3,6.09999996424,5.456333153657701,0.6436668105822996
11503,3,7.60666672389,5.33998882558048,2.2666778983095197
11504,3,6.58125004172,5.350333036383226,1.2309170053367735
11505,3,6.04666668574,6.150981417171426,0.10431473143142611
11506,3,7.1000000106,7.99319536671421,0.8931953561142105
11507,3,7.41875001788,6.062749199490748,1.3560008183892522
11508,3,5.71142853328,5.28572030382284,0.42570822945716014
11509,3,5.13600001335,5.747109073493304,0.6111090601433036
11510,3,6.01199996948,6.311881313284486,0.2998813438044863
11511,3,5.3047618866,5.621935831160952,0.3171739445609525
11512,3,4.9638888571,5.649667833716192,0.6857789766161924
11513,3,5.14666665395,5.800774642035215,0.6541079880852152
11514,3,5.68518522051,5.487820210885207,0.19736500962479298
11515,3,6.25,5.4854714918142555,0.7645285081857445
11516,3,7.15000002861,7.950440488056961,0.8004404594469605
11517,3,6.44285716329,5.62957163019197,0.8132855330980302
11518,3,7.71666669846,5.8592387027553094,1.8574279957046906
11519,3,6.18333333731,6.421418418172253,0.23808508086225366
11520,3,5.30000000341,5.960849767728234,0.6608497643182343
11521,3,5.1952380907,5.944952014702913,0.7497139240029131
11522,3,6.78823529973,5.505958784911364,1.2822765148186361
11523,3,6.07727274028,5.978960557299535,0.09831218298046451
11524,3,6.5111111535,7.58754825213961,1.0764370986396097
11525,3,7.60000002384,5.590993204468928,2.0090068193710717
11526,3,4.57272726406,5.709178496298939,1.1364512322389393
11527,3,5.58695648028,5.853617291285239,0.26666081100523975
11528,3,7.64666665395,6.189785382306722,1.4568812716432777
11529,3,5.15789478704,6.117468765437222,0.9595739783972217
11530,3,4.16190472103,6.090627806851982,1.9287230858219822
11531,3,4.70000001589,5.805290813920566,1.1052907980305662
11532,3,4.93006991006,6.0014685810661454,1.0713986710061452
11533,3,6.82500004768,6.996346379324796,0.17134633164479673
11534,3,6.74999998297,5.749552594705504,1.0004473882644964
11535,3,5.91052627563,5.872901808948937,0.037624466681062785
11536,3,6.36666667461,6.141762692859055,0.22490398175094484
11537,3,6.25882350697,5.866444651698853,0.39237885527114713
11538,3,6.56249998808,5.396508876484491,1.1659911115955088
11539,3,5.98333332936,6.8238663829448045,0.8405330535848048
11540,3,6.95384616118,5.901373783076554,1.0524723781034462
11541,3,4.72608694823,5.787004062161074,1.0609171139310742
11542,3,6.11176476759,5.686188130796671,0.4255766367933296
11543,3,6.66190476645,5.546791339546356,1.115113426903644
11544,3,7.22666664124,8.119545900714112,0.8928792594741122
11545,3,6.44999995232,7.280289281887585,0.8302893295675853
11546,3,5.33611116144,5.517507979767043,0.1813968183270429
11547,1,5.05119050117,7.335087122056588,2.283896620886588
11548,1,4.50999996185,6.960364594646352,2.4503646327963517
11549,1,4.5717391294,7.447505638742624,2.8757665093426237
11550,1,4.4276470577,7.30736525048485,2.87971819278485
11551,1,4.3942856993,7.164950713223377,2.7706650139233773
11552,1,5.76363635063,8.253435466086927,2.4897991154569272
11553,1,4.63888885357,7.357697783531039,2.718808929961039
11554,1,7.51428563254,7.144378819328168,0.3699068132118324
11555,1,7.67500004172,7.598844481198895,0.07615556052110506
11556,1,7.68181822517,9.077128336312914,1.3953101111429138
11557,1,7.76250004768,9.273586347264159,1.511086299584159
11558,1,7.5842104962,7.11035918151906,0.4738513146809398
11559,1,6.96999998093,9.216808894985542,2.246808914055542
11560,1,5.23513509132,7.037607836460986,1.802472745140986
11561,1,5.23461534427,9.7351662157132,4.5005508714432
11562,1,8.34545467117,9.569986340262766,1.224531669092766
11563,1,6.97931036456,7.7465109519869495,0.7672005874269496
11564,1,7.30000001192,6.488432334700681,0.811567677219319
11565,1,4.67894737344,8.84962773240279,4.170680358962791
11566,1,7.30833339691,6.455073336858254,0.8532600600517464
11567,1,6.0303030014,6.622565203628199,0.5922622022281985
11568,1,6.76470588235,6.550725858058435,0.21398002429156548
11569,1,5.08917749909,7.642060608432949,2.5528831093429494
11570,1,4.90416661898,7.330432914796257,2.426266295816257
11571,1,5.12765957954,6.959718480917373,1.8320589013773727
11572,1,4.69583334525,7.519325693561483,2.8234923483114835
11573,1,5.0474226696,7.048767052651461,2.0013443830514603
11574,1,5.14676258032,7.258952404286067,2.112189823966067
11575,1,5.0441176681,7.746127050168177,2.7020093820681765
11576,1,5.33833335241,7.772408075269473,2.4340747228594726
11577,1,5.93809525172,10.819689575050507,4.881594323330507
11578,1,5.16944445504,8.050613889781566,2.881169434741566
11579,1,4.63333333333,10.813154848810306,6.179821515480306
11580,1,4.40860213259,10.720218414973449,6.311616282383449
11581,1,5.53333332804,9.159380825420621,3.626047497380621
11582,1,6.56923070321,7.1126275128381105,0.5433968096281108
11583,3,7.08947372437,6.4544362637900115,0.6350374605799889
11584,3,8.00000019073,7.1594534928814655,0.8405466978485352
11585,3,6.59999997528,5.827898379091236,0.7721015961887643
11586,3,6.96551724138,8.02612967995162,1.0606124385716198
11587,3,6.77037041276,6.209085291146474,0.5612851216135262
11588,3,6.14999995232,6.554762149281057,0.4047621969610571
11589,3,7.73999996185,7.697726577389668,0.0422733844603318
11590,3,6.31923077657,7.3743526974568185,1.055121920886818
11591,3,7.09199998856,6.148446774080671,0.9435532144793282
11592,3,7.53333334128,6.264058514800649,1.269274826479351
11593,3,7.11499993801,6.464065145847275,0.6509347921627251
11594,3,7.25,6.583766639880596,0.6662333601194037
11595,3,6.16666671965,6.2943810128144335,0.12771429316443328
11596,3,5.95000004768,6.632002344123595,0.6820022964435957
11597,3,5.52222220103,6.493452959460412,0.9712307584304121
11598,3,7.65454539386,6.9936606502800975,0.6608847435799028
11599,3,5.66923079124,5.99298027341878,0.32374948217877986
11600,3,5.93636369705,6.288515744553077,0.35215204750307727
11601,3,6.94285712923,6.858209353026364,0.08464777620363595
11602,3,6.96428564617,6.421696698680382,0.5425889474896177
11603,3,7.14411763584,6.91521943019176,0.22889820564823982
11604,3,7.11666671435,6.823446962295718,0.29321975205428163
11605,3,6.77500001589,5.84388785662153,0.9311121592684701
11606,3,6.62941175349,6.351704685337815,0.2777070681521856
11607,3,7.36666663488,5.9850218579553705,1.3816447769246292
11608,3,7.07333335876,9.09767551772569,2.0243421589656903
11609,3,6.45199998856,6.458879365335989,0.00687937677598871
11610,3,6.71304350314,6.602673677354094,0.11036982578590582
11611,3,6.31538464473,6.55747834330356,0.24209369857356045
11612,3,6.6249999702,5.814624397712381,0.8103755724876196
11613,3,7.7958333691,6.401018462817032,1.394814906282968
11614,3,6.47499998411,6.76553219035946,0.29053220624945997
11615,3,7.20909092643,7.2837296682965444,0.0746387418665444
11616,3,7.09999990463,6.455975953746323,0.6440239508836765
11617,3,6.03076920143,6.081449080950492,0.05067987952049169
11618,3,7.01000008583,7.072029996332896,0.06202991050289608
11619,3,6.0892856632,6.0838729554017945,0.005412707798205574
11620,3,7.11199996948,6.98448797039988,0.12751199908012012
11621,3,6.5,6.317895335423433,0.18210466457656693
11622,3,6.60000001467,6.9684225656522605,0.3684225509822605
11623,3,7.22608698969,7.086859853715866,0.13922713597413416
11624,3,6.08235289069,6.014239287108074,0.06811360358192609
11625,3,6.2068965024,6.4327795068408875,0.22588300444088727
11626,3,6.01428570066,5.586871817730792,0.42741388292920846
11627,3,6.59444443385,6.078730709819904,0.5157137240300953
11628,3,8.18666666349,6.50467309343391,1.6819935700560897
11629,3,7.70384616118,8.328918880600014,0.6250727194200136
11630,3,7.16999998093,6.785232204279929,0.38476777665007145
11631,3,7.99000000954,6.44166305512738,1.54833695441262
11632,3,6.95999999046,6.525835348881787,0.4341646415782128
11633,3,5.95000004768,7.273162472288146,1.323162424608146
11634,3,6.83000001907,7.403558632042312,0.5735586129723123
11635,3,6.3714285578,6.567515785534338,0.1960872277343384
11636,3,7.0151515007,6.5600150336845395,0.4551364670154605
11637,3,6.59545454112,5.730198476447372,0.8652560646726277
11638,3,7.08181814714,8.706567475981725,1.624749328841725
11639,3,6.43428570884,6.4775734485581715,0.04328773971817146
11640,3,6.18214285374,6.656455166373874,0.47431231263387374
11641,3,6.09393936215,7.538413343058403,1.4444739809084028
11642,3,6.7928571701,6.3243393533646,0.4685178167353996
11643,3,7.69333321253,6.386579989662367,1.3067532228676324
11644,3,7.15454550223,8.277940906162641,1.1233954039326406
11645,3,7.95185188011,6.02745574737115,1.9243961327388508
11646,3,7.24615386816,6.611565163787581,0.634588704372419
11647,3,7.33333333333,6.92363640988651,0.40969692344348996
11648,3,6.04166664018,6.257410929547406,0.21574428936740642
11649,3,5.99500000477,6.899855139193213,0.9048551344232134
11650,4,5.96666669846,7.137146363425949,1.1704796649659492
11651,4,6.27727274461,6.813336787202869,0.5360640425928684
11652,4,6.43333335718,6.898776051601194,0.4654426944211938
11653,4,6.27500000596,5.890081527711155,0.38491847824884484
11654,4,6.24736846121,6.240351241435302,0.007017219774697381
11655,3,5.72222216924,6.34270309271896,0.6204809234789597
11656,3,6.50909094377,8.145393520231806,1.636302576461806
11657,3,6.47500002384,6.172743322219718,0.30225670162028173
11658,3,6.17058818481,6.792713913436586,0.6221257286265862
11659,3,5.46315787968,6.796231519465456,1.3330736397854563
11660,3,4.80892857483,5.286640206854777,0.47771163202477673
11661,3,4.82878791925,5.900261888556953,1.071473969306953
11662,3,4.83529412045,5.2702950031497195,0.43500088269971915
11663,3,6.07333329519,6.676175080172165,0.6028417849821643
11664,3,5.50769237372,6.2236421107218245,0.7159497370018242
11665,3,6.50769237372,6.036216246953721,0.47147612676627926
11666,3,6.87272724238,6.548405749585475,0.3243214927945246
11667,3,5.90909090909,5.244089432481333,0.6650014766086665
11668,3,5.54000002543,6.128445013049591,0.5884449876195905
11669,3,6.44166664282,8.803189315969835,2.3615226731498353
11670,3,6.3736842306,6.408244585755454,0.034560355155453415
11671,3,6.20833337307,6.072882965331246,0.13545040773875439
11672,3,6.90000000867,7.1060475866554444,0.20604757798544426
11673,3,6.39230761161,6.776236307327671,0.3839286957176711
11674,3,6.5470588067,6.016222297852707,0.530836508847293
11675,3,4.42000007629,5.922979484364255,1.5029794080742551
11676,3,4.92758612797,5.551338359580816,0.6237522316108164
11677,3,5.93809525172,6.7823948979662125,0.8442996462462125
11678,3,5.87826092347,6.250540572445647,0.37227964897564725
11679,3,6.77999994755,6.491683001287855,0.2883169462621451
11680,3,6.49411768072,6.20628854373636,0.2878291369836399
11681,3,4.61388887299,6.7279058886172525,2.114017015627253
11682,3,4.35714291164,6.539869368459998,2.1827264568199984
11683,3,4.48125007749,6.698022172878823,2.216772095388823
11684,3,5.58260872053,6.779538290733446,1.1969295702034461
11685,3,6.47500002384,6.222830720074803,0.2521693037651964
11686,3,6.29285713605,6.995754376085823,0.7028972400358224
11687,3,5.38260872468,8.003163869325299,2.620555144645299
11688,3,5.17619037628,7.338527828371779,2.162337452091779
11689,3,4.3909090649,5.644245399416796,1.2533363345167965
11690,3,4.36666676733,5.134434871623343,0.7677681042933431
11691,3,6.14666665395,6.502524196643967,0.3558575426939674
11692,3,5.81764698029,6.441658643800423,0.6240116635104229
11693,3,6.83076924544,6.31373185373514,0.5170373917048598
11694,3,6.40526317295,6.750894717502485,0.3456315445524849
11695,3,5.66190476645,6.385756013890241,0.7238512474402405
11696,3,6.75263153879,6.128428300652919,0.6242032381370812
11697,3,6.36842105263,6.207591542616015,0.1608295100139845
11698,3,6.08181810379,8.262757694052201,2.1809395902622013
11699,3,5.90416661898,6.286377820744294,0.382211201764294
11700,3,6.73157892729,7.082360417194595,0.3507814899045947
11701,2,4.39750009775,4.133965511952688,0.2635345857973119
11702,2,5.0,4.058414370898069,0.9415856291019313
11703,2,5.16666671208,3.59578678812313,1.5708799239568698
11704,2,4.9266667366,3.922771617597469,1.0038951190025305
11705,2,5.58888888359,4.635177177600415,0.9537117059895852
11706,2,6.95454545455,6.102301350969144,0.8522441035808557
11707,2,5.38500001431,4.396876945307124,0.9881230690028762
11708,2,4.6859999752,3.7593429177846662,0.9266570574153334
11709,2,4.63999994451,4.084332090749125,0.555667853760875
11710,2,4.29999998212,4.517459884636853,0.2174599025168531
11711,2,4.48947366915,3.9596814354022634,0.5297922337477363
11712,2,4.34925372565,4.587207323563339,0.23795359791333937
11713,2,6.94000000954,4.674406131057712,2.2655938784822887
11714,2,6.51250004768,6.274089371195455,0.23841067648454484
11715,2,5.29500002861,3.9760775623257185,1.3189224662842811
11716,2,4.25272726579,4.0984599847341645,0.15426728105583543
11717,2,4.41038962773,4.805331177230368,0.3949415495003681
11718,2,4.30454540253,4.8181744492199154,0.5136290466899158
11719,2,4.84285713377,4.785466247879073,0.05739088589092667
11720,2,5.61176468344,4.3015440860728855,1.3102205973671142
11721,2,4.80158727131,6.257364306786984,1.4557770354769843
11722,2,7.41111119588,4.095824831731125,3.315286364148875
11723,2,4.95769234804,4.563359765230066,0.394332582809934
11724,2,4.81500012875,4.054788330307154,0.760211798442846
11725,2,4.47500006358,4.681184819986244,0.20618475640624467
11726,2,4.29487177042,3.831081612255632,0.4637901581643682
11727,2,4.32608697725,3.6677722915130477,0.6583146857369524
11728,2,6.85000004087,3.9972106791303794,2.852789361739621
11729,2,5.1000000106,4.604888399690395,0.4951116109096043
11730,2,4.08358207034,3.9636374399595766,0.11994463038042369
11731,2,4.52972972715,3.9151194330965637,0.6146102940534366
11732,2,4.69999999266,5.097490150963553,0.3974901583035537
11733,2,4.34468082671,4.784773244497975,0.4400924177879748
11734,2,4.5566666921,4.541519558505174,0.015147133594826556
11735,2,4.60571425302,4.612732756838696,0.007018503818695621
11736,2,5.32380946477,3.9287528011394137,1.3950566636305863
11737,2,7.3749999404,5.721789478409727,1.6532104619902732
11738,2,5.22058826334,4.938598908703595,0.28198935463640495
11739,2,5.05555550257,4.0859482379209435,0.9696072646490563
11740,2,5.16818183119,4.392055340232909,0.7761264909570906
11741,2,4.74868421806,5.892192466069595,1.1435082480095948
11742,2,4.15925926338,5.096792488947672,0.9375332255676723
11743,2,4.69166670243,4.30185707940953,0.3898096230204704
11744,2,4.49361702736,4.9582199139890015,0.4646028866290015
11745,2,5.22941177032,4.173216318852024,1.0561954514679757
11746,2,6.23333333333,5.0229866439945745,1.2103466893354256
11747,2,6.50833328565,4.080474068027719,2.427859217622281
11748,2,4.84411764145,4.808736827690504,0.03538081375949531
11749,2,4.42857149669,3.530765041970227,0.897806454719773
11750,2,4.4111111429,3.919639601355268,0.4914715415447324
11751,2,6.3272727186,4.575547425915422,1.7517252926845774
11752,2,5.0,3.764916924722492,1.2350830752775082
11753,2,5.05624994636,3.593146692035912,1.4631032543240883
11754,2,4.80000007153,3.741639017975338,1.0583610535546626
11755,2,4.38500001431,3.861230436883048,0.5237695774269522
11756,2,7.00714288439,6.1023748879173265,0.9047679964726738
11757,2,6.44999996821,5.7731989885931,0.6768009796169006
11758,2,4.74166663488,4.06049344386383,0.6811731910161694
11759,2,4.39166675011,4.2705300011104566,0.12113674899954319
11760,2,4.47857144901,4.237102793902595,0.241468655107405
11761,2,4.34761907941,3.99984287160202,0.34777620780798024
11762,2,4.66435642054,4.249840197606103,0.414516222933897
11763,2,5.17272726695,4.190500822240594,0.982226444709406
11764,2,6.49999996594,6.228845527972549,0.27115443796745087
11765,2,6.26999998093,6.103269221729015,0.166730759200985
11766,2,6.37142862592,6.213471172124516,0.15795745379548443
11767,5,6.61333332062,5.529698894446035,1.0836344261739645
11768,5,7.44999996821,5.7711883412172895,1.6788116269927107
11769,5,6.62222223812,4.803341340866718,1.8188808972532824
11770,5,8.01052643123,5.655310120580582,2.3552163106494177
11771,5,6.64285714286,5.0087059297993175,1.6341512130606821
11772,5,4.328125,4.758740050601441,0.4306150506014408
11773,5,6.70833333333,5.068842478447513,1.639490854882487
11774,5,6.17500003179,5.391712997351966,0.7832870344380334
11775,5,6.99999996594,4.88645808917215,2.11354187676785
11776,5,6.43333326446,4.490328345776273,1.9430049186837266
11777,5,7.68333335718,4.6178557153430635,3.065477641836937
11778,5,6.74615375812,6.272510009111382,0.47364374900861783
11779,5,6.5631578596,4.705192401255067,1.8579654583449337
11780,5,7.90000009537,5.643039304276954,2.2569607910930465
11781,5,7.20000001362,5.541296320595826,1.658703693024174
11782,5,6.19999980927,8.054992848570638,1.8549930393006377
11783,5,6.32142853737,5.480234937367419,0.8411936000025815
11784,5,7.42499989271,6.360360738089293,1.064639154620707
11785,5,7.65999999046,4.62289104057786,3.03710894988214
11786,5,6.08000001907,4.74128375206924,1.33871626700076
11787,5,6.05238099325,6.614254725617435,0.5618737323674354
11788,5,6.69473688226,4.625889370413317,2.068847511846683
11789,5,6.37500008941,5.634346497401452,0.740653592008548
11790,5,6.42857149669,4.294265197525624,2.1343062991643764
11791,5,6.60000000681,5.078357275045908,1.521642731764092
11792,5,6.83076924544,5.108992935471042,1.7217763099689583
11793,5,6.69230769231,5.725273888211607,0.967033804098393
11794,5,6.19999980927,4.815558171940722,1.384441637329278
11795,5,6.78571431977,4.658036820363581,2.1276774994064196
11796,5,6.45384616118,9.296104795960328,2.842258634780328
11797,5,7.70000004768,6.135202738353083,1.5647973093269165
11798,5,6.59333337148,4.608720307369186,1.984613064110814
11799,5,4.25499997139,8.154979366043516,3.899979394653516
11800,5,6.4222222964,5.701262681586499,0.7209596148135011
11801,5,6.64545458013,8.294489566270471,1.649034986140471
11802,5,6.69999996821,5.014996744537445,1.6850032236725552
11803,5,7.38000001907,4.466716346131507,2.9132836729384923
11804,5,6.67142854418,5.08090988517861,1.5905186590013907
11805,5,6.00588234733,4.725574303210884,1.2803080441191161
11806,5,6.27272727273,5.0462352459521345,1.2264920267778656
11807,5,7.02666670481,7.430187105667888,0.40352040085788765
11808,5,6.73636358435,4.827538718560442,1.9088248657895583
11809,5,6.90999999046,5.588243207020714,1.3217567834392865
11810,5,6.74000000954,5.314197482583214,1.4258025269567858
11811,5,6.88571432659,6.837030306716953,0.048684019873046935
11812,5,6.76249998808,5.559074462847583,1.2034255252324169
11813,5,6.9222222964,4.325448863624507,2.5967734327754934
11814,5,6.58148147442,4.830624492332829,1.7508569820871713
11815,5,7.32857145582,5.299667623078781,2.0289038327412188
11816,5,5.08499996662,5.4562453335418954,0.3712453669218956
11817,5,6.54545454545,5.200410137287072,1.345044408162928
11818,5,6.74285704749,4.2994175753417,2.4434394721483006
11819,5,7.32222217984,4.18018153627477,3.14204064356523
11820,5,6.71249997616,5.5231635917560045,1.1893363844039957
11821,5,6.68571424484,6.691754601060969,0.006040356220969656
11822,5,6.32142860549,6.279593795428378,0.04183481006162282
11823,5,6.5888888571,8.318996528596637,1.7301076714966372
11824,5,6.89999997616,4.958568249710353,1.9414317264496468
11825,5,6.40666662852,4.826408468980116,1.5802581595398841
11826,5,6.68571424484,4.746925707675155,1.9387885371648448
11827,5,6.82307694508,4.466721785633663,2.3563551594463377
11828,5,6.9363636537,8.363634481385652,1.4272708276856525
11829,5,6.72000002861,5.142926583997312,1.5770734446126884
11830,5,6.72499996424,5.150940083021876,1.5740598812181243
11831,5,4.25333333015,4.886261419579553,0.6329280894295524
11832,5,6.42647058824,5.05408178746265,1.3723888007773501
11833,5,6.23478257138,5.09104733491256,1.1437352364674407
11834,5,6.57142863955,5.199223432659672,1.372205206890328
11835,5,7.2499999404,4.81152760945206,2.43847233094794
11836,5,7.30000000734,5.691599792320467,1.6084002150195333
11837,5,6.28571428571,4.820019466904169,1.4656948188058312
11838,5,7.32666670481,4.470792372959716,2.855874331850284
11839,5,6.5,4.691160800183727,1.8088391998162727
11840,5,6.22666664124,4.6400475877005185,1.586619053539481
11841,5,6.23333326976,5.032275434839809,1.2010578349201912
11842,5,6.20666666031,5.3213287002768865,0.8853379600331133
11843,5,7.34000000954,7.991975864950524,0.6519758554105239
11844,5,6.44999992847,5.482672752443317,0.9673271760266822
11845,5,7.81428582328,5.022319898441644,2.7919659248383555
11846,5,6.46666673819,6.05151181580284,0.4151549223871598
11847,5,6.27499997616,5.135556023281943,1.1394439528780573
11848,5,7.21111112171,4.63873726154492,2.5723738601650803
11849,5,6.43333339691,4.382448447147695,2.050884949762305
11850,5,6.86000000636,5.873813407153914,0.9861865992060856
11851,5,7.23000001907,4.942439349705005,2.2875606693649955
11852,5,7.00909090042,5.040190365464072,1.968900534955928
11853,5,7.06470590479,6.766189704615046,0.29851620017495417
11854,5,7.09285719054,5.128082108202898,1.964775082337102
11855,5,6.76666673024,6.876469459199114,0.1098027289591137
11856,5,6.26666673024,4.2915329118225785,1.9751338184174214
11857,5,6.35500004292,4.618559969238493,1.736440073681507
11858,5,6.95333334605,5.280897432150146,1.6724359138998537
11859,5,7.71111112171,6.879907664603428,0.8312034571065725
11860,5,5.82999999523,5.182754937070081,0.6472450581599185
11861,5,6.3222222858,4.899863922726588,1.4223583630734113
11862,5,4.51764707004,8.409810066624559,3.8921629965845588
11863,5,5.13913038503,5.6208481593653925,0.48171777433539287
11864,5,3.08476190453,6.642167717324364,3.557405812794364
11865,5,3.68533331871,5.218475548967152,1.5331422302571522
11866,5,4.82307696342,6.144491546132528,1.3214145827125279
11867,5,4.76666666402,5.074763111872683,0.30809644785268286
11868,5,5.02499997616,2.460512240471447,2.5644877356885534
11869,5,4.74166663488,3.3847247026493807,1.3569419322306189
11870,5,4.69649123309,5.22436045709356,0.5278692240035605
11871,5,4.16885246605,5.2295723614457295,1.0607198953957298
11872,5,4.88823531656,7.699054796590966,2.8108194800309656
11873,5,4.51111110051,6.232808434832306,1.7216973343223057
11874,5,5.00000004768,4.339223027700674,0.6607770199793261
11875,5,4.40000000493,6.5653729170110555,2.1653729120810556
11876,5,5.79523810886,6.583579559701429,0.788341450841429
11877,5,4.259090895,6.605074261021272,2.3459833660212723
11878,5,4.64166662594,6.099794389835164,1.4581277638951642
11879,5,4.22399998665,6.480460348822781,2.2564603621727812
11880,5,4.75263158899,6.074750401595823,1.3221188126058232
11881,5,4.91904769625,3.735286190948168,1.183761505301832
11882,5,4.69999997956,3.8850258567811533,0.814974122778847
11883,5,4.76521742862,3.7230269928958375,1.0421904357241623
11884,5,4.55621301634,6.632815413607885,2.0766023972678846
11885,5,4.33269229302,5.477986409988436,1.1452941169684356
11886,5,4.10322579838,7.655454104854132,3.5522283064741327
11887,5,4.11388885313,5.972015637866454,1.858126784736454
11888,5,5.1705882409,6.689882000015253,1.5192937591152527
11889,5,4.86400001526,3.9396153982796083,0.924384616980392
11890,5,4.70952374595,4.321076784199397,0.38844696175060367
11891,5,5.04000002543,4.3495346169155855,0.6904654085144148
11892,5,6.69230772899,3.88826367591966,2.8040440530703403
11893,5,5.87647062189,4.34456186738708,1.5319087545029202
11894,5,6.06999993324,3.517639785465814,2.552360147774186
11895,5,6.19999995232,3.679056687553649,2.520943264766351
11896,5,5.8166667223,6.003117765866293,0.18645104356629272
11897,5,5.95000004768,4.2475527253031835,1.7024473223768162
11898,5,7.0,5.042540350156079,1.957459649843921
11899,5,6.15833328168,5.435100846388627,0.723232435291373
11900,5,6.09999996424,5.324967361704948,0.7750326025350525
11901,5,6.05238094784,5.150175054697897,0.9022058931421029
11902,5,6.45000004768,5.590558692403363,0.8594413552766369
11903,5,6.07999998728,4.843712375895064,1.2362876113849355
11904,5,6.25555547078,5.2943083449532455,0.9612471258267545
11905,2,6.14000005722,6.488317697546316,0.3483176403263162
11906,2,6.19999991523,5.955001906272477,0.24499800895752344
11907,2,5.81111107932,5.764488044761087,0.04662303455891248
11908,2,5.85000014305,5.258720904427792,0.5912792386222083
11909,2,6.45384616118,6.890488241875808,0.43664208069580734
11910,2,6.17777782016,7.451367570054098,1.2735897498940982
11911,2,6.30000001192,6.222991165631305,0.07700884628869531
11912,2,6.38000011444,7.427091982593723,1.0470918681537231
11913,2,4.58947367417,6.305007893349032,1.7155342191790321
11914,2,4.36739130124,6.294879171695575,1.9274878704555753
11915,2,5.21111109522,7.077737362145055,1.8666262669250555
11916,2,4.36909090822,7.129025394898505,2.759934486678506
11917,2,5.16999998093,8.718029112270308,3.548029131340308
11918,2,4.41379315278,7.24277318256225,2.82898002978225
11919,2,5.76428570066,5.995781412257191,0.23149571159719073
11920,2,5.5,5.983233025843674,0.4832330258436741
11921,2,6.59999995232,6.131153831301468,0.4688461210185322
11922,2,5.98000001907,5.813023375718817,0.166976643351183
11923,2,5.85000002384,6.020598108598612,0.1705980847586126
11924,2,5.96000013351,7.585070214548146,1.625070081038146
11925,2,4.94615387917,7.054086341875467,2.1079324627054676
11926,2,4.56551721178,7.326780802938498,2.7612635911584986
11927,2,5.90625008941,5.393989340530418,0.5122607488795827
11928,2,6.1933333079,6.341746979828558,0.1484136719285587
11929,2,6.48000011444,6.3233401719583355,0.1566599424816646
11930,2,5.95454549789,6.140403010402698,0.18585751251269844
11931,2,6.55999994278,6.240290625504276,0.3197093172757244
11932,2,6.59999990463,6.357932225020518,0.24206767960948206
11933,2,5.6999999455,5.7487803953064684,0.04878044980646834
11934,2,6.69999993931,6.0829921723874705,0.6170077669225291
11935,2,6.50769230036,6.084559867973985,0.42313243238601483
11936,2,6.02272725105,5.839471969113918,0.18325528193608243
11937,2,6.22499990463,7.17764671615209,0.9526468115220901
11938,2,6.59999990463,5.348428355334066,1.2515715492959334
11939,2,6.36666668029,6.115797868983641,0.25086881130635863
11940,2,6.09999998411,7.496290657759329,1.3962906736493288
11941,2,6.69999996821,6.20458921800825,0.4954107502017502
11942,2,6.45999999046,6.54965983746465,0.08965984700464968
11943,2,6.01111112701,5.946699117838298,0.06441200917170242
11944,2,5.96249997616,6.256988013560287,0.29448803740028673
11945,2,6.62727273594,5.925448473374839,0.701824262565161
11946,2,6.36666663488,6.241828269693775,0.12483836518622482
11947,2,4.54861112105,6.444916509604155,1.896305388554155
11948,2,6.48571429934,8.244137291945638,1.758422992605638
11949,2,6.00555555026,7.300684739612485,1.295129189352485
11950,2,5.92000002861,8.139235250543024,2.2192352219330242
11951,2,5.82500004768,6.038234887216316,0.21323483953631595
11952,2,6.23000006676,6.0057511362810665,0.22424893047893324
11953,2,6.11333328883,5.880515232500102,0.23281805632989805
11954,2,6.1222221763,6.375820609835426,0.25359843353542555
11955,2,6.40000009537,5.879505609180692,0.5204944861893086
11956,2,6.1875,7.078735175554784,0.891235175554784
11957,2,6.63846144309,7.4510446872142095,0.8125832441242098
11958,2,6.26428573472,6.238377740823008,0.0259079938969915
11959,2,6.04545450211,6.416990891275921,0.3715363891659207
11960,2,5.6214285578,5.700787609670224,0.07935905187022385
11961,2,5.91250008345,6.460490437497426,0.5479903540474256
11962,2,5.82631577944,5.9870241645892435,0.16070838514924368
11963,2,4.78333338102,7.5244674615722,2.7411340805521993
11964,2,5.55641023929,7.256662552198913,1.7002523129089129
11965,2,6.09999990463,5.837483645351318,0.26251625927868183
11966,2,6.5,5.910728345893077,0.5892716541069234
11967,2,6.69999980927,5.59258427228599,1.1074155369840106
11968,2,6.30833331744,8.518518544025763,2.2101852265857636
11969,2,6.12222226461,5.991395308953942,0.13082695565605817
11970,2,6.29999995232,6.086335362048205,0.21366459027179552
11971,2,6.09999990463,6.158514889197233,0.0585149845672337
11972,2,6.03333330154,5.8530985103044255,0.1802347912355744
11973,2,6.54999995232,6.168853786710029,0.3811461656099713
11974,2,6.51176467596,5.684980808632561,0.826783867327439
11975,2,5.45833330684,5.620748690031295,0.1624153831912949
11976,2,5.19777779579,5.900207796046351,0.7024300002563502
11977,2,3.98571426528,6.536339657855705,2.550625392575705
11978,2,5.03928571088,6.136264293647381,1.096978582767381
11979,2,5.5408163168,6.143894937553924,0.6030786207539238
11980,2,4.172580669,5.6847399300058346,1.5121592610058343
11981,2,5.50508474091,6.672621559627701,1.1675368187177009
11982,2,5.82000007629,5.765423721053752,0.054576355236248375
11983,2,6.69000000954,7.52884812248764,0.8388481129476393
11984,2,6.42222224341,6.1593411578086705,0.2628810856013297
11985,2,6.5,5.888849003682566,0.6111509963174342
11986,2,5.85714292526,6.784328232191722,0.9271853069317224
11987,2,6.45384623454,6.018501565899884,0.43534466864011634
11988,2,6.66874992847,5.577606867976183,1.0911430604938168
11989,2,5.92857149669,5.852622370838027,0.07594912585197289
11990,2,5.98750001192,5.7552369371105065,0.23226307480949338
11991,2,7.08571440833,6.007328660247792,1.0783857480822086
11992,2,5.90000009537,5.716807838476791,0.18319225689320895
11993,2,6.01999998093,6.24193649674403,0.22193651581403007
11994,2,6.50769230036,6.18686185316891,0.32083044719108944
11995,2,4.53571428997,7.288203867015075,2.7524895770450755
11996,2,4.74603171197,6.259714155273263,1.5136824433032636
11997,2,4.3923076703,6.060489129430097,1.6681814591300972
11998,2,4.57534246575,7.173015303057267,2.5976728373072664
11999,2,6.11764705882,6.029536347268781,0.08811071155121919
12000,2,4.85185184302,6.827803207371474,1.9759513643514737
12001,2,4.80175439377,5.744364570338691,0.9426101765686914
12002,2,4.37999998728,8.242504233446482,3.8625042461664822
12003,2,5.59057971706,6.921199704766257,1.3306199877062568
12004,2,6.64444446564,5.83349688000418,0.8109475856358204
12005,2,6.30000007153,5.112184858589259,1.187815212940741
12006,2,6.53749996424,6.774596485041064,0.2370965208010638
12007,2,6.42941180397,5.798256199386799,0.631155604583201
12008,2,6.23333332274,7.288598980453697,1.0552656577136972
12009,2,6.23571426528,7.135988515880836,0.9002742506008357
12010,2,7.70000004768,6.245207890422623,1.4547921572573763
12011,2,6.62727269259,6.143081544027414,0.48419114856258627
12012,2,6.93333339691,6.657387896091521,0.27594550081847924
12013,2,6.25999999046,6.062018843030613,0.19798114742938733
12014,2,6.26666665077,6.010766138154777,0.2559005126152236
12015,2,6.3166667223,5.938348496830356,0.378318225469644
12016,2,6.76666662428,5.907065508731055,0.8596011155489451
12017,2,6.90000002725,7.816716043577909,0.9167160163279089
12018,2,6.43636361035,6.258104000161948,0.1782596101880518
12019,2,6.55555550257,6.053515204593458,0.5020402979765421
12020,2,6.89000000954,5.965525217689361,0.9244747918506384
12021,2,5.42051282296,5.627542171214914,0.20702934825491415
12022,2,4.4453333346,6.85496810868445,2.4096347740844504
12023,2,6.22592594005,9.218009841698784,2.992083901648784
12024,2,6.40000001122,6.278938228585615,0.12106178263438583
12025,2,6.85384614651,8.077537503771623,1.2236913572616235
12026,2,6.45000004768,5.1715839292588335,1.2784161184211662
12027,2,6.19333318075,5.578006703724451,0.6153264770255484
12028,2,6.46800006866,6.175617851511552,0.2923822171484485
12029,2,6.98000001907,5.347639694496376,1.6323603245736242
12030,2,6.38666677475,6.139639667661264,0.2470271070887362
12031,2,4.87916668256,6.817882387830277,1.938715705270277
12032,2,6.24615390484,7.234035431707213,0.9878815268672128
12033,2,7.75,7.277898964924906,0.47210103507509427
12034,2,6.33333325386,7.616892389220958,1.2835591353609574
12035,2,6.19285712923,7.266010321171113,1.0731531919411132
12036,2,4.66666671965,6.179382601798727,1.5127158821487265
12037,2,6.36666679382,6.878707116290303,0.5120403224703027
12038,2,6.76249998808,7.000612714947489,0.23811272686748897
12039,2,6.33636379242,5.27672025699777,1.0596435354222304
12040,2,6.14999993642,6.850092076409989,0.7000921399899882
12041,2,6.36666668786,5.393607158528551,0.9730595293314481
12042,2,6.05200008392,8.614996476741865,2.562996392821865
12043,2,6.22499998978,6.0189926573390515,0.20600733244094815
12044,2,6.78888893127,6.215722292399848,0.573166638870152
12045,2,6.35833334923,5.74584847625052,0.6124848729794792
12046,2,6.98000001907,5.398845846678924,1.5811541723910763
12047,2,4.3037038026,5.580249193613085,1.2765453910130846
12048,2,5.89999999603,6.149768659047805,0.24976866301780465
12049,2,6.34117648181,6.267125316749812,0.07405116506018761
12050,2,6.89743588521,6.866852543846386,0.030583341363613847
12051,2,5.52727274461,6.300200869039221,0.772928124429221
12052,2,6.37600002289,5.341433253988614,1.034566768901386
12053,2,5.12758618388,6.731787655310729,1.6042014714307289
12054,2,6.61428574153,4.501704660378898,2.1125810811511014
12055,2,4.1875000298,4.215968307753155,0.028468277953154875
12056,2,6.13793093583,4.162465015835778,1.975465919994222
12057,2,7.30000001192,4.352705196726971,2.947294815193029
12058,2,6.38124996424,4.402545963005418,1.9787040012345827
12059,2,6.07500002384,5.1831162998475495,0.8918837239924509
12060,2,6.80000003179,5.656182405906154,1.1438176258838455
12061,2,6.56499998569,6.106117252746401,0.45888273294359916
12062,2,6.72222216924,5.974636308911254,0.747585860328746
12063,2,6.45624998212,8.638186946083735,2.181936963963735
12064,2,6.51538460071,5.781743432494903,0.7336411682150974
12065,2,6.41428572791,6.373468797939331,0.04081692997066888
12066,2,6.24375003576,7.126723957739516,0.8829739219795165
12067,2,6.6166665554,5.8337861456808575,0.7828804097191426
12068,2,6.31428578922,8.571608970599762,2.2573231813797614
12069,2,6.1562499404,5.791369678470037,0.36488026192996337
12070,2,7.15000003576,5.209196769155925,1.9408032666040747
12071,2,4.24130432502,5.327802677943289,1.0864983529232894
12072,2,6.25238089334,7.629022726893406,1.376641833553406
12073,2,7.26666662428,4.9872990115069165,2.2793676127730835
12074,2,6.32499998808,7.426379900138475,1.1013799120584746
12075,2,6.25,6.626405999407062,0.3764059994070621
12076,2,5.6933333079,5.9814177495513015,0.28808444165130176
12077,2,6.72352940896,4.165949481480107,2.5575799274798934
12078,2,7.12499995232,4.118386073062958,3.006613879257042
12079,2,6.12307682404,4.412706961514649,1.7103698625253507
12080,2,6.29999993064,6.912765910380445,0.6127659797404448
12081,2,6.91666666667,4.6551285262592526,2.2615381404107477
12082,2,7.22499990463,5.662158520166447,1.5628413844635531
12083,2,6.35000004768,5.4671778486666724,0.8828221990133276
12084,2,6.6,5.131102898454397,1.4688971015456023
12085,2,6.36999998093,5.902815345900041,0.4671846350299589
12086,2,6.22999997139,6.406000220462408,0.1760002490724082
12087,2,6.76249998808,5.645614204560118,1.1168857835198818
12088,2,4.97692308059,7.348665418752879,2.3717423381628793
12089,2,6.13142847334,6.177960819286435,0.04653234594643507
12090,2,6.4789473885,5.980249687553695,0.4986977009463054
12091,2,6.96250001589,6.823565038008538,0.13893497788146192
12092,2,4.46190482094,5.762326068403619,1.3004212474636185
12093,2,6.95833339294,5.2153085886199175,1.7430248043200827
12094,2,7.0066666921,7.0574425210610015,0.050775828961001856
12095,2,6.42173912214,4.219138793196448,2.202600328943552
12096,2,5.3437500298,4.684207256041844,0.6595427737581554
12097,2,5.36666663488,4.738337274451306,0.6283293604286939
12098,2,5.58499996662,5.4143074760762495,0.17069249054375035
12099,2,5.60769231503,4.91640335445596,0.69128896057404
12100,2,6.375,4.423530350419522,1.9514696495804777
12101,2,3.96548670372,5.200023640484476,1.234536936764476
12102,2,4.35833335718,6.0633221932194346,1.7049888360394343
12103,2,4.03521126089,4.93352409545054,0.8983128345605405
12104,2,0.0,4.86775658935686,4.86775658935686
12105,2,4.06470587674,5.653927737328154,1.5892218605881538
12106,2,7.98749995232,4.356360106909527,3.6311398454104733
12107,2,6.26190478461,5.648668422598053,0.6132363620119472
12108,2,7.54500005245,4.58651542728909,2.95848462516091
12109,2,6.3750000596,5.521209021917667,0.853791037682333
12110,2,4.73781512565,4.599391110240239,0.13842401540976113
12111,2,4.33706897703,5.090167994318353,0.7530990172883527
12112,2,3.50285716057,5.3986891470360465,1.8958319864660464
12113,2,0.0,0.6547158802759654,0.6547158802759654
12114,2,6.34444445151,4.094193314391022,2.250251137118978
12115,2,7.26249998808,4.160674208463071,3.101825779616929
12116,2,7.20000000795,4.546911773450667,2.653088234499333
12117,2,6.94166676203,4.363219762908985,2.578446999121015
12118,2,3.92644625656,7.286120033612506,3.3596737770525062
12119,2,3.51621621364,10.02712127327591,6.51090505963591
12120,2,3.09758065593,8.717183851326437,5.619603195396437
12121,2,5.97906975413,6.070875236119866,0.09180548198986571
12122,2,6.58666667938,4.7664576785925,1.8202090007875
12123,2,5.8384615458,6.0594746307802225,0.2210130849802221
12124,2,4.83095236052,5.031203295936708,0.20025093541670724
12125,2,6.23749999205,4.861562806383809,1.3759371856661913
12126,2,4.93066666921,4.558264723256867,0.3724019459531327
12127,2,4.14833334287,6.827089235155954,2.6787558922859542
12128,2,3.29642857824,4.960692931952897,1.664264353712897
12129,2,4.20874999464,7.45271040946406,3.24396041482406
12130,2,5.60285714694,5.129723290066707,0.473133856873293
12131,2,6.57894739352,4.161652182029817,2.417295211490183
12132,2,5.64166669051,6.027019215523188,0.38535252501318773
12133,2,6.47500002384,4.804708583363851,1.6702914404761486
12134,2,6.22499998978,5.204657657167475,1.0203423326125245
12135,2,4.33055554165,4.783071633266426,0.4525160916164257
12136,2,0.0,5.115589805721099,5.115589805721099
12137,2,0.0,5.150778010676229,5.150778010676229
12138,2,0.0,4.889438924488902,4.889438924488902
12139,2,6.46666666667,4.914599590120481,1.5520670765495188
12140,2,6.31111115879,4.237453475919608,2.073657682870392
12141,2,6.83999996185,8.515633951278957,1.675633989428957
12142,2,4.78888886505,6.123776907487768,1.3348880424377683
12143,2,6.2478260372,4.862944666378377,1.3848813708216232
12144,2,6.4192307729,6.093467551159568,0.3257632217404316
12145,2,4.69499995112,8.898111157392727,4.203111206272727
12146,2,4.83666666349,4.653991092114159,0.18267557137584056
12147,2,0.0,4.894396347396519,4.894396347396519
12148,2,5.79666668574,4.841991681290493,0.9546750044495074
12149,2,6.12666664124,6.427379201597193,0.3007125603571934
12150,2,6.71199995041,5.433719805898427,1.278280144511573
12151,2,4.57096773578,6.1389403769035695,1.5679726411235695
12152,2,5.07750000358,5.929956787228733,0.8524567836487327
12153,2,3.28695652623,5.0291378320591935,1.7421813058291935
12154,2,0.0,5.651663843229736,5.651663843229736
12155,2,6.11249991258,5.542768115307153,0.5697317972728468
12156,2,4.96315787968,5.214583519495214,0.2514256398152144
12157,2,6.97916666667,6.5613741696486905,0.4177924970213098
12158,2,7.33888883061,5.344605779290136,1.9942830513198642
12159,2,6.0318182165,5.322748669805236,0.7090695466947636
12160,2,3.34396135289,5.172224386090537,1.8282630332005372
12161,2,5.64411766389,7.928782163835123,2.284664499945123
12162,2,3.86860465172,6.596103804700244,2.7274991529802435
12163,2,3.56578946831,5.803015809876541,2.237226341566541
12164,2,3.62060606841,11.666940215751376,8.046334147341376
12165,2,0.0,5.116930116763244,5.116930116763244
12166,2,0.0,5.279524469189587,5.279524469189587
12167,2,0.0,0.9824547887476864,0.9824547887476864
12168,4,0.0,0.20388934767932732,0.20388934767932732
12169,4,0.0,0.1617692486836848,0.1617692486836848
12170,4,0.0,0.10197492936146624,0.10197492936146624
12171,4,0.0,0.12044749145682765,0.12044749145682765
12172,4,0.0,0.24902424967447878,0.24902424967447878
12173,4,0.0,0.21860226366611535,0.21860226366611535
12174,4,0.0,0.20388934767932732,0.20388934767932732
12175,4,0.0,0.153102435948254,0.153102435948254
12176,4,0.0,0.1923080112159834,0.1923080112159834
12177,4,0.0,0.11037210047688539,0.11037210047688539
12178,4,0.0,0.1617692486836848,0.1617692486836848
12179,4,0.0,0.12164018913132502,0.12164018913132502
12180,4,0.0,0.13256289759492645,0.13256289759492645
12181,4,0.0,0.16068284681954026,0.16068284681954026
12182,4,0.0,0.10354187652042057,0.10354187652042057
12183,4,0.0,0.20545629483828165,0.20545629483828165
12184,4,0.0,0.15238439481294463,0.15238439481294463
12185,4,0.0,0.13668524584648445,0.13668524584648445
12186,4,0.0,0.12481819128642258,0.12481819128642258
12187,4,0.0,0.15417735761714546,0.15417735761714546
12188,4,0.0,0.21296645852163287,0.21296645852163287
12189,4,0.0,0.2382074929198872,0.2382074929198872
12190,4,0.0,0.11198973743771212,0.11198973743771212
12191,1,7.52500001589,6.637608628830272,0.8873913870597283
12192,1,7.40000004239,6.906723073033569,0.4932769693564314
12193,1,6.76666673024,6.145450990401589,0.6212157398384113
12194,1,6.02916673819,9.052736038403904,3.0235693002139037
12195,1,6.10000000502,8.248483911451023,2.1484839064310233
12196,1,5.52307691941,8.769024033241202,3.2459471138312015
12197,1,4.50499997139,7.987193234053026,3.482193262663026
12198,1,3.55833333068,10.318923394081054,6.760590063401054
12199,1,8.68205126738,9.575221222080174,0.8931699547001735
12200,1,5.98888889949,6.62777529273191,0.6388863932419095
12201,1,6.3111111323,8.852561097881225,2.541449965581225
12202,1,5.3,8.125459965917088,2.825459965917088
12203,1,6.06000000636,8.662810622258586,2.602810615898586
12204,1,6.29166662693,6.696243838954191,0.4045772120241917
12205,1,5.87999996185,9.144147518467541,3.264147556617541
12206,1,6.26800008774,7.77796922719074,1.5099691394507397
12207,1,5.95555551847,6.621456688509703,0.6659011700397031
12208,1,6.35238095692,10.224950448755909,3.8725694918359084
12209,1,6.98800003052,6.581878772466867,0.40612125805313326
12210,1,6.8714285578,6.636042149101737,0.23538640869826288
12211,1,7.3086956273,6.908977050873845,0.3997185764261548
12212,1,5.40400003433,6.2532176522996465,0.8492176179696465
12213,1,6.15714287077,7.202748960231891,1.0456060894618906
12214,1,7.66129036873,6.998668583255713,0.6626217854742862
12215,1,5.8322147907,9.391662047790478,3.5594472570904774
12216,1,6.18055555556,6.443278438427056,0.26272288286705603
12217,1,5.33750009537,7.1494819089406985,1.8119818135706982
12218,1,6.675,6.950768128801366,0.27576812880136625
12219,1,4.5150001049,6.5207642745793155,2.005764169679315
12220,1,6.91500008106,6.431381101858371,0.483618979201629
12221,1,7.17499999205,6.570974115253488,0.6040258767965119
12222,1,5.21999998093,6.481378450904879,1.2613784699748791
12223,1,6.38461545797,9.488685236803747,3.104069778833747
12224,1,5.87199998856,6.974119097711772,1.1021191091517721
12225,1,6.24444445857,6.414908648565563,0.17046418999556234
12226,1,5.68799995422,6.79505175506343,1.10705180084343
12227,1,7.19130428978,5.241650433402972,1.9496538563770276
12228,1,6.83157895741,6.377155562437583,0.4544233949724168
12229,1,3.47872339918,11.962739929392642,8.484016530212642
12230,1,5.48500001431,6.742966987517389,1.257966973207389
12231,1,4.13199995041,6.786065464531461,2.654065514121461
12232,1,8.16800001144,6.50887320341508,1.6591268080249204
12233,1,6.18125002086,7.528271759492146,1.3470217386321455
12234,1,4.75909094377,6.9647692383262445,2.205678294556244
12235,1,4.4789473885,6.774979143659095,2.2960317551590954
12236,1,6.31600000381,7.045333691041303,0.7293336872313025
12237,1,4.85666666031,7.177945628733585,2.3212789684235853
12238,1,6.10416668653,6.420222102562715,0.3160554160327145
12239,1,6.46666660309,6.725406941629856,0.2587403385398561
12240,1,6.42592594359,6.817251791406272,0.39132584781627155
12241,1,5.03600000381,7.0901509959223565,2.0541509921123566
12242,1,5.92249999046,7.489076673651447,1.566576683191447
12243,1,4.77624998689,6.451571408800643,1.6753214219106427
12244,1,4.10526314813,6.047007220681724,1.9417440725517245
12245,1,5.06857140405,6.4453806488701755,1.3768092448201754
12246,1,5.29629626098,7.405783082788174,2.109486821808174
12247,1,4.96600000143,6.797808864771248,1.831808863341248
12248,1,6.52400001526,7.6390136894158065,1.115013674155806
12249,1,4.61666669448,6.590067004730251,1.973400310250251
12250,1,6.57619047165,5.892674107971638,0.6835163636783621
12251,1,5.48333334923,7.7898444176476245,2.306511068417625
12252,1,7.64285714286,7.545443330608126,0.09741381225187329
12253,1,6.38571432659,8.215440834538,1.829726507948001
12254,1,5.82500004768,6.388409445237318,0.5634093975573187
12255,1,5.56499998569,6.031595738122158,0.46659575243215823
12256,1,6.91428576197,6.894690920795237,0.01959484117476329
12257,1,6.27916659911,7.632948382904337,1.3537817837943376
12258,1,5.58888891008,7.387050674531759,1.7981617644517591
12259,1,4.75624996424,7.954962884897154,3.1987129206571536
12260,1,7.42999999523,6.255216148702402,1.174783846527598
12261,1,4.85999997457,6.5634158143592725,1.7034158397892725
12262,1,6.52499997616,9.033384352365243,2.5083843762052425
12263,1,6.80000001192,7.106890417665026,0.30689040574502613
12264,1,4.20833333333,8.86512421326279,4.656790879932791
12265,1,6.80833335718,6.25478366631339,0.5535496908666104
12266,1,3.96999999285,5.885873652830892,1.9158736599808917
12267,1,3.73888887299,6.846389127443742,3.107500254453742
12268,1,5.55833333731,6.024805049809304,0.4664717124993043
12269,1,5.43548386328,6.579423293191049,1.1439394299110486
12270,1,4.825,7.388219040568879,2.563219040568879
12271,1,6.14642857654,7.5081395636251775,1.3617109870851776
12272,1,6.33142858233,6.282197081558607,0.049231500771393044
12273,1,7.17058821285,6.133445127886633,1.0371430849633674
12274,1,6.6833332777,7.069976136477143,0.3866428587771429
12275,1,3.69062500633,6.967766743209721,3.2771417368797207
12276,1,4.35301204187,8.005690266516947,3.652678224646947
12277,1,5.96399999619,6.812809113577437,0.8488091173874368
12278,1,8.79600000381,7.373836574906139,1.4221634289038612
12279,1,3.43333332274,6.239342175007934,2.8060088522679343
12280,1,6.44761905216,6.57663547950531,0.12901642734530938
12281,1,3.91000000238,7.243857360273871,3.3338573578938715
12282,1,6.72399997711,7.3156583190159035,0.5916583419059034
12283,1,6.42105260648,8.216867903809558,1.7958152973295576
12284,1,6.00454547188,7.081503671209886,1.0769581993298862
12285,1,7.00000005298,7.521536852117687,0.5215367991376869
12286,1,5.62812495232,8.02299220615353,2.39486725383353
12287,1,5.84000001907,7.153922830273433,1.3139228112034331
12288,1,5.05199996948,9.20950456271153,4.15750459323153
12289,1,4.73750001192,10.339988761158736,5.602488749238736
12290,1,4.41071429423,6.777645439843224,2.366931145613224
12291,1,6.63913044722,7.1391662821955455,0.5000358349755452
12292,1,6.82666667302,6.716252801035704,0.11041387198429575
12293,1,5.63333328565,6.487801374962784,0.8544680893127836
12294,1,5.11199996948,7.118573203020485,2.006573233540485
12295,1,5.5625000298,6.8102812008113975,1.2477811710113977
12296,1,7.18499994278,8.77041397370228,1.585414030922279
12297,1,5.18400001526,7.48261661628794,2.2986166010279403
12298,1,4.57499995232,8.875112863777119,4.300112911457119
12299,1,6.87500007947,7.072287404364883,0.19728732489488277
12300,1,6.85466665904,7.655689065834398,0.8010224067943978
12301,1,3.96956518422,7.065887194310146,3.096322010090146
12302,1,6.51785721098,5.379428059020617,1.1384291519593832
12303,1,7.0,6.858882262499153,0.14111773750084744
12304,1,6.41904762813,7.4196958836060745,1.000648255476074
12305,1,5.46086960254,5.845148886067328,0.3842792835273281
12306,1,5.68000003815,7.137874796678042,1.4578747585280416
12307,1,6.54444445504,10.088246321674678,3.543801866634678
12308,1,6.5000000298,7.450369517734964,0.9503694879349638
12309,1,5.33693694209,5.55513515178642,0.21819820969641945
12310,1,6.34499998093,5.813209208069855,0.5317907728601448
12311,1,6.5631578847,9.138223571078797,2.575065686378797
12312,1,6.31764712053,7.561499738877319,1.2438526183473186
12313,1,4.98500001431,9.99326823678199,5.00826822247199
12314,1,4.22499997616,9.278818987998632,5.053819011838631
12315,1,7.12500003406,8.737748791954346,1.6127487578943454
12316,1,6.58125004172,5.863544294936103,0.7177057467838965
12317,1,7.5937500298,7.828270569114566,0.23452053931456618
12318,1,5.6249999702,7.455507569022895,1.8305075988228952
12319,1,8.61562503874,7.102487321450231,1.5131377172897684
12320,1,4.78000001907,9.052315980162724,4.272315961092724
12321,1,7.09999999133,6.6017910816551755,0.49820890967482434
12322,1,5.32222231229,9.319851019974747,3.997628707684747
12323,1,6.03125,6.465978235188311,0.4347282351883113
12324,1,6.42500007153,5.782880157687686,0.6421199138423148
12325,1,3.54469696681,9.787214771230895,6.242517804420895
12326,1,5.69411765828,7.1521589245594335,1.4580412662794338
12327,1,7.5428571701,8.82175744654006,1.2789002764400603
12328,1,6.90000000596,6.803254864524553,0.09674514143544677
12329,1,4.71499993801,7.126233377032881,2.4112334390228813
12330,1,6.70967737321,6.726865026317174,0.017187653107174405
12331,1,6.0433333238,6.714871565844884,0.6715382420448845
12332,1,6.01999998093,9.254980317728517,3.2349803367985173
12333,1,5.34210523806,10.09470645792749,4.75260121986749
12334,1,7.47222216924,8.169668391006741,0.6974462217667412
12335,1,5.72043011265,6.073363170963429,0.3529330583134289
12336,1,5.62399997711,8.397727055344696,2.773727078234695
12337,1,4.30400000572,7.20370017064354,2.89970016492354
12338,1,5.46999998093,7.574627218396886,2.104627237466886
12339,1,5.84090911258,9.343455864307074,3.502546751727074
12340,1,4.49310342197,6.6177917976468414,2.1246883756768415
12341,1,6.3592592522,7.291855363738248,0.9325961115382482
12342,1,4.33000004292,8.106637273636224,3.776637230716224
12343,1,5.84166667859,6.190055407378647,0.34838872878864713
12344,1,6.73499996662,8.380863230025033,1.6458632634050332
12345,1,4.49500000477,5.194880735923201,0.6998807311532014
12346,1,4.25600002289,6.492757106866026,2.236757083976026
12347,1,4.78666667938,5.527370095553691,0.740703416173691
12348,1,6.4136363593,8.246903537172432,1.8332671778724325
12349,1,4.60312496126,8.720789412182665,4.117664450922665
12350,1,6.86470592723,6.897981435017238,0.03327550778723776
12351,1,4.11499997377,6.5223884609102125,2.4073884871402127
12352,1,5.48333334923,8.044745613036511,2.5614122638065115
12353,1,7.72500002384,6.736178071218639,0.9888219526213611
12354,1,7.4538461245,5.339012581424761,2.114833543075239
12355,1,4.46799999237,7.512701871130072,3.0447018787600717
12356,1,6.35238097963,7.176886850028914,0.8245058703989132
12357,1,4.39600004196,7.411011089760902,3.0150110478009022
12358,1,4.53111111323,7.054684219319077,2.523573106089077
12359,1,4.48499999046,6.45300429715012,1.9680043066901192
12360,1,6.94615382415,6.964578365635723,0.018424541485723367
12361,1,4.05000001192,5.509342232581439,1.4593422206614388
12362,1,4.41500002146,6.850424987972579,2.4354249665125787
12363,1,7.22000005245,6.4964266390733005,0.7235734133766991
12364,1,7.00238097282,6.723563223042975,0.27881774977702545
12365,1,6.00333329837,5.203485563111656,0.7998477352583446
12366,1,4.80000001506,7.251725342117603,2.451725327057603
12367,1,6.90937501192,6.470867684720975,0.43850732719902474
12368,1,6.35199996948,7.593755549764417,1.2417555802844173
12369,1,6.88888887123,5.800667181397504,1.088221689832496
12370,1,6.30434782609,6.829422821229398,0.5250749951393985
12371,1,6.88620687353,7.116577587493987,0.23037071396398723
12372,1,7.51538456403,6.627567794837418,0.8878167691925816
12373,1,6.32333334287,6.937236803044111,0.6139034601741109
12374,1,3.96800002098,6.898401263284143,2.930401242304143
12375,1,7.4296296261,6.098617774738434,1.3310118513615654
12376,1,5.62000000477,8.269095452891682,2.649095448121682
12377,1,7.5000000298,5.548354503295856,1.9516455265041435
12378,1,5.40800004959,7.448174119384982,2.0401740697949817
12379,1,4.37083335718,6.828316802983582,2.4574834458035815
12380,1,7.36800001144,6.130667841567515,1.2373321698724853
12381,1,7.00434780121,6.920215717164956,0.08413208404504413
12382,1,5.80333336194,5.680219771283122,0.1231135906568781
12383,1,6.43846156047,6.931396010007368,0.4929344495373673
12384,1,5.14166669051,7.095503674538375,1.9538369840283751
12385,1,7.72666667302,7.144119578861157,0.5825470941588433
12386,1,6.68846152379,7.252402131603023,0.5639406078130227
12387,1,6.75,6.673945639761021,0.07605436023897916
12388,1,6.42399999619,6.9032369508207685,0.47923695463076843
12389,1,6.14705882353,7.394538702031139,1.2474798785011387
12390,1,6.60769231503,5.676686724298353,0.9310055907316475
12391,1,6.05714280265,6.9327322621571055,0.8755894595071059
12392,1,5.65416669846,6.975998940714527,1.3218322422545272
12393,1,4.82500006755,6.509671829603821,1.6846717620538207
12394,1,4.16888887617,8.43319758058134,4.26430870441134
12395,1,6.30434776389,8.4799331827405,2.175585418850499
12396,1,6.30909096111,6.025148478173495,0.2839424829365047
12397,1,8.4604651318,6.041153227985063,2.419311903814936
12398,1,7.4541666309,8.566358999289037,1.112192368389037
12399,1,6.57368424064,8.691028242282735,2.117344001642736
12400,1,6.28750000397,7.329984067756529,1.042484063786529
12401,1,4.61000003815,8.046183222562345,3.4361831844123447
12402,1,5.19583330552,5.919423471053383,0.7235901655333832
12403,1,5.39000003338,6.2608712626916265,0.8708712293116267
12404,1,7.27727270126,6.55251600484765,0.7247566964123502
12405,1,7.27466668447,6.967993045233343,0.30667363923665647
12406,1,5.38,6.554464243442467,1.1744642434424675
12407,1,5.71111112171,7.94648466673537,2.23537354502537
12408,1,4.42500002384,9.5036897868846,5.0786897630446
12409,1,5.43333328338,6.84171720525595,1.4083839218759504
12410,1,4.42800001144,5.762906950289668,1.3349069388496684
12411,1,5.6249999404,7.426717861415684,1.8017179210156833
12412,1,5.91249999404,6.138189603409286,0.22568960936928573
12413,1,4.64999999603,9.645664691430355,4.995664695400355
12414,1,5.38484849352,7.297705876683583,1.9128573831635833
12415,1,6.13181816448,5.560852254600023,0.5709659098799769
12416,1,7.10000002384,7.675212061301043,0.5752120374610428
12417,1,5.37272735076,6.804722753730488,1.4319954029704878
12418,1,5.38500001431,6.534844130699332,1.1498441163893318
12419,1,5.75833332539,6.837337649595615,1.0790043242056155
12420,1,7.03666664759,6.4805837573005896,0.5560828902894102
12421,1,7.22333335876,7.276407587177814,0.05307422841781406
12422,1,4.44500002861,6.746277739684281,2.301277711074281
12423,1,6.90740740741,8.162177277383048,1.2547698699730478
12424,1,4.74999997833,6.82203376852821,2.07203379019821
12425,1,6.08571429934,6.427081455887693,0.341367156547693
12426,1,6.30312500894,8.62375935836543,2.320634349425429
12427,1,6.78461536994,6.858170511561177,0.07355514162117682
12428,1,4.52399999619,7.126201549220124,2.602201553030124
12429,1,6.67142854418,6.653471244162159,0.017957300017841682
12430,1,4.77200000763,6.7793300709482915,2.0073300633182916
12431,1,6.80624994636,5.442590058481288,1.363659887878712
12432,1,4.57500002782,6.7212484527625,2.1462484249425
12433,1,5.96000003815,6.812552806786131,0.8525527686361318
12434,1,5.25499994755,6.905873584948739,1.650873637398739
12435,1,7.34000002543,6.482910430080722,0.8570895953492785
12436,1,6.57142857143,7.458353169920289,0.8869245984902889
12437,1,7.26250004768,6.687539492411801,0.5749605552681984
12438,1,8.1607143368,5.6642543271735075,2.4964600096264924
12439,1,4.17722769067,6.822095520807017,2.6448678301370174
12440,1,3.23960396559,7.595757555789108,4.356153590199108
12441,1,4.42799995422,6.422825201786937,1.9948252475669372
12442,1,7.27037035977,6.97731735741749,0.29305300235251064
12443,1,7.23461534427,6.58505398774243,0.6495613565275695
12444,1,4.26486485069,7.750697242890422,3.4858323922004217
