row_id,fold,y_true,y_pred,abs_error
0,4,16.06000004,8.25081651971718,7.809183520282819
1,4,0.0,0.38144440743108987,0.38144440743108987
2,4,0.0,-1.2851312985824652,1.2851312985824652
3,4,13.81935486,8.251522759060203,5.567832100939798
4,4,9.530000019,8.09052963014539,1.439470388854609
5,4,9.100000381,9.51745043354926,0.4174500525492615
6,4,10.21034479,7.783372213425969,2.4269725765740313
7,4,9.778048841,8.26084358184376,1.5172052591562402
8,4,12.55000019,9.079794142364813,3.4702060476351875
9,4,10.66874997,8.747405917878979,1.9213440521210217
10,4,0.0,0.4081809218740009,0.4081809218740009
11,4,13.24444453,5.298812053170996,7.9456324768290045
12,4,10.19999981,8.12823328900793,2.0717665209920693
13,4,19.13571419,9.17616278030125,9.95955140969875
14,4,10.89999962,8.77177812661225,2.1282214933877484
15,4,17.10000038,7.072601472050942,10.02739890794906
16,4,15.69999981,8.410424571209493,7.289575238790507
17,4,0.0,0.6059729639294762,0.6059729639294762
18,4,11.07444442,7.878526207497018,3.195918212502983
19,4,11.10000038,8.036749999960094,3.063250380039907
20,4,10.93793103,8.114001191168171,2.8239298388318286
21,4,8.900000095,8.006272732674915,0.8937273623250839
22,4,9.240000014,7.443261561775542,1.7967384522244574
23,4,0.0,0.30236997659288534,0.30236997659288534
24,4,13.51249981,9.437540256607654,4.074959553392345
25,4,0.0,0.24722788434090504,0.24722788434090504
26,4,0.0,0.31812907092854736,0.31812907092854736
27,4,13.60000038,10.693051497042328,2.906948882957673
28,4,0.0,-1.276377128960899,1.276377128960899
29,4,0.0,0.31009412791872926,0.31009412791872926
30,4,13.10000038,0.33852485362072926,12.761475526379272
31,4,13.70000013,9.29038521981952,4.40961491018048
32,4,13.10000038,10.243766778029741,2.85623360197026
33,4,13.19999981,9.566635318475896,3.6333644915241035
34,4,0.0,0.25654646965878314,0.25654646965878314
35,4,0.0,0.2667598866634826,0.2667598866634826
36,1,10.5,9.77950013170928,0.7204998682907195
37,1,10.12631579,9.375306129184164,0.7510096608158356
38,1,10.2,8.832107341231323,1.3678926587686764
39,1,0.0,0.27457514850514286,0.27457514850514286
40,1,10.30000019,9.635782053150196,0.6642181368498044
41,1,5.994771244,7.242783760548656,1.2480125165486564
42,1,9.23333327,8.711174356211899,0.5221589137881004
43,1,9.044827659,8.831001819590462,0.21382583940953737
44,1,7.922222222,7.578391110514445,0.3438311114855557
45,1,8.035483853,7.747280565342358,0.2882032876576428
46,1,8.050000191,8.731747200924895,0.6817470099248943
47,1,7.398113206,7.46797134165453,0.06985813565453025
48,1,6.066265043,7.549175649406902,1.482910606406902
49,1,10.25,10.268608582980804,0.01860858298080359
50,1,10.7826087,10.455454990043089,0.32715370995691195
51,1,10.60000038,9.458119039979223,1.1418813400207775
52,1,11.1642858,9.799567722948286,1.3647180770517142
53,1,9.694805213,9.183214963138488,0.5115902498615128
54,1,10.06249994,9.442193812451489,0.6203061275485116
55,1,10.10000038,0.5625225903882605,9.53747778961174
56,1,0.0,10.97987381948288,10.97987381948288
57,1,9.153488414,9.08346953022896,0.0700188837710396
58,1,0.0,0.6211880039655533,0.6211880039655533
59,1,13.45064942,8.88498820473869,4.56566121526131
60,1,11.73999996,9.554044558479577,2.185955401520424
61,1,13.16250002,7.759380256035147,5.4031197639648525
62,1,15.0,9.827497990362126,5.172502009637874
63,1,0.0,1.033896830524812,1.033896830524812
64,1,17.46666654,8.41743601495251,9.049230525047488
65,1,13.27894743,8.668945469780503,4.610001960219497
66,1,16.39999962,9.19079797560778,7.20920164439222
67,1,16.25,9.47654285957869,6.773457140421311
68,1,16.20000076,9.298371511962053,6.901629248037949
69,1,18.5,7.1503928978706845,11.349607102129315
70,1,7.271319305,4.97865245410693,2.2926668508930694
71,1,5.138248866,6.385072413373679,1.2468235473736797
72,1,9.481739098,7.2428116417942405,2.2389274562057597
73,1,6.661928949,6.490196771252252,0.17173217774774763
74,1,9.897942408,6.592744415672001,3.305197992327999
75,1,4.900000095,6.9840307045746215,2.0840306095746213
76,1,5.775550665,6.205034237543918,0.42948357254391833
77,1,8.222000046,7.822924819742703,0.3990752262572972
78,1,8.699999809,8.882803584300927,0.18280377530092728
79,1,0.0,-0.007209183225404203,0.007209183225404203
80,1,8.349999905,8.049463073460736,0.30053683153926514
81,1,8.154054075,7.444882145813207,0.7091719291867928
82,1,8.533962304,7.329822166511609,1.2041401374883902
83,1,8.543333364,6.966432429987026,1.5769009340129747
84,1,9.141176476,7.816852613657997,1.3243238623420028
85,2,12.32500005,8.748428267613196,3.5765717823868037
86,2,12.30000019,8.665677979008526,3.634322210991474
87,2,13.98666662,9.070527634441222,4.916138985558778
88,2,12.19523816,8.732066938746538,3.4631712212534627
89,2,12.69999981,8.606317732818582,4.093682077181418
90,2,12.69999981,9.115504439756876,3.5844953702431237
91,2,13.59000001,8.311114456400958,5.278885553599043
92,2,0.0,-0.16478305761425283,0.16478305761425283
93,2,12.30000019,0.19741762611826985,12.10258256388173
94,2,12.5,8.677231724671529,3.822768275328471
95,2,0.0,-0.1169887531091156,0.1169887531091156
96,2,0.0,-1.278961725682251,1.278961725682251
97,2,0.0,0.039242153437660576,0.039242153437660576
98,2,13.0,8.681801675955725,4.318198324044275
99,2,12.8499999,8.94594810863368,3.904051791366321
100,2,12.0999999,8.583282582760011,3.516717317239989
101,2,12.30000019,7.323802988422032,4.9761972015779685
102,2,12.26666673,8.847480442323189,3.419186287676812
103,2,13.0,7.362001284506439,5.637998715493561
104,2,12.13333332,8.704922594471434,3.4284107255285665
105,2,11.60000038,7.608665308921641,3.9913350710783595
106,2,10.84459461,8.340931629275465,2.5036629807245347
107,2,0.0,-0.1617957893642572,0.1617957893642572
108,2,10.0,9.628854167352316,0.3711458326476844
109,2,0.0,-1.300983297826141,1.300983297826141
110,2,10.69999981,-0.39224378833137585,11.092243598331375
111,2,9.849999905,9.750434604030318,0.09956530096968308
112,2,0.0,-0.21729768860784482,0.21729768860784482
113,2,0.0,-0.2119937600615298,0.2119937600615298
114,2,9.75,8.331960282305221,1.4180397176947785
115,2,10.80000019,9.176390302512456,1.6236098874875449
116,2,12.05000019,9.037628306880272,3.0123718831197284
117,1,12.0347827,9.034045069780293,3.0007376302197066
118,1,12.45000005,8.850430298262477,3.5995697517375227
119,1,15.75,9.843858563307794,5.906141436692206
120,1,14.07142854,7.700575132899109,6.37085340710089
121,1,14.60000038,8.95158055811008,5.64841982188992
122,1,0.0,0.5166162089851909,0.5166162089851909
123,1,13.73076916,9.69431779753863,4.036451362461369
124,1,14.9,9.292566114102302,5.607433885897699
125,1,0.0,0.36169297053486815,0.36169297053486815
126,1,16.06153855,8.133422878815347,7.9281156711846545
127,1,14.94999981,9.685376380077408,5.264623429922592
128,1,0.0,0.4798762730111008,0.4798762730111008
129,1,12.23199989,8.493216165574772,3.738783724425229
130,1,12.95000005,9.112637972260945,3.837362077739055
131,1,13.0,8.083287986718709,4.916712013281291
132,1,13.13225805,8.455824960229844,4.676433089770157
133,1,0.0,9.276856838318954,9.276856838318954
134,4,0.0,0.20757546664546744,0.20757546664546744
135,4,0.0,0.31707644205115315,0.31707644205115315
136,4,8.021818248,7.926574205423422,0.09524404257657881
137,4,5.875362334,6.893860940072922,1.0184986060729218
138,4,5.133333365,7.078836930954005,1.945503565954005
139,4,4.895661153,6.7870810608379415,1.8914199078379417
140,4,7.300000191,8.469127642547267,1.1691274515472676
141,4,7.437777752,7.2831848041174565,0.15459294788254319
142,4,5.699999809,7.435087255936378,1.7350874469363777
143,4,5.719565231,6.481137379972299,0.7615721489722995
144,4,5.300000191,8.079042797785295,2.7790426067852954
145,4,6.279591823,7.476439367010928,1.1968475440109287
146,3,10.80000019,9.079873046096225,1.7201271439037757
147,3,11.06315783,9.32894134064137,1.73421648935863
148,3,11.17272724,8.806828604953864,2.365898635046136
149,3,12.52727277,8.33782626634976,4.18944650365024
150,3,10.54545453,8.883714289123656,1.6617402408763446
151,3,0.0,2.9426826708955662,2.9426826708955662
152,3,8.727472499,9.245685247592455,0.5182127485924557
153,3,8.763636372,9.282726968086466,0.5190905960864658
154,3,9.513846148,9.065158960703055,0.44868718729694557
155,3,0.0,2.745196770523618,2.745196770523618
156,3,9.998360676,7.867534588054802,2.1308260879451986
157,3,9.25,9.515098211945075,0.2650982119450749
158,3,9.017857134,8.491396769378866,0.5264603646211334
159,3,10.30000019,9.306266204255188,0.9937339857448126
160,3,9.726923044,8.979726628695186,0.7471964153048134
161,3,10.48541667,8.706818688388811,1.7785979816111883
162,3,10.69999981,8.870524211831547,1.829475598168452
163,3,10.69999981,9.116270627597256,1.5837291824027435
164,3,10.89999962,8.933491940931003,1.9665076790689966
165,3,10.30714289,8.975596359591055,1.3315465304089447
166,1,0.0,0.3254099842410927,0.3254099842410927
167,1,13.32500005,9.60532450222113,3.71967554777887
168,1,13.0,9.639075574839273,3.360924425160727
169,1,13.19999981,9.705396933463248,3.494602876536751
170,1,0.0,-1.2116408735229633,1.2116408735229633
171,1,0.0,0.5774784801354738,0.5774784801354738
172,1,0.0,-1.21261449266928,1.21261449266928
173,5,0.0,-0.15211501046608333,0.15211501046608333
174,5,8.5,10.233314643048875,1.7333146430488746
175,5,8.5,9.358272000770018,0.8582720007700182
176,5,0.0,10.209396631310735,10.209396631310735
177,5,0.0,-0.08859607411379145,0.08859607411379145
178,5,9.349999905,8.97977220492313,0.370227700076871
179,5,8.399999619,-0.10026327195612339,8.500262890956124
180,5,8.200000286,8.886510848136778,0.6865105621367782
181,5,9.100000381,9.759458100173191,0.6594577191731918
182,5,9.615384689,8.25660197622966,1.3587827127703402
183,5,0.0,-0.12349664623580203,0.12349664623580203
184,5,9.644444413,9.403121598067145,0.24132281493285568
185,5,8.800000191,9.004566077372626,0.20456588637262563
186,5,8.979999924,9.015908460056975,0.03590853605697575
187,5,8.100000381,9.841631007862109,1.7416306268621096
188,5,0.0,-0.15260992543275798,0.15260992543275798
189,5,8.169999933,8.899017505901114,0.7290175729011139
190,5,7.5,9.904299973099072,2.4042999730990715
191,5,8.0,10.304909473396489,2.3049094733964886
192,5,0.0,-0.14315772237923596,0.14315772237923596
193,3,5.900000095,9.007929612985619,3.1079295179856183
194,3,5.639013449,7.57089690456141,1.93188345556141
195,3,6.320000076,7.825952592771056,1.505952516771056
196,3,6.815384617,6.908349847193224,0.092965230193224
197,3,10.0,8.434986568413017,1.5650134315869835
198,3,0.0,2.0217264802889723,2.0217264802889723
199,3,10.83191488,8.773566612961249,2.0583482670387507
200,3,9.052941098,7.828368175578174,1.2245729224218254
201,3,9.681818182,8.266289157053926,1.4155290249460748
202,3,7.805555529,7.619766302896682,0.18578922610331805
203,3,6.884374991,7.429366783403107,0.5449917924031071
204,3,0.0,1.64815112368799,1.64815112368799
205,3,0.0,1.5572627585197658,1.5572627585197658
206,3,0.0,1.4589144817095843,1.4589144817095843
207,3,7.800000191,8.432534655436175,0.6325344644361754
208,3,7.617708365,7.826863468525355,0.2091551035253545
209,3,9.980000114,9.741931982085033,0.23806813191496623
210,3,10.39999962,10.069073564387704,0.33092605561229504
211,3,13.09090913,7.920530489420216,5.170378640579784
212,3,0.0,2.5204053163252294,2.5204053163252294
213,3,10.30000019,9.668764561039277,0.6312356289607237
214,3,12.0,9.86913954110179,2.1308604588982103
215,3,10.33333333,8.958323948821928,1.3750093811780726
216,3,0.0,2.5659223149830677,2.5659223149830677
217,3,16.97142833,9.570838027230668,7.400590302769331
218,3,10.30000019,11.12512512437712,0.8251249343771203
219,3,10.0999999,9.58525879699512,0.5147411030048801
220,3,0.0,2.3495611000694616,2.3495611000694616
221,3,10.60000038,9.989182149873352,0.6108182301266485
222,3,9.950000048,9.576111685696512,0.37388836230348765
223,3,10.61538476,9.561429885167062,1.0539548748329377
224,5,12.83999996,9.552761250134605,3.2872387098653952
225,5,12.5,8.687841569950516,3.812158430049484
226,5,14.13181821,8.966770543288677,5.165047666711324
227,5,13.13333321,8.693253875471893,4.440079334528107
228,5,13.5,9.909363174737578,3.590636825262422
229,5,0.0,-0.2331468731576667,0.2331468731576667
230,5,0.0,5.788403663274384,5.788403663274384
231,3,0.0,-0.23347114921677914,0.23347114921677914
232,3,0.0,-0.23347114921677914,0.23347114921677914
233,3,0.0,2.035903793258573,2.035903793258573
234,3,13.30000019,10.176126381466094,3.123873808533906
235,3,0.0,1.89639767425804,1.89639767425804
236,3,0.0,-0.23347114921677914,0.23347114921677914
237,3,0.0,1.9323198417741647,1.9323198417741647
238,3,0.0,-0.23347114921677914,0.23347114921677914
239,3,0.0,-0.06601673762276761,0.06601673762276761
240,3,0.0,2.2979601532081055,2.2979601532081055
241,3,0.0,-0.23347114921677914,0.23347114921677914
242,4,0.0,-1.2852592897657917,1.2852592897657917
243,4,0.0,-1.2849489436410444,1.2849489436410444
244,4,0.0,-1.276377128960899,1.276377128960899
245,4,0.0,-1.276377128960899,1.276377128960899
246,4,13.19999981,9.942308865144721,3.2576909448552787
247,4,0.0,0.5406013721456198,0.5406013721456198
248,4,0.0,10.820264024572635,10.820264024572635
249,4,0.0,-1.288310129347737,1.288310129347737
250,4,0.0,-1.2844202806957625,1.2844202806957625
251,2,13.39999962,8.98547079330125,4.414528826698749
252,2,0.0,-1.3012179966974013,1.3012179966974013
253,2,0.0,-0.41783744767502995,0.41783744767502995
254,2,12.39999962,-0.3999404049487154,12.799940024948715
255,5,0.0,-0.28725387492030663,0.28725387492030663
256,5,0.0,-1.346292280805999,1.346292280805999
257,5,0.0,-0.21538599828406646,0.21538599828406646
258,5,0.0,-1.3547134055068621,1.3547134055068621
259,5,0.0,-0.008972802267068758,0.008972802267068758
260,5,0.0,-0.21067574887429252,0.21067574887429252
261,5,0.0,-0.183701827683187,0.183701827683187
262,5,14.10000038,11.22827992655237,2.8717204534476313
263,5,0.0,-0.20613166728611,0.20613166728611
264,5,14.60000038,10.389915363622398,4.210085016377603
265,5,0.0,-1.3284413161960433,1.3284413161960433
266,5,10.19999981,10.42315794172286,0.22315813172285992
267,5,11.76666673,10.172116491121637,1.5945502388783641
268,5,11.6500001,9.44702776531875,2.202972334681249
269,5,13.2750001,9.080610059236658,4.194390040763341
270,4,11.0,9.647090440724423,1.3529095592755773
271,4,12.69999981,10.309250436348185,2.390749373651815
272,4,12.80000019,10.770810115668102,2.0291900743318987
273,4,0.0,-1.28799665556501,1.28799665556501
274,4,12.60000038,9.227950771834239,3.372049608165762
275,4,0.0,0.23018946846524457,0.23018946846524457
276,4,12.89999962,10.390048804613958,2.5099508153860413
277,4,12.80000019,10.64793449366472,2.1520656963352813
278,4,13.19999981,9.48780637988024,3.7121934301197594
279,4,0.0,0.16110738884069598,0.16110738884069598
280,4,0.0,0.22332151319085547,0.22332151319085547
281,4,0.0,-1.3196513995654335,1.3196513995654335
282,3,0.0,-0.13387242037122604,0.13387242037122604
283,2,12.80000019,9.028052601721228,3.7719475882787723
284,2,0.0,-0.1863735263441768,0.1863735263441768
285,2,0.0,0.030824434640651432,0.030824434640651432
286,2,13.60000038,10.1988599839424,3.4011403960576008
287,2,0.0,-1.194336020102627,1.194336020102627
288,2,14.10000038,4.480371590287993,9.619628789712008
289,2,0.0,-1.3012179966974013,1.3012179966974013
290,2,0.0,-0.052272659931666965,0.052272659931666965
291,2,0.0,-1.3012179966974013,1.3012179966974013
292,2,13.0,9.256785834729824,3.7432141652701763
293,3,0.0,0.6461058471452716,0.6461058471452716
294,3,0.0,0.7173459889160494,0.7173459889160494
295,3,0.0,0.7070058094827161,0.7070058094827161
296,3,4.900000095,6.950354392459894,2.0503542974598936
297,3,5.0,6.4923912213199735,1.4923912213199735
298,3,4.800000191,6.727281197413638,1.9272810064136383
299,3,0.0,-0.5686860197453125,0.5686860197453125
300,3,4.699999809,7.045739442599038,2.3457396335990373
301,3,5.136363636,7.342701010972029,2.20633737497203
302,3,4.642857143,6.304614831203713,1.6617576882037133
303,3,4.777777725,7.246060892211569,2.4682831672115686
304,3,4.836363619,6.788915047332198,1.9525514283321979
305,3,4.382352969,6.278504776532747,1.896151807532747
306,3,4.711764672,6.127660427282105,1.4158957552821052
307,3,4.699999952,6.341820960453642,1.6418210084536424
308,3,0.0,7.17099086803425,7.17099086803425
309,3,4.182352964,6.145751646795302,1.9633986827953027
310,2,0.0,-1.2764550970535762,1.2764550970535762
311,2,0.0,-0.7384115822377382,0.7384115822377382
312,2,4.099999905,6.22797341338201,2.12797350838201
313,2,0.0,-0.7498256040866256,0.7498256040866256
314,2,4.228571347,6.418509234694114,2.1899378876941142
315,2,4.300000191,7.22930199932878,2.9293018083287805
316,2,4.328571456,6.871405554448156,2.5428340984481563
317,2,4.088888857,6.629538262504612,2.5406494055046123
318,2,4.819999981,6.728671776901458,1.9086717959014585
319,2,4.950000048,7.120938729291273,2.1709386812912737
320,2,4.4923077,5.990284522902453,1.4979768229024533
321,2,4.553968255,5.641686743303268,1.0877184883032678
322,4,4.800000032,6.502467443767692,1.7024674117676923
323,4,4.733333302,5.8386813209256445,1.1053480189256444
324,4,4.462500036,5.828097698642601,1.3655976626426014
325,4,6.0,7.54361057844115,1.5436105784411502
326,4,0.0,-1.071829234875425,1.071829234875425
327,4,4.900000095,7.488151561536303,2.588151466536303
328,4,5.228571483,6.688450092147083,1.4598786091470837
329,4,6.599999905,7.46442731873353,0.8644274137335302
330,4,0.0,-1.0649966214086337,1.0649966214086337
331,4,0.0,-1.0612511652977545,1.0612511652977545
332,4,0.0,-1.0985643919382309,1.0985643919382309
333,4,0.0,-0.9583406731967585,0.9583406731967585
334,4,5.699999809,6.147690872576392,0.447691063576392
335,4,6.0,7.2548763032745365,1.2548763032745365
336,4,4.6,6.333908448351494,1.7339084483514942
337,4,6.599999905,6.846601635039599,0.2466017300395995
338,4,0.0,-1.0067161315665896,1.0067161315665896
339,4,0.0,-1.0116363605358956,1.0116363605358956
340,4,5.5,6.507988036013344,1.0079880360133444
341,4,0.0,-1.0399322767454642,1.0399322767454642
342,5,7.281818151,6.880516110890426,0.4013020401095746
343,5,5.580952372,6.3804136304996515,0.7994612584996519
344,5,4.560000038,6.2469522942553315,1.6869522562553314
345,5,8.614634084,6.651005508820152,1.9636285751798486
346,5,4.549999952,6.484022540437897,1.9340225884378963
347,5,4.400000095,6.648568124971604,2.2485680299716035
348,5,4.299999965,5.815986913851459,1.5159869488514595
349,5,5.785714252,6.178897768056135,0.3931835160561352
350,5,6.099999905,6.362298022958814,0.26229811795881464
351,5,6.404545502,5.849009765076394,0.5555357369236065
352,5,7.349999905,5.836878234263436,1.513121670736564
353,5,6.599999905,7.283951575633043,0.6839516706330429
354,5,7.463157942,5.933530533713469,1.5296274082865304
355,5,6.319999981,6.244758956508479,0.07524102449152092
356,5,9.876190492,7.297096453286729,2.5790940387132704
357,5,6.919999981,6.323661093650296,0.5963388873497042
358,5,7.0,6.226998989243162,0.7730010107568379
359,5,8.571014529,5.820771196649174,2.7502433323508253
360,5,7.5,6.019857595806929,1.4801424041930709
361,5,6.985714231,6.388430029893451,0.5972842011065493
362,5,7.666666667,7.214147811332267,0.45251885566773353
363,5,7.400000095,6.7868208797911596,0.6131792152088407
364,1,7.9,7.196137120357009,0.7038628796429913
365,1,9.593333356,7.170694737990215,2.4226386180097856
366,1,8.659999943,7.560177744871461,1.0998221981285399
367,1,7.966666698,8.072986442232398,0.10631974423239843
368,1,11.36666679,6.752166314792305,4.614500475207695
369,1,10.84935061,6.272545182861759,4.5768054271382415
370,1,11.9000001,6.155658592310081,5.744341507689919
371,1,9.831034504,5.861475839991185,3.969558664008815
372,1,11.33333333,6.236547204302676,5.096786125697324
373,1,7.700000029,6.263876345176266,1.436123683823734
374,1,8.800000191,3.5650373826378097,5.234962808362191
375,1,7.316666683,7.280427578506291,0.03623910449370893
376,1,7.700000021,7.075303847479805,0.6246961735201948
377,1,8.5,7.671272583374904,0.828727416625096
378,1,7.685714313,6.987736744449517,0.697977568550483
379,1,9.311111238,7.906886028114747,1.4042252098852535
380,1,10.30000019,8.048083265859605,2.251916924140396
381,1,10.89999962,6.871180276248523,4.0288193437514765
382,1,10.79999971,7.589784146226452,3.2102155637735477
383,1,9.900000095,7.8693355719667055,2.030664523033294
384,1,0.0,-0.5014498036508162,0.5014498036508162
385,1,10.51785714,4.419669726189534,6.098187413810466
386,1,11.24117638,6.90799648358592,4.333179896414081
387,1,10.48888899,6.26408135282618,4.22480763717382
388,1,10.34444449,6.427018598937742,3.9174258910622584
389,1,11.0,7.306527098146942,3.693472901853058
390,1,9.052631579,5.749427372815944,3.3032042061840556
391,5,0.0,-1.439346985576071,1.439346985576071
392,2,0.0,-1.3341557718161337,1.3341557718161337
393,2,0.0,-1.3086772735912309,1.3086772735912309
394,2,0.0,-1.3341557718161337,1.3341557718161337
395,2,0.0,-0.8541461330406648,0.8541461330406648
396,2,0.0,-1.3341557718161337,1.3341557718161337
397,2,0.0,-1.311756675607727,1.311756675607727
398,1,0.0,-0.7015763841776153,0.7015763841776153
399,1,0.0,-0.7199282753026228,0.7199282753026228
400,1,0.0,7.370553789687357,7.370553789687357
401,1,0.0,-1.3351899998678665,1.3351899998678665
402,1,0.0,-1.3011012155270176,1.3011012155270176
403,1,0.0,-0.7165187270758366,0.7165187270758366
404,5,0.0,-1.2156874130449342,1.2156874130449342
405,5,0.0,-1.297579000336535,1.297579000336535
406,5,0.0,-1.2419747319990382,1.2419747319990382
407,5,6.166666667,7.046149354826648,0.8794826878266475
408,5,5.333333333,7.265977012916632,1.932643679916632
409,5,0.0,-1.2828648816718005,1.2828648816718005
410,5,0.0,7.199984028991348,7.199984028991348
411,5,0.0,-1.3288218884231124,1.3288218884231124
412,5,4.960000038,6.923387014383736,1.9633869763837355
413,5,5.25,6.987186577270955,1.737186577270955
414,5,0.0,-1.469700321975198,1.469700321975198
415,5,0.0,-1.3125422872483679,1.3125422872483679
416,5,5.099999905,7.253330206722277,2.153330301722277
417,5,0.0,-1.3019795945411392,1.3019795945411392
418,5,5.099999905,8.03807977452486,2.93807986952486
419,5,0.0,-1.439346985576071,1.439346985576071
420,4,0.0,-1.0376354701192572,1.0376354701192572
421,4,5.5,6.31812645273731,0.8181264527373102
422,4,5.199999809,7.331591975131047,2.131592166131047
423,4,5.099999905,6.758097125101994,1.6580972201019941
424,4,4.774999976,6.583807641403972,1.8088076654039718
425,4,0.0,-1.6459295292520295,1.6459295292520295
426,4,0.0,-1.0644200122011807,1.0644200122011807
427,4,4.900000095,7.63677693916739,2.73677684416739
428,4,0.0,-1.085902419331486,1.085902419331486
429,4,0.0,-1.106903405048147,1.106903405048147
430,4,0.0,-1.1093543957252479,1.1093543957252479
431,4,4.800000191,6.842669755139253,2.0426695641392536
432,4,5.800000191,6.574235311591925,0.7742351205919258
433,4,0.0,-1.0740012106158492,1.0740012106158492
434,4,0.0,-0.9290542700476365,0.9290542700476365
435,4,0.0,-1.0187198883716704,1.0187198883716704
436,4,0.0,-1.0245834745599716,1.0245834745599716
437,4,0.0,-1.0065261855950371,1.0065261855950371
438,4,0.0,-1.076107404900121,1.076107404900121
439,4,0.0,-1.067358917584654,1.067358917584654
440,4,0.0,-0.8348942829620452,0.8348942829620452
441,4,0.0,-1.0421082614263373,1.0421082614263373
442,4,6.425000072,7.600044199628246,1.1750441276282464
443,4,5.650000095,7.95248956070884,2.30248946570884
444,4,6.300000191,7.914858696669407,1.6148585056694076
445,4,0.0,-1.6459295292520295,1.6459295292520295
446,4,0.0,-1.6561285725491892,1.6561285725491892
447,4,7.199999809,8.528420827972642,1.3284210189726418
448,4,6.5,8.52693739852989,2.02693739852989
449,4,5.900000095,7.310562463793695,1.4105623687936948
450,4,7.387499928,7.073538454866872,0.31396147313312817
451,5,6.700000048,6.757281110026744,0.05728106202674432
452,5,0.0,-1.2054421661118884,1.2054421661118884
453,5,7.433333238,6.736427455925577,0.6969057820744231
454,5,8.274999857,6.745414119646913,1.5295857373530861
455,5,0.0,-1.0566196340048464,1.0566196340048464
456,5,0.0,-1.2335645494245373,1.2335645494245373
457,5,0.0,-1.2266683959517106,1.2266683959517106
458,5,8.0,7.124423837845981,0.8755761621540188
459,5,7.0,7.602166013812677,0.6021660138126768
460,5,0.0,-1.2391725460722984,1.2391725460722984
461,5,0.0,-1.2009561906017847,1.2009561906017847
462,5,0.0,6.961680480455693,6.961680480455693
463,5,0.0,-1.2625319679234774,1.2625319679234774
464,5,8.400000095,6.993791345825576,1.4062087491744233
465,5,0.0,-1.439346985576071,1.439346985576071
466,5,8.600000381,3.930136293777789,4.66986408722221
467,5,0.0,-1.312787369336716,1.312787369336716
468,5,0.0,-1.2571362615244706,1.2571362615244706
469,5,0.0,-1.4550363594828202,1.4550363594828202
470,5,0.0,-1.439346985576071,1.439346985576071
471,5,0.0,-1.2711377384973925,1.2711377384973925
472,5,0.0,-1.4684755233497615,1.4684755233497615
473,5,0.0,-1.3112437834810056,1.3112437834810056
474,5,0.0,-1.439346985576071,1.439346985576071
475,5,0.0,-1.2793040227286792,1.2793040227286792
476,5,0.0,-1.26985678750758,1.26985678750758
477,1,0.0,8.12101121955816,8.12101121955816
478,1,5.149999857,7.470585687492296,2.3205858304922957
479,1,0.0,-0.8398821924432713,0.8398821924432713
480,1,5.300000191,7.178709544113333,1.878709353113333
481,1,0.0,-0.8403476167617558,0.8403476167617558
482,1,4.900000095,7.542653882322692,2.6426537873226916
483,1,5.0,6.926385598435964,1.9263855984359637
484,1,5.0,-0.7939025350086819,5.793902535008682
485,1,0.0,-0.734428782704958,0.734428782704958
486,1,0.0,-1.3619957993323144,1.3619957993323144
487,1,5.400000095,5.772518561045448,0.3725184660454479
488,1,0.0,-0.8508988058358593,0.8508988058358593
489,1,0.0,-1.3619957993323144,1.3619957993323144
490,1,0.0,-0.8091903464505208,0.8091903464505208
491,3,9.100000381,6.362704275404525,2.7372961055954743
492,3,0.0,0.8125572928485916,0.8125572928485916
493,3,0.0,0.8559142070260126,0.8559142070260126
494,3,0.0,0.8300799029039094,0.8300799029039094
495,3,6.625,7.439761551964528,0.8147615519645282
496,3,7.25,7.394049038200986,0.14404903820098625
497,3,0.0,0.7178060396603634,0.7178060396603634
498,3,0.0,0.7177840804654618,0.7177840804654618
499,3,0.0,0.6931368441456716,0.6931368441456716
500,3,8.0,7.5242602404656695,0.47573975953433045
501,3,0.0,0.8001492486119037,0.8001492486119037
502,2,4.25,5.931431296221234,1.681431296221234
503,2,4.585365912,5.74215899362612,1.1567930816261196
504,2,0.0,-0.6576284518990274,0.6576284518990274
505,2,4.426666636,5.181735595226568,0.755068959226568
506,2,4.671171175,5.198819726983107,0.5276485519831073
507,2,4.293750033,5.339248639754132,1.0454986067541316
508,2,4.236666648,5.3488971291454845,1.1122304811454846
509,2,4.239285725,5.264450081965496,1.0251643569654956
510,2,4.85000002,4.952701193460973,0.1027011734609724
511,2,0.0,-0.8979080385827878,0.8979080385827878
512,2,4.800000191,5.2561282516010515,0.4561280606010518
513,2,4.539732161,4.959306544495806,0.41957438349580656
514,2,5.049999952,5.016960912229765,0.03303903977023559
515,2,4.800000191,5.13131182439264,0.33131163339264
516,2,0.0,-0.9058488699478069,0.9058488699478069
517,2,4.932911372,5.371122862407573,0.43821149040757224
518,2,5.099999971,5.430600214471317,0.33060024347131733
519,2,5.199999809,5.202057280720654,0.0020574717206534032
520,2,5.150000095,5.454815701636884,0.30481560663688345
521,2,5.099999905,4.998880933251863,0.10111897174813667
522,2,5.136842117,5.603939704459913,0.4670975874599135
523,4,5.149999857,5.701443543847253,0.5514436868472528
524,4,5.225000024,5.965936874491016,0.7409368504910159
525,4,4.931250006,5.7274759879566925,0.7962259819566926
526,4,4.950000048,6.194029353751633,1.2440293057516332
527,4,4.813333321,5.9408703527945,1.1275370317944997
528,4,6.099999905,6.029051635944791,0.07094826905520879
529,4,6.637499958,5.81064109157748,0.82685886642252
530,4,5.560000038,5.505512873638189,0.054487164361811224
531,4,0.0,-1.050759999157357,1.050759999157357
532,4,5.5,6.730397000333259,1.2303970003332587
533,4,0.0,-1.0548716025846954,1.0548716025846954
534,4,5.725000083,5.907556552310689,0.18255646931068892
535,4,5.208333294,5.85923581211258,0.6509025181125798
536,4,0.0,-1.0976659617213524,1.0976659617213524
537,4,5.599999905,6.766689414685918,1.1666895096859182
538,3,3.985714282,6.04956839053815,2.06385410853815
539,3,4.0,6.435854977447598,2.4358549774475984
540,3,3.799999952,6.343227201107597,2.543227249107597
541,3,4.1253731,5.980041937167558,1.8546688371675577
542,3,4.199999809,6.605541081371155,2.4055412723711544
543,3,4.199999809,7.219140865467096,3.0191410564670953
544,3,4.440000021,6.600277931684421,2.160277910684421
545,3,4.56521736,6.29831096233128,1.7330936023312802
546,3,3.604999995,6.645647252237369,3.040647257237369
547,3,4.666666667,7.449149565081745,2.782482898081745
548,3,3.893939379,6.254043845289125,2.3601044662891253
549,3,3.686956509,6.197169207890676,2.510212698890676
550,3,0.0,0.6146963489200008,0.6146963489200008
551,3,3.533333302,6.927799504908597,3.394466202908597
552,1,7.800000191,-0.8449365874969352,8.644936778496934
553,1,0.0,-0.8372451429357017,0.8372451429357017
554,1,0.0,-0.6506743784755411,0.6506743784755411
555,1,0.0,-0.6002510070894562,0.6002510070894562
556,1,0.0,-0.8667022002302378,0.8667022002302378
557,4,0.0,-1.4910506283440341,1.4910506283440341
558,4,0.0,-1.5052205615889775,1.5052205615889775
559,3,0.0,-0.46299133803536385,0.46299133803536385
560,3,0.0,-0.46299133803536385,0.46299133803536385
561,3,7.199999809,6.774080822956028,0.42591898604397205
562,3,0.0,0.34549762561649544,0.34549762561649544
563,3,8.199999809,6.400350037702692,1.7996497712973074
564,1,7.5,7.021337997416466,0.4786620025835342
565,1,0.0,-0.9218991635256497,0.9218991635256497
566,1,0.0,8.162281783628977,8.162281783628977
567,1,0.0,-0.8169067333990494,0.8169067333990494
568,2,0.0,-1.2628342211265142,1.2628342211265142
569,2,8.800000191,7.7594741360794774,1.040526054920523
570,2,7.699999809,-0.08150550042689808,7.781505309426898
571,2,0.0,-0.1287955657825659,0.1287955657825659
572,2,0.0,-0.12227812118206671,0.12227812118206671
573,2,8.899999619,7.058737627975569,1.8412619910244317
574,2,8.300000191,6.9017841029546325,1.398216088045368
575,2,7.900000095,7.113391162902563,0.7866089320974377
576,2,0.0,-1.2628342211265142,1.2628342211265142
577,2,0.0,-1.2628342211265142,1.2628342211265142
578,2,8.300000191,6.590115787172844,1.7098844038271563
579,2,0.0,-0.07044923355529598,0.07044923355529598
580,2,8.172727325,6.470748683075886,1.7019786419241143
581,2,8.546428612,6.497510919340266,2.0489176926597334
582,2,8.005882403,6.745011201845573,1.2608712011544263
583,2,8.800000191,6.720020683438154,2.0799795075618466
584,2,7.5,7.01849555874075,0.48150444125924974
585,2,7.576543184,6.548520946664503,1.028022237335497
586,2,7.425000072,6.701138038042114,0.7238620339578858
587,2,8.425000032,7.095886184602918,1.3291138473970818
588,2,7.199999968,7.228200589802484,0.02820062180248417
589,3,7.170408192,6.627768986043273,0.5426392059567267
590,3,5.85362319,6.992902219978073,1.1392790299780726
591,3,8.933333185,7.069654284411371,1.8636789005886296
592,3,7.611728424,6.758677526897628,0.8530508971023716
593,3,6.232075484,6.8789904736265095,0.6469149896265094
594,3,7.0,7.509286602327975,0.5092866023279754
595,3,6.065160084,6.135767207199093,0.07060712319909257
596,3,6.800826459,6.713092417466725,0.0877340415332748
597,3,6.406896575,6.680885428045346,0.2739888530453456
598,3,7.213636333,6.236077647759304,0.9775586852406963
599,3,6.822500038,6.541561288652436,0.28093874934756435
600,3,7.462500036,6.533699385596793,0.9288006504032067
601,3,6.677358501,6.427840751164455,0.24951774983554476
602,3,7.018181844,6.618319428814974,0.39986241518502563
603,3,8.473333454,6.777688112888946,1.6956453411110548
604,3,7.662962984,6.601535117713534,1.0614278662864658
605,3,0.0,0.44037574533095203,0.44037574533095203
606,3,8.274999956,6.427104495613143,1.847895460386857
607,3,8.199999809,6.061574098678971,2.1384257103210285
608,3,6.321301762,6.558228247611148,0.23692648561114815
609,3,6.207988977,6.463125893923437,0.255136916923437
610,3,0.0,0.8201973842048584,0.8201973842048584
611,3,6.616666595,6.888634553510179,0.27196795851017885
612,3,6.099999905,0.7789750339483916,5.321024871051608
613,3,6.100000143,6.507128817136457,0.40712867413645704
614,3,6.099999905,7.111904940608737,1.011905035608737
615,3,5.940000057,6.794669221182039,0.854669164182039
616,3,5.900000095,7.536827255928533,1.636827160928533
617,3,0.0,0.8784727140888897,0.8784727140888897
618,3,6.900000095,7.566901898830134,0.6669018038301342
619,3,0.0,0.8223275045997713,0.8223275045997713
620,3,5.980000019,6.9701353373000545,0.9901353183000543
621,3,6.704477595,6.420841356031061,0.2836362389689393
622,3,6.397297344,6.772893636300107,0.3755962923001066
623,3,0.0,1.5999192847395172,1.5999192847395172
624,3,6.599999905,7.344408794921345,0.7444088899213455
625,3,6.039230761,6.74412695536329,0.7048961943632905
626,3,0.0,1.2556083144439647,1.2556083144439647
627,3,5.868571418,6.963408480281609,1.0948370622816093
628,3,5.903636369,7.2140782080796555,1.3104418390796555
629,3,0.0,-0.34517848247568494,0.34517848247568494
630,3,0.0,-0.462058287884231,0.462058287884231
631,3,0.0,-0.46299133803536385,0.46299133803536385
632,3,8.25,6.872047205093151,1.3779527949068493
633,3,7.760000038,7.426922117664208,0.33307792033579187
634,3,7.900000095,7.138804240925609,0.7611958540743915
635,3,7.900000095,7.826277949847101,0.07372214515289954
636,3,7.5,7.003785310735873,0.4962146892641268
637,3,0.0,0.6315525547226155,0.6315525547226155
638,3,0.0,0.41563848449840357,0.41563848449840357
639,3,8.0,6.601157877851139,1.398842122148861
640,3,0.0,0.4956199891197688,0.4956199891197688
641,3,0.0,6.938540722119041,6.938540722119041
642,3,0.0,0.4715133549330517,0.4715133549330517
643,3,7.699999809,0.40406058267655887,7.2959392263234415
644,3,7.300000191,7.045430600652236,0.2545695903477636
645,3,0.0,0.506589063971397,0.506589063971397
646,3,0.0,0.47998716677696507,0.47998716677696507
647,3,0.0,0.4675663373487833,0.4675663373487833
648,2,0.0,-1.2106341459973642,1.2106341459973642
649,2,0.0,-1.2628342211265142,1.2628342211265142
650,2,8.199999809,5.08117919452595,3.11882061447405
651,2,0.0,-0.9156901289243038,0.9156901289243038
652,2,0.0,-0.927877656757973,0.927877656757973
653,2,7.639999986,6.146253626115923,1.493746359884077
654,2,6.564705877,6.104395619239906,0.46031025776009393
655,2,7.242857184,6.239678059996979,1.0031791240030206
656,2,6.960000038,6.015348459683718,0.9446515783162823
657,2,6.920000076,5.9973584543672676,0.9226416216327324
658,2,0.0,-0.923167300390725,0.923167300390725
659,2,0.0,-0.7984079562203714,0.7984079562203714
660,2,0.0,-0.9393918861880106,0.9393918861880106
661,2,0.0,-0.8429765242128067,0.8429765242128067
662,2,7.199999809,5.9347671080876445,1.2652327009123558
663,2,7.5,3.722137175811236,3.777862824188764
664,2,0.0,-1.2628342211265142,1.2628342211265142
665,2,8.213333257,6.171910006269737,2.041423250730263
666,2,0.0,-1.2628342211265142,1.2628342211265142
667,2,7.300000191,6.128237808887022,1.171762382112978
668,2,0.0,-0.697757726358164,0.697757726358164
669,2,0.0,-1.25295572653107,1.25295572653107
670,2,0.0,-0.6112848581660018,0.6112848581660018
671,2,0.0,-1.2628342211265142,1.2628342211265142
672,2,0.0,-0.8119454157173802,0.8119454157173802
673,2,0.0,-0.906256932795058,0.906256932795058
674,2,7.400000095,6.883660548245132,0.5163395467548684
675,2,0.0,-0.7833962884121526,0.7833962884121526
676,2,7.300000191,5.664344707739195,1.6356554832608046
677,2,7.599999905,6.561517657427663,1.038482247572337
678,2,7.450000048,6.795295992449164,0.6547040555508357
679,2,0.0,-0.8811332434636441,0.8811332434636441
680,2,0.0,4.216535440982067,4.216535440982067
681,2,7.300000191,6.155486370954158,1.1445138200458418
682,2,7.5,-0.8056880953779189,8.305688095377919
683,2,0.0,-1.2628342211265142,1.2628342211265142
684,5,0.0,6.316388915908506,6.316388915908506
685,5,6.50737703,6.172305594871432,0.33507143512856796
686,5,6.247899152,6.174884162265069,0.07301498973493015
687,5,6.395604396,6.192524378240835,0.20308001775916562
688,5,6.549999969,6.350995602283012,0.19900436671698785
689,5,0.0,0.08873525558693807,0.08873525558693807
690,5,0.0,0.17309368690757232,0.17309368690757232
691,5,0.0,0.125962252372819,0.125962252372819
692,5,0.0,-1.4437651300829817,1.4437651300829817
693,5,7.5,7.843912129543431,0.34391212954343064
694,5,6.910000038,6.289648585173012,0.6203514528269878
695,5,7.523076938,6.266511398769449,1.256565539230551
696,5,7.311764661,6.486016619738487,0.8257480412615124
697,5,0.0,-1.4437651300829817,1.4437651300829817
698,5,7.099999984,6.632728097207867,0.4672718867921333
699,5,8.5,7.008108982186898,1.491891017813102
700,5,6.977777746,5.675654618196155,1.3021231278038448
701,2,6.900000095,6.758130772742308,0.14186932225769233
702,2,0.0,-0.8891000230685862,0.8891000230685862
703,2,6.699999809,7.4800948671248335,0.7800950581248332
704,2,0.0,-0.8521911505676378,0.8521911505676378
705,2,6.350000143,7.136311620278468,0.7863114772784678
706,2,6.800000191,6.207944609524596,0.592055581475404
707,2,0.0,-0.608016168034899,0.608016168034899
708,2,6.121428541,6.503762618511414,0.38233407751141346
709,2,6.400000095,7.058257518494542,0.6582574234945415
710,2,0.0,-0.6952773940151467,0.6952773940151467
711,2,0.0,-0.8048552671386116,0.8048552671386116
712,2,0.0,-0.7308968789749564,0.7308968789749564
713,2,6.399999857,6.541190012329014,0.14119015532901358
714,2,0.0,-0.6142890356178974,0.6142890356178974
715,4,0.0,-1.1210682689341525,1.1210682689341525
716,4,6.75,6.694661961979974,0.055338038020026126
717,4,0.0,-1.0553768905975254,1.0553768905975254
718,4,7.199999809,6.773888823805735,0.42611098519426527
719,4,0.0,-1.0346081702616043,1.0346081702616043
720,4,0.0,-1.4910506283440341,1.4910506283440341
721,4,0.0,-1.4910506283440341,1.4910506283440341
722,1,6.586339377,7.136498740596997,0.5501593635969968
723,1,5.927474391,6.514529703850476,0.5870553128504765
724,1,7.559999943,7.750500874195192,0.19050093119519218
725,1,5.821846847,6.9904959798512305,1.1686491328512307
726,1,6.266460272,6.875944177148025,0.609483905148025
727,1,0.0,-0.5602360441982253,0.5602360441982253
728,1,6.243191193,6.496098842521301,0.2529076495213003
729,1,6.709894745,6.504849526805936,0.20504521819406385
730,1,5.899864679,6.975976685646333,1.0761120066463326
731,1,5.861725076,5.990300308711719,0.1285752327117189
732,1,6.931234372,6.552929710776953,0.37830466122304696
733,1,6.233562825,6.249544101514335,0.015981276514335008
734,1,5.773130183,6.8836428522091175,1.1105126692091174
735,1,6.800000191,8.100909381435887,1.3009091904358874
736,1,0.0,-0.7136631929070631,0.7136631929070631
737,1,0.0,-0.752055674192114,0.752055674192114
738,1,6.900000095,7.877689593426031,0.9776894984260309
739,1,6.699999809,7.622689745724953,0.9226899367249528
740,1,6.519999981,8.406108819825409,1.8861088388254093
741,1,6.5,7.836358446405711,1.3363584464057112
742,1,6.400000095,8.535640770221175,2.1356406752211745
743,1,6.299999905,8.060916210055204,1.7609163050552041
744,1,6.400000095,8.286363122621427,1.8863630276214272
745,1,6.5,-0.6562206504174934,7.1562206504174934
746,1,0.0,-0.6522617506304194,0.6522617506304194
747,1,6.400000095,8.071355686306873,1.671355591306873
748,1,0.0,-0.19225958469628424,0.19225958469628424
749,1,6.475000024,7.625191165091993,1.1501911410919927
750,5,6.850000143,5.493521424975841,1.3564787180241593
751,5,0.0,-1.4966701546866528,1.4966701546866528
752,5,0.0,-1.1548867616334526,1.1548867616334526
753,5,7.199999809,6.891801847589211,0.30819796141078903
754,5,6.599999905,6.198279703560253,0.40172020143974674
755,5,6.400000095,5.353579967735161,1.046420127264839
756,5,6.966666659,5.746955339792267,1.2197113192077333
757,5,0.0,-1.4571578077972642,1.4571578077972642
758,5,0.0,-1.1505348379026614,1.1505348379026614
759,5,0.0,-1.456943427943946,1.456943427943946
760,5,7.400000095,5.9183371060083285,1.4816629889916717
761,5,6.950000048,5.673588639882366,1.2764114081176334
762,5,0.0,-1.2278869343086551,1.2278869343086551
763,3,0.0,2.00608158713748,2.00608158713748
764,3,7.220930255,6.949205081501969,0.27172517349803105
765,3,7.0,8.475507743681096,1.4755077436810957
766,3,6.398813555,6.7815246529711635,0.3827110979711632
767,3,0.0,2.6400666339935963,2.6400666339935963
768,3,8.133333297,7.407694954045148,0.7256383429548521
769,3,9.300000191,7.625482922148878,1.6745172688511225
770,3,7.400000095,7.695077793749686,0.2950776987496857
771,3,0.0,2.2616449073514957,2.2616449073514957
772,3,0.0,-0.44392678981963307,0.44392678981963307
773,3,0.0,-0.4443511297927074,0.4443511297927074
774,3,7.049999952,7.645511242123638,0.5955112901236381
775,3,7.970000029,7.753161414737048,0.2168386142629526
776,3,7.16470595,7.446266337066006,0.2815603870660057
777,3,8.800000191,7.648456957913809,1.1515432330861914
778,3,0.0,2.1766484197171874,2.1766484197171874
779,4,0.0,-1.5043048813281708,1.5043048813281708
780,4,6.400000095,7.687731531860103,1.2877314368601027
781,4,0.0,0.2532679099781383,0.2532679099781383
782,4,0.0,-1.4910506283440341,1.4910506283440341
783,4,0.0,0.2314088624678785,0.2314088624678785
784,4,0.0,0.2659264982061771,0.2659264982061771
785,4,5.776923106,7.162273009306915,1.3853499033069152
786,4,5.572222206,6.876106767941873,1.3038845619418726
787,4,0.0,-1.4910506283440341,1.4910506283440341
788,4,0.0,0.19732101801015922,0.19732101801015922
789,4,5.900000095,8.19211577723501,2.2921156822350097
790,4,5.693750006,5.897555896066756,0.20380589006675542
791,4,5.625,7.210839956893954,1.5858399568939543
792,4,0.0,-0.6304796132299657,0.6304796132299657
793,4,5.656410242,6.119715548147017,0.46330530614701715
794,4,5.952380975,5.8503647763152244,0.10201619868477518
795,4,5.720202027,6.241578080623906,0.5213760536239063
796,4,6.18750003,6.827121432149281,0.639621402149281
797,4,6.033333302,7.267807428604361,1.2344741266043613
798,4,6.710000038,6.326610496240566,0.38338954175943485
799,4,5.800000191,7.329777437017331,1.5297772460173311
800,4,0.0,-0.9307261027898726,0.9307261027898726
801,4,5.904545481,6.1840937716570625,0.2795482906570621
802,4,5.66428566,6.509210278584172,0.8449246185841721
803,4,6.599999905,7.135307637789741,0.5353077327897413
804,4,6.900000095,7.559705007803548,0.6597049128035479
805,4,0.0,-1.5035280798951227,1.5035280798951227
806,4,0.0,0.014892956831490167,0.014892956831490167
807,4,6.804000034,6.863469512631674,0.059469478631673844
808,4,0.0,-0.9089206307360129,0.9089206307360129
809,4,6.0,6.443563799545705,0.44356379954570535
810,4,6.074285712,6.320855864383198,0.2465701523831978
811,4,0.0,-0.9146804373750452,0.9146804373750452
812,1,0.0,-0.3932632532626439,0.3932632532626439
813,1,4.825000048,6.2783512942242385,1.4533512462242388
814,1,4.900000095,6.411287227069387,1.5112871320693868
815,1,5.0,6.3814699031777256,1.3814699031777256
816,1,4.900000095,6.0873076210754835,1.1873075260754833
817,1,4.900000095,6.345196647885183,1.4451965528851831
818,1,4.833333492,6.278622391048186,1.4452888990481858
819,1,0.0,-0.32960710124173254,0.32960710124173254
820,1,5.099999905,6.267659233161817,1.1676593281618173
821,1,0.0,-0.3730633813809323,0.3730633813809323
822,1,0.0,-0.2663495663666442,0.2663495663666442
823,1,0.0,-1.008336374141086,1.008336374141086
824,1,5.800000191,7.001241282528534,1.2012410915285345
825,5,5.099999905,5.199488899262766,0.09948899426276636
826,5,5.300000191,5.791625746231855,0.49162555523185514
827,5,5.0,5.21547577706937,0.21547577706937027
828,5,5.300000191,5.962553810161113,0.6625536191611134
829,5,0.0,-0.957636716575502,0.957636716575502
830,5,0.0,-1.0588376165082014,1.0588376165082014
831,5,0.0,-1.0324906994980054,1.0324906994980054
832,5,5.0,5.714110158811206,0.7141101588112058
833,5,5.599999905,5.370109546612603,0.22989035838739635
834,5,0.0,-1.0118962011502255,1.0118962011502255
835,5,0.0,-0.9858709748476535,0.9858709748476535
836,5,0.0,-1.0118962011502255,1.0118962011502255
837,5,0.0,-0.895934889134379,0.895934889134379
838,5,0.0,-1.0118962011502255,1.0118962011502255
839,5,5.400000095,5.685644755203073,0.2856446602030731
840,5,0.0,-0.9114373390392512,0.9114373390392512
841,5,5.900000095,5.340761292512759,0.5592388024872408
842,5,5.099999905,5.363960226211928,0.26396032121192814
843,5,0.0,-0.9064745802596175,0.9064745802596175
844,5,0.0,-0.9644935392961909,0.9644935392961909
845,5,5.800000191,5.392237530662914,0.4077626603370854
846,5,5.199999809,5.6656230872625475,0.4656232782625471
847,5,4.900000095,5.658665987610403,0.7586658926104031
848,5,0.0,-1.0118962011502255,1.0118962011502255
849,5,0.0,-1.0118962011502255,1.0118962011502255
850,1,6.400000095,7.182283510773051,0.7822834157730512
851,4,4.940000057,5.0333026057511425,0.09330254875114274
852,4,5.354545377,5.561615100603564,0.20706972360356435
853,4,4.900000095,5.164286660363967,0.26428656536396655
854,4,5.24999994,5.186923925056924,0.06307601494307669
855,4,5.099999905,6.132412785810221,1.032412880810221
856,4,0.0,-1.0771370502236,1.0771370502236
857,4,5.800000191,5.833095521600418,0.03309533060041847
858,4,5.543749988,5.529452489023722,0.014297498976278078
859,4,5.174576234,4.997694627988109,0.17688160601189118
860,4,5.518367359,5.401270461353805,0.1170968976461948
861,4,5.937931011,5.182818374494911,0.7551126365050891
862,4,5.451612919,5.062125802858487,0.3894871161415123
863,4,6.073333327,5.015191535521254,1.0581417914787465
864,4,5.166666667,5.2091372334196375,0.0424705664196372
865,4,5.5,1.9729081584122241,3.527091841587776
866,4,5.799999952,2.137265213869437,3.6627347381305633
867,4,5.162499964,5.423743811170217,0.261243847170217
868,4,4.714999998,5.205052583266047,0.49005258526604756
869,3,5.066666762,4.54813670607234,0.51853005592766
870,3,4.946575348,5.5972137820059835,0.6506384340059839
871,3,5.356338014,5.988284136020976,0.6319461220209757
872,3,5.016363621,5.80446040635692,0.7880967853569203
873,3,0.0,-0.08034932777955106,0.08034932777955106
874,3,4.989215679,5.557764206863746,0.5685485278637463
875,3,5.439138817,4.757755337958535,0.6813834790414646
876,3,0.0,-0.11922931588429897,0.11922931588429897
877,3,5.217083783,5.540832373204198,0.32374859020419855
878,3,6.199999809,2.898268138306653,3.3017316706933473
879,3,5.667588937,4.785118732103582,0.8824702048964177
880,3,7.216757671,5.796351635937002,1.4204060350629977
881,3,5.933333397,4.846173731995988,1.0871596650040125
882,4,4.633333365,5.407314938550531,0.7739815735505307
883,4,4.104761907,5.620931992738143,1.5161700857381426
884,4,4.75,5.768511784504797,1.0185117845047973
885,4,4.816666722,5.54403203048299,0.7273653084829901
886,4,4.5,5.906866185907717,1.4068661859077167
887,4,4.728571483,5.8157772690706295,1.08720578607063
888,4,3.806666676,5.364513757744604,1.5578470817446037
889,4,4.236956529,5.165815337275266,0.9288588082752653
890,4,3.950000048,6.0232810231279,2.0732809751279
891,4,0.0,-0.43450043279776374,0.43450043279776374
892,4,4.193478294,5.348699457946568,1.1552211639465675
893,4,4.305000043,5.848321385426553,1.5433213424265535
894,4,4.674193551,5.442179264856133,0.7679857138561328
895,4,3.99565222,5.717440100623326,1.7217878806233262
896,4,0.0,-1.023719782879727,1.023719782879727
897,4,3.799999952,5.969937848322141,2.1699378963221414
898,4,4.742857184,5.326160650431021,0.5833034664310208
899,4,0.0,-1.7528317884850217,1.7528317884850217
900,4,4.956310705,5.008019050298778,0.05170834529877766
901,4,5.300000191,5.877137047486272,0.5771368564862724
902,4,4.993478288,5.7734243790974205,0.7799460910974201
903,4,4.981818214,4.971544418695803,0.010273795304196476
904,4,4.699999809,-0.7540555853752924,5.454055394375293
905,4,5.16315784,5.638135070521605,0.47497723052160445
906,4,0.0,-0.7543229746112559,0.7543229746112559
907,4,5.08888891,5.73320527411232,0.6443163641123206
908,4,5.093975894,5.171244497905192,0.07726860390519263
909,4,4.730769258,5.348205961611848,0.6174367036118484
910,1,7.844444487,6.45229951097356,1.3921449760264393
911,1,8.015384711,6.616498735427754,1.3988859755722451
912,1,8.100000381,6.2145581883378895,1.8854421926621097
913,1,9.200000286,6.956119837279648,2.2438804487203514
914,1,9.0,6.136909316110392,2.8630906838896077
915,1,8.360000038,6.864397170052379,1.495602867947622
916,1,8.199999942,7.352880455960211,0.847119486039789
917,1,8.133333524,6.875865550822384,1.257467973177615
918,1,8.233333333,7.358054163592122,0.875279169407877
919,1,8.499999894,6.900800948235974,1.5991989457640265
920,1,9.199999809,7.217471758690803,1.9825280503091962
921,1,0.0,-0.4508399660562361,0.4508399660562361
922,1,0.0,-0.5007205886660806,0.5007205886660806
923,1,8.453658523,7.022857620546332,1.4308009024536679
924,1,8.123529322,6.676068403471648,1.4474609185283516
925,1,8.600000064,5.7489239163717,2.8510761476282998
926,1,8.435789515,5.375769976085689,3.060019538914311
927,5,8.000000106,7.878063463295618,0.12193664270438198
928,2,0.0,-0.8130466550152065,0.8130466550152065
929,2,7.575000167,6.260652927614791,1.3143472393852091
930,2,7.599999905,6.480151469634611,1.1198484353653884
931,2,0.0,-1.0136645498575554,1.0136645498575554
932,2,0.0,-0.9301748070905838,0.9301748070905838
933,2,7.550000191,6.033435035077698,1.5165651559223017
934,2,6.950000048,6.169996282329382,0.7800037656706174
935,2,0.0,-0.9552818313842248,0.9552818313842248
936,2,9.399999619,6.490254762996388,2.9097448560036128
937,2,0.0,-0.8111299520492192,0.8111299520492192
938,2,7.300000191,6.284882609923303,1.015117581076697
939,2,0.0,-0.9712364584224211,0.9712364584224211
940,4,9.0,7.079787451500155,1.920212548499845
941,4,0.0,-0.9650407836333041,0.9650407836333041
942,4,8.699999809,6.3760775632154285,2.323922245784571
943,4,7.850000143,6.294086820192668,1.5559133228073323
944,4,9.199999809,7.32037658178401,1.8796232272159896
945,4,0.0,-1.0723725037042726,1.0723725037042726
946,4,0.0,-1.051485271875924,1.051485271875924
947,4,9.300000191,7.096277259135304,2.2037229318646965
948,4,0.0,-1.6738205941463526,1.6738205941463526
949,4,8.5,7.108558275343846,1.3914417246561541
950,4,8.199999809,6.476728120269009,1.723271688730991
951,4,0.0,-1.6738205941463526,1.6738205941463526
952,4,0.0,-1.0342734448159234,1.0342734448159234
953,4,0.0,-1.6781963724705165,1.6781963724705165
954,4,0.0,-1.6781605125953831,1.6781605125953831
955,4,8.600000381,6.761219179459633,1.8387812015403666
956,4,0.0,-1.0645827350100774,1.0645827350100774
957,4,0.0,-1.0686811007604096,1.0686811007604096
958,4,0.0,-1.0064434210459083,1.0064434210459083
959,4,8.399999619,6.118870685101594,2.2811289338984064
960,4,8.040000153,6.113187765396775,1.9268123876032242
961,4,0.0,-1.108604750068574,1.108604750068574
962,4,0.0,-1.6738205941463526,1.6738205941463526
963,4,0.0,-1.092881218784271,1.092881218784271
964,4,0.0,-1.1082056447928306,1.1082056447928306
965,4,9.600000381,7.269511307089715,2.330489073910284
966,4,0.0,-1.6738205941463526,1.6738205941463526
967,4,8.300000191,7.256567410466123,1.0434327805338777
968,4,0.0,-1.0662289013260668,1.0662289013260668
969,4,0.0,-1.0569574646485176,1.0569574646485176
970,4,0.0,-0.8911282713024438,0.8911282713024438
971,4,7.972500026,4.791260461162734,3.1812395648372656
972,4,0.0,-0.9562457398740225,0.9562457398740225
973,4,7.804999971,4.558377266560873,3.246622704439127
974,4,9.058108124,5.526731914070137,3.5313762099298636
975,4,9.418181853,5.283403942585993,4.134777910414007
976,4,9.319767442,5.839710353544657,3.480057088455343
977,4,8.600000381,6.657122437108558,1.9428779438914408
978,4,7.5,6.084848671648473,1.4151513283515271
979,4,8.146511599,5.532756701014602,2.613754897985398
980,4,7.461538498,5.777133596575824,1.684404901424176
981,4,9.807142844,5.446037344094078,4.361105499905921
982,4,9.449541271,5.707123069597525,3.742418201402474
983,4,7.569148967,5.234985684708919,2.3341632822910814
984,4,8.840217414,4.9726838237385635,3.867533590261436
985,4,8.337007887,5.329603248563304,3.0074046384366966
986,4,6.655907166,5.5708159728961775,1.085091193103823
987,4,7.892857109,5.3948182972353855,2.498038811764615
988,4,7.341176426,5.913259852832944,1.4279165731670558
989,4,8.384999967,5.304466242996275,3.0805337240037254
990,4,9.059210583,5.332002253983829,3.7272083290161717
991,4,8.810181829,5.311156057884583,3.4990257711154165
992,4,8.191304248,5.329368917371426,2.861935330628574
993,4,8.966666857,5.497976850000491,3.468690006999509
994,4,8.992134844,5.338379044672326,3.6537557993276746
995,4,0.0,2.5104074904523515,2.5104074904523515
996,4,4.746178014,5.8852403020439255,1.1390622880439256
997,4,4.606443305,5.530748179046276,0.9243048740462756
998,4,5.084654473,5.910067005557067,0.8254125325570678
999,4,5.140552013,6.49867653170792,1.3581245187079203
1000,4,4.62589207,5.796267304305115,1.1703752343051148
1001,4,0.0,-1.4874620131319318,1.4874620131319318
1002,4,0.0,1.0307759712730675,1.0307759712730675
1003,4,5.252590088,5.827936785666328,0.575346697666328
1004,4,5.96124031,6.504744719914941,0.5435044099149406
1005,3,7.259999943,6.312703209895011,0.9472967331049897
1006,3,7.008655626,6.267511681852071,0.7411439441479297
1007,3,8.699999809,6.164791020417891,2.535208788582109
1008,3,6.395021096,5.703988439682714,0.6910326563172857
1009,3,0.0,0.6645385276307039,0.6645385276307039
1010,3,0.0,0.6689625401898187,0.6689625401898187
1011,3,5.240407961,6.329215336334787,1.0888073753347873
1012,3,4.994124119,6.10331855028706,1.1091944312870599
1013,3,0.0,0.28218377603358213,0.28218377603358213
1014,3,8.699999809,6.314864541659766,2.3851352673402335
1015,3,7.649999857,5.800413049023723,1.8495868079762774
1016,3,8.026315764,6.212398054650857,1.813917709349143
1017,3,4.459107901,6.041769387153931,1.5826614861539303
1018,3,7.665296788,6.195709482495008,1.4695873055049917
1019,3,6.653497953,5.948732449146952,0.7047655038530474
1020,2,0.0,-0.652245387209021,0.652245387209021
1021,2,4.549999952,5.117218021386719,0.567218069386719
1022,2,0.0,-0.7126640454510262,0.7126640454510262
1023,2,4.699999809,5.7067342657071425,1.0067344567071421
1024,2,0.0,-0.9978071630720713,0.9978071630720713
1025,2,0.0,-0.6281180965814048,0.6281180965814048
1026,2,0.0,-0.7695955962138132,0.7695955962138132
1027,2,0.0,-0.8115380729935531,0.8115380729935531
1028,2,4.850000143,5.283182867756752,0.4331827247567519
1029,2,5.0,5.386744574364563,0.3867445743645632
1030,2,0.0,-0.7632176205851131,0.7632176205851131
1031,2,4.900000095,5.272263557543342,0.37226346254334164
1032,2,0.0,-0.8063474466451286,0.8063474466451286
1033,2,4.625,5.160624773325685,0.5356247733256847
1034,2,4.460000038,5.1784837951091856,0.7184837571091851
1035,5,0.0,-1.2911362245353057,1.2911362245353057
1036,5,0.0,-1.1809754248902227,1.1809754248902227
1037,5,5.300000191,6.339143717601679,1.0391435266016797
1038,5,5.199999809,6.293955872748633,1.0939560637486325
1039,5,0.0,-1.3711212924266842,1.3711212924266842
1040,5,0.0,-1.3169295230030063,1.3169295230030063
1041,5,0.0,-1.3410705419100726,1.3410705419100726
1042,5,5.0,5.708775410916219,0.7087754109162194
1043,5,5.199999809,5.064916646386379,0.13508316261362108
1044,5,5.549999952,6.466509621802233,0.9165096698022328
1045,5,5.091999969,5.844828129077634,0.7528281600776339
1046,5,5.133333206,5.798485758348578,0.6651525523485784
1047,5,4.800000032,5.580934772962452,0.7809347409624525
1048,5,5.08571434,6.027484409653555,0.9417700696535549
1049,5,5.564285789,5.936567625334552,0.3722818363345519
1050,5,5.399999936,5.525007885906527,0.12500794990652686
1051,5,4.699999809,5.888835825741934,1.1888360167419334
1052,5,5.388679234,5.3495847854752,0.03909444852479993
1053,5,4.950000048,6.148865662242164,1.1988656142421643
1054,5,5.331428541,5.6807228370894745,0.34929429608947427
1055,5,5.847058773,5.527926610838231,0.3191321621617691
1056,5,5.522857148,5.321355019136099,0.2015021288639005
1057,5,5.232499999,5.556755056664731,0.32425505766473073
1058,5,4.976923062,6.045164073545058,1.0682410115450578
1059,5,5.180769242,5.15666607989818,0.024103162101820175
1060,5,4.966666698,5.704022743286359,0.7373560452863588
1061,5,4.649999857,5.863901943728111,1.213902086728111
1062,5,4.75000006,5.666307036083188,0.9163069760831881
1063,5,4.887499988,4.7904451295687025,0.09705485843129757
1064,5,4.966666698,5.5012232798788485,0.5345565818788485
1065,5,5.174193536,5.263375455014982,0.08918191901498229
1066,3,0.0,-0.08275747793064703,0.08275747793064703
1067,3,4.826666641,6.309400504674338,1.482733863674338
1068,3,0.0,-0.0834640543068641,0.0834640543068641
1069,3,0.0,0.14704756624040627,0.14704756624040627
1070,3,0.0,0.2998277972654808,0.2998277972654808
1071,3,0.0,0.027511736584322932,0.027511736584322932
1072,3,4.699999809,6.958521846512822,2.2585220375128214
1073,3,0.0,0.032431539582812974,0.032431539582812974
1074,3,4.900000095,5.35948551862035,0.4594854236203494
1075,3,5.300000191,0.04486732627674961,5.25513286472325
1076,3,4.75,6.09454274626874,1.3445427462687398
1077,3,0.0,0.09690368663262561,0.09690368663262561
1078,3,5.199999968,5.61277025100561,0.41277028300561014
1079,3,0.0,0.09589946187014853,0.09589946187014853
1080,3,4.887499928,6.694447060214799,1.8069471322147983
1081,3,4.699999809,5.637490799683537,0.9374909906835365
1082,3,3.936363654,6.152115639419643,2.215751985419643
1083,3,5.01428574,5.632424595034566,0.6181388550345659
1084,3,4.950000048,5.083141617935954,0.1331415699359546
1085,3,5.055555476,6.391040547907768,1.335485071907768
1086,3,5.074999961,6.5006651008734675,1.4256651398734679
1087,4,0.0,1.6485424125253179,1.6485424125253179
1088,4,8.199999809,6.389565771655603,1.8104340373443968
1089,4,7.400000095,6.456001920478071,0.943998174521929
1090,4,8.71818187,6.581448916187595,2.1367329538124054
1091,4,8.100000381,6.545393240907742,1.5546071400922568
1092,4,7.44000001,6.085730639261882,1.354269370738118
1093,3,5.900000095,7.063547738710796,1.163547643710796
1094,3,0.0,0.13478024641873887,0.13478024641873887
1095,3,5.81780822,5.235134562321782,0.5826736576782174
1096,3,6.150000095,6.175354235315522,0.025354140315521967
1097,3,6.261369624,5.635577939985897,0.6257916840141036
1098,3,4.96876112,5.544632110294119,0.5758709902941188
1099,3,5.439999992,5.248224218290527,0.1917757737094723
1100,3,6.576524392,5.862841178190617,0.7136832138093823
1101,3,6.643416371,6.400782501713802,0.24263386928619823
1102,3,6.433910048,6.170355425429838,0.2635546225701626
1103,3,5.733818196,6.406160301163707,0.6723421051637075
1104,3,5.139842716,6.672675785147779,1.5328330691477783
1105,3,5.138295174,6.107763242282523,0.9694680682825236
1106,3,5.478688537,7.178279424275035,1.6995908872750354
1107,3,5.343424538,5.74866364517313,0.40523910717312983
1108,5,12.39999962,8.992240156200555,3.4077594637994437
1109,5,0.0,-0.1987713013621768,0.1987713013621768
1110,5,0.0,0.5544243839166967,0.5544243839166967
1111,5,13.39999962,7.175724491603743,6.224275128396256
1112,5,0.0,-0.15845993149664217,0.15845993149664217
1113,5,0.0,0.46660800028349136,0.46660800028349136
1114,5,13.19999981,-0.14001835718118905,13.340018167181189
1115,5,0.0,0.4684258423580392,0.4684258423580392
1116,5,0.0,-0.23806054483755368,0.23806054483755368
1117,5,0.0,-0.23054261677949484,0.23054261677949484
1118,5,0.0,-0.2142226927635118,0.2142226927635118
1119,5,0.0,0.4705214653371943,0.4705214653371943
1120,5,0.0,0.4389683278603993,0.4389683278603993
1121,5,0.0,-0.16345385373653798,0.16345385373653798
1122,5,12.02000008,7.868332273594136,4.1516678064058645
1123,5,11.35833335,6.59357688025405,4.764756469745951
1124,2,37.0266667684,25.438921363564702,11.587745404835296
1125,2,35.3000000196,21.94959550765997,13.350404511940027
1126,2,36.1424242655,25.028359707311438,11.11406455818856
1127,2,35.092307751,25.340093178215042,9.752214572784958
1128,2,36.1375002861,23.774041419942094,12.363458866157906
1129,2,29.08472236,23.74429046469696,5.340431895303041
1130,2,36.5125002861,23.657215134303648,12.855285151796352
1131,2,33.0342105899,25.159802018529124,7.874408571370875
1132,2,32.0888888041,21.73266284624762,10.35622595785238
1133,2,28.4906976833,22.942907883252282,5.547789800047717
1134,2,33.7590908137,24.408313871377427,9.350776942322572
1135,2,31.3128570829,21.539898687679496,9.772958395220503
1136,2,36.2187497616,24.057615022583484,12.161134739016518
1137,2,35.514285678,25.769980548244586,9.744305129755414
1138,2,29.9557692454,22.276971803047655,7.678797442352344
1139,2,35.8828572409,24.032815369868615,11.850041871031387
1140,2,29.181481538,23.273075988935744,5.9084055490642555
1141,2,34.0117647508,22.349200031470993,11.662564719329005
1142,2,34.4261538579,26.44537129618564,7.980782561714356
1143,2,36.3058823978,24.283858401056264,12.022023996743734
1144,2,30.6993976501,24.971460315587315,5.727937334512685
1145,2,36.0425532727,25.936259941310997,10.106293331389
1146,3,11.1000000636,8.832652875685094,2.267347187914906
1147,3,9.5,9.111033512860399,0.38896648713960147
1148,3,10.0,11.29023135679509,1.2902313567950898
1149,3,9.49999976158,9.085492410642374,0.41450735093762603
1150,3,7.55000019073,9.600156167378355,2.0501559766483552
1151,3,7.09999990463,9.168855082199862,2.068855177569862
1152,3,10.3000001907,8.869792599804484,1.4302075908955167
1153,3,10.2749998569,9.59451411611385,0.6804857407861498
1154,1,9.20000012716,10.998680902941082,1.798680775781083
1155,1,9.92500019073,10.214421447724362,0.2894212569943626
1156,1,10.3000001907,10.589149367904957,0.2891491772049566
1157,1,10.8999996185,10.342156787512943,0.5578428309870578
1158,1,9.06666660309,10.937669258670079,1.871002655580078
1159,1,9.75,10.850617300564167,1.100617300564167
1160,1,10.625,10.235913429897572,0.3890865701024282
1161,1,10.3000001907,10.224201421120796,0.07579876957920462
1162,1,11.1999998093,10.049785391759738,1.150214417540262
1163,1,7.35714292526,10.076355572589012,2.7192126473290124
1164,1,9.75,10.636017522863316,0.886017522863316
1165,1,11.1200000763,10.170680775538301,0.9493193007616991
1166,1,10.1999998093,10.294915466236656,0.09491565693665649
1167,1,9.75,10.271794644181824,0.5217946441818242
1168,1,9.69999980927,10.881244039231884,1.1812442299618837
1169,1,6.90000009537,10.015479885718236,3.1154797903482354
1170,1,10.1333332062,10.249831721891791,0.11649851569179148
1171,1,9.9249997139,10.62783071647534,0.7028310025753406
1172,5,11.6333332062,10.85603638621667,0.777296819983329
1173,5,9.7999997139,9.869085535772564,0.06908582187256407
1174,5,8.76666673024,9.28030806586911,0.5136413356291101
1175,5,10.6499998569,8.868046483313433,1.7819533735865658
1176,5,10.9499998093,9.873272427455953,1.0767273818440461
1177,5,10.1999998093,9.29178234186576,0.9082174674342394
1178,5,10.3000001907,5.7854219221580365,4.514578268541964
1179,5,7.26666673024,9.37459837060816,2.10793164036816
1180,5,10.9749999046,9.12453345447723,1.8504664501227701
1181,5,10.3999996185,9.649104247335753,0.7508953711642476
1182,4,9.5,9.032422029413677,0.4675779705863228
1183,4,10.1000003815,9.817239039540226,0.2827613419597732
1184,4,9.66666666667,9.273028179417054,0.3936384872529466
1185,4,7.70000004768,9.662003185830354,1.9620031381503544
1186,4,10.4499998093,9.363365728811104,1.0866340804888956
1187,4,10.0,9.18748306431239,0.8125169356876096
1188,4,8.02499985695,8.98601754423802,0.9610176872880203
1189,4,10.7999999523,8.738511068027078,2.061488884272922
1190,4,7.29999995232,8.601091450878357,1.3010914985583568
1191,4,9.69999980927,9.073095232012438,0.6269045772575623
1192,4,10.7124999762,8.792910741557268,1.9195892346427321
1193,4,9.69999980927,9.11579328113363,0.5842065281363702
1194,4,9.59999990463,9.074424115976303,0.5255757886536969
1195,4,9.80000019073,8.67721956049376,1.1227806302362389
1196,4,10.1999998093,8.962926094995467,1.2370737143045325
1197,4,11.0500001907,9.303187911528846,1.746812279171154
1198,4,10.8999996185,9.26165764636588,1.6383419721341212
1199,4,11.2000001272,9.250719791546892,1.949280335653107
1200,5,10.6999998093,9.366257693025963,1.3337421162740366
1201,5,10.8999996185,8.166640348613464,2.7333592698865363
1202,5,9.92500019073,9.868752229364155,0.056247961365844645
1203,5,11.0166665713,9.382291324812904,1.634375246487096
1204,5,11.1500000954,8.753504434227324,2.3964956611726755
1205,5,8.09999990463,9.697579342293768,1.597579437663768
1206,5,10.3000001907,9.465539417027856,0.834460773672145
1207,5,7.79999987284,9.625970536166559,1.8259706633265589
1208,5,6.85000014305,9.304635113133177,2.454634970083177
1209,5,8.10000022252,9.604481323917348,1.5044811013973476
1210,4,10.1999998093,8.805161846217322,1.3948379630826775
1211,4,11.2000002861,8.98051271079812,2.21948757530188
1212,4,10.5999999046,9.018549061811191,1.5814508427888097
1213,4,8.39999985695,9.00541589486572,0.6054160379157203
1214,4,7.84999990463,8.74104944013046,0.8910495355004606
1215,4,8.85000038147,9.210281049081939,0.36028066761193855
1216,4,10.5499997139,9.055235370908461,1.4947643429915392
1217,4,9.15000009537,9.083529816259052,0.06647027911094838
1218,4,6.80000019073,8.69957480343999,1.8995746127099906
1219,3,10.4499998093,9.732591597916862,0.7174082113831375
1220,3,11.1999998093,9.038199534228198,2.1618002750718013
1221,3,9.10000038147,9.629956132725155,0.5299557512551551
1222,3,11.8000001907,8.943904555566878,2.856095635133123
1223,3,11.3600002289,9.607082707221437,1.7529175216785635
1224,3,8.83333333333,9.305731643235568,0.47239830990556797
1225,3,8.15000009537,9.908012593401182,1.7580124980311815
1226,3,7.80000019073,8.26681752164729,0.4668173309172907
1227,3,9.46666653951,9.585532193821031,0.11886565431103158
1228,3,7.80000019073,10.337920679807539,2.537920489077539
1229,3,11.2333332698,9.594518711293254,1.6388145585067448
1230,5,9.60000038147,9.213040221117081,0.3869601603529187
1231,5,9.60000038147,9.695270741274388,0.09527035980438825
1232,5,9.0,10.099500334066102,1.0995003340661018
1233,5,9.76000003815,9.836689233006249,0.07668919485624848
1234,5,10.9749999046,10.673211779491478,0.3017881251085228
1235,5,10.6749999523,9.437971347573495,1.2370286047265058
1236,3,16.4376811981,16.148827738996786,0.28885345910321547
1237,3,16.3254237094,21.914305668468685,5.5888819590686865
1238,3,16.9411762462,18.74760724867164,1.806431002471637
1239,3,17.1977272467,19.091943073313125,1.8942158266131237
1240,3,16.4307692601,17.865352447577145,1.4345831874771449
1241,3,17.6956692643,20.87531361525426,3.179644350954259
1242,3,16.4618181922,16.385354951534147,0.07646324066585208
1243,3,17.9047619048,20.80481738599979,2.9000554811997894
1244,3,15.9481080803,21.68053982229569,5.732431741995688
1245,3,17.5584415584,20.85472381720684,3.2962822588068406
1246,3,17.435135197,19.574356391420437,2.1392211944204362
1247,3,17.1361108886,19.70611139961661,2.570000511016609
1248,3,17.0750001272,16.898087550235765,0.17691257696423435
1249,3,17.0925373248,21.809237891803473,4.716700567003475
1250,3,17.0981818112,19.8087872707404,2.7106054595403997
1251,3,18.9555557039,18.397983387690292,0.5575723162097077
1252,3,32.4437499841,25.386640606711975,7.057109377388027
1253,3,29.9615384615,25.444364232154925,4.517174229345077
1254,3,30.2210527721,26.178156224299872,4.042896547800126
1255,3,32.3062499364,25.545279417408942,6.7609705189910585
1256,3,32.6850220222,28.797976402675673,3.8870456195243293
1257,3,28.0748018909,27.44720494121006,0.6275969496899414
1258,3,31.7901639157,25.32314927075385,6.4670146449461505
1259,3,27.3194165009,24.20697588926525,3.1124406116347494
1260,3,25.7755100873,25.297041696217796,0.4784683910822025
1261,3,29.7633802924,26.47974079384136,3.2836394985586423
1262,3,33.2169015374,25.196644682960255,8.020256854439744
1263,3,26.2842105062,24.806939953563493,1.477270552636508
1264,3,34.1225274055,28.423450983365846,5.699076422134155
1265,3,32.225344319,25.519535854807856,6.705808464192145
1266,3,29.5051281269,26.27802530857612,3.227102818323882
1267,3,35.6334559497,27.0950711791532,8.538384770546799
1268,4,32.6871921746,29.145754286193416,3.541437888406584
1269,4,31.943749706,27.449461371096938,4.494288334903061
1270,4,29.7652175737,25.98816001431025,3.7770575593897497
1271,4,33.2989339198,28.92636142933503,4.372572490464968
1272,4,30.9305194508,28.482154001913948,2.448365448886051
1273,4,30.6832000275,29.345599763241786,1.3376002642582137
1274,4,31.106153899,29.498318888490136,1.6078350105098629
1275,4,29.9161615661,27.141422705182286,2.774738860917715
1276,4,28.3050846811,30.093245300978516,1.7881606198785178
1277,4,34.85338343,29.710024836773503,5.143358593226498
1278,4,29.0927082499,29.151991119737488,0.05928286983748876
1279,4,28.3190477462,19.13542340249623,9.18362434370377
1280,4,28.2013512946,27.99430126919169,0.2070500254083072
1281,4,32.9509802239,29.060861906645584,3.8901183172544123
1282,2,25.2621622343,29.344505958419628,4.082343724119628
1283,2,28.537389405,30.407049812266514,1.8696604072665153
1284,2,32.0331249475,30.716676299002735,1.3164486484972642
1285,2,31.5796459198,31.368189946238978,0.21145597356102286
1286,2,36.8742049928,34.47377943892458,2.4004255538754222
1287,2,30.2754384091,30.17702813786495,0.09841027123504986
1288,2,31.9441176583,29.885155204288388,2.0589624540116134
1289,2,27.7988889482,27.580903602814892,0.21798534538510594
1290,2,33.7360200714,32.72974313373771,1.0062769376622853
1291,2,30.546043149,29.45660656009869,1.0894365889013073
1292,2,29.2086153588,31.298493695092994,2.089878336292994
1293,4,22.1859649022,28.10993811958081,5.923973217380812
1294,4,29.5244443258,28.340089713462305,1.184354612337696
1295,4,27.6528846239,27.41810964133666,0.23477498256334073
1296,4,33.7979532766,29.253964973395178,4.54398830320482
1297,4,24.5795918679,27.837994514540846,3.258402646640846
1298,4,33.2256636718,29.672543520131615,3.5531201516683844
1299,4,23.7518867727,24.368332375309805,0.6164456026098044
1300,4,26.8361702371,25.147297452052655,1.6888727850473444
1301,4,27.8980315013,24.00559585737094,3.892435643929062
1302,4,29.0831682564,29.508992364941854,0.42582410854185326
1303,4,27.1945434201,26.593817464883788,0.6007259552162125
1304,4,30.118787858,29.668231579921546,0.4505562780784551
1305,4,23.4689654427,27.31696994537958,3.8480045026795793
1306,4,26.1793100423,28.248429311042212,2.069119268742213
1307,4,30.1192309306,29.2025083425805,0.9167225880194998
1308,4,34.2562138772,29.524590547734572,4.731623329465425
1309,4,33.4168367678,28.844871471752434,4.571965296047566
1310,4,28.8040816638,28.38372938922928,0.4203522745707211
1311,4,31.7228915892,27.918813630931623,3.804077958268376
1312,4,21.9431818355,24.77439919366852,2.8312173581685194
1313,4,26.2039998627,27.768259640512465,1.5642597778124632
1314,2,6.96000003815,8.852993311037432,1.8929932728874324
1315,2,9.17499995232,9.077273497884862,0.09772645443513817
1316,2,10.0,9.481165992482284,0.5188340075177162
1317,2,10.7714285169,9.80894225624817,0.962486260651831
1318,2,10.9500001272,9.059838986177963,1.8901611410220358
1319,2,8.90000009537,9.910614505008933,1.010614409638933
1320,2,10.4428570611,9.642994630449195,0.7998624306508049
1321,2,6.14166665077,8.126756453552119,1.9850898027821184
1322,2,8.75,9.012479461217751,0.262479461217751
1323,3,10.6000000636,9.781867887633092,0.8181321759669071
1324,3,10.6999998093,9.626816408915825,1.073183400384174
1325,3,8.5,9.720747032600329,1.220747032600329
1326,3,7.6933333079,8.880352042540906,1.1870187346409065
1327,3,8.67692323831,9.26550028118211,0.5885770428721102
1328,3,10.0749999682,9.7279103534099,0.34708961479010014
1329,3,6.54615383882,9.240983653255862,2.6948298144358622
1330,3,12.0,10.057876344018323,1.9421236559816766
1331,3,11.0,10.27370243145282,0.7262975685471798
1332,3,11.4000002543,9.922741966410062,1.4772582878899385
1333,3,10.0,10.428321144398836,0.4283211443988364
1334,3,10.1666669846,10.023636664764453,0.14303031983554781
1335,3,9.0,9.602740077566782,0.6027400775667822
1336,4,9.5333331426,8.223515708057903,1.3098174345420972
1337,4,7.3166667223,8.29150552485448,0.9748388025544807
1338,4,10.9076921023,9.132470467405605,1.775221634894395
1339,4,10.7999997139,8.73896863678687,2.06103107711313
1340,4,7.44999992847,9.060152174681436,1.6101522462114364
1341,4,8.89999961853,8.908027598968765,0.00802798043876507
1342,4,8.5,9.539807084313288,1.0398070843132885
1343,4,6.71923078023,8.390336999053371,1.671106218823371
1344,4,11.6124999523,8.985766365643078,2.626733586656922
1345,4,10.6999998093,8.628351146265418,2.0716486630345816
1346,4,6.21182794981,8.093201611255056,1.881373661445056
1347,4,8.44615397087,8.236805736658203,0.20934823421179694
1348,4,8.6999999455,8.910112856408961,0.21011291090896123
1349,3,7.10000003468,8.717417450766275,1.6174174160862753
1350,3,8.65000009537,9.647182663163475,0.9971825677934749
1351,3,7.63088234032,10.479830522075797,2.848948181755797
1352,3,8.125,9.767408418396041,1.642408418396041
1353,3,8.0,8.277283390444168,0.2772833904441683
1354,3,11.0999999046,10.504248142390496,0.5957517622095043
1355,3,7.48823527729,8.046165669701008,0.5579303924110075
1356,3,7.54999995232,8.321935598846277,0.771935646526277
1357,3,10.7199998856,10.413296701330632,0.3067031842693684
1358,3,8.93749988079,9.325054411457426,0.3875545306674262
1359,3,9.50769226368,9.353077665554496,0.15461459812550338
1360,3,5.58717951408,9.290762647774834,3.703583133694834
1361,3,8.60000006358,9.031561854947352,0.4315617913673524
1362,4,7.80000003179,7.845516634799384,0.04551660300938387
1363,4,9.83333317439,8.595764542261474,1.2375686321285269
1364,4,5.05454544588,8.173441376448663,3.118895930568663
1365,4,5.26666665077,8.037151039956438,2.7704843891864375
1366,4,10.8666664759,8.854220971283025,2.0124455046169754
1367,4,5.98947369425,8.49798016094045,2.5085064666904504
1368,4,6.13000001907,7.643075077038932,1.5130750579689325
1369,4,6.90952375957,8.975146095995456,2.065622336425456
1370,4,7.25,9.375469006102696,2.125469006102696
1371,4,6.17878788168,8.14332271482797,1.9645348331479706
1372,4,8.36666679382,9.000458833301716,0.6337920394817154
1373,4,10.1000003815,8.801025331005146,1.2989750504948532
1374,4,9.14000015259,8.73831619116482,0.4016839614251797
1375,5,6.43333331744,8.580589652752248,2.1472563353122487
1376,5,10.7200000763,8.04887728555024,2.6711227907497594
1377,5,7.75714288439,7.978214680901232,0.22107179651123143
1378,5,5.81739129191,7.805129356167125,1.9877380642571252
1379,5,8.85999965668,8.272502591994723,0.5874970646852766
1380,5,8.34000015259,9.415571002609251,1.0755708500192522
1381,5,10.933333079,7.343576317141894,3.5897567618581068
1382,5,7.81428575516,8.84192751416278,1.0276417590027798
1383,5,7.74999992053,9.880151064756776,2.130151144226776
1384,5,7.20000001362,8.934961312049534,1.7349612984295337
1385,5,6.69166662296,8.195176647465557,1.503510024505557
1386,2,8.24067800328,8.507038661084511,0.2663606578045119
1387,2,5.79999990463,8.900849974823094,3.1008500701930943
1388,2,8.57500004768,9.390133620621768,0.8151335729417681
1389,2,7.02727274461,8.655398556296424,1.6281258116864237
1390,2,11.5499999523,9.459039867512608,2.090960084787392
1391,2,9.5499997139,9.443235174960744,0.10676453893925597
1392,2,5.82500004768,9.197084397304792,3.3720843496247923
1393,2,7.41111103694,8.290349031930251,0.8792379949902509
1394,2,11.0545455759,9.264898331552443,1.7896472443475577
1395,2,9.80370373196,8.745446361007236,1.0582573709527647
1396,2,11.6500000954,9.044960286896417,2.605039808503582
1397,2,11.6166666349,9.527611988271376,2.0890546466286235
1398,2,7.32857145582,9.08323773958126,1.754666283761261
1399,2,6.99047624497,8.343045544682687,1.3525692997126866
1400,2,8.90000009537,9.10479085672209,0.20479076135208985
1401,2,5.96190479824,8.21607917407874,2.2541743758387396
1402,2,6.93947368547,9.057789847357046,2.118316161887046
1403,2,10.8399999619,9.442680519896925,1.3973194420030755
1404,2,6.69999996821,9.419432117136523,2.719432148926523
1405,2,9.77500009537,9.47447163803383,0.3005284573361706
1406,2,5.45000004768,8.635890625022341,3.1858905773423416
1407,2,6.86666663488,9.277155439745993,2.4104888048659934
1408,2,9.65200000763,8.773866472247446,0.8781335353825543
1409,2,11.0125000477,9.748245527186228,1.2642545205137719
1410,2,11.1000003815,9.375753365357998,1.7242470161420016
1411,4,8.39999993642,9.654568473617909,1.2545685371979083
1412,4,6.70235296137,8.465105472495019,1.7627525111250186
1413,4,10.0999999046,9.29118418064846,0.8088157239515414
1414,4,9.89999993642,9.533352842389041,0.3666470940309594
1415,4,11.2777777778,9.313520480090016,1.9642572977099846
1416,4,10.6000003815,9.658619579116182,0.9413808023838168
1417,4,8.0600001812,8.79144226208193,0.73144208088193
1418,4,6.7083332936,7.7510707422062035,1.0427374486062035
1419,4,7.96249997616,9.074229502970859,1.1117295268108585
1420,4,10.8666664759,9.894023343154117,0.9726431327458833
1421,2,6.75999994278,8.7645978554728,2.0045979126928
1422,2,5.7409090779,8.887280622354794,3.1463715444547944
1423,2,11.0500000318,8.882518093427777,2.167481938372223
1424,2,6.94680852078,9.122756686581262,2.1759481658012616
1425,2,6.47428571156,9.401390614282576,2.9271049027225757
1426,2,10.3500003815,9.49972843880863,0.8502719426913696
1427,2,10.7199998856,9.644853719355783,1.0751461662442168
1428,2,6.44444439146,9.426651228547207,2.9822068370872072
1429,2,9.69999980927,9.744939965575634,0.04494015630563375
1430,2,9.16326528666,9.159456734496587,0.003808552163413026
1431,1,8.89999985695,9.037534056842807,0.1375341998928068
1432,1,8.33333349228,9.478534907146908,1.145201414866909
1433,1,6.72000017166,9.153768119448273,2.433767947788273
1434,1,9.80000019073,9.186080840441864,0.6139193502881355
1435,1,10.6000003815,9.240914453144317,1.3590859283556824
1436,1,7.50714281627,8.778277857702724,1.271135041432724
1437,1,9.44999986887,9.145665347112477,0.3043345217575233
1438,2,6.25999994278,7.937930946544289,1.6779310037642885
1439,1,8.90000000867,9.009518099285874,0.10951809061587348
1440,1,10.7055556509,9.731222668173068,0.9743329827269314
1441,1,8.53846161182,9.11352530106483,0.5750636892448284
1442,1,10.8333333333,10.0621756719467,0.7711576613532998
1443,1,5.59999995232,7.746387592853903,2.146387640533903
1444,1,11.4700000763,10.651179774486836,0.8188203018131635
1445,1,10.4749999046,9.497970954379912,0.9770289502200882
1446,1,9.0,9.456803829608717,0.4568038296087167
1447,4,8.5,9.441971710823271,0.941971710823271
1448,4,8.0876923341,9.511913573360218,1.424221239260218
1449,4,8.60000038147,9.826661769931851,1.2266613884618511
1450,4,11.6000003815,8.99306779728903,2.60693258421097
1451,4,5.70645158522,7.867566510393896,2.161114925173896
1452,4,9.72142853056,8.408743587233522,1.3126849433264791
1453,4,8.60000038147,9.458745179424808,0.8587447979548077
1454,4,9.30000019073,9.147960758991074,0.15203943173892576
1455,4,6.88749992847,7.623197643670148,0.735697715200148
1456,4,5.92727275328,8.676233269983406,2.7489605167034066
1457,4,7.85263154381,7.985187648786877,0.1325561049768771
1458,4,10.8000001907,9.368198279491207,1.4318019112087939
1459,4,11.295000124,8.593856043798445,2.701144080201555
1460,1,6.33333317439,8.747968816831218,2.414635642441218
1461,1,8.32500004768,10.404799363895954,2.0797993162159543
1462,1,8.5166665713,8.597777539670309,0.08111096837030907
1463,1,9.14444446564,8.977158626679165,0.1672858389608347
1464,1,6.52142865317,8.871842640022724,2.3504139868527236
1465,1,5.44285719735,8.387649482965202,2.9447922856152013
1466,1,10.0500000318,8.943163479623673,1.1068365521763273
1467,1,7.96000013351,9.172291171316493,1.2122910378064926
1468,1,7.4833334287,7.602799946881992,0.11946651818199161
1469,1,8.80000019073,9.8299799418951,1.0299797511651008
1470,4,6.18125006557,7.72875161251808,1.5475015469480802
1471,4,7.95000004768,8.384988487771356,0.43498844009135595
1472,4,5.7066666921,8.279852688012076,2.573185995912076
1473,4,11.1000003815,9.252033838038443,1.8479665434615562
1474,4,5.4375,8.281415395441616,2.8439153954416163
1475,4,7.74999988079,9.451815400074093,1.701815519284093
1476,4,9.0428571701,9.114411292409962,0.07155412230996205
1477,4,6.51538467407,9.493645741683476,2.9782610676134764
1478,4,10.6000000636,9.093146976854829,1.5068530867451706
1479,4,11.7333332698,9.238880793597298,2.494452476202701
1480,4,8.89999961853,8.704234384216438,0.19576523431356208
1481,1,12.0407407195,9.268333256202473,2.7724074632975277
1482,1,5.77499991655,8.690912957028461,2.9159130404784612
1483,1,10.6500000954,9.141274499935871,1.5087255954641279
1484,1,8.38124990463,9.087111961334267,0.7058620567042677
1485,1,8.42500007153,9.035471677618379,0.6104716060883781
1486,1,11.0,9.887495479084912,1.1125045209150883
1487,1,7.90000009537,9.412558141107674,1.5125580457376735
1488,1,8.01249992847,8.929997660811523,0.9174977323415234
1489,1,11.3157893733,9.289505034704202,2.026284338595797
1490,1,7.30000003179,9.914616894856861,2.6146168630668614
1491,1,6.56666676203,9.33851900063137,2.7718522386013706
1492,5,8.18181839856,8.228118936942678,0.04630053838267756
1493,5,8.60000038147,8.357824348489496,0.24217603298050427
1494,5,9.11666663488,8.952624990984848,0.16404164389515152
1495,5,8.71428585052,7.853869733924092,0.8604161165959079
1496,5,5.78888887829,7.445517853839475,1.6566289755494754
1497,5,8.36999988556,8.456473843549873,0.08647395798987212
1498,5,7.65000009537,9.176713462679082,1.5267133673090818
1499,5,7.20454543287,8.34243423931209,1.1378888064420893
1500,5,9.0,8.126170405658463,0.8738295943415366
1501,5,8.23846142109,8.245589869552504,0.0071284484625042666
1502,5,8.04999983311,7.777219272870774,0.2727805602392266
1503,4,7.20000002934,7.909705226741119,0.709705197401119
1504,4,8.36666647593,9.456865506179946,1.0901990302499467
1505,4,8.48888895247,8.108046665545222,0.3808422869247785
1506,4,8.74166663488,9.442520950524113,0.7008543156441132
1507,4,10.7999999707,9.139473269431466,1.6605267012685339
1508,4,8.625,9.052158311572974,0.427158311572974
1509,4,10.6500000954,7.929714274673473,2.7202858207265264
1510,4,9.05714287077,8.691308940749035,0.3658339300209654
1511,4,12.0749998093,9.108843814665786,2.9661559946342138
1512,4,10.5,9.179566075406608,1.3204339245933916
1513,5,10.8142856189,8.239303620352985,2.574981998547015
1514,5,8.70000012716,8.665436209087744,0.03456391807225501
1515,5,7.6,8.229114766778743,0.6291147667787431
1516,5,7.80000019073,8.808010066117628,1.0080098753876285
1517,5,5.77692310627,8.138506473184226,2.3615833669142257
1518,5,6.91829268525,8.137131403300003,1.2188387180500033
1519,5,6.47777779897,7.448320713187201,0.9705429142172006
1520,5,10.4388888677,8.618989033072836,1.8198998346271633
1521,5,10.3714286259,8.828864927704988,1.5425636981950124
1522,5,9.24500002861,8.407092929718065,0.8379070988919359
1523,5,8.6714286123,8.397918507684702,0.2735101046152977
1524,5,8.2,8.755675696271979,0.5556756962719795
1525,3,9.08571415856,9.527064502145818,0.4413503435858175
1526,3,10.226315674,9.528209905754766,0.6981057682452345
1527,3,10.1000003815,8.748120152880519,1.3518802286194802
1528,3,8.79999987284,9.47173416326401,0.6717342904240091
1529,3,7.97500002384,9.008598210902058,1.0335981870620579
1530,3,8.67818181298,10.501249805458546,1.8230679924785456
1531,3,7.38888888889,8.10334941164264,0.7144605227526393
1532,3,6.25,8.514395310248482,2.2643953102484815
1533,3,8.03333361944,8.872514942933888,0.8391813234938876
1534,3,7.02499997616,8.891475946999538,1.866475970839538
1535,3,9.8428572246,9.396830416934112,0.44602680766588776
1536,3,6.21428571429,8.963293476409426,2.749007762119426
1537,3,9.55999984741,9.678223984742484,0.1182241373324846
1538,3,7.84000005722,8.429824856151466,0.589824798931466
1539,5,10.3666664759,7.811761942399298,2.554904533500703
1540,5,10.4249999523,8.710296432556827,1.714703519743173
1541,5,11.0,8.540716931233462,2.4592830687665383
1542,5,8.21666661898,9.117155991515403,0.9004893725354037
1543,5,7.40000009537,9.645921669608835,2.245921574238835
1544,5,8.69999999266,8.128065571809364,0.5719344208506367
1545,5,6.11250007153,8.245225301721334,2.1327252301913333
1546,5,6.31428568704,7.92054331951945,1.6062576324794504
1547,5,8.66285715103,10.102085744626685,1.4392285935966846
1548,5,11.3666667938,8.211930728290046,3.1547360655099546
1549,5,8.52499997616,8.126912711302404,0.3980872648575957
1550,5,5.08571434021,7.970763572035764,2.8850492318257643
1551,5,9.95909088308,7.691730434609273,2.2673604484707273
1552,5,7.35000002384,8.084487168258189,0.7344871444181891
1553,2,8.79999991826,8.79481908584829,0.005180832411708636
1554,2,11.4374998808,9.209434254996129,2.228065625803872
1555,2,5.93333333333,8.867859555522347,2.934526222192347
1556,2,7.03999996185,9.204316149293053,2.1643161874430525
1557,2,8.38235299727,8.581046842566991,0.1986938452969902
1558,2,6.46800003052,8.946326220716912,2.4783261901969125
1559,2,8.59499998093,9.092395645399721,0.49739566446972105
1560,2,9.33999977112,9.543392824400058,0.20339305328005786
1561,2,7.01999988556,10.266697618968427,3.2466977334084275
1562,2,8.82500004768,9.224689015811805,0.3996889681318052
1563,2,8.16000003815,8.57776424735637,0.4177642092063696
1564,4,7.93999996185,8.794039825500441,0.8540398636504412
1565,4,5.38333328565,7.611444405135789,2.2281111194857885
1566,4,7.30000001734,8.056010918536574,0.7560109011965732
1567,4,10.7428571156,8.517257809824411,2.2255993057755887
1568,4,10.9666668574,8.930007674863363,2.0366591825366367
1569,4,9.45833333333,8.400534053740344,1.0577992795896556
1570,4,8.10000004768,7.810561414204053,0.2894386334759469
1571,4,10.4333333174,8.619390462994257,1.8139428544057434
1572,4,5.49473682203,7.874160113296602,2.379423291266602
1573,4,9.51304356948,8.604488521136052,0.9085550483439491
1574,4,6.4,7.473594859952246,1.0735948599522454
1575,4,8.17999997139,7.876662756651751,0.30333721473824937
1576,5,6.8749999702,7.812396034938555,0.9373960647385546
1577,5,9.1999999455,8.435470750337789,0.7645291951622113
1578,5,11.0818181471,8.226947682643786,2.854870464456214
1579,5,9.5,7.952973759478583,1.5470262405214168
1580,5,5.82903228268,8.1041064252443,2.2750741425643
1581,5,9.60000038147,9.68919902870464,0.08919864723464066
1582,5,9.5,8.808252463894142,0.6917475361058578
1583,5,9.19999980927,8.007195951444004,1.1928038578259965
1584,5,8.28000011444,9.084208168089884,0.8042080536498837
1585,5,11.3999998569,9.113577442311215,2.2864224145887846
1586,5,8.85714299338,8.457558998844334,0.39958399453566606
1587,5,11.4666665395,9.296327237517712,2.1703393019822883
1588,5,8.90000025431,8.76979476416035,0.130205490149649
1589,5,10.6599998474,8.538946226607852,2.121053620792148
1590,5,8.97499990463,7.713643027184068,1.261356877445932
1591,5,10.6250001192,9.594187306270884,1.0308128129291152
1592,5,6.89000005722,7.790333747844743,0.900333690624743
1593,5,6.21666661898,7.810280062253865,1.5936134432738651
1594,5,11.2000002861,9.382882390363726,1.8171178957362741
1595,5,11.0,9.118175943021349,1.881824056978651
1596,5,5.34666670163,8.20797468879765,2.86130798716765
1597,5,11.1000003815,7.906137426910689,3.19386295458931
1598,5,8.49230788304,8.691459235543618,0.19915135250361793
1599,5,5.68695655076,7.73150574704571,2.0445491962857103
1600,5,8.13333352407,8.300840277817034,0.16750675374703405
1601,5,5.60000004768,8.033090981084822,2.433090933404822
1602,5,5.34499995708,7.836193104129095,2.4911931470490956
1603,5,10.8666664759,9.35235444743412,1.5143120284658806
1604,5,7.96666669846,8.20043863679085,0.23377193833084942
1605,2,10.6166667144,9.534223271544217,1.0824434428557836
1606,2,11.9249999523,9.028135465474875,2.896864486825125
1607,2,10.8000001907,9.653390324670266,1.1466098660297348
1608,2,11.1000000636,8.872716304680992,2.2272837589190075
1609,2,7.19230765563,8.318605981837162,1.1262983262071629
1610,2,6.75789472178,8.464921358493367,1.7070266367133673
1611,2,5.73999996185,9.044847398039835,3.304847436189835
1612,2,10.0499999523,9.549150054397817,0.5008498979021834
1613,2,11.7999999523,8.865306459219152,2.9346934930808484
1614,2,7.90000009537,9.464516139583829,1.5645160442138284
1615,2,6.57500004768,8.522177814383541,1.9471777667035415
1616,2,10.875,9.33328177579676,1.5417182242032403
1617,2,9.98333326976,8.804756759159083,1.1785765106009158
1618,1,8.75000011921,9.151222210393637,0.4012220911836373
1619,1,9.02500021458,9.32952098165293,0.30452076707292974
1620,1,9.15000009537,9.404893275591778,0.254893180221778
1621,1,11.0500000318,9.537648000913926,1.512352030886074
1622,1,6.77000002861,8.461828277638716,1.691828249028716
1623,1,8.53749990463,8.75072667220284,0.21322676757283965
1624,1,6.09999996821,8.223213490526852,2.1232135223168527
1625,1,7.34999990463,8.908776453138055,1.558776548508055
1626,1,7.05999999046,8.610344350146125,1.5503443596861253
1627,1,9.1,9.428685952889712,0.32868595288971214
1628,1,11.4749999642,9.168441169246922,2.3065587949530784
1629,1,10.7363635843,9.80142093558539,0.9349426487146086
1630,1,11.5499997139,9.260819419513346,2.2891802943866537
1631,1,11.7499998808,8.995533409065013,2.754466471734988
1632,5,6.56842111286,8.0616441465062,1.4932230336462
1633,5,11.5,9.154373106817179,2.3456268931828212
1634,5,7.32200000763,8.503656246785821,1.1816562391558216
1635,5,11.8545455066,9.441430970156283,2.4131145364437163
1636,5,5.30416665475,7.726740921493641,2.4225742667436405
1637,5,11.0166665713,9.279024509622595,1.7376420616774055
1638,5,10.8599999428,9.654110716087224,1.2058892267127757
1639,5,7.83333337307,8.296996986290456,0.46366361322045524
1640,5,6.63636367971,8.5244348810648,1.8880712013547996
1641,5,6.86666671435,8.024320285768544,1.1576535714185443
1642,5,5.88333336512,7.603406219365627,1.7200728542456263
1643,1,9.73333326976,9.979199130632008,0.24586586087200857
1644,1,9.66470600577,9.025089732153385,0.6396162736166158
1645,1,10.7388888995,9.105415918339219,1.6334729811607804
1646,1,9.69999980927,8.951090273747411,0.7489095355225892
1647,1,9.66666666667,9.964666931600917,0.29800026493091636
1648,1,11.3333333333,9.444244227718364,1.8890891055816361
1649,1,10.8749998808,9.319275970025732,1.5557239107742689
1650,1,7.33636370572,7.555776874644154,0.21941316892415408
1651,1,8.76666673024,9.369491789819168,0.6028250595791675
1652,1,10.6500000954,9.180452267696651,1.469547827703348
1653,2,7.05714287077,8.900652170302871,1.8435092995328715
1654,2,5.81333332062,8.967935484115454,3.154602163495454
1655,2,6.85961535344,9.234336974777872,2.374721621337872
1656,2,11.5428573063,9.660509773734328,1.8823475325656727
1657,2,11.5999999046,9.019512382461706,2.580487522138295
1658,2,5.70000004768,8.883746561936302,3.1837465142563026
1659,2,11.0499997139,9.490855993547665,1.5591437203523348
1660,2,9.66666666667,9.295887368623012,0.3707792980469886
1661,2,10.0,9.751743389942193,0.24825661005780653
1662,2,10.5,9.928554871268172,0.5714451287318276
1663,2,7.40476195774,10.145593931301459,2.740831973561459
1664,2,11.5499997139,9.343886981433453,2.206112732466547
1665,2,9.19999980927,9.875549239191281,0.675549429921281
1666,2,5.58000001907,8.847425868363281,3.2674258492932813
1667,2,10.1500000954,9.378817735529829,0.7711823598701706
1668,2,7.21000003815,8.361140031150352,1.1511399930003527
1669,2,10.6500000954,9.853028072953531,0.796972022446468
1670,2,7.5,10.00488311221023,2.50488311221023
1671,2,11.5,8.955471866358085,2.544528133641915
1672,2,10.1999998093,9.391903694161226,0.808096115138774
1673,2,9.86000003815,9.316046925144754,0.5439531130052462
1674,2,10.0,9.832281760320726,0.16771823967927446
1675,2,10.7600000381,9.224197028469248,1.535803009630751
1676,2,9.19999980927,8.92971844747451,0.2702813617954902
1677,2,10.2000000477,9.43283617868477,0.7671638690152296
1678,2,7.94444447094,9.042196212803045,1.0977517418630454
1679,4,5.27499994636,7.334441133564592,2.059441187204592
1680,4,10.3000000715,8.93869356041494,1.3613065110850595
1681,4,6.41414141896,8.215835420180793,1.8016940012207936
1682,4,5.95000004768,8.766641572534468,2.816641524854468
1683,4,5.8333332936,8.581837186718563,2.7485038931185626
1684,4,12.1000001907,8.970901647340954,3.1290985433590457
1685,4,10.9399999619,9.33302613392491,1.6069738279750894
1686,4,11.3000001907,8.667027625484035,2.6329725652159652
1687,4,8.60000038147,9.22783235170186,0.6278319702318598
1688,4,5.91333332062,8.28199417283059,2.3686608522105903
1689,4,10.9800001144,9.020447846841012,1.959552267558987
1690,4,7.29999997399,8.852249715098662,1.5522497411086613
1691,4,7.78888887829,8.360398752007761,0.5715098737177611
1692,4,6.44545455412,8.46590696020151,2.0204524060815094
1693,1,7.5769231136,9.5225892399334,1.945666126333399
1694,1,5.5,8.168123216411209,2.6681232164112085
1695,1,11.5500001907,9.43021972447472,2.119780466225281
1696,1,8.17500030994,8.463045933626816,0.2880456236868163
1697,1,11.2285712106,9.462936848546807,1.7656343620531931
1698,1,7.28000001907,9.318344697958041,2.0383446788880413
1699,1,10.2666664124,9.787028184680093,0.4796382277199065
1700,1,11.0,9.825635763117774,1.1743642368822265
1701,1,9.10000038147,9.202736283402231,0.10273590193223114
1702,1,10.5,9.289374220525769,1.2106257794742312
1703,1,6.9529411933,7.7645562732259235,0.8116150799259234
1704,1,10.7777777778,10.121942523536273,0.655835254263728
1705,2,9.37200004578,8.938148416865381,0.4338516289146188
1706,2,10.1285713741,9.405598872910712,0.7229725011892878
1707,2,7.94999980927,9.910692572013623,1.9606927627436228
1708,2,8.2999997139,9.209039974071612,0.9090402601716114
1709,2,6.89999997616,9.094990995398678,2.194991019238678
1710,2,7.32666667302,8.101313063769402,0.7746463907494014
1711,2,6.71249997616,9.636269419013002,2.9237694428530023
1712,2,5.79999998638,9.167133673916423,3.3671336875364233
1713,2,6.78333330154,9.609104843722841,2.8257715421828413
1714,2,10.6600000381,9.217146354342544,1.4428536837574555
1715,2,8.14285721098,8.925711197798709,0.7828539868187079
1716,3,11.5333334605,9.748970390797881,1.7843630697021187
1717,3,11.5750000477,9.613027093206101,1.9619729544938984
1718,3,11.3000001907,9.608681587366291,1.691318603333709
1719,3,9.10000009537,9.926708895722633,0.8267088003526339
1720,3,10.1666666667,9.567130436432203,0.5995362302677965
1721,3,9.0499997139,9.43225811529308,0.382258401393079
1722,3,7.27142851693,8.437757168198555,1.1663286512685547
1723,3,8.09354835941,9.520104454752573,1.4265560953425727
1724,3,9.96666653951,9.615088562582244,0.3515779769277554
1725,3,6.40400001526,9.077042932032327,2.673042916772327
1726,3,9.14000015259,8.90493747719675,0.23506267539324988
1727,3,6.07857141041,8.9132708915902,2.8346994811801993
1728,4,8.55000019073,9.748181478306442,1.1981812875764426
1729,4,10.6000003815,9.39496883571177,1.2050315457882288
1730,4,9.83333333333,8.916170292787303,0.9171630405426967
1731,4,9.68500003815,9.439076032969473,0.2459240051805267
1732,4,9.0904761269,8.877573857806084,0.21290226909391663
1733,4,11.1999998093,9.914089660620583,1.2859101486794167
1734,4,8.39999961853,9.457931829671217,1.0579322111412175
1735,4,9.47499990463,8.620215267286824,0.854784637343176
1736,4,9.82222239176,8.790589579682752,1.0316328120772482
1737,4,8.4500002861,8.779787278454343,0.32978699235434306
1738,4,11.2999997139,8.333735529567573,2.9662641843324273
1739,3,9.83333333333,9.646312454097288,0.18702087923271193
1740,3,8.35000014305,9.658825405072783,1.3088252620227827
1741,3,11.2285713468,10.060664926877587,1.1679064199224136
1742,3,11.75,9.640057393333542,2.1099426066664577
1743,3,8.98749995232,10.560775800670957,1.5732758483509564
1744,3,10.8000001907,9.71054743040926,1.0894527602907402
1745,3,9.44285692487,9.4160552562385,0.026801668631499354
1746,3,8.4,10.264399435717163,1.8643994357171625
1747,3,8.90000009537,9.48973455567834,0.589734460308339
1748,3,8.75,10.186755799431353,1.436755799431353
1749,3,10.6818181818,9.64748325071902,1.0343349310809806
1750,3,9.18333323797,10.789939330069108,1.606606092099108
1751,3,11.25,9.815257904064634,1.4347420959353663
1752,3,8.68333339691,9.892444094126759,1.2091106972167598
1753,3,10.3000001907,9.227075652173035,1.0729245385269657
1754,3,11.1000003815,9.589973565834173,1.5100268156658263
1755,3,9.32307690841,9.992195058076273,0.6691181496662733
1756,3,10.0714287077,9.331896858282306,0.7395318494176948
1757,3,11.600000109,9.895440799323545,1.7045593096764549
1758,3,8.98000011444,9.94874022339205,0.9687401089520513
1759,3,11.1727273247,9.08653751951529,2.086189805184711
1760,3,8.97499990463,10.29052053805944,1.3155206334294398
1761,3,11.3192308132,9.713089515571596,1.6061412976284046
1762,3,11.1999998093,10.189889913774245,1.0101098955257548
1763,2,10.5428571701,9.519227459687203,1.0236297104127967
1764,2,12.5500000318,9.866313381685726,2.6836866501142733
1765,2,8.38333320618,10.627796069600844,2.2444628634208446
1766,2,8.66249990463,10.15946095699265,1.49696105236265
1767,2,11.1000000636,10.570816648753471,0.5291834148465284
1768,2,9.18571431296,10.166081694347511,0.9803673813875111
1769,2,9.25000023842,9.894764704550266,0.6447644661302654
1770,2,11.8428572246,9.538108982086161,2.3047482425138384
1771,2,9.95833317439,10.299667003391761,0.34133382900176024
1772,2,9.16000003815,9.85420464544366,0.6942046072936598
1773,2,11.25,9.86069906106243,1.38930093893757
1774,2,11.6666666667,9.11981237439623,2.5468542923037703
1775,2,10.5999999046,10.05482608907419,0.5451738155258106
1776,5,11.4500001272,9.85984321512759,1.590156912072409
1777,5,10.8619046892,10.008892376814545,0.853012312385454
1778,5,8.70000008174,10.457342351418507,1.7573422696785066
1779,5,10.9799999237,10.10358156433716,0.8764183593628392
1780,5,10.0333331426,9.107293000799787,0.9260401418002129
1781,5,10.1399999619,9.501177599585942,0.6388223623140572
1782,5,9.0,9.332093866336741,0.33209386633674143
1783,5,10.3999996185,11.082632895088363,0.682633276588362
1784,5,8.15000009537,9.918481105457513,1.7684810100875126
1785,5,11.7199998856,10.312005563436397,1.4079943221636029
1786,5,10.8999996185,11.433657164135614,0.533657545635613
1787,5,8.80000019073,9.411159812267012,0.6111596215370128
1788,5,11.3999996185,9.684975245571021,1.7150243729289798
1789,5,11.5333334605,9.810320276262345,1.7230131842376544
1790,5,12.2000001272,10.743256991489298,1.4567431357107008
1791,5,10.6399999142,9.666866073813285,0.9731338403867156
1792,5,8.69999980927,10.079757654406604,1.379757845136604
1793,5,12.1999998093,9.73405781239969,2.465941996900309
1794,5,10.3999996185,10.287056334257056,0.1129432842429452
1795,1,11.8599998474,10.903739376160573,0.9562604712394265
1796,1,10.5,10.482389967586329,0.017610032413671206
1797,1,12.0500000715,10.228813171147806,1.8211869003521937
1798,1,10.0,10.892684894058789,0.8926848940587888
1799,1,10.8428572246,9.914114212908213,0.9287430116917861
1800,1,11.0333334605,10.478546298966734,0.554787161533266
1801,1,10.3250000477,9.930921016249949,0.3940790314500511
1802,1,7.36666679382,9.65182684481848,2.2851600509984795
1803,1,9.30000006358,9.993982678441114,0.6939826148611132
1804,1,9.64000005722,10.615288968764531,0.9752889115445313
1805,1,10.6896551724,9.528328582692922,1.1613265897070786
1806,1,10.685714313,9.999448165101093,0.6862661478989072
1807,1,8.69999980927,10.436725586090269,1.7367257768202684
1808,1,12.0500001907,10.571541117140665,1.4784590735593355
1809,1,11.1285713741,10.174204212515416,0.9543671615845835
1810,5,8.78333330154,9.48678205112147,0.7034487495814687
1811,5,11.4750000636,9.463302111245525,2.0116979523544742
1812,5,9.0499997139,9.633096197137451,0.5830964832374512
1813,5,10.1500000954,11.18506348452298,1.0350633891229801
1814,5,11.5249998569,10.151159429602423,1.3738404272975764
1815,5,10.4214285442,9.72977559006771,0.6916529541322891
1816,5,11.4799999237,9.71128026343293,1.7687196602670703
1817,5,9.47142873492,9.661818683027887,0.190389948107887
1818,5,12.0166665713,9.428146456131797,2.588520115168203
1819,5,9.99999986376,9.220611879304247,0.7793879844557523
1820,5,9.73999977112,9.376644214410103,0.36335555670989805
1821,5,9.65333328247,9.739240866515459,0.08590758404545973
1822,2,9.01428563254,9.562586189390434,0.5483005568504336
1823,2,9.28571455819,10.406598799675828,1.1208842414858289
1824,2,9.0499997139,9.76809512817919,0.7180954142791904
1825,2,8.5,10.860845545088074,2.3608455450880736
1826,2,8.91428565979,9.719017364089297,0.8047317042992965
1827,2,8.96249997616,9.983880298223914,1.021380322063914
1828,2,9.88333320618,10.14171121883936,0.2583780126593602
1829,2,12.0166667302,9.742365697404429,2.274301032795572
1830,2,10.1000003815,9.803878239592553,0.29612214190744623
1831,2,10.2750000954,9.835667399298476,0.43933269610152337
1832,2,10.0600000381,9.93213603679218,0.12786400130782027
1833,2,11.0999999046,8.577635890056005,2.522364014543996
1834,3,10.816666762,9.58178197519221,1.2348847868077897
1835,3,8.53333324856,9.938712111393272,1.4053788628332722
1836,3,11.3999996185,9.895335914695966,1.5046637038040345
1837,3,8.72000007629,9.689575467163213,0.9695753908732119
1838,3,10.5249998569,9.388815233680283,1.136184623219716
1839,3,10.7399999619,9.542311833116475,1.1976881287835255
1840,3,8.5,9.821825946511098,1.3218259465110975
1841,3,10.2125000954,9.994252927622611,0.21824716777738828
1842,3,11.8285714558,9.74518525854291,2.0833861972570897
1843,3,10.2304347494,9.83128928225962,0.39914546714038046
1844,3,11.1000000636,9.465701612988562,1.6342984506114373
1845,3,10.5,9.645835763794771,0.8541642362052286
1846,1,12.0,10.020104414156066,1.9798955858439342
1847,1,8.2000002861,10.679665460566252,2.479665174466252
1848,1,11.9666665395,10.314656856193686,1.6520096833063143
1849,1,10.5111110475,9.776920731371066,0.7341903161289345
1850,1,11.0833333333,9.892062407747835,1.1912709255521658
1851,1,9.67999973297,9.894844815051473,0.21484508208147268
1852,1,10.1499996185,10.929533460905962,0.7795338424059608
1853,1,10.1999998093,11.282875742830763,1.0828759335307634
1854,1,10.5,10.053894228456237,0.4461057715437633
1855,2,9.55000019073,9.649749591837637,0.09974940110763697
1856,2,10.5,10.192989715743138,0.3070102842568616
1857,2,9.84999990463,10.08836816601545,0.23836826138544964
1858,2,9.83333333333,9.465875363412398,0.36745796991760216
1859,2,9.35789479707,9.857968241305027,0.5000734442350279
1860,2,11.1200000763,9.423184047678653,1.6968160286213472
1861,2,10.8461539195,9.970218652017326,0.8759352674826744
1862,2,9.80000019073,9.983555620832343,0.1835554301023432
1863,2,10.4099999428,9.347730235795527,1.0622697070044733
1864,2,8.45000004768,9.641400447099784,1.1914003994197842
1865,2,10.0499999523,9.841989816083132,0.2080101362168687
1866,2,12.2000002861,10.048450452822363,2.1515498332776364
1867,5,10.1857141767,9.687916457178584,0.49779771952141516
1868,5,9.0,10.25173416505068,1.2517341650506797
1869,5,8.69999980927,10.250399666072127,1.5503998568021267
1870,5,8.67999992371,9.053491980441242,0.3734920567312425
1871,5,9.75714274815,9.70747309453866,0.04966965361134079
1872,5,11.1499999762,9.658896804142167,1.4911031720578336
1873,5,10.1500000954,9.590383346417696,0.5596167489823038
1874,5,11.3346153773,9.602601215922444,1.7320141613775561
1875,5,9.33999977112,9.235311225745807,0.10468854537419325
1876,5,10.8000001907,10.679171101979154,0.1208290887208463
1877,5,12.3000001907,9.698096658742628,2.6019035319573725
1878,5,9.92857142857,9.504781340639262,0.4237900879307386
1879,5,8.74545435472,9.78801320131119,1.0425588465911897
1880,5,9.36666679382,10.023473248086948,0.6568064542669472
1881,5,11.9971429007,9.57878158356771,2.4183613171322893
1882,5,11.0857143402,10.042067676610738,1.0436466635892607
1883,5,8.88750016689,10.212672052386248,1.325171885496248
1884,5,11.2333332698,10.730851241383192,0.5024820284168072
1885,5,10.0500001907,9.467241813379015,0.5827583773209852
1886,5,9.93333339691,9.441411958819483,0.49192143809051636
1887,5,10.6999998093,9.808233543242974,0.8917662660570258
1888,5,10.8874999285,9.78270919833868,1.1047907301613211
1889,5,10.7333332698,9.514675461419401,1.2186578083805983
1890,5,11.7882352717,10.925644982916841,0.8625902887831582
1891,4,10.2461538315,8.738519839416051,1.5076339920839477
1892,4,9.26250004768,8.648334647911083,0.6141653997689165
1893,4,11.4882353614,8.652946139875729,2.8352892215242704
1894,4,8.29999987284,9.102388653074515,0.802388780234514
1895,4,9.93030311122,9.322072178420553,0.6082309327994473
1896,4,11.6999998093,8.537148366963425,3.1628514423365743
1897,4,10.9333333969,10.146118105664904,0.7872152912350963
1898,4,9.98571436746,9.034035132086718,0.9516792353732821
1899,4,10.5,9.258875237373484,1.2411247626265158
1900,4,11.4500000477,10.576284962434677,0.8737150852653226
1901,4,8.39999961853,8.941308861022673,0.5413092424926731
1902,4,11.0,9.570674459560456,1.4293255404395442
1903,4,11.1000003815,9.557285663612072,1.542714717887927
1904,4,11.0199998856,9.39599325816112,1.624006627438881
1905,4,12.5999999046,9.884212661814328,2.715787242785673
1906,5,8.67499995232,10.218613268442748,1.543613316122748
1907,5,10.8181819049,9.896877010256674,0.9213048946433258
1908,5,11.0673912504,17.210887276845458,6.143496026445458
1909,4,9.08888891008,8.251871436724723,0.8370174733552762
1910,4,8.7000002861,8.614508688070273,0.08549159802972639
1911,4,8.29999995232,8.411659202006259,0.11165924968625873
1912,4,8.28000001907,8.465873106129786,0.185873087059786
1913,4,6.89999993642,7.526984114344705,0.6269841779247045
1914,4,8.80000019073,8.5513096725935,0.2486905181364989
1915,4,5.95000004768,7.648708775543267,1.6987087278632673
1916,4,8.75,8.431904331814362,0.31809566818563795
1917,4,6.84285712242,7.583196619206122,0.7403394967861221
1918,4,7.09999990463,8.447586619672483,1.3475867150424836
1919,4,8.45555559794,8.357298175267388,0.09825742267261184
1920,4,8.5428571701,8.698776892099886,0.15591972199988646
1921,2,7.97500002384,9.0320541120396,1.0570540881995996
1922,2,9.30000019073,9.103103443167264,0.1968967475627359
1923,2,10.4500002861,8.473996066273983,1.9760042198260166
1924,2,7.33750003576,9.344122821578328,2.006622785818328
1925,2,5.80000019073,8.433824795152056,2.633824604422056
1926,2,7.51666665077,8.342196013778352,0.8255293630083518
1927,2,7.92857159887,8.737525595744742,0.8089539968747426
1928,2,6.38000001907,8.445904824527972,2.065904805457972
1929,2,9.84999990463,8.337737220137935,1.5122626844920646
1930,2,10.8999996185,9.695879399197613,1.2041202193023874
1931,2,8.19999985695,8.310996636195057,0.11099677924505613
1932,1,11.1500000954,10.7521808252373,0.39781927016269947
1933,1,8.49047619956,10.428365959655883,1.9378897600958833
1934,1,6.33333333333,8.206773477491835,1.873440144161835
1935,1,7.85000014305,9.317808978774796,1.4678088357247958
1936,1,9.44999980927,9.648806852082702,0.19880704281270134
1937,1,5.86666663488,8.279171166023122,2.4125045311431226
1938,1,6.80000019073,8.586828886201081,1.7868286954710815
1939,1,11.5249998569,10.326162560521833,1.1988372963781657
1940,1,6.20000004768,8.651249787948316,2.4512497402683167
1941,1,11.3000001907,9.279239831958503,2.020760358741498
1942,1,8.26666673024,9.342432468196275,1.0757657379562744
1943,1,7.0,9.55662621001041,2.5566262100104105
1944,1,8.39999961853,8.683265029090489,0.2832654105604888
1945,4,11.4199998856,9.382291218005193,2.0377086675948064
1946,4,6.66000003815,8.252113498137899,1.5921134599878988
1947,4,7.85000014305,8.263861119573367,0.41386097652336673
1948,4,7.5,7.534589109213561,0.03458910921356129
1949,4,8.56000003815,7.905020074949036,0.6549799632009634
1950,4,6.71999999682,7.957724995891614,1.237724999071614
1951,4,8.59999990463,9.077491595545801,0.47749169091580157
1952,4,7.19999980927,6.088767511898066,1.1112322973719344
1953,4,7.44999980927,7.50583588042313,0.05583607115312983
1954,4,7.63333336512,7.68303346392797,0.04970009880796944
1955,4,8.1999999455,8.25721957867762,0.057219633177620466
1956,4,7.84000000954,8.194112209172669,0.35411219963266927
1957,4,7.96000003815,8.300393577079056,0.34039353892905666
1958,4,9.91428565979,8.411014299065055,1.5032713607249448
1959,4,7.29999983311,8.131717118875898,0.8317172857658974
1960,4,8.16666678588,8.68505987053544,0.5183930846554397
1961,1,8.17142854418,9.457700950097085,1.2862724059170851
1962,1,7.36666663488,8.921332245847594,1.5546656109675947
1963,1,7.86250007153,8.772814565724293,0.9103144941942922
1964,1,8.10000006358,9.41598063971668,1.3159805761366812
1965,1,7.48000001907,8.939477576100643,1.4594775570306426
1966,1,7.55999994278,8.651228440388431,1.091228497608431
1967,1,6.79999995232,8.60944002999104,1.8094400776710398
1968,1,6.73999996185,8.161729159653797,1.4217291978037974
1969,1,8.67499995232,9.152825073034563,0.47782512071456296
1970,1,7.58333341281,8.63064798373063,1.047314570920629
1971,1,7.97500014305,9.128284741619506,1.1532845985695062
1972,1,8.00000011921,9.712055977844965,1.7120558586349652
1973,1,9.25,9.514398676582925,0.2643986765829247
1974,1,6.75000002384,9.251173707098756,2.501173683258756
1975,1,8.00000015895,8.489652307499346,0.4896521485493466
1976,5,6.125,10.280558173639275,4.155558173639275
1977,5,7.31666668256,9.502336564358343,2.1856698817983427
1978,5,7.10000014305,10.398140194196118,3.2981400511461185
1979,5,9.25,9.356245725710636,0.10624572571063595
1980,5,6.06666660309,9.541651895980376,3.474985292890376
1981,5,8.29999987284,9.11684721520027,0.8168473423602691
1982,5,7.77500009537,9.308569628347257,1.533569532977257
1983,5,5.79999995232,10.609565148527974,4.8095651962079735
1984,5,6.30000019073,10.734137076460524,4.434136885730524
1985,5,11.3999996185,11.946963005249307,0.5469633867493062
1986,5,11.3285714558,11.078906857387445,0.24966459841255606
1987,5,12.1692307546,11.653825899425483,0.5154048551745163
1988,5,9.68124997616,11.247885021181407,1.5666350450214068
1989,5,11.3200000763,11.231972373086286,0.08802770321371334
1990,5,11.6999998093,12.001366665840528,0.30136685654052897
1991,5,11.7000000817,11.296231380624596,0.4037687010754052
1992,5,11.1999998093,11.257430227070294,0.057430417770294895
1993,5,10.9000001907,11.604879364243391,0.7048791735433912
1994,5,8.91818178784,11.495971259347762,2.577789471507762
1995,5,7.50833340486,10.185534167641261,2.6772007627812613
1996,5,11.4300000191,11.489721937871796,0.05972191877179611
1997,5,11.5333334605,11.790641353687313,0.2573078931873134
1998,4,11.2599999428,12.505720280924828,1.245720338124828
1999,4,11.3999996185,11.683282775402835,0.2832831569028347
2000,4,12.0300000191,12.160124846066637,0.13012482696663774
2001,4,11.5,12.506174104649071,1.0061741046490713
2002,4,11.4833332698,11.214622247329698,0.2687110224703009
2003,4,11.7565216811,11.280100900840091,0.4764207802599092
2004,4,12.7249997854,13.349242609642245,0.6242428242422449
2005,4,11.4499998093,11.749873932990724,0.2998741236907243
2006,2,12.0599999905,12.51911552664653,0.45911553614653045
2007,2,12.5454544588,12.749074262022724,0.20361980322272366
2008,2,13.8240000153,13.026151579253632,0.7978484360463671
2009,2,11.5,12.357887213819673,0.8578872138196729
2010,2,11.6000003815,12.28804670515945,0.6880463236594512
2011,1,12.8000000636,12.656178007731384,0.14382205586861652
2012,1,9.78333338102,11.81617160381801,2.0328382227980093
2013,1,11.4199998856,11.871601073093313,0.45160118749331346
2014,1,12.6666666667,12.50450364039091,0.16216302630908963
2015,1,12.8923077217,12.01425563434681,0.8780520873531898
2016,1,11.3999996185,11.902418568769006,0.5024189502690053
2017,1,12.0692308132,12.067015871953226,0.002214941246775126
2018,1,11.3333333333,14.293211061411101,2.959877728111101
2019,1,13.7272727273,12.141311394178528,1.5859613331214728
2020,1,12.1333333121,11.833075396953124,0.30025791514687583
2021,1,11.8000001907,12.59367784752524,0.7936776568252402
2022,1,7.09999990463,9.662736019528902,2.562736114898902
2023,2,9.06666670905,10.54935297658719,1.48268626753719
2024,2,11.9000000954,12.100713030900195,0.20071293550019575
2025,2,11.1666666667,11.887677893462351,0.7210112267623519
2026,2,13.6499999364,12.109803921975029,1.5401960144249713
2027,2,11.9736841101,12.05715202858047,0.0834679184804692
2028,2,12.3264706135,13.278005548347942,0.9515349348479418
2029,2,11.0285713332,12.207279094883308,1.1787077616833077
2030,2,11.3499999046,12.515319541047274,1.1653196364472738
2031,2,11.3000001907,12.027561829920348,0.7275616392203474
2032,2,10.0750000477,12.159343359978699,2.0843433122786994
2033,2,10.4714285987,12.14826518287158,1.6768365841715802
2034,2,10.9428571065,11.958607194738335,1.0157500882383346
2035,2,11.6000003815,12.267798236712693,0.6677978552126937
2036,2,7.65714297976,11.711320550058462,4.054177570298462
2037,2,10.8999996185,11.721867395065495,0.8218677765654938
2038,2,10.8399999619,12.890430543435139,2.0504305815351387
2039,2,13.0333334605,12.060525750273879,0.972807710226121
2040,2,10.9064515637,12.549052082531091,1.6426005188310917
2041,2,11.4499998093,12.24143758325311,0.7914377739531098
2042,2,9.60169491525,11.947986687166475,2.3462917719164746
2043,2,10.5,11.891925377700991,1.391925377700991
2044,2,11.0666666031,11.972234934025453,0.905568330925453
2045,2,13.8833333121,11.996577780837502,1.886755531262498
2046,2,10.9500000477,12.521664515516667,1.5716644678166674
2047,2,10.9000000954,12.42546517344486,1.52546507804486
2048,2,9.75999984741,12.141700973638267,2.3817011262282666
2049,2,11.9749999046,12.239345618871868,0.26434571427186704
2050,2,11.3624999523,12.024907011004187,0.6624070587041864
2051,2,11.2937499881,12.127530184092386,0.8337801959923858
2052,2,10.3826923187,12.115602290382203,1.7329099716822025
2053,2,10.9499998093,11.862105951369248,0.9121061420692484
2054,2,11.2702702703,12.313637192578337,1.043366922278338
2055,2,11.0333334605,12.00089053839342,0.9675570778934208
2056,2,11.6000000636,12.091654920516792,0.4916548569167922
2057,2,7.36666663488,10.681926174266653,3.3152595393866537
2058,2,10.8499999046,12.218986537236281,1.3689866326362807
2059,5,12.2800001144,12.016135291141724,0.26386482325827565
2060,4,7.18333323797,10.282798874474912,3.0994656365049114
2061,5,12.2592591886,12.941323755165989,0.6820645665659892
2062,5,10.8666667938,11.33372574884275,0.4670589550427504
2063,5,11.9307692601,11.589190497961988,0.3415787621380115
2064,5,10.5,11.837319564043973,1.3373195640439732
2065,5,11.5625000596,11.900329437620021,0.33782937802002166
2066,5,12.0,11.814115668933098,0.1858843310669016
2067,5,11.3500001431,12.130135376527846,0.7801352334278455
2068,5,7.75161290938,9.853329192339814,2.1017162829598135
2069,4,8.90408167547,11.327506556865204,2.4234248813952046
2070,4,10.5428573063,11.427535078167987,0.8846777718679864
2071,4,10.9166665077,11.159670162833034,0.2430036551330339
2072,4,11.1999998093,11.757689709043547,0.5576898997435471
2073,4,11.1000000636,11.489499811962983,0.38949974836298296
2074,4,10.591666619,12.219236001979787,1.6275693829797877
2075,4,11.3428570884,13.499740574457894,2.156883486057893
2076,4,11.5,11.744627494411734,0.24462749441173415
2077,4,11.4038461538,11.995058240990879,0.591212087190879
2078,3,12.4842105665,11.580435663933399,0.9037749025666013
2079,3,13.8285715921,11.067308357087478,2.761263235012521
2080,3,11.6000003815,11.310617540219635,0.2893828412803643
2081,3,11.2999997139,10.997473455418021,0.3025262584819792
2082,3,7.33636361902,10.015334524906569,2.678970905886569
2083,3,10.875,11.349464820937623,0.474464820937623
2084,3,11.0,11.175551272858675,0.17555127285867478
2085,3,11.2749998569,12.12702933136958,0.85202947446958
2086,3,10.5600000381,11.181566163699676,0.6215661255996761
2087,3,7.36923074722,9.989980781794763,2.6207500345747636
2088,3,13.4285711561,11.241366950436797,2.1872042056632033
2089,3,11.2299999237,11.35637298524792,0.12637306154791972
2090,2,11.3400001526,12.920112193844998,1.5801120412449983
2091,2,10.8918918919,12.124270534282019,1.2323786423820184
2092,2,11.0666666031,12.490003386203565,1.423336783103565
2093,2,12.0000001362,12.596115664159774,0.596115527959773
2094,2,11.8999998569,12.105555289472022,0.20555543257202302
2095,2,11.0846154873,12.772131245329,1.687515758028999
2096,2,10.6000003815,12.237810463731707,1.6378100822317077
2097,2,10.8999996185,12.476874549429384,1.5768749309293835
2098,2,11.4235294566,11.89308048963389,0.46955103303388945
2099,2,11.1000000238,12.126470180807576,1.0264701570075765
2100,5,12.0421053234,12.07746121809179,0.03535589469179001
2101,5,11.25,12.132077675239511,0.8820776752395112
2102,5,11.5275862464,11.487676373103895,0.0399098732961054
2103,5,11.3000001907,11.592626460752623,0.2926262700526223
2104,5,12.9900001049,11.782139499076646,1.2078606058233543
2105,5,11.5083333651,12.008840060589742,0.5005066954897419
2106,5,11.0,11.659367551349604,0.6593675513496038
2107,5,10.4470587338,12.365545920022871,1.9184871862228707
2108,5,12.6380952805,12.71285087367757,0.07475559317757074
2109,1,12.2,12.215320646321294,0.015320646321294262
2110,1,10.6999998093,12.274294983468193,1.5742951741681939
2111,1,11.5333331426,12.162041264198738,0.6287081215987378
2112,1,12.8702702909,12.66196896287933,0.2083013280206707
2113,1,10.9250001907,11.413358396183193,0.488358205483193
2114,1,11.2000001272,11.630255445058767,0.4302553178587676
2115,1,11.0562500656,11.773874795257681,0.7176247296576808
2116,1,11.0500001907,11.733155413545816,0.6831552228458158
2117,1,7.07499998808,10.043892416103386,2.968892428023386
2118,1,10.8374998569,11.986248500960679,1.1487486440606798
2119,1,11.1999998093,11.21609211787343,0.01609230857343036
2120,1,12.4555555979,11.970180069266348,0.48537552863365185
2121,4,13.1333332062,12.092461182439312,1.0408720237606879
2122,4,10.2083332539,10.970502841587411,0.7621695876874117
2123,4,10.0119998932,11.833716783248752,1.8217168900487515
2124,4,13.4506493482,12.735436908878569,0.7152124393214319
2125,4,11.7999998728,11.418238914575593,0.38176095822440814
2126,4,8.07083340486,11.188202031745316,3.117368626885316
2127,4,12.8230770184,12.711318565300326,0.11175845309967336
2128,4,12.188235339,12.012774260633538,0.17546107836646208
2129,4,10.7666665713,11.566703047523335,0.800036476223335
2130,4,11.5625000397,11.921130794118682,0.358630754418682
2131,4,11.6999998093,11.38695577683788,0.31304403246211976
2132,4,11.7857141495,11.856872620922172,0.07115847142217113
2133,3,12.4642856462,11.289875200534622,1.1744104456653783
2134,3,12.7263159501,11.64838205703156,1.0779338930684403
2135,3,10.9125001431,10.96803808654226,0.05553794344225871
2136,3,11.4999996821,11.998379836286746,0.4983801541867461
2137,3,11.3499999046,11.357125499638883,0.007125595038882437
2138,3,9.86913578599,11.506883134938423,1.637747348948423
2139,3,11.25,11.251496915743264,0.001496915743263827
2140,3,10.9249999523,10.982433116127863,0.0574331638278629
2141,3,13.1419354562,11.73456531765996,1.4073701385400401
2142,3,11.1333332062,11.60497600598933,0.4716427997893309
2143,3,10.4999997616,11.182991615272982,0.6829918536729824
2144,3,8.23157895239,10.60107923885483,2.369500286464829
2145,3,11.7600000381,11.432640347713662,0.32735969038633783
2146,3,10.9333333969,12.677999006781254,1.7446656098812543
2147,3,11.8777777354,11.776836295689918,0.10094143971008229
2148,3,10.5875000954,10.917531182450233,0.33003108705023365
2149,3,11.5,11.231808738405833,0.2681912615941666
2150,3,10.9749999046,11.44128165215804,0.466281747558039
2151,3,9.70769229302,11.02011970028521,1.3124274072652113
2152,3,11.9545453678,11.368232361507708,0.5863130062922917
2153,3,10.8750000795,11.202841491494402,0.3278414119944024
2154,3,10.6500000954,11.195496692658988,0.5454965972589889
2155,1,12.7666664124,11.384051555018363,1.3826148573816361
2156,1,12.7000000212,11.523796571097034,1.1762034501029657
2157,1,11.2406250834,11.794033876541715,0.5534087931417151
2158,1,13.7600001335,11.95066372369777,1.8093364098022295
2159,1,11.0599998474,12.314124050905738,1.2541242035057376
2160,1,10.5799998283,12.101647667343528,1.5216478390435277
2161,2,11.1380952199,12.242365636563145,1.1042704166631445
2162,2,12.7833334605,13.172711848452131,0.38937838795213153
2163,2,10.9100000381,12.496851977099883,1.5868519389998834
2164,2,10.8818182512,11.898697157756915,1.016878906556915
2165,2,9.76923073255,12.42500521816837,2.6557744856183696
2166,2,11.0384614651,12.239366843231211,1.2009053781312122
2167,3,10.9950000525,11.657686160427533,0.6626861079275326
2168,3,13.1399999619,11.068200631792063,2.071799330107936
2169,3,13.4,12.168537017405406,1.2314629825945946
2170,3,7.33999996185,10.455495455181905,3.1154954933319052
2171,3,11.2250001431,11.76645389529364,0.5414537521936396
2172,3,12.7906250358,11.264641747703635,1.5259832880963646
2173,3,10.7333335876,11.844080688326692,1.110747100726691
2174,3,10.8999996185,11.322637694742108,0.4226380762421069
2175,3,11.25,11.016192188145844,0.233807811854156
2176,3,12.3150685193,11.534526397227918,0.7805421220720827
2177,3,11.1428571429,11.508183839333277,0.36532669643327687
2178,4,12.0600000381,11.926341102907145,0.1336589351928552
2179,4,11.5,11.663894248398211,0.16389424839821132
2180,4,10.8874999285,11.020133497806553,0.13263356930655235
2181,4,12.5800000191,11.802109834582298,0.7778901845177018
2182,4,12.6249998808,11.586359505866609,1.038640374933392
2183,4,11.0,11.468710606406203,0.4687106064062032
2184,4,13.507692337,12.5650138485068,0.9426784884932005
2185,4,10.0833334923,11.096740209798595,1.0134067174985955
2186,4,10.5833334923,11.214297136212842,0.6309636439128425
2187,4,10.8636363636,11.830656521532235,0.967020157932236
2188,4,12.0333334605,11.107540534593571,0.9257929259064284
2189,4,11.3000001907,11.874086402277198,0.5740862115771979
2190,4,11.5999999728,10.820002431226287,0.7799975415737119
2191,4,7.37241383257,10.30304059725619,2.93062676468619
2192,4,10.7,11.943092174272563,1.2430921742725634
2193,3,8.66896556986,10.755794220095531,2.0868286502355318
2194,3,11.0333331426,11.00742820315889,0.025904939441110386
2195,3,11.9399999619,11.338754394404294,0.601245567495706
2196,3,10.8600000381,11.283894653150787,0.42389461505078607
2197,3,13.4360000229,11.940345660208253,1.495654362691747
2198,3,11.1999999682,11.112443072341808,0.08755689585819226
2199,3,11.0,11.071752861914614,0.07175286191461439
2200,3,12.0,11.346519641792117,0.653480358207883
2201,3,11.3666664759,12.260617194344487,0.8939507184444864
2202,3,12.2000000278,11.094025767311958,1.1059742604880416
2203,3,11.0349999428,10.981256233041146,0.05374370975885512
2204,3,7.35000002384,9.885352466092716,2.535352442252716
2205,3,7.85000007493,9.911115226675857,2.0611151517458577
2206,1,10.5750000477,12.109953478682929,1.5349534309829291
2207,1,8.98000011444,10.964070211950558,1.9840700975105587
2208,1,11.0333334605,11.798509077641306,0.7651756171413062
2209,1,11.4166665077,12.438774145741249,1.0221076380412484
2210,1,10.6,11.651168940769416,1.0511689407694167
2211,1,11.5,11.931030590952272,0.4310305909522718
2212,1,12.7875000238,12.31843268886723,0.4690673349327703
2213,1,11.3500000954,11.495883403745243,0.1458833083452422
2214,1,10.2428571156,12.993502809962994,2.750645694362994
2215,1,10.9666665395,12.117869764126254,1.1512032246262542
2216,1,10.8499997457,12.035324605997719,1.1853248602977189
2217,1,11.3999998093,13.462520310575574,2.062520501275573
2218,3,10.7571428844,11.06593933185418,0.30879644745417956
2219,3,12.4142856598,11.337913053244653,1.0763726065553474
2220,3,8.3400001049,10.387105814401217,2.047105709501217
2221,3,10.294736812,11.178209013574396,0.8834722015743957
2222,3,17.299999942,15.470217507768448,1.8297824342315518
2223,3,12.1666666667,12.773335220639044,0.6066685539390448
2224,3,10.6666666667,11.195823923703113,0.5291572570031136
2225,3,14.8699998856,12.946449479460892,1.9235504061391087
2226,3,12.685714313,13.233839976826129,0.5481256638261289
2227,3,17.1250004768,12.405739765279566,4.719260711520434
2228,3,14.3666664759,13.863081450877354,0.5035850250226463
2229,3,17.0124996901,13.257031960648003,3.755467729451997
2230,3,9.7411110984,13.82185925128052,4.0807481528805205
2231,3,15.0,14.327815154729766,0.6721848452702339
2232,3,15.8327869665,13.713797289300844,2.1189896771991563
2233,3,16.9714284624,13.713085971976259,3.2583424904237397
2234,3,12.3499999046,12.844697319153529,0.4946974145535279
2235,3,16.2249999046,11.844897976164395,4.3801019284356055
2236,3,16.0,14.37806767252946,1.6219323274705406
2237,3,10.7642856325,11.285902503548481,0.5216168710484812
2238,3,16.1629631254,13.240927081509874,2.9220360438901274
2239,2,16.4599996567,15.801362466868763,0.6586371898312358
2240,2,15.4571429661,15.29298265008939,0.16416031601060865
2241,2,17.0199996948,14.866866169134981,2.1531335256650177
2242,2,15.2333335876,14.425970206232096,0.8073633813679049
2243,2,17.4000005722,15.609003348134534,1.7909972240654657
2244,2,11.8467290201,15.488248714138287,3.641519694038287
2245,2,10.7388888995,14.091601635552077,3.3527127360520783
2246,2,14.6048780767,15.008662622003213,0.4037845453032123
2247,2,13.192307729,12.75143252113943,0.4408752078605698
2248,2,17.2999992371,15.279555976111975,2.0204432609880243
2249,2,13.6,15.068507849301652,1.468507849301652
2250,2,11.0692306665,14.813634233887838,3.744403567387838
2251,2,15.3857142585,14.466519185471627,0.9191950730283729
2252,2,15.5500001907,15.4487359695791,0.10126422112089983
2253,2,15.4666668574,16.228802487020864,0.7621356296208646
2254,5,16.6185184761,15.504904546949223,1.1136139291507767
2255,5,16.699999896,14.363571622034952,2.3364282739650495
2256,5,15.9333333969,15.306593716637712,0.626739680262288
2257,5,11.5374999046,14.179051464634213,2.6415515600342125
2258,5,16.5285715376,14.270566223578843,2.2580053140211582
2259,5,11.6833333174,14.360043871154769,2.676710553754768
2260,5,12.1928571974,14.160538781229462,1.967681583829462
2261,5,16.914285569,14.362443344594634,2.551842224405366
2262,5,16.4166666667,15.621979458501968,0.794687208198031
2263,5,14.4600002289,14.870715869616438,0.41071564071643785
2264,5,18.1000003815,14.958537648173404,3.1414627333265948
2265,5,16.3833335241,15.611008875527187,0.7723246485728126
2266,5,16.0250000954,16.877500578470276,0.8525004830702763
2267,5,15.2785715376,15.742061460334009,0.46348992273400924
2268,5,14.3285714558,15.252235435306831,0.9236639795068307
2269,5,14.5166667302,14.589677990821176,0.07301126062117547
2270,5,13.9192307546,16.331170937225888,2.411940182625889
2271,5,15.2400001526,14.561687394500598,0.678312758099402
2272,4,12.8121951499,13.780484284083755,0.9682891341837543
2273,4,14.4333333969,12.811314333585038,1.622019063314962
2274,4,14.3000001907,13.170562467148375,1.129437723551625
2275,4,15.8333332274,15.241268152793264,0.5920650746067366
2276,4,16.0588235014,14.954609601693472,1.1042138997065276
2277,4,12.8535714149,13.513428159317701,0.6598567444177021
2278,4,17.6615386376,15.993649552150128,1.6678890854498718
2279,4,13.770270296,14.066836048164506,0.296565752164506
2280,4,11.9749999046,13.16002914186576,1.1850292372657591
2281,4,12.6888890266,14.144818387409856,1.455929360809856
2282,4,15.9571426937,14.47991948900946,1.4772232046905405
2283,4,13.9000000703,13.897680944326641,0.0023191259733597036
2284,4,15.2400001526,13.259603053433484,1.9803970991665167
2285,4,16.4499998093,15.312651373616868,1.1373484356831316
2286,4,14.5,13.976348855277637,0.5236511447223631
2287,4,11.8499999046,13.737646552250785,1.8876466476507847
2288,5,14.9000000954,15.102548309946126,0.20254821454612681
2289,5,14.7863636017,16.5907706396116,1.8044070379115986
2290,5,13.6461538902,16.228388413037948,2.582234522837947
2291,5,14.0047619002,15.524891485568494,1.520129585368494
2292,5,14.2000000337,15.664719063807006,1.4647190301070054
2293,5,13.486666743,16.564899740702185,3.078232997702184
2294,5,12.7199998856,14.177723052204712,1.457723166604712
2295,5,15.2285714831,14.221080552788951,1.0074909303110484
2296,5,14.0428570339,14.247034252363278,0.2041772184632773
2297,5,14.2000001272,14.490614774393192,0.29061464719319297
2298,5,16.4500001272,16.89552546400714,0.44552533680714035
2299,5,13.6600000381,14.431434251823182,0.7714342137231824
2300,5,13.2999999523,14.049842438444417,0.7498424861444164
2301,5,16.4285714286,16.368507584200522,0.06006384439947965
2302,5,15.4125001431,15.690278329779206,0.27777818667920506
2303,5,13.7000002861,14.427019796145764,0.7270195100457642
2304,5,15.0416667461,15.488610044145677,0.44694329804567623
2305,5,13.7999998728,13.508673492825093,0.2913263799749082
2306,1,14.1999999046,13.130463350771622,1.069536553828378
2307,1,14.9111110899,13.644787820700854,1.2663232691991464
2308,1,16.4000000954,16.23534581433373,0.16465428106626945
2309,1,16.2000001272,15.540295376296449,0.6597047509035505
2310,1,16.8818182512,16.580592043890622,0.30122620730937655
2311,1,15.8124998808,13.536308002168536,2.276191878631465
2312,1,14.6399998665,15.240976477384205,0.6009766108842047
2313,1,17.1700000127,16.171490014862332,0.9985099978376688
2314,1,12.933333238,14.502161412176383,1.5688281741763834
2315,1,15.2437499166,13.94832195236124,1.29542796423876
2316,1,16.7666664124,15.424004006498729,1.3426624059012706
2317,1,14.8499999046,15.516915864667226,0.6669159600672252
2318,1,15.5250000954,15.222871998737602,0.3021280966623969
2319,1,15.7300000191,15.47398863851758,0.2560113805824198
2320,1,16.2666664124,15.774724315118055,0.49194209728194416
2321,1,16.2000007629,15.263014578204807,0.9369861846951935
2322,1,15.7250001431,15.659111556629334,0.06588858647066687
2323,1,11.6166667144,14.078850070423877,2.4621833560238766
2324,1,15.8875000477,13.72818895949663,2.159311088203369
2325,1,15.0199999809,14.71203678693589,0.30796319396410965
2326,2,15.0,15.485541312053545,0.4855413120535452
2327,2,11.4785715512,15.18849269688429,3.709921145684291
2328,2,14.9000000954,14.769012089945841,0.13098800545415834
2329,2,10.5666666031,12.791535056631766,2.2248684535317658
2330,2,15.585714204,15.737383586492001,0.1516693824920008
2331,2,16.2499998093,14.733346346338564,1.516653462961436
2332,2,15.8666667938,16.383180307669647,0.5165135138696471
2333,2,12.1800001144,14.454022987323643,2.274022872923643
2334,2,16.5000003179,16.38702114531608,0.11297917258391976
2335,2,12.052941154,14.940623781790247,2.8876826277902463
2336,2,14.4,15.448638719538334,1.0486387195383333
2337,2,11.4000001907,14.28252651569422,2.8825263249942203
2338,2,13.262857151,16.452133522212026,3.189276371212026
2339,2,15.1333332062,17.743610135625687,2.6102769294256873
2340,2,13.8499997457,13.989777674761203,0.13977792906120357
2341,2,16.4555557039,16.068025166785905,0.38753053711409535
2342,5,15.7833334605,15.542735367887062,0.24059809261293807
2343,5,14.7785714694,14.513480703889426,0.265090765510573
2344,5,13.6500000954,15.289855905044863,1.6398558096448639
2345,5,13.1799999237,15.928274707325832,2.748274783625831
2346,5,11.3124998808,14.061447290725303,2.748947409925302
2347,5,15.9444445504,15.858681565846604,0.08576298455339604
2348,5,15.9599998474,15.371864749329877,0.5881350980701239
2349,5,15.2000001272,16.147036538079877,0.9470364108798783
2350,5,14.6000003815,14.838904616454936,0.23890423495493707
2351,5,15.3499999046,16.08218431452887,0.7321844099288697
2352,5,11.8000001907,14.776885592810745,2.976885402110744
2353,5,12.060714313,15.016115110574278,2.9554007975742778
2354,5,11.9727272554,14.913012763903954,2.940285508503953
2355,4,11.6833333969,12.939673568627832,1.2563401717278317
2356,4,12.3250000477,11.766702621353321,0.5582974263466784
2357,4,16.45,13.705538155546222,2.7444618444537774
2358,4,15.3499999046,14.352943738867888,0.9970561657321131
2359,4,15.7400000254,14.969147513725568,0.7708525116744323
2360,4,15.816666762,14.585539356638677,1.231127405361324
2361,4,15.2999998728,14.608275235841347,0.6917246369586536
2362,4,14.8000000318,13.969003775419809,0.8309962563801907
2363,4,17.2999992371,14.60623940022663,2.6937598368733706
2364,4,15.0307692014,14.763904479621907,0.2668647217780933
2365,4,15.9250001907,14.754106199122784,1.1708939915772163
2366,4,13.9199998856,13.984351009314278,0.0643511237142782
2367,4,15.4333335029,14.003478921668611,1.429854581231389
2368,5,15.4545453678,17.187933425292144,1.733388057492144
2369,5,14.8000001907,14.686474788932996,0.11352540176700465
2370,5,13.9600002289,14.836149934953642,0.8761497060536421
2371,5,14.5666666031,14.268186832577738,0.2984797705222615
2372,5,15.7750000954,15.936866222594697,0.16186612719469728
2373,5,15.6000000636,16.0820184389953,0.4820183753952989
2374,5,13.9249999523,14.873505437353911,0.9485054850539107
2375,5,13.7307692308,13.546289110600608,0.18448012019939242
2376,5,12.8357143062,15.270161160652917,2.4344468544529168
2377,5,16.0000001589,16.74712230683053,0.7471221479305292
2378,5,15.8333333333,14.721324590618662,1.112008742681338
2379,5,11.8619047801,14.823938120293151,2.962033340193152
2380,5,13.7000001907,14.725837536276986,1.025837345576985
2381,5,15.5263157895,15.75918796753478,0.23287217803478022
2382,5,16.8833332062,15.76921862448134,1.1141145817186597
2383,2,17.008108139,14.344590961679522,2.663517177320479
2384,2,16.0571430751,16.295549085376265,0.23840601027626462
2385,2,11.5500000318,14.05058530854616,2.5005852767461594
2386,2,15.8249999285,14.953243644567133,0.8717562839328679
2387,2,11.1400000572,13.840055101610687,2.7000550444106874
2388,2,14.1749999523,13.246428585595847,0.9285713667041531
2389,2,14.9400001526,15.1153507805823,0.17535062798230072
2390,2,13.3428570884,15.629065536156862,2.286208447756861
2391,2,15.7750003338,15.932843742231437,0.15784340843143774
2392,2,10.5999999728,13.253035424557968,2.653035451757969
2393,2,11.6000000636,15.033004323836684,3.433004260236684
2394,2,13.3363637057,14.697012059971811,1.3606483542718113
2395,2,11.411764762,14.53178552640206,3.12002076440206
2396,2,16.9666662216,16.829302160010503,0.13736406158949777
2397,2,11.1266665141,14.590167863911088,3.4635013498110876
2398,1,16.6999996185,15.179683203911688,1.5203164145883132
2399,1,16.6375000477,15.705146641404298,0.9323534062957037
2400,1,14.9285713605,16.022419348901746,1.0938479884017465
2401,1,13.4416666031,13.98849388940177,0.5468272863017702
2402,1,11.5384614651,13.889919436938758,2.3514579718387587
2403,1,14.6500000954,15.301021585995858,0.6510214905958591
2404,1,14.7000001272,14.697006785401737,0.0029933417982626054
2405,1,16.1600000381,15.828769346856959,0.33123069124304294
2406,1,15.3874999285,15.91279063682818,0.5252907083281801
2407,1,14.7999999523,14.833349429979698,0.03334947767969787
2408,1,18.2833331426,15.583343916520441,2.699989226079559
2409,1,14.3000000545,15.503974034265362,1.2039739797653617
2410,1,12.5517241708,15.16176098173092,2.6100368109309198
2411,1,15.0250000954,14.541665364272802,0.48333473112719716
2412,1,14.5,14.98612700328875,0.48612700328875036
2413,1,15.5000003179,15.727977093348112,0.2279767754481128
2414,1,16.4249997139,16.123590777577295,0.30140893632270505
2415,1,13.9500000477,14.450294214837676,0.5002941671376764
2416,1,16.6142861503,15.095985076372703,1.5183010739272973
2417,1,14.3909091082,13.880289979213407,0.510619128986594
2418,1,15.0666666826,14.973025038534383,0.0936416440656167
2419,1,12.399999891,14.677675223991516,2.2776753329915156
2420,1,11.4142856598,13.654699793860434,2.2404141340604333
2421,2,11.1944443915,15.17175818648499,3.9773137949849904
2422,2,13.707692293,14.338224690828156,0.6305323978281567
2423,2,12.0999998728,14.827447954736776,2.7274480819367763
2424,2,15.6666663488,15.410013037246287,0.2566533115537126
2425,2,17.2999998728,15.382494452755916,1.917505420044085
2426,2,14.0259258835,15.849205837692564,1.8232799541925644
2427,2,15.3173912712,15.85530558958949,0.5379143183894897
2428,2,15.3900000572,16.17629353720948,0.7862934800094816
2429,2,11.6272727793,12.673836128434946,1.0465633491349458
2430,2,12.8166666826,14.738509745416394,1.9218430628163947
2431,2,13.8388889631,15.435225688793492,1.596336725693492
2432,2,16.4625002146,15.848530272005275,0.6139699425947232
2433,2,17.7777777778,16.791393921712785,0.9863838560872153
2434,2,16.1333335241,15.513995915886106,0.6193376082138933
2435,5,16.7833333015,14.141458365269942,2.6418749362300584
2436,4,16.1444446246,15.486835073754792,0.6576095508452067
2437,4,21.4000000954,16.47391085704755,4.92608923835245
2438,4,15.0409836222,18.652762723500416,3.6117791013004155
2439,4,27.9338028867,24.686823615169878,3.2469792715301224
2440,4,14.204255307,17.255818196730154,3.051562889730153
2441,4,17.9599998474,17.26820685156633,0.6917929958336693
2442,4,14.6242424647,16.058408439236402,1.434165974536402
2443,4,22.7312502861,17.38814490292266,5.343105383177338
2444,4,15.2833332221,15.67694135536582,0.3936081332658201
2445,4,29.3095808315,28.36472083929317,0.9448599922068297
2446,5,13.8631579081,17.929754659570197,4.066596751470197
2447,5,13.4285715648,16.323085446772705,2.8945138819727045
2448,5,26.1416665713,20.306378190235122,5.835288381064878
2449,5,22.5,18.651743902059252,3.848256097940748
2450,5,33.92990203,27.58716802162092,6.342734008379082
2451,5,20.5874999166,17.91655809997738,2.6709418166226193
2452,5,24.2297872178,19.028464326896362,5.201322890903636
2453,5,13.801388873,18.385506483603493,4.584117610603492
2454,5,17.5416665872,17.67819158340745,0.13652499620744862
2455,5,26.3037036472,25.15955960809766,1.1441440391023399
2456,3,24.0342995556,17.17605157613677,6.858247979463229
2457,3,15.3462962398,16.861870261463128,1.515574021663129
2458,3,25.1329113924,20.099793434899958,5.033117957500043
2459,3,18.7299999237,17.47669655380494,1.253303369895061
2460,3,29.0947367685,22.514329033811975,6.580407734688023
2461,3,19.3703705823,17.482728930346045,1.887641651953956
2462,3,16.6777777884,17.60427883579982,0.926501047399821
2463,3,27.9500000954,23.50651868936422,4.4434814060357795
2464,3,29.2233332952,24.532538926286474,4.690794368913526
2465,1,19.7846152966,19.846149768687336,0.06153447208733809
2466,1,24.5757574024,25.122743957853583,0.5469865554535822
2467,1,14.6266666483,18.856296033849958,4.229629385549957
2468,1,26.8571428571,24.43032428113608,2.426818575963921
2469,1,34.7862384341,28.999928815835496,5.786309618264504
2470,1,31.4779005209,25.772020596338713,5.7058799245612875
2471,1,20.4375000397,20.876130877660813,0.4386308379608117
2472,1,29.2849999428,22.754793097496602,6.530206845303397
2473,1,31.7736841503,28.688959003030764,3.0847251472692356
2474,1,20.2770832777,18.662774463636836,1.6143088140631647
2475,1,23.7999998728,18.449199529667922,5.350800343132079
2476,1,24.0636362596,18.58124207959045,5.48239418000955
2477,1,22.9637681712,19.582799959252768,3.380968211947234
2478,1,18.0199998856,18.47115660874347,0.45115672314346966
2479,1,22.9437500238,23.877282370494605,0.933532346694605
2480,1,26.5500001907,20.042572790717095,6.507427399982905
2481,1,19.8142856462,22.244242730774495,2.4299570845744967
2482,1,14.6718750596,18.67872658613878,4.00685152653878
2483,1,24.3333333333,18.994912740199894,5.338420593100107
2484,4,27.3742856707,25.891974003846506,1.4823116668534944
2485,4,14.1325000286,18.076595771805806,3.9440957432058052
2486,4,26.8600002289,20.04026101065518,6.81973921824482
2487,4,23.6137930771,20.102788259880132,3.5110048172198667
2488,4,24.0958334605,21.23665426658192,2.859179193918081
2489,4,26.3675676294,23.422101323798664,2.945466305601336
2490,4,16.5142857069,17.10974161042611,0.5954559035261084
2491,4,18.3785716466,17.14311332281509,1.2354583237849113
2492,4,21.3900001526,16.7287811372238,4.661219015376201
2493,2,28.0,20.874878437287336,7.125121562712664
2494,2,27.6302083929,26.025307296787297,1.6049010961127017
2495,2,30.599999944,26.508574434390496,4.091425509609504
2496,2,30.94,26.354010915765443,4.5859890842345585
2497,2,17.6368419246,18.205809166717643,0.5689672421176439
2498,2,23.6562501192,19.002253657687156,4.653996461512843
2499,2,23.072727319,19.48697587862208,3.585751440377919
2500,2,19.7750000954,17.09402568696808,2.6809744084319185
2501,2,24.5020202097,25.518770784985566,1.0167505752855668
2502,2,26.360000017,25.384603324150348,0.9753966928496531
2503,2,23.4000000424,18.656534025443015,4.743466016956983
2504,2,21.2718750238,19.24285825311752,2.029016770682478
2505,3,23.0181817141,17.027100967045282,5.991080747054717
2506,3,20.6065219382,16.43345202381385,4.173069914386151
2507,3,30.2948717215,25.16753674336509,5.127334978134911
2508,3,19.0999998728,18.625268840014506,0.47473103278549544
2509,3,27.502083381,23.76569463425627,3.736388746743728
2510,3,27.5000001907,23.127806729099092,4.372193461600908
2511,3,30.6650001049,20.759363237471977,9.905636867428022
2512,3,23.0294116525,18.068052024009255,4.961359628490744
2513,3,24.4766665988,18.62735231261107,5.849314286188932
2514,3,28.1999999455,24.518011538805574,3.681988406694426
2515,3,22.6012658469,18.82014589416184,3.781119952738159
2516,3,14.7470588404,15.921316219902506,1.1742573795025066
2517,3,23.7916668256,16.724078872148823,7.067587953451177
2518,3,25.9789475893,22.65593988230922,3.3230077069907793
2519,3,22.3764705097,21.88705077783825,0.4894197318617479
2520,3,14.4854167104,15.70294351958018,1.21752680918018
2521,3,26.1833337148,20.953845095805264,5.229488618994736
2522,3,28.0595745736,24.743317802355385,3.316256771244614
2523,3,17.2921052732,14.847662004007955,2.444443269192046
2524,3,14.8116279203,16.717158919193885,1.9055309988938856
2525,3,28.7225000381,23.88258154104041,4.8399184970595925
2526,3,19.2931706312,20.36107418703623,1.0679035558362315
2527,3,15.6558823586,16.125061546599905,0.4691791879999059
2528,3,24.5736000366,24.625369062265847,0.05176902566584829
2529,3,18.0777777566,18.40366455442997,0.32588679782996977
2530,3,22.179310358,16.36736225384564,5.811948104154357
2531,3,12.9409090389,15.559042289229705,2.6181332503297057
2532,3,12.5333333015,15.9891903313243,3.4558570298242994
2533,3,29.533333381,19.149508560437653,10.383824820562346
2534,3,20.0911764818,17.159248515535932,2.9319279662640696
2535,3,25.0964285306,20.591028005848486,4.505400524751515
2536,3,26.298039268,18.489859277134162,7.808179990865838
2537,3,22.9411763584,17.274941415024003,5.666234943375997
2538,1,16.5050000985,19.90146720052161,3.39646710202161
2539,1,17.6173911717,19.84429674260632,2.2269055709063217
2540,1,20.3397260953,20.040662036107467,0.29906405919253487
2541,1,27.1583334605,22.501299999078324,4.657033461421676
2542,1,16.1926316512,19.99552708347052,3.802895432270521
2543,1,12.3,18.46527591658777,6.16527591658777
2544,1,24.6799999237,21.33708144003044,3.3429184836695605
2545,1,33.9588235967,28.629814274468917,5.329009322231084
2546,1,16.6900001049,18.96508179424222,2.275081689342219
2547,1,20.8066666921,20.504236037990584,0.30243065410941483
2548,1,24.586666743,23.374449023853614,1.212217719146384
2549,1,23.8781249523,24.482180054389403,0.6040551020894043
2550,1,23.1021739296,23.691219628156976,0.5890456985569763
2551,1,21.5380952926,20.590531464811654,0.9475638277883469
2552,1,19.69411749,19.731256813581936,0.03713932358193617
2553,1,23.0875003338,20.36111567607013,2.72638465772987
2554,1,16.4444443385,18.9804548390818,2.5360105005818028
2555,1,19.6428572172,19.684246584390372,0.041389367190372894
2556,1,19.6757142203,20.31424118045269,0.6385269601526886
2557,1,15.5800001144,18.121115687388368,2.5411155729883674
2558,1,23.3948719807,19.777493467566487,3.617378513133513
2559,1,21.454838722,22.7302213899069,1.2753826679069
2560,1,24.6545455239,21.731554284256163,2.9229912396438387
2561,1,17.6666673024,18.30349486435906,0.6368275619590591
2562,1,27.3147825822,23.257020903759503,4.057761678440496
2563,1,17.100000088,18.79023697098425,1.690236882984248
2564,1,24.4558823529,22.735919409915148,1.7199629429848535
2565,1,23.0480519827,22.454739940948386,0.5933120417516129
2566,1,26.5722221269,23.80384963277063,2.7683724941293733
2567,1,25.0500000156,23.07164775080823,1.97835226479177
2568,3,23.7861110369,19.841294096413694,3.944816940486305
2569,3,26.4684210326,22.49356177443279,3.974859258167207
2570,3,14.3800000054,16.11338769023226,1.733387684832259
2571,3,12.8550001144,16.517132049325127,3.662131934925128
2572,3,23.6675674335,22.87386476854335,0.7937026649566512
2573,3,27.9933335622,22.218732186344827,5.774601375855173
2574,3,19.8400001526,15.695587452528384,4.144412700071614
2575,3,23.2285714149,20.652999394109543,2.5755720207904567
2576,2,31.1558557802,20.144088414457745,11.011767365742255
2577,3,20.9754099299,19.43570577010091,1.53970415979909
2578,1,11.9300000191,16.558912598270858,4.6289125791708585
2579,1,13.6999999897,19.48555547981772,5.785555490117719
2580,1,14.5944443809,15.691447528283184,1.0970031473831838
2581,1,17.2499999205,16.42154961968855,0.828450300811447
2582,1,11.4166667302,16.12953332797702,4.712866597777019
2583,1,15.1545456106,14.72549262722013,0.4290529833798704
2584,1,16.3888889949,14.723494057747747,1.6653949371522536
2585,1,11.7153845934,15.961762704996639,4.2463781115966395
2586,1,19.1233333206,18.126875238171184,0.9964580824288163
2587,1,16.3461537728,14.58571362877007,1.7604401440299302
2588,1,13.5714286395,16.473035635586236,2.901606996086235
2589,1,11.4999999523,15.57425612673491,4.074256174434911
2590,3,13.2399998983,12.700280412066734,0.5397194862332668
2591,3,17.2651162702,12.93187704974975,4.333239220450251
2592,3,19.6541667779,13.249137771951144,6.405029005948855
2593,3,18.1979165475,13.156330147033358,5.041586400466642
2594,3,12.2156862745,12.993048767340277,0.7773624928402771
2595,3,15.2375000715,12.523172532676192,2.7143275388238077
2596,3,13.0568628124,14.174853928025643,1.1179911156256424
2597,3,13.4704225433,13.417725507305935,0.052697035994064834
2598,3,18.2740741306,13.133526890500082,5.140547240099917
2599,3,11.109375,13.45383259698137,2.3444575969813695
2600,3,12.7777777778,13.584381562764051,0.8066037849640502
2601,1,15.280952272,17.45321804091693,2.1722657689169296
2602,1,14.8666665819,14.526684391746247,0.3399821901537532
2603,1,21.0559999847,18.962940929980363,2.093059054719639
2604,1,13.9916667144,16.86950656556346,2.8778398511634578
2605,1,15.4709089799,18.875588247527734,3.404679267627733
2606,1,14.0500000715,15.46585127439704,1.4158512028970414
2607,1,16.891304099,16.260793699501576,0.6305103994984229
2608,1,14.4333333969,14.945083208309931,0.5117498114099313
2609,1,14.8342857633,15.407232583222928,0.5729468199229277
2610,1,15.1400001526,15.272142539437505,0.13214238683750423
2611,1,14.3000001907,15.160789717124157,0.8607895264241563
2612,1,13.148837267,18.26059411415911,5.111756847159112
2613,3,13.0333331426,12.638328886486123,0.3950042561138769
2614,3,16.4666666455,12.701886017476058,3.7647806280239404
2615,3,14.6884614871,13.043220972343448,1.6452405147565514
2616,3,11.2059999847,13.512697444888287,2.3066974601882873
2617,3,14.9272727099,12.906307392959594,2.0209653169404067
2618,3,15.2550000191,12.86422513347515,2.3907748856248503
2619,3,14.0470587226,12.688153034530087,1.3589056880699122
2620,3,14.8499999046,12.2006573066916,2.649342597908401
2621,3,13.9260870477,12.79437127887698,1.1317157688230193
2622,3,17.0411765155,13.085519087850496,3.955657427649502
2623,3,14.6176470588,12.408468583468693,2.2091784753313064
2624,3,14.6416666508,12.218803651524999,2.422862999275001
2625,3,23.6333332062,14.245838223289912,9.387494982910088
2626,3,15.6473684813,12.605503108502099,3.0418653727979006
2627,3,16.3700000954,12.889875430413767,3.4801246649862314
2628,3,20.5844444699,13.498166953366233,7.086277516533766
2629,3,15.3000001907,12.62772390052993,2.672276290170071
2630,3,14.893103468,12.589783716695967,2.3033197513040324
2631,3,16.8181818471,13.087257815551906,3.730924031548094
2632,5,14.1486485455,14.469204472188531,0.32055592668853095
2633,5,12.2846153944,14.816077987089258,2.531462592689259
2634,5,15.1555557251,14.268515140711171,0.8870405843888278
2635,5,12.4333333288,15.524744663598028,3.0914113347980283
2636,5,11.4173913002,16.132925540591323,4.715534240391323
2637,5,14.8999999653,15.315972301061086,0.4159723357610865
2638,5,14.433333238,17.105361381047672,2.6720281430476724
2639,5,15.8795918056,14.662998199565502,1.2165936060344986
2640,5,20.4079469845,15.901746976449795,4.506200008050206
2641,1,12.4806666438,16.46132667818479,3.9806600343847904
2642,1,15.8142856325,15.535846739144802,0.2784388933551991
2643,1,15.7437497973,17.265392906301457,1.5216431090014577
2644,1,16.4869564996,18.273136062637903,1.7861795630379014
2645,1,14.4916667938,16.21802888066771,1.7263620868677094
2646,1,11.3545454372,16.186831988708214,4.832286551508213
2647,1,14.5735293557,16.285414976153465,1.7118856204534652
2648,1,12.1071428912,16.950611475806937,4.843468584606937
2649,1,15.5285715376,14.733956327742893,0.7946152098571062
2650,1,15.6521739545,15.726633538437333,0.0744595839373332
2651,1,15.7361110846,17.91466233755318,2.1785512529531825
2652,1,14.8411765379,15.349081741188556,0.5079052032885567
2653,1,14.9300001144,15.391566859379093,0.461566744979093
2654,1,15.7320001602,16.327529932553357,0.5955297723533572
2655,1,12.0784091191,17.131745417269258,5.053336298169258
2656,1,14.2249999046,15.051318147801311,0.8263182432013103
2657,3,10.6555555132,12.548603510389178,1.8930479971891785
2658,3,11.7526315388,11.623598286909274,0.1290332518907249
2659,3,11.0800001144,11.673232865159001,0.5932327507590003
2660,3,12.0,11.801467768024487,0.19853223197551273
2661,3,10.0428571701,10.61619005543486,0.5733328853348603
2662,3,7.76000008583,10.178278608650707,2.4182785228207075
2663,3,15.0799999237,13.36039554863147,1.7196043750685313
2664,3,13.1500000954,12.638097903628044,0.5119021917719557
2665,3,6.74285711561,8.962594545399696,2.2197374297896966
2666,4,7.07692300356,8.643697655601358,1.5667746520413575
2667,4,9.01666673024,8.746218838199551,0.2704478920404494
2668,4,13.4499999682,13.55111840060082,0.10111843240082052
2669,4,13.0500001907,13.903200852518415,0.8532006618184145
2670,4,16.3999996185,14.31074840071416,2.08925121778584
2671,4,12.5333333015,12.00988858548525,0.5234447160147511
2672,4,14.5999999576,13.570504073334245,1.0294958842657547
2673,4,13.8000001907,12.243317451495646,1.556682739204355
2674,4,7.26842104761,8.270491345374115,1.0020702977641145
2675,4,10.8999996185,9.829082584358687,1.0709170341413135
2676,4,14.2000001272,13.268449173536133,0.9315509536638658
2677,3,14.2333332698,13.617846748850855,0.615486520949144
2678,3,12.8000001907,11.723246175218744,1.0767540154812565
2679,4,12.8000001907,11.421579702710131,1.3784204879898692
2680,3,12.933333079,12.430338911293035,0.5029941677069658
2681,3,10.2333335876,10.625276387690164,0.39194280009016325
2682,3,12.625,11.140662651801822,1.4843373481981779
2683,3,9.86666679382,10.54087475245018,0.6742079586301788
2684,3,17.566666921,13.545847054300646,4.0208198666993535
2685,3,14.2333332698,12.97835844657337,1.254974823226629
2686,3,9.10000038147,8.637011441143995,0.4629889403260048
2687,3,14.9600000381,13.101854938192536,1.858145099907464
2688,2,11.5333334605,10.056660653659637,1.4766728068403623
2689,2,11.1999998093,11.0347539450623,0.16524586423769883
2690,2,9.69999980927,10.708151782706805,1.0081519734368047
2691,2,13.4000000954,12.805234738902433,0.5947653564975663
2692,2,6.30588239782,8.22966672217069,1.9237843243506898
2693,2,11.8904762268,12.45071395214129,0.56023772534129
2694,2,13.25,10.597558678911781,2.6524413210882187
2695,2,13.4000000954,12.576473427758318,0.8235266676416817
2696,2,11.7999998728,12.242121263397967,0.4421213905979666
2697,2,12.1666666667,12.14724348988712,0.01942317681287875
2698,2,12.6333334181,13.217759631204386,0.5844262131043862
2699,2,15.8499999046,13.260076624268729,2.5899232803312717
2700,2,13.7333334287,12.97527197850994,0.7580614501900591
2701,2,15.0499997139,13.42459397167966,1.625405742220341
2702,2,12.9000000954,12.105737492465678,0.7942626029343209
2703,2,8.80000019073,8.561901379580021,0.23809881114997822
2704,2,7.65952378228,10.467900322681812,2.808376540401812
2705,2,12.9499998093,12.250880976797378,0.6991188325026219
2706,2,8.16428583009,8.976211244393587,0.8119254143035874
2707,2,7.80833335718,9.158555408470637,1.3502220512906362
2708,2,12.9800001144,13.075750458558305,0.09575034415830608
2709,4,9.44999980927,9.859518558447888,0.409518749177888
2710,4,13.4909089695,12.099526358899539,1.391382610600461
2711,4,7.60000009537,8.400420777054759,0.8004206816847583
2712,4,12.3666667938,11.370926662714798,0.9957401310852028
2713,4,12.0,10.818313731346123,1.181686268653877
2714,4,14.5199996948,11.978200081070337,2.541799613729662
2715,4,11.7799999237,10.84462242932305,0.9353774943769508
2716,4,14.3000001907,12.8553101066108,1.444690084089201
2717,3,11.8000001907,11.239178986873554,0.5608212038264462
2718,3,13.933333079,12.40277213280197,1.5305609461980296
2719,3,12.1499996185,13.903311800199074,1.7533121816990729
2720,3,10.5333334605,10.890098094332895,0.3567646338328956
2721,3,11.7749998569,12.384877318777715,0.6098774618777156
2722,3,6.5,9.429713277869205,2.9297132778692045
2723,3,6.95000004768,9.315952602552537,2.3659525548725373
2724,3,7.13333320618,8.761071886696497,1.6277386805164973
2725,3,11.7999998728,13.790528955339532,1.9905290825395312
2726,3,14.8499999046,12.665968645367998,2.184031259232002
2727,3,13.0,12.561177047690371,0.43882295230962853
2728,3,10.625,11.248293998801438,0.6232939988014383
2729,3,13.1857141767,13.105407267194087,0.08030690950591257
2730,3,12.4000002543,13.138212870804773,0.7382126165047733
2731,3,7.70714291504,9.677500264253428,1.9703573492134279
2732,3,11.9000001483,12.540128315426157,0.6401281671261572
2733,3,13.6999998093,13.004099172289056,0.6959006370109435
2734,3,13.6000003815,13.069841388734023,0.5301589927659762
2735,3,11.1000003815,11.231328259441757,0.13132787794175727
2736,3,10.9600000381,10.605388779930797,0.3546112581692036
2737,3,15.1999998093,13.844337257271267,1.3556625520287326
2738,2,12.8571427209,13.24984187710354,0.39269915620353935
2739,2,11.4499998093,11.919144544421737,0.4691447351217377
2740,2,8.38888888889,10.139778058472002,1.7508891695820026
2741,2,6.53333331599,9.393993046423184,2.8606597304331833
2742,2,15.0,13.800196275955999,1.199803724044001
2743,2,15.4333333969,13.474263044897704,1.9590703520022963
2744,2,7.53571435383,7.713212984345362,0.17749863051536163
2745,2,12.8999996185,10.896814835138398,2.0031847833616023
2746,2,8.50454545021,9.811837874643533,1.307292424433534
2747,2,6.10909089175,8.179411521878713,2.0703206301287125
2748,2,10.3333336512,9.634531157115926,0.6988024940840738
2749,2,13.2000001272,13.671378447428673,0.47137832022867343
2750,3,11.7400001526,13.705316122150537,1.9653159695505362
2751,3,14.7000000477,13.644703464211112,1.0552965834888877
2752,3,7.86428570747,9.459325141287096,1.595039433817096
2753,3,11.1999998093,12.008833118025322,0.8088333087253226
2754,3,8.39767442748,11.413324123240375,3.0156496957603753
2755,3,8.14062497765,9.766743053167035,1.6261180755170344
2756,3,9.85714285714,11.774154244504405,1.917011387364406
2757,3,15.0,13.18197616755265,1.8180238324473503
2758,3,13.6000001431,13.983152646092137,0.3831525029921359
2759,3,6.71666669846,9.948555033332108,3.2318883348721075
2760,3,13.5,12.562545996605023,0.9374540033949774
2761,3,10.4499998093,12.099831817311893,1.6498320080118933
2762,1,12.3000001907,12.024637283710224,0.27536290698977695
2763,1,11.1000003815,11.045345210531286,0.05465517096871331
2764,1,12.1999998093,11.160699647110395,1.0393001621896047
2765,1,16.2399999619,13.169216074316914,3.0707838875830866
2766,1,12.8999996185,11.694391761901334,1.2056078565986663
2767,1,14.2799999237,13.320780226669699,0.9592196970303011
2768,1,15.0500001907,13.054992557736519,1.9950076329634818
2769,1,13.2000001272,13.082411623688863,0.11758850351113637
2770,1,8.40000025431,11.061289428791412,2.6612891744814124
2771,1,13.2666664124,13.16401545210629,0.10265096029371001
2772,4,15.1666668256,13.933928246372055,1.232738579227945
2773,4,11.6133333206,12.346879422886744,0.7335461022867431
2774,4,6.36666679382,7.507699221703678,1.1410324278836779
2775,4,12.9800001144,13.002468980948837,0.02246886654883795
2776,4,13.8666667938,12.897391347981202,0.9692754458187984
2777,4,13.3000000173,12.46780875282977,0.8321912644702305
2778,4,13.3571428571,12.45091331830833,0.9062295387916688
2779,4,13.0625,13.191051730031456,0.1285517300314556
2780,4,12.9000000954,12.894814462526472,0.005185632873526913
2781,4,11.25,10.795240598426076,0.4547594015739236
2782,4,13.0333334605,12.445232490049072,0.5881009704509275
2783,1,13.2666665713,12.34719671804898,0.9194698532510195
2784,1,8.19999980927,9.584109556751933,1.3841097474819328
2785,1,12.6000003815,11.051847801504358,1.5481525799956408
2786,1,8.76250004768,8.482405164234567,0.28009488344543243
2787,1,13.4666668574,12.48761720357696,0.97904965382304
2788,1,11.1000003815,11.447867785728448,0.34786740422844886
2789,1,13.0600000381,11.74079059739569,1.3192094407043093
2790,1,10.25,9.983304904058208,0.26669509594179175
2791,1,6.19000000954,8.231996627199612,2.0419966176596116
2792,1,14.2799999237,12.513195952041892,1.766803971658108
2793,1,11.6499996185,11.011822237403583,0.6381773810964173
2794,5,7.60000003468,7.889273759542995,0.2892737248629951
2795,5,13.3999996185,13.04332320780425,0.3566764106957514
2796,5,13.875,11.830858545561256,2.044141454438744
2797,5,12.1333335241,10.625747898550712,1.5075856255492877
2798,5,10.8299999237,10.115799881253924,0.7142000424460768
2799,5,8.13000020981,8.559365324960893,0.42936511515089393
2800,5,14.5999999046,12.694854790720616,1.9051451138793851
2801,5,7.88928578581,8.279564316254355,0.39027853044435457
2802,5,10.1999998093,9.219632265064963,0.9803675442350368
2803,5,12.6400001526,11.88028460627618,0.7597155463238199
2804,3,12.4666668574,12.601961055683464,0.13529419828346434
2805,3,13.1666666667,13.582223287224663,0.41555662052466324
2806,3,11.9199998856,12.694416922591481,0.7744170369914816
2807,3,11.544444508,12.493271877774404,0.9488273697744045
2808,3,14.2222224341,12.891492534408005,1.3307298996919954
2809,3,12.2749998569,13.01887632542532,0.7438764685253201
2810,3,12.2176471037,12.161102579453008,0.0565445242469913
2811,3,13.2285714831,12.890254664964168,0.3383168181358318
2812,3,13.1666666667,13.312550284593408,0.14588361789340887
2813,3,13.1499996185,12.110355118582287,1.0396444999177135
2814,4,11.5749998093,11.960697384862087,0.3856975755620873
2815,4,13.6,13.066938016880977,0.5330619831190226
2816,4,12.8,11.636903184719934,1.163096815280067
2817,4,13.3500003815,11.553136759114524,1.7968636223854748
2818,4,13.5,10.265226901132316,3.2347730988676844
2819,4,7.66666666667,8.751032003413483,1.084365336743483
2820,4,5.80000019073,8.022970662886157,2.222970472156158
2821,4,13.3000001907,14.444087377626863,1.1440871869268623
2822,4,12.0499997139,11.071758768746786,0.9782409451532139
2823,4,8.75,9.992331513783528,1.2423315137835278
2824,4,13.0666666031,12.566229243021803,0.5004373600781964
2825,4,14.0,12.328820772162763,1.6711792278372375
2826,2,9.80000019073,9.527603937923821,0.2723962528061783
2827,2,6.57499998808,8.143137242182384,1.5681372541023837
2828,2,7.2607142755,10.239893541921226,2.9791792664212267
2829,2,12.9000000954,12.993405189965198,0.09340509456519897
2830,2,12.8999996185,11.332217975154402,1.567781643345599
2831,2,13.2999997139,12.868361916225943,0.43163779767405686
2832,2,7.38333336512,8.813872025126571,1.4305386600065706
2833,2,12.3428569521,12.587772550031282,0.24491559793128204
2834,2,8.42499995232,9.961654724191288,1.5366547718712873
2835,2,12.4222222434,12.050544252115873,0.3716779912841268
2836,2,6.38333328565,7.967329438912674,1.5839961532626736
2837,2,14.0999999046,12.811766750699595,1.2882331539004053
2838,4,12.6000000636,12.676598393138544,0.07659832953854462
2839,2,14.6846154286,12.930836861918927,1.7537785666810741
2840,2,9.65000009537,9.187025017710582,0.4629750776594186
2841,2,10.4733332952,10.125739473776676,0.34759382142332385
2842,2,11.7999997139,11.552374484973948,0.24762522892605254
2843,2,13.2999998728,13.291987169125433,0.0080127036745683
2844,2,13.6999998093,13.432366386236815,0.2676334230631845
2845,2,6.34545456279,8.862070741619345,2.516616178829345
2846,2,15.3499999046,13.66772406376627,1.6822758408337304
2847,2,13.1000000636,12.606262556340376,0.49373750725962395
2848,2,11.0999999046,10.019058437051893,1.080941467548108
2849,2,14.0600000381,13.075159442497764,0.9848405956022361
2850,2,13.5,12.590554590578016,0.9094454094219842
2851,2,9.32307690841,9.986390464791238,0.6633135563812385
2852,2,11.9000000954,12.716982656755125,0.8169825613551254
2853,2,12.6000003815,12.42822742754007,0.17177295395992864
2854,2,6.60476191839,8.28467868106054,1.6799167626705405
2855,2,9.02499997616,10.293903519325,1.268903543164999
2856,3,14.1000003815,12.933034822246903,1.1669655592530965
2857,3,8.7380952381,10.23389308854551,1.495797850445511
2858,3,9.36000003815,11.113423522283108,1.7534234841331084
2859,3,10.7153845934,12.582128873048966,1.866744279648966
2860,3,11.0666666031,11.740706833036977,0.6740402299369777
2861,3,6.17500001192,9.219859566650403,3.0448595547304027
2862,3,13.8499999046,12.930086108071349,0.9199137965286521
2863,3,13.1000003815,12.834250319636826,0.26575006186317296
2864,3,13.1199998856,12.568701666031552,0.5512982195684479
2865,3,14.3499999046,13.207827478368948,1.1421724262310526
2866,2,11.0999999046,10.12324400982916,0.9767558947708412
2867,2,8.88000011444,9.68331542776982,0.8033153133298203
2868,2,7.0625000596,8.052296195489522,0.989796135889522
2869,2,13.4800001144,12.514217701380366,0.9657824130196335
2870,2,7.23333326976,7.77753360582766,0.5442003360676599
2871,2,13.2000002861,13.311443202024886,0.11144291592488642
2872,2,11.8000001907,12.358082780410633,0.558082589710633
2873,2,11.5666666031,12.759778885670132,1.193112282570132
2874,2,13.3399999619,13.188630525872414,0.15136943602758635
2875,2,8.60000038147,9.246645699923828,0.6466453184538281
2876,2,7.02499997616,7.670325352939911,0.645325376779911
2877,2,9.41034491309,10.2829887588755,0.8726438457855004
2878,5,9.75,9.875306343995687,0.12530634399568719
2879,5,13.0750000477,13.170362897150001,0.09536284945000162
2880,5,13.6384615531,12.32180627110896,1.316655281991041
2881,5,15.5,12.509917080343495,2.990082919656505
2882,5,13.0500001907,11.394674885380624,1.6553253053193764
2883,5,12.6000000636,11.631867676616865,0.9681323869831342
2884,5,13.8000001907,11.418858634445808,2.3811415562541924
2885,5,8.43225806759,8.113551530479242,0.31870653711075825
2886,5,12.25,10.3189324030558,1.9310675969441995
2887,5,11.3000001907,9.079179385885169,2.2208208048148315
2888,5,12.5999999046,11.368708299352923,1.231291605247078
2889,1,13.2000001272,11.08437328167425,2.1156268455257496
2890,1,9.0,9.845671266552984,0.8456712665529835
2891,1,11.0,10.029466195473425,0.9705338045265748
2892,1,12.1,12.78398231860011,0.6839823186001102
2893,1,7.0,10.326294810892515,3.3262948108925148
2894,1,15.6999998093,12.605323658508638,3.0946761507913614
2895,1,7.54285710199,9.035500534875123,1.4926434328851226
2896,1,8.61428560529,9.502606426836817,0.8883208215468166
2897,1,9.94999980927,9.053687137257254,0.8963126720127459
2898,1,11.3500003815,10.837979644916818,0.5120207365831817
2899,1,12.3999996185,13.49150915643899,1.0915095379389896
2900,4,13.6499996185,12.06692966994531,1.5830699485546909
2901,4,10.1666669846,9.333330947888253,0.8333360367117475
2902,4,12.2777777778,11.551301063879237,0.7264767139207642
2903,4,13.1666669846,11.371343042568835,1.7953239420311657
2904,4,13.8499999046,12.378210404778468,1.4717894998215328
2905,4,11.0666666031,12.209999849052824,1.1433332459528245
2906,4,10.5,10.037700299601864,0.4622997003981357
2907,4,13.7599998474,13.531109603829211,0.22889024357078824
2908,4,10.7999998728,10.890142161300012,0.0901422885000116
2909,4,7.48000001907,9.03319336383249,1.55319334476249
2910,4,10.4000000954,10.912546428534736,0.5125463331347362
2911,4,12.6500000954,12.064298126583811,0.5857019688161884
2912,4,12.5333334605,10.8361282234373,1.6972052370627004
2913,4,11.5555554496,11.975771595170642,0.4202161455706417
2914,4,12.7333332698,10.67754072004171,2.055792549758289
2915,4,5.42777776718,8.10177880790397,2.6740010407239705
2916,4,15.4500000477,13.782360112452954,1.6676399352470455
2917,4,15.066666921,14.285539672353748,0.7811272486462517
2918,4,12.2999997139,11.821664347700674,0.4783353661993264
2919,4,12.5428570339,11.738381786727654,0.8044752471723466
2920,4,11.9125001431,12.502349150103925,0.5898490070039237
2921,4,11.625,11.088584978869195,0.5364150211308054
2922,2,14.8499999046,12.64787305707892,2.2021268475210807
2923,2,14.6500000954,14.108069035414552,0.5419310599854477
2924,2,14.1999998093,13.580711847444697,0.6192879618553029
2925,2,11.1666666667,11.689104668731328,0.5224380020313291
2926,2,8.80000019073,8.641141743949778,0.1588584467802221
2927,2,7.625,7.916211257786461,0.2912112577864612
2928,2,10.1285714422,10.340164386427952,0.21159294422795227
2929,2,11.1999998093,9.764336178492691,1.4356636308073085
2930,2,9.99999988079,9.656299179757202,0.34370070103279815
2931,2,14.0333334605,10.572384635041095,3.460948825458905
2932,3,11.5499997139,11.723432172818894,0.17343245891889403
2933,3,13.9916667144,12.869002923713198,1.1226637906868024
2934,3,8.15161292784,11.527820009343664,3.3762070815036633
2935,3,14.4000000954,12.965345145662466,1.4346549497375332
2936,3,11.1000000636,11.806999352240744,0.7069992886407448
2937,3,6.10000002384,9.204121572884638,3.1041215490446383
2938,3,7.5799999555,9.14298362788091,1.5629836723809092
2939,3,6.53599998474,10.590693805981815,4.054693821241814
2940,3,7.6875,10.369244920944235,2.6817449209442348
2941,3,8.04000005722,10.164427332279796,2.124427275059796
2942,3,9.20000019073,11.281085127443145,2.081084936713145
2943,3,8.89999961853,9.308137029517631,0.40813741098763145
2944,1,14.3999996185,11.765632628467353,2.634366990032648
2945,1,6.79999995232,7.453178010203989,0.6531780578839887
2946,1,6.46666669846,7.129218722322635,0.6625520238626352
2947,1,13.8809524718,11.921706600566356,1.9592458712336445
2948,1,9.7999997139,9.999779220946955,0.19977950704695502
2949,1,9.40000009537,9.709952624994513,0.30995252962451225
2950,1,5.4153846594,8.082776229893685,2.6673915704936855
2951,1,7.09999990463,8.05534120702237,0.9553413023923696
2952,1,8.89999961853,9.793370180079908,0.8933705615499079
2953,1,13.5,13.874404410637881,0.3744044106378812
2954,1,14.0,13.03645651542297,0.9635434845770305
2955,1,10.75,9.55623987507991,1.1937601249200895
2956,1,9.41249990463,9.539692120955348,0.12719221632534783
2957,1,9.86818174882,10.699679040644543,0.8314972918245438
2958,1,7.10606063496,7.817325261427632,0.7112646264676314
2959,1,11.3000001907,11.927787996747002,0.6277878060470012
2960,5,10.4777779049,9.478167674672513,0.9996102302274874
2961,5,14.0142856325,11.996082064194402,2.018203568305598
2962,5,11.6333335241,10.219399759122389,1.4139337649776103
2963,5,7.45000004768,7.836333141198599,0.38633309351859957
2964,5,14.1500000954,12.235789605586547,1.9142104898134527
2965,5,12.8000001907,10.708905722485657,2.0910944682143437
2966,5,12.8999996185,12.663646548494928,0.2363530700050731
2967,5,10.2166665395,11.319088642056977,1.102422102556977
2968,5,14.3999999364,12.562238843011656,1.8377610933883446
2969,5,11.5666666031,11.976887455076712,0.4102208519767121
2970,5,12.1000000636,10.48579908704792,1.6142009765520804
2971,5,11.9749999642,11.360824422890442,0.6141755413095584
2972,5,10.8250000477,9.78787731494103,1.03712273275897
2973,5,14.8,11.766332783563158,3.033667216436843
2974,5,12.5083333651,12.11995072304651,0.3883826420534895
2975,5,7.01428576878,7.467836933865787,0.45355116508578686
2976,5,5.85000014305,7.911127046624272,2.061126903574272
2977,5,12.9000003338,12.116197137027106,0.7838031967728938
2978,5,16.6000003815,13.520520033121603,3.0794803483783966
2979,4,13.1500000954,13.4094085232331,0.25940842783310103
2980,4,6.71999998093,8.13407155418697,1.4140715732569706
2981,4,12.0,12.114800234672277,0.11480023467227696
2982,4,11.8999996185,11.439906509338167,0.4600931091618339
2983,4,13.4499999682,12.461272540638095,0.9887274275619049
2984,4,13.3999996185,13.505882931961967,0.10588331346196611
2985,4,13.4399999619,12.93290332357381,0.5070966383261908
2986,4,10.4499998093,10.08790944329359,0.3620903660064094
2987,4,14.6999998093,13.612558056064207,1.087441753235792
2988,4,6.90000002725,7.401838493835999,0.5018384665859994
2989,4,12.914285796,12.637761115194976,0.27652468080502324
2990,4,12.7249999046,13.066530232732344,0.3415303281323432
2991,4,10.3571427209,9.940413021511006,0.41672969938899485
2992,2,10.8000001907,9.898000007005137,0.902000183694863
2993,2,8.72500014305,9.581131222019014,0.856131078969014
2994,2,9.89999961853,10.13628128114814,0.23628166261813988
2995,2,11.3500003815,11.45528783548819,0.10528745398819161
2996,2,13.3250000477,12.22002279178403,1.1049772559159692
2997,2,15.6333332062,13.37607723422019,2.2572559719798093
2998,2,11.9499998093,12.827227263186902,0.8772274538869027
2999,2,11.477777799,11.183281695640645,0.2944961033593554
3000,2,8.44999980927,10.030570673395546,1.580570864125546
3001,2,13.120000267,12.158682679638417,0.9613175873615827
3002,1,7.79375004768,7.490335956556761,0.3034140911232388
3003,1,5.9888888465,9.112460527974232,3.123571681474232
3004,1,12.1500003338,12.210612433451391,0.060612099651391915
3005,1,8.00000023842,8.830211769955042,0.830211531535042
3006,1,13.0333334605,14.00391672570587,0.970583265205871
3007,1,9.03181817315,7.814690380844951,1.2171277923050496
3008,1,13.1000003815,10.915158643661602,2.184841737838397
3009,1,8.2916667064,9.830648981036866,1.5389822746368669
3010,1,10.75,9.085539018994634,1.6644609810053659
3011,1,13.3000001907,12.318110182736731,0.9818900079632691
3012,5,12.6666666667,12.991606455286535,0.32493978858653527
3013,5,12.4000000954,13.225117628765817,0.8251175333658178
3014,5,10.1,9.437828967607189,0.6621710323928109
3015,5,6.25714288439,8.18000106069634,1.922858176306339
3016,5,12.2294117423,11.238540879850845,0.9908708624491549
3017,5,12.9400001526,11.846394492349441,1.0936056602505584
3018,5,14.5500001907,13.81367445414455,0.7363257365554503
3019,5,11.7999997139,11.471621498977495,0.3283782149225054
3020,5,14.3499999046,12.953376552508722,1.3966233520912787
3021,5,11.5750000477,12.273776372877174,0.6987763251771746
3022,5,13.8499999046,12.688550361619793,1.1614495429802076
3023,5,6.07857145582,7.6755608029605815,1.5969893471405818
3024,5,8.70000012716,8.711564552444198,0.011564425284198876
3025,5,12.5782609608,11.709802450108818,0.8684585106911822
3026,5,13.0,11.93328549546814,1.0667145045318591
3027,5,12.6461538168,11.40997086035183,1.23618295644817
3028,5,12.6000000636,12.291464628857886,0.3085354347421134
3029,5,10.7199999809,10.303367099328664,0.4166328815713367
3030,5,7.98333338896,7.774258033768198,0.20907535519180254
3031,5,13.8333336512,12.688212948285608,1.145120702914392
3032,5,15.7666667302,13.15598180401442,2.6106849261855807
3033,5,11.1999998093,9.538108040457686,1.6618917688423132
3034,5,6.05217390475,8.409030477986896,2.356856573236896
3035,5,8.71999988556,9.909027643141098,1.1890277575810977
3036,5,5.9368421404,9.206677105735015,3.269834965335015
3037,5,6.46833333174,8.897182065458352,2.428848733718352
3038,5,14.1999998093,12.66803697584476,1.531962833455239
3039,5,5.90000009537,8.626331904271876,2.7263318089018753
3040,5,12.3999996185,11.199549096188381,1.2004505223116197
3041,5,6.44999980927,7.62651627054459,1.1765164612745895
3042,5,11.2999998728,10.3195700599871,0.9804298128129005
3043,5,7.14545449344,8.363084043042791,1.2176295496027914
3044,5,9.38000011444,9.988057400485474,0.608057286045474
3045,5,6.95862071267,7.9504518167866625,0.9918311041166623
3046,5,13.1999998093,12.541419664424682,0.6585801448753177
3047,3,6.87142852374,8.742466994247161,1.8710384705071617
3048,3,10.0999999046,10.278882777716055,0.1788828731160539
3049,3,9.6033708058,11.963270816036129,2.35990001023613
3050,3,7.74285718373,9.656491296218626,1.9136341124886256
3051,3,8.39999993642,8.86268428751617,0.46268435109617023
3052,3,7.04999995232,9.468063064012266,2.418063111692266
3053,3,7.5,10.273828239952945,2.7738282399529446
3054,3,6.88000011444,8.651192305175375,1.7711921907353751
3055,3,11.8999996185,13.241130110000036,1.341130491500035
3056,3,14.2727272727,13.435265728743037,0.8374615439569624
3057,3,7.06666676203,9.741587285540003,2.6749205235100035
3058,3,14.0,13.234319209604083,0.7656807903959173
3059,3,5.93333334393,8.972007219084821,3.038673875154821
3060,1,7.68571438108,8.690662293514398,1.0049479124343978
3061,1,10.3499999728,11.61032877670581,1.2603288039058107
3062,1,13.25,12.4031537101069,0.8468462898931008
3063,1,6.95000004768,7.425016264247727,0.4750162165677274
3064,1,13.0399999619,12.126196113170968,0.9138038487290316
3065,1,11.4000000272,11.846409335435387,0.4464093082353866
3066,1,10.1699999809,11.212429712764164,1.0424297318641642
3067,1,10.25,12.384981894777198,2.134981894777198
3068,1,10.3999999364,10.352630792324902,0.04736914407509829
3069,1,13.5,13.140388708786261,0.3596112912137386
3070,1,12.6500000954,11.635417573193696,1.0145825222063038
3071,5,12.1999998093,10.688226121914113,1.5117736873858867
3072,5,8.26538471075,7.97468740073228,0.2906973100177206
3073,5,12.8600000381,13.005564143972272,0.1455641058722712
3074,5,11.8499999046,10.064161702350944,1.7858382022490566
3075,5,7.03333330154,8.459636660853949,1.4263033593139491
3076,5,12.9624999762,11.25828441640294,1.7042155597970599
3077,5,13.1749999523,12.890897069063861,0.2841028832361392
3078,5,14.1428570066,11.739654039937218,2.403202966662782
3079,5,12.6999999827,11.096007687765587,1.6039922949344128
3080,5,5.76666673024,8.562401113150084,2.7957343829100845
3081,5,13.0,9.91296520814959,3.08703479185041
3082,5,5.94999992847,7.983485551430633,2.033485622960633
3083,5,12.8500001431,12.08998446163609,0.7600156814639103
3084,5,12.7399998665,11.400615712346601,1.3393841541533984
3085,5,7.10000006358,7.957480474017793,0.8574804104377938
3086,1,14.8499999046,13.16054707878299,1.6894528258170105
3087,1,13.9400001526,12.535939530962658,1.404060621637342
3088,1,7.94999996821,8.794074425458692,0.8440744572486922
3089,1,5.40000009537,7.564316034816729,2.1643159394467286
3090,1,5.70624992251,8.148766409029633,2.442516486519634
3091,1,12.6600000381,11.083034038087643,1.5769660000123569
3092,1,11.3999996185,10.874368979821742,0.5256306386782583
3093,1,8.52857153756,9.884923083055265,1.356351545495265
3094,1,13.1333332062,12.146980896086825,0.9863523101131744
3095,1,10.75,10.332388342128452,0.4176116578715483
3096,1,12.9499998093,13.061488106550362,0.11148829725036258
3097,5,13.5222220951,11.01560909072912,2.5066130043708803
3098,5,11.6000003815,13.130653602613583,1.5306532211135835
3099,5,13.0,12.312324081007562,0.6876759189924382
3100,5,11.2999998728,11.796213654708186,0.4962137819081853
3101,5,13.1000003815,13.659808538258552,0.5598081567585531
3102,5,11.8111111323,10.652560275280463,1.158550857019538
3103,5,11.6999998093,10.186502150133304,1.5134976591666955
3104,5,8.0,7.170650392688604,0.8293496073113964
3105,5,8.4666668574,8.755987334362766,0.2893204769627662
3106,5,11.6500000954,11.63339942184783,0.0166006735521691
3107,4,9.80000019073,10.963803817773426,1.1638036270434267
3108,5,14.4000000954,12.557522302173497,1.842477793226502
3109,5,5.87058821846,8.095496048641468,2.2249078301814684
3110,5,12.25,10.342941192318978,1.9070588076810218
3111,3,6.04999995232,9.499782215346912,3.4497822630269113
3112,3,10.0,11.35230975179375,1.3523097517937508
3113,3,12.25,12.183284956342671,0.06671504365732872
3114,3,13.8624999523,12.317889241877289,1.5446107104227114
3115,3,6.39166673024,9.262226626250145,2.8705598960101453
3116,3,8.79999987284,10.652714368028835,1.8527144951888346
3117,3,13.2666667302,12.016520190194601,1.2501465400053995
3118,3,10.2666667302,10.66273547200068,0.3960687418006792
3119,3,7.61176479564,9.217877667627599,1.606112871987599
3120,3,13.25,12.806604385389697,0.44339561461030286
3121,2,6.21666661898,8.37852376659665,2.161857147616651
3122,2,12.8333330154,11.250351486641357,1.5829815287586424
3123,2,12.1,11.679444429917769,0.42055557008223055
3124,2,5.5,8.259310984607946,2.7593109846079464
3125,2,12.8999996185,12.024901860414282,0.8750977580857189
3126,2,12.5,12.24039989711022,0.2596001028897792
3127,2,8.36666663488,8.83751158154972,0.47084494666972
3128,2,13.6999998093,12.886284881445633,0.8137149278543667
3129,2,5.57857148988,8.797926274929353,3.2193547850493527
3130,2,11.9727271687,12.216222816293682,0.24349564759368114
3131,2,5.64999995232,8.638931076157258,2.988931123837258
3132,2,15.0249998569,13.498915655372908,1.526084201527091
3133,2,11.1727273247,12.76353306131286,1.5908057366128592
3134,2,7.5,8.090582063042103,0.5905820630421026
3135,2,13.4999998093,12.820192378697094,0.6798074306029065
3136,2,15.5750000477,13.357725492254183,2.217274555445817
3137,2,6.93103444987,9.5694393385503,2.6384048886802995
3138,2,6.74444447623,8.1817891124943,1.4373446362643003
3139,2,10.3999999762,10.763015856430583,0.3630158802305825
3140,2,9.12499976158,9.853154502658423,0.7281547410784235
3141,2,11.0000002384,9.930973806759278,1.0690264316407223
3142,2,12.2499998411,11.628423904365299,0.6215759367347005
3143,1,9.52000017166,9.273000819824981,0.24699935183501864
3144,1,14.6749999523,12.961665296904243,1.713334655395757
3145,1,8.75,10.176144918619034,1.426144918619034
3146,1,7.8266667366,8.33634382992058,0.5096770933205796
3147,1,10.6999998093,9.514080979724504,1.1859188295754954
3148,1,8.87500023842,9.551480263258647,0.6764800248386464
3149,1,13.6000000636,13.261362089001718,0.3386379745982815
3150,1,12.6500000954,11.810818812218422,0.8391812831815777
3151,1,12.4600002289,12.37609012113282,0.08391010776717955
3152,1,7.09999995232,8.218247392806846,1.1182474404868463
3153,1,8.89999961853,10.27807390548551,1.3780742869555098
3154,1,11.625,10.827705672170428,0.7972943278295723
3155,1,12.6749999523,13.695322500172947,1.0203225478729472
3156,1,8.36666647593,10.332566860054989,1.9659003841249891
3157,5,13.3400000572,12.117652425039132,1.2223476321608668
3158,5,5.69999980927,8.821831008247319,3.1218311989773184
3159,5,13.5499999523,12.458960008446347,1.0910399438536533
3160,5,12.1999998093,12.074217613726146,0.12578219557385317
3161,3,11.6999998093,11.044797694478438,0.6552021148215612
3162,5,7.96666663488,7.913230546760915,0.05343608811908496
3163,5,7.02500009537,7.49524933237005,0.4702492370000497
3164,5,6.80000019073,8.033120606075949,1.2331204153459492
3165,5,13.8000001907,12.009823907780557,1.7901762829194432
3166,5,7.86111124357,7.497115606321756,0.3639956372482436
3167,5,13.3000001907,11.948223390629114,1.351776800070887
3168,5,12.6000000636,12.001941717157981,0.5980583464420182
3169,5,10.8999996185,9.918448640884819,0.9815509776151821
3170,5,11.6999998093,8.455488236653022,3.244511572646978
3171,5,13.5,10.28577497940135,3.2142250205986507
3172,5,14.1999998093,11.735561759270752,2.4644380500292478
3173,1,15.1999998093,13.114489310001243,2.0855104992987563
3174,1,14.2499998411,12.050257822657352,2.199742018442647
3175,1,8.0,9.4745883865162,1.4745883865161993
3176,1,6.70000004768,8.10640402154132,1.4064039738613197
3177,1,7.94999996821,8.528307873231487,0.5783079050214868
3178,1,5.72857141495,7.588472252002142,1.859900837052142
3179,1,11.0714285714,10.3380357262553,0.7333928451446994
3180,1,13.9500002861,11.870493954506893,2.079506331593107
3181,1,13.3000001907,12.274183066067634,1.0258171246323666
3182,1,12.5666666031,11.104694114707279,1.4619724883927212
3183,1,7.8,7.742439705105162,0.05756029489483794
3184,1,10.8599998474,10.468465352080388,0.39153449531961115
3185,5,11.2833334605,11.20268967864755,0.08064378185244969
3186,5,10.0214285987,11.395764232378358,1.374335633678358
3187,5,14.2000000477,12.624624650110388,1.575375397589612
3188,5,13.8749997616,13.681704135487216,0.19329562611278384
3189,5,10.4000001907,9.909438818667851,0.49056137203214867
3190,5,12.5,13.237897372639686,0.7378973726396865
3191,5,12.2999999523,11.433920677686606,0.8660792746133943
3192,5,12.1666666667,12.402786492124473,0.23611982542447407
3193,5,9.89999961853,9.052505735529024,0.8474938830009755
3194,5,14.433333238,13.061196200235765,1.3721370377642348
3195,5,6.09999990463,8.195504379266044,2.0955044746360443
3196,1,11.1814815733,12.553496644979305,1.3720150716793054
3197,1,11.3826086625,12.490105737220272,1.107497074720273
3198,1,12.0,11.035564040330364,0.9644359596696361
3199,1,12.3499999046,10.965287800009582,1.3847121045904185
3200,1,8.09999990463,9.35168819408098,1.2516882894509802
3201,1,7.35714285714,7.738928849008919,0.3817859918689184
3202,1,8.89999993642,9.931294229163665,1.0312942927436648
3203,1,6.96153846154,8.805683984043219,1.8441455225032186
3204,1,13.3999996185,10.0501028503713,3.3498967681287013
3205,1,11.3999996185,10.389783103792988,1.0102165147070128
3206,1,13.0666666031,11.654946755197601,1.4117198479023987
3207,2,13.1999998093,13.3958475510404,0.1958477417404012
3208,2,6.11875000596,8.890942531130534,2.772192525170534
3209,2,12.6000000636,12.427009186260818,0.17299087733918128
3210,2,10.875,12.111315575339017,1.2363155753390167
3211,2,14.3000001907,12.46350429357743,1.836495897122571
3212,2,13.1999998093,13.083148634148877,0.11685117515112253
3213,2,10.9499998093,11.631189149488032,0.6811893401880322
3214,2,12.1999998093,12.154266517151017,0.045733292148982585
3215,2,12.4619047982,12.683637025128373,0.22173222692837236
3216,2,12.75,13.214039492179031,0.4640394921790314
3217,2,10.4000000954,9.647395473058245,0.7526046223417548
3218,1,8.33333333333,11.168925299192043,2.8355919658620437
3219,1,13.3999996185,11.416471836700165,1.983527781799836
3220,1,11.3000001907,10.873105955344187,0.42689423535581383
3221,1,14.3999996185,11.825895157630056,2.574104460869945
3222,1,12.1666666667,11.9420726053837,0.22459406131629933
3223,1,13.9750001431,12.249633271240231,1.7253668718597694
3224,1,7.02222220103,7.341928601434412,0.3197064004044119
3225,1,12.2333332698,11.648897190101573,0.5844360796984258
3226,1,14.2750003338,12.654257409353228,1.6207429244467715
3227,1,12.9399999619,10.598775394240953,2.3412245676590473
3228,1,13.25,13.001231632141621,0.24876836785837853
3229,3,13.0999999046,13.800423130385218,0.700423225785217
3230,3,12.6000003815,12.481498392109534,0.11850198939046486
3231,3,8.625,9.693237344157932,1.0682373441579323
3232,3,13.0,12.299301961308402,0.7006980386915984
3233,3,11.2200000763,11.811951926472723,0.5919518501727232
3234,3,13.7875000238,12.97605138003652,0.8114486437634802
3235,3,15.0999999046,12.7386145240318,2.3613853805682012
3236,3,15.0249998569,13.42064505079724,1.6043548061027586
3237,3,16.75,14.069162858455401,2.6808371415445986
3238,3,9.93333339691,9.840434969015522,0.09289842789447711
3239,5,11.2190475464,10.157558656900513,1.061488889499488
3240,5,11.3749997616,10.32973449570446,1.045265265895539
3241,5,7.02000007629,7.558904254868943,0.5389041785789432
3242,5,7.36666663488,8.409756711139634,1.0430900762596345
3243,5,5.96250009537,8.599156518185168,2.636656422815168
3244,5,12.1666666667,10.61736346959576,1.5493031971042388
3245,5,7.53333338102,8.912152006103366,1.3788186250833654
3246,5,14.7250001431,13.91441387356755,0.8105862695324504
3247,5,12.4333333969,12.608592077238214,0.17525868033821368
3248,5,13.5499997139,11.696198951853845,1.8538007620461556
3249,5,12.1853658397,11.982176147082072,0.20318969261792752
3250,5,13.8666667938,12.645578505402652,1.2210882883973486
3251,4,13.2999999523,12.160796133949217,1.1392038183507829
3252,4,12.5499997139,10.691926380338757,1.8580733335612436
3253,4,8.27999973297,9.401697128723097,1.1216973957530971
3254,4,10.5333331426,10.832320244060528,0.2989871014605274
3255,4,10.7393939856,11.727661597741093,0.9882676121410938
3256,4,10.5,11.42688905268151,0.9268890526815099
3257,4,12.2250001431,11.110025831212173,1.1149743118878277
3258,4,13.0,12.264576557495818,0.7354234425041817
3259,4,12.3000001907,12.080169194569322,0.21983099613067836
3260,5,11.1999999682,9.613409165876366,1.5865908023236344
3261,5,13.1999998093,10.774834531095225,2.4251652782047746
3262,5,10.8000001907,10.604452417821335,0.19554777287866543
3263,5,13.1199998856,11.377128204436477,1.742871681163523
3264,5,8.65454543721,8.76256459753343,0.10801916032342973
3265,5,14.2999997139,13.360292670865759,0.9397070430342414
3266,5,7.86000000636,9.047425582955444,1.1874255765954445
3267,5,6.23333332274,8.049556315729687,1.8162229929896867
3268,5,11.1000003815,12.798620471168812,1.6986200896688128
3269,5,12.6999998093,11.710044235169674,0.9899555741303256
3270,5,11.6999998093,9.873770362209674,1.8262294470903253
3271,2,7.47999992371,8.06556841599636,0.5855684922863595
3272,2,11.1000003815,9.47489707678853,1.6251033047114696
3273,2,12.9500002861,11.102996118933458,1.847004167166542
3274,2,11.9000000954,12.436905509770716,0.5369054143707164
3275,2,13.1000003815,12.138200825399975,0.9617995561000239
3276,2,12.2416665554,12.324870367027815,0.08320381162781487
3277,2,6.7074074392,7.770546260694224,1.0631388214942241
3278,2,12.375,11.360777215028467,1.0142227849715333
3279,2,13.066666921,12.124417194689286,0.9422497263107132
3280,2,13.2999999523,12.576666434323226,0.7233335179767746
3281,4,9.03000001907,8.923307038795274,0.10669298027472607
3282,4,12.9666665395,12.111245741252155,0.8554207982478452
3283,4,12.8000001907,11.867804570361365,0.9321956203386357
3284,4,11.7500002384,13.268841460736095,1.5188412223360945
3285,4,12.6999998093,10.5749062270596,2.1250935822403996
3286,4,6.37142848969,7.630369456466097,1.2589409667760965
3287,4,7.58750003576,7.821406056779208,0.23390602101920788
3288,4,11.0499997139,12.307883090822148,1.2578833769221482
3289,4,9.27142851693,9.518329715799265,0.24690119886926531
3290,4,12.9499999927,13.082374082590519,0.13237408989051858
3291,3,6.56666668256,9.68435629347627,3.11768961091627
3292,3,8.71249997616,9.25306686269754,0.5405668865375404
3293,3,13.3333333333,11.890527396152226,1.4428059371477744
3294,3,11.9499998093,11.953617086917102,0.003617277617102843
3295,3,13.6000000636,12.599961978866197,1.0000380847338022
3296,3,13.6999998093,12.318845716335117,1.3811540929648825
3297,3,7.25,9.246970258281028,1.9969702582810278
3298,3,11.0999999046,11.585526243905012,0.4855263393050109
3299,3,10.1000003815,11.235653430664556,1.1356530491645564
3300,3,7.77826085298,8.91592865227426,1.1376677992942605
3301,3,7.25,8.665179071922447,1.4151790719224469
3302,3,12.9000000954,12.947832713476553,0.047832618076553146
3303,3,10.9499998093,13.455269186723283,2.505269377423284
3304,3,12.7999997139,11.167380118344951,1.6326195955550489
3305,1,10.7750000954,10.088702263766193,0.6862978316338069
3306,1,8.17500007153,7.624366407364893,0.5506336641651073
3307,1,7.66666666667,10.080001580839692,2.413334914169692
3308,3,15.6666666667,13.329301927507538,2.337364739192461
3309,3,15.0666666031,12.282451117982124,2.784215485117876
3310,3,12.3666667938,12.554910765079613,0.18824397127961312
3311,3,11.6000003815,12.044211145738414,0.44421076423841477
3312,3,9.32499980927,10.52135808101543,1.1963582717454297
3313,3,13.6000003815,13.383385748405985,0.2166146330940144
3314,3,12.75,12.182712189036994,0.5672878109630055
3315,3,12.0333333545,12.344806785471606,0.3114734309716063
3316,1,12.3999996185,12.570212822530657,0.17021320403065587
3317,1,12.3000001907,12.918589105199539,0.6185889144995382
3318,1,9.03636368838,9.241152754355426,0.2047890659754259
3319,1,14.6999998093,12.2550278499793,2.4449719593207
3320,1,12.6000003815,11.919355943150293,0.6806444383497059
3321,1,10.8250000477,9.836747745433293,0.9882523022667069
3322,1,11.2999997139,10.077424750848634,1.2225749630513665
3323,3,11.1714285442,10.63077690193931,0.5406516422606895
3324,3,13.0499997139,12.320155395383699,0.7298443185163013
3325,3,12.7999999523,12.78839968525198,0.01160026704802064
3326,5,13.1000003815,11.293110532495406,1.8068898490045928
3327,5,11.1999998093,10.660724353779624,0.5392754555203751
3328,5,9.49999968211,8.918984660042632,0.5810150220673673
3329,5,8.36666647593,7.735925403760762,0.6307410721692381
3330,5,12.6600000381,11.876251970067084,0.7837480680329154
3331,5,6.63749998808,7.1462511111825044,0.5087511231025044
3332,5,8.33333365122,8.396351966404158,0.06301831518415746
3333,5,14.4333333969,12.095886448676,2.3374469482240006
3334,5,13.0,13.17077780077712,0.17077780077712035
3335,5,12.3999996185,11.473303082990645,0.9266965355093557
3336,1,11.5142856325,10.526199779692,0.9880858528080001
3337,1,8.69999980927,9.903874144591224,1.203874335321224
3338,1,6.5793103514,7.931597479618234,1.3522871282182338
3339,1,12.5333334605,11.820550348779419,0.7127831117205812
3340,1,12.1111111111,11.183729521607912,0.9273815894920876
3341,1,12.4500002861,11.533328944023856,0.9166713420761443
3342,1,12.1999998093,11.376925822963395,0.8230739863366043
3343,1,9.89999961853,9.088896637887572,0.8111029806424277
3344,1,8.90000009537,9.203275659374924,0.30327556400492384
3345,1,9.95454554124,10.565885358715237,0.6113398174752369
3346,1,12.25,11.64685169407659,0.6031483059234102
3347,1,11.9249999523,10.849729274110707,1.075270678189293
3348,2,8.86666647593,9.245840952223315,0.3791744762933149
3349,4,13.9500000477,13.729674192013794,0.22032585568620533
3350,4,12.8000001907,12.145660906985574,0.6543392837144264
3351,4,13.7999999523,12.57926013135014,1.220739820949861
3352,4,7.1250000596,7.919003733399117,0.794003673799117
3353,4,6.0312500298,8.01273418735717,1.98148415755717
3354,4,5.52000007629,7.766857662188018,2.2468575858980184
3355,4,13.0538460658,12.777125478557688,0.27672058724231263
3356,4,13.5,11.515852867213917,1.9841471327860827
3357,4,10.8999996185,10.510618475657292,0.3893811428427085
3358,4,6.27499997616,7.412799019577146,1.1377990434171457
3359,4,7.10666666031,7.888888482877341,0.7822218225673412
3360,4,8.57500016689,9.671596062337915,1.0965958954479156
3361,4,13.0,12.05871033274779,0.9412896672522102
3362,4,11.6999998093,13.818992376853537,2.118992567553537
3363,4,14.0999997457,12.76381108103761,1.336188664662389
3364,2,8.19999980927,9.93353822109821,1.73353841182821
3365,2,11.1999998093,11.187421198870476,0.012578610429523351
3366,2,12.8999996185,12.953481995200299,0.05348237670029832
3367,2,8.22499990463,10.12482584706594,1.8998259424359407
3368,2,11.3000001907,10.313174640633834,0.9868255500661665
3369,2,7.7333334287,9.637473144699873,1.9041397159998734
3370,2,12.8000001907,13.732949874461434,0.932949683761434
3371,2,11.6999998093,11.167617399164659,0.5323824101353409
3372,2,14.1000003815,12.71001558747908,1.3899847940209185
3373,1,7.70000004768,9.807365023884229,2.107364976204229
3374,1,11.6000001431,10.350665249607122,1.249334893492879
3375,1,7.69047623589,7.190899094153114,0.4995771417368866
3376,1,13.4277777672,12.173265050611063,1.2545127165889376
3377,1,14.1500000954,12.971360098637522,1.1786399967624774
3378,1,7.67500007153,8.22410885897959,0.5491087874495904
3379,1,12.3999999364,11.637830981667408,0.7621689547325925
3380,1,13.7250000238,12.828679559072656,0.896320464727344
3381,1,9.94999980927,9.521364617654283,0.42863519161571695
3382,1,12.3999996185,14.760247656527595,2.360248038027594
3383,1,12.6999998093,12.018845973457598,0.6811538358424016
3384,1,13.8999996185,12.233431074592348,1.666568543907653
3385,1,13.3333336512,12.789571308512542,0.543762342687458
3386,1,13.6333332062,12.355185924812787,1.2781472813872128
3387,1,13.9666665395,13.349129261435671,0.6175372780643293
3388,1,10.6000003815,10.537268280459884,0.0627321010401154
3389,1,11.3999996185,9.700081515584387,1.699918102915614
3390,1,15.1999998093,13.159337741742235,2.040662067557765
3391,1,13.1000003815,11.842988204240932,1.2570121772590674
3392,1,12.4500002861,10.769073346652114,1.680926939447886
3393,1,15.0,13.161529570383788,1.838470429616212
3394,1,8.65555551317,7.870883458765158,0.784672054404842
3395,4,12.8999996185,11.056944879268169,1.8430547392318317
3396,4,10.1333335241,9.673509229052668,0.4598242950473317
3397,4,12.9000002543,12.030470570653122,0.8695296836468778
3398,4,12.6000003815,10.763525881488047,1.8364745000119527
3399,4,13.5,12.95830438639093,0.54169561360907
3400,4,9.0,9.32265556679458,0.3226555667945803
3401,4,12.5333334605,11.010807840271765,1.522525620228235
3402,4,11.8400000572,12.469749669988898,0.6297496127888991
3403,4,7.69999980927,8.610872147639437,0.9108723383694368
3404,4,15.3000001907,13.178859081318715,2.121141109381286
3405,4,6.22500002384,7.412690970018512,1.1876909461785123
3406,5,13.5,12.239053957308514,1.2609460426914865
3407,5,9.47777779897,9.05924421678129,0.41853358218870973
3408,5,10.7999998728,12.41033756694555,1.6103376941455494
3409,1,8.43999996185,7.95188433106008,0.4881156307899204
3410,5,13.25,10.891976664388954,2.358023335611046
3411,5,14.7500002384,12.515963993293806,2.2340362451061946
3412,5,14.1999998093,11.38666533770217,2.8133344715978303
3413,5,11.5999999046,9.65709522514248,1.94290467945752
3414,5,10.9499998093,9.663797282710968,1.2862025265890313
3415,5,13.3000001907,12.554651668215017,0.7453485224849832
3416,5,13.1000003815,11.160727631688824,1.9392727498111757
3417,3,6.83636370572,8.870170085686558,2.033806379966558
3418,3,10.0666666031,10.897408627499788,0.8307420243997878
3419,3,13.2166666985,12.880110463135583,0.3365562353644158
3420,3,13.375,12.393887471367481,0.9811125286325186
3421,3,10.9749999046,11.4920771125021,0.5170772079020995
3422,3,10.2599998474,10.519817910996492,0.2598180635964926
3423,3,11.6000003815,11.488661484154925,0.11133889734507463
3424,3,7.68148150267,10.36161645577957,2.6801349531095706
3425,3,11.2235293108,12.193582594720208,0.9700532839202083
3426,2,12.8999996185,12.1330257606561,0.7669738578439009
3427,2,15.1999998093,13.52289267110611,1.6771071381938896
3428,2,14.75,13.528666760371879,1.2213332396281213
3429,2,11.1999998093,10.9336605692322,0.26633924006779885
3430,2,13.1833333969,13.39270444651793,0.20937104961793018
3431,2,9.75454547188,10.355356263525024,0.6008107916450243
3432,2,12.6600000381,13.123988399978552,0.4639883618785525
3433,2,9.86666679382,9.7511326738848,0.1155341199351998
3434,2,12.1222222116,12.263042109377892,0.1408198977778916
3435,2,7.43999996185,8.507029145286392,1.067029183436392
3436,2,14.8666664759,13.366765750038294,1.499900725861707
3437,2,12.5999999046,11.27863896328478,1.3213609413152199
3438,1,6.41250002384,7.733435265949487,1.3209352421094875
3439,1,11.0,9.777206343285402,1.2227936567145985
3440,1,13.8179486593,12.726128730554993,1.0918199287450072
3441,1,12.4371428626,13.050510346844742,0.6133674842447423
3442,1,7.23333326976,7.19654107302945,0.03679219673055023
3443,1,9.22876721212,10.910441738568137,1.6816745264481376
3444,1,11.5333332486,11.186869604588901,0.34646364401109864
3445,1,8.31666684151,9.964467658597833,1.647800817087834
3446,1,10.9500002861,11.906000259464225,0.955999973364225
3447,1,7.32352935567,8.9631050282448,1.639575672574801
3448,1,10.6000003815,9.994102292776903,0.6058980887230963
3449,1,13.8999998569,12.378528168000251,1.521471688899748
3450,1,7.01999998093,7.584109070254573,0.5641090893245728
3451,1,13.2999998728,13.562526536140197,0.26252666334019636
3452,1,11.2166666985,11.639770409512462,0.42310371101246247
3453,1,7.86500008106,8.209417847093942,0.34441776603394203
3454,1,5.78333338102,7.484701649141385,1.701368268121385
3455,4,10.4249999523,11.604389207074298,1.1793892547742981
3456,4,5.9230768864,8.681287227253906,2.758210340853906
3457,4,7.96666661898,8.245420048002071,0.27875342902207123
3458,4,13.6375001669,12.412027342080417,1.2254728248195832
3459,4,11.1999998093,10.202401334215981,0.9975984750840183
3460,4,11.1999998093,13.14577063955954,1.9457708302595407
3461,4,12.3500001431,11.725788122546911,0.6242120205530899
3462,4,6.06666668256,7.631473142518751,1.564806459958751
3463,4,12.2333332698,13.823674261070744,1.590340991270745
3464,4,10.5249998569,9.73594985294788,0.78905000395212
3465,4,8.39999961853,9.73013406731343,1.3301344487834292
3466,4,12.4000000954,11.683512469498732,0.7164876259012676
3467,4,12.1999998093,11.511607546501882,0.6883922627981178
3468,4,13.5,14.248029414904428,0.748029414904428
3469,1,17.0083332062,16.634468247711155,0.37386495848884493
3470,1,18.7499996821,18.35966438375093,0.390335298349072
3471,1,16.4666668574,17.379093931841346,0.9124270744413465
3472,1,16.9646153377,19.348842264385286,2.3842269266852867
3473,1,21.0540984107,24.796648997623596,3.7425505869235955
3474,1,18.8059458861,20.217819527284952,1.4118736411849504
3475,1,18.1016891969,19.63903396645547,1.537344769555471
3476,1,26.1719877078,27.53389917898125,1.3619114711812514
3477,1,16.8037037673,17.664408256042776,0.8607044887427762
3478,1,21.7177083294,22.963483821484147,1.245775492084146
3479,1,14.7888888253,17.256928112439024,2.468039287139023
3480,1,16.2230769671,18.17517001854461,1.95209305144461
3481,3,25.5087591297,21.687641388524376,3.821117741175623
3482,3,18.5249999894,14.78867610729439,3.7363238821056104
3483,3,19.9545454545,14.9905579329229,4.963987521577099
3484,3,21.4720000458,22.117160236599435,0.6451601907994338
3485,3,16.7714287894,16.629096865473738,0.14233192392626393
3486,3,16.6428571429,16.788597233276697,0.1457400903766981
3487,3,24.2297297813,19.30137941537021,4.928350365929791
3488,3,16.5,15.699305228463286,0.8006947715367136
3489,3,19.3714285351,17.255224558526166,2.1162039765738356
3490,3,15.2799999237,15.35894062417738,0.07894070047738033
3491,3,14.6941176022,15.270817890883878,0.5767002886838775
3492,3,21.1634615385,20.289096219028522,0.874365319471476
3493,3,17.929999733,16.40709946638763,1.5229002666123677
3494,3,20.5214286532,15.735006625539777,4.786422027660224
3495,3,17.8341773069,15.765264719538656,2.0689125873613428
3496,3,15.8749998808,15.415780138444184,0.45921974235581686
3497,5,15.1875000795,17.49527483768987,2.30777475818987
3498,3,15.7600000381,15.237027652186807,0.5229723859131923
3499,5,18.0916668574,16.43276514106318,1.6589017163368212
3500,5,20.660714422,24.6388324061548,3.9781179841547996
3501,5,14.7999999523,16.924451090019485,2.1244511377194844
3502,5,15.8083334366,17.425111557407494,1.6167781208074938
3503,5,15.5,17.557558070824598,2.057558070824598
3504,5,15.8977777799,19.465032396148374,3.5672546162483734
3505,5,15.8000001907,16.230008381151894,0.4300081904518933
3506,5,17.7520000458,17.664627271077993,0.08737277472200589
3507,5,16.0285715376,16.977431561762916,0.948860024162915
3508,5,22.020000049,24.639148735680386,2.6191486866803864
3509,5,19.9352943196,23.403633963208264,3.468339643608264
3510,5,17.1483872321,17.276828805583726,0.12844157348372676
3511,5,20.2500004768,18.236900564776366,2.013099912023634
3512,5,14.9600000381,15.120391715376442,0.16039167727644177
3513,5,18.0095238004,18.724410395081442,0.7148865946814418
3514,5,19.543478095,22.01550634515572,2.47202825015572
3515,5,21.5670103093,23.980799634176556,2.413789324876557
3516,5,18.3814814532,20.51414007697453,2.1326586237745317
3517,5,15.8357144764,19.063745021278987,3.2280305448789868
3518,5,19.6950819297,18.640662441947242,1.0544194877527566
3519,5,18.4112675358,18.585517737095604,0.1742502012956031
3520,5,14.8714284897,15.934985923623861,1.0635574339238616
3521,5,17.8071428026,15.948552515765828,1.8585902868341737
3522,5,15.8333333333,17.174780422549144,1.3414470892491437
3523,5,16.897560957,17.39466843242457,0.49710747542457057
3524,5,15.6000000347,17.10078727474208,1.5007872400420776
3525,5,28.653386439,28.557491425884972,0.09589501311502602
3526,5,21.3734374344,23.852273509598028,2.4788360751980285
3527,5,29.5099077928,25.992484915368312,3.517422877431688
3528,5,20.639999644,20.092491232833982,0.5475084111660173
3529,5,23.2044116749,24.38872161890629,1.1843099440062872
3530,1,16.8461536994,16.5089886719729,0.33716502742709764
3531,1,15.8250000477,17.431494693440357,1.6064946457403568
3532,1,14.5,14.996004664504357,0.49600466450435654
3533,1,21.4560974865,22.958594764283184,1.5024972777831849
3534,1,14.3571429934,14.86148654232797,0.5043435489279702
3535,1,14.6000000238,15.330483323996623,0.7304833001966227
3536,1,16.7999992371,18.568880616446243,1.7688813793462437
3537,1,21.3819445239,16.9846333248602,4.397311199039798
3538,1,17.927272762,17.974295361106368,0.047022599106366414
3539,1,18.5285715376,16.401752058071096,2.126819479528905
3540,1,18.1055555344,17.633357407049665,0.4721981273503353
3541,1,23.2257142748,21.61558733120466,1.6101269435953398
3542,1,18.6013792367,20.82146535252184,2.2200861158218395
3543,1,16.6862068176,17.85226590593045,1.166059088330453
3544,1,16.0608695901,18.435958703761465,2.3750891136614634
3545,1,20.8249999682,21.2356809931713,0.4106810249713
3546,1,14.4000000954,16.506010935149092,2.106010839749093
3547,1,30.0261681934,27.53325247323974,2.4929157201602585
3548,1,21.8149605548,22.115637140964505,0.30067658616450643
3549,1,18.6306382687,18.646428231926446,0.01578996322644599
3550,1,18.1999999631,16.721932209603843,1.478067753496159
3551,1,19.4900114824,19.745114338775736,0.2551028563757356
3552,1,15.3500001431,18.482780705007173,3.132780561907172
3553,1,23.3881356352,26.040798357234898,2.652662722034897
3554,1,21.3968749642,20.674378969280916,0.7224959949190826
3555,1,17.7624998093,18.782154594069652,1.0196547847696529
3556,1,16.9331250548,19.053856364306164,2.120731309506162
3557,1,21.8339285851,23.189158846668114,1.3552302615681135
3558,1,19.8687500954,21.076823987738095,1.2080738923380956
3559,1,14.5799999237,15.510874241092246,0.9308743173922451
3560,1,18.3137932481,20.979690428720097,2.665897180620096
3561,1,24.8499999387,23.637010680748197,1.2129892579518042
3562,1,15.8892856666,18.158762393772125,2.269476727172126
3563,1,19.0665048673,17.47224625654082,1.59425861075918
3564,1,19.8371427536,17.721102542556494,2.1160402110435044
3565,2,20.654782685,16.815248209561815,3.8395344754381853
3566,2,14.4000000954,15.689661314226457,1.289661218826458
3567,2,15.3000001907,14.989258522892564,0.3107416678074362
3568,2,19.357142789,17.58036393099622,1.7767788580037802
3569,2,19.2794117086,22.111116854785024,2.8317051461850227
3570,2,18.8287879192,19.78332015450838,0.9545322353083812
3571,2,26.445613928,23.885589156446393,2.560024771553607
3572,2,14.1000003815,14.703322322783775,0.6033219412837756
3573,2,14.5,16.12302721410913,1.623027214109129
3574,2,15.933333079,16.914260521597793,0.9809274425977925
3575,2,15.8777777354,18.783474450562565,2.9056967151625646
3576,2,15.8333331744,16.979137015682603,1.1458038412826035
3577,2,15.4499999046,16.66663750904876,1.2166376044487581
3578,2,19.6297619456,19.342730555206217,0.287031390393782
3579,2,15.3399999619,16.452246885004055,1.1122469231040544
3580,2,20.0144330054,18.51048139006902,1.5039516153309798
3581,2,22.7103448013,21.304574723443572,1.4057700778564275
3582,2,13.8999996185,15.830400760857753,1.930401142357752
3583,4,15.6000003815,15.989639108764315,0.38963872726431603
3584,4,15.2,14.865063085718718,0.3349369142812808
3585,4,18.6750000318,18.26267092865402,0.4123291031459786
3586,4,15.9400000254,16.60748888360632,0.667488858206319
3587,4,24.7395349187,26.02115368507906,1.2816187663790615
3588,4,15.1666666667,16.187139554491658,1.0204728877916587
3589,4,18.2923076336,18.543146255223046,0.25083862162304627
3590,4,15.0,14.923789073003197,0.07621092699680254
3591,4,14.1499997775,13.727876484144655,0.4221232933553445
3592,4,19.0666664971,18.086144282512446,0.9805222145875554
3593,4,15.5444444021,16.475134971754667,0.9306905696546668
3594,4,16.8571429934,16.84743609305602,0.009706900343978475
3595,4,18.9375,18.702674913679157,0.23482508632084276
3596,4,22.2058822728,22.07887393450259,0.12700833829741143
3597,4,14.4318181385,17.019827387741973,2.5880092492419724
3598,4,17.8257142203,15.877784805381134,1.9479294149188657
3599,4,15.0,15.404961076140891,0.40496107614089105
3600,4,20.764285905,22.930704091674023,2.166418186674022
3601,5,17.0133332994,17.528634232486795,0.5153009330867953
3602,5,15.1000000238,16.738603112690665,1.6386030888906653
3603,5,28.3719999313,26.83560568960175,1.5363942416982503
3604,5,23.9045453505,24.995359636323826,1.090814285823825
3605,5,21.0533332825,18.42854377644985,2.624789506050149
3606,5,17.0857143402,16.640774768236,0.44493957196399947
3607,5,23.0844444063,21.31009200637868,1.7743523999213195
3608,5,15.4749999046,16.163819907707936,0.688820003107935
3609,5,15.1800000668,16.94231153314577,1.7623114663457695
3610,5,21.3521738467,19.375721274557748,1.9764525721422537
3611,5,18.9575759425,22.119186448517734,3.161610506017734
3612,3,9.0,8.152139926543228,0.8478600734567721
3613,3,7.69999980927,7.2275751166719475,0.47242469259805286
3614,3,11.3666667938,9.003394855254912,2.363271938545088
3615,3,11.8999996185,9.414710949451386,2.4852886690486145
3616,3,11.3000001907,9.564460855404022,1.7355393352959787
3617,3,11.5666666031,9.119708517838689,2.4469580852613113
3618,3,11.3999996185,8.586992731311339,2.8130068871886618
3619,3,9.40000009537,9.050507005522313,0.34949308984768734
3620,3,9.39999961853,8.55236173277627,0.8476378857537306
3621,3,8.64999985695,8.721567690523926,0.07156783357392626
3622,3,10.9333333969,9.33543067646913,1.59790272043087
3623,2,11.4333333969,10.650026844887618,0.7833065520123821
3624,2,12.0,10.51060611141926,1.4893938885807394
3625,2,8.39999961853,9.704704207634776,1.3047045891047766
3626,2,11.6500000954,10.100933769828398,1.5490663255716015
3627,2,9.89999961853,10.166066105783795,0.266066487253795
3628,2,8.5,10.248522285816055,1.7485222858160547
3629,2,11.5,10.083528575742688,1.4164714242573115
3630,2,11.1000003815,9.851806723875146,1.248193657624853
3631,2,11.2199998856,9.796807942239974,1.4231919433600257
3632,2,11.6999998093,9.982302241881667,1.7176975674183321
3633,2,11.0249998569,9.477405162605375,1.5475946942946237
3634,2,11.1999998093,10.183745310571023,1.0162544987289763
3635,5,8.63999977112,8.53699641965866,0.10300335146133932
3636,5,8.69999980927,9.609033164597268,0.9090333553272671
3637,5,8.39999961853,8.895771232026846,0.49577161349684573
3638,5,11.8000001907,9.389848647576553,2.4101515431234475
3639,5,8.60000038147,7.461370118673912,1.138630262796088
3640,5,8.60000038147,9.046675902759539,0.4466755212895386
3641,5,8.19999980927,8.711666490858825,0.5116666815888244
3642,5,11.433333079,10.050730315002973,1.3826027639970278
3643,5,11.6999998093,11.62736550273804,0.0726343065619588
3644,5,8.70000012716,8.843192174996183,0.1431920478361839
3645,5,8.30000019073,9.18908343006434,0.8890832393343402
3646,4,9.30000019073,10.443205511801722,1.1432053210717221
3647,4,11.1750001907,8.863061930245966,2.311938260454035
3648,4,8.5,9.003953054417636,0.5039530544176358
3649,4,8.5,8.646330258483422,0.14633025848342207
3650,4,11.8000001907,8.943377817069766,2.856622373630234
3651,4,8.7999997139,8.968630242379051,0.16863052847905102
3652,4,10.1999998093,8.984230197311545,1.2157696119884545
3653,4,8.51999988556,9.809757348527272,1.2897574629672715
3654,4,8.53333346049,8.60054260900226,0.06720914851225857
3655,4,10.8000001907,10.130058588544504,0.6699416021554967
3656,4,9.72499990463,8.414702599658678,1.3102973049713214
3657,4,12.4000000954,10.388850760902343,2.011149334497656
3658,4,10.4333335559,8.664055682118828,1.7692778737811707
3659,4,8.09999990463,9.766592153166508,1.6665922485365083
3660,4,11.8499999046,8.99031792209623,2.859681982503771
3661,4,8.29999995232,8.615276840272905,0.31527688795290487
3662,4,8.38333328565,9.415904950459339,1.032571664809339
3663,4,11.6999998093,9.141037194507058,2.558962614792941
3664,4,8.20000019073,9.062955853871781,0.862955663141781
3665,4,8.13333336512,9.081567139029069,0.9482337739090685
3666,4,8.80000019073,10.454789458438237,1.654789267708237
3667,4,9.89999961853,8.614284604776007,1.2857150137539932
3668,4,8.44999980927,8.555020589674845,0.10502078040484442
3669,4,10.1000003815,8.328195717408347,1.7718046640916523
3670,4,10.6000003815,10.072449174771043,0.5275512067289565
3671,5,10.8000001907,9.87637222869931,0.9236279620006904
3672,5,10.9399997711,9.575127598945159,1.3648721721548416
3673,5,10.1999998093,9.833973341654135,0.3660264676458649
3674,5,11.3000001907,10.807827707793741,0.49217248290625903
3675,5,8.0,9.654546791172717,1.6545467911727165
3676,5,11.75,9.108493305094527,2.6415066949054733
3677,5,8.7999997139,9.502492635586401,0.7024929216864013
3678,5,7.59999990463,8.504778731525148,0.9047788268951482
3679,5,11.3000001907,9.735002300589342,1.564997890110659
3680,5,8.19999980927,8.224306261383791,0.02430645211379101
3681,3,12.1500000954,9.52473784829246,2.625262247107539
3682,3,11.5,9.696210654545617,1.8037893454543834
3683,3,9.19999980927,8.475298984199819,0.7247008250701814
3684,3,11.7999997139,9.438955514901814,2.3610441989981865
3685,3,11.3999996185,9.64367648404205,1.7563231344579506
3686,3,11.0500001907,8.650631579550016,2.399368611149985
3687,3,10.8600000381,9.389787744430567,1.4702122936694337
3688,3,8.10000038147,8.693102502374872,0.5931021209048719
3689,5,8.19999980927,9.02325154458618,0.8232517353161803
3690,3,9.19999980927,8.51078035265689,0.6892194566131096
3691,3,11.0,9.17516135586565,1.8248386441343492
3692,3,10.8000001907,9.345435869851725,1.4545643208482755
3693,3,8.10000002384,7.770619676887575,0.3293803469524246
3694,3,10.0,8.571446188077367,1.428553811922633
3695,3,11.3499999046,9.250144548004307,2.0998553565956932
3696,3,9.7000002861,8.64104417982314,1.0589561062768595
3697,3,8.39999961853,8.337694093701039,0.06230552482896101
3698,3,9.86666679382,9.950583720763422,0.0839169269434219
3699,3,10.8999996185,9.31224298178796,1.5877566367120401
3700,3,10.5333334605,9.314114122196838,1.2192193383031622
3701,3,9.25,8.914073767617566,0.3359262323824339
3702,2,8.33333333333,9.644391444728829,1.3110581113988289
3703,2,8.4500002861,9.671547063835003,1.2215467777350035
3704,2,10.3000001907,10.17413202827624,0.1258681624237603
3705,2,8.65000009537,9.791721425979993,1.1417213306099931
3706,2,9.39999961853,9.66953038300736,0.26953076447735924
3707,2,10.9500002861,10.567272909638817,0.38272737646118316
3708,2,9.5,10.002291258411793,0.5022912584117929
3709,2,8.2000002861,9.68682373120037,1.4868234451003701
3710,2,8.00000023842,9.546206338654073,1.5462061002340732
3711,2,9.27499985695,10.108681375133067,0.8336815181830666
3712,2,8.5,9.683194936121772,1.1831949361217724
3713,2,10.8999996185,9.475046717270448,1.4249529012295525
3714,2,8.89999961853,9.516461238852656,0.6164616203226565
3715,2,11.8999996185,10.127352633584575,1.7726469849154256
3716,2,8.60000038147,9.890602540072546,1.290602158602546
3717,2,8.5,9.50046093985414,1.0004609398541398
3718,2,8.5,10.106752586920233,1.6067525869202335
3719,2,10.5500001907,9.59967974042996,0.9503204502700413
3720,2,12.6999998093,10.74100766313907,1.958992146160929
3721,2,8.5,10.097164731684273,1.5971647316842734
3722,2,9.3666665819,9.862727006637183,0.49606042473718226
3723,2,11.3999996185,10.011487306091894,1.388512312408107
3724,2,11.5500001907,10.335048298140904,1.214951892559096
3725,1,8.60000038147,9.742435971853585,1.1424355903835846
3726,1,8.80000019073,8.50006972166529,0.29993046906471044
3727,1,9.60000006358,9.98641340118543,0.38641333760543084
3728,1,8.5,9.265985394261932,0.7659853942619321
3729,1,11.4333337148,9.877216706984168,1.556117007815832
3730,1,9.10000038147,9.111496193058763,0.01149581158876245
3731,1,10.0999999046,9.660224813917637,0.43977509068236387
3732,1,8.19999980927,9.373935524075105,1.1739357148051042
3733,1,8.34000015259,10.026175874967581,1.6861757223775822
3734,1,8.53999996185,9.710313647893788,1.1703136860437873
3735,1,10.1999998093,9.92963764750279,0.27036216179720896
3736,1,10.5249998569,10.618136657374333,0.09313680047433337
3737,1,8.66666666667,10.496425071825424,1.8297584051554239
3738,1,9.68333339691,10.127256092015301,0.4439226951053019
3739,1,10.6999998093,10.120468858339294,0.5795309509607058
3740,1,11.3999996185,10.42251168133128,0.9774879371687213
3741,1,11.5,10.456112046464579,1.043887953535421
3742,1,8.55000019073,10.482678221549516,1.9326780308195168
3743,3,11.8999998569,9.621211234585495,2.2787886223145044
3744,3,8.89999961853,8.324591423417788,0.5754081951122121
3745,3,8.3714285578,9.109552615168823,0.7381240573688235
3746,3,9.34999990463,8.734514425578492,0.6154854790515074
3747,3,8.56666660309,8.630495853124241,0.06382925003424056
3748,3,12.0750000477,10.482646291604347,1.5923537560956529
3749,3,11.9000000954,8.431454559986735,3.4685455354132646
3750,3,11.1999998093,8.89692425819622,2.3030755511037793
3751,3,8.55000019073,8.347587098481572,0.20241309224842752
3752,3,9.04999995232,8.849156476152102,0.20084347616789877
3753,2,8.89999961853,9.513984986001725,0.6139853674717255
3754,2,11.1000003815,10.237751790101754,0.8622485913982452
3755,2,11.9000000954,9.753522521054506,2.146477574345493
3756,2,8.4500002861,9.833585498289338,1.3835852121893382
3757,2,8.89999961853,9.738218910142855,0.8382192916128552
3758,2,8.34999990463,10.020925254542595,1.6709253499125953
3759,2,8.56666660309,10.173900595705582,1.6072339926155816
3760,2,9.65999984741,10.074217571459812,0.41421772404981105
3761,2,8.19999980927,9.356120021919523,1.1561202126495225
3762,2,8.47499990463,9.715716564471357,1.2407166598413575
3763,2,8.55000019073,9.422228624357604,0.8722284336276047
3764,2,10.1999998093,8.887306073017008,1.3126937362829914
3765,2,8.5,9.411240519177918,0.9112405191779178
3766,2,8.84999990463,9.95072859002465,1.1007286853946496
3767,2,8.39999961853,9.561672039758292,1.1616724212282925
3768,2,10.5333334605,9.44136848926178,1.0919649712382196
3769,4,10.4750001431,8.749250994730989,1.7257491483690117
3770,3,8.95000004768,8.698135274813971,0.2518647728660284
3771,4,9.60000002384,8.312677059949213,1.2873229638907873
3772,4,8.375,9.05573995767037,0.6807399576703705
3773,4,8.10000038147,8.955163402807699,0.8551630213376988
3774,4,8.18000011444,8.645379159275262,0.46537904483526127
3775,4,8.3,8.858972326800249,0.558972326800248
3776,4,8.5,8.664524728118696,0.16452472811869612
3777,4,8.55000019073,7.911074021128981,0.6389261696010182
3778,4,8.69999980927,8.348307425469443,0.35169238380055745
3779,4,10.1333335241,9.129426662938561,1.003906861161438
3780,4,10.8999996185,9.980048336715555,0.9199512817844457
3781,4,8.30000019073,8.82075458819115,0.5207543974611504
3782,5,12.6999998093,11.414515702462747,1.2854841068372522
3783,5,9.0,8.553152926593352,0.44684707340664787
3784,5,9.65000009537,9.19379966971141,0.4562004256585901
3785,5,10.6499998569,10.595688817302936,0.054311039597063626
3786,5,9.97142846244,9.242960881016224,0.7284675814237769
3787,5,10.8999996185,11.32886179991741,0.4288621814174096
3788,5,7.90000009537,8.56860356417036,0.6686034688003595
3789,5,11.0,10.613091522842131,0.3869084771578688
3790,3,11.8000001907,9.176071163456946,2.6239290272430544
3791,3,11.1833333969,9.398425908201759,1.7849074886982415
3792,3,11.1333332062,9.749486643762156,1.383846562437844
3793,3,8.74999976158,8.975358225643237,0.22535846406323756
3794,3,9.48333326976,8.90753165625974,0.5758016135002588
3795,3,11.3000001907,9.127524416404052,2.1724757742959486
3796,3,9.67499995232,9.351129365964056,0.32387058635594457
3797,3,8.59999974569,9.054731463599454,0.45473171790945344
3798,3,10.1999998093,9.417925613990992,0.7820741953090078
3799,3,9.10000038147,8.88775413770787,0.21224624376213086
3800,3,9.05000019073,8.933548771643867,0.11645141908613255
3801,3,12.1000003815,9.01161312885597,3.0883872526440292
3802,3,8.30000019073,7.625385169243174,0.6746150214868258
3803,3,8.7999997139,8.916576328567906,0.11657661466790614
3804,3,9.0,8.615739941845042,0.38426005815495756
3805,5,13.5999999046,14.52668472719984,0.9266848225998388
3806,5,14.6692308279,14.97055860846028,0.3013277805602801
3807,5,12.2666667302,14.630871682935073,2.364204952735072
3808,5,14.0,14.839654025241874,0.8396540252418738
3809,5,13.8500001431,13.269917983680104,0.5800821594198968
3810,2,15.314285687,12.8426266261576,2.4716590608424003
3811,5,11.6999998093,13.090110528915531,1.3901107196155316
3812,5,13.8200000763,13.742149614750932,0.07785046154906716
3813,5,16.1799999237,13.554535744814274,2.625464178885725
3814,5,13.9249999523,14.314071963832163,0.3890720115321624
3815,5,12.5999999046,13.091734592483816,0.4917346878838149
3816,1,13.7333332698,13.624192207178481,0.1091410626215179
3817,1,14.3000001907,13.456209306499034,0.8437908842009669
3818,1,14.3000001907,14.855250682873553,0.5552504921735526
3819,1,12.5,14.125413710307198,1.625413710307198
3820,1,12.8285714558,13.335011230435748,0.5064397746357479
3821,1,13.9800001144,13.292278670663269,0.6877214437367307
3822,1,12.9499999682,14.578055606666817,1.628055638466817
3823,1,12.7200000763,15.447926470839947,2.7279263945399475
3824,1,12.300000044,14.583037460672234,2.283037416672233
3825,1,12.4000000954,13.61192629592174,1.2119262005217415
3826,1,12.8166666031,13.365458231394415,0.5487916282944152
3827,1,12.8999998569,15.045968999981762,2.1459691430817625
3828,1,12.5,14.012271600727757,1.5122716007277575
3829,1,13.1799999237,14.031536656943265,0.8515367332432646
3830,3,14.7428569794,12.209154770893786,2.533702208506215
3831,3,12.9800001144,12.915017514094815,0.06498260030518388
3832,3,12.6999998093,12.913384337678274,0.21338452837827404
3833,3,13.0500001907,13.79160036268745,0.7416001719874501
3834,3,14.25,13.860284945287088,0.38971505471291223
3835,3,12.8499999046,12.964660662730074,0.11466075813007315
3836,3,14.3999996185,15.23974690784168,0.8397472893416786
3837,3,14.0,12.470704209776247,1.5292957902237525
3838,3,13.1000003815,12.4703320333435,0.6296683481564997
3839,3,12.672727238,12.509581921824802,0.16314531617519812
3840,3,13.4500002861,13.124443218339154,0.3255570677608457
3841,3,14.25,13.004339155635744,1.2456608443642558
3842,3,12.2714286532,13.1396971158787,0.8682684626787012
3843,3,14.3500003815,12.559842248182505,1.7901581333174938
3844,3,12.7999999183,14.145574744684703,1.3455748263847038
3845,3,13.2666664124,12.494057699253222,0.7726087131467771
3846,3,13.6333332062,13.027162240134025,0.6061709660659744
3847,3,12.3000001907,12.552851112478908,0.2528509217789079
3848,3,13.0999999046,13.063460460580437,0.03653944401956366
3849,3,13.9500000477,12.705448366352632,1.2445516813473674
3850,3,14.1333332062,12.334359943387993,1.798973262812007
3851,3,13.0,12.5440346069821,0.45596539301789996
3852,3,14.5749998093,13.041310200622087,1.5336896086779124
3853,3,13.4666665395,11.901516345327433,1.565150194172567
3854,3,12.8000001907,12.680002705574704,0.11999748512529607
3855,3,14.3499999046,13.858743806365238,0.49125609823476246
3856,3,12.6749999523,12.839607780198019,0.16460782789801875
3857,3,13.1999998093,12.565257506337124,0.6347423029628754
3858,3,13.7625000477,12.803776993045162,0.958723054654838
3859,3,11.8800001144,13.702044826148681,1.8220447117486813
3860,5,12.5,13.853780047367046,1.3537800473670458
3861,5,13.4333333969,13.535714148407093,0.10238075150709314
3862,5,13.0,14.39071979009449,1.39071979009449
3863,5,12.9999999046,15.45292860442508,2.4529286998250814
3864,5,12.9000000954,15.614707866957403,2.7147077715574035
3865,5,12.8166666031,14.577637908141929,1.7609713050419291
3866,5,12.7833334605,13.639851849102135,0.8565183886021348
3867,5,12.0923076776,13.882438904815091,1.7901312272150918
3868,5,12.2399999619,13.973511938295317,1.7335119763953166
3869,5,15.4599998474,13.83411396860311,1.6258858787968915
3870,5,14.7333332698,14.003285920110532,0.7300473496894675
3871,5,13.3400001526,14.237694564011633,0.8976944114116332
3872,5,13.9749999046,14.24693442730633,0.2719345227063297
3873,5,13.7222222222,14.113412409934597,0.39119018773459757
3874,5,13.5913044473,15.172784046470682,1.581479599170681
3875,4,13.4333333969,13.054078332067508,0.37925506483249194
3876,4,13.8000001907,13.181724630593532,0.6182755601064684
3877,4,13.6083334287,14.510829149439257,0.9024957207392568
3878,4,14.3899999619,13.025800874950741,1.3641990869492577
3879,4,12.4888889525,13.072097797428082,0.5832088449280821
3880,4,13.4571426937,13.425517759413442,0.031624934286558215
3881,4,13.5,13.20274937200149,0.2972506279985101
3882,4,11.5333333015,13.105943080884202,1.5726097793842015
3883,4,13.0499997139,13.463325294374,0.4133255804739999
3884,4,13.3250000477,13.623434425598736,0.2984343778987366
3885,2,12.4833332698,14.272154630836225,1.7888213610362254
3886,2,13.0499997139,14.769266875149512,1.7192671612495118
3887,2,12.3999996185,14.171753240843394,1.7717536223433932
3888,2,14.0250000954,13.610695599056324,0.41430449634367505
3889,2,13.4800001144,14.514209804941656,1.0342096905416565
3890,2,12.4428571974,13.353644346166002,0.9107871487660013
3891,2,12.0999999728,13.80049659942909,1.700496626629091
3892,2,12.75,13.97221793375419,1.2222179337541892
3893,2,12.8692307105,13.09965656620318,0.23042585570317975
3894,2,14.6000003815,13.265525340054012,1.3344750414459874
3895,2,13.4166668256,13.376913895075358,0.03975293052464224
3896,2,12.7666667302,14.162429674139295,1.3957629439392942
3897,2,13.0,13.830951032617776,0.8309510326177758
3898,2,12.4799999237,16.494623704390307,4.014623780690307
3899,1,11.9333333969,14.524780179245221,2.591446782345221
3900,1,14.8999999364,13.080637972275637,1.8193619641243632
3901,1,14.1000003815,12.686387488228828,1.4136128932711713
3902,1,13.7333332698,13.536580945311217,0.19675232448878255
3903,1,13.5999999046,13.697353674326635,0.09735376972663445
3904,1,14.4666665395,12.719707854499836,1.7469586850001644
3905,1,14.1000003815,13.919108416372442,0.18089196512755734
3906,2,14.9285714286,14.408142060655285,0.5204293679447147
3907,1,12.8999996185,13.049014998716576,0.149015380216575
3908,1,13.7000002861,14.191964248023549,0.49196396192354896
3909,1,16.3999996185,13.172522642078892,3.2274769764211086
3910,1,14.0499997139,12.134513698503778,1.9154860153962225
3911,1,12.9750001431,13.320741420339045,0.34574127723904446
3912,1,13.0333334605,13.627490329212268,0.5941568687122682
3913,1,12.4399999619,13.918526074475013,1.4785261125750129
3914,1,12.6999998093,14.741381858150318,2.041382048850318
3915,1,13.3999996185,13.670799674324442,0.27080005582444144
3916,1,13.4333333969,14.414258867721559,0.9809254708215587
3917,1,12.1000003815,15.795985295406208,3.6959849139062086
3918,1,12.8666667938,13.336277031097227,0.4696102372972266
3919,1,12.5,13.381754235064378,0.8817542350643777
3920,1,13.6000003815,13.622982342104798,0.022981960604798957
3921,2,13.8999996185,13.430150589532705,0.4698490289672961
3922,2,12.3999996185,14.28549924569598,1.8854996271959799
3923,2,14.5,13.831086230802082,0.6689137691979177
3924,2,16.5833331744,13.959378169585536,2.623955004814464
3925,2,12.4000000954,13.469034227379185,1.0690341319791852
3926,2,14.9000000954,12.704755510105006,2.1952445852949936
3927,2,13.0142857688,13.841926651983796,0.8276408831837951
3928,2,12.2222222222,13.34364140514793,1.12141918294793
3929,2,12.5,13.877483462192345,1.3774834621923446
3930,2,13.8166666031,13.758075463825904,0.05859113927409609
3931,2,12.0,13.489263201570589,1.489263201570589
3932,2,13.0500001907,13.9930175524967,0.9430173617967004
3933,2,16.2999998728,13.29774525913859,3.0022546136614103
3934,2,12.3000000318,13.06333322300326,0.7633331912032606
3935,2,12.5499997139,13.510620323189,0.9606206092890002
3936,5,13.1000003815,14.30716922424148,1.2071688427414813
3937,5,13.8999996185,13.626157313999794,0.2738423045002065
3938,5,12.8999999364,14.195179040439704,1.295179104039704
3939,5,13.5454546322,13.703833648343188,0.15837901614318817
3940,5,12.6464285851,14.500523385355578,1.8540948002555773
3941,5,13.4749999642,13.409362412596916,0.06563755160308382
3942,5,12.5099999428,13.437334829558388,0.9273348867583877
3943,5,11.3749997616,13.573557812041502,2.198558050441502
3944,5,12.2888888253,14.794636340676165,2.5057475153761644
3945,5,13.3999996185,13.834058971864872,0.4340593533648711
3946,5,12.6999998093,14.8208310049804,2.1208311956804007
3947,5,14.5800001144,13.139734307281474,1.4402658071185268
3948,5,12.8000001907,13.845181187460577,1.0451809967605765
3949,5,14.3000001907,14.233423129501437,0.06657706119856321
3950,5,13.566666921,15.165172133338713,1.5985052123387131
3951,5,12.6499999364,13.974699061377452,1.3246991249774513
3952,5,12.9333333969,14.92163237436702,1.9882989774670197
3953,5,13.2999997139,13.87583856960015,0.5758388557001499
3954,5,12.6499999762,13.98555098330496,1.335551007104959
3955,5,14.2666667302,13.122371006590177,1.1442957236098241
3956,5,14.5,13.942387575225213,0.5576124247747867
3957,5,12.9999999046,14.459544911055298,1.4595450064552988
3958,5,12.7249999046,13.821574631095306,1.0965747264953052
3959,5,13.4000000954,13.592569116097925,0.1925690206979258
3960,5,16.9250001907,13.636498914875595,3.288501275824405
3961,5,14.3000001907,14.417243373136301,0.11724318243630094
3962,5,13.4000000954,14.07822014494766,0.6782200495476598
3963,5,12.7500002384,14.192083853527881,1.4420836151278813
3964,5,12.8000001907,14.514740869607332,1.7147406789073312
3965,5,13.3499999046,13.768346180407182,0.4183462758071812
3966,5,12.6666668256,14.30995447962,1.6432876540199999
3967,5,12.5500001907,14.54712101288136,1.9971208221813601
3968,5,14.3600000381,13.187763471261785,1.1722365668382153
3969,5,13.6000003815,14.533588543548452,0.9335881620484532
3970,5,12.5500001907,14.963861974105097,2.413861783405096
3971,5,14.8142855508,15.567729314084184,0.753443763284185
3972,5,12.9250001907,13.365392552725414,0.4403923620254133
3973,2,13.3769230476,14.52559926086225,1.1486762132622506
3974,2,13.6500000954,14.13675226178328,0.48675216638328145
3975,2,13.25,13.878497121839652,0.6284971218396525
3976,2,12.0,14.590070135794207,2.590070135794207
3977,2,14.5999999046,14.262457372324757,0.33754253227524345
3978,2,12.6000001431,13.970991988944245,1.3709918458442445
3979,2,13.6000003815,13.686025909061092,0.08602552756109283
3980,2,13.0500001907,14.2526804771601,1.2026802864600992
3981,2,14.6500000954,13.821454138947427,0.8285459564525723
3982,2,13.0999999046,14.121596935133994,1.021597030533993
3983,2,13.25,14.37837668010189,1.1283766801018906
3984,2,13.8250000477,13.68523765645646,0.13976239124353995
3985,3,14.5,13.172914202141772,1.3270857978582278
3986,3,13.3499999046,13.720136320355302,0.3701364157553009
3987,3,13.25,13.129289809865577,0.12071019013442275
3988,3,13.4000000954,12.546149181377771,0.8538509140222281
3989,3,12.1399999619,12.662445561317584,0.5224455994175852
3990,3,13.8333333333,13.361850443852001,0.47148288944799965
3991,3,13.3000001907,12.673394769663133,0.6266054210368672
3992,3,13.9333333969,12.43702195209897,1.4963114448010302
3993,3,12.414285796,11.93489520939195,0.4793905866080497
3994,3,13.3999996185,13.009269419927623,0.3907301985723777
3995,3,12.9250000318,13.979256564790186,1.0542565329901858
3996,3,12.8555555344,12.600324402617735,0.2552311317822653
3997,3,13.0,12.984370012584217,0.015629987415783475
3998,3,13.7000002861,12.825399327632967,0.8746009584670329
3999,3,12.9800001144,13.428929248292615,0.4489291338926158
4000,1,12.9400001526,13.33862593992096,0.39862578732095955
4001,1,12.8333333333,14.399318790952343,1.5659854576523422
4002,1,13.25,13.382754679891049,0.1327546798910486
4003,1,12.3000001907,15.195240581407703,2.895240390707702
4004,1,13.1999998093,12.976993769011818,0.2230060402881815
4005,1,12.0899999619,13.26037309363567,1.1703731317356691
4006,1,12.1499998569,13.740903565697128,1.5909037087971285
4007,1,15.5999999728,13.150150875417163,2.4498490973828364
4008,1,13.3000000318,12.959006654415711,0.34099337738428837
4009,1,13.7,16.05990249521393,2.3599024952139303
4010,1,12.7000001272,13.643602048941574,0.9436019217415748
4011,5,13.5,13.469381215314717,0.030618784685282563
4012,5,14.0500001907,13.777439570734028,0.27256061996597225
4013,5,13.2999999523,15.573031474490383,2.273031522190383
4014,5,11.3499999046,13.968140055286941,2.6181401506869406
4015,5,15.0333331426,13.64044044180788,1.3928927007921192
4016,5,12.4666665395,13.70931415837187,1.2426476188718691
4017,5,12.5750000477,14.417931703920335,1.842931656220335
4018,5,13.7999997139,14.36482645888787,0.5648267449878706
4019,5,14.6799999237,13.554392588904324,1.125607334795676
4020,5,14.3999996185,13.846282968925522,0.5537166495744792
4021,5,12.7000001272,13.554739740699205,0.8547396134992056
4022,5,12.3999996185,14.371735278739822,1.9717356602398208
4023,5,14.9249997139,14.341623428661972,0.5833762852380282
4024,5,16.2499995232,13.77789536623671,2.4721041569632902
4025,5,13.0,13.465156449083024,0.46515644908302356
4026,4,16.1000003815,12.826238777677407,3.2737616038225923
4027,4,13.8500003815,13.149085042996974,0.7009153385030249
4028,4,12.8888887829,13.58475223212526,0.6958634492252589
4029,4,13.0,13.000075301013583,7.530101358277363e-05
4030,4,13.1500000954,13.184948867821564,0.03494877242156491
4031,4,12.8999996185,12.603337430920448,0.2966621875795532
4032,4,13.5,13.699461674471214,0.19946167447121432
4033,4,14.625,13.367816003891756,1.2571839961082443
4034,4,13.1800001144,13.124335804240452,0.05566431015954798
4035,4,12.1749999523,13.42352544240892,1.2485254901089196
4036,4,13.2999997139,13.005799975941661,0.29419973795833876
4037,4,13.3499999046,13.385199458847717,0.03519955424771659
4038,4,12.7909089002,13.316893683482965,0.5259847832829649
4039,4,12.8999996185,12.40511828973923,0.49488132876077096
4040,4,13.3999996185,12.910743528064353,0.48925609043564755
4041,4,14.7666667302,12.715914090700664,2.0507526394993363
4042,4,12.9500002861,14.256940980582502,1.3069406944825026
4043,4,15.1333335241,13.0814068076598,2.0519267164401995
4044,4,12.6399999619,13.162726365876416,0.5227264039764172
4045,4,13.1999998093,13.08328434629751,0.11671546300248892
4046,4,12.7571427936,14.071170611729068,1.3140278181290679
4047,4,13.6999998093,13.073078726097812,0.6269210832021876
4048,4,14.75,12.76236785931609,1.9876321406839104
4049,4,13.6999998093,13.704020382353397,0.004020573053397314
4050,4,12.0538461392,13.414878110399592,1.3610319711995924
4051,4,13.0285713332,13.02412478402031,0.004446549179689896
4052,4,12.7571427482,12.951555036492515,0.194412288292515
4053,4,14.9833332698,12.75191013026264,2.231423139537359
4054,3,14.25,13.363090179403942,0.8869098205960579
4055,3,12.8999999364,12.805809079959653,0.0941908564403473
4056,3,14.4374998808,14.09708160931228,0.34041827148772086
4057,3,13.8000001907,13.280797504916151,0.5192026857838492
4058,3,12.1666665872,12.35819779853393,0.19153121133392936
4059,3,15.8000001907,12.45968601770033,3.340314172999671
4060,3,12.0600000381,13.368653068499626,1.3086530303996255
4061,3,12.75,12.679619830577233,0.07038016942276748
4062,3,12.8999999364,13.205757461297324,0.30575752489732366
4063,3,12.7750000954,12.661090696489127,0.11390939891087193
4064,3,13.3999999364,11.78928183591143,1.6107181004885707
4065,3,13.5499997139,11.489313721811797,2.060685992088203
4066,1,14.25,13.572188184862942,0.6778118151370585
4067,1,12.6500000954,13.6277505054792,0.9777504100792012
4068,1,12.3999996185,16.630903523420827,4.230903904920826
4069,1,11.8000001907,14.721003479765779,2.921003289065778
4070,1,12.6277778414,13.302266569902049,0.6744887285020482
4071,1,13.007692337,13.740646926139725,0.7329545891397249
4072,1,12.5,14.711326145587035,2.2113261455870354
4073,1,12.3214285714,13.673260933823112,1.3518323624231119
4074,1,12.8999996185,13.717460237661978,0.8174606191619773
4075,1,12.4750001431,12.432847063098357,0.04215308000164342
4076,1,14.2666667302,13.411686524385381,0.8549802058146199
4077,1,13.3368420852,14.538230720995816,1.2013886357958157
4078,1,14.5499997139,15.657979383060745,1.1079796691607449
4079,3,14.3999999364,13.521719619253732,0.8782803171462685
4080,3,13.0499997139,12.971542071644038,0.07845764225596241
4081,3,12.2333332698,12.898412450628756,0.6650791808287568
4082,3,14.3000001907,11.94409417965774,2.3559060110422614
4083,3,12.8666664759,12.99720920357193,0.13054272767192998
4084,3,13.25,12.646919897371252,0.6030801026287484
4085,3,14.3999996185,12.040769358394154,2.3592302601058464
4086,3,12.6000003815,13.024417676811439,0.42441729531143935
4087,3,13.4200000763,13.234062781445552,0.18593729485444754
4088,3,12.929999876,13.158861120083941,0.22886124408394082
4089,3,14.4333333969,12.168551895515847,2.264781501384153
4090,3,12.8000001907,13.477650122428566,0.6776499317285651
4091,3,12.3999996185,13.431908338949498,1.031908720449497
4092,3,15.3999996185,12.50356855767471,2.8964310608252912
4093,3,13.3714286259,12.704760678776164,0.6666679471238357
4094,5,15.316666921,13.076364892737107,2.2403020282628923
4095,5,13.1000000636,14.383439625496862,1.2834395618968628
4096,5,12.4333333969,14.372043782731199,1.9387103858311985
4097,5,14.75,12.867644353681602,1.8823556463183984
4098,5,13.1999998093,14.669935812236975,1.4699360029369757
4099,5,13.8000001907,13.463888894574104,0.3361112961258961
4100,5,14.4666665395,13.596824387103435,0.8698421523965649
4101,5,12.9200000763,14.289425151316635,1.3694250750166361
4102,5,12.0749998093,13.742426325704782,1.6674265164047828
4103,5,12.835714204,13.954835755215722,1.1191215512157218
4104,5,12.8000000318,14.814960398372769,2.014960366572769
4105,5,14.2199998856,14.402409598496797,0.18240971289679742
4106,5,13.1666666667,14.471112591784278,1.3044459250842788
4107,5,13.0600000381,13.931921196719937,0.8719211586199371
4108,5,13.1000003815,14.012834978122479,0.9128345966224796
4109,5,12.6428570066,13.651630654567994,1.0087736479679936
4110,5,12.6666666667,13.887123689400955,1.2204570227009555
4111,5,12.7999999183,16.04293797575543,3.2429380574554294
4112,5,13.4333335559,14.330225169582848,0.8968916136828486
4113,5,12.7249999046,13.794504303217483,1.0695043986174824
4114,5,12.6142856053,13.916655233557929,1.3023696282579298
4115,5,13.820000267,13.89960970499602,0.07960943799602127
4116,5,12.7599998474,13.465211894396312,0.7052120469963121
4117,5,13.0499997139,13.874925091563739,0.8249253776637389
4118,5,13.1999998093,13.646589507559378,0.44658969825937866
4119,5,12.75,14.534654614941353,1.7846546149413527
4120,4,13.5666666031,13.418054504718267,0.14861209838173295
4121,4,13.6999998093,13.793905345188028,0.09390553588802852
4122,4,13.1749999523,12.627965563914566,0.5470343883854341
4123,4,12.8499999046,12.974626296358712,0.12462639175871182
4124,4,16.5,12.895592058481988,3.604407941518012
4125,4,13.0499999523,12.687394309595682,0.3626056427043185
4126,4,13.75,12.898882406039213,0.8511175939607867
4127,4,14.3000001907,12.983957066397084,1.316043124302917
4128,4,12.0250000954,13.303455176604173,1.2784550812041733
4129,4,13.8999999364,13.262664487560283,0.6373354488397176
4130,4,13.1500000954,12.460907866292805,0.6890922291071941
4131,1,13.8999996185,13.084560304128386,0.8154393143716145
4132,1,16.5000004768,13.510354587042212,2.9896458897577887
4133,1,12.5,14.917843472195381,2.417843472195381
4134,1,13.9249999523,14.767062988144678,0.8420630358446779
4135,1,13.1000003815,13.164627269447363,0.06462688794736415
4136,1,12.8000001907,14.229142254151965,1.4291420634519643
4137,1,13.7333332698,13.40734903059535,0.32598423920464903
4138,1,13.8333333333,13.34749058723918,0.4858427460608201
4139,1,14.1000000636,14.935939256396539,0.8359391927965394
4140,1,12.3714283534,13.716137227673496,1.3447088742734952
4141,1,13.25,13.574076169082106,0.32407616908210635
4142,1,11.9000000954,13.103703711240856,1.2037036158408565
4143,1,13.3499999046,14.118549069292683,0.7685491646926828
4144,1,13.2666667302,13.321334408580105,0.054667678380104334
4145,1,13.9333333969,13.412394126066651,0.5209392708333489
4146,1,13.7000001272,13.602920400216641,0.09707972698335787
4147,1,15.9199998856,12.656855195900189,3.2631446896998106
4148,1,12.2750000954,14.69425428089521,2.4192541854952108
4149,1,15.3999996185,12.52550275997605,2.874496858523951
4150,1,11.7555554708,16.09484887479913,4.339293403999131
4151,1,14.8999996185,13.429884544032294,1.4701150744677065
4152,1,13.3307691721,13.401185191085649,0.07041601898564842
4153,1,15.7142857143,13.480053678583067,2.234232035716934
4154,1,14.7000001272,12.76191001793314,1.9380901092668594
4155,1,13.7999997139,14.482327874516018,0.6823281606160183
4156,1,14.1666666667,12.786117506507718,1.380549160192281
4157,1,13.25,14.25021277485339,1.0002127748533898
4158,1,14.1500000954,13.762142453882529,0.3878576415174706
4159,1,12.1166666349,14.237039673300929,2.1203730384009294
4160,1,13.3000001907,13.964778161833902,0.6647779711339012
4161,1,12.8500003815,14.023746345988318,1.1737459644883188
4162,1,14.3545455066,14.636546594647776,0.28200108804777635
4163,1,15.4000000954,13.079350366736076,2.3206497286639234
4164,1,13.1333335241,14.420240807335368,1.2869072832353687
4165,1,12.7200000763,14.358446144575408,1.6384460682754085
4166,1,12.4333333969,14.89828291067821,2.46494951377821
4167,1,13.1000003815,13.361287968337287,0.2612875868372875
4168,1,12.4,13.744829900754096,1.344829900754096
4169,1,12.6500000954,13.685923200587624,1.0359231051876243
4170,1,13.4599998474,13.225824123731389,0.23417572366861172
4171,1,13.8249998093,12.696791988604188,1.1282078206958115
4172,5,13.0999998365,14.297165181358823,1.1971653448588224
4173,5,13.0916667779,15.37587009751074,2.2842033196107394
4174,5,13.9999997616,14.179967819487203,0.17996805788720316
4175,5,12.320000267,13.574554967051236,1.2545547000512371
4176,5,15.6499999364,13.682142845974361,1.967857090425639
4177,5,12.9037036896,14.251102238629441,1.3473985490294407
4178,5,11.6857141767,13.75019949637829,2.0644853196782904
4179,5,14.7499999046,14.450017134382817,0.29998277021718245
4180,5,12.5333334605,14.411347486870076,1.8780140263700762
4181,5,13.7999999523,13.388539895688755,0.4114600566112454
4182,5,13.9499999682,15.041918205201274,1.0919182370012734
4183,5,13.5714285714,13.910429037585281,0.339000466185281
4184,5,14.7333332698,13.806826127411616,0.9265071423883828
4185,5,12.3875001669,13.961853970609562,1.5743538037095615
4186,2,14.2399999619,13.641941076571701,0.5980588853282995
4187,2,13.3833332856,13.259886597839218,0.12344668776078116
4188,2,12.914285796,13.229205640257245,0.3149198442572452
4189,2,12.0,14.123347793996745,2.1233477939967447
4190,2,13.1999998093,13.956592028581971,0.7565922192819716
4191,2,12.2142857143,14.379304121307129,2.1650184070071283
4192,2,14.4799999237,13.649292900472393,0.8307070232276068
4193,2,13.2333335876,13.693371987604307,0.46003840000430607
4194,2,12.2666664124,13.637755333767782,1.3710889213677824
4195,2,11.7333332698,13.81590689173693,2.0825736219369304
4196,2,11.933333079,14.586534132476599,2.6532010534765984
4197,2,13.0999999046,12.673937561665703,0.4260623429342978
4198,2,10.0500001907,10.935590874121715,0.8855906834217144
4199,2,9.25,10.445870701765873,1.1958707017658732
4200,2,7.90909099579,9.865559928090882,1.956468932300882
4201,2,11.7000002861,11.247772053041585,0.4522282330584151
4202,2,11.0500001907,10.853091987285522,0.19690820341447868
4203,2,10.3333333333,10.215391198494217,0.11794213480578364
4204,2,10.6000003815,10.585005691367252,0.014994690132747124
4205,2,11.5,10.796381723902638,0.7036182760973624
4206,2,11.4999996821,10.839431667625025,0.6605680144749755
4207,2,12.1000003815,10.73564172034005,1.3643586611599492
4208,1,11.8999996185,11.040261026126375,0.8597385923736258
4209,1,10.5999999046,11.467323498157231,0.8673235935572308
4210,1,9.36470581503,10.545451693309563,1.1807458782795628
4211,1,9.5499997139,10.059828288928642,0.5098285750286422
4212,1,12.8000001907,10.49127905893532,2.308721131764681
4213,1,8.19999980927,10.753010250782712,2.5530104415127113
4214,1,11.3000001907,10.993878141507928,0.30612204919207286
4215,1,8.94375002384,10.492464035541172,1.548714011701172
4216,1,11.1200000763,11.098023879831889,0.021976196468111553
4217,1,8.90909090909,10.258164672868155,1.3490737637781542
4218,1,11.9666665395,10.885041923985021,1.0816246155149791
4219,3,9.3866666158,10.049375742757073,0.6627091269570737
4220,3,10.316666762,10.309835595859205,0.006831166140795375
4221,3,12.7000002861,10.1894266681233,2.5105736179767
4222,3,12.5333331426,10.637368138437392,1.8959650041626084
4223,3,11.1500000954,9.84651436262067,1.303485732779329
4224,3,11.1166667938,10.747741055763463,0.3689257380365376
4225,3,10.0499999523,10.0885003472906,0.03850039499059932
4226,3,10.6666666667,10.770244682136076,0.10357801543607614
4227,1,9.35000010899,10.626345913737715,1.2763458047477148
4228,1,11.3499999046,11.134887642961269,0.21511226163873154
4229,1,10.75,11.07035009159605,0.3203500915960493
4230,1,12.1000003815,11.858284940493492,0.241715441006507
4231,1,9.10000038147,10.187045705477093,1.087045324007093
4232,1,11.8499999046,11.118343438903793,0.7316564656962079
4233,1,11.1666663488,10.593374239858012,0.5732921089419882
4234,1,8.875,10.359045633135407,1.4840456331354073
4235,1,9.48749995232,9.924695090899377,0.4371951385793764
4236,5,11.8000001907,10.785601764198653,1.014398426501348
4237,5,11.6666666667,11.589257649936831,0.07740901676316803
4238,5,12.6000003815,10.194520818859456,2.4054795626405436
4239,5,11.6500000954,11.527504816756347,0.12249527864365284
4240,5,11.3000001907,12.6477907902029,1.3477905995028987
4241,5,11.6999998093,10.72270868452391,0.9772911247760891
4242,5,10.8000001907,7.355821491347103,3.4441786993528973
4243,5,11.3000001907,10.191748848844014,1.1082513418559863
4244,5,12.3999996185,10.720706285720494,1.6792933327795065
4245,5,12.4666665395,10.351080870456052,2.1155856690439485
4246,4,11.3999996185,9.98404209141828,1.415957527081721
4247,4,9.15000001589,9.068147174507818,0.08185284138218307
4248,4,8.72857138089,9.152234736669792,0.42366335577979264
4249,4,11.2333332698,10.596813204616396,0.6365200651836034
4250,4,9.24999990463,9.96611860031003,0.7161186956800307
4251,4,11.1000003815,10.246443501178188,0.8535568803218112
4252,4,9.13750004768,9.298379172330533,0.160879124650533
4253,4,9.30645158214,9.254137512202675,0.05231406993732435
4254,4,11.9000000954,9.59042205788501,2.3095780375149886
4255,4,10.9499998093,9.906657161490681,1.0433426478093182
4256,3,11.8666667938,10.81614243651908,1.0505243572809206
4257,3,11.6999998093,10.412703341334588,1.2872964679654118
4258,3,10.0000002384,10.11418837318459,0.11418813478458922
4259,3,9.57500004768,9.436506962538344,0.13849308514165592
4260,3,12.3600002289,10.566447154713948,1.7935530741860521
4261,3,9.98333326976,10.499016688043772,0.5156834182837731
4262,3,9.67777782016,9.405406769544797,0.2723710506152024
4263,3,11.1500000954,10.213650473041133,0.9363496223588665
4264,3,10.6000003815,9.821084962387424,0.7789154191125753
4265,3,9.24285711561,9.500571076110667,0.2577139605006664
4266,2,9.80000019073,11.519997367837338,1.719997177107338
4267,2,10.0999999046,9.6711425547234,0.4288573498766013
4268,2,9.40000009537,10.278544773364557,0.8785446779945563
4269,2,9.9500002861,10.264253633814999,0.3142533477149989
4270,2,9.38333336512,10.404698403605327,1.0213650384853263
4271,2,8.73333326976,9.858982213625772,1.125648943865773
4272,2,10.3444443809,10.230178836830081,0.1142655440699194
4273,2,10.8999996185,10.475650810037875,0.42434880846212586
4274,2,9.27999992371,10.396373196002758,1.1163732722927584
4275,2,10.0999999046,10.860548591548328,0.7605486869483276
4276,2,10.3666667938,10.688403833418562,0.3217370396185615
4277,2,11.5,10.96249225793756,0.5375077420624397
4278,5,10.6833333969,9.83899621760667,0.8443371792933299
4279,5,10.8333330154,10.258013278586152,0.5753197368138476
4280,5,12.5,6.57448308679162,5.92551691320838
4281,5,12.0500001907,11.386584510909662,0.6634156797903383
4282,5,12.5,11.541201301005623,0.9587986989943769
4283,5,12.3000001907,10.57709318883174,1.7229070018682613
4284,5,11.8999996185,10.770674635542356,1.1293249829576446
4285,5,11.8000001907,7.05698581955013,4.7430143711498705
4286,5,11.1000003815,10.083426901979339,1.0165734795206607
4287,5,11.3999996185,10.612163988763243,0.7878356297367581
4288,5,8.9615385349,9.847739020003646,0.8862004851036449
4289,5,11.3000001907,9.738838927652415,1.5611612630475857
4290,5,12.3000001907,10.842940737461475,1.457059453238525
4291,3,11.5,10.666852145231864,0.8331478547681357
4292,3,10.5499997139,9.586481972234356,0.963517741665644
4293,3,11.3999996185,10.212379614500183,1.1876200039998182
4294,3,9.30000003179,9.209863814339553,0.09013621745044809
4295,4,9.42499995232,10.030602483020882,0.6056025307008817
4296,3,10.8999996185,9.546483152643845,1.3535164658561563
4297,3,9.80000019073,10.53786012297337,0.7378599322433708
4298,3,12.25,10.575219644525752,1.6747803554742475
4299,3,9.12000007629,9.422375915089994,0.3023758387999944
4300,3,9.65882351819,10.261780650611257,0.6029571324212579
4301,1,11.8500003815,10.781049393660961,1.0689509878390382
4302,1,11.6000003815,10.147710053610133,1.452290327889866
4303,1,11.3999996185,11.125094426605038,0.27490519189496254
4304,1,10.7000001272,11.16932751140406,0.4693273842040604
4305,1,9.65999999046,10.213686804971212,0.553686814511213
4306,1,12.4500002861,11.197355400219918,1.2526448858800823
4307,1,10.9000000954,11.575021804815181,0.6750217094151818
4308,1,9.80000019073,11.297589530926462,1.4975893401964626
4309,1,9.91428579603,10.688232617533858,0.7739468215038574
4310,1,10.3999999364,11.066593293021867,0.6665933566218669
4311,5,9.7,9.779730937260899,0.07973093726089964
4312,5,8.39473682956,10.22887784413993,1.8341410145799308
4313,5,10.1999998093,9.140508908132299,1.0594909011677007
4314,5,11.5500001907,11.488600702325456,0.06139948837454412
4315,5,12.1999998093,11.387568627173385,0.8124311821266144
4316,5,11.75,10.473068268352609,1.276931731647391
4317,5,9.10000038147,9.631779778304926,0.531779396834926
4318,5,10.4499998093,11.730762566965844,1.280762757665844
4319,5,11.6999998093,9.969211055174366,1.7307887541256335
4320,5,11.4500002861,10.727249833763112,0.7227504523368875
4321,5,9.33333333333,10.498889487283416,1.1655561539534158
4322,1,12.3000001907,11.446438366327902,0.8535618243720986
4323,1,12.8000001907,12.719126907971107,0.08087328272889316
4324,1,9.67692301824,10.67469175004489,0.9977687318048893
4325,1,10.6000003815,11.177126176703023,0.577125795203024
4326,1,11.1500000954,11.048256744479108,0.10174335092089137
4327,1,9.25833328565,10.362667391303876,1.1043341056538765
4328,1,9.0,10.731355986742651,1.731355986742651
4329,1,10.8000001907,10.516121462852004,0.2838787278479966
4330,1,8.6999999455,10.389243812336874,1.6892438668368737
4331,1,9.23703712887,10.732037296678662,1.4950001678086622
4332,1,11.8000001907,10.783099301659801,1.0169008890401994
4333,1,9.35000038147,10.449697606809735,1.0996972253397352
4334,1,11.6999998093,10.588145867086567,1.1118539422134326
4335,4,11.2333334287,10.351696849816634,0.8816365788833664
4336,4,11.3666664759,9.99301238040022,1.3736540954997807
4337,4,12.1500000954,9.761168745304378,2.3888313500956215
4338,4,11.6999998093,9.980632907605568,1.719366901694432
4339,4,8.97142859868,9.586384623461626,0.6149560247816268
4340,4,9.36666647593,9.101853324157286,0.2648131517727137
4341,4,10.8499999046,10.584170057025164,0.2658298475748371
4342,4,8.9791667064,9.488877857971632,0.5097111515716328
4343,4,9.7000001027,9.13395256861094,0.5660475340890603
4344,4,9.16190474374,9.0279229305513,0.13398181318869895
4345,4,9.86666647593,10.543947405158423,0.6772809292284236
4346,4,8.80000019073,9.484301280513153,0.684301089783153
4347,4,12.6000003815,10.13265570487162,2.467344676628379
4348,4,9.25,9.244190383653166,0.00580961634683419
4349,4,11.4499998093,9.616852779057453,1.8331470302425465
4350,4,9.91111119588,8.671012468373675,1.240098727506325
4351,4,9.39999961853,9.631117792089835,0.23111817355983533
4352,1,11.3800001144,10.698503861851233,0.6814962525487669
4353,1,10.8999996185,10.81343288247233,0.08656673602767029
4354,1,10.0,10.59830617711685,0.5983061771168501
4355,1,11.0999999046,10.921706869804318,0.17829303479568281
4356,1,11.6999998093,11.843719192827754,0.14371938352775437
4357,1,11.1999998093,11.774758976548625,0.5747591672486259
4358,1,9.70000012716,10.885574960432207,1.1855748332722076
4359,1,8.90000009537,10.485886932879124,1.5858868375091237
4360,1,9.88333352407,10.409038290489864,0.5257047664198637
4361,1,9.10000038147,9.85862325634722,0.7586228748772204
4362,2,10.0666666031,10.654458545397265,0.5877919422972653
4363,2,9.5,10.041220753963536,0.5412207539635361
4364,2,12.1000003815,10.744927604331084,1.3550727771689157
4365,2,11.8999996185,10.604315772669862,1.2956838458301387
4366,2,12.3000001907,10.78641523942746,1.5135849512725397
4367,2,11.2749998569,11.082920786070233,0.1920790708297666
4368,2,11.3000001907,10.99822843452218,0.30177175617782126
4369,1,7.97272742878,8.798782031150019,0.8260546023700188
4370,1,9.89999961853,11.354201663854955,1.454202045324955
4371,1,8.92499995232,8.575368678730566,0.34963127358943424
4372,1,8.4500002861,8.99888744432444,0.5488871582244403
4373,1,10.600000109,9.889050430418294,0.7109496785817058
4374,1,11.3111110263,11.456149132875343,0.14503810657534189
4375,1,8.37777776188,9.286996609094842,0.9092188472148433
4376,1,10.6636362076,11.527835932864233,0.8641997252642337
4377,1,10.6000003815,11.143196699704973,0.5431963182049735
4378,1,6.86666679382,9.156576353200252,2.289909559380252
4379,1,10.7600000381,9.516866706271614,1.2431333318283855
4380,1,9.55000019073,9.360999406051885,0.18900078467811454
4381,1,8.33333333333,9.025865615031437,0.6925322817014372
4382,3,9.90000009537,8.376248970676052,1.5237511246939484
4383,3,9.25333328247,8.514405110076503,0.7389281723934982
4384,3,6.37777773539,8.497914660875328,2.120136925485328
4385,3,9.38253967346,9.756660003697096,0.3741203302370959
4386,3,9.9500002861,8.363430806049566,1.586569480050434
4387,3,11.4500000136,10.07836424610717,1.3716357674928297
4388,3,7.91052630073,9.92406471155185,2.01353841082185
4389,3,10.1000003815,10.113511840815722,0.013511459315722618
4390,3,10.6769230916,9.863970061155861,0.8129530304441399
4391,3,7.625,8.907547507271541,1.2825475072715413
4392,3,8.36666679382,9.17173699593324,0.8050702021132405
4393,3,10.685714313,10.090277958261467,0.5954363547385331
4394,3,9.23750007153,9.713032321904187,0.47553225037418656
4395,3,8.22500014305,8.159721166693007,0.06527897635699276
4396,3,11.5999997457,9.616398147950306,1.9836015977496935
4397,3,8.59999990463,8.832614378753586,0.2326144741235865
4398,3,7.82444447411,8.976968978805374,1.152524504695374
4399,3,9.06000003815,8.408596998604873,0.6514030395451265
4400,3,7.0,8.600918966947912,1.600918966947912
4401,3,11.5999999046,9.940606616890015,1.6593932877099853
4402,3,10.0285714013,9.376874477907965,0.651696923392036
4403,3,7.65,8.558311452278653,0.9083114522786531
4404,2,9.98000011444,9.65607610719336,0.3239240072466387
4405,2,9.55199993134,9.25835251910318,0.2936474122368189
4406,2,11.8,10.953280528958445,0.8467194710415562
4407,2,9.26000003815,9.26619447519991,0.006194437049909851
4408,2,10.6999998093,8.674697532320828,2.025302276979172
4409,2,8.56666660309,8.916074972040313,0.34940836895031246
4410,2,8.0624999404,8.994463039525936,0.9319630991259356
4411,2,7.21999998093,7.768680237544162,0.548680256614162
4412,2,8.89999993642,9.18534631773614,0.2853463813161401
4413,2,11.4500000477,11.406073503719405,0.0439265439805947
4414,2,11.3600001017,10.903951860067757,0.456048241632244
4415,2,9.21000003815,9.487351462819571,0.27735142466957186
4416,2,8.17027027543,8.719516457126042,0.5492461816960432
4417,2,11.0199998856,10.668987731362575,0.3510121542374254
4418,2,7.28749996424,7.857970668265065,0.5704707040250652
4419,2,7.46428574835,9.041129647177694,1.5768438988276943
4420,2,10.1000000636,9.44537076037504,0.6546293032249597
4421,2,8.125,7.982680147880449,0.14231985211955056
4422,2,9.95789487738,9.437221433988686,0.5206734433913134
4423,2,10.1800001144,9.48641875775417,0.6935813566458311
4424,2,9.45833341281,9.098666544403484,0.3596668684065154
4425,2,10.8999996185,10.616459401963464,0.2835402165365366
4426,2,10.1333332062,8.968182154761202,1.165151051438798
4427,2,11.1666666667,10.738937804750815,0.42772886194918414
4428,2,8.39999993642,10.019864586699612,1.6198646502796112
4429,2,8.28571428571,9.53612419139985,1.2504099056898497
4430,2,7.70000001362,8.805400982538888,1.1054009689188877
4431,2,7.08823532217,7.939379217047503,0.8511438948775032
4432,2,7.3653846704,9.820286919483202,2.4549022490832018
4433,1,7.27777777778,9.161878022295479,1.884100244515479
4434,1,7.78571421759,9.0612961008629,1.275581883272901
4435,1,6.97142857597,9.459505327502438,2.4880767515324376
4436,1,8.28571430274,8.716700168973254,0.43098586623325374
4437,1,8.0,8.515791087358611,0.5157910873586111
4438,1,11.3499999046,9.808728137664541,1.5412717669354592
4439,1,11.4500002861,9.999891554910587,1.4501087311894132
4440,1,6.67777782016,8.228648927832186,1.5508711076721857
4441,1,8.44999980927,10.261040351167157,1.8110405418971567
4442,1,6.80303034638,8.532357744565287,1.729327398185287
4443,1,10.2249999046,8.566515935408852,1.658483969191149
4444,1,9.64999993642,10.536430703816524,0.8864307673965239
4445,1,8.75000011921,9.533097569018274,0.7830974498082739
4446,1,10.1428570066,11.066655219069737,0.9237982124697375
4447,1,6.81666676203,7.413321936829745,0.5966551747997455
4448,1,8.4571428299,8.818404159598455,0.36126132969845415
4449,1,8.29999987284,8.854414822911215,0.5544149500712141
4450,1,9.77857140132,10.721418845749305,0.9428474444293045
4451,1,9.93333339691,8.760491080580806,1.1728423163291932
4452,1,9.75,9.42633292576258,0.32366707423742014
4453,1,8.35000038147,9.230885738721934,0.880885357251934
4454,1,8.38000011444,9.263088773856722,0.8830886594167229
4455,1,8.71666669846,8.777832106963086,0.06116540850308638
4456,1,8.55000019073,9.625767232509876,1.0757670417798764
4457,1,8.3879999733,10.832574672825453,2.444574699525454
4458,1,11.125,10.34079687268978,0.7842031273102208
4459,1,7.7720000267,9.246860138045953,1.4748601113459534
4460,1,9.65000009537,10.432998796344574,0.7829987009745736
4461,1,11.5500001907,9.727763852547431,1.8222363381525692
4462,1,8.97500002384,9.808292203446804,0.8332921796068042
4463,1,8.71999988556,9.98118681765377,1.2611869320937696
4464,1,7.98000001907,9.095654771992704,1.1156547529227039
4465,3,8.09999998411,9.357893989404001,1.257894005294002
4466,3,8.56666660309,9.416085364763248,0.8494187616732471
4467,3,7.94000005722,8.440351295827313,0.5003512386073128
4468,3,8.38749998808,9.47713010945018,1.0896301213701793
4469,3,9.77500009537,9.287688905918479,0.4873111894515212
4470,3,10.3000000318,9.94418364875778,0.3558163830422192
4471,3,10.2529411877,9.131493029311939,1.121448158388061
4472,3,7.24615375812,7.959362492585053,0.7132087344650531
4473,3,10.2999998728,9.064427396366728,1.2355724764332727
4474,3,10.75,10.33901084696696,0.4109891530330394
4475,3,12.1499999364,10.460367285850953,1.689632650549047
4476,3,9.49999988079,8.064994451646967,1.4350054291430325
4477,3,6.54545454545,8.21776155214345,1.6723070066934502
4478,3,7.51000003815,8.779550064502194,1.269550026352194
4479,3,12.5333331426,10.445803822892564,2.0875293197074356
4480,3,9.75,9.498598615541002,0.2514013844589975
4481,3,7.14545449344,8.736285625568556,1.5908311321285558
4482,3,10.9399999619,10.780214484575687,0.1597854773243128
4483,3,9.12857151031,8.575367439839395,0.5532040704706045
4484,3,9.89999961853,10.238858110142365,0.33885849161236514
4485,3,10.1111112171,9.209392237278479,0.9017189798215206
4486,3,9.56666660309,8.730180133773413,0.8364864693165881
4487,3,10.6400001526,10.219196798219949,0.4208033543800518
4488,3,11.3000001907,10.223723328752278,1.076276861947722
4489,3,8.6285714422,9.109365293580291,0.48079385138029096
4490,3,8.10000038147,9.483465984067447,1.3834656025974468
4491,3,10.4000000954,8.798598370927417,1.6014017244725824
4492,3,8.42499995232,8.57847079128152,0.15347083896151936
4493,3,11.1333335241,10.476019603746504,0.657313920353495
4494,3,12.2000000477,10.430292035001905,1.7697080126980946
4495,3,10.1999998093,9.966001605260882,0.23399820403911775
4496,3,10.3083334764,8.405864502572681,1.9024689738273182
4497,3,10.2599998474,10.425192227660844,0.16519238026084437
4498,3,8.86666679382,9.41333369208913,0.5466668982691303
4499,3,7.82000000477,10.23147264684085,2.4114726420708497
4500,3,6.87368418041,8.203450076711697,1.329765896301697
4501,3,10.3000001907,9.938500724688659,0.36149946601134175
4502,3,10.2499997616,8.876466197296429,1.373533564303571
4503,3,9.03333324856,8.954871824870724,0.07846142368927644
4504,3,12.3499999046,10.617870873253114,1.7321290313468864
4505,3,12.1666666667,9.946509647081179,2.2201570196188207
4506,3,11.7250001431,9.990506797918318,1.7344933451816829
4507,5,7.625,7.685998836267334,0.060998836267334156
4508,3,9.78333330154,8.694930827115634,1.0884024744243668
4509,3,10.3499996662,9.269556719748506,1.0804429464514946
4510,5,8.85454550656,8.949770615612412,0.09522510905241255
4511,5,9.89999961853,10.205315877268688,0.3053162587386886
4512,5,8.20000004768,7.577802518590808,0.6221975290891919
4513,5,8.14999997616,7.959425789789461,0.19057418637053924
4514,5,8.17499989271,7.8425168200783695,0.33248307263163035
4515,5,8.43529415131,8.97825657688106,0.5429624255710603
4516,5,11.5428571701,10.481842177459875,1.0610149926401249
4517,5,8.23333326976,8.200618135307485,0.032715134452514505
4518,5,6.87692304758,8.113819333995004,1.2368962864150035
4519,5,10.3999996185,9.5191315903033,0.8808680281967014
4520,5,10.0250000954,10.373668906697347,0.3486688112973475
4521,5,8.28571442195,7.938062543955938,0.34765187799406316
4522,5,11.2000000477,10.552259284216328,0.6477407634836716
4523,5,7.89375007153,7.430247014375126,0.46350305715487483
4524,5,8.54999995232,7.806950608350181,0.7430493439698189
4525,5,10.2166667779,8.832233597706239,1.3844331801937617
4526,5,7.61999988556,7.28306298510774,0.33693690045226
4527,3,8.34999990463,10.201561598866114,1.8515616942361142
4528,3,8.75555552377,9.015440185488282,0.2598846617182833
4529,3,9.0933333079,9.230754124299537,0.13742081639953696
4530,3,10.0315789173,8.901939805582554,1.1296391117174451
4531,3,10.3777776294,10.23506856868632,0.14270906071368117
4532,3,12.5,10.063222962310057,2.436777037689943
4533,3,11.1666667726,9.788314180172417,1.3783525924275821
4534,3,10.3999996185,9.77891981799895,0.6210798005010503
4535,3,7.21818174015,9.272935815806687,2.054754075656686
4536,3,7.44999997616,9.450808097907519,2.000808121747519
4537,3,10.05,8.951397625677576,1.0986023743224251
4538,3,7.4157894787,8.564503203665778,1.148713724965778
4539,3,8.20000004768,8.154797116675596,0.04520293100440398
4540,3,10.5499999821,10.292275358128439,0.25772462397156026
4541,4,8.67499995232,8.898470647588425,0.2234706952684249
4542,4,8.29999987284,8.73061920994612,0.4306193371061191
4543,4,9.77777788374,8.933098897755535,0.8446789859844657
4544,4,9.6891304099,10.228763992503303,0.5396335826033027
4545,4,7.70000007417,9.815222166873681,2.1152220927036813
4546,4,9.26666641235,9.507283419015192,0.24061700666519137
4547,4,8.19999980927,9.378272942812547,1.1782731335425467
4548,4,8.5,9.33173924678661,0.8317392467866096
4549,4,8.05000011126,8.069718073866728,0.019717962606728534
4550,4,7.22499990463,8.003452802222768,0.7784528975927678
4551,4,9.82499980927,9.62632347863249,0.198676330637511
4552,4,7.38999991417,7.277588513101038,0.11241140106896186
4553,4,8.96923079857,9.596938379567034,0.6277075809970327
4554,4,7.48461543597,9.631420276947257,2.146804840977256
4555,4,10.1000003815,10.27971781664414,0.1797174351441413
4556,4,8.80000019073,8.72777353977354,0.07222665095645908
4557,4,9.99999980927,8.351712720234701,1.648287089035298
4558,4,10.3111110263,9.08219777162976,1.2289132546702408
4559,4,8.63333352407,9.728742466785548,1.0954089427155473
4560,4,10.8999996185,9.5755925407624,1.3244070777376002
4561,4,7.3428572246,7.702405011958521,0.35954778735852067
4562,4,10.4999996821,9.08753110383944,1.41246857826056
4563,4,8.56666649712,8.824028851578868,0.2573623544588681
4564,4,8.75,9.330594340254034,0.5805943402540343
4565,4,8.625,9.120753215298766,0.49575321529876604
4566,4,6.94000005722,7.285858493994622,0.34585843677462247
4567,4,8.75,8.908328198154505,0.15832819815450527
4568,4,10.1999998093,9.808994343182679,0.39100546611732057
4569,4,8.28749990463,8.102978576495087,0.18452132813491318
4570,4,9.42820519667,8.889207106314263,0.5389980903557365
4571,4,10.720000267,10.221094526653205,0.49890574034679425
4572,4,7.32000000477,8.034542442001424,0.7145424372314242
4573,4,7.22499996424,9.215291536624239,1.9902915723842387
4574,4,9.43599990845,9.234731940157717,0.20126796829228333
4575,4,9.60000010899,9.352668719624834,0.24733138936516674
4576,4,8.30000003179,7.950257041888305,0.3497429899016957
4577,4,7.90000009537,8.648313738444696,0.7483136430746953
4578,4,8.03333353996,7.63503708504337,0.398296454916629
4579,4,8.39999961853,9.420866228789745,1.0208666102597448
4580,4,7.91538476944,7.931994397232762,0.01660962779276165
4581,4,9.59999974569,8.944348622583732,0.6556511231062689
4582,2,12.1090910651,11.352757481115747,0.7563335839842527
4583,2,12.6999999827,11.218969021877388,1.4810309608226113
4584,2,9.83521125686,9.863285920704676,0.02807466384467716
4585,2,9.38181816448,10.18591088020884,0.8040927157288404
4586,2,6.75,8.57940079340197,1.8294007934019696
4587,2,10.0,10.230908590279249,0.23090859027924893
4588,2,7.86666679382,8.750592322998227,0.8839255291782262
4589,2,8.89999961853,8.759385821908122,0.1406137966218779
4590,2,8.34999990463,8.915969074492937,0.565969169862937
4591,4,13.8799999237,14.358280928981728,0.4782810052817279
4592,4,12.6000003815,10.66044220472714,1.9395581767728594
4593,4,10.7999999523,10.845586542649205,0.045586590349204315
4594,4,12.8999996185,12.941213672447653,0.04121405394765176
4595,4,9.60000038147,11.238783063820694,1.6387826823506941
4596,4,9.30000019073,10.966847421386356,1.6668472306563569
4597,4,12.8000001907,14.236155335944254,1.4361551452442534
4598,4,13.8500001431,14.171764069293822,0.321763926193821
4599,4,17.2999992371,13.957940713740369,3.342058523359631
4600,4,13.5,11.812707216412456,1.6872927835875444
4601,4,9.76000003815,9.741451867571703,0.018548170578297274
4602,4,10.4500000477,11.301223433173725,0.851223385473725
4603,4,13.7750002146,12.043838705665973,1.7311615089340275
4604,4,10.7400001526,10.511345683123432,0.22865446947656842
4605,3,9.07500000298,9.76156460302631,0.6865646000463101
4606,3,11.6499998569,11.315159920849066,0.3348399360509333
4607,4,8.75,9.387482329773094,0.6374823297730945
4608,3,9.42000007629,8.528181341403048,0.891818734886952
4609,3,12.25,10.991221351381165,1.2587786486188346
4610,3,10.7000000477,10.527213736258245,0.1727863114417545
4611,3,9.375,9.35898573130806,0.016014268691940003
4612,3,11.6999998093,11.398295162422894,0.30170464687710563
4613,3,12.5333334605,11.448035066822548,1.0852983936774514
4614,3,15.8000001907,13.686301988353776,2.1136982023462245
4615,3,13.1999998093,12.017559632574013,1.1824401767259864
4616,3,16.1000000636,11.778234052302043,4.321766011297957
4617,3,9.60000038147,10.397013174506972,0.7970127930369717
4618,3,15.2333335876,12.619847072250273,2.6134865153497273
4619,3,13.1000003815,11.600337320587787,1.4996630609122121
4620,3,10.0,8.516297455680906,1.4837025443190939
4621,3,11.4666668574,9.812500337070203,1.654166520329797
4622,3,10.5400001526,9.50115616546281,1.0388439871371897
4623,3,13.5000003179,13.341962217318997,0.15803810058100254
4624,3,14.6000003815,13.22021689080822,1.3797834906917785
4625,3,11.5500001907,9.914920403622759,1.6350797870772418
4626,3,10.5818180604,9.882707019770002,0.6991110406299974
4627,3,11.5,11.14324136662709,0.3567586333729107
4628,3,15.9749996662,12.485172039581705,3.489827626618295
4629,3,12.8249998093,11.844248905650776,0.9807509036492235
4630,3,11.3666664759,11.448658841349303,0.08199236544930244
4631,3,13.1999998093,12.276867149377932,0.9231326599220679
4632,3,16.7999992371,14.388167139393554,2.411832097706446
4633,3,14.1333332062,12.215541604673133,1.9177916015268668
4634,1,11.5999999046,11.76482282500693,0.16482292040693025
4635,1,10.1999998093,11.698629895633976,1.4986300863339768
4636,1,12.5,14.094909801015044,1.594909801015044
4637,1,14.1749999523,13.819298506097095,0.35570144620290556
4638,1,15.2499997616,15.754524235638138,0.5045244740381385
4639,1,13.6999998093,14.75607844820656,1.0560786389065608
4640,1,13.5750000477,14.28952205837532,0.7145220106753207
4641,1,13.3000000545,14.22662892109533,0.9266288665953297
4642,1,13.8999999364,14.118719150398656,0.21871921399865535
4643,1,15.1571427754,14.194940631385611,0.9622021440143893
4644,2,13.9499999682,14.563110582308086,0.613110614108086
4645,2,10.3000001907,11.36828240287291,1.0682822121729103
4646,2,12.6500000954,14.437274716533423,1.7872746211334238
4647,2,15.1999998093,15.030708276057348,0.16929153324265123
4648,2,9.38750004768,9.860881918347967,0.4733818706679678
4649,2,13.1909092123,16.10302549813722,2.9121162858372216
4650,2,11.4750001431,11.856791191334079,0.38179104823407783
4651,2,13.6500000954,14.279198555144102,0.6291984597441029
4652,2,13.4666666985,13.622010225145926,0.1553435266459271
4653,2,10.1000003815,11.42091230086267,1.3209119193626702
4654,2,14.3166666826,15.544426636813666,1.227759954213667
4655,2,10.5249999762,10.992530266250977,0.467530290050977
4656,2,12.4857142312,13.07691078099811,0.5911965497981111
4657,2,10.1499999762,10.251522536019781,0.10152255981978087
4658,2,8.11000008583,9.759922204042322,1.6499221182123218
4659,2,17.2000007629,11.94220908492042,5.257791677979581
4660,4,7.93333315849,9.823446994484627,1.8901138359946268
4661,4,18.2000007629,14.06181247029687,4.138188292603131
4662,4,10.9500002861,10.509956013048463,0.44004427305153726
4663,4,12.9666665395,12.241440513620487,0.7252260258795129
4664,4,9.09999990463,10.580826934821651,1.4808270301916515
4665,4,11.0,11.088959400518021,0.08895940051802143
4666,4,12.5750002861,12.328698771060756,0.24630151503924402
4667,4,10.6333335241,10.61258275938406,0.02075076471593995
4668,4,14.4333333969,14.136610482433122,0.29672291446687815
4669,4,11.7111112807,11.76283118658827,0.05171990588826958
4670,4,13.0000003179,12.067617295000545,0.9323830228994545
4671,4,12.9000000954,11.84594464811311,1.0540554472868902
4672,4,15.4666666985,12.302810893167138,3.1638558053328616
4673,4,12.0600002289,11.463356157998318,0.5966440709016823
4674,4,13.4500002861,12.71077677520894,0.7392235108910601
4675,4,12.5181818008,13.237122677897066,0.7189408770970651
4676,4,9.89999961853,9.663166185612559,0.2368334329174413
4677,4,13.4000001907,13.19245454718473,0.20754564351527094
4678,4,13.4499998093,14.389442099039375,0.9394422897393753
4679,1,8.55000003179,9.27891213050098,0.7289120987109801
4680,1,8.18000016212,9.06807919178767,0.8880790296676686
4681,1,8.39999961853,9.11163327961447,0.7116336610844698
4682,1,8.80000019073,9.548260732491187,0.7482605417611872
4683,1,8.73333326976,8.776013739959257,0.042680470199258025
4684,1,8.10000006358,11.139069763369053,3.039069699789053
4685,1,8.05714300701,9.684104828220214,1.6269618212102142
4686,1,8.46666653951,9.350364969614436,0.8836984301044364
4687,2,8.82857145582,8.555882758090913,0.27268869772908744
4688,2,7.65000009537,8.154670352381027,0.5046702570110266
4689,2,8.7000002861,8.864215088267567,0.16421480216756734
4690,2,9.30000019073,9.666559415435827,0.3665592247058278
4691,2,8.2666665713,9.339441120916845,1.0727745496168453
4692,2,10.5,8.911747742513453,1.5882522574865465
4693,2,9.20000012716,9.310164654493434,0.11016452733343485
4694,2,8.46666653951,9.086668662330952,0.6200021228209529
4695,2,10.3000001907,9.808667846552092,0.4913323441479083
4696,2,9.25,9.413006709095987,0.16300670909598658
4697,3,8.38888888889,8.857534737766446,0.4686458488764469
4698,2,8.27142838069,8.579656330101777,0.30822794941177634
4699,3,9.75,8.53749635935402,1.2125036406459806
4700,3,9.13999996185,9.186612260820482,0.0466122989704818
4701,3,8.91428579603,8.293718397103696,0.6205673989263047
4702,3,8.60000038147,9.031740799162314,0.4317404176923141
4703,3,7.81666676203,8.680891470177386,0.8642247081473862
4704,3,7.89999997616,9.03198350171299,1.1319835255529895
4705,3,8.89999993642,8.918784957908255,0.018785021488254117
4706,3,10.1000003815,9.115163777495711,0.984836604004288
4707,3,9.10000038147,9.2801065807543,0.1801061992842996
4708,3,8.2000002861,7.653344891585807,0.5466553945141932
4709,3,9.21666653951,9.27326838076346,0.05660184125346035
4710,3,8.60000038147,8.940173036970794,0.340172655500794
4711,3,9.0,8.53594791632051,0.4640520836794906
4712,3,8.59999990463,8.774096234586487,0.1740963299564875
4713,3,8.39999961853,8.507525794437743,0.1075261759077435
4714,3,9.33333333333,8.734098082983367,0.5992352503466325
4715,3,8.0,8.403789473657,0.4037894736569996
4716,3,8.23999996185,8.047589594575669,0.1924103672743307
4717,3,8.5333331426,8.67403946956169,0.1407063269616895
4718,2,7.59999990463,8.849615366193518,1.2496154615635184
4719,2,9.10000038147,9.486540462934885,0.3865400814648847
4720,2,8.83333333333,8.71166184159634,0.12167149173365921
4721,2,9.2000002861,9.14516562384248,0.05483466225751954
4722,2,8.30000019073,9.107623663949019,0.8076234732190191
4723,2,9.40000009537,8.862391371876585,0.537608723493415
4724,2,8.83333333333,9.10654035145783,0.273207018127831
4725,2,8.39999961853,8.699662612453,0.29966299392300044
4726,2,8.4500002861,8.938603249543078,0.4886029634430784
4727,5,9.69999980927,8.729303521135371,0.9706962881346293
4728,5,8.2,8.667413040079424,0.46741304007942475
4729,5,8.5499997139,7.756369596743773,0.7936301171562272
4730,5,11.3000001907,8.91239429876572,2.38760589193428
4731,5,11.1000003815,8.845869725195822,2.254130656304177
4732,5,9.05000019073,9.01627307905126,0.033727111678739874
4733,5,8.7999997139,8.315934826700055,0.48406488719994556
4734,5,8.15000009537,7.999891773446237,0.15010832192376355
4735,5,8.6,8.980583139296279,0.38058313929627907
4736,5,8.19999980927,8.688111134869958,0.4881113255999576
4737,1,8.71428571429,8.911797123838994,0.19751140954899427
4738,1,9.35000038147,11.31269886528269,1.962698483812689
4739,1,11.0,9.602263330325322,1.3977366696746785
4740,1,10.3999996185,9.5541398729716,0.8458597455284007
4741,1,10.5,9.502745197122529,0.997254802877471
4742,1,9.55000019073,9.447923476059966,0.10207671467003365
4743,1,10.9000000954,9.772950552249966,1.127049543150033
4744,1,8.67500019073,9.764998312446057,1.0899981217160573
4745,1,10.3999996185,9.778897201518319,0.6211024169816817
4746,1,8.0,9.445578516533258,1.4455785165332582
4747,5,8.89999961853,8.46763919948853,0.43236041904146916
4748,5,9.3,8.760862962885623,0.5391370371143775
4749,5,8.56250011921,8.823471474315333,0.2609713551053332
4750,5,8.69999980927,5.79856292221751,2.9014368870524905
4751,5,8.99999968211,8.647191972106455,0.3528077100035443
4752,5,7.80000019073,8.86154760071181,1.0615474099818112
4753,5,8.5,7.9479366054160945,0.5520633945839055
4754,5,8.7000002861,8.515615863852299,0.18438442224770135
4755,5,9.0499997139,9.44456517830649,0.3945654644064902
4756,5,11.1000003815,8.502908878722373,2.5970915027776265
4757,4,8.25999994278,8.486713209503037,0.2267132667230367
4758,4,8.69999980927,9.39523021066305,0.695230401393049
4759,4,8.5,8.814785343859512,0.31478534385951207
4760,4,10.1000003815,8.454509117365522,1.6454912641344777
4761,4,8.5,8.22278626917199,0.2772137308280094
4762,4,8.30000019073,8.085084467137271,0.21491572359272837
4763,4,8.29999987284,8.030819236078933,0.2691806367610674
4764,4,7.86666679382,8.422178096846041,0.5555113030260408
4765,4,8.65000009537,8.615777284532356,0.03422281083764389
4766,3,9.0,9.840501974773735,0.8405019747737352
4767,2,8.7000002861,8.963611993683145,0.263611707583145
4768,2,9.0,8.31955517526395,0.6804448247360497
4769,2,7.83333333333,9.001296205886966,1.1679628725569664
4770,2,9.0,8.596837890832699,0.403162109167301
4771,2,8.25555557675,8.919394939449887,0.6638393626998873
4772,2,9.30000019073,9.424168512274857,0.12416832154485746
4773,2,7.80000019073,8.76496453387674,0.9649643431467396
4774,2,8.80000019073,9.033522753912973,0.23352256318297293
4775,2,9.03333346049,9.734159147876195,0.7008256873861942
4776,2,6.59999990463,8.330833165475612,1.7308332608456123
4777,2,7.86666647593,8.822453432989732,0.9557869570597326
4778,2,9.0,9.560428184355683,0.5604281843556826
4779,2,8.60000038147,8.905687495453869,0.3056871139838684
4780,2,8.5,9.073280039960729,0.5732800399607285
4781,2,8.69999980927,8.852343929010253,0.15234411974025264
4782,2,9.70000012716,9.379569564411401,0.32043056274859794
4783,4,7.80000019073,7.9114837758613845,0.1114835851313849
4784,1,9.80000019073,9.799342302647467,0.0006578880825323097
4785,1,10.8833332062,10.198166635024693,0.6851665711753068
4786,2,9.60000038147,8.44343668061433,1.1565637008556706
4787,1,8.19090921229,8.894908016009357,0.7039988037193563
4788,1,8.43333339691,9.238090659784717,0.8047572628747179
4789,1,11.0250000954,9.95672142951286,1.0682786658871386
4790,1,8.19999980927,9.445330832365698,1.245331023095698
4791,1,11.0,9.713049502577423,1.286950497422577
4792,1,8.82500004768,8.964879647052499,0.13987959937249883
4793,1,8.80000019073,8.57661302872864,0.22338716200135877
4794,3,8.10000014305,9.165304889483076,1.0653047464330765
4795,3,8.34999990463,7.718086082141865,0.6319138224881344
4796,3,8.26666673024,9.813775649118242,1.5471089188782408
4797,3,11.1333335241,9.275163016778485,1.858170507321514
4798,3,8.30000019073,8.18339891090011,0.1166012798298901
4799,3,9.0,8.84622596151476,0.15377403848524018
4800,3,7.29999995232,8.555915444188397,1.2559154918683966
4801,3,10.0999999046,9.358684961855758,0.7413149427442427
4802,3,9.80000019073,9.030506627393866,0.769493563336134
4803,3,8.59999990463,8.143120999017814,0.4568789056121858
4804,3,9.61428574153,8.896077733174025,0.7182080083559761
4805,4,8.5499997139,7.956692363350137,0.5933073505498632
4806,2,10.8499999046,9.091585405896748,1.758414498703253
4807,4,6.73999996185,7.999687192833488,1.259687230983488
4808,4,8.24999992053,8.133636813729149,0.1163631068008506
4809,4,10.8000001907,8.072800954937497,2.7271992357625034
4810,4,8.25,8.27678612775382,0.0267861277538195
4811,4,10.8999996185,8.266205655204548,2.633793963295453
4812,4,8.55000019073,8.573196356269492,0.023196165539491886
4813,4,8.73333326976,8.299404988594969,0.4339282811650307
4814,4,11.0000003179,8.508998263260082,2.4910020546399174
4815,4,8.76666673024,9.013848215188467,0.2471814849484666
4816,4,8.5,8.557774540489653,0.05777454048965325
4817,1,7.09999990463,8.445446679765944,1.3454467751359438
4818,4,8.5,8.040493499385986,0.45950650061401355
4819,4,7.38333336512,8.223348838806363,0.8400154736863623
4820,4,8.36666679382,8.245228394037024,0.12143839978297599
4821,4,8.10000038147,8.252428098117576,0.15242771664757626
4822,4,8.3555554284,7.8468088134119895,0.5087466149880111
4823,4,10.0,8.972982349669085,1.0270176503309152
4824,4,8.80000019073,9.085540507348405,0.2855403166184054
4825,4,8.39999961853,8.995364572668098,0.5953649541380983
4826,1,8.90666662852,8.479998836966328,0.4266677915536725
4827,1,9.53333346049,10.458721930498566,0.9253884700085653
4828,1,9.7666665713,10.144872617029787,0.37820604572978667
4829,1,10.9333333969,10.608225554093426,0.3251078428065739
4830,1,12.5499997139,11.032821899951854,1.5171778139481464
4831,1,9.79154927966,9.446960093880278,0.3445891857797214
4832,1,11.6999998093,10.585823132485167,1.1141766768148322
4833,1,9.84999990463,10.550887671216557,0.7008877665865576
4834,1,12.125,10.919821483972616,1.2051785160273845
4835,1,9.90000009537,10.802916424302797,0.9029163289327968
4836,1,9.89999961853,12.537618567639184,2.637618949109184
4837,1,8.43333323797,9.107915381289335,0.6745821433193342
4838,1,11.3000001907,10.928062697491402,0.37193749320859837
4839,1,9.40000009537,10.214066651658761,0.8140665562887612
4840,1,9.66666666667,10.607813507207212,0.9411468405372112
4841,1,9.33333333333,10.775527335225597,1.4421940018955972
4842,1,10.2399999619,9.19864804218955,1.0413519197104506
4843,1,10.7749998569,10.779130423844451,0.004130566944452241
4844,2,10.5,11.064786344744451,0.5647863447444514
4845,2,11.6999998093,10.315098241960168,1.3849015673398313
4846,2,9.92500019073,10.662678805534979,0.7376786148049792
4847,2,9.44999980927,10.726728212948757,1.2767284036787565
4848,2,9.25217387987,9.515162822770064,0.2629889429000638
4849,2,9.5,10.341902482981144,0.8419024829811441
4850,2,10.9666668574,10.99959080236088,0.03292394496087958
4851,2,9.7999997139,10.84235720006507,1.04235748616507
4852,2,8.42000001669,9.608979233489936,1.188979216799936
4853,2,9.60000038147,10.411315286025351,0.8113149045553509
4854,2,9.65000009537,11.083940852323723,1.4339407569537226
4855,2,10.0,10.549254011829978,0.5492540118299782
4856,2,8.59999990463,10.211471379751455,1.611471475121455
4857,2,13.3000001907,11.436468275193267,1.8635319155067336
4858,2,11.4999998808,9.53051733050285,1.9694825502971511
4859,2,10.5499998728,10.452688537523573,0.09731133527642832
4860,2,10.5,10.836154893218257,0.3361548932182572
4861,2,10.6999998093,10.896854151730132,0.19685434243013233
4862,2,10.1600000381,10.77090489131164,0.6109048532116397
4863,5,9.33333333333,9.745742147059062,0.412408813729062
4864,5,10.5,9.459938026179906,1.0400619738200945
4865,5,9.36000003815,11.400766165840686,2.040766127690686
4866,5,11.0,9.741656273865024,1.2583437261349761
4867,5,12.0,11.180747365577735,0.8192526344222646
4868,5,10.6750001907,9.60518504880612,1.06981514189388
4869,5,10.2800001144,9.45442653821318,0.8255735761868195
4870,5,9.30000019073,10.179753319656832,0.8797531289268328
4871,5,9.15416661898,9.595524250460917,0.44135763148091733
4872,5,10.1000003815,10.850234576640828,0.7502341951408287
4873,5,10.5500001907,11.046446385238614,0.4964461945386134
4874,5,9.7000002861,9.715892150842585,0.01589186474258497
4875,5,10.7066668193,9.361854274876187,1.3448125444238137
4876,5,11.0,9.512406717975463,1.4875932820245374
4877,5,11.6000003815,9.811277735192508,1.788722646307491
4878,5,10.1000003815,9.81015248662633,0.28984789487366847
4879,5,9.53750002384,9.325578092309705,0.21192193153029493
4880,5,8.38461538462,8.425696033836804,0.04108064921680388
4881,5,9.24347823599,8.221186302102454,1.022291933887546
4882,4,9.4852940896,9.839536711346142,0.35424262174614185
4883,4,9.60000038147,10.127780996389,0.5277806149189992
4884,4,11.7000001272,9.995566985128722,1.7044331420712773
4885,4,12.3499999046,10.633141063650445,1.7168588409495555
4886,4,9.29999995232,9.522578500380668,0.22257854806066746
4887,4,9.69999980927,10.181500631186381,0.4815008219163808
4888,4,9.29000005722,10.548904338589299,1.2589042813692988
4889,4,9.2666665713,10.184920097063618,0.9182535257636175
4890,4,11.9666668574,10.592669093125213,1.3739977642747867
4891,4,10.5,10.608842886195916,0.10884288619591587
4892,4,9.60000038147,10.994498080551585,1.394497699081585
4893,5,11.75,10.008781729926474,1.7412182700735261
4894,5,10.0333334605,9.775805065188216,0.25752839531178395
4895,5,9.58571434021,9.434179750810454,0.1515345893995459
4896,5,11.8000001907,9.688425449955545,2.111574740744455
4897,5,8.20000002119,9.416435819876986,1.2164357986869856
4898,5,9.76666641235,11.079086251871901,1.312419839521901
4899,5,8.23125012219,8.549951719639463,0.31870159744946314
4900,5,10.4000000954,10.789185937595139,0.38918584219513974
4901,5,9.31999988556,9.627729005770963,0.3077291202109631
4902,5,10.5,9.368579099645707,1.1314209003542928
4903,5,8.78750002384,8.399890928905108,0.3876090949348914
4904,5,10.1000003815,9.762052008437482,0.3379483730625168
4905,5,10.1000003815,9.934635547764053,0.16536483373594635
4906,5,9.625,9.331292597529178,0.2937074024708224
4907,5,8.90000009537,9.325540964151887,0.4255408687818871
4908,5,9.7666665713,9.964145609177939,0.19747903787793852
4909,5,9.5499997139,10.974159362095184,1.4241596481951841
4910,5,9.69999980927,9.858485775220887,0.15848596595088615
4911,5,9.5,9.915710186443434,0.4157101864434338
4912,5,9.39999961853,9.484935638576324,0.0849360200463245
4913,2,11.0799999237,10.698650583093407,0.38134934060659376
4914,2,9.44000008901,11.381893831136345,1.9418937421263447
4915,2,9.69999980927,10.753065048969773,1.053065239699773
4916,2,7.79999995232,9.569018422928064,1.7690184706080636
4917,2,9.40000009537,10.620098565362554,1.2200984699925534
4918,2,8.7999997139,10.103548395309494,1.3035486814094934
4919,2,11.6000003815,10.328172870859188,1.2718275106408115
4920,2,10.2428572518,10.800347547471167,0.5574902956711671
4921,2,10.8500003815,11.439957429067746,0.5899570475677471
4922,2,9.57500004768,10.83431655105893,1.2593165033789298
4923,2,11.2000001272,10.886271219411036,0.31372890778896334
4924,2,9.25,7.886060420865309,1.3639395791346907
4925,2,8.60000038147,9.831538975754256,1.231538594284256
4926,2,9.83333333333,10.373559626539206,0.5402262932092068
4927,2,9.39999961853,10.623079245306716,1.2230796267767161
4928,2,10.3000001907,10.828646650978994,0.5286464602789938
4929,2,10.1333335241,10.784422694337797,0.6510891702377979
4930,2,10.6200000763,10.820796941101326,0.20079686480132608
4931,2,10.8000001907,10.883464588660907,0.08346439796090621
4932,2,9.80000019073,10.62755564455211,0.8275554538221108
4933,2,9.53333346049,10.618147206077744,1.0848137455877431
4934,2,11.1000003815,10.794515512658787,0.3054848688412122
4935,2,11.4499998093,10.908445340107699,0.5415544691923007
4936,2,9.39999961853,10.694563721240257,1.2945641027102575
4937,2,9.39999961853,10.708871321541771,1.3088717030117714
4938,2,9.72500014305,10.775662419421051,1.0506622763710514
4939,5,12.5333331426,10.36736806778854,2.16596507481146
4940,5,9.0,8.371942648337757,0.6280573516622425
4941,5,10.3899998665,9.708631555085333,0.6813683114146674
4942,5,10.4500002861,9.416358132947224,1.0336421531527762
4943,5,10.3999996185,10.274278644877954,0.12572097362204637
4944,5,9.44999980927,10.116617195071841,0.6666173858018407
4945,5,13.1000001431,10.350423109224597,2.749577033875404
4946,5,11.7500002384,9.60252556491843,2.14747467348157
4947,5,9.35714258466,9.113899791649697,0.24324279301030316
4948,5,11.1500000954,10.169209828730386,0.9807902666696133
4949,5,9.60000038147,9.715516721285226,0.11551633981522613
4950,5,8.65833338102,8.951408820768904,0.29307543974890393
4951,5,8.86,8.384147654938076,0.47585234506192364
4952,5,10.8000001907,9.803239929219504,0.996760261480496
4953,5,9.69999980927,9.251926140786665,0.4480736684833353
4954,5,13.2333332698,10.653248832089172,2.580084437710827
4955,5,9.89999961853,9.81700964807175,0.08298997045825018
4956,5,11.0749998093,9.660030557933798,1.4149692513662018
4957,5,9.80000019073,9.697244561131166,0.10275562959883366
4958,5,8.65882346209,8.328566740445435,0.3302567216445649
4959,5,10.3999996185,10.032675233942484,0.3673243845575165
4960,5,11.0333334605,9.845977488569641,1.1873559719303586
4961,5,10.6999998093,9.441307617453957,1.258692191846043
4962,5,9.89999961853,9.647087607473601,0.2529120110563987
4963,3,10.0750000477,10.55868228584496,0.4836822381449597
4964,3,9.5499997139,10.199076752779382,0.6490770388793816
4965,3,11.3999999364,10.161649397835216,1.2383505385647844
4966,3,11.4800001144,10.519146364930492,0.9608537494695071
4967,3,9.72857121059,9.920438334559588,0.1918671239695886
4968,3,13.3000001907,10.441956052328244,2.8580441383717563
4969,3,9.51428563254,10.01672236148174,0.5024367289417402
4970,3,9.89999961853,10.096326695510502,0.1963270769805021
4971,3,11.0,11.24742782155451,0.24742782155450982
4972,3,10.5,9.813256931839685,0.6867430681603146
4973,3,10.9249999523,9.980242962530886,0.9447569897691146
4974,3,9.5,9.865684634535311,0.3656846345353113
4975,3,9.65000009537,10.696732612029564,1.0467325166595636
4976,3,9.69999980927,10.144725966046817,0.4447261567768166
4977,3,11.1999998093,10.06411611307956,1.1358836962204393
4978,3,10.3000001907,10.608836483651974,0.30883629295197323
4979,3,9.43333307902,10.120097043189016,0.6867639641690158
4980,3,9.89999961853,9.652707509936349,0.24729210859365125
4981,3,9.35714299338,10.436122339443482,1.0789793460634822
4982,3,9.85999984741,9.664573918998556,0.1954259284114439
4983,3,10.0,10.048507094843885,0.0485070948438846
4984,3,10.1399999619,9.922752101849323,0.21724786005067642
4985,3,11.75,10.695655623473812,1.0543443765261884
4986,3,11.8166666031,10.296450186069281,1.5202164170307189
4987,3,9.89999961853,10.207729429739345,0.30772981120934517
4988,3,10.1599998474,10.112396030471952,0.04760381692804749
4989,3,9.39999961853,9.964008397811789,0.5640087792817887
4990,3,9.89999961853,10.318126985074361,0.4181273665443612
4991,5,11.5285714013,10.052287330089268,1.476284071210733
4992,5,8.65000009537,9.474013595704466,0.8240135003344662
4993,5,9.2000002861,9.997008768781846,0.7970084826818464
4994,5,9.40000009537,9.568535905645703,0.16853581027570286
4995,5,8.81999988556,9.860114558341849,1.0401146727818489
4996,5,9.39999961853,9.539904473033326,0.13990485450332635
4997,5,10.6999998093,10.369569806363518,0.33043000293648106
4998,5,9.69999980927,10.557617444161274,0.8576176348912732
4999,5,11.4000000954,9.992772555838647,1.4072275395613527
5000,3,8.06470607309,8.676242759668114,0.6115366865781127
5001,5,12.5500001907,10.247304740446173,2.302695450253827
5002,5,8.28750008345,7.6846698225531584,0.6028302608968419
5003,5,11.7999997139,10.314012238561801,1.4859874753381987
5004,5,9.89999961853,9.06290057312026,0.8370990454097402
5005,5,9.42499995232,9.64700495819292,0.22200500587291927
5006,5,9.39999993642,9.908722836575329,0.5087229001553286
5007,5,9.57499980927,10.274798489393387,0.6997986801233864
5008,4,10.2857142857,10.216591622796967,0.06912266290303215
5009,4,11.0875002146,10.50359797973772,0.5839022348622809
5010,4,9.60000038147,10.48368868892825,0.8836883074582502
5011,4,11.4333333969,10.481745859196408,0.9515875377035918
5012,4,11.3999996185,10.796407582067674,0.6035920364323264
5013,4,9.47999973297,10.15716668597996,0.6771669530099587
5014,4,9.80000019073,9.977108895197548,0.1771087044675479
5015,4,12.0500001907,11.111411888189467,0.9385883025105333
5016,4,9.90000009537,9.74108920355286,0.1589108918171398
5017,4,10.6272727793,9.61082987468486,1.0164429046151398
5018,4,9.40000009537,9.97517770956393,0.5751776141939295
5019,4,10.9636363983,9.889575185483164,1.0740612128168365
5020,4,9.60000038147,10.3255370143884,0.7255366329184003
5021,4,11.5,10.2773362895684,1.2226637104316005
5022,4,9.59999990463,10.114079817729822,0.5140799130998222
5023,4,9.60000038147,10.76590801953557,1.165907638065569
5024,4,11.1000003815,10.600969959117705,0.4990304223822939
5025,4,9.97499990463,10.310680881074443,0.3356809764444435
5026,4,9.9500002861,10.52310259096366,0.5731023048636601
5027,5,8.90000011921,7.771160325279495,1.1288397939305055
5028,5,9.43999996185,8.99577298981303,0.4442269720369705
5029,5,8.96249985695,9.94561790581917,0.9831180488691693
5030,5,10.0,9.0490018029752,0.9509981970248003
5031,5,10.7083332539,9.553998885436616,1.1543343684633829
5032,5,9.83750015497,9.303960285042457,0.5335398699275427
5033,5,9.39999961853,9.82214195827873,0.4221423397487296
5034,1,11.9344827718,9.301731356856983,2.6327514149430176
5035,5,10.0,9.669143167557612,0.3308568324423877
5036,1,11.2899999619,8.000837193788136,3.289162768111863
5037,5,9.26999998093,9.762965993004507,0.49296601207450585
5038,5,9.27499985695,9.454593983359901,0.17959412640990102
5039,5,10.8999996185,10.793991364545292,0.10600825395470892
5040,5,8.43636369705,8.197401668919092,0.23896202813090817
5041,5,10.9333333969,10.10004868860899,0.8332847082910106
5042,5,9.69999980927,10.410961344809039,0.7109615355390382
5043,5,10.8764706219,8.710718611400928,2.1657520104990713
5044,5,10.566666921,9.968883373117222,0.5977835478827771
5045,5,9.80000019073,9.908197080287257,0.10819688955725759
5046,5,9.66363638098,8.45040981999103,1.2132265609889696
5047,5,9.72857161931,9.52244045084942,0.20613116846057977
5048,5,10.1000003815,10.280052367792457,0.1800519862924581
5049,5,9.66666666667,10.166534149918295,0.4998674832482948
5050,5,11.0499997139,9.658824644105232,1.3911750697947678
5051,5,9.12000007629,9.203005207740038,0.0830051314500384
5052,2,10.1666663488,10.934545903495836,0.7678795546958366
5053,2,9.25,10.397208770600033,1.1472087706000327
5054,2,9.56666692098,10.961803150997321,1.3951362300173216
5055,2,9.89999961853,11.01069528580149,1.1106956672714894
5056,2,10.3000001907,10.608292230697408,0.30829203999740784
5057,2,10.0399999619,10.806183893239304,0.7661839313393042
5058,2,11.8999996185,11.058121682134745,0.8418779363652558
5059,2,9.39999961853,10.699417950763342,1.2994183322333424
5060,2,9.15000009537,10.671213868756043,1.5212137733860427
5061,2,10.2000000477,11.069755950733477,0.8697559030334769
5062,2,9.69999980927,10.67688049407992,0.9768806848099203
5063,2,10.2000002861,10.7500709522174,0.5500706661173993
5064,2,7.90000009537,9.634577505970084,1.7345774106000835
5065,2,9.0,10.68667137809325,1.6866713780932496
5066,2,11.5733332952,9.995974334039403,1.5773589611605967
5067,2,9.32727267525,10.576922378196818,1.249649702946817
5068,2,10.0000002384,10.9610038815106,0.9610036431105993
5069,2,9.89999961853,10.486092697795023,0.586093079265023
5070,2,11.2399999619,11.06176511791824,0.1782348439817607
5071,2,9.44999980927,10.863030447725784,1.4130306384557834
5072,2,9.5,11.018366500737708,1.5183665007377076
5073,2,10.3999996185,11.111599504419987,0.7115998859199859
5074,3,9.80000019073,10.117749214271296,0.3177490235412961
5075,3,11.8999996185,10.230656939821415,1.6693426786785857
5076,3,9.5,9.434750254401697,0.06524974559830277
5077,3,9.30000019073,10.55931809749446,1.2593179067644602
5078,3,9.5,9.931273315078075,0.43127331507807476
5079,3,9.44999980927,9.87004714377861,0.42004733450860954
5080,3,9.2000002861,10.391621704910929,1.1916214188109286
5081,3,9.56666660309,10.392780660747489,0.8261140576574881
5082,3,10.9333333969,10.07560180843097,0.8577315884690293
5083,3,9.39999961853,10.084887198198427,0.6848875796684268
5084,3,10.3333333333,10.251885133329518,0.0814481999704828
5085,3,10.6000003815,9.906811246667864,0.6931891348321351
5086,3,9.73333326976,9.829342524399518,0.09600925463951882
5087,3,9.44999980927,11.24293684003413,1.7929370307641292
5088,3,13.0500001907,10.656115169213297,2.393885021486703
5089,3,11.1999998093,10.370708282889783,0.8292915264102163
5090,3,10.8000001907,9.677076155153056,1.1229240355469443
5091,3,10.0000001589,10.236376465724824,0.23637630682482325
5092,3,9.70000012716,10.319105869454987,0.6191057422949875
5093,3,11.0909092643,9.868372695296776,1.2225365690032248
5094,3,10.7090910131,10.182731236306983,0.5263597767930168
5095,3,12.6000003815,10.616496024457895,1.9835043570421043
5096,3,10.6500003338,10.244547251608694,0.4054530821913058
5097,3,9.68571417672,9.73651156224206,0.05079738552205981
5098,2,9.39999961853,10.906757007402618,1.506757388872618
5099,2,10.0,10.461364981491647,0.46136498149164673
5100,2,10.1000003815,10.816616124853544,0.7166157433535449
5101,2,9.2000002861,11.476542973128637,2.2765426870286376
5102,2,9.22500014305,10.381198237093052,1.1561980940430523
5103,2,10.0999999046,11.051628173302284,0.951628268702283
5104,2,9.62857123784,11.223865942750432,1.5952947049104331
5105,2,10.1500000954,11.23710860408438,1.0871085086843806
5106,2,10.1999998093,10.725063241855255,0.525063432555255
5107,2,8.22500006358,9.063251662502337,0.8382515989223371
5108,2,8.34285708836,9.776687524085649,1.433830435725648
5109,2,10.6500000954,10.849423904886297,0.1994238094862979
5110,2,8.51250004768,9.506393142527672,0.9938930948476727
5111,2,9.30000019073,10.870843554436354,1.570843363706354
5112,2,10.1499998569,10.602136666595136,0.45213680969513703
5113,2,10.0166665713,10.545114150392129,0.5284475790921288
5114,2,8.09473680195,9.434437035598592,1.3397002336485908
5115,2,9.39999961853,10.66869057235785,1.26869095382785
5116,2,12.1500000954,10.746937907722312,1.403062187677687
5117,2,8.23823537546,9.70298023321124,1.4647448577512403
5118,2,11.3999996185,10.631960815195542,0.7680388033044583
5119,2,9.67999992371,10.737926366284892,1.0579264425748924
5120,2,9.7999997139,10.960559826516187,1.1605601126161869
5121,2,10.816666762,10.685634326300868,0.13103243569913303
5122,5,12.5333334605,10.520289864264498,2.0130435962355016
5123,5,13.0,10.627635096260732,2.3723649037392676
5124,5,12.7999997139,10.914994295941629,1.8850054179583715
5125,5,12.3999996185,10.63301393579141,1.7669856827085901
5126,5,9.75,9.690392789162821,0.05960721083717857
5127,5,9.83333333333,9.757629403366403,0.07570392996359665
5128,5,9.5,10.076292292340712,0.5762922923407121
5129,5,8.97419360376,8.27154542610247,0.7026481776575295
5130,5,9.90000009537,9.698752492202722,0.2012476031672783
5131,5,10.0,9.05416987430739,0.9458301256926092
5132,5,10.3333333333,10.159105043058211,0.1742282902417891
5133,5,11.4333333969,10.21416865193056,1.21916474496944
5134,5,9.80000019073,10.00168640565683,0.2016862149268306
5135,5,10.2333333757,9.096190724703334,1.1371426509966653
5136,5,12.1999998093,10.128600649992462,2.0713991593075374
5137,5,10.2740739893,8.370109287444677,1.9039647018553225
5138,5,9.72777769301,9.360944941395434,0.36683275161456486
5139,5,9.25,9.593368131060704,0.3433681310607035
5140,5,10.0,10.741473299261305,0.7414732992613047
5141,5,11.6000003815,9.844428536486692,1.755571845013307
5142,5,12.125,9.768603396811802,2.356396603188198
5143,2,8.90000009537,10.746856249384553,1.846856154014553
5144,2,10.3599998474,10.930238607104563,0.570238759704564
5145,2,10.5,10.685903281022938,0.18590328102293796
5146,2,11.9333333969,10.748894770439144,1.1844386264608566
5147,2,9.04999996367,9.483056110266954,0.4330561465969538
5148,2,11.0,11.009056142523736,0.0090561425237361
5149,2,10.1999998093,10.509054016878133,0.30905420757813395
5150,2,10.5399999619,10.696210809007614,0.15621084710761401
5151,2,11.8999996185,10.717664227007848,1.1823353914921526
5152,2,10.1999998093,11.172268791954112,0.9722689826541124
5153,2,9.47499990463,10.968951872426677,1.4939519677966775
5154,5,8.4564516006,8.30142695252609,0.15502464807391014
5155,2,10.4750000238,10.837018429206513,0.36201840540651276
5156,2,9.39999961853,10.522776573194921,1.1227769546649213
5157,2,9.82000007629,11.132870441386421,1.3128703650964209
5158,2,9.01999998093,9.47035825590087,0.4503582749708688
5159,2,9.78571428571,10.733067317175397,0.9473530314653971
5160,2,9.10000038147,10.587368041381703,1.487367659911703
5161,5,12.1199998856,10.77948944216001,1.3405104434399906
5162,5,9.69999980927,9.91809129296414,0.2180914836941401
5163,5,10.6541666985,8.268337544434058,2.3858291540659415
5164,5,8.18000005086,8.081788691912855,0.09821135894714494
5165,5,10.1375000874,9.284331366693731,0.8531687207062681
5166,5,11.1111112171,10.018770984632425,1.0923402324675742
5167,5,8.91818185286,9.51069092459399,0.5925090717339891
5168,5,11.1687499285,9.287726243516296,1.8810236849837043
5169,5,9.5,10.073602259191661,0.5736022591916612
5170,5,9.5499997139,10.485533449203873,0.9355337353038724
5171,5,11.3199998856,10.001788233087115,1.3182116525128844
5172,5,12.1000000636,10.08159765994668,2.018402403653319
5173,5,9.5,9.908820540369039,0.4088205403690388
5174,2,11.482352958,10.38320318689949,1.0991497711005103
5175,2,9.45833337307,10.007316408566004,0.5489830354960041
5176,2,8.99354836249,10.89688850255616,1.9033401400661614
5177,2,9.14583333333,9.44349776488975,0.29766443155975075
5178,2,9.17499995232,11.106426442490317,1.9314264901703169
5179,2,9.5,10.523296457076052,1.0232964570760519
5180,2,9.55000019073,10.827288905177081,1.2772887144470815
5181,2,10.8999996185,10.906504627395147,0.006505008895146602
5182,2,9.69999980927,10.672593868758305,0.9725940594883049
5183,2,11.625,9.952190805387144,1.6728091946128565
5184,2,9.86666647593,10.938834162977182,1.0721676870471821
5185,2,9.13636363636,10.896311441449797,1.759947805089796
5186,2,9.69999980927,11.143763010940637,1.4437632016706363
5187,2,8.72105272193,9.79632025262956,1.0752675306995592
5188,2,11.2333332698,10.624395183426984,0.6089380863730156
5189,4,9.39999993642,10.995694972171947,1.5956950357519464
5190,4,11.8000001907,10.373506267573472,1.4264939231265288
5191,4,9.63333336512,9.640634124545333,0.007300759425332259
5192,4,10.8090907877,9.862967175676214,0.9461236120237864
5193,4,11.6200000763,10.062329783095418,1.5576702932045823
5194,4,11.9000000954,10.055991976533008,1.8440081188669915
5195,4,10.8999996185,10.437669628354794,0.46232999014520715
5196,4,9.38749992847,9.676726073082499,0.28922614461249907
5197,4,10.3999996185,10.697720981766913,0.2977213632669127
5198,4,9.52083333333,9.840357886942966,0.3195245536129665
5199,4,10.0999999046,10.603891697660819,0.5038917930608182
5200,4,9.55000019073,10.636265489998834,1.0862652992688346
5201,4,11.8000001907,10.70606497442856,1.09393521627144
5202,4,9.60000038147,11.248798728648058,1.648798347178058
5203,4,9.33636370572,9.558345245424,0.22198153970400014
5204,4,9.39999961853,10.654931798058696,1.254932179528696
5205,1,10.1666666667,10.62542911543963,0.45876244873963046
5206,1,11.2999997139,10.88042414187907,0.4195755720209302
5207,1,9.5,10.095743578584957,0.5957435785849565
5208,1,10.0,10.357662986525813,0.3576629865258134
5209,1,11.6500000954,10.729365401777201,0.920634693622798
5210,1,9.0,9.425631794253574,0.4256317942535741
5211,1,9.69999980927,10.317022493523572,0.6170226842535715
5212,1,9.80000019073,10.398487595561996,0.5984874048319959
5213,1,9.87499976158,10.5813858633164,0.7063861017364008
5214,1,8.89999993642,9.740452508402925,0.8404525719829241
5215,1,11.5,10.29563627857926,1.2043637214207408
5216,1,11.0,10.465926570020681,0.5340734299793191
5217,1,9.60000038147,10.041816525820613,0.44181614435061256
5218,1,9.2,10.138749852064798,0.9387498520647988
5219,1,9.69999980927,10.501839234464697,0.8018394251946965
5220,1,9.29999976688,10.399963667937374,1.0999639010573752
5221,1,10.1000003815,10.598396382862253,0.4983960013622539
5222,1,9.69999980927,10.771210082354084,1.071210273084084
5223,2,9.80000019073,11.003150305974778,1.203150115244778
5224,2,10.1333334181,9.974630039537391,0.15870337856260797
5225,2,8.97500014305,11.073125973877918,2.098125830827918
5226,2,10.3499999046,10.916220532544237,0.5662206279442366
5227,2,11.8499999046,11.70363183767091,0.14636806692909055
5228,2,11.0166667302,9.659729207842318,1.3569375223576827
5229,2,12.3499999046,11.019338470353683,1.330661434246318
5230,2,10.0999999046,10.593599516517331,0.4935996119173307
5231,2,10.4000000954,11.006151695250704,0.6061515998507048
5232,2,9.60000038147,10.823721474055347,1.2237210925853468
5233,2,12.9000000954,11.3521002073111,1.5478998880888994
5234,2,9.0,9.858474343253382,0.8584743432533823
5235,2,10.8999996185,10.46362760628628,0.43637201221372024
5236,2,10.6500000954,10.811734206233869,0.16173411083386924
5237,2,10.0,11.00331868370034,1.0033186837003392
5238,2,10.1000003815,10.837385521181265,0.7373851396812654
5239,2,10.5,10.603840159886413,0.10384015988641337
5240,2,9.15000009537,11.232990796718074,2.0829907013480735
5241,2,12.1399999619,11.283231769716647,0.8567681921833525
5242,2,9.83333301544,10.661497953857323,0.8281649384173235
5243,2,10.25,10.998091966112149,0.748091966112149
5244,2,12.0333334605,11.320625445082557,0.7127080154174426
5245,2,10.5500001907,10.747320986947933,0.19732079624793286
5246,4,10.2250000238,10.06203735894975,0.1629626648502498
5247,4,12.6500000954,10.777301814237303,1.8726982811626964
5248,4,9.40000009537,10.009024179079796,0.6090240837097962
5249,4,9.39999961853,10.13033899922534,0.7303393806953409
5250,4,10.3650001049,9.999030504641457,0.3659696002585431
5251,4,10.1000003815,10.720172307290293,0.6201719257902933
5252,4,12.3499999046,10.180770351259946,2.1692295533400543
5253,4,8.59999990463,8.628512822002378,0.028512917372378155
5254,4,11.5,9.652429572897757,1.8475704271022426
5255,4,9.69999980927,10.071463014174931,0.3714632049049307
5256,4,10.1500000954,9.787363659251838,0.3626364361481613
5257,4,10.5090909438,9.868100169511866,0.6409907742881344
5258,4,9.77142860776,10.40389614096471,0.6324675332047089
5259,4,9.34999990463,9.836800188007732,0.4868002833777325
5260,4,9.30000019073,10.82653500637062,1.5265348156406198
5261,4,9.75,10.102960022476354,0.3529600224763545
5262,4,9.5,10.466143151523651,0.9661431515236512
5263,4,9.98749995232,10.840803681355254,0.8533037290352539
5264,4,9.84999990463,10.257756580836718,0.4077566762067182
5265,4,9.53333346049,10.956095595198716,1.4227621347087158
5266,4,9.69999980927,10.516076359679833,0.8160765504098322
5267,4,9.96666653951,10.793749738339638,0.827083198829639
5268,3,9.35833334923,10.031419633439308,0.6730862842093082
5269,3,12.6500000954,10.666387501735592,1.9836125936644073
5270,3,9.7999997139,10.211866266948133,0.41186655304813335
5271,3,9.80000019073,9.464674026041044,0.33532616468895604
5272,3,9.65000009537,10.53166332365661,0.8816632282866106
5273,3,8.84999990463,9.410072991198273,0.5600730865682735
5274,3,12.1999998093,10.578115966081079,1.6218838432189209
5275,3,9.44999980927,10.197652911107623,0.7476531018376225
5276,3,12.6000003815,10.67819405220371,1.92180632929629
5277,3,11.0,9.925656061911706,1.074343938088294
5278,3,10.1000003815,10.563398374747042,0.46339799324704245
5279,3,12.0,11.331912650593328,0.6680873494066724
5280,3,34.5271184242,27.256760985739675,7.270357438460323
5281,3,34.2000001477,26.69537333319196,7.504626814508043
5282,3,37.3318184939,29.374660792072383,7.957157701827619
5283,3,34.7400003052,27.611515015376384,7.128485289823615
5284,3,36.2615383833,27.46899218847418,8.792546194825821
5285,3,38.6359999084,29.492394497160305,9.143605411239697
5286,3,31.4222223494,25.766703067867063,5.655519281532936
5287,3,36.0187497139,28.268053739682003,7.750695974217997
5288,3,33.1999998382,27.520714198519144,5.679285639680856
5289,3,38.2862068702,28.528247906235265,9.757958963964732
5290,3,37.0526317797,30.09381505253848,6.958816727161519
5291,3,33.9000002543,27.027578465891256,6.87242178840874
5292,3,32.9857145037,24.597524549999086,8.388189953700916
5293,3,31.6068180691,29.15868926551527,2.44812880358473
5294,3,31.9916664759,24.82315918354439,7.16850729235561
5295,3,31.6159999847,27.079881450466708,4.536118534233292
5296,3,36.8878050083,27.728479729915318,9.159325278384681
5297,3,36.1969695814,28.74159674493708,7.455372836462917
5298,3,32.8200000286,28.317558355589128,4.502441673010871
5299,1,36.6622221205,32.374783609616394,4.287438510883604
5300,3,38.0183574842,26.78832267544393,11.230034808756074
5301,1,36.4272731434,31.111634612474987,5.315638530925014
5302,3,35.3772726926,27.487813660264532,7.88945903233547
5303,3,33.9946428708,28.576964217832874,5.417678652967126
5304,3,35.991549371,28.339628199152514,7.6519211718474835
5305,1,33.6374998093,30.253888807389195,3.3836110019108077
5306,1,36.3899993896,29.31053098535349,7.079468404246509
5307,1,37.1416660945,32.34495058174183,4.796715512758176
5308,3,34.0333328247,27.708651929459855,6.324680895240142
5309,3,40.2064934272,29.48793953846916,10.718553888730842
5310,1,35.2800010681,29.764296007637007,5.515705060462992
5311,3,33.300000327,26.770646738094662,6.529353588905337
5312,3,34.6062502861,27.323597503744217,7.2826527823557825
5313,1,32.6608694325,29.463524229899857,3.197345202600143
5314,3,32.1775510749,27.190535981968488,4.9870150929315145
5315,1,34.8479999924,26.92304491151063,7.924955080889369
5316,3,38.6165492635,27.326630772984444,11.289918490515554
5317,3,33.9058824427,26.44369811558364,7.462184327116358
5318,1,32.5200004578,28.01662248226005,4.5033779755399514
5319,3,35.9083328247,28.495203258133785,7.413129566566212
5320,3,33.0166664124,25.734566506029598,7.2820999063704015
5321,3,33.2272727273,24.79476937659438,8.432503350705616
5322,1,32.4666671753,28.350162972090352,4.116504203209651
5323,1,35.6568182165,29.835820087027376,5.820998129472624
5324,3,35.3193547649,29.082260595029993,6.237094169870005
5325,1,35.4363632202,30.129078061741446,5.307285158458555
5326,1,34.7833334605,29.038824746747345,5.7445087137526585
5327,1,35.0052630776,32.171868758993746,2.8333943186062527
5328,1,34.6999994914,29.924724097781958,4.775275393618042
5329,1,34.9346153553,32.35979336982974,2.5748219854702583
5330,1,34.611111535,31.088048993594604,3.5230625414053947
5331,3,32.4396039755,26.83127643800566,5.60832753749434
5332,2,20.7473684247,18.9379710947719,1.8093973299280997
5333,2,17.2521367562,18.10298540300644,0.8508486468064405
5334,2,21.0222222222,13.893140794966667,7.1290814272333325
5335,2,20.4014286314,13.588083084716803,6.813345546683198
5336,2,22.3714285956,14.154885534354623,8.216543061245378
5337,2,24.7091145913,15.664015865991857,9.045098725308144
5338,2,20.1735294192,14.951953601167462,5.221575818032539
5339,2,23.0391304182,16.796187765124376,6.242942653075623
5340,2,22.1161615969,19.09596001696386,3.0202015799361384
5341,2,15.6896552053,14.289454069519012,1.4002011357809874
5342,2,14.9562500119,15.33989176915035,0.3836417572503503
5343,2,24.6505535309,16.656584952254185,7.993968578645816
5344,2,21.26764707,14.208239906974244,7.059407163025755
5345,2,21.8416668574,14.085107974495996,7.756558882904004
5346,2,15.8588235659,14.038096404407522,1.8207271614924778
5347,5,10.5,11.020622552211949,0.5206225522119485
5348,5,11.3888887829,11.570171198762743,0.18128241586274285
5349,5,11.5499997139,11.933405285993247,0.3834055720932472
5350,5,11.8000001907,12.00149536936191,0.2014951786619097
5351,5,11.6692308279,10.891171449583958,0.7780593783160423
5352,5,11.8999996185,11.0454813817194,0.854518236780601
5353,5,9.5333331426,11.540586603101989,2.007253460501989
5354,5,9.82857145582,11.632237003222023,1.803665547402023
5355,5,11.0,10.903329128228895,0.09667087177110467
5356,5,12.4500002861,11.092290047190133,1.357710238909867
5357,5,9.76000003815,11.409021609565993,1.649021571415993
5358,5,10.5199998856,10.987338196504325,0.4673383109043243
5359,5,8.9833334287,11.349148824279718,2.365815395579718
5360,5,9.80000019073,11.103322100219394,1.3033219094893944
5361,5,11.4499998093,11.624339785566857,0.17433997626685738
5362,5,11.1000003815,11.036374578962885,0.06362580253711414
5363,5,13.2750000954,12.201704864465274,1.0732952309347255
5364,5,11.5999999046,10.786905370430446,0.8130945341695544
5365,5,8.75,10.998432063968364,2.248432063968364
5366,5,11.6999998093,11.288530945787517,0.41146886351248213
5367,5,11.3000001907,11.577584851434617,0.2775846607346164
5368,5,11.8499999046,12.317654354252554,0.467654449652553
5369,5,11.3000001907,11.808817070214113,0.5088168795141126
5370,5,11.25,12.655883349290955,1.4058833492909546
5371,5,12.0,12.172018652895593,0.17201865289559315
5372,1,13.0999999046,11.303309505785116,1.796690398814885
5373,1,12.8000001907,13.507108445298574,0.7071082545985732
5374,1,11.0499997139,10.957330138913834,0.09266957498616613
5375,4,12.3000001907,10.992652815977056,1.3073473747229443
5376,1,9.89999961853,11.7274348565002,1.8274352379701995
5377,1,12.6999998093,11.300998234127468,1.399001575172532
5378,1,12.8000001907,11.54674653039289,1.2532536603071112
5379,1,12.6000003815,12.056561447563329,0.5434389339366703
5380,1,12.6166666349,12.139122389570407,0.47754424532959305
5381,1,12.0250000954,12.030426580482327,0.005426485082328014
5382,1,10.5250000954,11.69293990711071,1.1679398117107098
5383,1,11.8799999237,13.117436938609611,1.2374370149096112
5384,1,10.75,11.439062711881562,0.6890627118815615
5385,1,8.88888888889,11.600383614420062,2.7114947255300628
5386,1,10.0454544588,11.914177995335178,1.8687235365351782
5387,1,11.1999998093,11.467812082214088,0.2678122729140888
5388,1,9.0,11.875431641078077,2.8754316410780767
5389,1,11.8000001907,11.864620692445847,0.06462050174584633
5390,1,11.0,11.289574151779679,0.2895741517796786
5391,1,11.8000001907,12.456470033572637,0.656469842872637
5392,2,12.1666666667,12.10373091998708,0.06293574671291857
5393,2,12.1999998093,11.55830465761743,0.6416951516825691
5394,2,12.25,12.90487440478459,0.6548744047845894
5395,2,11.5,10.97337194465609,0.5266280553439096
5396,2,11.8000001907,12.236083159498357,0.43608296879835606
5397,2,10.4666667514,11.193952696407372,0.7272859450073721
5398,2,12.1000001431,11.696441935900985,0.4035582071990156
5399,2,10.6133333206,11.514348514309559,0.9010151937095578
5400,2,11.1999998093,11.600113478728467,0.4001136694284675
5401,2,12.836363619,12.172123355694536,0.664240263305464
5402,2,10.2461539782,11.210126968898638,0.9639729906986378
5403,2,10.3999996185,11.481767012049723,1.0817673935497218
5404,2,9.40000009537,11.950957489869479,2.550957394499479
5405,3,11.4500002861,10.462931536579,0.9870687495210007
5406,3,12.0,10.613672768372092,1.3863272316279076
5407,3,10.5499997139,10.241274825869375,0.3087248880306248
5408,3,10.5499999523,10.41582063982153,0.13417931247847115
5409,3,10.3999996185,11.142182567298399,0.7421829487983977
5410,3,11.433333238,11.338329900922963,0.09500333707703668
5411,3,9.60000038147,11.157725081671023,1.5577247002010228
5412,3,10.8777777354,10.927195701353325,0.04941796595332448
5413,3,11.3999996185,10.917395918608424,0.4826036998915768
5414,3,11.6666666667,11.445471743414387,0.22119492328561208
5415,3,11.6500000954,10.96355819958508,0.6864418958149194
5416,3,12.1200000763,11.542300788514286,0.5776992877857143
5417,3,10.4500002861,12.323937649681957,1.8739373635819572
5418,3,12.2000002861,10.704116417760577,1.4958838683394227
5419,3,11.5111110475,11.027553221492305,0.48355782600769537
5420,3,12.7666667302,11.077098708198502,1.6895680220014988
5421,5,13.0333334605,11.018882673820688,2.014450786679312
5422,5,11.9499998093,11.682679456693425,0.26732035260657483
5423,5,11.9249999523,12.794873087597871,0.8698731352978708
5424,5,11.3000001907,11.598779931691693,0.2987797409916926
5425,5,12.1000003815,11.210427179792163,0.8895732017078366
5426,5,10.6000003815,11.133046858958386,0.5330464774583863
5427,5,11.4000002543,11.111911398056353,0.2880888562436468
5428,5,12.6999998093,11.009956825200792,1.6900429840992075
5429,5,11.3333333333,12.661575923509051,1.3282425902090509
5430,5,11.6000003815,9.828131772304324,1.7718686091956748
5431,5,11.9000000954,11.631388372748606,0.2686117226513929
5432,5,11.6199998856,11.733777257881084,0.11377737228108309
5433,5,11.1999998093,11.532557992510542,0.3325581832105424
5434,5,11.1666666667,11.815861938482673,0.6491952717826734
5435,5,10.3499999046,11.207133718510242,0.8571338139102416
5436,5,12.5571429389,11.370935504963326,1.1862074339366746
5437,5,12.1749999523,12.955834904372756,0.7808349520727553
5438,5,11.6999998093,11.056720932147439,0.6432788771525608
5439,5,8.84999990463,11.094121499061583,2.244121594431583
5440,5,9.10000038147,10.983403682838567,1.883403301368567
5441,5,11.3000001907,12.630515349440007,1.3305151587400061
5442,5,12.8999996185,10.975564383172376,1.9244352353276248
5443,5,13.1999998093,11.912863685642556,1.2871361236574437
5444,5,13.0999999046,11.442785434615686,1.6572144699843143
5445,5,11.75,11.0355370368706,0.7144629631293995
5446,5,10.9499998093,11.64778026577118,0.6977804564711807
5447,5,11.1000003815,11.340216527645115,0.24021614614511577
5448,5,11.1999998093,11.106514987419764,0.0934848218802351
5449,5,11.7666667302,12.097616728190568,0.330949997990567
5450,4,10.3500003815,10.81359702573673,0.4635966442367305
5451,4,12.0999999046,11.10613390078985,0.993866003810151
5452,4,9.01999988556,10.28667305044541,1.2666731648854093
5453,4,9.30000019073,10.180649672763895,0.8806494820338955
5454,4,10.6999998093,11.50231083082971,0.8023110215297109
5455,4,11.6999998093,11.845751257479584,0.14575144817958474
5456,4,11.25,11.60899648479884,0.3589964847988405
5457,4,10.1999998093,10.364361798441784,0.1643619891417849
5458,4,12.75,10.734221548764818,2.0157784512351817
5459,4,11.2000001272,11.069978555618118,0.13002157158188155
5460,4,11.1666666667,10.922297756220276,0.2443689104797233
5461,4,12.6000003815,10.643533649370685,1.9564667321293143
5462,4,11.0499997139,10.638749611118202,0.4112501027817981
5463,4,12.3199998856,11.38018935957032,0.9398105260296798
5464,4,10.8999996185,10.605008457081155,0.29499116141884585
5465,4,12.7083334128,11.723993583203175,0.9843398295968253
5466,4,12.2999998728,11.390428235597057,0.9095716372029443
5467,4,11.8000001907,11.824081258268805,0.02408106756880457
5468,4,13.0999999046,10.880884106345633,2.219115798254368
5469,4,14.0,11.503885323952744,2.496114676047256
5470,4,10.7999998728,11.391919794849679,0.5919199220496782
5471,4,11.0500001907,11.156931598815982,0.10693140811598134
5472,4,10.7399999619,10.567081560583798,0.17291840131620262
5473,4,10.1250002384,10.680012355511408,0.5550121171114082
5474,4,12.4799999237,12.091489537674141,0.3885103860258585
5475,4,11.6000003815,11.150058998355135,0.4499413831448642
5476,5,11.0333331426,11.837951366866289,0.8046182242662887
5477,5,12.5800000191,14.356928915522744,1.7769288964227439
5478,5,11.9499998093,11.956138050924988,0.006138241624988439
5479,5,11.3999996185,11.156260363567057,0.2437392549329438
5480,5,10.2759999466,11.916537987283544,1.640538040683543
5481,5,10.5,10.344908897080847,0.15509110291915285
5482,5,11.6000003815,11.83322473004788,0.2332243485478802
5483,5,9.10000038147,11.260543136728133,2.160542755258133
5484,5,11.7666666243,12.321304669698407,0.5546380453984057
5485,5,10.25,11.61481184568584,1.3648118456858391
5486,5,11.0499997139,10.854220755543077,0.19577895835692338
5487,5,11.6999998093,12.205748778269125,0.5057489689691259
5488,1,12.2999998728,12.071904869067316,0.228095003732685
5489,1,11.0500001907,11.614179281519078,0.5641790908190778
5490,1,11.9499998093,11.125075663813387,0.8249241454866123
5491,1,13.5363636884,12.86823562117985,0.6681280672201506
5492,1,10.4000002543,11.26422968787821,0.8642294335782097
5493,1,12.5250000954,12.14810326244336,0.3768968329566391
5494,1,11.8999996185,10.937053484750036,0.9629461337499645
5495,1,12.2000002861,12.03060947424895,0.16939081185105032
5496,1,11.6000003815,11.492208620818571,0.10779176068142782
5497,1,12.75,11.954122370710575,0.795877629289425
5498,1,12.5000003179,11.557530712691428,0.9424696052085721
5499,1,12.0333334605,10.731192115877965,1.3021413446220347
5500,1,12.1500000954,12.320017114165845,0.1700170187658454
5501,1,11.8999996185,11.941855752683795,0.04185613418379397
5502,3,12.6500000954,10.729393478772675,1.9206066166273246
5503,3,11.4000000954,10.877242469636872,0.522757625763127
5504,3,12.3799999237,12.357151765973486,0.022848157726514273
5505,3,9.60000038147,10.775547498230226,1.1755471167602263
5506,3,10.1500000954,10.697160545009893,0.5471604496098941
5507,3,11.8999996185,12.172962342788047,0.27296272428804613
5508,3,11.8000001907,10.747477476000801,1.0525227146991991
5509,3,11.0,11.453210230959058,0.45321023095905844
5510,3,10.4000000954,10.605970455598479,0.2059703601984797
5511,3,11.5,10.960903386039565,0.5390966139604352
5512,3,8.93333323797,10.84694445106497,1.9136112130949705
5513,3,11.685714313,11.890420457628574,0.20470614462857384
5514,3,10.5500001907,10.231748154781961,0.3182520359180394
5515,3,11.0,10.682416897841161,0.31758310215883867
5516,3,11.1999998093,10.41813678852729,0.7818630207727093
5517,3,10.0833334923,11.22518238866034,1.1418488963603401
5518,3,9.99999976158,11.89787162980728,1.8978718682272806
5519,4,13.0,10.663593850422952,2.336406149577048
5520,4,11.6000000636,12.199918315844096,0.5999182522440965
5521,4,11.9999996821,10.87534559087255,1.12465409122745
5522,4,12.6666667726,11.738853146899817,0.9278136257001819
5523,4,12.9499998093,10.748422074264562,2.2015777350354373
5524,4,10.8999996185,10.208077422506774,0.6919221959932269
5525,4,11.6333332062,10.778850135607216,0.8544830705927833
5526,4,8.93333339691,10.487036175123919,1.5537027782139194
5527,4,9.19999980927,10.366698178475671,1.1666983692056707
5528,4,12.8999996185,11.79304952877466,1.1069500897253413
5529,4,9.89999961853,10.42312333109356,0.5231237125635602
5530,4,10.875,11.392460016984947,0.5174600169849466
5531,1,10.5,11.225159343394683,0.725159343394683
5532,1,11.6000003815,11.40421310474124,0.19578727675875918
5533,1,12.1000003815,12.517434671460514,0.41743428996051435
5534,1,11.8400001526,11.71670523357567,0.12329491902432999
5535,1,12.0000003179,11.896556620626928,0.10344369727307168
5536,1,11.7714286532,11.032378737844228,0.7390499153557712
5537,1,11.0,12.91456912593976,1.9145691259397601
5538,1,12.5777778625,12.233946888212056,0.3438309742879433
5539,1,12.0500001907,11.938930283271214,0.11106990742878686
5540,1,9.89999993642,11.409931110457359,1.5099311740373587
5541,4,11.8666664759,11.584000330860917,0.2826661450390837
5542,4,10.7999998728,11.34372502770255,0.5437251549025497
5543,4,11.5,11.279966496292078,0.2200335037079224
5544,4,9.26666673024,11.140902905984717,1.8742361757447163
5545,4,11.8333333333,11.146182561531527,0.687150771768474
5546,4,12.2666664124,11.83964229553825,0.4270241168617499
5547,4,12.0499997139,11.37799066847626,0.6720090454237404
5548,4,11.8000001907,11.457838674082602,0.3421615166173986
5549,4,12.0,11.752804505194886,0.24719549480511382
5550,4,8.84999990463,10.563603026160829,1.713603121530829
5551,3,12.285714422,11.884244635934813,0.4014697860651868
5552,3,9.84999990463,11.459497895429731,1.6094979907997313
5553,3,12.5,10.543415999991574,1.9565840000084265
5554,3,12.1999998093,11.497831510513922,0.7021682987860771
5555,3,12.4333333969,10.81384065944884,1.6194927374511607
5556,3,12.3000001907,11.967497392778872,0.33250279792112813
5557,3,11.4499998093,10.813168445493593,0.6368313638064063
5558,3,11.6999998093,10.761618851504368,0.9383809577956317
5559,3,12.2222222222,11.814115964202784,0.4081062579972148
5560,3,12.6999998093,10.820988641327109,1.879011167972891
5561,3,9.10000038147,11.005316223315495,1.9053158418454945
5562,3,11.1999998093,10.285480036612222,0.9145197726877772
5563,3,12.2285713468,11.383254154858705,0.8453171919412963
5564,3,11.6999998093,10.710272158302121,0.9897276509978781
5565,3,11.3999996185,11.27859062596719,0.12140899253281034
5566,3,9.75,11.214084614197459,1.4640846141974588
5567,3,12.3,11.900679744306263,0.39932025569373764
5568,3,11.5500001907,10.607813867033201,0.9421863236667996
5569,3,8.82500004768,10.895702020058827,2.070701972378828
5570,2,11.6999998093,11.952186723717427,0.25218691441742713
5571,2,11.9999996821,11.86664021796933,0.13335946413067035
5572,2,11.0333331426,11.727522965765699,0.6941898231656989
5573,2,13.6749999523,12.14647283226233,1.5285271200376709
5574,2,11.0,11.912842977511207,0.9128429775112075
5575,2,12.8999996185,11.481889768618963,1.4181098498810378
5576,2,12.6500000954,11.688485095330442,0.9615150000695571
5577,2,10.9499998093,11.35257243123313,0.40257262193313004
5578,2,9.15000003576,11.44329077280971,2.293290737049711
5579,2,10.1999998093,12.304604893410533,2.104605084110533
5580,2,13.0333334605,11.694606391705761,1.3387270687942383
5581,2,10.955555492,11.589837218980179,0.6342817269801788
5582,2,11.75,11.795163358369798,0.045163358369798345
5583,1,9.19999980927,11.78900826558976,2.5890084563197604
5584,1,8.76666641235,11.253765093681867,2.487098681331867
5585,1,12.3000001907,11.407219478177169,0.892780712522832
5586,1,12.8499999046,12.01556953801028,0.8344303665897215
5587,1,9.60000038147,11.21653306180286,1.6165326803328597
5588,1,12.0,11.379857076026346,0.6201429239736544
5589,1,12.0,11.304986565923006,0.6950134340769942
5590,1,11.0500001907,10.967860178518471,0.08214001218152944
5591,1,11.6000003815,11.872432389638934,0.2724320081389351
5592,1,9.53333346049,13.433999446156545,3.900665985666544
5593,1,11.3000001907,10.554118300066989,0.7458818906330116
5594,1,11.6999998093,11.387976928206143,0.31202288109385634
5595,1,12.1571427754,12.091794621082956,0.06534815431704466
5596,1,11.2666664124,11.293888536113187,0.02722212371318733
5597,1,11.8000001907,11.588747491267185,0.21125269943281566
5598,5,11.3666667938,11.390572497752888,0.023905703952888047
5599,5,9.83333333333,11.166759384258437,1.3334260509284377
5600,5,12.3000001907,12.00592871292718,0.29407147777282105
5601,5,12.1750001907,12.425585896449522,0.250585705749522
5602,5,14.0000002384,12.624451568100113,1.375548670299887
5603,5,9.34999990463,10.834458636017787,1.4844587313877877
5604,5,9.5,10.942893929564619,1.4428939295646188
5605,5,11.3999996185,11.548422596353596,0.14842297785359548
5606,5,11.8999996185,11.577874546831236,0.3221250716687649
5607,5,9.55000019073,11.404733310440797,1.8547331197107972
5608,5,12.8999996185,11.22073234834958,1.6792672701504205
5609,5,11.5,10.511826667550292,0.9881733324497084
5610,5,11.75,11.65230992820724,0.09769007179276024
5611,5,9.125,12.213215347228177,3.088215347228177
5612,5,9.64999985695,11.444671561101627,1.794671704151627
5613,5,9.39999961853,10.820382484885144,1.420382866355144
5614,5,10.7999998093,10.760512202140951,0.039487607159047755
5615,5,11.8000001907,10.859296150126921,0.9407040405730793
5616,5,10.6749999523,11.807425526209705,1.132425573909705
5617,5,11.5399999619,11.952953262544645,0.4129533006446451
5618,5,12.0666666031,11.945318366051794,0.12134823704820619
5619,5,12.0,11.775772801112279,0.22422719888772136
5620,5,11.1749999523,12.074195653568255,0.8991957012682548
5621,5,11.0,10.77965122733556,0.22034877266444042
5622,5,11.3499999046,11.457639201038544,0.10763929643854375
5623,5,10.3999996185,11.165576055290835,0.765576436790834
5624,3,14.0333334605,13.187749993872462,0.8455834666275379
5625,3,16.2000007629,13.039154949619785,3.160845813280215
5626,3,18.8600002289,15.363845194200096,3.4961550346999033
5627,3,17.7999992371,13.9819223572518,3.818076879848199
5628,3,13.9249999523,13.956667054830438,0.03166710253043803
5629,3,15.6666665607,14.892513696291822,0.7741528644081779
5630,3,12.6999998093,12.788164853385446,0.08816504408544645
5631,3,15.1666666667,13.968943529613709,1.1977231370862906
5632,2,15.7833333015,14.64480197000109,1.1385313314989105
5633,2,14.6666669846,13.905917706794986,0.7607492778050151
5634,2,13.5250000954,13.39858957874433,0.12641051665566927
5635,2,11.9000000954,13.201313708651476,1.3013136132514767
5636,2,13.0500001907,14.308410048827488,1.2584098581274876
5637,2,12.1999998093,14.910225882494634,2.710226073194635
5638,2,18.2000007629,16.56028321278809,1.6397175501119108
5639,2,19.4499998093,17.12463367727031,2.3253661320296892
5640,2,13.9000000954,13.303231495486948,0.5967685999130516
5641,2,16.2749998569,15.626440221415514,0.6485596354844851
5642,1,17.3500003815,15.134419776781359,2.2155806047186406
5643,1,13.8222222858,13.561959105169572,0.2602631806304281
5644,1,16.8375000954,14.659893745343007,2.177606350056992
5645,1,19.9857145037,15.31138356618938,4.67433093751062
5646,1,12.4666668574,13.278736287755539,0.8120694303555389
5647,1,12.1500000954,16.78188101227372,4.631880916873719
5648,1,12.6999998093,13.258541217206826,0.5585414079068265
5649,1,15.4888890584,15.894468192493672,0.4055791340936725
5650,1,16.9499998093,17.53211485905945,0.5821150497594516
5651,1,14.7,13.590487259155019,1.1095127408449805
5652,1,15.6999998093,15.50803048338835,0.19196932591164995
5653,4,16.3999996185,16.0285446407491,0.37145497775090064
5654,4,15.0500001907,14.491429865738828,0.5585703249611722
5655,4,13.8000001907,14.534625261571271,0.7346250708712709
5656,4,18.3500001431,15.655708154767057,2.694291988332944
5657,4,22.5857140677,16.454770349142454,6.130943718557546
5658,4,13.6333332062,13.476686782734946,0.15664642346505353
5659,4,14.8999999364,13.911502341296348,0.9884975951036523
5660,4,12.3000001907,14.821659722993385,2.521659532293384
5661,4,17.0,15.809786937881984,1.1902130621180156
5662,4,18.8999996185,15.557484523593185,3.3425150949068154
5663,4,15.1999998093,16.03094257411318,0.8309427648131802
5664,4,12.6999998093,13.75541311312168,1.0554133038216804
5665,3,13.0750000477,14.812152909938368,1.7371528622383678
5666,3,14.4249999523,15.868017586227607,1.4430176339276066
5667,3,13.2249999046,12.962759478813604,0.2622404257863966
5668,3,13.7000001272,14.009428157426663,0.3094280302266643
5669,3,15.6500000954,14.046488288264728,1.6035118071352716
5670,3,15.6727273247,14.518673459463038,1.1540538652369623
5671,3,15.8999996185,15.046900198110349,0.8530994203896523
5672,3,13.5,13.02337894136637,0.47662105863362925
5673,3,14.8000001907,12.821200094165924,1.9788000965340764
5674,3,13.6,13.61019728617199,0.010197286171990783
5675,4,14.1000003815,14.977057695873036,0.8770573143730367
5676,4,16.3499994278,13.538417234607591,2.811582193192409
5677,4,16.4400001526,14.185753866978157,2.254246285621843
5678,4,19.8999996185,16.24220465215345,3.6577949663465503
5679,4,15.1333335241,15.51245830628305,0.3791247821830499
5680,4,14.477777693,14.445819131043628,0.03195856195637248
5681,4,15.3846153846,14.14900762658514,1.2356077580148597
5682,4,18.1000003815,16.302944461147835,1.7970559203521645
5683,4,16.5,17.572049406641312,1.0720494066413124
5684,4,12.1000003815,14.530510014200994,2.4305096327009945
5685,4,17.3125,15.61753117776667,1.6949688222333297
5686,2,13.9000002543,14.539667574035223,0.6396673197352225
5687,2,16.6799999237,14.684073949945208,1.9959259737547903
5688,2,14.5999999046,13.9164757208142,0.683524183785801
5689,2,14.3999996185,14.652798444566603,0.2527988260666021
5690,2,17.5500001907,16.31071339822055,1.2392867924794508
5691,2,14.1399999619,14.51813385769937,0.37813389579937073
5692,2,16.9499993324,15.516230610153045,1.4337687222469562
5693,2,18.2428569794,15.315808692585332,2.927048286814667
5694,2,18.1499996185,14.70160673945466,3.4483928790453415
5695,2,16.7166665395,15.171106405950106,1.5455601335498947
5696,1,16.7333335876,17.557713451114797,0.8243798635147961
5697,1,14.9000000954,14.449822269508504,0.4501778258914957
5698,1,12.3999996185,13.852780496827082,1.452780878327081
5699,1,17.5,16.735890793245368,0.7641092067546325
5700,1,16.2000001907,14.007403125864585,2.1925970648354145
5701,1,17.1000003815,14.373688778454762,2.7263116030452377
5702,1,17.3181817315,15.253156517422644,2.065025214077357
5703,1,15.2200000763,16.63755103782075,1.4175509615207496
5704,1,14.6000003815,13.679838880118952,0.9201615013810471
5705,1,14.8000001907,13.737988545511797,1.0620116451882033
5706,1,16.9333337148,16.42951058588607,0.503823128913929
5707,1,18.2181819569,15.775556639265826,2.4426253176341746
5708,5,15.8400000572,14.000050609206827,1.8399494479931722
5709,5,14.9749999046,14.184003247724508,0.7909966568754925
5710,5,15.2999997139,14.893088271515401,0.4069114423845992
5711,5,13.75,14.171749666104665,0.4217496661046649
5712,5,15.5,16.150207276849933,0.6502072768499332
5713,5,13.0599998474,16.798942727299522,3.738942879899522
5714,5,11.7999997139,14.02825181207378,2.2282520981737797
5715,5,15.2249999046,14.78542378359905,0.43957612100095034
5716,5,15.1125000715,13.679510933302492,1.4329891381975077
5717,5,13.1500000954,13.120023861928468,0.029976233471531444
5718,3,11.8400001526,12.468648286329842,0.6286481337298415
5719,3,16.2000007629,16.24541154779043,0.0454107848904286
5720,3,15.8600000381,15.275001208543687,0.584998829556314
5721,3,16.2999992371,14.277077655232281,2.0229215818677186
5722,3,16.9000001635,14.018149266076774,2.8818508974232255
5723,3,16.1500000954,14.317474311558804,1.832525783841195
5724,3,16.7142854418,17.272207161785254,0.5579217199852522
5725,3,14.5,17.703484582195447,3.203484582195447
5726,3,14.0500001907,16.84077522967308,2.7907750389730808
5727,3,11.7333332698,13.30690131250262,1.57356804270262
5728,3,15.3272726753,13.065807332488676,2.2614653428113236
5729,3,13.1000003815,16.592643829371223,3.492643447871224
5730,5,13.5,14.817995755712204,1.3179957557122037
5731,5,16.6928571974,15.334664943319574,1.358192254080425
5732,5,15.8499999046,15.656406948441331,0.19359295615866934
5733,5,19.4500002861,16.824578737096704,2.6254215490032955
5734,5,14.4500000477,15.447078154919561,0.9970781072195614
5735,5,13.375,13.485219123318853,0.11021912331885275
5736,5,18.1500002543,14.333710121834853,3.816290132465147
5737,5,14.6500000954,13.712392203491838,0.9376078919081614
5738,2,13.7000000817,13.113335645740351,0.5866644359596496
5739,2,17.25,14.389878794962389,2.8601212050376112
5740,2,16.8999996185,14.771775052823331,2.1282245656766694
5741,2,15.6999998093,13.786243771528664,1.9137560377713356
5742,2,14.9749999046,14.704842725481786,0.2701571791182147
5743,2,17.2999992371,17.307568755806944,0.007569518706944223
5744,2,17.25,16.62166879753339,0.6283312024666117
5745,2,20.8999996185,15.603474591620879,5.296525026879122
5746,5,16.1500005722,16.52267195380057,0.372671381600572
5747,2,14.3666667938,14.359635640875462,0.007031152924538375
5748,5,16.4249997139,14.822804779969529,1.6021949339304715
5749,5,15.2857142857,13.99122475950331,1.2944895261966884
5750,5,19.6000003815,15.435336290596444,4.164664090903555
5751,5,18.4666665395,14.857241788964327,3.6094247505356734
5752,5,23.6499996185,16.647429181800156,7.002570436699845
5753,5,14.4000000954,14.611052703074769,0.21105260767476963
5754,5,13.8333336512,14.390569064215397,0.5572354130153965
5755,5,19.4333337148,14.626505512492662,4.806828202307338
5756,5,13.9749999046,13.419136639952356,0.5558632646476447
5757,2,16.9749994278,18.083677963184506,1.108678535384506
5758,2,19.0333328247,16.31598059186888,2.7173522328311215
5759,2,13.3333336512,15.392352692387306,2.0590190411873053
5760,2,13.0,14.143602446035052,1.143602446035052
5761,2,12.8750002384,15.958251178653088,3.0832509402530874
5762,2,20.25,18.3186856676379,1.9313143323620992
5763,2,11.2999999183,14.529246477260813,3.2292465589608135
5764,2,19.2714287894,15.082056806204182,4.189371983195819
5765,2,12.6999998093,13.51949880854899,0.8194989992489905
5766,2,15.6999998093,14.945523441688524,0.7544763676114759
5767,1,18.4666665395,16.50661114381391,1.9600553956860907
5768,1,18.6333335241,16.67138709391586,1.9619464301841383
5769,1,13.3000001907,13.405947385055146,0.10594719435514577
5770,1,17.7000007629,14.437281641970742,3.2627191209292583
5771,1,13.0499999523,13.458094366758951,0.4080944144589509
5772,1,13.6500000954,14.04621979490709,0.3962196995070908
5773,1,12.1333335241,13.80259864322271,1.669265119122711
5774,1,16.6176470027,15.119017766092421,1.498629236607579
5775,1,17.1000003815,16.50962444878301,0.590375932716988
5776,1,16.7999992371,14.561966081026284,2.2380331560737154
5777,3,18.8000001907,18.775500803066848,0.024499387633152736
5778,3,13.1999998093,12.575298167117419,0.6247016421825808
5779,3,19.9499998093,15.67673374877718,4.27326606052282
5780,3,18.2999998728,14.708037274171796,3.5919625986282053
5781,3,13.6000003815,14.176874768746464,0.5768743872464643
5782,5,18.6000003815,15.103895842920968,3.496104538579031
5783,3,13.2750000954,13.109260074748088,0.16574002065191173
5784,3,12.8999996185,12.671575442482867,0.22842417601713372
5785,3,11.8,12.35403856167862,0.5540385616786185
5786,3,13.7999999523,13.776018901117247,0.023981051182753177
5787,3,15.9499998093,14.464397871965879,1.4856019373341205
5788,3,13.1333332062,13.105909351143776,0.0274238550562238
5789,3,13.0,12.619782175024561,0.3802178249754391
5790,3,14.6999998093,12.934099302293674,1.7659005070063252
5791,3,13.7800001144,13.036505737606769,0.7434943767932314
5792,3,14.0999999046,14.962765566276595,0.862765661676594
5793,3,14.0333331426,16.584688042947125,2.5513549003471248
5794,3,14.3000001907,17.802268982077134,3.5022687913771335
5795,3,15.3000001907,18.410750007315432,3.1107498166154315
5796,3,14.4499998093,13.537264527138449,0.9127352821615506
5797,3,12.9000000954,14.441964680369647,1.541964584969648
5798,3,12.9999997616,13.037640369420613,0.03764060782061307
5799,3,14.6500000954,12.955827038078525,1.6941730573214748
5800,3,18.25,14.215319079458887,4.034680920541113
5801,3,14.3800001144,13.234068743872616,1.145931370527384
5802,4,14.1999998093,14.049594532283132,0.15040527701686734
5803,4,14.8999996185,14.092449209166174,0.8075504093338264
5804,4,15.1999998093,14.160889549634023,1.0391102596659767
5805,4,13.3999999364,14.464249094458903,1.064249158058903
5806,4,15.2699999809,14.50417259358982,0.7658273873101802
5807,4,15.5750002861,14.769026873493576,0.8059734126064235
5808,4,15.4333333969,14.748035085240943,0.6852983116590572
5809,4,17.1666666667,15.558835527141467,1.6078311395585327
5810,4,13.3999997775,13.192280858173543,0.20771891932645659
5811,4,15.1500000954,13.648714259320034,1.5012858360799655
5812,4,12.6000003815,13.551207588030186,0.9512072065301869
5813,4,13.6399999619,14.062500951276443,0.4225009893764433
5814,4,14.8999999364,14.23942964173419,0.6605702946658099
5815,4,14.7666664124,16.99202747514322,2.2253610627432217
5816,4,12.433333238,15.325035420030888,2.8917021820308886
5817,4,16.1500000954,14.645049335979989,1.5049507594200104
5818,4,18.1499996185,15.297919503245316,2.852080115254685
5819,4,15.0,17.59945022469001,2.5994502246900097
5820,4,19.6666673024,14.365226219997927,5.301441082402073
5821,4,12.9000000954,13.324151279229557,0.42415118382955797
5822,5,12.2333332698,14.07554900997699,1.8422157401769912
5823,5,18.2999992371,15.33658554222108,2.96341369487892
5824,5,17.2000007629,18.407659153977836,1.2076583910778353
5825,5,16.0,13.964752751066378,2.035247248933622
5826,5,12.2333332698,13.452679253732388,1.2193459839323886
5827,5,15.4500000477,14.474870897859246,0.9751291498407539
5828,5,19.4749999046,16.077497830019944,3.397502074580057
5829,5,16.3000005086,14.787409512486256,1.5125909961137438
5830,5,12.1999998093,14.077569085131879,1.8775692758318794
5831,5,16.5500001907,14.522972965700996,2.0270272249990047
5832,5,17.327272762,16.008678130437332,1.318594631562668
5833,5,14.875,14.338594643487957,0.5364053565120432
5834,5,12.5000002384,13.636011401475258,1.136011163075258
5835,2,15.4499998093,16.09613972331147,0.6461399140114708
5836,2,14.0500001907,15.368451679661877,1.3184514889618768
5837,2,17.7631577944,14.306841367828518,3.456316426571483
5838,2,17.5,14.301192809427127,3.1988071905728734
5839,2,14.4600000381,13.438207851804577,1.0217921862954231
5840,2,14.9249999523,16.338827695649606,1.4138277433496054
5841,2,16.2666670481,17.409660223067373,1.1429931749673727
5842,2,12.3999996185,13.768174457242296,1.368174838742295
5843,2,13.2749998569,13.378813621042108,0.10381376414210841
5844,2,13.5,14.658657239112236,1.1586572391122356
5845,2,15.5,16.856776853872447,1.3567768538724465
5846,3,16.2999992371,15.334104383833427,0.9658948532665725
5847,3,19.7000007629,14.115462438529939,5.584538324370062
5848,3,14.6000003815,12.960601769124649,1.6393986123753503
5849,3,16.1888889737,14.028353859386804,2.160535114313195
5850,3,16.7750000954,14.797597616468336,1.9774024789316638
5851,3,25.0,17.560994130979246,7.439005869020754
5852,3,16.1666673024,13.582119137361655,2.5845481650383455
5853,3,13.5333331426,12.705629802177251,0.8277033404227492
5854,3,13.8999999364,14.06029661372452,0.1602966773245189
5855,3,15.3222221798,14.233522673700145,1.0886995060998554
5856,3,16.5200000763,13.72061590669212,2.7993841696078814
5857,5,16.3500003815,14.195190170055671,2.154810211444328
5858,5,19.8142858233,15.759389366586541,4.054896456713459
5859,5,15.3000001907,15.293292068829658,0.006708121870342865
5860,5,17.1000003815,19.46846369825629,2.3684633167562907
5861,5,15.7058823529,15.172177567211028,0.5337047856889718
5862,5,14.6411764481,15.024384841447127,0.3832083933471271
5863,5,17.7599998474,15.803972504074856,1.9560273433251432
5864,5,15.25,15.046725558135112,0.2032744418648882
5865,5,16.3888892068,14.498580123343736,1.8903090834562626
5866,5,13.3500001431,14.205093545991504,0.8550934028915034
5867,1,13.6500000954,13.189935036638783,0.4600650587612165
5868,1,16.3999996185,18.940348098807554,2.5403484803075536
5869,1,14.4000000424,15.257596305199304,0.8575962627993032
5870,1,18.9000005722,15.556170404691041,3.3438301675089583
5871,1,15.5500001907,17.682155827175265,2.1321556364752645
5872,1,16.400000052,15.404914572774086,0.9950854792259136
5873,1,18.4666665395,15.617707390101813,2.848959149398187
5874,1,13.4500002861,15.2030541782441,1.7530538921441003
5875,1,17.6000003815,14.734418820307797,2.8655815611922026
5876,1,16.2999997139,17.65991030937674,1.359910595476741
5877,5,16.5500001907,18.490650507918822,1.9406503172188216
5878,5,16.3200000763,15.16410107872697,1.155898997573031
5879,5,16.7333335876,15.774148864866946,0.9591847227330543
5880,5,17.049999555,15.635990442931245,1.4140091120687543
5881,5,13.9666665395,17.034937536218283,3.068270996718283
5882,5,16.3999996185,13.525062580788035,2.874937037711966
5883,5,16.0666666031,15.327490630220657,0.7391759728793428
5884,5,19.0,15.869670427335938,3.1303295726640616
5885,5,12.9500002861,13.992558724374643,1.042558438274643
5886,5,12.6000003815,15.42072318814413,2.820722806644131
5887,3,18.1500000954,15.50151287897359,2.6484872164264086
5888,3,15.0999999046,15.046391903451633,0.05360800114836728
5889,3,18.7857142857,16.04630298996723,2.7394112957327685
5890,3,15.8000001907,14.985133789725314,0.8148664009746867
5891,3,14.3000001907,14.652464714966545,0.3524645242665443
5892,3,12.6500000954,12.889476215085416,0.23947611968541693
5893,3,15.8444443809,13.023417064622326,2.821027316277675
5894,3,15.7499995232,16.17381642910419,0.4238169059041894
5895,4,13.5800001144,13.407525762643461,0.1724743517565397
5896,4,17.3499997457,15.285674215824825,2.064325529875175
5897,4,19.25,16.136986770163208,3.113013229836792
5898,4,11.3000001907,14.751477422429906,3.451477231729905
5899,4,18.0333328247,15.431191164784183,2.6021416599158176
5900,4,14.1799999237,13.640534928537127,0.5394649951628736
5901,4,19.4500002861,15.924615791229565,3.525384494870435
5902,4,18.0875000954,14.885643700781086,3.201856394618913
5903,4,20.0199996948,16.636765005707723,3.3832346890922764
5904,2,16.0,16.931298590249003,0.9312985902490034
5905,2,15.4499998093,15.049641755047775,0.4003580542522247
5906,2,11.6499998569,14.813125406566629,3.1631255496666295
5907,2,14.6999998093,14.193339173061556,0.5066606362384434
5908,2,15.8999996185,17.1746621891564,1.2746625706563997
5909,2,13.875,13.542731462117933,0.3322685378820669
5910,2,12.9499998093,14.25323481613554,1.303235006835541
5911,2,19.6600002289,15.379363822164956,4.280636406735043
5912,2,14.3000001907,13.56957966025277,0.7304205304472298
5913,2,12.1499996185,14.82613486980915,2.67613525130915
5914,2,12.4,13.426123920621153,1.0261239206211528
5915,1,20.25,16.34762399427949,3.902376005720509
5916,1,14.8999996185,13.506374948500028,1.3936246699999728
5917,1,12.6500000954,12.541049327558095,0.10895076784190394
5918,1,14.9666665395,13.260440459337788,1.706226080162212
5919,1,16.2500004768,16.076334427925804,0.17366604887419612
5920,1,13.9499998093,16.849906784911457,2.899906975611458
5921,1,14.2666667302,14.906329870636197,0.6396631404361965
5922,1,11.5666666031,12.934463597123907,1.367796994023907
5923,1,13.0499998728,14.585086801681289,1.535086928881288
5924,1,16.6000003815,14.486226049781845,2.1137743317181545
5925,1,13.3499999046,13.42136672853357,0.07136682393356963
5926,3,12.4199999809,13.6866956779361,1.2666956970361003
5927,3,12.3000001907,13.40401209379913,1.1040119030991296
5928,3,12.8555554284,12.730371687610724,0.12518374078927685
5929,3,17.9000005722,15.054372252896774,2.8456283193032252
5930,3,16.0500001907,13.374605342017928,2.675394848682073
5931,3,14.1999998093,13.126136112147897,1.0738636971521025
5932,3,13.5,13.064379820038248,0.4356201799617523
5933,3,16.1714285442,14.40396045555887,1.767468088641131
5934,3,18.5500001907,15.887837141728864,2.662163048971136
5935,4,12.5999999046,12.990528292342582,0.3905283877425809
5936,3,18.1222224765,15.76342373847589,2.3587987380241096
5937,4,13.8833333651,13.294113593237554,0.5892197718624459
5938,4,11.7000001272,13.15792419811996,1.4579240709199617
5939,4,15.8000001907,13.966402609082863,1.8335975816171377
5940,4,14.6999998093,13.454218938481313,1.2457808708186864
5941,4,17.0888889101,14.661508914631895,2.4273799954681046
5942,4,16.4571428299,17.33042802617358,0.8732851962735779
5943,4,19.3714286259,17.226368690215754,2.1450599356842446
5944,4,17.6999994914,15.244868796249603,2.4551306951503964
5945,3,15.1000003815,13.651363235351623,1.4486371461483767
5946,3,21.3999996185,15.616549221475447,5.783450397024554
5947,3,14.5,14.600173814796186,0.10017381479618592
5948,3,15.7333335876,13.963104989378566,1.7702285982214345
5949,3,15.3000001907,13.133923416594342,2.166076774105658
5950,3,16.6999998093,13.559669689773443,3.1403301195265563
5951,3,13.9000000954,12.571679864000174,1.3283202313998252
5952,3,17.2999998728,16.75065689688098,0.5493429759190214
5953,3,13.0333331426,14.868582696361031,1.835249553761031
5954,3,17.4333333969,15.146150332515694,2.2871830643843065
5955,2,15.6999998093,15.443582369799557,0.25641743950044216
5956,2,19.0,14.42673537784439,4.573264622155611
5957,2,13.3333333333,14.51772191466399,1.18438858136399
5958,2,12.7250001431,13.284466015688828,0.5594658725888273
5959,2,12.8666667938,13.371018198308438,0.5043514045084372
5960,2,13.0333333015,14.996845979671413,1.963512678171412
5961,2,14.5999999046,15.878998120393133,1.2789982157931323
5962,2,16.2000007629,13.520870977327345,2.6791297855726555
5963,2,14.7666667302,13.546631725267687,1.2200350049323134
5964,2,15.6499996185,13.827996977025203,1.822002641474798
5965,2,16.2000007629,13.63218723397561,2.5678135289243897
5966,2,14.9000000954,14.795204026014812,0.1047960693851877
5967,2,13.1000003815,13.344533126535199,0.24453274503519928
5968,2,14.3999996185,13.438466401560296,0.9615332169397046
5969,2,18.1000003815,15.048804247249274,3.0511961342507252
5970,1,14.4399999619,13.958789981728312,0.4812099801716876
5971,1,13.3000001907,13.990276467923573,0.6902762772235729
5972,1,13.4000000954,13.167428248897545,0.232571846502454
5973,1,18.25,18.991039350195177,0.7410393501951766
5974,1,16.5,14.464687653976638,2.035312346023362
5975,1,16.285714422,14.114754746203733,2.1709596757962686
5976,1,17.6999994914,15.49255235224118,2.2074471391588197
5977,1,12.1333332062,14.439922251409802,2.306589045209803
5978,1,13.9000000954,14.613533760929148,0.7135336655291482
5979,1,15.0428570339,14.768535300886857,0.274321733013144
5980,3,15.0500001907,13.480388149054928,1.5696120416450725
5981,3,12.3000001907,13.52755335738774,1.2275531666877395
5982,3,14.9000000954,14.677258535050433,0.22274156034956683
5983,3,17.7500004768,15.962532240490942,1.7874682363090582
5984,3,12.1999998093,13.302554210943752,1.1025544016437525
5985,3,13.25,12.919211471798413,0.33078852820158744
5986,3,14.6500000954,15.169434687862536,0.5194345924625363
5987,3,12.8499999046,12.768879083304808,0.08112082129519216
5988,3,14.1000003815,12.845814348416667,1.2541860330833323
5989,3,13.7000002861,12.875746001731518,0.8242542843684824
5990,4,14.8666666349,13.289348093950824,1.5773185409491752
5991,4,16.8999996185,15.601050290237465,1.2989493282625357
5992,4,12.4999996821,13.300516097098658,0.8005164149986577
5993,4,13.2166665395,14.74454913658185,1.5278825970818506
5994,4,13.3333333333,13.561075163433044,0.22774183013304317
5995,4,12.8285715921,13.682254425214973,0.8536828331149735
5996,4,13.6333334181,14.769650738882227,1.1363173207822275
5997,4,16.7999992371,13.617253668100167,3.1827455689998327
5998,4,16.4555555979,14.324984717011155,2.1305708808888433
5999,4,13.5999999046,13.881977856237011,0.28197795163701045
6000,3,12.7000002861,12.971867036231192,0.271866750131192
6001,3,15.0,14.090669076022802,0.9093309239771976
6002,3,17.0,14.339907139859534,2.660092860140466
6003,3,12.8999996185,12.96029442852336,0.060294810023359346
6004,3,14.7800001144,14.01416383294468,0.7658362814553197
6005,3,14.9749999046,12.597436801843857,2.3775631027561435
6006,3,18.1999998093,16.610085090849367,1.5899147184506326
6007,3,14.0999999046,13.141789815171087,0.9582100894289134
6008,3,14.5999999728,13.289590842807277,1.3104091299927223
6009,3,17.0571430751,15.12048752957493,1.9366555455250705
6010,3,14.8999996185,14.901010278263472,0.0010106597634713665
6011,3,12.9249999523,13.13832909178686,0.21332913948685928
6012,1,13.7800001144,14.795439946816415,1.0154398324164156
6013,1,17.5,17.750818198163376,0.25081819816337614
6014,1,12.9000000954,14.620250140875989,1.7202500454759893
6015,1,18.7,15.633506038287779,3.0664939617122204
6016,1,15.6285713741,14.734651981512863,0.8939193925871365
6017,1,14.2444444233,13.321709627645463,0.9227347956545362
6018,1,16.8499994278,15.408325818173632,1.4416736096263687
6019,1,19.0500001907,14.494144024168905,4.555856166531095
6020,1,14.3999996185,13.881251861234364,0.5187477572656363
6021,1,16.4,15.231347600655804,1.1686523993441948
6022,1,16.4666666985,15.335349800411137,1.131316898088862
6023,1,13.6000000636,15.409015311253343,1.8090152476533436
6024,1,16.8999996185,15.842798503458996,1.0572011150410052
6025,1,14.8000001907,15.817990406105867,1.0179902154058666
6026,1,12.0,13.064135771759988,1.0641357717599877
6027,1,13.4000000954,17.436256375918113,4.0362562805181135
6028,1,14.6200000763,15.667761472221464,1.047761395921464
6029,1,20.3545454199,15.743064034542577,4.611481385357422
6030,1,15.0999999046,14.844618137763828,0.2553817668361731
6031,1,14.0142857688,13.941390059146737,0.0728957096532632
6032,3,16.3999996185,14.165658654819019,2.2343409636809817
6033,3,16.3999996185,15.042324031398337,1.3576755871016637
6034,3,13.8000001907,12.447041751678924,1.3529584390210765
6035,3,19.6400005341,14.397355481379545,5.242645052720455
6036,3,14.4500002861,14.296154464088719,0.15384582201128083
6037,3,17.0999994278,14.38328622689384,2.7167132009061596
6038,3,15.6999998093,12.638916814882002,3.0610829944179976
6039,3,12.066666921,13.592992312256127,1.5263253912561279
6040,3,15.1999998093,13.150624140247057,2.0493756690529423
6041,1,12.75,13.402249158369754,0.6522491583697541
6042,1,15.3999996185,14.019028127516528,1.3809714909834732
6043,1,18.1333332062,15.173214890409147,2.9601183157908526
6044,1,13.3499999046,13.535276746319868,0.18527684171986714
6045,1,15.0,13.274752128142538,1.7252478718574622
6046,1,14.1999998093,12.984575881166416,1.2154239281335837
6047,1,16.1333332062,15.515710933677303,0.6176222725226967
6048,1,17.3249998093,16.424086857780807,0.9009129515191923
6049,1,19.0,16.613399455680195,2.386600544319805
6050,1,13.1999998093,14.167969686611281,0.9679698773112815
6051,1,16.0750005245,14.059001814806509,2.0159987096934895
6052,1,18.5500001907,14.695738559080379,3.8542616316196217
6053,4,21.4499998093,18.424805029381805,3.025194779918195
6054,4,17.5500001907,14.748395731428808,2.801604459271193
6055,4,13.7000002861,13.959684110124646,0.2596838240246466
6056,4,11.9666667514,13.011735061934107,1.0450683105341074
6057,4,12.2000000694,13.29344810367304,1.09344803427304
6058,4,12.0499999523,13.907471222964114,1.8574712706641137
6059,4,12.2499998808,13.290415964290966,1.0404160834909657
6060,4,15.2375000715,14.10246410564931,1.1350359658506903
6061,4,15.8999996185,15.392108721295136,0.5078908972048648
6062,4,12.4666666985,14.037761439904562,1.571094741404563
6063,4,13.6999998093,13.471760559160854,0.22823925013914526
6064,4,13.0999997457,15.483778826282942,2.3837790805829417
6065,2,11.7999997139,13.665060743014125,1.8650610291141252
6066,2,19.6499996185,17.43781012147803,2.2121894970219707
6067,2,12.7285713468,13.342887042947869,0.6143156961478677
6068,2,11.6999998093,14.970286902155271,3.2702870928552716
6069,2,12.1666666667,14.582675834468503,2.416009167768504
6070,2,14.7200000763,14.056876825914493,0.6631232503855067
6071,2,17.950000445,14.809062009395097,3.1409384356049035
6072,2,16.3499994278,15.61802519366726,0.7319742341327409
6073,2,15.1333335241,15.504209095167733,0.3708755710677334
6074,2,17.7000001272,15.076936336989256,2.623063790210743
6075,1,15.1142857415,15.371658530139403,0.2573727886394028
6076,1,13.7000002861,15.538772683675433,1.8387723975754326
6077,1,11.5999999046,14.354408519966517,2.7544086153665166
6078,1,13.0,12.943178838522542,0.056821161477458304
6079,1,16.1500005722,15.400427289813296,0.7495732823867041
6080,1,17.3500003815,17.660566235591634,0.3105658540916352
6081,1,18.4400001526,17.04830407425751,1.3916960783424912
6082,1,14.1999998093,16.00919555504237,1.8091957457423717
6083,1,19.1333332062,14.508638210753263,4.6246949954467365
6084,1,13.8999999364,13.180301942833013,0.7196979935669869
6085,1,21.8999996185,16.648508254091038,5.251491364408963
6086,3,20.2000002861,17.253486154437244,2.946514131662756
6087,3,14.0800001144,13.069701133521757,1.0102989808782432
6088,1,13.1666666667,15.17911704383493,2.0124503771349307
6089,3,13.4285712923,12.494650944183574,0.9339203481164251
6090,3,13.6000003815,13.916287568726904,0.3162871872269051
6091,3,14.9000000954,13.573440385480367,1.326559709919632
6092,3,13.5,12.990574228275008,0.5094257717249917
6093,3,16.1999994914,13.280498702422669,2.919500788977331
6094,3,13.0500001907,13.070320777433853,0.020320586733852508
6095,3,16.4999993642,13.58222531570185,2.917774048498151
6096,3,18.2666664124,16.110205093381236,2.1564613190187636
6097,4,14.6333332062,15.409175288760904,0.7758420825609047
6098,4,14.3999996185,13.254110113767002,1.1458895047329989
6099,4,19.1000003815,16.252709830648442,2.8472905508515574
6100,4,16.8999996185,17.477192152681745,0.5771925341817443
6101,4,16.1749999523,16.831520538420282,0.6565205861202834
6102,4,13.2000002861,15.67393731163915,2.4739370255391506
6103,4,12.6249997616,13.368904673740289,0.7439049121402892
6104,4,16.8000001907,14.021491011712477,2.778509178987523
6105,4,13.0499997139,13.57374523659551,0.5237455226955099
6106,4,18.7999992371,17.121929194733465,1.6780700423665351
6107,5,13.75,16.945396329883412,3.195396329883412
6108,5,13.1000003815,13.541185626892899,0.4411852453928997
6109,5,18.9499998093,16.235603951824086,2.714395857475914
6110,5,17.6000003815,14.397764024515217,3.2022363569847823
6111,5,19.4666665395,16.165465776978508,3.3012007625214927
6112,5,13.5727272901,14.198508037072926,0.6257807469729268
6113,5,18.2000007629,14.603727617954908,3.5962731449450924
6114,5,13.0,14.211967617769073,1.2119676177690728
6115,5,26.0,18.80949306098246,7.1905069390175385
6116,5,14.5500001907,15.102402901386242,0.5524027106862412
6117,5,19.2999992371,15.771991846203191,3.528007390896809
6118,3,18.4000005722,14.610950890815248,3.7890496813847516
6119,3,13.6999998093,12.6157961567432,1.0842036525568002
6120,3,12.9333333969,13.427211735041682,0.49387833814168225
6121,3,18.3857143947,15.200682614731544,3.1850317799684547
6122,3,18.0999997457,14.580636600774243,3.519363144925757
6123,3,12.6000003815,13.658994748883357,1.0589943673833577
6124,3,12.6000003815,13.48554404635078,0.8855436648507808
6125,3,16.2000007629,15.135432356372345,1.0645684065276555
6126,3,11.7200000763,12.619029047413578,0.8990289711135784
6127,3,19.5,18.317230021306955,1.1827699786930452
6128,3,14.9333333969,14.887511779767472,0.0458216171325283
6129,4,18.1000003815,15.244003932531292,2.855996448968707
6130,4,14.300000104,13.431349624496555,0.8686504795034455
6131,4,17.7999992371,15.255100653257431,2.544898583842569
6132,4,13.8999996185,15.724642840074312,1.824643221574311
6133,4,13.6000003815,12.975446624078687,0.624553757421312
6134,4,13.6999998093,13.674479342063965,0.02552046723603496
6135,4,21.0999994278,16.983053585922228,4.116945841877772
6136,4,13.9000000954,15.365042398988187,1.4650423035881879
6137,4,18.2999998728,18.2808467410704,0.019153131729602535
6138,4,18.6624999046,15.46655233378528,3.1959475708147203
6139,5,13.0,13.852166513222553,0.8521665132225529
6140,5,18.1200000763,16.39043451942484,1.7295655568751584
6141,5,14.1000003815,13.75252551470847,0.3474748667915293
6142,5,14.3500003815,13.297372911760323,1.0526274697396758
6143,5,14.6000003815,13.38570215326892,1.2142982282310797
6144,5,17.3000005086,15.836200671741574,1.463799836858426
6145,5,16.7999998728,15.450895980145845,1.3491038926541563
6146,5,12.5250000954,14.501655861785446,1.9766557663854467
6147,5,17.433333079,14.881830775064378,2.5515023039356226
6148,5,15.2250001431,16.585270480765615,1.3602703376656144
6149,5,13.6299998283,17.620517854669732,3.990518026369731
6150,5,18.5,17.283309572949893,1.216690427050107
6151,2,11.6499999364,14.776114975636451,3.126115039236451
6152,2,20.6142856053,16.36563024551478,4.2486553597852215
6153,2,16.3624999523,15.51194177320119,0.8505581790988082
6154,2,17.1142858097,18.62767285077686,1.5133870410768608
6155,2,18.6599998474,15.477227479328493,3.182772368071509
6156,2,11.8333331744,14.21662801375561,2.38329483935561
6157,2,16.566666921,17.971063123576595,1.4043962025765957
6158,2,14.3666667938,16.12034277544572,1.7536759816457206
6159,2,16.4000005722,15.226438173114552,1.1735623990854478
6160,2,18.2000002861,14.820402442842227,3.3795978432577733
6161,3,20.2999992371,15.413412640323962,4.886586596776038
6162,3,15.8999999364,14.844630617707741,1.055369318692259
6163,3,13.3000001907,13.889618150545502,0.5896179598455014
6164,3,14.8000001907,13.702242621975737,1.0977575687242638
6165,3,18.133333842,15.403135646840395,2.7301981951596037
6166,3,15.8500003815,14.558459548514264,1.291540832985735
6167,3,18.0,16.334213254973818,1.6657867450261818
6168,3,17.9400001526,16.087048180693902,1.8529519719060978
6169,3,17.8111110263,14.127864344544891,3.6832466817551097
6170,3,16.0499997139,15.019218788692266,1.0307809252077345
6171,5,11.7999997139,14.23780358627253,2.4378038723725304
6172,5,14.5333331426,15.46987356572039,0.9365404231203893
6173,5,16.5200000763,18.46908803594714,1.9490879596471409
6174,5,13.3249998093,13.525623967914836,0.2006241586148363
6175,5,13.8999999364,13.222660719376133,0.6773392170238672
6176,5,16.6000003815,18.14203179569977,1.5420314141997693
6177,5,16.0999997457,14.08035963982877,2.0196401058712308
6178,5,16.75,14.872204365922489,1.8777956340775113
6179,5,12.7599998474,13.246097203484682,0.48609735608468263
6180,1,13.7999997139,15.251622743951222,1.4516230300512216
6181,1,16.6000003815,14.351297603895686,2.248702777604313
6182,1,16.5999994278,15.651036217978698,0.9489632098213026
6183,1,17.9799999237,15.161792509452454,2.8182074142475457
6184,1,14.5750000477,13.579955172009532,0.9950448756904677
6185,1,17.3999996185,15.831638654720251,1.5683609637797495
6186,1,16.6500005722,16.395157418965443,0.25484315323455675
6187,1,16.179999733,14.948719615036282,1.231280117963717
6188,1,14.5333334605,14.977281401863154,0.4439479413631542
6189,1,15.3000001907,14.948051906307743,0.35194828439225745
6190,1,12.3499999046,13.293662735072406,0.9436628304724053
6191,1,14.2666667302,15.44598456477958,1.1793178345795798
6192,4,16.3799999237,16.184543426798935,0.19545649690106615
6193,4,12.5499999523,15.37665592794951,2.82665597564951
6194,4,14.2999999523,14.534466071010996,0.23446611871099599
6195,4,12.7599999746,13.170608218394149,0.4106082437941492
6196,4,17.0999994278,14.608453994089379,2.4915454337106215
6197,4,18.7666670481,15.9708593855457,2.795807662554301
6198,4,15.1000003815,14.542494307872255,0.557506073627744
6199,4,17.4000000954,15.047240754365562,2.352759341034437
6200,4,13.7000002861,14.381709312594904,0.6817090264949037
6201,4,11.6399999619,14.134042748827353,2.494042786927354
6202,4,12.8499999046,13.276423808480828,0.42642390388082774
6203,4,15.1000003815,13.971990513490042,1.1280098680099577
6204,4,13.1500000954,13.248095641842331,0.0980955464423321
6205,4,16.25,13.854029163075142,2.3959708369248585
6206,4,12.9000000954,14.404853164848047,1.504853069448048
6207,4,12.4666665395,14.194637547494198,1.7279710079941974
6208,4,15.9000000954,14.291919366352504,1.6080807290474954
6209,4,15.0,14.9615184751237,0.038481524876299744
6210,4,12.8499999046,13.574190433170772,0.7241905285707713
6211,4,14.1000003815,13.604987040057809,0.4950133414421902
6212,1,16.133333842,14.052995786868232,2.080338055131767
6213,1,13.5,13.26261305528511,0.2373869447148902
6214,1,16.0500001907,18.593809351720793,2.5438091610207927
6215,1,14.9714287349,13.661946302313037,1.3094824325869627
6216,1,15.0,15.249776769641535,0.24977676964153517
6217,1,17.6499996185,14.918324701843062,2.7316749166569387
6218,1,15.5,19.253730027656967,3.7537300276569674
6219,1,12.1500000954,13.736746592224174,1.5867464968241745
6220,1,17.3500003815,15.849814417962776,1.5001859635372234
6221,1,16.0,15.408937616798074,0.5910623832019262
6222,5,16.9499998093,18.503685680712092,1.5536858714120925
6223,5,13.8600000381,14.646905990812138,0.7869059527121376
6224,5,15.6999998093,13.93539182978478,1.764607979515219
6225,5,8.89999961853,10.336392132380865,1.4363925138508655
6226,5,9.33333333333,10.105333390830886,0.7720000575008861
6227,5,7.59999990463,9.370868139310954,1.770868234680954
6228,5,8.86666679382,9.487908746603773,0.6212419527837731
6229,5,9.39999961853,11.034488615371334,1.634488996841334
6230,5,7.5,11.735897012985594,4.235897012985594
6231,5,9.59999990463,10.704490926614334,1.1044910219843338
6232,5,7.04999995232,11.22964774089258,4.179647788572579
6233,2,9.30000019073,9.00850676129058,0.29149342943942
6234,2,10.9874998331,8.91047464982734,2.07702518327266
6235,2,8.73333326976,9.404480430386357,0.6711471606263579
6236,2,10.9142855236,9.617156895785229,1.2971286278147716
6237,2,8.80000019073,8.97434479460313,0.17434460387313067
6238,2,9.65000009537,9.3117638374679,0.3382362579020999
6239,1,8.30000019073,9.261631847254582,0.9616316565245828
6240,1,8.28000011444,9.563685345787075,1.283685231347075
6241,1,10.3000001907,9.961933396385707,0.3380667943142939
6242,1,10.75,10.312734294287868,0.4372657057121323
6243,1,10.0499998728,9.95107626587293,0.09892360692707136
6244,1,6.90000009537,11.342153144967092,4.442153049597092
6245,1,9.69999980927,9.637819937421822,0.06217987184817808
6246,1,8.06666660309,8.657341351982204,0.5906747488922033
6247,1,10.0,10.831975068139744,0.8319750681397444
6248,5,9.77999992371,10.056019453741303,0.276019530031304
6249,5,9.69999980927,10.222691155821554,0.5226913465515537
6250,5,8.39999975477,9.737530588615751,1.3375308338457508
6251,5,7.86666679382,9.056933052713658,1.190266258893658
6252,5,7.67499995232,9.290309589505416,1.6153096371854154
6253,5,10.3000000545,10.157435539537314,0.14256451496268596
6254,5,8.59999990463,10.059475315334002,1.4594754107040018
6255,5,10.5999999046,10.246759539961051,0.3532403646389497
6256,5,8.60000038147,10.30477598367345,1.7047756022034495
6257,5,9.0,9.775268004606785,0.7752680046067848
6258,4,9.89999961853,8.803805999411324,1.0961936191186759
6259,4,10.9000000954,8.75142722481717,2.1485728705828286
6260,4,8.60000038147,8.757007450958975,0.1570070694889747
6261,4,7.60000014305,8.392403838786473,0.7924036957364731
6262,4,10.7333332698,9.323631800230432,1.4097014695695673
6263,4,10.6200000763,9.163810106620875,1.4561899696791247
6264,4,9.87999992371,9.199440058680143,0.6805598650298581
6265,4,9.30000019073,8.856378112223293,0.44362207850670643
6266,4,8.10000038147,9.952737300944507,1.8527369194745074
6267,4,6.66666682561,8.357459058743196,1.6907922331331955
6268,1,10.8000001907,10.369990072953154,0.4300101177468463
6269,1,6.80000019073,9.212061228418433,2.4120610376884333
6270,1,11.163636381,9.636764336299173,1.526872044700827
6271,1,11.0,10.409208368729402,0.5907916312705979
6272,1,11.0714285714,10.049008888752095,1.0224196826479055
6273,1,8.60000038147,10.192655433257574,1.592655051787574
6274,1,10.6000002225,10.122788996055142,0.477211226444858
6275,5,10.5,10.81112094740688,0.3111209474068808
6276,5,7.69999980927,9.459886817854898,1.7598870085848972
6277,5,9.15000009537,9.642982339530906,0.4929822441609062
6278,5,8.09999990463,9.67596766897329,1.5759677643432894
6279,5,7.90000009537,9.971121044826084,2.071120949456084
6280,5,7.40000009537,11.904578561769355,4.504578466399355
6281,5,8.00000015895,10.44985412688969,2.4498539679396902
6282,5,10.3000001907,10.09389998551673,0.20610020518327055
6283,5,8.80000019073,11.367243647842924,2.567243457112925
6284,4,10.8399997711,9.170112751129428,1.669887019970572
6285,4,9.09999990463,8.791666994564984,0.3083329100650154
6286,4,10.75,9.092189127824362,1.657810872175638
6287,4,10.1333332062,9.014775479534423,1.1185577266655766
6288,4,8.5,8.748863375436319,0.24886337543631853
6289,5,16.1999999215,13.1472104642564,3.052789457243602
6290,5,15.5999999046,15.333255171969089,0.2667447326309116
6291,5,13.5727272901,13.81506435950344,0.24233706940344035
6292,5,9.75757572868,12.541432377226435,2.783856648546436
6293,5,11.9700000763,13.499825104559791,1.5298250282597916
6294,4,17.5090907704,15.73545586078022,1.7736349096197799
6295,4,16.6750006676,14.945823617511056,1.7291770500889427
6296,4,12.7777778837,12.552525761547361,0.22525212215263934
6297,4,17.2600000381,15.831678764773017,1.4283212733269828
6298,4,17.9521739794,13.896922059323014,4.055251920076987
6299,1,12.6261905261,14.490825689492603,1.8646351633926024
6300,1,16.5484850334,17.267683082739257,0.7191980493392585
6301,1,17.5142854963,17.055979709112766,0.4583057871872356
6302,1,17.5571428935,17.655924648213958,0.09878175471395778
6303,1,16.863636537,15.501860523048514,1.3617760139514878
6304,1,8.32200003624,11.803292232825973,3.481292196585972
6305,1,17.5499997139,17.09490400157388,0.4550957123261199
6306,1,7.54000005722,11.483278867899136,3.9432788106791357
6307,1,16.5,16.895776031540528,0.3957760315405281
6308,1,14.9499998774,16.221666460968653,1.2716665835686527
6309,1,16.2285712787,15.61690522338149,0.6116660553185085
6310,1,14.1124999523,14.808183160362086,0.6956832080620856
6311,1,15.1999999682,14.981501514851312,0.21849845334868867
6312,1,16.1555557251,15.530827701879339,0.624728023220662
6313,1,13.6166666349,14.347666703088477,0.731000068188477
6314,1,15.0199998856,14.985713365785772,0.03428651981422881
6315,1,13.6266665777,14.425877511664522,0.7992109339645221
6316,1,17.8500003815,16.06201709397693,1.787983287523069
6317,1,16.6000003815,16.833931364833244,0.23393098333324502
6318,1,12.3749999659,13.805482772990223,1.4304828070902218
6319,1,13.2700000763,14.770158880657739,1.5001588043577385
6320,1,16.7000001272,16.208329094593953,0.49167103260604605
6321,1,17.8999996185,15.709294583572426,2.190705034927575
6322,1,18.8714284897,14.684601019204866,4.186827470495135
6323,5,12.3399999619,12.622018891536598,0.2820189296365978
6324,2,11.1785714286,12.576652482465294,1.398081053865294
6325,5,15.9400001526,12.279589744977091,3.6604104076229085
6326,2,15.7428571156,15.742938138636637,8.102303663726218e-05
6327,4,15.8000000715,14.355015763281628,1.4449843082183715
6328,2,7.56666660309,12.213083035582594,4.646416432492594
6329,2,8.96956526715,12.01113230637005,3.04156703922005
6330,5,16.9416664441,14.699254644816568,2.242411799283433
6331,5,15.9214285442,13.229198462692104,2.692230081507896
6332,5,14.3714286259,12.814519812781285,1.5569088131187154
6333,5,15.4846153259,15.571258976355674,0.08664365045567379
6334,5,9.28461536994,12.249530824289977,2.9649154543499776
6335,5,16.3124997616,13.877423526826542,2.43507623477346
6336,5,16.0333332062,14.623721339174933,1.409611867025065
6337,5,14.7259259401,13.793880557114536,0.9320453829854642
6338,5,18.9250001907,15.718486197448385,3.2065139932516153
6339,5,14.1333332062,12.981728136146812,1.1516050700531881
6340,5,12.650000155,13.534950734254027,0.884950579254026
6341,5,14.5666667091,14.515276875037648,0.05138983406235198
6342,1,15.9380530973,14.769760958800273,1.1682921384997265
6343,1,16.2153847034,14.240373542512243,1.9750111608877585
6344,4,13.5897959106,14.201362176087265,0.6115662654872658
6345,4,15.2399999619,14.764613107617844,0.47538685428215643
6346,4,13.0411764594,13.937225523866797,0.896049064466796
6347,4,13.0142856325,12.75222840531668,0.2620572271833197
6348,1,13.4344827718,13.734865067665856,0.3003822958658553
6349,1,16.4499998093,15.240665920317912,1.209333888982087
6350,1,14.9333333969,15.085402694116905,0.15206929721690443
6351,3,16.4666665395,13.482512679081172,2.9841538604188287
6352,3,11.1526315589,11.909590994196542,0.7569594352965421
6353,3,16.4749999046,12.97712905984256,3.49787084475744
6354,3,18.0295454047,11.753808374612866,6.275737030087132
6355,3,10.1000000636,10.660863603923417,0.5608635403234175
6356,3,14.8000001907,13.180471688290037,1.6195285024099633
6357,3,7.45000004768,10.498138222317635,3.0481381746376357
6358,3,10.9500000043,11.040199673698744,0.09019966939874458
6359,3,16.4000002543,14.748832192175632,1.651168062124368
6360,3,17.1947366815,12.466116595420257,4.728620086079744
6361,3,9.55128210019,10.279449068925157,0.728166968735156
6362,3,16.1799999237,13.403072115762981,2.7769278079370174
6363,1,14.7043478593,15.019608529764989,0.31526067046498873
6364,1,15.600000109,14.513820315037584,1.0861797939624154
6365,1,12.2033334414,13.149002170417315,0.9456687290173154
6366,1,15.5111109416,12.986743697792702,2.5243672438072977
6367,1,17.4375,16.277089711248784,1.1604102887512155
6368,5,10.4730770405,12.152206910634746,1.6791298701347461
6369,5,16.0499999523,16.69243490490242,0.6424349526024216
6370,5,15.1666665077,15.160300417600741,0.0063660900992594804
6371,1,14.75,13.947401225532936,0.8025987744670644
6372,1,10.2200000286,13.446006114873114,3.226006086273115
6373,1,8.84999998411,11.531019540937397,2.6810195568273976
6374,1,14.4666665395,13.960106035804062,0.5065605036959386
6375,1,13.6388890478,15.322819871525956,1.683930823725957
6376,1,14.7818181731,14.705015483447742,0.07680268965225778
6377,1,15.3999999364,16.576561368260585,1.1765614318605842
6378,1,10.4846153993,14.425471446231839,3.940856046931838
6379,4,14.8899999619,13.799563925412546,1.0904360364874535
6380,4,10.0442105544,11.679898710415861,1.6356881560158616
6381,4,17.0583333174,15.13632031042699,1.9220130069730086
6382,4,14.1000000106,14.36549286191139,0.26549285131138944
6383,4,12.251162773,13.701744713272538,1.4505819402725368
6384,4,16.3999998093,14.747553274846956,1.652446534453043
6385,1,10.658333381,12.492019945368819,1.8336865643688185
6386,1,17.0285714013,17.169297399194416,0.14072599789441753
6387,1,18.5870587181,14.14918422253362,4.43787449556638
6388,1,8.34285715648,11.803507959307353,3.460650802827354
6389,1,9.86000002081,12.530345311197738,2.670345290387738
6390,4,9.56666660309,10.782988990351143,1.2163223872611422
6391,4,13.8108108366,13.719065518391819,0.0917453182081811
6392,4,17.0250000954,15.221737653696753,1.8032624417032466
6393,4,15.4000000954,14.123491452724844,1.2765086426751555
6394,4,14.4249999523,12.833344498060919,1.5916554542390813
6395,4,12.3166666031,13.352746193148347,1.036079590048347
6396,4,17.0,14.842536819118134,2.157463180881866
6397,4,8.98333326976,11.718855214109318,2.735521944349319
6398,4,14.4857143675,13.660500900131858,0.8252134673681422
6399,4,11.2215685938,12.703470809002049,1.481902215202048
6400,4,17.7000007629,14.993027543927042,2.7069732189729585
6401,4,14.0758620295,13.996446456489739,0.07941557301026059
6402,4,17.7400000254,15.986240237721338,1.7537597876786624
6403,4,13.5399999619,13.304669702384757,0.23533025951524245
6404,4,15.4629629276,12.795659087646396,2.667303839953604
6405,4,11.7866666794,12.390688760117122,0.6040220807171224
6406,1,11.1600002289,13.542508959528043,2.382508730628043
6407,2,16.0999994278,17.880380082136714,1.7803806543367138
6408,2,17.1181815754,15.8560062999412,1.2621752754588016
6409,2,9.54999992583,11.748378871348187,2.1983789455181864
6410,2,16.9666671753,15.883175031275638,1.083492144024362
6411,2,11.7583334446,13.193245237926156,1.4349117933261564
6412,2,18.2333329519,15.417451020633308,2.8158819312666914
6413,2,11.633333297,12.419674884654194,0.7863415876541939
6414,2,11.4200000763,13.57662950870928,2.1566294324092805
6415,2,16.433333079,16.08913881558519,0.34419426341480985
6416,2,12.2714283807,12.888874109028695,0.6174457283286952
6417,1,14.9749999046,14.587748003294358,0.3872519013056426
6418,2,8.03888903724,12.822688352093156,4.783799314853155
6419,2,8.21250009537,11.218046755111661,3.005546659741661
6420,2,11.5428571701,12.725889852600224,1.1830326825002242
6421,1,13.6739130435,14.574296026152552,0.9003829826525518
6422,1,15.9111111959,17.161786881179424,1.2506756852794236
6423,1,14.2666665713,14.478589712159971,0.21192314085997133
6424,1,14.3285713196,15.076664455178218,0.7480931355782179
6425,4,16.0699997902,15.25697733912795,0.813022451072051
6426,4,17.4375,15.92115620314429,1.5163437968557094
6427,1,7.689899,20.332354383180835,12.642455383180835
6428,1,16.217949,18.332951910941713,2.115002910941712
6429,1,11.115,16.691020102355616,5.576020102355615
6430,1,10.590196,21.530304518675464,10.940108518675464
6431,1,18.673585,18.918588626416778,0.24500362641677853
6432,1,22.778571,16.83245841087886,5.946112589121139
6433,1,11.245455,19.55544052390823,8.309985523908232
6434,1,23.283784,20.673806976484705,2.6099770235152953
6435,1,4.693548,19.41417731935384,14.72062931935384
6436,1,12.308,22.620684448200187,10.312684448200187
6437,1,17.67284,17.8240363315111,0.15119633151109824
6438,1,20.662745,20.19981180429192,0.4629331957080822
6439,1,26.862162,21.94546841042608,4.916693589573921
6440,4,64.528289,29.308439862214215,35.219849137785786
6441,4,69.340141,29.4242173580884,39.915923641911604
6442,4,38.056897,28.504030513191005,9.552866486808995
6443,4,52.251579,27.751041819310007,24.500537180689992
6444,4,46.932051,29.963038691432374,16.969012308567628
6445,4,66.758382,27.528523907143835,39.22985809285616
6446,4,41.701299,29.56284242108665,12.138456578913349
6447,4,34.709375,29.04066369581843,5.668711304181571
6448,4,52.242857,29.369128950058244,22.873728049941757
6449,5,27.943857,22.21164272712062,5.732214272879382
6450,5,26.762905,26.968405142275014,0.2055001422750138
6451,5,32.295474,21.742510744887475,10.552963255112523
6452,1,11.831746,31.14692715418648,19.315181154186476
6453,1,13.787131,32.962203959003716,19.175072959003714
6454,1,11.902041,30.67312362176554,18.77108262176554
6455,1,17.513793,31.551584336321973,14.037791336321973
6456,1,14.685083,34.723989839481014,20.038906839481015
6457,1,2.557407,15.357439671584457,12.800032671584457
6458,1,6.196532,16.36094005247016,10.164408052470158
6459,1,3.697043,16.426374266797076,12.729331266797075
6460,1,3.869635,16.819372978672668,12.949737978672667
6461,1,13.583871,18.02344507918587,4.439574079185869
6462,1,3.59494,17.389851539113387,13.794911539113388
6463,1,14.847845,21.288143605225596,6.440298605225596
6464,2,38.934483,43.902619574836066,4.968136574836066
6465,2,39.48,47.63925679891072,8.159256798910725
6466,2,40.266667,37.382204941275376,2.8844620587246226
6467,2,29.528,29.743432968416442,0.21543296841644377
6468,1,26.978571,29.07838978491046,2.099818784910461
6469,1,28.124242,35.80382172352673,7.679579723526732
6470,1,29.223077,31.08792194522419,1.8648449452241884
6471,1,25.725,26.86485051312203,1.1398505131220276
6472,1,22.965218,29.034736190700254,6.069518190700254
6473,1,29.353333,30.29213289140209,0.9387998914020912
6474,1,27.508333,28.957789541919524,1.449456541919524
6475,1,20.121429,25.263125727152605,5.141696727152606
6476,1,24.3375,28.755679993040552,4.418179993040553
6477,1,21.317647,27.97520865587628,6.657561655876279
6478,2,41.406667,34.94857339554432,6.4580936044556765
6479,2,35.40625,27.16702778364791,8.23922221635209
6480,2,38.727273,35.095671553266406,3.6316014467335904
6481,2,32.266667,25.824377004844067,6.442289995155932
6482,2,40.428571,28.04031224795095,12.388258752049047
6483,2,40.646154,35.19164155648423,5.454512443515775
6484,2,41.974999,36.77574597909342,5.199253020906575
6485,2,23.55,24.336213222930397,0.786213222930396
6486,2,42.147058,35.37928124951903,6.767776750480969
6487,3,24.435714,29.22487207721138,4.789158077211379
6488,4,22.255555,30.42395225066283,8.168397250662828
6489,4,21.166666,33.1537065054239,11.987040505423899
6490,4,20.646667,32.394244475649785,11.747577475649784
6491,4,22.7,27.4997975102199,4.7997975102199
6492,4,22.145454,28.38648778642072,6.241033786420719
6493,4,61.783332,36.13958061867254,25.643751381327462
6494,2,56.37647,35.46321021200622,20.91325978799378
6495,2,45.142857,34.020449972244776,11.122407027755223
6496,2,62.925,36.67855819286658,26.246441807133415
6497,2,59.025,39.353377051097304,19.671622948902694
6498,2,61.76,38.731961777830335,23.028038222169663
6499,2,66.349998,36.87128252849555,29.47871547150445
6500,2,31.842857,38.80972067341219,6.966863673412188
6501,2,29.934615,34.486333465715255,4.551718465715254
6502,2,26.623106,38.010886394625075,11.387780394625075
6503,4,21.927309,40.39125327932331,18.463944279323307
6504,4,28.792857,29.354591784967678,0.5617347849676761
6505,4,30.269231,47.01958785509867,16.75035685509867
6506,4,43.920588,38.360337528253275,5.560250471746727
6507,4,32.616927,27.66939017612282,4.947536823877176
6508,4,39.568613,27.68141606745697,11.88719693254303
6509,4,51.931646,25.63011626433351,26.30152973566649
6510,5,44.310457,31.14261661021603,13.167840389783969
6511,5,53.881219,24.853418587336673,29.02780041266333
6512,5,42.166862,21.025598690976594,21.141263309023408
6513,5,56.464806,27.49587235716278,28.96893364283722
6514,5,42.811538,28.650036548075775,14.161501451924224
6515,5,27.295652,29.392300346747593,2.0966483467475925
6516,5,23.360606,31.31264494077371,7.952038940773708
6517,5,29.3,32.08464397067306,2.784643970673063
6518,5,25.073684,32.47172735030664,7.3980433503066365
6519,1,25.615517,23.73587971195449,1.8796372880455117
6520,1,24.50625,21.199062237353363,3.307187762646638
6521,1,24.04,21.96646798076478,2.07353201923522
6522,1,25.46,21.463851214831298,3.996148785168703
6523,1,24.305085,42.50062990385039,18.19554490385039
6524,1,26.09375,27.610060212342468,1.5163102123424679
6525,1,19.124,37.14550298852732,18.02150298852732
6526,1,20.689394,27.328799791297413,6.639405791297413
6527,1,24.192857,25.921413402999775,1.728556402999775
6528,3,24.77027,33.22318482117713,8.452914821177128
6529,3,20.76129,29.862424396004755,9.101134396004756
6530,3,28.4,29.612670970786418,1.2126709707864194
6531,3,26.425926,42.75028058191457,16.324354581914573
6532,3,26.666071,31.49844848984184,4.832377489841843
6533,3,28.415254,31.763405520679953,3.348151520679952
6534,3,29.165,35.413356209833,6.248356209832998
6535,3,24.779167,34.61697920099249,9.837812200992488
6536,3,25.711111,28.23309786856793,2.5219868685679323
6537,3,21.468182,29.576171477076606,8.107989477076607
6538,3,23.178947,28.95271609743525,5.773769097435249
6539,5,22.609677,30.704194045905073,8.094517045905071
6540,5,27.052381,29.829401162250043,2.777020162250043
6541,5,25.88,29.856857137986644,3.976857137986645
6542,5,26.592,30.43315226664459,3.841152266644592
6543,5,24.276596,31.389319662130426,7.112723662130424
6544,5,26.190476,29.806665397204313,3.6161893972043124
6545,5,23.692,29.382469699585485,5.690469699585485
6546,5,27.235294,28.680083231703204,1.4447892317032043
6547,5,47.0,30.078855093804997,16.921144906195003
6548,5,48.2,42.545380874079044,5.654619125920959
6549,5,49.291304,32.992601624131275,16.29870237586872
6550,5,50.200001,40.0904429855417,10.109558014458301
6551,4,45.5,35.78078025002546,9.719219749974542
6552,4,44.786667,34.81323153215284,9.97343546784716
6553,4,47.599998,36.26692670041538,11.333071299584617
6554,4,21.825,34.895522085936165,13.070522085936165
6555,4,18.885027,27.539094175341244,8.654067175341243
6556,4,38.599998,22.771750435641664,15.828247564358335
6557,4,25.153704,37.775682707721614,12.621978707721613
6558,2,36.925,30.16737181794394,6.757628182056056
6559,2,39.900002,48.865903594650305,8.965901594650305
6560,2,27.433333,48.014031651702105,20.580698651702104
6561,2,33.644,39.38204316874754,5.738043168747545
6562,2,60.816667,43.84062047305207,16.976046526947933
6563,2,57.4,39.02997954752429,18.370020452475707
6564,2,57.400002,39.758332428977226,17.641669571022774
6565,2,60.299999,42.57960635418006,17.720392645819942
6566,2,53.650001,37.63761153437651,16.012389465623492
6567,1,59.821429,38.39579698020735,21.42563201979265
6568,1,37.288,40.586904333295976,3.2989043332959795
6569,1,53.36,30.19001728278446,23.16998271721554
6570,1,60.733333,40.065762257453734,20.667570742546268
6571,1,55.3,39.118501716724104,16.181498283275893
6572,1,58.5,40.68700142814473,17.812998571855267
6573,1,54.14,38.05686482482499,16.08313517517501
6574,1,55.25,37.43062384630612,17.81937615369388
6575,1,50.337499,40.882610930053445,9.454888069946556
6576,1,47.964706,39.03600126791875,8.92870473208125
6577,1,57.599998,39.3840430005828,18.2159549994172
6578,1,58.550001,40.92197418364226,17.62802681635774
6579,1,58.466667,35.78360020171703,22.683066798282972
6580,1,53.188889,41.187014520742686,12.001874479257317
6581,1,39.942857,39.16667959830003,0.7761774016999681
6582,1,33.1,35.61903545349637,2.5190354534963717
6583,1,27.244,32.49122055540488,5.24722055540488
6584,1,52.414285,30.248957187733204,22.165327812266796
6585,1,61.371429,38.73627667624279,22.63515232375721
6586,1,22.178788,38.690484082729895,16.511696082729895
6587,1,23.737037,27.85951478420129,4.1224777842012905
6588,1,20.534884,29.090725767752332,8.55584176775233
6589,1,21.5,29.268839688635214,7.7688396886352145
6590,1,22.237255,28.77461340306022,6.537358403060217
6591,5,30.873077,30.06035247914879,0.8127245208512086
6592,5,22.063333,36.811098668618456,14.747765668618456
6593,5,38.241666,27.06154620419995,11.180119795800053
6594,5,49.033333,38.3160932271939,10.717239772806096
6595,5,41.3,36.89485354087386,4.4051464591261364
6596,1,26.319048,39.878939870818556,13.559891870818557
6597,1,38.81,31.033914931478826,7.776085068521176
6598,1,30.044445,35.87379664157472,5.829351641574721
6599,1,25.364,31.698328268016958,6.334328268016957
6600,1,32.4,29.562504244708563,2.8374957552914353
6601,1,41.9,44.248601844455294,2.3486018444552954
6602,1,24.323529,38.988601401294595,14.665072401294594
6603,1,26.700001,32.622746688803275,5.922745688803275
6604,1,27.471428,32.70709352703809,5.2356655270380905
6605,1,26.275,35.130691534383494,8.855691534383496
6606,1,26.466667,44.37707301562592,17.910406015625917
6607,1,34.507142,30.40799813272597,4.09914386727403
6608,4,46.625001,29.860418421844056,16.76458257815594
6609,4,48.772727,30.284184619746593,18.48854238025341
6610,4,38.580953,34.098820162691695,4.482132837308306
6611,4,46.200001,34.17576259953515,12.024238400464853
6612,4,38.575,35.26421165871718,3.310788341282823
6613,4,27.108695,29.272325161013953,2.163630161013952
6614,4,26.91875,30.019961059618588,3.1012110596185885
6615,4,38.788889,40.889863631498685,2.100974631498687
6616,4,41.5,31.328685664573218,10.171314335426782
6617,4,43.163636,33.27361695821231,9.890019041787689
6618,4,47.409091,36.964583817975495,10.444507182024502
6619,4,31.8,33.98774782596887,2.1877478259688665
6620,4,25.5,29.44234981315062,3.9423498131506207
6621,4,28.311429,26.427156861619373,1.8842721383806271
6622,4,25.448572,27.070603256075877,1.6220312560758785
6623,4,32.925,25.451125140522297,7.4738748594777
6624,4,30.133334,37.761037949708744,7.627703949708742
6625,4,33.066666,29.89600525776728,3.1706607422327195
6626,1,37.4,46.613358411184,9.213358411184004
6627,1,26.422581,48.26345665088641,21.84087565088641
6628,1,25.590322,33.274680024531804,7.684358024531804
6629,1,22.37931,32.501430348518355,10.122120348518354
6630,1,26.5,32.12952311332824,5.62952311332824
6631,1,24.508696,37.3056639794363,12.796967979436296
6632,5,25.1625,32.24931935474048,7.086819354740477
6633,5,18.637037,32.24166215420494,13.604625154204939
6634,5,21.75,28.970650766270648,7.220650766270648
6635,5,50.966667,29.485489318113487,21.481177681886514
6636,5,52.199999,37.70586438809806,14.494134611901941
6637,5,51.885714,39.813428870306716,12.072285129693284
6638,5,47.02,39.413063700096416,7.606936299903587
6639,5,48.98,37.91417698512547,11.065823014874525
6640,2,46.0875,36.59540059869492,9.492099401305076
6641,2,54.381818,30.468559619847397,23.913258380152605
6642,2,25.759524,38.27714679808446,12.51762279808446
6643,2,26.39661,25.226381573503975,1.170228426496024
6644,2,21.801539,23.55854182129223,1.7570028212922324
6645,2,51.875,23.93978102062531,27.93521897937469
6646,2,49.75625,37.83517595977745,11.92107404022255
6647,5,51.8625,39.733358562725655,12.129141437274342
6648,5,48.199999,40.52642719584472,7.67357180415528
6649,5,57.414286,33.60147650426217,23.812809495737824
6650,5,47.095653,40.65497572828858,6.440677271711415
6651,5,47.950001,37.402966519067185,10.547034480932815
6652,5,50.616667,38.19975807881679,12.416908921183207
6653,5,52.344445,34.84758799559225,17.49685700440775
6654,5,61.354546,37.913633332403116,23.440912667596884
6655,5,62.1,36.098554640827146,26.001445359172855
6656,5,51.95,38.03489103492021,13.915108965079796
6657,5,54.561538,39.84801043869676,14.713527561303238
6658,5,48.47,39.54027299916742,8.929727000832578
6659,5,51.549999,35.30026488765033,16.24973411234967
6660,5,2.935652,39.400285987936506,36.46463398793651
6661,5,1.669136,39.34914741204017,37.680011412040166
6662,5,2.068421,22.05767239624733,19.98925139624733
6663,5,1.868224,19.316928087888694,17.448704087888693
6664,5,1.302632,22.879444919260585,21.576812919260586
6665,5,2.019298,21.30587067970975,19.28657267970975
6666,5,1.689844,18.732285731373853,17.042441731373852
6667,5,1.495238,26.565754051787483,25.070516051787482
6668,5,2.162338,26.527342207777178,24.365004207777176
6669,5,4.278704,19.689056666330572,15.41035266633057
6670,5,4.409174,19.42072632413282,15.011552324132818
6671,5,39.871111,25.967092706196127,13.904018293803873
6672,5,33.103093,18.58780448728924,14.515288512710761
6673,5,37.490385,27.8688179810918,9.621567018908202
6674,5,33.535051,25.77516513937588,7.759885860624124
6675,5,33.07757,24.053485863944235,9.024084136055766
6676,5,27.329252,27.460665183997932,0.13141318399793178
6677,3,26.771354,36.08087555301924,9.309521553019241
6678,3,45.044444,27.07499794235143,17.969446057648568
6679,3,40.673913,31.94957842196299,8.72433457803701
6680,3,41.1,37.589470881035666,3.5105291189643353
6681,3,41.22,46.56410673388886,5.344106733888864
6682,3,40.633334,43.35165202769544,2.718318027695439
6683,3,30.897059,35.16381807308883,4.266759073088828
6684,1,34.192308,35.323163021896505,1.130855021896508
6685,1,43.550001,31.92946401169371,11.620536988306291
6686,1,41.347619,34.01306029862682,7.334558701373183
6687,1,45.433333,34.57327859789499,10.860054402105007
6688,1,43.323076,32.78781151226486,10.535264487735141
6689,1,44.975,31.354382419739004,13.620617580260998
6690,1,45.5,36.98110572877989,8.518894271220113
6691,1,41.440001,35.148090635249645,6.291910364750358
6692,1,34.356322,37.97949378773835,3.6231717877383502
6693,4,35.130303,31.6754192475164,3.4548837524835996
6694,4,33.303448,39.8983968915652,6.5949488915651955
6695,4,38.256604,33.17993011642905,5.076673883570955
6696,4,39.468421,33.88299877481517,5.5854222251848284
6697,4,38.985714,32.82181591021664,6.163898089783359
6698,4,45.0,38.243246468047985,6.756753531952015
6699,2,43.776923,47.64276010013119,3.865837100131195
6700,2,44.299999,54.162775998940596,9.862776998940596
6701,2,46.099998,46.98677232089389,0.8867743208938919
6702,2,31.897826,51.786973565261896,19.889147565261897
6703,4,37.44,35.59875892939364,1.8412410706063582
6704,4,38.909091,28.757208519945316,10.151882480054681
6705,4,42.799999,35.25409093792058,7.54590806207942
6706,4,29.67,35.496197832604054,5.826197832604052
6707,4,45.199999,36.210270512093985,8.989728487906014
6708,4,38.863637,35.308068408806335,3.555568591193662
6709,4,41.116667,39.16505558001227,1.951611419987728
6710,4,30.428572,29.564164281211582,0.8644077187884172
6711,4,40.569231,34.101824183439675,6.467406816560327
6712,1,37.868,30.070497370331886,7.7975026296681165
6713,1,40.11,30.510590197485534,9.599409802514465
6714,1,38.158824,30.00590836931925,8.152915630680752
6715,1,41.221428,36.446532693608354,4.774895306391649
6716,1,29.67551,33.09914579306059,3.423635793060594
6717,1,29.136957,40.50841310684754,11.371456106847543
6718,1,27.107407,34.16617602738168,7.0587690273816825
6719,1,28.295833,31.986755947894657,3.6909229478946592
6720,1,26.16875,39.10198214166012,12.933232141660124
6721,1,30.9,32.40448049911215,1.504480499112148
6722,1,31.45,31.172591587759825,0.2774084122401739
6723,1,26.333333,38.74863243957006,12.41529943957006
6724,1,24.278571,43.603130207903845,19.324559207903846
6725,3,29.200001,39.67610497308357,10.476103973083568
6726,3,29.284615,35.71222610597025,6.427611105970254
6727,3,27.36,39.4793801646877,12.119380164687698
6728,3,20.8,31.69881983626468,10.898819836264678
6729,3,30.775,37.73022282631459,6.955222826314589
6730,3,32.814286,30.801584937045906,2.012701062954097
6731,3,29.8,36.8070001926649,7.007000192664901
6732,3,22.05,22.29921448968191,0.24921448968190774
6733,3,27.508334,28.853524347535142,1.3451903475351408
6734,3,27.563158,21.24173553271429,6.321422467285711
6735,5,27.778948,41.10620380243772,13.327255802437719
6736,5,24.3375,33.43464132818744,9.09714132818744
6737,5,43.700001,30.369514527950777,13.330486472049223
6738,5,31.2,30.15558026134709,1.044419738652909
6739,5,29.983333,44.147046364546505,14.163713364546506
6740,5,28.607692,39.35000233035682,10.742310330356823
6741,5,44.400002,32.715562256041515,11.684439743958485
6742,5,34.388889,44.83657537622555,10.447686376225548
6743,5,41.299999,43.67611703181101,2.3761180318110107
6744,5,37.16,37.53913609449653,0.3791360944965305
6745,5,31.385714,41.50614066635217,10.120426666352166
6746,2,32.6,37.201434524979355,4.601434524979354
6747,2,40.075001,40.42818185989162,0.35318085989162284
6748,2,43.5,39.25881298364993,4.241187016350068
6749,2,37.87,38.3243005303139,0.45430053031390116
6750,2,37.200001,35.19728770359045,2.002713296409553
6751,2,42.700001,37.80201240050744,4.897988599492564
6752,2,42.82,36.04491615737664,6.77508384262336
6753,2,37.95,37.178922557670134,0.7710774423298687
6754,2,31.727273,37.63829605905833,5.911023059058326
6755,2,39.5,36.41379450480331,3.086205495196687
6756,2,26.104651,37.8350055600619,11.730354560061901
6757,2,19.1,36.00105263324736,16.90105263324736
6758,2,26.836842,37.53701354496498,10.700171544964977
6759,2,20.371186,26.53721587241199,6.16602987241199
6760,2,25.067647,27.277589749979946,2.2099427499799447
6761,2,25.569231,27.950012029285634,2.380781029285636
6762,2,29.3,37.472587839623465,8.172587839623464
6763,2,32.833334,30.02915916546923,2.8041748345307695
6764,2,17.183,37.25368291470717,20.07068291470717
6765,2,29.269697,38.11607047209076,8.846373472090761
6766,2,26.849999,26.007689671204247,0.8423093287957535
6767,2,31.190625,31.070073482747553,0.12055151725244784
6768,2,32.886363,27.660634161855068,5.225728838144935
6769,2,30.383334,33.940921320054855,3.5575873200548536
6770,2,24.841667,33.642635753247156,8.800968753247155
6771,2,15.331333,26.777586823095625,11.446253823095624
6772,2,23.520879,24.57536929970763,1.0544902997076306
6773,2,15.130974,26.073649776971905,10.942675776971905
6774,2,12.868571,28.60318785586915,15.734616855869152
6775,2,25.825,26.305149415074634,0.48014941507463504
6776,4,25.032432,26.324512453033023,1.292080453033023
6777,4,14.558019,35.966670664471756,21.408651664471755
6778,4,14.043478,35.01937181283374,20.97589381283374
6779,4,27.195349,25.224447635601507,1.9709013643984932
6780,4,21.345763,29.791298597329163,8.445535597329162
6781,4,18.974803,32.91715136087062,13.942348360870618
6782,4,28.06,40.00741576857769,11.947415768577688
6783,4,26.133333,29.873545056190558,3.7402120561905576
6784,4,28.113636,43.68889686332105,15.575260863321049
6785,4,27.371428,27.700868925446446,0.32944092544644477
6786,4,26.87,31.345530787881987,4.475530787881986
6787,4,27.46,31.445043595948697,3.985043595948696
6788,4,27.128571,28.025059884759642,0.8964888847596413
6789,4,25.433333,30.794500842427734,5.361167842427733
6790,4,42.510345,36.58466973941519,5.925675260584811
6791,4,42.010527,30.59272174079674,11.417805259203263
6792,3,40.33077,26.684818984237324,13.645951015762677
6793,3,42.949999,31.44990376236893,11.500095237631069
6794,3,39.022727,31.071083715660986,7.951643284339017
6795,3,36.95,38.082231016742455,1.1322310167424519
6796,3,40.46875,27.58534290287436,12.883407097125641
6797,3,41.094117,31.608246508516768,9.48587049148323
6798,3,18.2575,30.309863387869665,12.052363387869665
6799,5,15.55,27.05262066212997,11.50262066212997
6800,5,18.805714,25.21932966247688,6.413615662476882
6801,5,16.757143,25.352829681329098,8.595686681329099
6802,5,17.561111,30.9276368608788,13.366525860878799
6803,5,20.123529,25.862915538420758,5.7393865384207565
6804,5,16.379167,26.09175378833173,9.71258678833173
6805,5,16.335294,25.147239454585353,8.811945454585352
6806,5,16.026316,26.62191349330496,10.595597493304957
6807,4,19.694118,26.21521404186594,6.521096041865942
6808,4,36.620834,30.287879097364574,6.332954902635429
6809,4,34.97,31.8680489210954,3.101951078904598
6810,4,36.070001,33.56783543291682,2.502165567083175
6811,4,33.394737,33.00951237145112,0.38522462854887607
6812,4,39.32,31.141928954335455,8.178071045664545
6813,4,25.3075,37.801488789893426,12.493988789893425
6814,4,31.689743,35.62254700017941,3.9328040001794093
6815,4,17.919048,30.393406560245907,12.474358560245907
6816,4,17.4375,31.512178804657886,14.074678804657886
6817,2,16.390909,26.353570441021674,9.962661441021673
6818,2,15.604762,32.75168893336657,17.146926933366572
6819,2,15.38,25.705994370283534,10.325994370283533
6820,2,18.3,26.299856104925333,7.999856104925332
6821,2,20.485714,25.599995831169196,5.114281831169194
6822,2,18.604762,25.87564336640413,7.270881366404129
6823,2,16.652381,25.32849259246815,8.676111592468153
6824,4,17.54375,29.18572940245721,11.64197940245721
6825,4,18.311539,29.40588813656703,11.094349136567029
6826,4,17.3575,28.674292681608307,11.316792681608305
6827,4,30.866666,27.670878263615634,3.1957877363843643
6828,4,34.36,27.462826958657914,6.897173041342086
6829,4,34.405882,33.628397080590034,0.7774849194099644
6830,4,34.674999,35.43092564719843,0.7559266471984287
6831,4,33.98,35.80636066511853,1.8263606651185356
6832,4,34.228947,38.09086909895308,3.8619220989530803
6833,4,32.279487,34.210577276226125,1.9310902762261222
6834,4,26.066667,33.70854762798342,7.641880627983422
6835,4,23.847143,29.349148561924046,5.502005561924047
6836,3,25.016667,32.547311304699235,7.5306443046992335
6837,3,30.146809,26.600568346774857,3.5462406532251443
6838,3,33.203333,26.81143463567141,6.39189836432859
6839,3,31.082353,28.277863276220167,2.8044897237798345
6840,3,28.527273,30.186619849051553,1.659346849051552
6841,3,30.309091,36.58211401812017,6.273023018120174
6842,3,27.667857,29.595578172673505,1.927721172673504
6843,2,27.038889,30.488524517225223,3.4496355172252215
6844,2,28.15,29.07466913905084,0.9246691390508417
6845,2,28.955556,32.8848444148732,3.9292884148731986
6846,2,27.64,43.06753022128943,15.42753022128943
6847,2,12.447381,33.548500316070744,21.101119316070744
6848,1,11.612551,34.20410917530769,22.591558175307693
6849,1,11.796791,30.082056304747823,18.285265304747824
6850,1,35.709091,29.06012461097037,6.648966389029631
6851,1,28.038596,29.841484932236703,1.802888932236705
6852,1,24.144928,38.93268892389058,14.78776092389058
6853,1,28.1,31.453311440628745,3.353311440628744
6854,1,27.971428,30.109534178799912,2.1381061787999123
6855,1,34.650002,44.86779930865178,10.217797308651782
6856,1,29.618182,45.23820310177802,15.620021101778018
6857,1,35.511765,47.547365784535046,12.035600784535049
6858,1,31.639131,30.46223049941019,1.1769005005898094
6859,2,39.425,29.083278387487443,10.341721612512554
6860,2,26.763158,30.803667736264444,4.040509736264443
6861,2,39.675,36.09629157943044,3.578708420569555
6862,2,37.58,29.15411017162722,8.425889828372778
6863,2,30.461538,42.33838110723916,11.876843107239157
6864,2,30.800001,40.59657217783776,9.796571177837755
6865,3,32.452381,34.489515737646165,2.037134737646163
6866,3,37.066667,29.97795358755465,7.088713412445351
6867,3,54.385714,37.02046476259437,17.365249237405628
6868,3,50.783333,39.38570684062198,11.39762615937802
6869,3,54.2,37.503020891354325,16.696979108645678
6870,5,52.925,37.615563029338354,15.309436970661643
6871,5,51.375,35.58986491703756,15.78513508296244
6872,5,53.97,37.73632136279316,16.233678637206836
6873,5,56.666666,36.22684518799752,20.43982081200248
6874,5,49.1,37.311299505811824,11.788700494188177
6875,5,53.9,35.974916016728486,17.925083983271513
6876,1,54.157143,43.13983001275744,11.017312987242555
6877,1,56.122222,41.40040196078186,14.721820039218137
6878,1,11.226087,38.377760159133054,27.151673159133054
6879,1,15.578378,42.39596120533911,26.817583205339112
6880,1,12.239048,31.219287646975353,18.980239646975352
6881,1,24.75641,28.49815224921231,3.7417422492123116
6882,1,27.768966,31.96054970802696,4.191583708026961
6883,1,26.027273,32.178402978511976,6.151129978511975
6884,1,25.125,33.55420818307574,8.429208183075737
6885,1,22.965,29.78000655966346,6.815006559663459
6886,1,21.979167,30.808414766286923,8.829247766286922
6887,3,20.209091,27.77853457566622,7.56944357566622
6888,3,46.764285,27.12700415438739,19.63728084561261
6889,3,50.121429,26.43509368785338,23.686335312146618
6890,2,44.422727,40.640918590956765,3.7818084090432365
6891,2,46.27,39.26501790982922,7.004982090170785
6892,2,47.25,26.956485148894842,20.293514851105158
6893,2,28.634783,39.50274802319971,10.867965023199709
6894,2,26.777778,40.03363517861903,13.255857178619028
6895,2,22.082609,39.30460926473355,17.22200026473355
6896,2,22.856542,38.58449974416111,15.727957744161106
6897,1,21.478049,43.06356503789601,21.585516037896014
6898,1,23.960204,25.928099441123926,1.9678954411239253
6899,1,23.393277,26.676391265999438,3.283114265999437
6900,1,20.48125,26.74469146993483,6.263441469934829
6901,1,25.05625,27.519385997276,2.4631359972760016
6902,4,39.94,30.020912417411765,9.919087582588233
6903,2,43.08,45.022192747962244,1.9421927479622454
6904,2,37.999999,46.042951245756676,8.042952245756673
6905,2,25.853125,42.25503121352556,16.401906213525564
6906,2,25.372222,37.14632725563672,11.77410525563672
6907,2,23.237037,33.92313713878814,10.686100138788142
6908,2,23.858333,32.703359522211414,8.845026522211416
6909,2,26.015385,29.367051510806235,3.3516665108062362
6910,2,25.791304,30.578849199955854,4.787545199955854
6911,5,25.316667,31.981026179051938,6.664359179051939
6912,5,24.442857,32.39372691722921,7.950869917229209
6913,5,26.04,31.924393314120486,5.884393314120487
6914,3,25.421052,27.058499039796256,1.6374470397962568
6915,3,26.933333,28.853841177738524,1.9205081777385224
6916,3,26.7,28.72799934161592,2.0279993416159208
6917,3,30.077778,25.87121460186789,4.206563398132108
6918,3,32.56,28.963055943626948,3.5969440563730544
6919,3,32.15,37.35587214247143,5.205872142471435
6920,3,30.414286,36.27873657011931,5.864450570119306
6921,3,31.4,36.0326938119196,4.6326938119196015
6922,1,23.2,35.85156858088801,12.651568580888007
6923,1,20.175,36.249421209796516,16.074421209796515
6924,1,19.95,36.41191713115993,16.461917131159932
6925,1,20.4,33.16621713627618,12.766217136276182
6926,5,19.90909,30.838520092712592,10.929430092712593
6927,5,19.4,38.274114215459825,18.874114215459826
6928,5,21.199999,32.43054035069081,11.230541350690814
6929,5,19.715789,26.53206652659359,6.816277526593588
6930,5,20.845455,37.10125814703388,16.25580314703388
6931,4,17.266666,26.23022401651796,8.963558016517958
6932,4,19.147619,24.031792916584852,4.884173916584853
6933,4,40.5,23.27187797244007,17.22812202755993
6934,4,32.16,22.45273424264981,9.707265757350186
6935,4,29.367442,34.209974697538925,4.842532697538925
6936,4,40.550001,31.130166871981586,9.419834128018415
6937,4,27.18,25.560010763130663,1.619989236869337
6938,4,28.769231,32.20799346653345,3.4387624665334506
6939,4,29.85,24.828092588124267,5.021907411875734
6940,4,23.764286,27.965682908806283,4.201396908806284
6941,4,27.7,30.281546401303792,2.581546401303793
6942,4,26.772727,27.15726709718598,0.3845400971859796
6943,2,23.394117,34.27197165793093,10.877854657930932
6944,2,30.405,33.42471338635143,3.0197133863514267
6945,2,25.4,33.18581482840427,7.78581482840427
6946,2,24.505555,38.942388771239365,14.436833771239364
6947,2,23.94,33.80333966531121,9.863339665311212
6948,1,22.71,27.08061613876284,4.370616138762838
6949,1,31.763636,26.56554678715544,5.198089212844561
6950,1,34.799999,30.077781783002262,4.722217216997738
6951,1,36.700001,32.00084920665438,4.699151793345621
6952,1,33.799999,39.12271545769651,5.322716457696508
6953,1,36.015789,31.52775798480875,4.488031015191247
6954,1,45.726316,35.20793127405663,10.51838472594337
6955,1,49.385714,30.201828499812557,19.183885500187444
6956,1,48.231579,40.729172335946586,7.502406664053417
6957,1,47.888888,37.46232840361317,10.42655959638683
6958,1,47.285715,34.90005587859874,12.385659121401261
6959,5,48.7,31.308959806243266,17.391040193756737
6960,5,46.77,33.02761086375183,13.742389136248171
6961,5,47.840001,33.82985797122792,14.010143028772077
6962,5,16.936957,35.56458895846734,18.62763195846734
6963,5,20.511111,34.58991096355302,14.078799963553017
6964,5,14.234884,23.08586950993594,8.85098550993594
6965,5,8.248352,27.55766426404461,19.30931226404461
6966,1,17.450769,21.05499801328716,3.60422901328716
6967,1,20.051724,31.832534850121135,11.780810850121135
6968,1,18.394,23.88375877593851,5.489758775938512
6969,1,3.572857,26.489991686877183,22.917134686877183
6970,1,2.107143,24.926464180238952,22.81932118023895
6971,1,11.725581,26.493468620748814,14.767887620748814
6972,1,7.678125,25.251434841900192,17.57330984190019
6973,1,6.535938,22.611681091637266,16.075743091637264
6974,1,1.750459,24.65761737150782,22.90715837150782
6975,1,8.65,24.999552685865968,16.349552685865966
6976,1,2.05303,27.555633448440616,25.502603448440617
6977,1,13.451515,29.925797851761033,16.474282851761032
6978,1,14.877143,24.645962890215394,9.768819890215394
6979,1,4.101538,25.894584870365826,21.793046870365828
6980,1,3.765116,23.75950562085348,19.994389620853482
6981,4,2.53253,21.73216897490355,19.19963897490355
6982,4,1.429493,22.220200313262072,20.79070731326207
6983,4,6.095918,21.93631017860121,15.84039217860121
6984,4,2.971591,25.76408880135558,22.79249780135558
6985,4,7.075,22.536867609717543,15.461867609717544
6986,4,21.025,21.011835256525607,0.013164743474391116
6987,4,22.757143,21.707839934371137,1.0493030656288624
6988,4,23.06,26.310013187652494,3.2500131876524954
6989,4,25.461538,27.039981168955748,1.5784431689557472
6990,4,23.45,26.678148938346048,3.228148938346049
6991,4,25.673077,28.11254743266437,2.439470432664372
6992,4,23.158333,28.37992260310206,5.2215896031020606
6993,4,24.9,31.867480376593623,6.967480376593624
6994,4,27.888235,27.08255398805328,0.8056810119467208
6995,4,24.213513,27.89247036084874,3.6789573608487416
6996,4,25.457143,36.958094024799195,11.500951024799196
6997,4,23.782609,29.398005420451682,5.615396420451681
6998,4,24.786667,26.570133030270142,1.7834660302701408
6999,2,22.885714,30.041459914229478,7.1557459142294775
7000,2,25.996154,33.16161326072797,7.1654592607279675
7001,2,24.486207,30.261425861478333,5.775218861478333
7002,2,22.04,27.317679992958972,5.277679992958973
7003,2,24.862963,30.26642008268794,5.40345708268794
7004,2,28.975,27.95119022644289,1.0238097735571117
7005,2,26.575,28.676278444340724,2.101278444340725
7006,2,25.632,38.523931455721446,12.891931455721444
7007,2,26.54375,36.42387073765243,9.88012073765243
7008,2,26.593333,29.097760372053912,2.504427372053911
7009,2,24.8,30.275882344680507,5.475882344680507
7010,2,32.235714,33.29763874875729,1.061924748757285
7011,2,32.88,31.372997197739025,1.5070028022609776
7012,2,32.831579,38.7058697038305,5.8742907038305034
7013,2,32.766667,40.735844806002426,7.969177806002428
7014,2,32.306667,38.41620712407883,6.109540124078833
7015,2,27.840909,36.29430168158376,8.453392681583761
7016,2,20.86875,38.23215412012148,17.36340412012148
7017,1,26.754839,39.332027036835264,12.577188036835263
7018,1,22.80625,30.280517535159326,7.474267535159328
7019,1,21.0,27.8792130349934,6.879213034993398
7020,1,22.582758,34.99458124069687,12.411823240696869
7021,1,24.9,23.976241080211643,0.9237589197883551
7022,4,29.783333,35.00064534350071,5.2173123435007085
7023,4,25.03,36.12940300489174,11.099403004891741
7024,4,30.5,36.39975567312683,5.899755673126833
7025,4,31.1,28.22024994541717,2.879750054582832
7026,4,30.55,35.75404276669814,5.204042766698141
7027,1,29.58,36.049797168582614,6.469797168582616
7028,1,31.799999,34.27287409268598,2.4728750926859817
7029,1,30.0,37.862510224403465,7.862510224403465
7030,1,29.6,33.020121142264394,3.4201211422643922
7031,1,27.157143,37.81129050728227,10.654147507282271
7032,1,28.695454,36.32667056989472,7.631216569894722
7033,1,29.571429,37.84871083981907,8.277281839819072
7034,3,29.89375,22.98349322200381,6.910256777996192
7035,3,30.105263,22.618986563196966,7.486276436803035
7036,3,29.16087,24.285638271042792,4.875231728957207
7037,3,27.127273,26.84472954072764,0.28254345927235747
7038,3,29.342857,26.856120110059358,2.486736889940641
7039,3,33.0,28.148118903828106,4.851881096171894
7040,3,33.086842,22.430544368155232,10.656297631844765
7041,3,33.200001,29.807286068103497,3.392714931896503
7042,3,29.82,23.883212956008627,5.936787043991373
7043,3,31.1,28.25918472547216,2.8408152745278414
7044,3,30.442857,21.069785420415613,9.373071579584387
7045,2,28.472,36.74844592646119,8.276445926461186
7046,2,29.717647,31.681317487897495,1.9636704878974953
7047,2,31.34,27.041769849948878,4.298230150051122
7048,2,30.0,26.976520714681907,3.0234792853180927
7049,2,29.348718,40.40963254571001,11.060914545710009
7050,2,28.444444,38.183939494808456,9.739495494808455
7051,2,30.99,34.96862535785125,3.9786253578512536
7052,2,26.866667,34.86366164938873,7.996994649388732
7053,2,24.888889,36.830509231560974,11.941620231560975
7054,2,24.527778,36.99462785892513,12.466849858925126
7055,2,26.0,33.365721300672426,7.365721300672426
7056,2,23.933333,26.513223326950083,2.579890326950082
7057,2,25.44,33.94419550504097,8.504195505040972
7058,2,25.77,33.795943983815086,8.025943983815086
7059,2,25.14,34.27590444104117,9.13590444104117
7060,2,27.700001,30.61246381455173,2.9124628145517306
7061,2,3.327119,32.63746864800132,29.310349648001317
7062,2,1.547143,38.2078646054987,36.6607216054987
7063,2,3.158571,24.515563691888584,21.356992691888586
7064,2,4.958333,26.01041822833097,21.05208522833097
7065,2,3.156198,28.59932991276116,25.44313191276116
7066,2,3.747328,28.16226250556845,24.41493450556845
7067,4,38.376471,27.770073796672648,10.606397203327354
7068,4,34.519445,27.26405517082008,7.255389829179919
7069,4,35.867391,31.169009138978666,4.698381861021332
7070,4,41.12,28.175179914768897,12.9448200852311
7071,4,40.95,27.100129886748732,13.84987011325127
7072,4,31.211765,38.97725917974873,7.765494179748728
7073,4,37.730769,37.71347512121537,0.017293878784634842
7074,4,32.819445,26.829375470763715,5.990069529236287
7075,4,41.099998,33.7464653047457,7.353532695254302
7076,1,41.099998,26.433062152246258,14.666935847753741
7077,1,31.377,45.60190465084265,14.22490465084265
7078,1,39.210811,45.68198675702378,6.471175757023779
7079,1,39.9,25.22849392547294,14.67150607452706
7080,1,29.344776,32.93360985272045,3.5888338527204517
7081,1,34.052326,43.71665642694503,9.664330426945028
7082,2,41.666665,28.214268432143875,13.452396567856127
7083,2,33.01579,30.674512532906,2.3412774670940024
7084,2,28.62931,43.629506183558235,15.000196183558234
7085,2,19.844498,30.248823144176708,10.404325144176706
7086,2,32.261111,30.136379768739335,2.1247312312606645
7087,2,20.807762,23.618908408205815,2.811146408205815
7088,2,12.997561,26.240166484113942,13.242605484113943
7089,2,16.453658,24.712599849911683,8.258941849911682
7090,2,19.5875,22.56676824621076,2.9792682462107614
7091,2,14.504196,25.261461723014577,10.757265723014577
7092,2,26.86,27.449247465513455,0.5892474655134556
7093,2,26.413333,28.567116837943765,2.153783837943763
7094,2,26.658334,38.19455781403506,11.536223814035058
7095,2,26.17,38.1052817356227,11.935281735622695
7096,2,29.9,32.04687670301957,2.146876703019572
7097,2,22.644444,36.99391788531233,14.349473885312328
7098,2,16.433333,30.37702273601768,13.943689736017678
7099,2,14.54,30.287304176036372,15.747304176036373
7100,3,13.928571,35.97526655068191,22.04669555068191
7101,3,16.975,30.318330234363945,13.343330234363943
7102,3,24.157576,28.338892006603636,4.1813160066036374
7103,5,15.85,28.15044180978243,12.300441809782429
7104,5,9.857447,30.891426395914905,21.033979395914905
7105,5,8.127869,26.666292478367772,18.538423478367772
7106,5,12.019424,29.94477094441212,17.92534694441212
7107,2,10.160802,27.34397750343389,17.18317550343389
7108,2,8.839832,20.94401631978154,12.10418431978154
7109,2,11.981609,22.21337600328518,10.23176700328518
7110,2,12.217886,25.30537844899135,13.087492448991348
7111,2,59.216667,20.574835645045155,38.641831354954846
7112,2,60.05,22.230049276909106,37.81995072309089
7113,3,64.366666,35.7190928815444,28.647573118455597
7114,3,61.55,35.56554460493878,25.984455395061218
7115,3,60.466666,36.91852875961469,23.54813724038531
7116,3,60.0,32.69770870769592,27.302291292304083
7117,3,65.0,37.53965162785239,27.460348372147607
7118,3,60.099999,36.73447772993114,23.365521270068854
7119,3,59.18,38.07836957297779,21.101630427022208
7120,3,60.866667,37.070544010900086,23.796122989099914
7121,5,60.275001,41.13958669650757,19.135414303492432
7122,5,57.200001,44.20432402820393,12.995676971796073
7123,5,58.049999,38.95146759574146,19.098531404258537
7124,5,40.913333,40.33450118983895,0.5788318101610486
7125,5,58.475,44.984106459548194,13.490893540451808
7126,4,51.988235,37.780344356092456,14.207890643907547
7127,4,63.89,42.60526711571038,21.284732884289618
7128,4,30.895455,41.18725604706091,10.291801047060915
7129,4,26.733333,37.83392743874349,11.100594438743489
7130,4,36.48,32.10586526541137,4.37413473458863
7131,4,22.110526,29.247636637986442,7.137110637986442
7132,4,21.05,36.661327973678496,15.611327973678495
7133,4,26.345454,27.30881711540731,0.9633631154073115
7134,4,24.856667,34.38527048751561,9.52860348751561
7135,4,20.706452,36.74523694013872,16.03878494013872
7136,4,26.851724,30.38717930393571,3.5354553039357093
7137,4,31.77931,30.445029437461034,1.3342805625389644
7138,4,23.163636,30.488023338997223,7.324387338997223
7139,4,37.200001,29.462316935736766,7.7376840642632345
7140,4,22.621951,28.510411162582393,5.888460162582394
7141,4,28.6,35.61334232277247,7.013342322772466
7142,4,26.642857,27.063556750715595,0.4206997507155954
7143,2,41.950001,30.287220586833804,11.662780413166196
7144,2,24.575862,26.416607547194616,1.840745547194615
7145,2,25.944444,37.36348178312192,11.419037783121919
7146,2,35.5,24.942300458586637,10.557699541413363
7147,2,37.06,28.476956415721467,8.583043584278535
7148,2,35.883334,37.37325054106373,1.4899165410637352
7149,2,52.82,36.25834465592008,16.561655344079924
7150,2,58.727273,38.02276290615729,20.704510093842707
7151,2,54.427778,38.73439066049825,15.693387339501754
7152,2,54.975,38.52599541617946,16.44900458382054
7153,2,52.991666,37.84311141589296,15.148554584107039
7154,3,59.1,33.284053251198685,25.815946748801316
7155,3,54.98,40.37822322230839,14.601776777691605
7156,3,58.825,37.072226742457914,21.75277325754209
7157,3,56.96,32.39510802291161,24.564891977088394
7158,3,55.459937,38.38844013465203,17.071496865347967
7159,3,93.533333,34.00176124164258,59.531571758357416
7160,3,18.529227,24.443769670044567,5.914542670044568
7161,3,84.114789,38.77331155090846,45.34147744909154
7162,3,56.143478,21.015553867977708,35.127924132022294
7163,3,81.996169,24.379300005822913,57.61686899417708
7164,3,48.883375,27.84398614759891,21.039388852401093
7165,2,62.994416,25.12237818964023,37.87203781035977
7166,2,45.900002,23.43635229167695,22.46364970832305
7167,2,43.641667,22.217885232672522,21.423781767327476
7168,2,40.347059,36.269977370873356,4.077081629126646
7169,2,42.009091,34.37335616422799,7.635734835772006
7170,2,40.490909,32.0175499532737,8.473359046726301
7171,2,42.247619,35.7495960903928,6.498022909607201
7172,2,45.900002,32.46835312990527,13.431648870094733
7173,2,44.1,30.873215254366045,13.226784745633957
7174,2,46.299999,41.53433364785465,4.765665352145348
7175,2,24.6125,37.05786731252504,12.44536731252504
7176,2,24.632,39.13883232923549,14.50683232923549
7177,2,23.313043,31.977357631594494,8.664314631594493
7178,2,24.586111,36.695649977098384,12.109538977098385
7179,2,23.2875,36.23440809761631,12.946908097616308
7180,2,24.512195,31.617997468798293,7.105802468798295
7181,2,24.123809,34.2794091041655,10.1556001041655
7182,1,25.991666,26.180618873213565,0.1889528732135659
7183,1,23.108572,25.819042428274457,2.7104704282744585
7184,1,23.721429,26.07599328765695,2.354564287656949
7185,1,26.539394,26.06763457225631,0.4717594277436916
7186,1,23.963889,28.61058845363549,4.646699453635488
7187,1,24.528572,26.88121150074731,2.3526395007473084
7188,1,24.815789,24.99209967859259,0.17631067859259275
7189,1,23.044827,25.951785882401325,2.906958882401323
7190,1,23.7,24.031548110066915,0.3315481100669153
7191,2,21.663637,27.855151561184435,6.191514561184434
7192,2,59.13,40.50011725303323,18.62988274696677
7193,2,55.749999,27.391971414552646,28.358027585447356
7194,2,20.505455,38.30407927976955,17.79862427976955
7195,2,19.545122,40.08423856106439,20.53911656106439
7196,2,21.695,30.018146785852032,8.323146785852032
7197,2,27.831818,30.799602575505716,2.9677845755057177
7198,2,30.576923,40.231444743977704,9.654521743977703
7199,2,27.241379,31.411630279847344,4.170251279847346
7200,2,30.346667,39.92599980578311,9.579332805783107
7201,2,13.768889,28.870827178933506,15.101938178933507
7202,3,21.690909,23.9438947867773,2.252985786777298
7203,3,15.190674,21.757347009144496,6.5666730091444965
7204,3,15.12,20.048916479804586,4.928916479804586
7205,3,19.466355,19.833329964890627,0.36697496489062686
7206,3,14.833971,21.669793071078452,6.835822071078452
7207,3,64.771429,17.783431245104033,46.987997754895964
7208,1,52.5125,28.2669935044156,24.245506495584404
7209,1,55.727272,41.927686900259324,13.799585099740675
7210,5,56.9,39.258309675437644,17.641690324562354
7211,5,53.372727,38.284130458142286,15.088596541857711
7212,5,63.7,37.958875248342125,25.74112475165788
7213,2,57.453847,40.52722458325187,16.92662241674813
7214,2,56.08,34.52980498661533,21.550195013384666
7215,2,55.8,39.40429460530459,16.395705394695405
7216,2,54.922223,38.90595168292778,16.016271317072224
7217,3,56.02,36.543591280900316,19.476408719099688
7218,3,34.116666,42.28663423570282,8.169968235702818
7219,3,36.458824,42.26566611715339,5.806842117153387
7220,3,36.556,30.477858933573724,6.078141066426273
7221,3,39.1,40.83076163768896,1.730761637688957
7222,3,38.385,45.283452877158,6.898452877158
7223,1,37.699999,35.31654913496754,2.3834498650324605
7224,1,36.042858,37.72847174474575,1.6856137447457442
7225,1,41.950001,37.13461798156498,4.815383018435021
7226,1,41.099998,37.01271460213078,4.087283397869221
7227,1,40.300001,35.713229919563496,4.586771080436506
7228,1,32.107692,35.49376474689614,3.38607274689614
7229,1,25.95,35.43547999700003,9.48547999700003
7230,1,39.018181,38.737534221806975,0.28064677819302375
7231,1,25.62353,30.503430170940163,4.879900170940164
7232,1,23.742424,27.295654792030227,3.5532307920302273
7233,1,34.354838,27.71546405139025,6.639373948609752
7234,3,21.952941,33.98978242268588,12.036841422685878
7235,3,30.053571,25.827873700287665,4.225697299712337
7236,3,25.847619,30.461575703369597,4.613956703369595
7237,3,22.316667,25.926652141062476,3.6099851410624773
7238,3,31.84,27.524851103145973,4.315148896854026
7239,3,22.825926,33.37443154606953,10.548505546069531
7240,3,32.328572,26.840916536815552,5.487655463184449
7241,3,21.44,29.48471438796215,8.044714387962149
7242,3,26.956757,27.668480605079115,0.7117236050791149
7243,3,31.05,28.613141006597374,2.436858993402627
7244,3,26.341935,30.037732466626657,3.695797466626658
7245,3,31.408333,39.14405935591327,7.735726355913272
7246,3,32.806896,30.071263904008184,2.735632095991818
7247,3,31.32,39.21345112212243,7.893451122122428
7248,3,23.114,38.30228581911685,15.188285819116846
7249,3,29.314286,37.42126927846955,8.106983278469553
7250,3,36.699999,34.927028962401124,1.7729700375988742
7251,3,13.361482,36.36469309428198,23.00321109428198
7252,3,18.769159,33.933407163342935,15.164248163342936
7253,3,15.006684,24.960212840749808,9.953528840749808
7254,3,13.231825,27.810671719230378,14.578846719230377
7255,3,15.670485,26.17886339181266,10.50837839181266
7256,3,14.545802,25.432428505353023,10.886626505353023
7257,3,21.021052,23.94454823342936,2.9234962334293577
7258,3,16.5375,27.687041631224183,11.149541631224182
7259,4,15.040945,44.98745766852187,29.94651266852187
7260,4,13.635294,44.56625671028133,30.930962710281328
7261,4,13.850209,33.80148993184398,19.951280931843982
7262,4,14.788081,29.02749764584502,14.23941664584502
7263,4,12.937313,29.626307298168186,16.688994298168186
7264,4,27.408571,31.559453855696397,4.150882855696398
7265,4,35.155555,32.23559295104791,2.9199620489520868
7266,4,42.199999,32.97858270676453,9.221416293235471
7267,4,32.24,46.54407384237757,14.30407384237757
7268,2,30.810345,43.554653021132694,12.744308021132692
7269,2,34.533334,34.92459278689406,0.39125878689405624
7270,2,26.706667,48.42449431329011,21.717827313290112
7271,2,34.586667,38.49827808227669,3.9116110822766927
7272,2,36.611112,29.45723543414348,7.1538765658565175
7273,2,40.366666,43.3680564254986,3.001390425498599
7274,2,36.383333,42.917745199483726,6.534412199483725
7275,2,30.322222,38.00432519830786,7.6821031983078605
7276,2,31.416667,37.37463072991405,5.957963729914052
7277,2,29.62,37.76812433942731,8.148124339427309
7278,2,30.545833,43.36764746761067,12.821814467610668
7279,2,30.025,39.96917315380322,9.94417315380322
7280,2,29.628571,32.0560225125981,2.427451512598097
7281,5,29.363158,30.288250801554334,0.9250928015543352
7282,5,27.0,33.27099398142235,6.27099398142235
7283,5,30.014286,29.564923715363598,0.4493622846364005
7284,5,29.468421,28.77387788088876,0.6945431191112377
7285,5,28.17193,34.76436255774135,6.5924325577413505
7286,5,28.66129,36.36808033977021,7.706790339770208
7287,3,42.76875,33.47912662917622,9.289623370823776
7288,3,42.89,31.057209521152682,11.832790478847318
7289,3,45.846154,36.9150935267941,8.931060473205896
7290,3,42.658333,32.87274953071352,9.785583469286479
7291,3,41.878571,40.59974296828103,1.278828031718973
7292,3,45.825,37.49710856052329,8.327891439476716
7293,3,40.084615,34.18386881856358,5.900746181436418
7294,3,50.450001,39.75738921612617,10.69261178387383
7295,3,55.599998,37.447859978133124,18.152138021866875
7296,3,49.730769,39.533261282167686,10.197507717832316
7297,3,45.4,38.7652314183142,6.6347685816857975
7298,3,48.47,39.02143464568495,9.44856535431505
7299,3,49.700001,39.31714049667656,10.382860503323442
7300,3,48.599998,32.60365222632937,15.996345773670626
7301,3,34.813333,39.79984126604746,4.9865082660474584
7302,3,41.164706,39.25771916949399,1.906986830506014
7303,3,39.049999,38.18003097154697,0.8699680284530302
7304,2,26.819047,38.74174307664781,11.922696076647807
7305,2,30.305714,39.17734329327442,8.87162929327442
7306,2,35.399999,39.95697358482954,4.55697458482954
7307,2,37.992308,42.597254890688596,4.604946890688595
7308,2,24.75,31.92648674628734,7.176486746287338
7309,2,31.409524,36.119258355258424,4.709734355258423
7310,2,32.7,39.23917800607597,6.539178006075964
7311,3,10.364615,39.857843776206124,29.493228776206124
7312,3,24.085715,31.634755851607967,7.549040851607966
7313,3,18.77,39.07207122135871,20.302071221358712
7314,3,13.19697,40.76464085703387,27.567670857033868
7315,3,23.793333,28.297645879529256,4.504312879529255
7316,3,24.06,28.80871094498901,4.748710944989011
7317,3,24.947619,24.391399830835404,0.5562191691645957
7318,3,22.200001,24.569085341437294,2.3690843414372935
7319,3,21.69,23.698600754061406,2.008600754061405
7320,3,22.115,31.897022283943222,9.782022283943224
7321,3,23.933333,26.21805920166598,2.284726201665979
7322,3,37.028572,26.649529004279636,10.379042995720361
7323,3,42.549999,23.953843861065565,18.596155138934435
7324,3,33.948276,27.103877018207584,6.844398981792416
7325,3,24.772,26.843582999162443,2.0715829991624446
7326,3,23.807692,36.486132469077205,12.678440469077206
7327,3,20.97,35.36636011137129,14.396360111371294
7328,3,22.99,36.98270883169036,13.992708831690361
7329,3,23.133333,32.376471349119484,9.243138349119484
7330,3,27.799999,33.54471187785404,5.744712877854042
7331,5,27.0,28.894111552710147,1.8941115527101466
7332,5,25.171429,43.73370052258632,18.562271522586318
7333,5,22.84537,32.844343857315884,9.998973857315885
7334,5,26.8275,29.72568268646382,2.8981826864638194
7335,2,27.3,30.395658810007927,3.095658810007926
7336,2,25.866667,26.584004165618957,0.7173371656189573
7337,2,26.64,24.521582504323064,2.118417495676937
7338,2,25.885526,25.448392524132412,0.43713347586758644
7339,2,28.3,31.64118236276955,3.3411823627695476
7340,2,30.61,25.728436734251886,4.881563265748113
7341,2,29.936364,24.018308807032952,5.918055192967049
7342,3,33.58,25.064339079648377,8.515660920351621
7343,3,23.338462,25.457945622886037,2.1194836228860368
7344,3,27.85,27.17384246931492,0.6761575306850816
7345,3,24.514815,21.944651117612683,2.570163882387316
7346,3,27.526087,28.036959177752937,0.5108721777529368
7347,3,26.882353,20.496684960985526,6.385668039014472
7348,3,31.816666,28.18733035650109,3.629335643498912
7349,3,32.39,22.555642153085092,9.834357846914909
7350,3,27.142308,28.162333001850897,1.0200250018508967
7351,3,27.947369,27.958019029866037,0.01065002986603858
7352,3,36.3,27.947331995034475,8.352668004965523
7353,3,33.6875,30.06704507427486,3.6204549257251415
7354,3,28.9,27.13632577206109,1.7636742279389068
7355,3,32.833333,27.870826460581366,4.962506539418637
7356,3,30.762791,39.09845778566165,8.335666785661651
7357,3,30.836538,38.68081680722119,7.84427880722119
7358,3,31.059259,36.37611274147749,5.316853741477491
7359,4,26.638571,33.552653684534945,6.914082684534947
7360,4,27.231944,24.975514038865974,2.2564299611340246
7361,4,48.436364,25.688565610995795,22.747798389004203
7362,4,56.050001,29.30101563500955,26.748985364990453
7363,4,55.916666,27.503111471852186,28.413554528147813
7364,4,43.607693,26.241966446511952,17.365726553488045
7365,4,49.849998,37.095682150639696,12.754315849360303
7366,4,54.6875,32.716459391136,21.971040608864
7367,4,54.781818,36.80565576630835,17.976162233691653
7368,4,47.400002,37.969093356973964,9.430908643026036
7369,4,56.4,35.225216200154705,21.174783799845294
7370,4,50.041176,36.27000726771048,13.771168732289517
7371,4,58.781818,34.09493096848295,24.686887031517053
7372,1,64.15,47.65781314909398,16.492186850906023
7373,1,60.6625,48.435755786323924,12.226744213676078
7374,1,55.442857,44.03110540133661,11.411751598663386
7375,1,56.888889,45.55112701047303,11.337761989526967
7376,1,61.144444,41.22683053247053,19.91761346752947
7377,1,62.85,42.96195563350766,19.888044366492345
7378,1,52.366667,44.11224800366954,8.254418996330458
7379,1,55.45,44.98383351451284,10.466166485487165
7380,1,56.736363,42.598690891893845,14.137672108106152
7381,4,50.72,40.42359164199151,10.296408358008492
7382,4,39.6,39.053791766098556,0.5462082339014458
7383,4,39.171428,41.20772030837805,2.0362923083780515
7384,4,35.82,42.83511775219136,7.015117752191358
7385,4,36.071427,38.82457190533819,2.753144905338189
7386,4,35.15,36.13450441428775,0.9845044142877484
7387,4,38.3875,33.93856809527223,4.448931904727772
7388,4,20.793333,36.17453268016087,15.381199680160872
7389,4,22.260204,41.292047897791,19.031843897791
7390,4,27.036842,39.49025673569666,12.453414735696661
7391,4,24.86,39.77853934564254,14.918539345642543
7392,4,20.343421,28.9237403671763,8.580319367176301
7393,4,26.6,28.543369810661318,1.9433698106613164
7394,4,26.124138,36.7869558027979,10.6628178027979
7395,4,29.708163,37.560173760341115,7.852010760341116
7396,4,27.25,30.689335714986463,3.4393357149864627
7397,4,28.8,37.17809339863996,8.378093398639958
7398,4,30.6,26.389546305154283,4.210453694845718
7399,4,29.314286,28.828901435685495,0.4853845643145043
7400,4,30.05,32.29611412747397,2.2461141274739695
7401,4,26.046429,35.066314961698794,9.019885961698794
7402,4,28.62,29.15241933496943,0.5324193349694291
7403,4,58.78,34.53804722740979,24.24195277259021
7404,4,50.97,40.958440881565394,10.011559118434604
7405,4,58.400002,36.72133266195096,21.67866933804904
7406,4,59.64,39.84575627134016,19.794243728659843
7407,4,58.74,36.215918023029516,22.524081976970486
7408,3,60.616667,39.7151690707856,20.9014979292144
7409,3,58.625,43.825310148450015,14.799689851549985
7410,3,56.287499,44.354254993916925,11.933244006083072
7411,3,54.099998,42.202878771374046,11.897119228625954
7412,3,21.891667,38.95234680775388,17.060679807753875
7413,3,29.483333,41.62452324693048,12.141190246930481
7414,3,25.675,41.04902047554438,15.37402047554438
7415,3,24.125,32.99994411432567,8.874944114325672
7416,3,29.0,41.913483469089414,12.913483469089414
7417,3,24.486207,33.98364535674307,9.497438356743068
7418,4,22.010417,31.3100156957499,9.2995986957499
7419,4,25.282353,30.874981869526742,5.592628869526742
7420,4,27.96,23.02990860391018,4.930091396089821
7421,4,30.514286,22.96445318580173,7.549832814198268
7422,4,22.163636,25.359924667222472,3.196288667222472
7423,4,28.116667,27.26938669029493,0.8472803097050701
7424,4,24.092857,30.661723894582114,6.568866894582115
7425,1,29.815384,27.763279994826185,2.052104005173817
7426,3,26.511111,32.89760875219571,6.386497752195709
7427,1,36.847369,27.09236214922985,9.755006850770151
7428,1,37.279311,39.59885493581156,2.3195439358115593
7429,1,38.909375,32.91062978650007,5.99874521349993
7430,1,43.224999,35.426542100834475,7.798456899165522
7431,1,34.870833,33.681571743589124,1.189261256410873
7432,1,49.099998,39.5666018113751,9.533396188624899
7433,1,42.59,40.924322260182436,1.6656777398175677
7434,1,29.482353,31.097713695287304,1.615360695287304
7435,1,39.532,37.21212747469455,2.319872525305449
7436,5,39.21,33.88648348964764,5.323516510352363
7437,5,44.03,26.493043025150897,17.536956974849105
7438,5,29.395455,25.102898940818704,4.292556059181294
7439,5,44.522223,35.3558792168313,9.1663437831687
7440,5,43.245454,33.63974407682788,9.605709923172121
7441,2,44.727273,26.58676473924104,18.140508260758956
7442,2,45.2875,37.37319090895543,7.914309091044572
7443,2,37.469565,34.65550805306941,2.8140569469305916
7444,2,41.941666,34.85286205424122,7.088803945758777
7445,2,31.372223,36.67114591992401,5.298922919924006
7446,2,41.725,32.826182607645116,8.898817392354886
7447,2,37.766667,35.95287562772358,1.8137913722764196
7448,2,31.140909,30.567515100835088,0.5733938991649126
7449,2,47.075,42.728154843649385,4.346845156350618
7450,2,52.5,35.113902372820924,17.386097627179076
7451,5,41.075757,32.17565254247498,8.900104457525025
7452,5,47.895,37.87847202816825,10.016527971831756
7453,5,48.706977,35.983206312797506,12.723770687202496
7454,5,44.886364,34.13040722724459,10.755956772755411
7455,5,46.391667,36.182995624073676,10.208671375926322
7456,5,46.125807,29.428469830835777,16.697337169164225
7457,4,44.809091,38.57288688288614,6.236204117113864
7458,4,45.249999,39.86962207474055,5.380376925259455
7459,4,46.6,40.478225719991585,6.121774280008417
7460,4,43.200001,42.50302263838435,0.6969783616156491
7461,4,41.245,39.113013932229634,2.131986067770363
7462,4,28.38,38.86259940272492,10.482599402724919
7463,2,26.007143,38.04745821206991,12.040315212069913
7464,2,27.565,38.18473512954967,10.619735129549671
7465,2,31.8625,38.662931943772364,6.800431943772363
7466,2,38.263636,29.964074433005138,8.29956156699486
7467,2,36.083335,31.903886146236182,4.179448853763816
7468,2,36.9,30.792541813171482,6.1074581868285165
7469,2,33.7,39.43578425920766,5.735784259207655
7470,2,33.638462,39.44991907037982,5.811457070379824
7471,2,30.238461,40.153038280345605,9.914577280345604
7472,2,27.478788,38.578516854144944,11.099728854144942
7473,2,35.050001,30.418213912564767,4.631787087435235
7474,5,29.133333,32.44430941615111,3.3109764161511066
7475,5,30.822222,32.256164135627444,1.4339421356274435
7476,5,27.381063,38.84881442724854,11.46775142724854
7477,5,35.74375,31.16471999007552,4.57903000992448
7478,5,29.812851,35.68410262678068,5.87125162678068
7479,1,31.008671,21.71798683980547,9.29068416019453
7480,1,23.67242,23.602753739238338,0.06966626076166094
7481,1,28.961538,19.841762859218296,9.119775140781705
7482,1,29.019858,23.245733008995472,5.774124991004527
7483,1,76.681865,22.49901336306344,54.18285163693656
7484,1,80.15,29.514495724320586,50.63550427567942
7485,1,88.134862,20.595657739076763,67.53920426092324
7486,1,74.166316,25.442989931685755,48.723326068314236
7487,3,65.605714,39.82829664636481,25.777417353635194
7488,3,87.752175,31.606038668749417,56.146136331250574
7489,3,8.94263,29.084781407320353,20.142151407320355
7490,3,28.698976,30.57390566144956,1.8749296614495634
7491,2,70.194285,32.60132926004554,37.592955739954455
7492,2,87.127273,29.675344136566217,57.451928863433785
7493,2,79.745454,32.620117699843625,47.12533630015637
7494,2,80.833846,32.191990736045014,48.64185526395498
7495,2,58.799999,31.0440435971776,27.7559554028224
7496,2,57.933333,37.19254230636161,20.740790693638388
7497,2,56.142858,31.976765362060732,24.166092637939265
7498,2,53.772727,46.20681388449289,7.565913115507115
7499,2,54.000001,42.30097375463121,11.69902724536879
7500,2,53.523077,44.39898382559739,9.12409317440261
7501,2,55.046667,39.69075689618621,15.355910103813791
7502,2,24.201111,35.83568645036936,11.634575450369358
7503,3,30.416535,37.064231007800494,6.647696007800494
7504,3,23.727016,37.378348682840866,13.651332682840867
7505,3,49.130061,28.28827604856778,20.841784951432217
7506,3,28.422727,23.952333222633065,4.470393777366933
7507,3,22.022222,19.5449067814417,2.4773152185582994
7508,3,23.383333,27.469031307653843,4.085698307653843
7509,3,20.494118,25.105756261672127,4.611638261672127
7510,5,18.728571,41.046578331077455,22.318007331077457
7511,5,24.314286,41.89158210511004,17.57729610511004
7512,5,21.836364,39.31004020228187,17.47367620228187
7513,5,16.765,37.42631180662912,20.661311806629122
7514,5,21.535294,41.8339073932222,20.298613393222197
7515,5,22.445454,38.066061347699836,15.620607347699835
7516,5,18.970588,29.331359311621227,10.360771311621228
7517,5,22.522222,34.79706747134488,12.274845471344882
7518,5,22.115385,40.668856846122644,18.553471846122644
7519,5,8.966667,34.575547802845634,25.608880802845633
7520,5,5.575,40.11859068949889,34.543590689498885
7521,5,2.098901,41.22941053413925,39.13050953413925
7522,4,4.666667,33.23775561838133,28.571088618381328
7523,4,4.085714,27.18719835999864,23.10148435999864
7524,4,2.560377,30.097559892151445,27.537182892151446
7525,4,3.483871,24.72391489533922,21.24004389533922
7526,4,8.15625,26.96476272584741,18.80851272584741
7527,4,51.740909,24.045866696223385,27.695042303776617
7528,4,32.071428,28.767802997332616,3.3036250026673812
7529,2,28.522727,31.790136043107694,3.267409043107694
7530,1,31.24,46.440586868004466,15.200586868004468
7531,1,32.142857,41.27582746345279,9.132970463452793
7532,1,28.395,33.84562490273048,5.450624902730478
7533,1,30.7,39.796021762023486,9.096021762023486
7534,2,36.099998,30.649716829635985,5.450281170364015
7535,2,34.900002,33.032056265926805,1.8679457340731958
7536,2,30.204167,26.19907245828906,4.0050945417109425
7537,2,32.35,34.55120589765685,2.2012058976568483
7538,2,29.0,34.22785656765713,5.227856567657128
7539,2,33.1,36.0004527938367,2.900452793836699
7540,2,27.442623,38.228826675664465,10.786203675664463
7541,2,28.084848,33.4116715466503,5.326823546650296
7542,2,48.185715,26.372569190728825,21.813145809271177
7543,2,57.9125,28.70119089155365,29.21130910844635
7544,2,47.15,37.03986645708007,10.110133542919925
7545,2,58.7875,36.64647851816632,22.141021481833683
7546,2,50.425,34.57321979293973,15.851780207060266
7547,3,47.22,31.462381375166153,15.757618624833846
7548,3,48.133333,34.158556197593256,13.974776802406744
7549,3,60.554546,32.433853992403854,28.120692007596148
7550,3,47.439999,32.50994170337951,14.93005729662049
7551,3,48.814286,34.27916462973492,14.535121370265081
7552,3,27.22,33.914624893994,6.694624893994003
7553,3,33.058333,34.3946911322917,1.3363581322917
7554,3,35.7125,25.540367856341554,10.172132143658445
7555,1,25.92,39.05835234567129,13.138352345671287
7556,3,35.611111,36.55531480816913,0.944203808169128
7557,3,29.1,25.54004794998508,3.559952050014921
7558,3,36.64,33.42148323023704,3.2185167697629637
7559,3,38.114286,24.712053555691156,13.402232444308844
7560,3,39.749999,38.08123543369345,1.668763566306552
7561,3,33.584615,38.0074468499211,4.422831849921103
7562,5,37.757143,37.81534956153208,0.05820656153208148
7563,5,13.058333,31.188289734920524,18.129956734920526
7564,5,16.371428,37.553735671674346,21.182307671674344
7565,5,12.698148,39.33315564199866,26.63500764199866
7566,5,14.904348,33.74118234861671,18.836834348616712
7567,5,13.636842,32.057179390281206,18.420337390281205
7568,5,19.031579,36.86490600653302,17.83332700653302
7569,5,23.521429,33.52454424697789,10.003115246977888
7570,3,20.225806,28.258166000182896,8.032360000182898
7571,3,22.266667,30.88927207419126,8.62260507419126
7572,3,18.342105,25.551779800947855,7.209674800947855
7573,3,21.342857,36.397187988414515,15.054330988414517
7574,3,19.709524,28.148933052088292,8.439409052088294
7575,3,21.1375,27.864838772380686,6.727338772380687
7576,3,22.366666,24.111166997086514,1.744500997086515
7577,3,42.825,26.299905165921743,16.52509483407826
7578,3,44.1,31.017875528727917,13.082124471272085
7579,3,46.242857,34.022104866568085,12.220752133431915
7580,4,15.155556,30.772702241176702,15.617146241176702
7581,4,15.933333,39.091527487723184,23.158194487723186
7582,4,24.025,30.98656811125299,6.961568111252991
7583,4,16.446429,25.850250230269445,9.403821230269447
7584,4,15.237778,26.99831573533141,11.76053773533141
7585,4,19.107143,34.10553314861233,14.99839014861233
7586,4,27.552,32.144295721376,4.592295721375997
7587,4,22.925,37.15498214145944,14.229982141459441
7588,4,17.15,35.0932934980473,17.943293498047304
7589,4,11.04,29.051712338218337,18.011712338218338
7590,4,17.006667,27.043108443739527,10.036441443739527
7591,4,13.853846,29.88780255679125,16.03395655679125
7592,4,15.930769,33.188936397654174,17.258167397654177
7593,4,15.038095,28.409395882230665,13.371300882230665
7594,4,13.10641,28.46812471913881,15.36171471913881
7595,4,19.585,27.192657429341658,7.607657429341657
7596,3,15.35,22.518798212913488,7.168798212913488
7597,3,57.242857,27.032352616577285,30.210504383422716
7598,3,60.514286,27.267004800089055,33.247281199910944
7599,3,54.500001,34.8909374215944,19.609063578405596
7600,3,59.354546,36.82695287609474,22.527593123905262
7601,3,55.166667,35.53712436104518,19.629542638954817
7602,3,62.409999,36.97568612377832,25.434312876221682
7603,3,55.554546,35.82203728082975,19.732508719170255
7604,3,65.061539,37.73696526287338,27.324573737126613
7605,2,42.086666,40.819633825648744,1.2670321743512574
7606,2,31.733334,39.646417721357935,7.9130837213579355
7607,2,32.5,44.18747323940684,11.687473239406842
7608,5,35.818518,36.20681307587939,0.38829507587939105
7609,5,41.5,32.24229551799768,9.257704482002318
7610,5,31.685185,37.05665398168641,5.371468981686409
7611,5,32.84,37.55476825627699,4.714768256276983
7612,5,33.833335,37.607505712273635,3.774170712273637
7613,5,3.246753,28.64818831482458,25.40143531482458
7614,5,9.521453,29.675727850480627,20.154274850480626
7615,5,2.041322,37.36879253897988,35.32747053897988
7616,5,7.4675,22.782829699717084,15.315329699717083
7617,5,3.868293,22.783238267447224,18.914945267447223
7618,5,6.62093,23.165961487638356,16.545031487638354
7619,5,10.505498,23.791256179387474,13.285758179387475
7620,5,28.378261,24.216594436573743,4.161666563426255
7621,5,20.790323,24.06762340626504,3.277300406265038
7622,5,26.825,25.558709868083046,1.2662901319169535
7623,5,24.086957,28.58166973785149,4.49471273785149
7624,5,26.1,27.84186107287205,1.741861072872048
7625,1,23.810714,27.924998551183077,4.114284551183076
7626,1,22.393548,29.27303032321687,6.87948232321687
7627,1,28.021739,30.729950155280704,2.708211155280704
7628,1,39.711764,29.62404020129632,10.087723798703681
7629,1,31.72,29.310620156360457,2.4093798436395417
7630,1,42.257143,30.233219924640967,12.023923075359033
7631,1,40.833333,29.40560534341644,11.427727656583563
7632,1,41.56,29.472076682709215,12.087923317290787
7633,5,51.307142,38.99488315626275,12.312258843737247
7634,5,56.199999,39.91981048002659,16.280188519973407
7635,5,45.075,30.07179962435421,15.003200375645793
7636,5,31.81875,38.94002613319242,7.121276133192417
7637,5,31.946667,39.959290038858555,8.012623038858553
7638,5,58.3,35.536465932683846,22.76353406731615
7639,5,58.03,33.96514711718054,24.06485288281946
7640,4,38.595238,30.63995751413246,7.955280485867544
7641,4,48.892857,47.83212651226456,1.0607304877354409
7642,4,40.646154,49.98227730015836,9.336123300158356
7643,4,32.375,36.78870091948182,4.413700919481819
7644,4,30.706667,41.75239861987059,11.04573161987059
7645,4,29.128572,36.66845331243687,7.539881312436869
7646,4,31.366667,34.46136823595461,3.0947012359546093
7647,4,27.1,28.264245705735306,1.1642457057353042
7648,4,32.299999,31.652162337082082,0.6478366629179177
7649,4,28.005556,33.54720744285103,5.541651442851034
7650,4,58.852631,32.6585505754345,26.194080424565506
7651,4,53.383334,33.69199482472197,19.69133917527803
7652,4,53.3375,36.80730740413863,16.530192595861365
7653,4,56.7,38.81371611897599,17.886283881024013
7654,4,47.4375,37.65455500820306,9.782944991796938
7655,4,54.875,37.333729973058105,17.541270026941895
7656,4,44.482353,35.5651930167169,8.917159983283106
7657,4,48.416667,36.246634539945276,12.17003246005472
7658,4,49.693333,37.75139071426439,11.941942285735614
7659,2,43.06,35.54843632510421,7.51156367489579
7660,2,53.684616,38.93873519956286,14.745880800437135
7661,2,47.09375,35.73411658919621,11.359633410803788
7662,2,34.900002,37.00114630360013,2.1011443036001296
7663,2,35.700001,39.15303675838134,3.45303575838134
7664,2,31.38421,38.27449722770385,6.890287227703848
7665,2,31.266667,34.28603695904815,3.019369959048145
7666,2,35.599998,38.40392508853108,2.8039270885310827
7667,2,31.206667,37.13821288007192,5.931545880071919
7668,2,27.7,39.54974509099014,11.849745090990144
7669,2,26.419048,37.33227882919885,10.913230829198849
7670,2,28.656522,34.95714408533924,6.3006220853392385
7671,2,34.099998,31.03391119997864,3.0660868000213597
7672,2,41.681081,31.842501810334525,9.838579189665474
7673,2,23.16,39.03745992226257,15.87745992226257
7674,2,36.788889,37.35313728137618,0.5642482813761802
7675,2,23.833333,33.64215948982131,9.80882648982131
7676,4,44.048148,25.316639029895537,18.73150897010446
7677,4,32.785,33.29647911295855,0.5114791129585541
7678,4,35.111765,29.86078023375932,5.250984766240677
7679,4,22.727778,29.776313291432395,7.048535291432394
7680,4,20.936842,34.53724854003231,13.60040654003231
7681,1,24.369697,34.77715253735943,10.407455537359429
7682,1,23.975,27.313059301493254,3.338059301493253
7683,1,22.068965,31.21965037196683,9.15068537196683
7684,1,21.516,31.091199018865815,9.575199018865817
7685,1,22.177273,29.51963656477873,7.342363564778729
7686,1,22.013043,27.56749711628347,5.55445411628347
7687,1,21.625,25.748527194594615,4.123527194594615
7688,1,22.31,27.633509365381183,5.3235093653811845
7689,1,21.433333,26.05898949055048,4.62565649055048
7690,1,22.111111,38.49021951659414,16.379108516594137
7691,1,22.036,25.673242515771896,3.637242515771895
7692,1,18.837037,28.379596322245426,9.542559322245427
7693,1,21.673809,35.00105584887636,13.327246848876364
7694,1,21.492308,29.276492255575597,7.784184255575596
7695,1,20.359184,24.033675095891205,3.674491095891206
7696,1,19.620455,24.59354029461658,4.973085294616581
7697,1,20.794444,26.758139860099163,5.963695860099165
7698,1,20.0625,24.713338288482024,4.650838288482024
7699,1,38.4,26.672798251803954,11.727201748196045
7700,1,34.452632,26.601797068114763,7.850834931885238
7701,1,36.600001,27.01093144348755,9.589069556512449
7702,1,37.464706,36.48878488924751,0.9759211107524877
7703,4,28.571429,39.68362484652438,11.112195846524383
7704,4,46.930769,38.84692043421677,8.083848565783228
7705,4,34.205,34.15734149323488,0.04765850676511718
7706,4,33.292308,29.648650021711518,3.6436579782884806
7707,3,30.621429,37.29683886444448,6.675409864444482
7708,4,31.596774,35.43621016962459,3.8394361696245873
7709,4,32.073333,26.485822794311595,5.587510205688403
7710,4,30.722222,32.73328857512536,2.0110665751253585
7711,4,48.416667,31.932513637246743,16.484153362753254
7712,4,43.35,38.1901001633747,5.1598998366253
7713,4,29.145454,30.417654921875084,1.2722009218750827
7714,3,30.033333,33.50847827966172,3.4751452796617244
7715,3,28.1,32.07730610362572,3.977306103625722
7716,3,33.7,25.441092819868132,8.258907180131871
7717,3,55.522222,23.82004139594507,31.70218060405493
7718,3,36.585714,23.89547300027104,12.690240999728964
7719,3,46.763636,23.48135653547424,23.282279464525757
7720,3,49.022222,34.997396982374006,14.024825017625993
7721,2,41.973333,29.848618902857623,12.124714097142373
7722,2,53.014285,38.73285016816066,14.281434831839341
7723,2,29.803333,37.37594652533613,7.572613525336134
7724,2,24.6375,32.26141180542218,7.623911805422178
7725,2,45.333333,31.42715232212641,13.906180677873593
7726,2,39.62,28.569155603353586,11.050844396646411
7727,2,43.40625,28.591221710943593,14.815028289056407
7728,2,44.049999,35.65444398721887,8.39555501278113
7729,2,22.264706,33.52873156853036,11.26402556853036
7730,5,24.117241,41.79037559758869,17.673134597588692
7731,5,25.245455,35.02282537528951,9.777370375289507
7732,5,25.566666,31.23473454808469,5.668068548084687
7733,5,24.578571,29.09911241605152,4.520541416051518
7734,3,22.495454,34.34169275672984,11.846238756729843
7735,3,23.4125,38.19998796833709,14.78748796833709
7736,3,21.977777,30.286183040670878,8.308406040670878
7737,3,22.833333,29.660128921580338,6.826795921580338
7738,3,22.252174,34.44559652595062,12.19342252595062
7739,3,21.791667,34.64521504579952,12.853548045799517
7740,3,23.175,36.729096707071875,13.554096707071874
7741,3,23.147368,33.596312710011546,10.448944710011546
7742,3,33.439999,29.569127384000993,3.8708716159990075
7743,3,35.05,29.91830782197958,5.131692178020415
7744,3,28.6375,32.74022513889839,4.102725138898389
7745,3,34.38,35.20409204712173,0.8240920471217308
7746,3,35.175,35.746774019738126,0.5717740197381289
7747,2,34.033333,27.651264740064477,6.382068259935522
7748,2,33.39091,36.665673778098444,3.274763778098446
7749,2,25.071429,34.521957844055166,9.450528844055167
7750,2,36.974999,33.42790558435202,3.5470934156479785
7751,2,28.075,35.06799654790264,6.992996547902639
7752,2,22.527273,26.857275548208232,4.330002548208231
7753,2,30.730769,33.952808654212454,3.2220396542124554
7754,2,30.707143,36.64443855957063,5.937295559570632
7755,2,32.79,25.832950203283808,6.957049796716191
7756,2,29.746667,33.49812220396164,3.751455203961644
7757,5,27.985714,28.24508861181264,0.259374611812639
7758,5,20.772152,35.24907951454333,14.476927514543334
7759,5,28.09375,28.425916004183797,0.33216600418379727
7760,5,27.909756,33.71344552213753,5.803689522137532
7761,3,23.826667,19.010373549970936,4.816293450029065
7762,3,25.7775,20.020193239825666,5.757306760174334
7763,3,22.48,20.595627802447616,1.8843721975523842
7764,3,1.451429,19.379597585119633,17.928168585119632
7765,3,1.143158,20.996345393495055,19.853187393495055
7766,2,1.396498,27.214553210733257,25.818055210733256
7767,2,1.215315,24.442119634776226,23.226804634776226
7768,2,1.367213,22.045158395717632,20.677945395717632
7769,2,1.432468,23.544249297448275,22.111781297448275
7770,2,2.080055,22.007578625115993,19.92752362511599
7771,2,1.052874,22.266346409068095,21.213472409068096
7772,2,1.234025,21.45530813296612,20.22128313296612
7773,2,1.3,24.480570152888994,23.180570152888993
7774,1,28.214286,21.74265887105227,6.4716271289477305
7775,1,36.799999,21.55359105890248,15.24640794109752
7776,1,29.758823,20.93514761730261,8.823675382697388
7777,1,33.8,28.95027246019228,4.849727539807716
7778,1,30.799999,33.17880684302987,2.3788078430298683
7779,1,29.15,31.48620170271304,2.3362017027130406
7780,3,33.405263,38.61739201037061,5.21212901037061
7781,3,34.442857,36.01450580137272,1.5716488013727243
7782,3,33.541667,36.921950876490925,3.380283876490928
7783,3,32.575,37.690718845110545,5.115718845110543
7784,3,32.753846,36.17178327856529,3.41793727856529
7785,3,35.500001,39.41294510423275,3.91294410423275
7786,3,33.66,28.376928226009,5.283071773990997
7787,3,29.641177,33.161740747865046,3.5205637478650473
7788,3,30.646666,37.021057165580885,6.374391165580885
7789,5,30.163158,38.78061339768353,8.617455397683532
7790,5,42.800001,32.89454641209517,9.905454587904835
7791,5,43.577777,31.023874282845682,12.553902717154315
7792,5,42.223529,29.4838216717787,12.7397073282213
7793,5,41.446666,38.951299355266,2.4953666447339984
7794,5,40.525,32.429231999969495,8.095768000030503
7795,5,41.650002,33.510870691812556,8.139131308187444
7796,3,42.199999,33.75027454800096,8.449724451999039
7797,3,41.93,35.18323257157443,6.746767428425571
7798,3,30.114286,35.608579633007125,5.494293633007125
7799,3,30.080645,33.768261639142224,3.687616639142224
7800,3,28.227273,28.2974354505501,0.07016245055010017
7801,3,27.416667,28.804453917325077,1.3877869173250765
7802,3,27.633333,30.023355866207684,2.3900228662076834
7803,3,26.016667,30.55548767260883,4.5388206726088285
7804,3,28.314286,30.594076800665828,2.279790800665829
7805,3,28.85625,26.976585203978512,1.879664796021487
7806,3,28.028571,28.258013181903003,0.22944218190300347
7807,3,30.6,31.405503970821943,0.8055039708219418
7808,3,28.185714,25.657949598900238,2.5277644010997626
7809,3,28.263636,33.20634443213336,4.942708432133362
7810,3,21.828571,34.893901031746296,13.065330031746296
7811,3,21.6125,31.63896236754182,10.026462367541818
7812,3,19.905406,32.805485906406275,12.900079906406276
7813,3,22.235714,26.6960076302681,4.460293630268097
7814,5,21.95,23.66190557082702,1.711905570827021
7815,5,22.252632,24.434800817203467,2.1821688172034683
7816,5,20.822222,24.438672581272726,3.6164505812727263
7817,5,21.808,24.571075646937828,2.7630756469378284
7818,5,21.507407,26.16782538567539,4.6604183856753885
7819,5,17.584615,25.682585487124314,8.097970487124314
7820,5,35.894445,24.796569906299,11.097875093701
7821,5,36.809091,26.09945823515673,10.70963276484327
7822,5,32.190909,26.396310789710192,5.794598210289806
7823,5,29.166667,37.23592294723231,8.06925594723231
7824,5,33.716666,40.381577865638796,6.6649118656388
7825,5,37.9,30.854372846624557,7.045627153375442
7826,5,47.14,30.718715365752075,16.421284634247925
7827,5,48.944,30.7096830624223,18.234316937577702
7828,5,39.633333,36.12575943782252,3.507573562177477
7829,5,35.752,38.47151477952447,2.7195147795244665
7830,5,50.036364,40.67577165556742,9.360592344432582
7831,2,45.379167,39.47568424773328,5.903482752266726
7832,2,35.242105,32.613025930698896,2.629079069301106
7833,2,28.409091,39.85259656431028,11.443505564310282
7834,2,48.958333,38.82192011155083,10.136412888449172
7835,2,45.2625,35.831057055397316,9.431442944602686
7836,2,35.840741,28.501968571875196,7.3387724281248055
7837,2,33.483333,41.92346007407168,8.440127074071675
7838,2,38.3,42.15100045349901,3.8510004534990117
7839,2,38.525,30.501536037608403,8.023463962391595
7840,2,40.336363,41.54835478285563,1.211991782855634
7841,2,34.641177,40.022482744318616,5.381305744318617
7842,2,22.533333,40.61390281905327,18.080569819053274
7843,1,31.800001,32.40861798474744,0.6086169847474352
7844,1,23.153846,37.182712969105665,14.028866969105664
7845,1,30.200001,37.97446253278109,7.774461532781089
7846,1,23.135294,37.19309436212017,14.057800362120172
7847,1,22.538461,29.329297810819668,6.790836810819666
7848,1,27.492308,40.17006825904222,12.677760259042216
7849,1,30.0,31.529395674280522,1.5293956742805221
7850,1,25.418182,31.191987458035314,5.773805458035312
7851,1,22.3125,35.35395599581372,13.04145599581372
7852,1,22.915385,37.952370691743674,15.036985691743673
7853,2,19.373913,38.98422645047036,19.610313450470358
7854,2,20.35,39.49075894779682,19.14075894779682
7855,2,17.184615,27.561574737197223,10.376959737197222
7856,2,19.327273,25.437742095190863,6.110469095190862
7857,2,21.918182,28.74492331390985,6.826741313909849
7858,2,18.527273,26.28845311651734,7.7611801165173375
7859,4,21.016667,27.088261746715965,6.071594746715963
7860,4,18.395833,26.2584768152366,7.862643815236602
7861,4,15.01,30.147321914257013,15.137321914257013
7862,4,17.054762,26.309515986358036,9.254753986358036
7863,4,19.711111,26.6054666383329,6.8943556383329
7864,4,28.6,27.73684850476755,0.8631514952324508
7865,4,17.847059,28.433606787171005,10.586547787171003
7866,4,20.025,29.276724789680376,9.251724789680377
7867,4,25.9,34.61336980546223,8.713369805462229
7868,4,17.489286,27.490689139583303,10.001403139583303
7869,4,39.3875,36.88283417960375,2.504665820396255
7870,5,38.57,32.56599142888796,6.004008571112038
7871,5,37.700001,26.859219147538575,10.840781852461426
7872,5,31.6,34.88221560371412,3.2822156037141212
7873,5,26.8,35.98851027595614,9.188510275956137
7874,5,24.89,35.00447155270482,10.11447155270482
7875,1,33.800001,37.39910151228678,3.5991005122867747
7876,1,30.525,29.517996684906414,1.0070033150935842
7877,1,52.15,42.704829514065096,9.445170485934902
7878,1,43.512,39.60210983632,3.9098901636800036
7879,1,47.728571,42.21127308174945,5.517297918250556
7880,1,47.625,38.423848960078374,9.201151039921626
7881,1,54.353847,35.33661375630466,19.017233243695344
7882,1,53.985715,38.31622446057038,15.669490539429617
7883,1,23.3625,43.63773011738722,20.27523011738722
7884,1,23.375,38.52300720020146,15.148007200201462
7885,1,26.252174,36.83182945795135,10.57965545795135
7886,1,22.917391,38.66445344357592,15.747062443575924
7887,1,25.935714,26.56848834314848,0.6327743431484798
7888,1,26.1,29.96089255854109,3.8608925585410887
7889,1,26.246667,31.151520390902256,4.904853390902257
7890,1,22.25,26.589930476449457,4.339930476449457
7891,1,20.233334,38.51406859066207,18.28073459066207
7892,1,24.633333,31.30500786631174,6.67167486631174
7893,2,20.6,34.868357832711354,14.268357832711352
7894,2,21.099999,27.77936943806524,6.679370438065238
7895,2,32.093333,34.221715200469305,2.1283822004693036
7896,2,23.058537,27.76905042889478,4.710513428894778
7897,2,27.873846,26.937156685860117,0.9366893141398833
7898,2,27.82625,22.974044965815914,4.852205034184088
7899,2,29.56,25.238585029427895,4.321414970572103
7900,2,25.509091,24.468645141408615,1.0404458585913865
7901,2,26.157576,23.803909211329653,2.3536667886703455
7902,4,29.391429,28.268387284535045,1.1230417154649537
7903,4,29.34,28.761646953739536,0.5783530462604638
7904,4,23.9,30.752978335420742,6.852978335420744
7905,4,29.860784,28.306033957441265,1.5547500425587337
7906,1,28.257895,32.02080767330472,3.7629126733047222
7907,1,27.125,31.74397976844414,4.618979768444142
7908,1,25.0225,28.769721486734085,3.747221486734084
7909,1,25.7,28.701692529843974,3.001692529843975
7910,1,24.568182,29.848753289180564,5.280571289180564
7911,5,19.018966,29.095806237507126,10.076840237507128
7912,5,27.8,30.52595253250572,2.725952532505719
7913,5,24.175,27.80220470107644,3.6272047010764403
7914,5,22.328205,28.120659355535913,5.792454355535913
7915,5,21.058333,37.3636127500485,16.305279750048502
7916,5,28.6,28.115847238312107,0.4841527616878949
7917,5,23.875,29.428247687218892,5.553247687218892
7918,4,18.133333,31.61001605930048,13.47668305930048
7919,4,24.497826,38.95538318648607,14.457557186486067
7920,4,26.4,36.144810294186485,9.744810294186486
7921,4,24.304348,35.08139056722449,10.777042567224488
7922,4,19.44321,31.284863786579713,11.841653786579712
7923,4,25.962963,30.54783991807856,4.58487691807856
7924,4,25.055556,31.19425608287584,6.13870008287584
7925,1,24.582353,24.668521493634636,0.0861684936346343
7926,1,26.033333,31.514588482532943,5.481255482532944
7927,1,27.892857,28.405258232003895,0.5124012320038958
7928,1,25.12,27.066583893549208,1.9465838935492066
7929,1,24.7,25.108271242916167,0.4082712429161681
7930,4,26.725641,28.32441286887218,1.5987718688721806
7931,4,24.84,33.93901998068033,9.099019980680328
7932,4,25.5875,29.896947455395505,4.309447455395507
7933,4,24.8375,27.681159412887222,2.8436594128872237
7934,4,24.94,32.554502687916276,7.614502687916275
7935,4,27.883333,27.35766681851446,0.5256661814855406
7936,4,25.55,28.03170245098591,2.4817024509859102
7937,4,26.35625,29.037423513306106,2.6811735133061063
7938,4,25.654839,28.133746457033133,2.4789074570331344
7939,4,22.392308,29.321555606730996,6.929247606730996
7940,4,23.936364,37.57430232734366,13.637938327343658
7941,4,23.413044,35.75102612137641,12.337982121376413
7942,1,24.073333,28.15397074707425,4.080637747074249
7943,1,23.261539,29.776419311242137,6.514880311242138
7944,1,22.891667,30.274639139421893,7.3829721394218915
7945,1,23.280952,40.65721614050609,17.376264140506088
7946,1,24.4,30.56546564747485,6.16546564747485
7947,1,24.272414,28.724662357891876,4.452248357891875
7948,1,22.24,31.463282265402384,9.223282265402386
7949,1,25.073913,35.04120709308219,9.967294093082192
7950,1,24.433333,28.79371412138419,4.36038112138419
7951,1,21.545,30.184275629186345,8.639275629186344
7952,1,23.03913,32.749008843092696,9.709878843092696
7953,1,21.25,28.62967238131941,7.379672381319409
7954,1,24.325,30.21040331707953,5.885403317079529
7955,1,23.338461,35.72553796088493,12.38707696088493
7956,1,21.2125,28.551245215677596,7.338745215677598
7957,1,22.542857,29.44295803283391,6.900101032833909
7958,2,23.442857,31.429026268551667,7.9861692685516665
7959,2,28.275758,30.748403085436372,2.4726450854363726
7960,2,27.580952,37.34860889584108,9.767656895841082
7961,2,27.4,28.957659372688617,1.5576593726886188
7962,2,27.675,32.525695564287446,4.850695564287445
7963,2,43.333333,30.660201848553974,12.673131151446029
7964,2,34.99,32.06988973918331,2.920110260816692
7965,2,38.799999,40.17139130621253,1.3713923062125275
7966,2,38.955555,38.24404764103841,0.7115073589615903
7967,2,28.35946,37.42796223039853,9.06850223039853
7968,2,35.049999,43.637516800088605,8.587517800088605
7969,2,40.199999,41.01873922057383,0.8187402205738294
7970,2,39.415789,31.396723679703555,8.019065320296441
7971,2,37.547059,40.355074344360226,2.8080153443602285
7972,2,41.061539,41.715349600454594,0.6538106004545909
7973,2,39.7,41.16962672478188,1.4696267247818753
7974,2,38.9,39.69002577781155,0.7900257778115503
7975,2,42.547222,40.684515449210124,1.8627065507898735
7976,2,33.5,40.24342581389057,6.743425813890568
7977,2,25.76,42.997248801891566,17.237248801891564
7978,2,27.053846,39.03755198086471,11.983705980864713
7979,2,27.111111,39.610120436528824,12.499009436528823
7980,2,29.542308,28.49304693464113,1.0492610653588699
7981,2,29.025,27.40602866615768,1.6189713338423175
7982,2,26.783333,26.825584924319934,0.04225192431993463
7983,2,25.846667,28.427222406613595,2.5805554066135947
7984,2,26.69,42.17307621226846,15.483076212268461
7985,2,24.510345,34.24513558611689,9.734790586116887
7986,2,24.85,26.906227876592688,2.0562278765926862
7987,2,24.01875,35.40206238964241,11.383312389642409
7988,2,26.722222,26.921537597120885,0.19931559712088642
7989,2,26.565517,27.519462568867525,0.9539455688675247
7990,2,28.611111,26.09453917943371,2.5165718205662913
7991,2,26.121875,29.442649916820635,3.3207749168206355
7992,2,25.0,29.149686683588286,4.1496866835882855
7993,2,20.803571,31.131570937099802,10.3279999370998
7994,3,17.128571,24.019878728480418,6.891307728480417
7995,3,23.493333,24.12461216418012,0.6312791641801212
7996,3,22.553571,36.1200367411468,13.566465741146796
7997,3,21.621428,22.710811172764373,1.0893831727643715
7998,4,22.376923,33.00112078435427,10.62419778435427
7999,4,19.910526,28.88059774552429,8.97007174552429
8000,4,20.078261,29.867082468541476,9.788821468541475
8001,4,22.014286,31.775398626448474,9.761112626448476
8002,4,20.787097,29.985764961168123,9.198667961168123
8003,4,19.990476,40.48927689902618,20.49880089902618
8004,4,22.799999,35.68691982637176,12.886920826371764
8005,1,20.757143,30.844245178851253,10.087102178851254
8006,1,19.700001,24.013859958059264,4.313858958059264
8007,1,21.8,35.506121802653226,13.706121802653225
8008,1,23.5,40.02008631759961,16.520086317599613
8009,1,20.45,32.599164389708314,12.149164389708314
8010,1,22.184211,37.78804879145885,15.603837791458847
8011,1,21.9,38.82188133859427,16.921881338594268
8012,1,21.5,35.695904577528594,14.195904577528594
8013,3,20.727272,32.82981188440796,12.10253988440796
8014,3,4.3928,33.89663618628124,29.50383618628124
8015,3,11.36,34.287192098902935,22.927192098902935
8016,3,21.222641,25.18251742570659,3.9598764257065895
8017,3,19.439231,13.934398022227793,5.504832977772207
8018,3,18.313889,18.327778700008384,0.013889700008384409
8019,3,19.941463,16.053038970362625,3.888424029637374
8020,3,8.936111,16.48783778721866,7.551726787218659
8021,2,13.612963,18.74863362714327,5.13567062714327
8022,2,8.661364,18.44736811123525,9.786004111235249
8023,2,2.697333,19.87763157871813,17.18029857871813
8024,2,20.891892,18.8230031315156,2.0688888684844002
8025,2,5.657143,20.20048184844199,14.543338848441989
8026,2,7.668571,20.132079742701162,12.463508742701162
8027,2,11.622609,18.379836468748202,6.7572274687482015
8028,2,12.469231,20.110915524581166,7.641684524581166
8029,3,2.519549,23.506894381192076,20.987345381192075
8030,3,23.076923,26.339707463442416,3.262784463442415
8031,3,7.054569,24.35823381896169,17.30366481896169
8032,3,43.2,25.160437770579428,18.039562229420575
8033,3,40.088889,23.2312911436062,16.857597856393802
8034,3,45.447369,26.391529724340444,19.055839275659558
8035,3,43.485714,37.091231295471104,6.394482704528897
8036,3,48.666667,34.56425032468064,14.102416675319354
8037,3,34.606452,37.30617062218174,2.6997186221817415
8038,5,26.022857,36.446598353503504,10.423741353503505
8039,5,38.258824,35.417111190222464,2.8417128097775333
8040,5,44.400002,31.712733424980023,12.687268575019978
8041,5,42.241667,23.910949197685856,18.330717802314144
8042,5,21.435294,35.395637974571265,13.960343974571266
8043,5,21.752941,28.00305389955478,6.250112899554779
8044,5,22.177273,22.72903273871577,0.55175973871577
8045,5,25.475,23.51827648495349,1.9567235150465123
8046,5,23.146667,23.74366583157351,0.596998831573508
8047,5,22.235,36.28797517230212,14.05297517230212
8048,5,22.88125,23.10933193590632,0.2280819359063173
8049,5,24.55,24.558698369626175,0.008698369626173985
8050,3,23.485714,22.63974221931298,0.8459717806870231
8051,3,21.923077,25.50299950054492,3.579922500544921
8052,3,23.261538,31.17694623904986,7.91540823904986
8053,3,21.513333,25.25511771787724,3.741784717877241
8054,3,12.85,28.90380651068496,16.053806510684957
8055,3,9.653846,25.700814663265973,16.04696866326597
8056,3,15.542368,25.462325109680044,9.919957109680045
8057,3,8.504762,18.767836038782757,10.263074038782758
8058,3,4.595238,23.68801339119232,19.09277539119232
8059,3,9.29589,19.826980027080797,10.531090027080797
8060,3,10.940217,19.211500839574818,8.271283839574817
8061,3,15.0,20.696613163455424,5.6966131634554245
8062,3,6.852632,20.66328380411172,13.810651804111721
8063,3,7.609091,14.43672671183668,6.82763571183668
8064,3,6.972222,23.26509220654043,16.292870206540428
8065,3,4.264,19.709573015456165,15.445573015456166
8066,3,7.82,19.017277785211302,11.197277785211302
8067,3,22.9,17.72189553519971,5.178104464800288
8068,5,23.200001,25.4879603193429,2.2879593193428995
8069,5,21.9,33.380730464021426,11.480730464021427
8070,5,21.835714,38.20567751174791,16.36996351174791
8071,5,22.63125,33.376457967854236,10.745207967854235
8072,2,22.271428,32.99116551919611,10.719737519196109
8073,2,25.904348,31.486335877703766,5.581987877703767
8074,2,27.093103,27.700312534673714,0.6072095346737143
8075,2,25.558333,28.69084006186995,3.1325070618699478
8076,2,27.07619,28.389580214653684,1.3133902146536833
8077,2,27.096,27.03552749571658,0.0604725042834211
8078,5,25.341176,28.015970603879094,2.674794603879093
8079,5,24.291667,30.530718279924038,6.239051279924038
8080,5,52.525,28.527087856983854,23.997912143016144
8081,5,51.050001,28.744654944274394,22.305346055725607
8082,5,53.956249,39.24977389750795,14.70647510249205
8083,5,51.533333,36.59715282658688,14.93618017341312
8084,5,53.428571,36.53231793667932,16.896253063320678
8085,5,51.118181,38.59692586094166,12.52125513905834
8086,5,51.644445,37.268751576856786,14.375693423143211
8087,5,33.066667,37.306202499189965,4.239535499189962
8088,5,33.66,35.18159964739145,1.5215996473914544
8089,5,33.585715,40.931727072650865,7.346012072650865
8090,2,33.566667,44.75022938348261,11.18356238348261
8091,2,33.487499,29.522723111565167,3.9647758884348328
8092,2,34.22,35.44376719667784,1.2237671966778407
8093,2,33.939999,35.658973747949005,1.7189747479490052
8094,2,33.933333,32.17281331698475,1.7605196830152465
8095,2,31.009524,35.6309997066305,4.621475706630498
8096,2,23.427778,37.48943111483527,14.06165311483527
8097,2,25.064286,35.55415244935663,10.48986644935663
8098,2,25.38,23.915890877314737,1.4641091226852616
8099,2,22.895,28.038920444365196,5.143920444365197
8100,2,24.152381,26.519600020193188,2.3672190201931897
8101,2,28.5,24.020223686489544,4.479776313510456
8102,2,28.5,27.36322301183848,1.1367769881615217
8103,5,31.345454,28.85713992884398,2.4883140711560188
8104,5,25.89375,32.090659051538545,6.196909051538544
8105,5,31.716666,31.756784122939067,0.04011812293906658
8106,5,26.835714,27.195453695073915,0.359739695073916
8107,2,23.869231,30.54257939249286,6.673348392492862
8108,2,25.78,23.712255775715477,2.0677442242845245
8109,2,25.895455,24.458525017655248,1.4369299823447506
8110,1,26.633333,38.244748379177686,11.611415379177686
8111,1,25.294737,36.8966697552528,11.6019327552528
8112,1,24.747619,40.51839435774275,15.77077535774275
8113,1,25.544444,30.28984331802816,4.745399318028163
8114,1,26.02,28.343504517880977,2.323504517880977
8115,1,26.957143,32.288160018612835,5.331017018612837
8116,1,24.244445,28.290250936654274,4.045805936654276
8117,5,28.3,40.690074911917456,12.390074911917456
8118,5,41.299999,29.799444276300715,11.500554723699285
8119,5,28.569565,37.952960753697866,9.383395753697865
8120,5,36.799999,37.203532429396084,0.4035334293960844
8121,5,32.1,31.6886962037983,0.4113037962017003
8122,5,32.164,38.855194578990044,6.691194578990043
8123,5,35.368421,33.55101519946452,1.8174058005354752
8124,2,34.715789,25.727837471681426,8.987951528318575
8125,2,41.0,30.210440186829736,10.789559813170264
8126,2,29.684616,33.68055591589869,3.9959399158986884
8127,2,34.0625,22.662239879588036,11.400260120411964
8128,2,32.195833,29.319767344205204,2.876065655794797
8129,2,35.766667,27.0209462342743,8.745720765725697
8130,2,30.766667,36.92667187897621,6.160004878976206
8131,2,29.736363,26.90548031312705,2.8308826868729504
8132,3,22.56,32.90611299476615,10.346112994766148
8133,4,36.975,27.696451107738724,9.278548892261277
8134,4,29.385,34.97515754978144,5.590157549781441
8135,4,26.3125,29.453195656235785,3.140695656235785
8136,4,27.15,30.4180431995596,3.268043199559603
8137,4,24.5,37.487811973613915,12.987811973613915
8138,4,22.616666,36.27161455115346,13.654948551153463
8139,4,22.200001,31.60133726847345,9.40133626847345
8140,4,26.299999,34.96249812939733,8.662499129397332
8141,4,20.5,38.27840050773637,17.77840050773637
8142,4,44.433333,38.38896878842151,6.04436421157849
8143,4,42.8125,36.10594004183198,6.706559958168022
8144,4,37.276923,36.3368506277547,0.9400723722452966
8145,5,34.55,30.792036202221865,3.7579637977781317
8146,5,42.370588,30.29094730326135,12.079640696738647
8147,5,39.611111,31.14323113592303,8.46787986407697
8148,5,43.636364,39.35946230177322,4.27690169822678
8149,5,40.378379,40.34049126998231,0.037887730017693855
8150,5,43.749999,31.490310568906274,12.259688431093728
8151,5,46.185,36.04951370383561,10.135486296164395
8152,5,21.106667,36.31208891308643,15.205421913086425
8153,5,46.890909,23.1447567083052,23.746152291694802
8154,5,46.582609,33.311311935574764,13.271297064425234
8155,5,16.866666,38.11565820689781,21.248992206897814
8156,5,12.91,26.51722979410976,13.60722979410976
8157,5,17.215385,25.750601620665176,8.535216620665175
8158,5,16.629412,26.20049964676658,9.571087646766582
8159,5,14.633334,25.14864837373294,10.51531437373294
8160,5,16.438889,24.609573934123304,8.170684934123305
8161,5,14.615385,31.786237065300497,17.170852065300497
8162,5,17.083333,23.181154856039058,6.097821856039058
8163,5,12.844444,28.21060647367828,15.36616247367828
8164,5,13.571429,23.367150888734358,9.795721888734358
8165,5,14.672,23.25335672127558,8.58135672127558
8166,5,15.236363,22.09701018760778,6.860647187607778
8167,1,12.78,25.315125376001255,12.535125376001256
8168,1,13.16,25.876570716164345,12.716570716164345
8169,1,15.4125,25.778149135538946,10.365649135538947
8170,1,17.192593,23.863518201549617,6.670925201549618
8171,1,32.610345,25.69872198900156,6.911623010998444
8172,1,24.867391,35.00818407855309,10.140793078553092
8173,5,29.28,24.283708803595474,4.996291196404528
8174,5,29.13871,32.396102632722545,3.2573926327225458
8175,5,30.4325,24.90298404274334,5.52951595725666
8176,5,33.799999,27.219961399718613,6.580037600281386
8177,5,26.282353,31.99139653663064,5.709043536630638
8178,5,23.670588,24.265174468505176,0.5945864685051774
8179,4,68.25,29.81878281262769,38.43121718737231
8180,4,67.75,45.7943031382452,21.955696861754802
8181,4,64.333333,43.685043180308014,20.648289819691982
8182,4,53.299999,43.22383194118633,10.076167058813667
8183,4,45.028572,42.817679512361764,2.210892487638233
8184,4,52.472728,44.521619630524725,7.951108369475271
8185,4,55.966668,46.58182506200939,9.384842937990605
8186,4,43.096429,43.482303569997896,0.3858745699978954
8187,4,64.549999,45.742288592400804,18.807710407599195
8188,3,63.619999,33.589809945231494,30.030189054768506
8189,3,61.275,36.49113491387781,24.78386508612219
8190,3,67.900002,33.99506396164192,33.90493803835808
8191,3,61.525,33.669449215972975,27.855550784027024
8192,4,57.525,42.51472935190043,15.01027064809957
8193,4,71.100002,44.14473823516846,26.955263764831543
8194,4,61.1875,36.741569633376685,24.445930366623315
8195,4,50.655556,38.57368378124343,12.081872218756565
8196,4,65.600001,27.520361259105478,38.07963974089453
8197,4,63.34,40.02598962716887,23.314010372831135
8198,4,62.675,35.73529311179345,26.939706888206544
8199,4,69.533333,39.77938249549565,29.753950504504346
8200,4,31.366667,36.126940544881414,4.760273544881414
8201,4,31.790909,36.12620588813006,4.33529688813006
8202,4,30.46,45.250475371847116,14.790475371847116
8203,4,23.682645,41.43002990278331,17.74738490278331
8204,4,26.875,19.55324146595096,7.321758534049039
8205,4,27.119231,28.899163820986786,1.7799328209867866
8206,4,20.397368,24.238135619294308,3.840767619294308
8207,4,25.558824,19.45399107164913,6.10483292835087
8208,1,35.033333,26.760091490547325,8.273241509452674
8209,1,28.684615,40.962426589019486,12.277811589019485
8210,1,35.514285,39.09323957251705,3.5789545725170484
8211,1,34.821053,37.17133756762156,2.3502845676215642
8212,1,35.570589,40.58720258531709,5.016613585317089
8213,1,25.745,33.98201787969674,8.23701787969674
8214,1,35.042857,31.12265702846168,3.9201999715383167
8215,1,33.665,35.99696536129436,2.3319653612943583
8216,4,32.0,32.27891746079348,0.2789174607934797
8217,4,32.275,36.46252435748,4.187524357480001
8218,4,34.5,35.92735733212393,1.4273573321239326
8219,4,33.590323,35.89124947668361,2.300926476683614
8220,4,29.468182,34.776170494479985,5.307988494479986
8221,4,34.909091,30.202307159158327,4.70678384084167
8222,4,30.273333,31.66888086562463,1.3955478656246285
8223,4,26.681081,38.83364300575556,12.152562005755563
8224,4,28.947143,26.85664971170815,2.0904932882918494
8225,4,37.233334,30.97442893510075,6.258905064899249
8226,4,38.754054,38.2895330958724,0.46452090412759617
8227,4,35.690909,38.49399385537234,2.80308485537234
8228,4,34.271429,33.977502895027385,0.29392610497261273
8229,4,39.666668,40.0078244964962,0.34115649649619684
8230,4,48.27,36.204037783398,12.065962216602003
8231,4,49.8,38.510916261833124,11.289083738166873
8232,4,45.872727,40.379831707798466,5.492895292201531
8233,4,45.645833,33.06966662477153,12.576166375228475
8234,4,46.727273,34.290239948381426,12.43703305161857
8235,4,50.568,37.98362377719012,12.58437622280988
8236,4,49.616666,34.0539847629824,15.5626812370176
8237,4,53.983334,33.237991545743355,20.745342454256644
8238,2,46.164706,28.579254930904607,17.585451069095395
8239,2,53.83,24.45692042463505,29.373079575364947
8240,2,37.460869,27.695808860995314,9.765060139004689
8241,4,35.167857,36.083239324404545,0.9153823244045469
8242,4,29.4375,34.79947250703694,5.361972507036938
8243,4,31.67,33.18865194030231,1.5186519403023055
8244,4,25.55614,36.80049779888874,11.244357798888743
8245,4,34.582143,30.549744103930575,4.032398896069427
8246,4,27.981482,35.48393524799461,7.502453247994609
8247,4,31.116129,35.40053329995226,4.284404299952257
8248,4,25.633846,34.51316430989054,8.879318309890543
8249,4,21.848077,33.864185135352514,12.016108135352514
8250,4,31.196552,31.798534052709154,0.601982052709154
8251,4,36.310204,32.11006985623298,4.200134143767016
8252,2,31.741667,36.8613678295455,5.119700829545501
8253,2,31.6,37.815352960653314,6.215352960653313
8254,2,30.916667,38.23877512302379,7.322108123023792
8255,2,31.608333,38.06138774994501,6.453054749945014
8256,2,30.535714,39.79165672207303,9.25594272207303
8257,2,20.551818,39.53039827702807,18.97858027702807
8258,2,21.240854,26.07719069086489,4.83633669086489
8259,2,33.233099,22.45835497221441,10.774744027785594
8260,2,19.3,26.40453405711372,7.104534057113721
8261,2,22.726106,26.47498274681928,3.7488767468192776
8262,2,30.212883,24.280668123489242,5.932214876510759
8263,4,20.169014,26.728179497316056,6.559165497316055
8264,4,22.67,26.61632851680462,3.94632851680462
8265,4,28.95,36.61614953357349,7.666149533573492
8266,4,24.057895,37.896118559527174,13.838223559527176
8267,4,27.200001,35.6020606205154,8.402059620515402
8268,1,23.422222,37.12010263071743,13.697880630717432
8269,1,22.8,30.024000889542833,7.2240008895428325
8270,1,26.3,30.320710259766635,4.020710259766634
8271,1,22.017647,37.150383514520215,15.132736514520214
8272,1,26.425,25.03455192042086,1.3904480795791407
8273,5,58.936363,29.38367448769259,29.55268851230741
8274,5,53.606667,33.24400398032649,20.362663019673512
8275,5,55.52,34.79525137585556,20.724748624144446
8276,5,53.533334,35.04456712087506,18.488766879124945
8277,5,53.79,34.84677636167979,18.943223638320212
8278,3,55.564706,35.28164902553671,20.283056974463292
8279,3,44.75,35.749818273565154,9.000181726434846
8280,4,44.85,35.85191574060599,8.998084259394012
8281,4,42.508333,42.20847367731385,0.299859322686153
8282,4,44.275,44.115984557699875,0.15901544230012377
8283,4,43.581818,41.79748097791495,1.7843370220850474
8284,4,42.004762,44.410154211044066,2.4053922110440666
8285,4,30.54,27.70338614456542,2.836613855434578
8286,4,43.35,44.105979439063574,0.755979439063573
8287,4,53.633334,45.70721798096089,7.926116019039107
8288,4,27.6,42.40520513041598,14.805205130415978
8289,4,54.8,29.246581287381986,25.55341871261801
8290,5,41.499999,32.9563317877965,8.543667212203502
8291,5,52.833333,34.39828805725972,18.435044942740284
8292,5,46.799999,37.39564942598513,9.404349574014873
8293,5,33.468182,32.456272744841904,1.0119092551580948
8294,5,38.200001,37.585450793024386,0.6145502069756148
8295,5,47.164286,43.02898732529068,4.135298674709318
8296,5,46.233334,42.68863512714441,3.544698872855591
8297,5,49.46,40.04846539584411,9.41153460415589
8298,5,46.74,41.88017186457595,4.859828135424053
8299,5,52.400002,37.32288227322653,15.077119726773468
8300,5,51.299999,39.76327761319698,11.536721386803016
8301,5,44.977777,38.72812940835466,6.249647591645342
8302,2,40.361538,38.89297428868163,1.4685637113183745
8303,2,34.93125,36.73473410944796,1.8034841094479646
8304,2,48.725,34.08475167989557,14.640248320104433
8305,2,42.905882,37.08255943775636,5.823322562243639
8306,2,48.40625,38.610056368044546,9.796193631955454
8307,2,50.700001,40.80041098529209,9.899590014707911
8308,2,52.383334,42.779188082578834,9.604145917421164
8309,2,54.199999,45.36990301610011,8.830095983899888
8310,2,52.639999,35.191744086870216,17.448254913129787
8311,5,45.82,37.20961816438135,8.610381835618654
8312,5,53.4,34.681354563398784,18.718645436601214
8313,5,44.952941,35.09033207759721,9.862608922402792
8314,5,51.52353,36.69951761117161,14.824012388828393
8315,5,48.658333,37.710533637238036,10.947799362761963
8316,5,28.826667,35.28045395776451,6.453786957764507
8317,1,23.541177,29.496972892600866,5.9557958926008645
8318,1,27.31875,29.03520295729281,1.716452957292809
8319,1,21.666667,28.397732654189124,6.731065654189123
8320,1,23.145,27.342613248127293,4.197613248127293
8321,1,25.294445,26.664638639441165,1.3701936394411653
8322,1,24.633333,26.51441261132601,1.8810796113260082
8323,1,33.982222,31.206000691073,2.776221308926999
8324,1,37.549999,37.95473834062644,0.4047393406264419
8325,1,33.396667,39.84234262440526,6.445675624405261
8326,1,33.54,32.14576834528297,1.3942316547170321
8327,1,36.232,38.79705239165277,2.5650523916527703
8328,1,31.343333,41.0869041625653,9.743571162565296
8329,1,38.599998,32.63773008326558,5.962267916734419
8330,1,25.45,34.79088916839462,9.340889168394622
8331,1,26.7,37.60852992123488,10.908529921234884
8332,1,30.672,35.74125853032297,5.069258530322973
8333,1,24.186487,31.38486831003737,7.1983813100373695
8334,1,28.933333,26.588597800409875,2.3447351995901258
8335,1,32.329167,27.9031388415495,4.4260281584504995
8336,1,26.353488,29.19906846553325,2.845580465533253
8337,1,13.083333,30.76081669290125,17.67748369290125
8338,1,21.932,34.04271734002315,12.110717340023154
8339,1,27.9975,31.01196816465984,3.014468164659842
8340,1,28.927344,39.569562660857805,10.642218660857804
8341,1,26.08,29.160408621521547,3.080408621521549
8342,1,27.639216,29.74861124578758,2.109395245787578
8343,1,23.096703,27.50361612105965,4.406913121059649
8344,4,15.106915,26.13721960960317,11.03030460960317
8345,4,42.650002,22.84639075226015,19.803611247739852
8346,4,34.4,35.799462289739296,1.3994622897392972
8347,4,28.75,24.40518502967891,4.344814970321089
8348,4,33.050001,29.23816233901759,3.81183866098241
8349,4,41.810001,35.99167483718077,5.818326162819233
8350,4,25.175,36.73117795624603,11.556177956246028
8351,5,24.864706,24.750713562831503,0.11399243716849838
8352,4,25.22,25.275218374585606,0.055218374585606966
8353,4,26.133333,24.894035587447753,1.2392974125522471
8354,1,24.945834,30.252493396626896,5.306659396626895
8355,1,27.766667,29.769484082685867,2.0028170826858656
8356,1,27.466667,28.737077226965518,1.2704102269655166
8357,1,25.368182,29.641382461130405,4.273200461130404
8358,1,23.552631,28.853072423932645,5.300441423932643
8359,1,28.466667,29.524516076177147,1.0578490761771455
8360,1,44.065333,27.414477519016508,16.650855480983495
8361,5,40.992265,29.35003715156209,11.642227848437912
8362,5,40.337413,26.188087122010682,14.149325877989316
8363,5,27.114286,28.98002898436266,1.8657429843626616
8364,5,26.366667,36.7184258945739,10.351758894573898
8365,5,28.54375,36.996305062192796,8.452555062192797
8366,5,27.705263,31.20793280994655,3.50266980994655
8367,5,46.078947,35.48953793471915,10.589409065280847
8368,1,47.166667,41.716366394446396,5.4503006055536005
8369,1,46.655555,45.34538263746614,1.3101723625338622
8370,1,48.666667,44.46360261129541,4.20306438870459
8371,1,44.326667,45.75924398861612,1.4325769886161197
8372,1,49.82,45.546955581537,4.273044418463002
8373,1,49.9,44.79720617892679,5.102793821073206
8374,1,39.542105,47.981524898319634,8.439419898319635
8375,1,47.541177,37.710225443478514,9.830951556521484
8376,1,52.540909,39.155234394142916,13.385674605857083
8377,1,51.0,39.18104770367484,11.818952296325158
8378,1,43.394737,41.96352367957175,1.431213320428249
8379,1,41.25,36.61420450701996,4.635795492980037
8380,1,44.88,35.92313692389746,8.956863076102543
8381,1,60.770588,30.170461867106628,30.60012613289337
8382,1,54.133333,38.18461828667065,15.948714713329352
8383,2,45.331251,34.8586270811954,10.4726239188046
8384,2,51.34,36.4171527670849,14.922847232915103
8385,2,35.65,38.095295751833824,2.445295751833825
8386,2,39.528571,30.760834367890958,8.767736632109042
8387,3,49.972727,36.258011451257055,13.714715548742944
8388,2,56.37647,37.82202858250311,18.55444141749689
8389,2,41.600001,39.058816558896034,2.5411844411039652
8390,2,25.888889,38.4076102749748,12.518721274974801
8391,2,29.400001,39.33411468146415,9.93411368146415
8392,2,30.75,43.947833614800146,13.197833614800146
8393,2,27.3,40.25315058233647,12.953150582336466
8394,2,26.8,35.08015066391581,8.280150663915808
8395,2,27.981818,36.31197132044386,8.33015332044386
8396,2,21.358823,26.674374542413936,5.315551542413935
8397,2,21.73,27.68940475342599,5.959404753425989
8398,4,22.737037,42.96409012550869,20.22705312550869
8399,4,28.125,45.30508640737449,17.18008640737449
8400,4,25.481633,34.131348547350996,8.649715547350997
8401,3,22.842424,25.998184564483196,3.155760564483195
8402,3,31.194737,24.438161842636113,6.756575157363887
8403,3,30.982609,23.47261336939107,7.50999563060893
8404,3,20.506977,24.97217094976234,4.465193949762341
8405,5,24.780769,31.061856618850037,6.281087618850037
8406,5,30.507143,30.808893803957346,0.3017508039573471
8407,5,24.070588,29.678416847632136,5.607828847632135
8408,5,29.75,41.00209813850832,11.252098138508323
8409,5,27.890909,36.0569737356106,8.166064735610597
8410,5,29.433334,37.40238821912681,7.969054219126814
8411,5,18.453333,33.286736951144555,14.833403951144554
8412,5,23.128125,40.502346189345126,17.374221189345125
8413,5,19.361364,30.711057131472707,11.349693131472709
8414,5,25.185185,35.66903760910005,10.483852609100051
8415,5,15.696154,31.122993469966367,15.426839469966367
8416,5,26.5,35.434463033249095,8.934463033249095
8417,5,25.211111,37.68690440286026,12.475793402860258
8418,5,17.295238,31.169353206986067,13.874115206986065
8419,5,16.845385,29.41514025516287,12.569755255162871
8420,5,22.158974,32.24221209235517,10.083238092355167
8421,5,22.859375,32.70706370080142,9.84768870080142
8422,5,42.6,40.896317508361676,1.7036824916383253
8423,5,40.768085,32.60918888190343,8.158896118096571
8424,5,40.7,36.001325646494635,4.698674353505368
8425,5,42.733334,40.49741329583569,2.2359207041643074
8426,5,38.822222,34.14113000160783,4.681091998392169
8427,5,40.314286,35.95024394217462,4.36404205782538
8428,2,44.200001,43.03949018841526,1.160510811584743
8429,2,37.966667,28.83005731919483,9.136609680805172
8430,2,44.166665,36.605658084918694,7.5610069150813075
8431,2,46.225,37.964324838067945,8.260675161932056
8432,2,41.875,31.93088536766649,9.944114632333509
8433,2,44.15,41.05504953289669,3.0949504671033097
8434,2,43.0,37.70103303497225,5.298966965027752
8435,2,25.906897,35.35774446450117,9.450847464501166
8436,2,26.675,37.836075396571154,11.161075396571153
8437,2,24.616666,36.85473678005266,12.238070780052663
8438,2,28.427273,24.369539652251206,4.057733347748794
8439,2,27.451429,31.92887831381222,4.477449313812219
8440,2,26.396,25.62938341520084,0.7666165847991593
8441,2,25.7125,25.54611035091755,0.16638964908244702
8442,2,26.858333,34.535317736185235,7.676984736185236
8443,2,27.783333,33.356668649243986,5.573335649243987
8444,2,25.39,24.251707707350533,1.1382922926494672
8445,2,22.99697,23.27449075742891,0.2775207574289098
8446,1,44.991667,41.42667192501534,3.564995074984658
8447,1,46.525,43.81340123270695,2.7115987672930473
8448,1,45.099998,41.76311051877192,3.336887481228082
8449,5,40.431579,37.74418073069197,2.6873982693080265
8450,5,39.355556,40.06650652800773,0.7109505280077286
8451,5,39.49375,37.2389100521879,2.2548399478121013
8452,5,24.296154,30.530780100385964,6.234626100385963
8453,5,25.982,31.209413250921088,5.227413250921089
8454,5,25.295783,26.23151209925411,0.935729099254111
8455,5,22.524615,28.783578280767898,6.258963280767897
8456,5,38.607692,39.03496917041823,0.427277170418229
8457,5,62.200001,35.54494660910313,26.655054390896872
8458,5,36.769231,38.24039711905663,1.4711661190566332
8459,5,32.057143,37.17113585234333,5.11399285234333
8460,5,59.200001,37.65604773010272,21.54395326989728
8461,5,53.422223,37.91276561607633,15.509457383923674
8462,1,61.6,38.005149464997004,23.594850535002998
8463,1,61.85,36.17549009822047,25.67450990177953
8464,1,53.950001,35.27348684819966,18.67651415180034
8465,4,34.411111,32.703799361998335,1.7073116380016629
8466,4,52.150001,37.22327030815222,14.92673069184778
8467,4,36.900002,36.09350437490887,0.8064976250911329
8468,4,36.200001,38.67615500385827,2.4761540038582694
8469,4,35.700001,30.741411580927647,4.958589419072354
8470,4,21.848387,28.54527195320094,6.696884953200939
8471,4,23.066667,34.24452798538519,11.177860985385191
8472,4,28.311111,28.866327203218614,0.5552162032186132
8473,1,31.816129,24.42783526077988,7.388293739220121
8474,1,29.028261,25.712378055000396,3.315882944999604
8475,1,32.585714,22.213590205549956,10.372123794450047
8476,1,12.330945,25.535728326538226,13.204783326538227
8477,1,10.525,23.713202394794507,13.188202394794507
8478,1,14.907317,27.782827588731884,12.875510588731883
8479,3,18.599999,26.277429161483603,7.677430161483603
8480,3,17.496587,20.834506737346807,3.3379197373468052
8481,3,14.686945,24.362797673308222,9.675852673308222
8482,3,15.965789,24.17723128664101,8.211442286641011
8483,3,11.879842,25.162713969778295,13.282871969778295
8484,4,12.010909,29.194895519596002,17.183986519596004
8485,4,15.267241,31.595570179031494,16.328329179031492
8486,4,14.589655,29.073438391823178,14.483783391823177
8487,4,14.459375,36.16774918239935,21.708374182399346
8488,4,25.430769,36.74343910877295,11.312670108772945
8489,4,33.65,30.871328116236192,2.7786718837638062
8490,4,30.015,40.75274865431972,10.737748654319716
8491,4,40.255555,28.920912466628028,11.334642533371973
8492,4,31.427273,26.943354984320436,4.4839180156795635
8493,4,28.259091,38.293703698728976,10.034612698728974
8494,3,32.25,32.20370853558882,0.04629146441118337
8495,3,27.9,39.56436357039258,11.664363570392581
8496,3,28.3,29.387948352671494,1.0879483526714928
8497,3,34.6625,37.49950297602775,2.8370029760277475
8498,3,42.727273,35.161594680326175,7.565678319673822
8499,3,45.81,37.783063380327675,8.026936619672327
8500,3,60.400001,38.93808717952045,21.461913820479552
8501,3,57.133333,37.67742218093096,19.45591081906904
8502,3,61.550001,39.56745931747266,21.98254168252734
8503,3,56.366667,37.694522606052615,18.672144393947384
8504,3,58.52,28.46259270890449,30.05740729109551
8505,3,26.331579,36.903150009165884,10.571571009165883
8506,5,29.9,41.422841758486705,11.522841758486706
8507,5,57.4375,28.587749864870588,28.849750135129412
8508,5,25.384848,41.11671929487005,15.73187129487005
8509,5,50.400001,35.40382473289798,14.996176267102022
8510,5,34.207693,39.64798541864919,5.440292418649193
8511,5,44.89,31.125231166350538,13.764768833649462
8512,5,35.858824,43.00423945217332,7.145415452173324
8513,4,50.2,38.78426567758237,11.415734322417634
8514,4,49.148,32.67061945379734,16.47738054620266
8515,4,48.52381,34.306575316101835,14.217234683898162
8516,3,41.79375,33.516284628693015,8.277465371306988
8517,3,41.450001,39.37199019268482,2.078010807315181
8518,3,42.614286,33.912547816642146,8.701738183357854
8519,3,39.335294,39.79544817122145,0.4601541712214541
8520,3,46.6,39.46778659907174,7.132213400928265
8521,3,43.950001,25.48656573729034,18.46343526270966
8522,3,25.326667,26.522606803020714,1.195939803020714
8523,3,26.758823,26.627699301776772,0.13112369822322734
8524,3,25.276923,27.320733903115205,2.0438109031152045
8525,3,25.32,29.0086090678968,3.688609067896799
8526,3,27.2,27.023772374522466,0.17622762547753368
8527,3,24.183333,28.566409181755148,4.383076181755147
8528,5,24.355556,29.358511444819705,5.002955444819705
8529,3,28.813334,35.51071583646392,6.697381836463922
8530,3,41.892308,34.83087515093789,7.061432849062108
8531,3,33.815,37.97829311565697,4.16329311565697
8532,3,47.788235,37.064430355831476,10.723804644168524
8533,3,40.941667,38.037568820820766,2.904098179179236
8534,3,44.6,36.745271741719044,7.854728258280957
8535,2,47.436364,40.07920775212825,7.35715624787175
8536,2,46.45,39.26143197926132,7.1885680207386855
8537,2,39.8,34.76120419639978,5.038795803600216
8538,2,44.8375,38.78383459915846,6.053665400841538
8539,2,55.03,39.51685730598985,15.51314269401015
8540,2,54.75,36.046595077292395,18.703404922707605
8541,2,50.4,39.82081023313925,10.57918976686075
8542,2,56.733334,35.006525667322315,21.726808332677685
8543,2,55.57,37.12210936379008,18.44789063620992
8544,2,55.866667,38.0085733312291,17.8580936687709
8545,2,57.25,40.38932418873584,16.86067581126416
8546,2,30.838461,38.064195913195604,7.2257349131956055
8547,2,32.942857,33.168365534376264,0.22550853437626728
8548,2,30.09,29.881111945277844,0.20888805472215566
8549,3,35.694737,31.677878686190287,4.016858313809717
8550,3,36.822222,30.50456807444041,6.317653925559586
8551,3,30.834615,36.819476784153494,5.984861784153495
8552,3,28.3,28.439580850060345,0.13958085006034437
8553,3,27.404546,26.68222867419203,0.7223173258079711
8554,3,29.55,28.47884916833106,1.071150831668941
8555,3,26.335294,27.451607168710428,1.1163131687104269
8556,3,29.36875,28.728907877081838,0.6398421229181608
8557,3,31.107143,26.90552980481216,4.201613195187839
8558,2,28.12,35.889664224105054,7.769664224105053
8559,2,35.355,34.66095645619046,0.6940435438095349
8560,2,36.64,24.000663427838386,12.639336572161614
8561,2,27.080952,31.061724451490427,3.9807724514904272
8562,2,38.703846,30.96891851528759,7.734927484712408
8563,5,40.8625,44.38902055051353,3.5265205505135313
8564,5,44.861538,40.61602570574384,4.245512294256166
8565,5,41.43,32.55486651330221,8.875133486697791
8566,5,31.373684,43.96269604353206,12.589012043532062
8567,5,45.186666,31.700029247422208,13.486636752577795
8568,5,31.3375,37.511881375666796,6.174381375666798
8569,5,42.082353,28.275353858380626,13.806999141619372
8570,5,12.231034,31.189628456499435,18.958594456499434
8571,3,13.886697,26.413436991269236,12.526739991269237
8572,3,16.390345,28.01312768009422,11.622782680094222
8573,3,17.848214,35.64571364309397,17.79749964309397
8574,3,20.933334,26.850031213761344,5.916697213761346
8575,3,18.181395,36.07678979637012,17.895394796370123
8576,3,68.933332,36.3512454058586,32.582086594141394
8577,3,57.450001,34.89592973982027,22.554071260179732
8578,4,59.085714,44.427375363423835,14.658338636576168
8579,4,55.411111,45.889664085969606,9.521446914030392
8580,3,55.883333,40.15425292158615,15.729080078413851
8581,3,65.171428,37.79861025061244,27.372817749387565
8582,3,56.712501,41.43421849392426,15.27828250607574
8583,3,61.360001,40.612834280555646,20.74716671944435
8584,3,56.662499,43.13547075218784,13.527028247812154
8585,3,64.525001,42.17672691268962,22.348274087310386
8586,3,59.299999,40.0235913883684,19.276407611631598
8587,4,66.099998,36.87581536751597,29.22418263248403
8588,4,57.44,36.06162735865878,21.378372641341215
8589,3,62.124999,38.83449751788541,23.290501482114593
8590,3,56.154545,38.6649812421056,17.489563757894402
8591,3,56.563636,39.88213165457245,16.681504345427555
8592,3,57.466667,34.32703994744122,23.13962705255878
8593,3,48.078948,34.386786913664366,13.69216108633563
8594,3,56.975,35.48636236037862,21.48863763962138
8595,3,60.922223,38.52555745803975,22.396665541960253
8596,3,60.258333,36.51831127327539,23.740021726724613
8597,3,57.805,40.76720741911622,17.03779258088378
8598,3,51.094118,33.240432521930884,17.853685478069117
8599,3,60.147369,41.37119214489872,18.776176855101276
8600,3,51.57647,36.001014676762644,15.575455323237357
8601,3,56.471428,39.56383251473848,16.907595485261524
8602,3,55.383333,41.526688076139656,13.856644923860344
8603,5,55.622222,37.77643660591014,17.84578539408986
8604,5,52.7,37.28250203513329,15.417497964866712
8605,5,51.444445,35.60461648693131,15.839828513068689
8606,5,29.855,29.099985832099364,0.7550141679006366
8607,5,22.290909,31.92695040661671,9.636041406616712
8608,5,36.72,31.20146687702396,5.518533122976038
8609,5,24.138095,27.998986613860048,3.8608916138600478
8610,5,34.604348,29.827700747653104,4.776647252346898
8611,2,28.168421,29.335215168403405,1.1667941684034062
8612,2,23.477778,30.654376476438564,7.1765984764385635
8613,2,23.672414,25.83911138565073,2.166697385650732
8614,2,24.513637,29.399433762022028,4.885796762022029
8615,2,25.25,29.429178434960463,4.179178434960463
8616,2,29.95,38.101374818589555,8.151374818589556
8617,4,22.858334,29.984658853231146,7.1263248532311465
8618,4,24.525,30.29904245228758,5.774042452287581
8619,4,27.272727,35.92759640630631,8.654869406306307
8620,4,24.914286,29.720741575923697,4.806455575923696
8621,4,32.171428,36.75857652927061,4.587148529270614
8622,4,31.415789,36.37213490186702,4.956345901867021
8623,4,32.250001,37.955417544981294,5.705416544981297
8624,4,35.755555,43.0917084452861,7.336153445286101
8625,4,39.211765,39.015248166733315,0.1965168332666849
8626,4,36.91,37.56085102154529,0.650851021545293
8627,4,28.7,38.12541317908973,9.425413179089734
8628,4,34.018182,36.84312104554094,2.824939045540937
8629,4,31.115,36.36772042829259,5.252720428292594
8630,4,35.914286,40.176896216109704,4.262610216109707
8631,4,34.200001,39.11566598648929,4.91566498648929
8632,4,37.483333,41.811019627043635,4.327686627043633
8633,4,33.125,27.622324948000255,5.502675051999745
8634,4,35.347619,30.743357094161254,4.604261905838747
8635,4,40.184615,41.87813641067083,1.6935214106708258
8636,5,39.945455,30.87854611622572,9.066908883774282
8637,5,35.376923,34.731868379342416,0.6450546206575822
8638,5,36.658333,36.50214091501152,0.1561920849884757
8639,5,40.269231,27.84834201890003,12.420888981099967
8640,5,40.981818,31.74590853264865,9.235909467351348
8641,5,27.828572,29.481940263079053,1.6533682630790523
8642,5,30.188571,27.781514924306244,2.407056075693756
8643,1,26.195238,25.31594287483518,0.8792951251648198
8644,1,27.668182,26.07752828284816,1.5906537171518416
8645,1,26.433333,27.211993476341164,0.7786604763411624
8646,1,28.325,25.660798240525008,2.6642017594749916
8647,1,29.094737,26.60732226322252,2.4874147367774775
8648,2,23.9475,23.222259127358473,0.7252408726415283
8649,2,31.686364,26.008986087433,5.677377912567
8650,2,30.965,26.203135431085272,4.761864568914728
8651,2,30.92,25.511502872406684,5.408497127593318
8652,2,25.85,24.07457169198608,1.7754283080139217
8653,2,27.895833,25.051685867151022,2.8441471328489776
8654,2,20.306024,22.96831657296771,2.662292572967708
8655,2,23.754546,23.43471249065721,0.31983350934279287
8656,2,19.901818,24.948656564638405,5.046838564638406
8657,2,22.851852,27.1012722860912,4.249420286091198
8658,2,23.769231,31.290457126106915,7.521226126106914
8659,2,21.311458,21.433988870966083,0.1225308709660844
8660,2,23.69375,28.488344525671238,4.794594525671236
8661,2,18.405263,26.57475639118322,8.16949339118322
8662,2,41.957143,34.84072845820253,7.116414541797475
8663,4,42.794737,35.88903994418449,6.905697055815509
8664,4,45.5,38.2544142439865,7.245585756013497
8665,4,43.2,35.6662497632317,7.533750236768306
8666,4,43.53,37.419230150170705,6.110769849829296
8667,4,25.332433,26.26258956269946,0.9301565626994588
8668,4,45.200001,33.930271986874146,11.269729013125854
8669,4,42.042857,38.771617948547444,3.271239051452554
8670,4,38.7,36.491872304987,2.2081276950130047
8671,4,35.015385,29.814600800158907,5.200784199841095
8672,4,14.450617,29.43607135350145,14.985454353501451
8673,4,24.113333,25.75666860363427,1.6433356036342701
8674,4,38.65102,25.340127557603743,13.31089244239626
8675,5,31.206522,25.86172850653977,5.34479349346023
8676,5,29.618033,25.292595867286785,4.3254371327132155
8677,5,30.864286,25.92197716498753,4.942308835012469
8678,5,26.23945,25.837290454345002,0.40215954565499956
8679,5,30.920879,26.59377025302046,4.32710874697954
8680,5,28.306897,25.302796728638313,3.0041002713616862
8681,5,38.728572,36.943478226853784,1.7850937731462153
8682,5,32.8,26.303970926372244,6.496029073627753
8683,5,26.999138,26.16091329265266,0.8382247073473401
8684,3,38.844445,39.548167720282585,0.7037227202825846
8685,3,41.28,40.24397562899006,1.036024371009944
8686,3,40.2,39.19300618685651,1.0069938131434952
8687,3,38.133333,35.63762824341707,2.4957047565829313
8688,3,39.8875,37.909861904994855,1.9776380950051475
8689,3,36.015384,37.30302297310678,1.2876389731067803
8690,3,34.915385,30.92247444623797,3.99291055376203
8691,3,40.030769,35.64480153812001,4.385967461879993
8692,3,35.863636,39.87292501003655,4.009289010036554
8693,3,36.575001,29.72357476352602,6.85142623647398
8694,3,36.530952,40.2299355629556,3.698983562955604
8695,3,29.232258,31.792214581665036,2.559956581665034
8696,3,48.39,38.48764567126961,9.90235432873039
8697,2,25.168182,28.1341412152257,2.9659592152256984
8698,2,25.93,28.890743041634373,2.960743041634373
8699,2,36.818182,45.88777555483707,9.06959355483707
8700,2,37.431251,31.29895729380862,6.132293706191383
8701,2,48.358334,40.787386173576415,7.570947826423584
8702,2,28.788,38.32439991716956,9.536399917169557
8703,2,33.544827,35.94787617945544,2.4030491794554436
8704,2,28.623529,28.641341770747434,0.01781277074743315
8705,3,33.152632,31.65623805224582,1.4963939477541786
8706,3,25.983333,25.493631216732393,0.4897017832676056
8707,3,32.907143,28.95268602821537,3.9544569717846265
8708,3,26.613333,25.08775493616975,1.5255780638302525
8709,3,30.473334,28.104640341510283,2.3686936584897182
8710,5,31.142106,25.201632541449637,5.940473458550361
8711,4,29.741667,32.00520339803542,2.26353639803542
8712,4,34.678571,39.00638639327467,4.327815393274669
8713,4,30.159091,38.99528569805642,8.83619469805642
8714,4,41.141667,44.889758554145025,3.7480915541450273
8715,1,45.075,36.29591244134545,8.779087558654552
8716,1,33.916667,43.13982220061435,9.22315520061435
8717,5,42.016666,38.54761984856614,3.469046151433858
8718,5,43.983333,39.420256694368426,4.563076305631576
8719,5,32.738462,36.66610564942261,3.9276436494226132
8720,5,29.578947,41.86788749885189,12.288940498851893
8721,5,23.502703,41.57065081223301,18.06794781223301
8722,5,30.12,39.62479159546659,9.504791595466589
8723,5,25.72963,37.46901518953971,11.73938518953971
8724,5,30.085714,30.628647063723918,0.5429330637239183
8725,5,37.91875,36.19152952669652,1.7272204733034826
8726,5,31.678788,33.832257453250435,2.153469453250434
8727,5,41.150001,34.606946450429795,6.543054549570208
8728,5,36.400002,34.033106445535495,2.366895554464506
8729,5,32.845833,27.161246083920364,5.684586916079635
8730,5,35.457895,29.877103916613557,5.580791083386444
8731,5,29.40625,24.348872524160683,5.057377475839317
8732,5,30.307143,28.033698453150812,2.2734445468491877
8733,5,29.725,25.178976630215686,4.546023369784315
8734,5,38.618182,36.077496663513585,2.540685336486412
8735,5,35.40625,32.848328904080056,2.5579210959199443
8736,5,31.272727,26.953802919363113,4.3189240806368865
8737,4,35.288,35.458903515011215,0.1709035150112186
8738,4,31.55625,27.673004654539994,3.883245345460004
8739,4,32.211111,29.819424301198485,2.391686698801518
8740,4,24.985507,28.499323785415456,3.5138167854154574
8741,4,29.35,38.89166704655048,9.54166704655048
8742,4,28.178572,33.129789317671666,4.9512173176716665
8743,4,31.252632,31.233804276671616,0.018827723328382007
8744,4,25.192157,30.104158547232842,4.91200154723284
8745,4,30.591667,30.95068006269027,0.3590130626902699
8746,2,31.428572,34.39954586676105,2.970973866761053
8747,2,28.038961,34.05035528584496,6.011394285844958
8748,2,31.117647,31.522312255202365,0.40466525520236374
8749,2,34.283333,41.2224562411161,6.9391232411161
8750,2,28.4,30.31501199713481,1.9150119971348118
8751,2,28.365,30.31443786076636,1.9494378607663627
8752,2,26.228571,29.95643321583789,3.7278622158378916
8753,2,27.453125,31.07602138656847,3.6228963865684705
8754,2,26.891666,30.847319379490642,3.9556533794906414
8755,2,26.88,30.240043890947696,3.360043890947697
8756,3,28.508334,27.9092484782213,0.5990855217787008
8757,3,29.792857,33.048047224191066,3.2551902241910646
8758,3,1.501418,25.324579973459336,23.823161973459335
8759,3,1.531304,25.852234426056967,24.320930426056968
8760,3,3.537281,26.82221902771304,23.28493802771304
8761,3,1.337584,26.20834729104861,24.87076329104861
8762,4,1.17193,24.68038060191362,23.50845060191362
8763,4,2.53657,25.4696866098394,22.9331166098394
8764,4,20.6,38.33306310509306,17.73306310509306
8765,4,21.533333,32.515754119089905,10.982421119089906
8766,5,22.3,35.97286192702711,13.67286192702711
8767,5,20.62,35.22413869847936,14.604138698479357
8768,5,21.7125,34.543697431371434,12.831197431371436
8769,5,22.014286,29.857734844448345,7.843448844448346
8770,5,22.878947,28.45552469571757,5.576577695717571
8771,5,19.638462,31.665635317050025,12.027173317050025
8772,5,23.876,29.616894417464078,5.740894417464077
8773,5,43.893333,32.33470590046468,11.558627099535322
8774,5,44.22,42.86584442149968,1.3541555785003183
8775,5,33.65,32.82946576546864,0.8205342345313582
8776,5,31.481081,28.771529794204582,2.7095512057954174
8777,5,44.453334,40.46063539403294,3.992698605967057
8778,5,38.5,41.79021792901039,3.290217929010389
8779,5,37.910714,40.13974541747125,2.2290314174712478
8780,5,38.1,39.47010296166672,1.370102961666717
8781,5,39.366666,39.06504645168631,0.3016195483136954
8782,5,27.204762,28.72431199269637,1.5195499926963727
8783,5,28.207143,27.97648063844057,0.23066236155942832
8784,5,26.622222,42.88216364464782,16.259941644647817
8785,3,27.055555,34.445323282546454,7.389768282546456
8786,3,28.483333,40.704928870836994,12.221595870836996
8787,3,56.200001,38.58489442556116,17.61510657443884
8788,3,57.061538,39.29357304376775,17.767964956232248
8789,3,46.73,40.4635142036806,6.266485796319394
8790,3,53.541667,39.76539197020591,13.776275029794085
8791,3,50.908333,36.805647034079776,14.102685965920223
8792,3,43.861539,36.155262598516245,7.7062764014837555
8793,3,60.657143,39.23404690260561,21.423096097394385
8794,3,52.338461,40.41964372596121,11.918817274038794
8795,3,55.061538,40.90507556323286,14.156462436767136
8796,3,40.782353,37.64688106806837,3.135471931931633
8797,4,50.477778,31.65609240259304,18.82168559740696
8798,4,43.075,26.187017449483754,16.88798255051625
8799,4,60.642858,31.067864272959323,29.574993727040674
8800,4,50.6,31.998621486036104,18.601378513963898
8801,4,58.0,28.40367585147441,29.59632414852559
8802,4,61.84,34.086750981485984,27.75324901851402
8803,3,58.966667,38.52791298024166,20.438754019758342
8804,3,60.457142,35.56520412321473,24.89193787678527
8805,3,59.169231,37.61633503908068,21.552895960919322
8806,3,24.0,36.721956558727676,12.721956558727676
8807,3,21.851724,27.756666048030645,5.9049420480306445
8808,3,26.175,32.1882573942887,6.013257394288697
8809,1,25.0,31.487985685465247,6.487985685465247
8810,1,23.62,36.09096467960632,12.470964679606322
8811,1,24.6375,31.195767068239483,6.558267068239484
8812,1,24.2125,33.67718488478228,9.46468488478228
8813,1,24.0,37.2577112613487,13.257711261348703
8814,1,18.0,36.34635377342502,18.346353773425022
8815,1,25.9625,35.434356140143365,9.471856140143366
8816,1,22.6,37.541269919216965,14.941269919216964
8817,1,22.791667,33.23125205612121,10.439585056121206
8818,5,24.854545,42.06547013850314,17.210925138503136
8819,5,29.5,41.836742332528786,12.336742332528786
8820,5,23.08421,27.96641304301675,4.882203043016752
8821,5,22.62,27.01087230709771,4.390872307097709
8822,5,23.8,32.07691559737518,8.276915597375176
8823,5,24.1,29.693304311126468,5.593304311126467
8824,5,23.641667,30.290518145444317,6.648851145444315
8825,5,32.049999,41.77996397703812,9.729964977038122
8826,5,31.33125,32.59965769969235,1.2684076996923501
8827,3,25.257143,23.193063093914382,2.0640799060856168
8828,3,26.175,24.849246593379878,1.325753406620123
8829,3,26.3,28.58204277639448,2.28204277639448
8830,3,20.616364,22.944417328352294,2.3280533283522935
8831,3,20.090909,23.124108170012626,3.033199170012626
8832,2,18.265,28.37265524357298,10.107655243572978
8833,2,25.068421,38.50962494325182,13.441203943251821
8834,2,25.589474,35.68160187847429,10.09212787847429
8835,2,17.168421,27.78512486731458,10.61670386731458
8836,2,25.700001,36.46535797128131,10.765356971281307
8837,2,25.15,40.18550665655,15.035506656549998
8838,2,21.388889,29.9180850534648,8.529196053464801
8839,2,24.733334,31.946099682431914,7.212765682431915
8840,2,27.873529,29.869935321459614,1.996406321459613
8841,2,26.233334,38.98146511717332,12.748131117173322
8842,2,24.924138,41.34986204000294,16.42572404000294
8843,2,29.829412,31.551842522970702,1.7224305229707007
8844,2,19.968085,28.15998855163929,8.191903551639292
8845,1,24.844827,28.592558970305003,3.7477319703050043
8846,1,26.47561,28.650807943433662,2.1751979434336626
8847,1,26.975556,26.862604319993082,0.11295168000691902
8848,1,26.988889,27.75860140827459,0.7697124082745894
8849,1,21.983333,27.997937646193623,6.014604646193625
8850,1,20.171905,24.02328504438715,3.8513800443871524
8851,3,26.478572,23.775514679143264,2.703057320856736
8852,3,15.993333,23.92450851641333,7.9311755164133295
8853,3,16.803333,30.61956589726739,13.81623289726739
8854,3,36.62,27.970309084271065,8.649690915728932
8855,3,31.828572,29.324830280150618,2.5037417198493834
8856,3,29.557143,30.861881114510663,1.3047381145106627
8857,3,33.415,20.633461922764567,12.781538077235432
8858,3,25.665384,22.1739138329194,3.4914701670805997
8859,3,24.72,27.351519118388392,2.6315191183883933
8860,4,17.970588,26.409700490298206,8.439112490298207
8861,4,26.303125,27.04797755886608,0.7448525588660786
8862,4,26.063158,33.97244379117194,7.909285791171939
8863,4,30.74,33.01385768342514,2.2738576834251383
8864,4,31.0,32.89172603724594,1.8917260372459381
8865,4,25.720833,29.914994961706064,4.194161961706065
8866,4,29.016667,31.84391817617605,2.8272511761760484
8867,4,24.09,22.845659276219784,1.2443407237802155
8868,4,26.2,22.20522501435991,3.9947749856400883
8869,4,28.7,34.04353228022632,5.343532280226324
8870,4,45.15,34.15028128290239,10.999718717097608
8871,2,45.866667,38.778627345958505,7.088039654041495
8872,2,45.6,40.25879882135239,5.341201178647609
8873,2,41.008333,36.966348331526305,4.041984668473695
8874,2,46.400002,36.13419609032549,10.265805909674512
8875,4,45.6,43.98276392914549,1.61723607085451
8876,4,43.185714,40.2669393175861,2.918774682413897
8877,4,55.4,41.006805495423734,14.393194504576265
8878,4,50.454545,45.532374611738206,4.922170388261797
8879,4,57.799999,32.54275276432979,25.25724623567021
8880,4,59.566667,42.50004819208806,17.066618807911944
8881,4,59.75,41.01593484273498,18.73406515726502
8882,4,48.7,41.111556987412385,7.588443012587618
8883,4,55.699999,41.17037273523005,14.529626264769945
8884,4,58.785714,39.05196021505795,19.733753784942046
8885,4,58.099998,42.969137872296635,15.130860127703365
8886,4,55.575,37.34569841397328,18.229301586026722
8887,4,27.24,40.33627592643255,13.09627592643255
8888,4,26.123077,31.594717449529615,5.471640449529616
8889,4,26.375472,37.69929733057195,11.323825330571953
8890,4,27.482353,36.010826467734674,8.528473467734674
8891,2,35.133333,39.411244304256584,4.277911304256584
8892,2,34.588889,43.046379746410956,8.457490746410954
8893,2,35.816666,38.45410893473016,2.63744293473016
8894,2,38.599998,41.261388836083555,2.661390836083555
8895,2,35.080769,42.81471062531365,7.733941625313655
8896,1,37.35,38.06502693819,0.7150269381900003
8897,1,36.1,38.05912286782328,1.9591228678232753
8898,1,39.26,37.610903832255346,1.649096167744652
8899,1,37.466667,39.34396868618229,1.8773016861822924
8900,1,30.338462,34.88257745178431,4.544115451784307
8901,1,25.82381,28.480033299948268,2.656223299948266
8902,1,38.0,38.04046530750284,0.04046530750284205
8903,1,33.378125,39.16654103531794,5.788416035317944
8904,1,37.18,37.95451972672932,0.7745197267293236
8905,1,35.430769,37.26840973615382,1.8376407361538227
8906,1,20.580645,26.244045395978187,5.6634003959781865
8907,1,34.714286,29.250671032150947,5.463614967849054
8908,1,33.259259,32.12410980846131,1.1351491915386873
8909,1,25.95,25.859931854782978,0.09006814521702111
8910,1,31.207693,30.009849276576357,1.1978437234236416
8911,1,35.54375,26.195924432967303,9.3478255670327
8912,1,26.184211,24.909419562345427,1.2747914376545744
8913,1,36.64,30.89942005594309,5.740579944056911
8914,1,29.473077,26.754606857525232,2.718470142474768
8915,2,34.633333,40.55255400683043,5.919221006830426
8916,2,26.9,34.24282294384002,7.342822943840019
8917,2,23.651282,28.471048313055825,4.819766313055826
8918,2,28.435714,29.071704556407948,0.6359905564079469
8919,2,25.178261,28.272391146505292,3.094130146505293
8920,2,24.4,28.77770896347946,4.37770896347946
8921,2,29.094117,31.543033983024195,2.448916983024194
8922,2,36.457143,32.73100204841763,3.726140951582373
8923,2,36.3375,34.126281110732535,2.211218889267464
8924,2,21.7,34.2569794573086,12.556979457308604
8925,2,23.9,35.02530986573066,11.125309865730664
8926,2,54.449999,32.15093018807409,22.299068811925906
8927,2,49.328571,33.23918345334882,16.089387546651174
8928,2,50.840001,33.25284933902079,17.58715166097921
8929,2,52.964706,35.826832387437136,17.137873612562863
8930,2,50.318182,33.17887483118085,17.13930716881915
8931,2,52.449999,35.13411610293284,17.315882897067155
8932,2,49.5875,31.781138306159065,17.806361693840934
8933,3,51.20625,27.42967855684956,23.776571443150438
8934,2,53.3,35.480091953565996,17.819908046434
8935,2,49.466667,32.398987382869066,17.067679617130935
8936,2,27.1,36.104990187919974,9.004990187919972
8937,3,28.052174,28.31906778349517,0.26689378349517057
8938,3,38.099998,39.287866321323705,1.1878683213237053
8939,3,43.099998,38.76596780188776,4.334030198112238
8940,3,41.199999,38.6297474232947,2.570251576705296
8941,3,43.400002,38.362683030388254,5.037318969611746
8942,3,21.615789,26.859043206920738,5.243254206920739
8943,3,38.033333,37.69075242881338,0.3425805711866161
8944,3,31.775,31.028199819939985,0.7468001800600135
8945,3,35.885,36.969549595558405,1.084549595558407
8946,3,41.715385,32.66312393291004,9.052261067089958
8947,3,48.758334,35.69910174393121,13.059232256068789
8948,3,42.257895,36.25375920095725,6.00413579904275
8949,3,48.43125,36.36956699472882,12.061683005271178
8950,3,50.853334,34.89912081596856,15.954213184031438
8951,3,49.481818,35.849731612907306,13.632086387092691
8952,3,51.911111,33.85567366210254,18.05543733789746
8953,4,46.821428,39.28291798216668,7.5385100178333175
8954,4,47.410526,37.3032073216406,10.107318678359398
8955,4,48.950001,37.24368834060213,11.706312659397874
8956,4,31.956,31.171894380828864,0.784105619171136
8957,4,33.542857,39.630384217369084,6.087527217369086
8958,4,31.523077,32.85742583230585,1.3343488323058494
8959,4,32.66,36.77691283743974,4.116912837439742
8960,3,41.533333,38.35641023797787,3.17692276202213
8961,4,54.422223,41.51405866842369,12.908164331576316
8962,3,55.12,39.376445502079505,15.743554497920492
8963,4,50.266667,36.630951787675414,13.635715212324584
8964,4,40.382353,34.45289420030355,5.929458799696455
8965,4,53.025,36.71000827866574,16.31499172133426
8966,4,52.666667,36.88980411870537,15.776862881294626
8967,4,43.92,37.68988180217244,6.230118197827565
8968,4,43.566667,40.097380948203465,3.469286051796537
8969,4,38.892308,35.39450962626235,3.497798373737652
8970,3,42.766666,33.891959424400646,8.874706575599355
8971,3,39.735714,29.187481039770287,10.548232960229715
8972,3,41.75,31.994323391467315,9.755676608532685
8973,3,43.099998,31.111432262727092,11.988565737272907
8974,3,65.807142,27.08286199053186,38.72428000946814
8975,3,69.434999,26.725683398950103,42.7093156010499
8976,3,32.022222,27.475971680770446,4.546250319229554
8977,3,26.535,25.224538935252298,1.3104610647477024
8978,3,23.947059,26.91214264137604,2.96508364137604
8979,3,24.55,32.43718645934095,7.887186459340949
8980,3,24.516666,32.13016122212966,7.613495222129657
8981,3,28.24375,26.99267617912266,1.2510738208773375
8982,3,23.978261,27.17254362878916,3.1942826287891606
8983,3,26.641379,30.102039298301776,3.460660298301775
8984,2,24.452,22.126387123591655,2.3256128764083464
8985,5,30.976923,34.88427710770438,3.9073541077043785
8986,5,24.621429,28.64349247745781,4.0220634774578095
8987,5,25.424,28.46430446412401,3.0403044641240093
8988,5,24.818919,33.675949584695736,8.857030584695735
8989,5,23.953334,31.640335347175125,7.687001347175123
8990,5,46.777778,32.863973019629505,13.913804980370493
8991,5,47.42,31.299290664888936,16.120709335111066
8992,5,47.823809,31.404255015331188,16.41955398466881
8993,5,48.771429,32.43024341648581,16.34118558351419
8994,2,25.790909,25.669636166305132,0.12127283369486719
8995,2,25.284211,27.29618822903401,2.0119772290340094
8996,2,23.31,22.519556734738153,0.790443265261846
8997,2,29.3,30.02735936591,0.7273593659100008
8998,2,26.722222,26.867831970237084,0.14560997023708566
8999,2,25.735294,26.451090062715103,0.7157960627151034
9000,2,30.47,27.047293523299523,3.4227064767004762
9001,2,35.282608,35.48404288230545,0.20143488230544904
9002,2,38.416667,35.81864296503148,2.5980240349685175
9003,2,37.966666,35.21495206332891,2.751713936671088
9004,3,35.675,32.569566325779675,3.105433674220322
9005,3,31.903448,28.417278833106074,3.4861691668939265
9006,3,36.945454,34.298450613502354,2.6470033864976443
9007,3,54.06,34.54248259849365,19.517517401506353
9008,2,54.6375,35.26226324565497,19.375236754345032
9009,2,59.85,37.37405306681391,22.475946933186094
9010,2,59.474999,36.61330301408233,22.86169598591767
9011,2,59.814286,35.85966702096094,23.95461897903906
9012,2,59.4375,35.53648162698794,23.901018373012057
9013,2,61.783333,31.174302716255383,30.609030283744616
9014,2,56.56875,34.65206420695605,21.916685793043953
9015,2,32.676923,30.893607961408136,1.7833150385918657
9016,4,33.07,38.619636507516205,5.549636507516205
9017,4,14.826144,25.1759013161603,10.3497573161603
9018,4,27.079754,25.20853917967134,1.8712148203286603
9019,4,25.626667,28.520822425547955,2.894155425547954
9020,4,25.25,35.12345655564498,9.873456555644978
9021,4,21.927273,35.26016258223152,13.332889582231523
9022,4,26.0,31.884996242669576,5.884996242669576
9023,4,23.9,41.02603706214147,17.12603706214147
9024,1,32.476471,38.97964006885256,6.503169068852564
9025,1,47.578572,35.91317713040503,11.66539486959497
9026,1,26.875,40.09749348891782,13.22249348891782
9027,1,26.9,43.47504352493378,16.575043524933783
9028,1,32.533333,33.97902744726663,1.4456944472666322
9029,1,19.529412,27.93394294517698,8.40453094517698
9030,1,20.58,24.463625953320467,3.8836259533204682
9031,1,26.218182,29.176070124248692,2.9578881242486936
9032,1,26.88,29.30341481186398,2.4234148118639816
9033,1,28.15,28.98585443318847,0.835854433188473
9034,1,28.37,40.383135238803106,12.013135238803105
9035,1,34.264286,34.15762444803432,0.10666155196567928
9036,1,33.022222,38.75466606518248,5.732444065182477
9037,1,21.1,40.50722521429781,19.40722521429781
9038,5,44.777778,37.22212890433063,7.5556490956693665
9039,5,15.454278,24.71205445908459,9.25777645908459
9040,5,11.948837,24.441108855299163,12.492271855299164
9041,5,13.727273,23.815677232937787,10.088404232937787
9042,5,16.0,29.7262447847433,13.726244784743301
9043,5,15.362162,31.20163678573978,15.83947478573978
9044,5,16.75,46.970742184456284,30.220742184456284
9045,5,13.45,45.42425508430927,31.974255084309274
9046,5,21.89,46.51873032070148,24.62873032070148
9047,5,12.759375,30.18950090848057,17.43012590848057
9048,4,21.4,34.96176209430632,13.561762094306324
9049,4,18.0625,33.66025274297584,15.597752742975842
9050,4,11.4,35.94572583217713,24.545725832177133
9051,4,17.243478,29.417802872759125,12.174324872759126
9052,4,20.788889,37.579987185150145,16.791098185150144
9053,4,12.583333,35.79935354002596,23.216020540025962
9054,4,15.5,35.60759997104434,20.107599971044337
9055,3,14.983333,33.16430010066045,18.180967100660446
9056,3,14.383333,37.24891630940877,22.86558330940877
9057,3,13.0725,28.254229372371572,15.181729372371572
9058,3,15.613333,34.12089318974968,18.50756018974968
9059,3,21.209091,38.76351115562923,17.55442015562923
9060,3,17.692857,40.424207223412424,22.731350223412424
9061,3,24.733334,38.186330927284516,13.452996927284516
9062,3,23.38,40.786200442143866,17.406200442143867
9063,2,44.741177,34.419366041395776,10.321810958604225
9064,3,37.057894,36.52959748096192,0.5282965190380793
9065,3,13.908333,21.641935254059813,7.733602254059813
9066,5,14.7,23.676024487023625,8.976024487023626
9067,5,14.857143,20.979836649551743,6.122693649551742
9068,5,14.83,21.810165100642912,6.980165100642912
9069,5,15.354545,21.269787916663205,5.915242916663205
9070,2,18.799999,26.071780086086058,7.271781086086058
9071,2,18.727778,19.13403227444266,0.4062542744426594
9072,5,21.47,25.58416004515999,4.114160045159991
9073,2,19.208333,26.474993931422446,7.266660931422447
9074,5,19.475,21.396252813731294,1.921252813731293
9075,2,21.63421,25.44136427446296,3.8071542744629596
9076,3,19.457143,30.11929643874429,10.66215343874429
9077,1,17.982759,27.903782013247067,9.921023013247066
9078,2,16.811111,22.013667536213333,5.202556536213333
9079,4,17.042857,24.701525018114246,7.658668018114245
9080,4,52.9375,39.374462924849155,13.563037075150845
9081,4,52.2625,40.645145144995155,11.617354855004848
9082,2,51.572728,38.58179408835909,12.990933911640909
9083,3,50.544445,38.15872813249415,12.385716867505856
9084,3,57.4,39.32042406285133,18.079575937148668
9085,2,57.099998,29.175967414033593,27.924030585966406
9086,3,57.0,37.48790705483204,19.512092945167957
9087,1,56.533333,39.02418952249097,17.509143477509028
9088,1,52.549999,47.93879070325897,4.611208296741033
9089,4,59.299999,46.68377560338142,12.61622339661858
9090,5,20.200001,34.72179192747531,14.521790927475308
9091,5,21.200001,34.50411651637668,13.304115516376683
9092,5,19.1,38.40454896079678,19.30454896079678
9093,5,19.700001,37.20392870289157,17.503927702891566
9094,1,50.023077,41.96444220313757,8.058634796862428
9095,1,46.550001,44.120766958732766,2.429234041267236
9096,1,50.838462,45.1418824283148,5.696579571685199
9097,1,42.0,31.12120064775329,10.878799352246709
9098,1,12.125,37.14937617763358,25.024376177633577
9099,1,37.954545,38.31153530942883,0.3569903094288236
9100,1,23.883333,24.80895928027899,0.9256262802789905
9101,1,0.0,17.682322542368045,17.682322542368045
9102,3,0.0,13.449765069941995,13.449765069941995
9103,4,11.6750000517,9.000594845036634,2.6744052066633657
9104,3,10.9748718115,8.946756973175326,2.028114838324674
9105,4,10.7559828758,8.656970192199271,2.099012683600728
9106,4,12.2000001272,10.889107704833261,1.310892422366738
9107,3,10.8099099065,9.16970317969457,1.6402067268054292
9108,1,9.97916666004,14.431091213986967,4.4519245539469665
9109,1,9.81547620183,12.084373756880215,2.2688975550502146
9110,4,10.8542857851,9.788515407975293,1.0657703771247071
9111,4,10.4233333588,8.767075861609813,1.6562574971901878
9112,1,9.16838709924,11.349139638430952,2.1807525391909515
9113,1,9.38275856807,12.766615978937045,3.3838574108670443
9114,4,10.0333331426,9.547213061688588,0.48612008091141234
9115,4,11.320512845,9.548065826932477,1.7724470180675223
9116,4,11.2800000668,8.365802131860818,2.9141979349391818
9117,5,9.89999997616,9.418354592257096,0.48164538390290446
9118,5,9.79555561278,9.952614947593407,0.1570593348134075
9119,4,10.4444445151,9.461616996414282,0.9828275186857187
9120,5,8.23921568253,9.297929116807918,1.0587134342779176
9121,5,7.52909094204,8.582890687706865,1.0537997456668649
9122,5,8.26818185503,9.68442512729003,1.4162432722600293
9123,4,19.7259037064,11.49355043467045,8.23235327172955
9124,4,23.3741935255,12.074559186555561,11.29963433894444
9125,4,19.7186046689,12.45476308932037,7.26384157957963
9126,4,19.6157657477,11.760216072998446,7.855549674701553
9127,4,20.7265432735,10.902573541090531,9.823969732409468
9128,4,20.41129706,12.749959568912539,7.66133749108746
9129,3,12.3666666349,11.498353525457656,0.8683131094423437
9130,4,17.2527473366,12.20587728462323,5.046870051976768
9131,3,11.8411764327,11.697812370957585,0.1433640617424139
9132,3,10.4286363775,10.869155181500027,0.4405188040000265
9133,3,11.0778760868,12.538410951274926,1.4605348644749263
9134,3,12.9094936999,11.617565094669448,1.2919286052305523
9135,3,14.9725664274,11.486518256026352,3.486048171373648
9136,3,16.724242456,12.611234205179969,4.11300825082003
9137,3,12.2872093057,11.120833944161449,1.1663753615385506
9138,4,9.26436784898,9.765568488483735,0.5012006395037361
9139,4,9.12777777324,9.036453252608217,0.0913245206317832
9140,1,11.0430555344,10.620109019769458,0.4229465146305422
9141,2,9.13563220802,10.007083133555835,0.871450925535834
9142,1,9.88846155772,9.45701952620226,0.4314420315177401
9143,4,9.67976192633,9.215535480147441,0.46422644618255937
9144,4,10.3639999771,11.412632311639246,1.0486323345392456
9145,2,10.0877272909,9.54562889447208,0.5420983964279209
9146,3,9.7264705984,9.483768996939851,0.24270160146014952
9147,1,8.78349515072,9.299494230097167,0.5159990793771669
9148,2,8.66666664018,10.55169198067751,1.88502534049751
9149,1,9.34230770515,9.459139648688602,0.11683194353860138
9150,2,8.59009902312,8.86703113737343,0.27693211425343023
9151,1,9.4542553019,9.694862409898395,0.2406071079983949
9152,5,7.90303032326,11.674627127698235,3.771596804438235
9153,1,9.62686572383,9.326399453098762,0.30046627073123844
9154,1,10.9833333492,10.985513529005988,0.0021801798059879474
9155,2,8.1433333238,8.102828764941265,0.040504558858735606
9156,4,11.4836734558,10.240849414346137,1.2428240414538632
9157,1,9.40476192747,9.298998554381129,0.1057633730888714
9158,2,9.58055557807,9.954948811825641,0.37439323375564193
9159,2,9.93032787667,8.945878075415433,0.9844498012545682
9160,2,8.75309732741,9.159910179572787,0.40681285216278695
9161,2,10.9626903679,10.231466934162121,0.7312234337378793
9162,1,10.3833333651,12.149725620855703,1.7663922557557026
9163,4,10.1899999619,12.362720922150105,2.172720960250105
9164,5,9.10289859081,8.534999005720366,0.5678995850896342
9165,5,9.2923076965,9.224060047119293,0.06824764938070693
9166,5,8.65504588993,8.609276968624698,0.04576892130530119
9167,2,10.1335504886,8.982717795464783,1.1508326931352162
9168,1,9.083606505,9.75032222383929,0.6667157188392903
9169,1,8.60769231961,10.910255692633573,2.302563373023572
9170,4,8.49568969628,8.85964419458121,0.36395449830120974
9171,2,9.07159087333,8.67822142444082,0.3933694488891817
9172,4,8.42222225666,9.116732174663557,0.6945099180035577
9173,2,8.84628102011,8.850354874661905,0.0040738545519047875
9174,2,10.4280000076,9.447042927553449,0.9809570800465508
9175,2,9.62386358868,9.01533196192842,0.6085316267515815
9176,3,12.4272726232,10.261609214640103,2.1656634085598974
9177,2,8.26717325402,9.926271141367867,1.6590978873478672
9178,2,7.61296298769,9.43608372450813,1.8231207368181304
9179,2,10.9109243425,9.834807657664683,1.0761166848353163
9180,2,7.78888894305,10.31106313687342,2.52217419382342
9181,2,7.5274131252,9.738046257748804,2.2106331325488044
9182,2,9.05161290015,9.719209979814634,0.6675970796646347
9183,2,8.32792795027,9.459183694321212,1.1312557440512112
9184,3,18.2575757479,14.843189652269091,3.414386095630908
9185,3,14.7074829737,11.369677965810286,3.3378050078897132
9186,3,14.753846179,11.623121080569561,3.130725098430439
9187,3,13.1190184377,10.790506153865417,2.3285122838345824
9188,3,17.4111842544,12.764320328560501,4.646863925839497
9189,3,13.457894777,10.585081732453867,2.872813044546133
9190,3,12.6241829567,11.052298434207254,1.5718845224927467
9191,3,16.4777227864,14.22314904986896,2.254573736531041
9192,3,12.5301724467,10.304863678457544,2.2253087682424564
9193,2,7.86115707445,10.947356878817134,3.0861998043671335
9194,5,13.8736842306,15.667385291275188,1.793701060675188
9195,3,17.3965518228,9.528408199664316,7.868143623135683
9196,3,14.8367088414,10.440229462887816,4.3964793785121845
9197,3,16.3041666547,11.612329743348754,4.691836911351247
9198,2,9.20828400561,10.765089043456186,1.5568050378461855
9199,1,7.13348017075,13.068763329820925,5.9352831590709245
9200,2,8.72659574417,10.479652835606426,1.7530570914364265
9201,2,9.21941748869,10.321880225137301,1.1024627364473005
9202,1,5.12641510792,9.364734287534642,4.238319179614642
9203,4,4.77727280964,8.183835303374497,3.406562493734497
9204,1,3.97800503581,10.761625068806147,6.783620032996147
9205,1,4.59185317807,10.356116936750299,5.764263758680299
9206,1,5.40416662561,9.974623636345441,4.570457010735441
9207,1,6.46736112458,8.15762661774804,1.6902654931680399
9208,5,8.23138077389,10.14807485913548,1.9166940852454797
9209,1,10.9169683322,9.360803912442718,1.5561644197572821
9210,1,11.7330508232,9.870504451202269,1.8625463719977304
9211,1,13.6999998093,10.592394377316454,3.1076054319835453
9212,1,12.0,10.872702105231355,1.1272978947686454
9213,5,10.06111115,11.863498061019872,1.8023869110198714
9214,5,7.99682542256,9.642558876870115,1.6457334543101156
9215,1,7.79040156476,8.069669899109776,0.2792683343497764
9216,4,8.92619053523,12.094660357105251,3.1684698218752505
9217,1,7.81111111293,8.557829464910617,0.7467183519806166
9218,5,9.52241377584,9.661646810439679,0.13923303459967862
9219,4,7.2449019563,7.918039786466763,0.6731378301667634
9220,3,8.02411575716,7.3186437591771,0.705471997982901
9221,3,10.0863158276,7.402499921661847,2.683815905938153
9222,2,9.98461547265,8.840886630420787,1.1437288422292138
9223,3,9.8396067472,8.194626177661839,1.644980569538161
9224,1,9.09009707923,8.963806036699427,0.126291042530573
9225,2,12.4333335029,9.663768351282208,2.769565151617792
9226,1,8.89732443928,8.388074855156196,0.509249584123804
9227,4,7.79914894104,8.52686903343478,0.7277200923947795
9228,1,8.55396341551,8.449351151176359,0.10461226433364068
9229,4,6.77828283262,8.12613920950835,1.34785637688835
9230,1,7.10996678026,8.327448603530858,1.217481823270858
9231,3,8.3686916026,7.01478508032816,1.3539065222718403
9232,1,9.7840764234,9.330415174626978,0.45366124877302205
9233,2,9.33939400105,8.296345466490086,1.0430485345599134
9234,3,7.71702131819,7.272703894324918,0.44431742386508155
9235,5,10.6947368823,8.200522971641387,2.4942139106586136
9236,1,8.38937827343,8.544588219523524,0.15520994609352456
9237,2,7.80923081178,8.359854619220506,0.5506238074405063
9238,3,9.92820513554,8.50645755740646,1.421747578133541
9239,3,9.76369864973,8.867197382366015,0.8965012673639841
9240,3,8.75126583063,7.293148791345827,1.4581170392841738
9241,2,8.37916670077,8.185925701672812,0.1932409990971884
9242,3,9.8243902156,7.7021338026330675,2.122256412966932
9243,3,8.33890064574,6.893293017225907,1.445607628514094
9244,3,8.63569938962,9.82133309464124,1.1856337050212407
9245,5,14.3852234083,13.336143936766057,1.0490794715339433
9246,5,10.2564102564,7.407064782293662,2.8493454741063386
9247,5,17.3488971135,13.581227937711427,3.7676691757885745
9248,5,10.9852459392,10.620128060084737,0.36511787911526383
9249,5,12.5443478128,10.284794112721531,2.2595537000784685
9250,5,12.3624999921,10.43024379170038,1.9322562003996193
9251,5,11.6958333055,9.409109388481387,2.286723917018614
9252,3,8.33761065091,9.707429975856659,1.3698193249466595
9253,5,14.607058828,13.663064042345576,0.9439947856544233
9254,5,14.9511521379,12.917264555634544,2.0338875822654554
9255,1,12.167153254,13.705985552494178,1.538832298494178
9256,1,12.8221374031,14.542102083742302,1.7199646806423026
9257,5,15.3348101362,15.599482089642258,0.26467195344225836
9258,1,14.6361446323,13.7031187533615,0.9330258789385013
9259,5,14.5291079938,13.47680697054928,1.0523010232507204
9260,2,6.81904765538,9.917954731797444,3.0989070764174436
9261,2,11.6999998093,5.372642644272952,6.327357165027047
9262,2,15.6602055932,10.78985153103725,4.87035406216275
9263,2,14.3781481778,11.646645346850123,2.731502830949877
9264,2,16.9170798835,11.989539028761182,4.927540854738819
9265,2,10.1478260911,9.58095785943701,0.5668682316629905
9266,1,10.0384615018,10.589080687273434,0.5506191854734332
9267,2,10.6927536536,9.444380342963782,1.248373310636218
9268,2,11.1791666746,11.04823690028995,0.13092977431004904
9269,2,12.0999999046,9.876911994505893,2.223087910094108
9270,5,10.9891304141,8.745143437381387,2.243986976718613
9271,5,10.9833333833,10.286942738614044,0.6963906446859554
9272,5,11.4799999619,11.457947300231284,0.022052661668716667
9273,3,9.54374995828,8.148733625226729,1.3950163330532703
9274,3,9.51836735862,8.251978127065671,1.2663892315543297
9275,3,9.38108106562,7.968365085176503,1.4127159804434974
9276,1,10.4514705574,10.272070392900082,0.1794001644999188
9277,4,11.4362744818,11.322106545475712,0.11416793632428757
9278,4,12.6893616813,11.259905686157229,1.4294559951427708
9279,4,11.3610526637,11.198932593256451,0.16212007044354948
9280,1,12.2379235044,11.697068808421704,0.5408546959782949
9281,5,8.5617647171,10.552872327489016,1.9911076103890153
9282,4,11.9212184874,10.20540448636072,1.7158140010392788
9283,1,9.78710936569,11.84423472731095,2.0571253616209493
9284,2,18.0281552667,13.934919467376135,4.093235799323866
9285,5,11.6158653956,11.140948948065267,0.47491644753473317
9286,1,11.2509578581,11.833944456901595,0.582986598801595
9287,2,13.4228260413,15.207659470287966,1.784833428987966
9288,5,10.4798076611,9.647182112813397,0.8326255482866038
9289,4,10.8322709376,10.729522032338469,0.10274890526153158
9290,2,8.68072291455,9.647759250960558,0.9670363364105583
9291,2,13.8124514034,12.18357263885597,1.6288787645440301
9292,5,10.9415094448,9.638781815458794,1.3027276293412058
9293,2,11.1085714,10.637013027146633,0.47155837285336766
9294,2,21.2783898257,16.599456969620398,4.6789328560796015
9295,2,17.1978354888,16.572867097246615,0.6249683915533844
9296,3,21.6868420952,14.954443123511227,6.732398971688772
9297,2,18.4021084538,17.483042250543775,0.9190662032562251
9298,2,16.34383564,15.85454621210092,0.4892894278990809
9299,1,15.4557339751,13.613868736169529,1.8418652389304704
9300,1,15.3309227047,16.197810767493227,0.866888062793226
9301,5,17.1868217084,14.85482397108308,2.33199773731692
9302,1,15.705679034,14.933959813184304,0.7717192208156956
9303,5,18.3761903672,18.377469695235852,0.0012793280358529557
9304,1,14.4659259255,17.001823467230306,2.5358975417303053
9305,1,17.2672645885,16.9999931992855,0.26727138921450333
9306,4,13.8033132725,12.936293669705332,0.8670196027946684
9307,4,16.2560166165,15.186043739531343,1.0699728769686558
9308,4,13.8749003885,13.93381942658583,0.0589190380858291
9309,2,6.88289471049,8.733479900467298,1.8505851899772985
9310,2,7.1692307729,8.837113255537755,1.6678824826377552
9311,2,8.6071428912,10.002993208951006,1.3958503177510053
9312,2,6.39752322897,9.475219631283608,3.0776964023136077
9313,2,7.04733332793,8.815856938860911,1.7685236109309113
9314,3,5.94285712923,7.21211444097218,1.2692573117421801
9315,1,4.11428577559,8.390344906872908,4.276059131282908
9316,3,23.0606666946,13.968272797455896,9.092393897144103
9317,5,13.9721311402,13.273089605032045,0.6990415351679555
9318,5,17.685641054,14.76468502108546,2.9209560329145408
9319,1,19.2398647747,18.338303962059406,0.901560812640593
9320,4,15.9482353023,14.29338851329076,1.654846789009241
9321,1,14.9333333036,14.453704638842607,0.4796286647573922
9322,5,11.9171521116,13.913716204651173,1.9965640930511732
9323,1,17.1300309981,16.098575875908118,1.0314551221918826
9324,4,19.0581967792,14.53905504279828,4.5191417364017195
9325,5,13.1129251792,13.078639761801648,0.034285417398351115
9326,1,13.1173913375,14.62105048749814,1.503659149998139
9327,1,13.9526595765,12.57965267511786,1.3730069013821407
9328,5,12.610000017,14.03863195594555,1.42863193894555
9329,1,15.202450972,12.056533514177632,3.1459174578223674
9330,1,15.9559585542,12.461258410000504,3.4947001441994967
9331,2,6.34359999466,8.251978298515663,1.9083783038556632
9332,1,4.60583089392,7.774352095531369,3.1685212016113686
9333,1,5.23555939857,8.254825373660676,3.0192659750906756
9334,1,3.79300932021,8.74294934638068,4.94994002617068
9335,2,5.46880598282,8.136189628384889,2.6673836455648887
9336,2,5.22072072072,9.13591037379631,3.91518965307631
9337,2,7.12705312489,8.424062508144011,1.2970093832540117
9338,2,6.48141265536,8.139482310668715,1.658069655308715
9339,5,10.1542553293,9.969842401119985,0.18441292818001465
9340,2,8.97835051153,8.896709438807534,0.08164107272246568
9341,4,8.0087786467,9.436421685741555,1.4276430390415555
9342,4,8.18095239003,8.967299259539105,0.7863468695091047
9343,4,7.17765957751,7.981283606232054,0.8036240287220542
9344,3,9.28695649686,8.937814954129234,0.3491415427307665
9345,5,10.6263157568,9.424647911829297,1.2016678449707037
9346,3,9.44339620842,10.537745949180813,1.0943497407608138
9347,5,10.0220930438,9.282161210820568,0.7399318329794315
9348,3,9.59772723371,8.934774356869422,0.6629528768405777
9349,5,9.6025640292,8.899045922951972,0.703518106248028
9350,5,9.75116283949,9.179193105442028,0.5719697340479719
9351,5,10.8359999657,9.332983694972066,1.503016270727933
9352,5,10.1406249106,11.555024595139189,1.4143996845391893
9353,5,9.92222224341,12.40155483846312,2.479332595053121
9354,1,10.1150442647,10.634461408606981,0.5194171439069812
9355,1,11.3666666576,10.516538470949945,0.8501281866500552
9356,1,11.2666666667,9.764282819334024,1.5023838473659765
9357,3,9.76666673024,10.45835450495917,0.6916877747191688
9358,4,10.8890624195,10.924204203760898,0.035141784260897424
9359,1,11.100000004,12.99972579854154,1.8997257945415402
9360,4,9.64328353085,9.821128594629851,0.17784506377985032
9361,3,9.95131576689,9.094677154365385,0.8566386125246144
9362,2,10.2499999749,10.53574409443303,0.2857441195330299
9363,4,10.8174999595,9.73116104712652,1.0863389123734795
9364,2,12.0200000763,10.238027605398935,1.7819724709010654
9365,2,10.1833333969,9.732940377390086,0.45039301950991373
9366,2,12.0,9.567570119261926,2.4324298807380735
9367,2,11.8499999046,9.718148783888086,2.1318511207119144
9368,2,11.1159090779,10.542026223333671,0.5738828545663281
9369,3,10.0716049289,9.188669707856032,0.8829352210439669
9370,2,11.2166668574,9.843563351436917,1.3731035059630834
9371,3,9.24400001526,9.906614778994326,0.6626147637343269
9372,2,10.1766467066,10.12434885824473,0.05229784835526985
9373,2,9.63902436233,9.769042009758849,0.1300176474288488
9374,2,8.76835440986,9.257539880347103,0.4891854704871026
9375,5,8.89157893532,8.141122935021002,0.750456000298998
9376,5,10.6736841704,10.623865490851813,0.04981867954818675
9377,5,9.59024392105,9.427210597086752,0.16303332396324777
9378,4,6.66456310417,7.736380432811925,1.0718173286419246
9379,5,7.89999997616,7.372608736984146,0.527391239175854
9380,5,6.63888888889,4.519501746950436,2.1193871419395647
9381,5,7.09333333969,4.616237951831817,2.477095387858183
9382,5,7.84193552694,10.210598308809038,2.3686627818690376
9383,5,7.81111115879,7.0955613242191085,0.7155498345708917
9384,5,7.019047669,5.626177924269486,1.3928697447305138
9385,5,7.49333333969,5.199713111992454,2.293620227697547
9386,5,7.77368425068,9.819996174204375,2.0463119235243754
9387,5,5.22307694613,7.152894190853153,1.9298172447231527
9388,5,7.5312499702,6.093803858990613,1.437446111209387
9389,5,6.61999998093,5.205888905097375,1.4141110758326256
9390,5,7.6388888624,6.448688672225327,1.1902001901746733
9391,5,7.42800001144,6.586331858637772,0.8416681528022281
9392,5,7.11428574153,5.814650321442619,1.2996354200873812
9393,5,7.10714282308,6.472153600555856,0.634989222524144
9394,5,7.8620689984,9.599240609631645,1.7371716112316449
9395,5,7.19473680697,6.212139390316471,0.9825974166535287
9396,5,7.51111112701,6.3008526323539975,1.2102584946560029
9397,5,6.63333326976,5.288302875796171,1.3450303939638282
9398,5,7.64999997616,6.8375703379652295,0.8124296381947707
9399,5,7.55217388402,5.0466505478182935,2.5055233362017066
9400,5,7.47407408114,5.037446566307871,2.4366275148321295
9401,5,7.27272731608,4.7716349279593135,2.5010923881206866
9402,5,7.41333328883,5.193377600251457,2.2199556885785423
9403,5,6.76000000636,4.65461529135791,2.1053847150020903
9404,5,7.45416669051,6.00818432777954,1.4459823627304598
9405,5,6.53684207013,4.827659361339489,1.709182708790511
9406,5,7.50833332539,5.019832288724578,2.488501036665422
9407,5,7.24848484271,5.870711180298146,1.3777736624118537
9408,5,7.85000007493,7.052812265423438,0.7971878095065614
9409,5,4.58714859265,5.100661317792133,0.5135127251421325
9410,5,6.61538460927,4.647824647175579,1.9675599620944215
9411,5,4.42156972675,4.692265161880014,0.2706954351300146
9412,5,4.07727269693,3.7435402581059503,0.33373243882404946
9413,5,7.45648313246,5.423088008042095,2.033395124417905
9414,5,7.64285717692,5.521414534512564,2.1214426424074357
9415,5,7.59230760428,4.879956425669246,2.7123511786107546
9416,5,7.38235288508,5.097732226752264,2.2846206583277366
9417,5,7.16363629428,5.41780275812442,1.7458335361555797
9418,5,7.73571426528,4.164587258060898,3.5711270072191024
9419,5,7.00526315288,7.058703621083242,0.05344046820324255
9420,5,7.00000002649,5.187222374237404,1.8127776522525965
9421,5,7.4687500298,4.758924042764699,2.709825987035301
9422,5,7.28888895777,7.522253365587513,0.233364407817513
9423,5,7.48695647198,5.111330396661476,2.3756260753185243
9424,5,7.61818183552,4.9072789433966015,2.710902892123398
9425,5,4.95612901565,4.5989503853116975,0.35717863033830266
9426,5,7.66249996424,5.60380805938623,2.05869190485377
9427,5,7.30000007153,5.896123018228625,1.4038770533013754
9428,5,7.28888893127,5.739627255379279,1.5492616758907207
9429,5,6.95454543287,4.924300292425217,2.0302451404447828
9430,5,7.50555557675,8.201840574961054,0.6962849982110537
9431,5,6.83666667938,6.770363618186369,0.06630306119363105
9432,5,7.52500000596,5.793664696223754,1.731335309736246
9433,5,7.9761904989,8.890301598954787,0.9141111000547868
9434,5,3.93116218986,5.290989920274855,1.359827730414855
9435,5,14.1745989412,6.338590703254656,7.836008237945343
9436,5,7.71999995708,5.96492420878686,1.75507574829314
9437,5,7.12499992847,5.67960903750069,1.4453908909693105
9438,5,6.69375002384,6.170570645157989,0.5231793786820109
9439,5,6.55555552906,5.18927459732291,1.3662809317370899
9440,5,7.26666666667,6.482961656163123,0.7837050105068766
9441,5,6.54374998808,5.011416844643559,1.532333143436441
9442,5,7.49411762462,5.632359909928978,1.8617577146910227
9443,5,7.63749995828,5.460534596535345,2.1769653617446556
9444,5,6.92857136045,6.660837450644328,0.26773390980567235
9445,5,7.4166667064,6.95941169602568,0.45725501037432004
9446,3,3.53983050187,5.74039225743415,2.2005617555641503
9447,3,4.03333330154,5.753946800539239,1.7206134989992394
9448,3,4.91220930196,6.45113628857969,1.53892698661969
9449,3,4.70277775659,6.019569400251617,1.3167916436616176
9450,3,0.0,0.929219565084999,0.929219565084999
9451,3,4.80129309667,6.809804177653317,2.0085110809833164
9452,3,3.67333332698,6.806746990545082,3.133413663565082
9453,3,4.36267941991,6.746211871017572,2.3835324511075715
9454,3,7.14166669051,4.865714096496827,2.275952594013173
9455,3,6.24499995708,6.854625379400432,0.6096254223204323
9456,3,8.21875011921,6.079807601032776,2.138942518177224
9457,3,5.46500002146,5.96565595651043,0.50065593505043
9458,3,5.40364960162,5.559604161120781,0.1559545595007812
9459,3,7.43666664759,7.748955227869552,0.3122885802795521
9460,3,7.69999996185,5.931969431169261,1.768030530680739
9461,3,6.23125004768,6.6848794947262515,0.45362944704625185
9462,3,7.52941173666,4.782237425829642,2.747174310830358
9463,3,7.76000003815,4.772505709012023,2.987494329137977
9464,3,6.34000008901,6.132997846247223,0.20700224276277712
9465,3,7.64499993324,4.65578174434483,2.98921818889517
9466,1,7.96000003815,6.6172549367716655,1.342745101378334
9467,1,6.8909090649,8.269581268389468,1.3786722034894678
9468,1,7.98947379464,6.556127748208825,1.4333460464311756
9469,1,6.91176470588,6.769011093463099,0.1427536124169002
9470,1,6.37222223812,6.658701563456967,0.2864793253369671
9471,1,7.01052633085,8.31036313893858,1.29983680808858
9472,1,7.13571425847,5.557240738979299,1.578473519490701
9473,1,7.39047618139,6.9525873425863765,0.43788883880362395
9474,1,7.68260881175,6.340004435814375,1.3426043759356245
9475,1,8.00000002384,6.483024028314954,1.516975995525046
9476,1,7.63999996185,6.166748941388402,1.473251020461598
9477,1,6.86428577559,5.639841417835996,1.2244443577540043
9478,1,5.6,7.459925503236318,1.859925503236318
9479,1,6.89347828989,6.440331565528513,0.4531467243614866
9480,1,5.88823528851,8.083845081469208,2.1956097929592087
9481,1,7.33684208519,6.078258496892465,1.258583588297535
9482,1,7.24499998093,5.74470792105304,1.5002920598769602
9483,1,7.24166667461,5.59076699258455,1.6508996820254502
9484,1,6.98571434475,7.768031390065588,0.7823170453155885
9485,1,6.28500001431,6.385559650442103,0.10055963613210217
9486,1,7.3866666158,6.513651789927922,0.8730148258720787
9487,1,7.21363637664,6.35280327265728,0.8608331039827206
9488,1,7.06666673024,5.8637735215380005,1.2028932087019992
9489,1,6.13000001907,7.75216052200608,1.6221605029360804
9490,1,4.68214283671,10.115196138699822,5.433053301989823
9491,1,7.36000000636,6.866314429342681,0.4936855770173185
9492,1,7.74444444974,6.125520081372425,1.6189243683675745
9493,1,7.9,5.483750518025451,2.4162494819745497
9494,1,7.7894737595,7.126327761975223,0.6631459975247767
9495,1,7.52000001272,6.288874347347448,1.2311256653725513
9496,1,5.81875002384,6.0640133616479055,0.24526333780790566
9497,1,7.9133333842,5.937785845279226,1.9755475389207744
9498,1,6.57333332698,5.7366433042412215,0.8366900227387788
9499,1,7.1555555426,7.79537120414035,0.6398156615403501
9500,1,5.96500003338,6.587750618707435,0.6227505853274353
9501,1,5.95000004768,8.677950865604933,2.727950817924933
9502,1,6.50555555026,8.656950141858605,2.1513945915986046
9503,1,8.1562499702,6.473566806923754,1.682683163276245
9504,1,7.27857143538,5.71793795298173,1.56063348239827
9505,1,7.32499995828,5.818438970067275,1.5065609882127253
9506,1,7.84814820466,5.988944497459261,1.8592037072007388
9507,1,6.88800003052,6.680548358796585,0.2074516717234145
9508,1,7.61176482369,6.12827377272971,1.48349105096029
9509,1,8.07142860549,6.267371474395857,1.8040571310941438
9510,1,7.81500003338,6.770883245995362,1.0441167873846373
9511,1,7.21000003815,5.648519318998154,1.5614807191518452
9512,1,7.02941176471,5.80257758571215,1.2268341789978496
9513,1,6.51052630575,5.519627783343083,0.9908985224069173
9514,1,6.91500005722,6.171951099020944,0.743048958199056
9515,1,5.89411769194,6.083648080388146,0.18953038844814607
9516,1,6.89999998533,6.681673091779004,0.2183268935509961
9517,1,5.12040815061,7.177678076769638,2.0572699261596377
9518,1,7.33000001907,6.37255951865367,0.9574405004163298
9519,1,7.77692310627,5.608751451529567,2.1681716547404326
9520,1,7.99047626768,6.934844079219506,1.0556321884604944
9521,1,5.88636363636,6.298252643828215,0.4118890074682158
9522,1,8.30000005166,5.715694434862176,2.584305616797824
9523,1,7.96666666667,5.958745559248559,2.007921107421441
9524,1,5.87647053775,6.466572048217033,0.5901015104670329
9525,1,5.49411762462,8.217340430086303,2.7232228054663024
9526,1,8.1409090649,6.452722632482528,1.6881864324174725
9527,1,7.08666667938,6.9782000010789496,0.10846667830105083
9528,1,7.55624994636,5.348135251398343,2.2081146949616572
9529,1,6.94117641449,5.991608325870965,0.949568088619035
9530,1,6.88461534794,6.464233932097457,0.4203814158425425
9531,1,7.40952378228,6.921447395561179,0.4880763867188209
9532,1,7.78499999046,6.091326568254756,1.6936734222052445
9533,1,7.58461545064,6.260919414141361,1.3236960364986396
9534,1,5.69310346143,7.848995542237386,2.1558920808073863
9535,1,6.37222226461,6.187624159300153,0.18459810530984733
9536,1,7.9,6.4966678341894895,1.403332165810511
9537,1,7.76153839551,6.842739143148476,0.9187992523615236
9538,1,6.26842102252,6.723924935760522,0.45550391324052164
9539,1,6.27142851693,6.246202327586547,0.025226189343453775
9540,1,7.93846159715,5.76452669523602,2.17393490191398
9541,3,5.76764706654,7.698126209599487,1.930479143059487
9542,3,7.21944447358,7.578511401262386,0.35906692768238546
9543,3,6.44510870006,8.989995790363785,2.544887090303786
9544,3,6.38387097082,7.795802747135723,1.4119317763157229
9545,3,6.10384616485,7.087747402294529,0.9839012374445284
9546,3,4.04500000079,5.029564862485353,0.9845648616953531
9547,3,6.03478261699,6.380334285968566,0.3455516689785654
9548,3,4.45833336645,6.635078800937939,2.1767454344879393
9549,3,4.68142855508,6.734789635743961,2.0533610806639606
9550,3,6.21999998093,9.235337175925366,3.0153371949953662
9551,3,4.83142854146,6.657293009330125,1.825864467870125
9552,3,4.33902438675,6.918684274216161,2.5796598874661605
9553,3,5.58500000238,9.302657586036045,3.7176575836560444
9554,3,7.63009709756,8.341428616021824,0.7113315184618241
9555,3,7.40000009537,7.800563304209743,0.40056320883974283
9556,3,5.57999999306,6.886199324455361,1.3061993313953604
9557,3,7.18536587459,7.315954368491693,0.13058849390169236
9558,3,7.15625,8.7225001999335,1.5662501999334992
9559,3,5.53604651052,7.5011909357028195,1.9651444251828192
9560,3,7.98644067473,7.8754987811942625,0.11094189353573736
9561,3,5.26666667726,8.00102109501655,2.734354417756551
9562,3,5.18415093512,7.3968967959544285,2.2127458608344286
9563,3,8.03823529973,7.795246466677429,0.24298883305257046
9564,3,5.59285712242,6.858740233697842,1.2658831112778417
9565,3,6.14166673024,7.482101750817273,1.3404350205772735
9566,3,6.81111110581,6.376611346485573,0.4344997593244271
9567,3,4.80000000734,6.661929822826221,1.8619298154862207
9568,3,3.77647057702,6.229615856058604,2.4531452790386044
9569,3,4.18863638423,5.882207604034617,1.6935712198046176
9570,3,4.3222222858,5.531221981055813,1.2089996952558133
9571,3,7.80877195325,7.772578856254649,0.036193096995351226
9572,3,4.73603603861,8.983943156919045,4.247907118309045
9573,3,7.14268291869,7.847247931915016,0.7045650132250154
9574,3,8.48947364406,8.944911342469453,0.4554376984094528
9575,3,6.89285715989,8.409762199336342,1.5169050394463417
9576,3,5.54749999046,6.637576451266596,1.0900764608065954
9577,3,5.00555560324,9.405429360100324,4.399873756860324
9578,3,4.32040816424,6.411452705587871,2.0910445413478715
9579,3,5.20100001335,6.4048210570028665,1.2038210436528667
9580,3,7.27037035536,7.330465985559004,0.060095630199004546
9581,3,7.0301886752,7.106461304837683,0.07627262963768278
9582,3,7.33076921793,9.320080340335604,1.9893111224056037
9583,3,8.19411764893,6.218435479765336,1.9756821691646635
9584,3,7.37826090965,6.599322825545602,0.7789380841043982
9585,3,5.69184466056,7.581550093243771,1.8897054326837708
9586,3,7.06388890743,6.99961691732399,0.06427199010601026
9587,3,5.87777778837,7.77430556140423,1.8965277730342294
9588,3,5.3630434793,6.769217638504403,1.4061741592044035
9589,3,5.27777775129,5.2814199711701075,0.003642219880107156
9590,3,5.18061223809,7.0388603609913325,1.8582481229013323
9591,3,5.84347826502,7.3600874162645615,1.5166091512445616
9592,3,4.61976743853,7.796353002596795,3.1765855640667944
9593,3,5.91111107667,7.043776821041124,1.132665744371124
9594,3,6.54814813755,7.8320709797903785,1.2839228422403783
9595,3,5.18685713904,7.618198729323122,2.4313415902831226
9596,3,6.12820514043,7.735561697224439,1.6073565567944383
9597,3,5.00384615018,6.009540379141454,1.0056942289614534
9598,5,3.58666666879,4.678888591730711,1.0922219229407113
9599,5,4.06800001621,7.719799150949983,3.651799134739983
9600,5,4.90000000454,4.204432071168982,0.6955679333710174
9601,5,4.67051281379,4.281488832410897,0.3890239813791032
9602,5,3.72622950546,6.053072997538436,2.326843492078436
9603,5,3.91410257572,3.597306066361501,0.316796509358499
9604,5,4.19999999801,4.440105623574738,0.24010562556473758
9605,5,4.09090905479,9.06866916972535,4.97776011493535
9606,5,3.40238094897,6.1615962858742375,2.7592153369042376
9607,5,4.1944444312,4.354105091035569,0.15966065983556899
9608,5,4.08750003576,5.313668911045751,1.226168875285751
9609,5,3.98333330552,4.630724246600797,0.6473909410807974
9610,5,6.14210530331,4.846153975177403,1.2959513281325972
9611,5,5.74166667461,4.549238741500318,1.1924279331096823
9612,5,5.33999999364,3.8784948206656544,1.4615051729743458
9613,5,3.26875001192,4.8009737836310205,1.5322237717110205
9614,5,4.43333332627,6.317067007328031,1.8837336810580316
9615,5,3.33684209594,4.925027218040393,1.588185122100393
9616,5,3.55384613917,5.798404292485719,2.244558153315719
9617,5,3.91034482265,5.742055238687003,1.8317104160370032
9618,5,4.33595506261,8.531968980609681,4.196013917999681
9619,5,5.50000007947,5.518259465755699,0.01825938628569901
9620,5,6.99166671435,4.861309990602049,2.1303567237479513
9621,5,4.64838712446,4.520256623660982,0.1281305007990179
9622,5,3.92631577191,4.317291916319128,0.390976144409128
9623,5,4.03684209104,6.007291701774587,1.9704496107345877
9624,5,4.22307695792,4.853883335844257,0.630806377924257
9625,5,3.74666666455,3.9843541237277744,0.23768745917777423
9626,5,4.36212121357,4.526933799083192,0.1648125855131921
9627,5,4.11219516033,5.159294930473726,1.047099770143726
9628,5,3.37450979738,7.950723930281192,4.576214132901192
9629,5,3.39104477327,4.589972031915321,1.1989272586453215
9630,5,3.91111110316,5.392662301315058,1.4815511981550578
9631,5,3.90666666031,4.461119807831844,0.5544531475218442
9632,5,6.22666667302,4.220699481850353,2.0059671911696473
9633,5,6.41666668256,5.089119361199858,1.327547321360142
9634,5,4.26111111376,4.268428380543574,0.007317266783573473
9635,5,3.66451612083,5.213945919240272,1.549429798410272
9636,5,3.74878047152,4.301419872241345,0.5526394007213451
9637,5,4.19230769231,4.812918023241135,0.620610330931135
9638,5,4.34905662627,3.9926363524114397,0.3564202738585607
9639,5,4.47714286532,5.9775466677741615,1.5004038024541613
9640,5,4.75306119724,4.549520659837013,0.20354053740298728
9641,5,4.65714286623,5.506785897376963,0.8496430311469627
9642,5,3.43333333817,5.083860766301019,1.6505274281310185
9643,5,3.36551725453,4.063858884543956,0.6983416300139562
9644,5,6.43333337042,3.7999572960574053,2.6333760743625945
9645,5,4.22121211254,5.008634659440304,0.787422546900304
9646,5,4.3904762041,4.5155028452259796,0.12502664112597994
9647,5,3.63661970891,5.3673420893596475,1.7307223804496474
9648,5,4.30952377168,4.4696703497017864,0.1601465780217861
9649,5,5.95263154883,4.755699572864579,1.1969319759654216
9650,5,5.42222224341,4.7660713640635795,0.6561508793464208
9651,5,4.13913043686,4.924655005348329,0.785524568488329
9652,5,6.92500007153,4.90719236053601,2.0178077109939903
9653,5,4.45999994278,4.713434454829219,0.2534345120492194
9654,5,3.64615381681,4.726065729557769,1.079911912747769
9655,5,3.35000000217,5.151038003562785,1.8010380013927856
9656,5,3.82323233046,4.378341960219734,0.5551096297597335
9657,5,3.80508474172,3.6783206137820503,0.12676412793794967
9658,5,4.57499996821,4.887811489544461,0.3128115213344609
9659,5,4.19999998808,4.872341077760808,0.672341089680808
9660,5,4.97433628656,4.33605810624975,0.63827818031025
9661,3,7.5,6.324349757795611,1.175650242204389
9662,3,6.54761907033,6.185610361850319,0.3620087084796806
9663,3,6.74666662216,6.527998728875112,0.21866789328488867
9664,3,7.15789468665,5.701613225293755,1.4562814613562445
9665,3,6.47142853056,7.772919025710854,1.301490495150854
9666,3,6.01481478303,7.1183987341136366,1.1035839510836363
9667,3,6.94800003052,7.297052641144497,0.3490526106244971
9668,3,6.79285720416,7.828493047009867,1.0356358428498673
9669,2,6.76923076923,5.6242543125077535,1.1449764567222465
9670,2,6.39166669051,6.310202434838525,0.08146425567147553
9671,2,6.68421055141,9.8234451818201,3.1392346304101
9672,4,6.66250002384,5.729507769349619,0.9329922544903813
9673,4,7.37142859186,6.257815067003326,1.1136135248566736
9674,4,5.69600000381,6.6243650099595435,0.9283650061495434
9675,4,7.23076919409,8.389659641477257,1.1588904473872574
9676,4,5.47692306225,5.880758365495499,0.4038353032454989
9677,4,6.75384613184,5.666683510374504,1.0871626214654952
9678,4,7.33750006557,6.8300499803551356,0.507450085214864
9679,4,6.21333332062,7.563657308194347,1.3503239875743462
9680,4,6.7136363658,6.739411409233617,0.02577504343361703
9681,4,5.51499998569,5.799104708201444,0.2841047225114437
9682,4,5.98888889949,7.89872582107272,1.9098369215827198
9683,4,7.40357143538,6.3386324657304804,1.0649389696495195
9684,4,7.29090911692,6.432383914455581,0.8585252024644188
9685,4,7.42000007629,8.610691119432442,1.1906910431424418
9686,4,7.74166671435,6.354362712453296,1.3873040018967036
9687,4,7.56666676203,6.682667731373189,0.8839990306568106
9688,4,5.81333328883,6.4106617422150425,0.5973284533850425
9689,4,6.98461539929,6.925198182757023,0.05941721653297716
9690,4,5.87058821846,6.403826521085881,0.5332383026258807
9691,4,6.66153841752,7.3115584104697255,0.6500199929497255
9692,4,6.87407403522,6.862637073359336,0.011436961860663786
9693,4,6.5555555114,7.621388864329884,1.065833352929884
9694,4,7.02978721578,6.758933774368325,0.270853441411675
9695,4,5.38333332539,6.672560313719538,1.2892269883295384
9696,4,7.07500004768,7.437231516148259,0.36223146846825927
9697,4,6.83333325386,6.463878090970299,0.36945516288970115
9698,4,6.68947372938,7.047031694122773,0.3575579647427727
9699,4,7.29999995232,6.9308996505930045,0.3691003017269958
9700,4,6.52857140132,6.359770366836132,0.16880103448386752
9701,4,5.65,6.548991358347777,0.8989913583477769
9702,4,8.0741935853,6.162552946934127,1.9116406383658724
9703,4,7.01739128776,6.5725966178078945,0.44479466995210526
9704,4,6.37307695242,7.03926742539874,0.66619047297874
9705,4,6.83333338632,7.193458475351765,0.3601250890317651
9706,4,6.5,6.658754002368293,0.15875400236829318
9707,4,7.64230766663,6.186867554037335,1.4554401125926653
9708,4,7.04999995232,6.116362927485573,0.933637024834427
9709,4,7.38750004768,6.326749139094742,1.0607509085852573
9710,4,6.50833328565,6.339154480660245,0.16917880498975535
9711,4,6.8520000267,6.20324944721359,0.6487505794864097
9712,4,6.3833334446,8.143894928486494,1.7605614838864945
9713,4,6.60357143198,7.243788409822834,0.6402169778428339
9714,4,7.2823529524,7.535487994376019,0.25313504197601855
9715,4,7.5444443844,6.590800204396081,0.953644180003919
9716,4,7.32499998808,6.925220302264581,0.39977968581541923
9717,4,7.88750004768,6.4000112327230205,1.4874888149569792
9718,4,7.75000011921,6.993903443654288,0.7560966755557121
9719,4,7.97500006358,6.291431026807427,1.6835690367725729
9720,4,7.38235294118,8.288415418428311,0.9060624772483115
9721,4,6.25,6.77583873641029,0.5258387364102903
9722,4,7.21538466674,6.013656446805944,1.201728219934056
9723,4,7.06666668256,7.353163853446465,0.28649717088646476
9724,4,6.14666665395,6.762169851259457,0.6155031973094571
9725,4,6.89230775833,6.821392129210933,0.07091562911906735
9726,4,7.31304359436,7.374864440080436,0.06182084572043589
9727,4,7.30588234172,7.697609144391361,0.39172680267136073
9728,4,7.23000001907,5.926333848319354,1.3036661707506463
9729,4,6.56170213983,7.149655208520435,0.5879530686904344
9730,4,7.31200008392,5.626529390662261,1.6854706932577388
9731,4,6.89374998212,7.581898495231693,0.6881485131116927
9732,4,7.04375001788,6.912141720569783,0.13160829731021728
9733,4,6.70588235294,7.8660908784059345,1.1602085254659347
9734,4,7.01999998093,7.466211536816377,0.44621155588637684
9735,4,6.6499999894,6.14217080489211,0.5078291845078899
9736,4,7.27333335876,6.063981603104567,1.2093517556554332
9737,4,7.73749995232,6.39018356486903,1.3473163874509702
9738,2,7.14999997616,6.693864813577737,0.45613516258226294
9739,2,7.59333327611,7.0618758387951885,0.5314574373148115
9740,2,7.64545453678,6.82524720013576,0.8202073366442404
9741,2,6.75,9.167380148853308,2.417380148853308
9742,2,6.65714284352,7.233796978102514,0.5766541345825145
9743,2,7.89999995913,6.988902950926793,0.9110970082032068
9744,2,7.48571429934,6.653760739244775,0.8319535600952248
9745,2,7.21250003576,6.379828044712177,0.8326719910478229
9746,2,7.43333323797,6.399659652727541,1.0336735852424592
9747,2,6.74999989782,6.558612161441321,0.19138773637867956
9748,2,4.47272726984,5.332633050218016,0.8599057803780159
9749,2,7.42000007629,6.502812402536059,0.9171876737539408
9750,2,7.04285710199,6.284888697732381,0.7579684042576194
9751,2,7.53333330154,6.279378918935167,1.2539543826048325
9752,2,8.6250000596,5.955109060842446,2.6698909987575536
9753,2,6.83529413448,6.491137474179156,0.34415666030084413
9754,2,6.58461541396,6.013592858288947,0.5710225556710533
9755,2,7.0888888571,6.041126271474742,1.0477625856252581
9756,2,7.77272731608,6.395310824253958,1.3774164918260423
9757,2,7.71428564617,6.000249191528882,1.7140364546411178
9758,2,7.56923077657,6.324163525939722,1.245067250630278
9759,2,7.32222212685,5.988146095950942,1.334076030899058
9760,2,7.58571427209,6.7704187319666955,0.8152955401233042
9761,2,6.74000002543,6.67469193313094,0.06530809229905987
9762,2,7.04444445504,6.788586782691148,0.25585767234885193
9763,2,6.17000002861,7.703212140090446,1.533212111480446
9764,2,7.12499988079,6.591594202597095,0.5334056781929046
9765,2,6.92666660945,5.958755334969606,0.9679112744803939
9766,2,7.4375,6.114735604568507,1.3227643954314932
9767,2,7.15,6.386899668418389,0.7631003315816116
9768,2,4.5186046556,6.1424367773632795,1.6238321217632796
9769,2,6.65238089789,7.2752426431380615,0.6228617452480618
9770,2,6.79999995232,6.236381537143336,0.5636184151766646
9771,2,6.90833338102,7.429995998346538,0.5216626173265375
9772,2,7.23999991417,7.456379372311766,0.21637945814176618
9773,2,7.10000004768,7.019581580576909,0.0804184671030912
9774,2,8.05555566152,6.075304413245746,1.9802512482742536
9775,2,8.17142868042,6.799238607179107,1.3721900732408931
9776,2,6.90000005202,6.714160870107549,0.18583918191245097
9777,2,7.17777776718,7.212192214650054,0.034414447470053844
9778,2,7.14444441266,7.075665982350213,0.06877843030978781
9779,2,4.99230764462,6.32370522773426,1.33139758311426
9780,2,8.63999996185,6.939977965427083,1.700021996422917
9781,2,6.96666661898,6.486405708526486,0.4802609104535138
9782,2,7.30714283671,6.54698904255904,0.76015379415096
9783,2,6.57142850331,6.594748115303011,0.023319611993010803
9784,2,8.6,6.300962413677235,2.299037586322765
9785,2,6.5,6.826339237434233,0.3263392374342331
9786,2,6.91111119588,6.475757697866982,0.4353534980130185
9787,2,7.17999992371,6.622734754320405,0.5572651693895949
9788,2,7.68333323797,6.2971754964139475,1.3861577415560529
9789,2,7.25,6.757256702859158,0.49274329714084164
9790,2,7.44444444444,6.914378996034887,0.5300654484051135
9791,2,7.65000003576,9.595261106994016,1.9452610712340164
9792,2,8.02857146944,6.08871453302509,1.939856936414909
9793,2,6.97500002384,5.98782581917386,0.9871742046661396
9794,2,7.71250003576,6.303103206390894,1.409396829369106
9795,2,7.30000004768,6.721890487732042,0.5781095599479587
9796,2,7.77142858505,6.425213170577212,1.3462154144727876
9797,2,7.70909088308,6.161566730387852,1.547524152692148
9798,2,6.4999999404,7.870654640149669,1.370654699749669
9799,2,7.15999994278,6.051947346426116,1.1080525963538834
9800,2,7.4416667223,6.817992041629639,0.6236746806703612
9801,2,6.63333330154,6.43954003729734,0.1937932642426592
9802,2,7.69230769231,6.077805834390828,1.614501857919172
9803,2,7.62500011921,9.5611620333449,1.9361619141348996
9804,2,7.44999992847,6.807485457494039,0.6425144709759607
9805,2,7.20000002119,7.950113377914988,0.750113356724988
9806,2,7.83333357175,6.535461717967284,1.2978718537827163
9807,2,7.44285719735,7.409097903184442,0.03375929416555845
9808,2,6.74999996594,5.9893518396336045,0.7606481263063953
9809,2,7.19545453245,6.358241441201924,0.837213091248076
9810,2,6.84000005722,6.322898839877023,0.5171012173429768
9811,2,7.22999997139,6.4052674966383485,0.8247324747516513
9812,2,6.8833334446,6.397426141583213,0.48590730301678686
9813,2,6.625,6.565130934649867,0.059869065350133255
9814,2,7.14444435967,6.224846985090318,0.9195973745796815
9815,2,7.16666658719,6.580641916296384,0.5860246708936163
9816,2,7.56000003815,6.619851622202116,0.9401484159478839
9817,2,7.2333334287,6.049131922058034,1.1842015066419656
9818,2,8.0,6.433049931915125,1.566950068084875
9819,2,6.64999985695,6.619807702434396,0.030192154515604308
9820,2,7.23636362769,6.388795259850358,0.8475683678396422
9821,2,7.08888891008,6.2610069285895005,0.8278819814904992
9822,2,7.42500001192,6.23628365135319,1.1887163605668096
9823,2,6.85000002384,7.058752569184964,0.20875254534496435
9824,2,6.46666661898,6.642746687233034,0.17608006825303413
9825,2,2.8857142755,7.661371375799983,4.775657100299983
9826,2,5.99687501788,7.752842324196562,1.7559673063165624
9827,2,4.01666666522,6.342632913446668,2.325966248226668
9828,2,7.14444441266,6.748106085373339,0.39633832728666185
9829,2,7.68181818182,6.610460445907662,1.071357735912338
9830,2,7.21904763721,6.7733685545408235,0.44567908266917655
9831,2,7.38888888889,6.154362782953118,1.2345261059368822
9832,2,6.67999982834,6.299558415214719,0.3804414131252809
9833,2,7.78749996424,7.093754745010553,0.6937452192294469
9834,2,6.79999989271,6.624148082541203,0.1758518101687967
9835,2,7.42727266658,6.698087347042188,0.7291853195378124
9836,2,6.69999998808,7.957982983607264,1.2579829955272643
9837,2,7.04999995232,6.598447648323215,0.4515523039967855
9838,2,6.92500007153,6.007356186787231,0.9176438847427697
9839,2,7.01111110051,6.62193995492975,0.38917114558025023
9840,2,3.26818181303,6.23541480606135,2.9672329930313497
9841,2,6.8272727186,6.496671805077569,0.3306009135224306
9842,2,7.26666665077,7.052346175693854,0.21432047507614627
9843,2,6.94000005722,6.925084767574189,0.014915289645810681
9844,2,6.6999999455,6.5538875690496745,0.1461123764503256
9845,2,8.21999998093,9.25297833717947,1.0329783562494708
9846,2,8.57333339055,6.495862884375715,2.0774705061742846
9847,2,7.27272722938,7.225209983814346,0.047517245565654065
9848,2,7.30909104781,6.122832344007335,1.1862587038026646
9849,2,7.03333330154,6.565380100557404,0.4679532009825955
9850,2,7.22500002384,6.9916706129186785,0.2333294109213213
9851,2,7.15384611717,7.5190979586097475,0.36525184143974787
9852,2,6.88000011444,6.549375373806346,0.3306247406336533
9853,2,7.41666658719,6.184936087922937,1.231730499267063
9854,2,6.38333328565,6.585026717418695,0.20169343176869514
9855,2,7.07999992371,6.983147269231058,0.09685265447894231
9856,2,7.10909089175,6.2875235286544875,0.8215673630955127
9857,2,7.51249992847,5.881926512984085,1.6305734154859142
9858,2,2.85416667163,6.0372322969421415,3.1830656253121417
9859,2,6.64545453678,6.804477784206272,0.15902324742627183
9860,2,6.55625006557,6.660327195901204,0.10407713033120469
9861,2,6.71999998093,6.631296852288881,0.08870312864111884
9862,2,7.38461538462,6.893981149586368,0.4906342350336317
9863,2,7.83529416253,5.906467114606171,1.9288270479238294
9864,2,7.34545469284,7.792194007000897,0.4467393141608973
9865,2,7.3,7.446922441240195,0.1469224412401955
9866,2,8.3000000545,6.979833848499197,1.3201662060008026
9867,2,6.51538467407,6.0177976102489055,0.4975870638210944
9868,2,7.66923075456,6.784419802748711,0.8848109518112892
9869,2,7.04545463215,7.265274910388032,0.21982027823803207
9870,2,7.32222223282,8.487217482268825,1.1649952494488254
9871,2,6.69999990463,6.690354507378745,0.009645397251254906
9872,2,7.0,6.382361763645099,0.6176382363549013
9873,2,7.19999988874,7.761097649932806,0.5610977611928059
9874,2,7.09999990463,6.383539543230141,0.716460361399859
9875,2,7.06818177483,6.4806361657014655,0.5875456091285347
9876,2,7.19999992847,6.617603039128685,0.5823968893413145
9877,2,4.39310346801,6.8261604652169385,2.433056997206939
9878,2,3.73376621828,5.829894785895103,2.096128567615103
9879,2,7.25999994278,7.577230208426593,0.3172302656465922
9880,2,7.15000006131,6.622076573675401,0.5279234876345988
9881,2,6.78235292435,6.217809907851528,0.5645430164984715
9882,2,7.70000012716,7.51366688827355,0.18633323888645048
9883,2,8.39999993642,5.610406988663762,2.7895929477562387
9884,2,7.9333334287,6.304247315660421,1.6290861130395795
9885,2,7.17777782016,6.080896726795039,1.0968810933649609
9886,2,7.70999999046,6.915046437801934,0.7949535526580664
9887,2,7.52857140132,6.108495244428601,1.4200761568913984
9888,2,7.80000007153,6.009134253559141,1.7908658179708592
9889,2,7.19090908224,6.222145720344164,0.968763361895836
9890,2,6.81818190488,6.13206025304177,0.6861216518382305
9891,2,6.43333333333,6.15972145018797,0.27361188314203044
9892,2,7.16666671965,6.754063439390659,0.4126032802593409
9893,2,6.91428579603,6.563539020987628,0.3507467750423716
9894,2,7.62142852374,6.912768860557335,0.7086596631826643
9895,2,2.30769228935,9.901367404768138,7.593675115418138
9896,2,7.78571421759,6.337311743541745,1.4484024740482546
9897,5,4.47307693041,4.444702580183543,0.028374350226457068
9898,5,6.03658535422,4.569062028869274,1.4675233253507258
9899,5,0.0,0.5746782239324659,0.5746782239324659
9900,5,5.79508197503,4.678239327679249,1.1168426473507518
9901,5,3.68235294024,4.110284798183262,0.42793185794326183
9902,5,4.58947367417,4.530227236551202,0.059246437618798
9903,5,5.22777777248,5.0874911888339724,0.1402865836460272
9904,5,3.76811594203,4.61609658349421,0.8479806414642099
9905,5,4.45550458366,4.4697249618481525,0.014220378188152694
9906,5,5.29302323696,4.3436476712901335,0.9493755656698664
9907,5,3.52666667302,6.030480638971376,2.5038139659513763
9908,5,4.14999999745,6.765725135515234,2.615725138065234
9909,5,8.35000014305,7.314641832560618,1.0353583104893822
9910,5,7.60625001788,3.3816988151945004,4.224551202685499
9911,5,3.81379310016,5.314143417103976,1.500350316943976
9912,5,6.43157893733,4.1065478324941065,2.325031104835894
9913,5,4.50978263046,4.843387242682587,0.33360461222258664
9914,5,4.26666665872,4.735825261761152,0.4691586030411514
9915,5,3.56562497467,5.534693097044805,1.969068122374805
9916,5,4.72799998283,4.988366641956688,0.26036665912668777
9917,5,7.31818181818,4.709666417701223,2.608515400478777
9918,5,7.67500003747,5.0169860589628374,2.658013978507163
9919,5,7.59499998093,4.686918593028782,2.908081387901218
9920,5,8.0428571701,6.326315113828098,1.7165420562719014
9921,5,4.01702126205,4.499440200840693,0.4824189387906932
9922,5,4.32727272708,4.185773652420158,0.14149907465984235
9923,5,6.01499996185,6.832121647156263,0.8171216853062626
9924,5,4.1090909062,5.436984368757715,1.3278934625577152
9925,5,4.31463413704,5.912101924634404,1.5974677875944048
9926,5,4.83809525626,5.863653711857362,1.0255584555973618
9927,5,7.35000014305,6.602471778982732,0.7475283640672679
9928,5,7.94000007629,4.239071219557008,3.7009288567329914
9929,5,3.90200001717,5.052949841006697,1.1509498238366973
9930,5,4.22575758081,6.673238459506473,2.4474808786964735
9931,5,4.63888889551,7.25141785103568,2.61252895552568
9932,5,3.41481480775,5.399536940996116,1.984722133246116
9933,5,4.34285716783,5.556215195319091,1.2133580274890905
9934,5,4.3529411905,6.263780976261849,1.9108397857618487
9935,5,4.10909089898,4.811514328927046,0.7024234299470464
9936,5,4.47333339055,5.3527446203972975,0.8794112298472978
9937,5,4.39230768497,5.6708240270708785,1.278516342100879
9938,5,4.07500000795,5.461892532218977,1.3868925242689771
9939,5,5.69999992847,4.969775105259217,0.7302248232107829
9940,5,3.88421051126,6.1834235218539,2.2992130105939
9941,5,7.47600000381,4.652884113061674,2.8231158907483263
9942,5,7.6249999404,6.996949873951587,0.628050066448413
9943,5,7.52500003576,6.1834013462942785,1.3415986894657213
9944,5,7.55000004768,4.266359475200536,3.283640572479464
9945,5,7.97500014305,9.335839612786222,1.3608394697362218
9946,5,8.04000015259,4.965463610865898,3.074536541724102
9947,5,7.72000001272,4.627304520967291,3.0926954917527087
9948,5,7.87647070604,4.895970246523122,2.980500459516878
9949,5,8.06896556657,5.6896562535869,2.3793093129831
9950,5,7.82000007629,4.777770360266883,3.042229716023117
9951,5,7.24999996026,8.768338264570554,1.5183383043105536
9952,5,7.810526371,4.842134212366675,2.968392158633325
9953,5,8.05000019073,4.928541117753413,3.1214590729765863
9954,5,7.80588234172,8.836282031670208,1.0303996899502081
9955,5,8.43333339691,4.79972803514339,3.633605361766609
9956,5,8.07000002861,5.8556718513124615,2.2143281772975385
9957,5,9.17199996948,4.798781759039068,4.373218210440932
9958,5,7.60909089175,4.291423412775858,3.3176674789741423
9959,5,7.4529411933,4.711669358788974,2.741271834511026
9960,5,7.4157895038,3.9417904303950912,3.473999073404909
9961,5,6.5888888571,5.187309205702972,1.4015796513970278
9962,5,7.79500000477,8.88900133339926,1.0940013286292603
9963,5,8.14166669051,9.258083472228115,1.1164167817181152
9964,5,7.18000001907,6.357288451528619,0.822711567541381
9965,5,7.60666662852,5.371886298775843,2.234780329744157
9966,5,7.41052632583,4.510836418816412,2.899689907013588
9967,5,8.13333328565,4.131628663460791,4.001704622189209
9968,5,7.97857144901,4.932324753940961,3.0462466950690397
9969,5,8.24666665395,9.967344852434145,1.720678198484146
9970,5,7.77499997616,8.352085138885197,0.5770851627251972
9971,5,7.86315794995,5.885271542775724,1.9778864071742754
9972,5,7.49500007629,5.053102750880592,2.441897325409408
9973,5,7.6,6.174153325410618,1.4258466745893816
9974,5,7.79999999205,4.65041657571226,3.14958341633774
9975,5,7.96363644166,5.0673560539242235,2.896280387735777
9976,5,8.13750010729,4.960146987163224,3.177353120126776
9977,5,7.90000004239,4.577787337197494,3.3222127051925066
9978,5,7.57857135364,5.14809069479568,2.4304806588443197
9979,5,6.53636364503,4.9595686868741105,1.5767949581558893
9980,5,7.88000001907,4.494535702168125,3.3854643169018743
9981,5,7.75263158899,4.2418120203213014,3.5108195686686985
9982,5,7.51111112701,4.970706252652331,2.5404048743576695
9983,5,7.26000003815,6.504246062614069,0.7557539755359315
9984,5,7.64800001144,4.620370884533402,3.0276291269065974
9985,5,7.16666666667,7.977493110855816,0.8108264441858157
9986,5,7.82000001272,6.281266787523775,1.538733225196225
9987,5,8.90000004239,4.593389905326454,4.3066101370635455
9988,5,9.16666666667,4.831750528802292,4.334916137867708
9989,5,6.99285718373,5.216745007569367,1.776112176160633
9990,5,8.08823529412,6.047479513224893,2.0407557808951076
9991,5,8.70476200467,4.476779586763856,4.227982417906144
9992,5,7.69999996821,5.674455301906102,2.0255446663038983
9993,5,7.47142859868,4.7549588928498245,2.7164697058301757
9994,5,8.37000007629,5.482582523078509,2.88741755321149
9995,5,7.59999995232,4.8072346564688555,2.7927652958511446
9996,5,7.7066666921,4.2246964349360905,3.4819702571639093
9997,5,7.60000000681,4.915820642854047,2.684179363955953
9998,5,7.97500011325,6.663673126085515,1.3113269871644855
9999,5,7.1882352829,4.194717561009167,2.993517721890833
10000,5,7.64838707832,4.5779649946294185,3.0704220836905813
10001,5,8.0150001049,8.532029370731703,0.5170292658317024
10002,5,7.60526320809,5.123309983567745,2.481953224522255
10003,5,8.18333323797,5.279148748698464,2.904184489271536
10004,5,8.10000018279,5.4879300758928835,2.612070106897116
10005,5,7.64285714286,5.612806592775783,2.0300505500842165
10006,5,7.84583340089,9.522069823588701,1.6762364226987012
10007,5,7.64705879548,5.033827951635283,2.6132308438447165
10008,5,7.8125,4.371753236479286,3.440746763520714
10009,5,8.05333328247,4.491110108618901,3.5622231738510983
10010,5,7.89166673024,4.716529252003417,3.175137478236583
10011,5,7.35217388817,4.588846457788565,2.7633274303814357
10012,5,7.6875,5.224856719291569,2.4626432807084306
10013,5,7.54999995232,5.045951601632387,2.5040483506876132
10014,5,6.98333326976,6.28030192682945,0.7030313429305499
10015,5,7.84814820466,4.936707667241194,2.911440537418806
10016,5,7.83666675886,5.033943044460933,2.8027237143990664
10017,5,8.15714291164,10.08606718369977,1.9289242720597706
10018,5,7.54000005722,4.645052227597892,2.894947829622108
10019,5,7.52727274461,4.5408098711538845,2.986462873456116
10020,5,8.64999995913,9.631746808689938,0.9817468495599382
10021,5,8.01250006755,7.049442755143348,0.9630573124066526
10022,5,8.74761903854,6.558834325720801,2.1887847128191993
10023,5,8.64166673024,4.189532551335532,4.452134178904469
10024,5,8.09999995761,4.908371974435553,3.191627983174447
10025,5,8.64999997616,6.222958892270254,2.427041083889746
10026,5,7.70000004768,6.545381127526001,1.1546189201539985
10027,5,7.60588239221,6.700178605344995,0.9057037868650051
10028,5,7.2642856666,7.823921072563464,0.5596354059634638
10029,5,7.46666666667,4.217543541019822,3.2491231256501782
10030,5,6.73076923077,9.080266483812645,2.349497253042645
10031,5,7.54999998638,4.806801349273277,2.7431986371067225
10032,5,8.75000015895,4.498858685910816,4.251141473039183
10033,5,8.375,4.249169586803145,4.125830413196855
10034,5,7.54444450802,5.089248334084175,2.455196173935825
10035,5,7.47999998728,4.351718739965614,3.128281247314386
10036,5,8.27500003576,6.058117685556024,2.216882350203976
10037,5,7.6000000106,4.898641336070167,2.701358674529833
10038,5,8.17499998212,4.350896334177278,3.824103647942721
10039,5,7.93333335718,5.067123140212592,2.866210216967408
10040,5,7.61428571883,4.302606336480965,3.311679382349035
10041,5,7.59999994131,4.693556570733081,2.906443370576919
10042,5,7.58000001907,4.294235730059253,3.2857642890107472
10043,5,8.170588297,5.2929678150906305,2.8776204819093696
10044,5,8.07000007629,6.204958703994052,1.8650413722959485
10045,5,9.13571419035,4.610822311030066,4.524891879319934
10046,5,7.0777777036,4.567509029024393,2.510268674575607
10047,3,7.375,6.045120417287928,1.3298795827120724
10048,3,8.51999988556,7.527106570429721,0.9928933151302797
10049,3,7.74285711561,5.24320487186931,2.49965224374069
10050,3,7.09999990463,5.427470550810298,1.6725293538197015
10051,3,8.59999998411,6.374144626148922,2.225855357961077
10052,3,7.72500008345,5.403627739610684,2.3213723438393163
10053,3,7.00000006812,8.3226671491946,1.3226670810746004
10054,3,8.14444435967,5.567252109059778,2.5771922506102225
10055,3,6.05624997616,7.163521147441297,1.1072711712812966
10056,3,7.88333336512,5.99528948561202,1.8880438795079808
10057,3,8.04999995232,6.580242445788515,1.4697575065314856
10058,3,8.93333339691,5.819888495510151,3.1134449013998484
10059,3,7.63571422441,5.8490140743338745,1.7867001500761255
10060,3,8.54999990463,6.297990052483314,2.2520098521466867
10061,3,6.97000012398,7.939694877228411,0.9696947532484108
10062,3,7.97500010331,5.778793610545806,2.196206492764194
10063,3,8.16250014305,5.815398227363389,2.3471019156866113
10064,3,6.91111108992,7.034986521531568,0.12387543161156778
10065,3,6.8125,6.369378304992516,0.4431216950074841
10066,3,8.36363636364,6.351359993341989,2.012276370298011
10067,3,8.48750007153,9.143300566910733,0.655800495380733
10068,3,7.12666660945,9.673721546257463,2.547054936807463
10069,3,7.71666669846,6.6031297822463255,1.1135369162136746
10070,3,7.82307698176,6.853532861203043,0.9695441205569573
10071,3,7.25882353502,9.511782494552513,2.2529589595325126
10072,3,7.14999997616,7.538247661260105,0.38824768510010443
10073,3,6.93000004292,7.567432145308786,0.6374321023887859
10074,3,8.2133333842,5.5262485041062135,2.6870848800937868
10075,3,8.54166674614,5.805524500897873,2.736142245242128
10076,3,7.38666664759,8.208619225543304,0.8219525779533035
10077,3,7.7,6.431390548852833,1.2686094511471673
10078,3,8.75833320618,5.364074076518802,3.3942591296611972
10079,3,8.46363644166,5.6263356945424725,2.8373007471175278
10080,3,7.84117650986,5.545713187881324,2.2954633219786764
10081,3,6.4789474136,5.52064918471665,0.9582982288833506
10082,3,6.5933333079,5.7348932935591375,0.8584400143408626
10083,3,7.20000001907,5.4531289713983675,1.7468710476716325
10084,3,7.8833334446,9.523111922039053,1.6397784774390534
10085,3,8.43333318498,5.625846463528285,2.807486721451715
10086,3,7.58999991417,9.576225910928827,1.9862259967588267
10087,3,9.43333339691,5.996671720562144,3.436661676347855
10088,3,7.46249997616,5.4293445615492,2.0331554146107997
10089,3,8.23333337572,6.4211078595528495,1.8122255161671497
10090,3,8.13529421301,6.0477591436702305,2.0875350693397703
10091,3,7.71250003576,5.950392088341337,1.762107947418663
10092,3,8.85000014305,7.320442295630867,1.5295578474191327
10093,3,8.21250003576,4.93158188151733,3.28091815424267
10094,3,7.29999990463,5.643841455750977,1.6561584488790233
10095,3,7.98888889949,5.210429834922222,2.7784590645677785
10096,3,8.0624999404,5.280017120928669,2.7824828194713316
10097,3,8.26250004768,6.321361972244599,1.9411380754354006
10098,3,8.34166673819,6.5348291740482605,1.8068375641417393
10099,3,7.97777785195,6.033461844066599,1.9443160078834012
10100,3,8.55714266641,5.8017281725571745,2.7554144938528253
10101,3,9.01666673024,6.5358581340605335,2.4808085961794673
10102,3,8.47000007629,6.357875944818167,2.112124131471834
10103,3,8.6714286123,5.59864838984848,3.07278022245152
10104,3,9.73333334923,7.070185908326133,2.6631474409038667
10105,3,8.75000011921,9.025218730739187,0.27521861152918703
10106,3,6.55999996662,5.803055989036729,0.7569439775832718
10107,3,6.92666667302,6.619676546797255,0.306990126222745
10108,3,8.18333331744,5.716539180374349,2.4667941370656514
10109,3,7.07499996821,6.227813038657942,0.8471869295520582
10110,3,8.53333322207,5.972784664202994,2.5605485578670066
10111,3,7.96666669846,9.133461793876648,1.1667950954166484
10112,3,7.28888887829,5.513275322951387,1.7756135553386132
10113,3,7.66000013351,6.986330584561678,0.6736695489483218
10114,3,7.07142850331,8.545402171160955,1.473973667850955
10115,3,8.08000006676,5.22490802674033,2.85509204001967
10116,3,8.04615394886,7.5240493534446085,0.5221045954153922
10117,3,8.28181825985,5.388668366171586,2.893149893678414
10118,3,6.52000007629,5.913642807735977,0.6063572685540226
10119,3,7.15333325068,5.768242155089013,1.3850910955909876
10120,3,7.60833334923,5.84965287821945,1.7586804710105497
10121,3,7.59090913426,5.382041487694645,2.2088676465653556
10122,3,8.61250007153,5.987451661046185,2.6250484104838154
10123,3,7.91250011325,6.370758806079916,1.541741307170084
10124,3,7.10833326976,6.0122967430291805,1.0960365267308196
10125,3,7.0111111535,5.787670978530775,1.223440174969225
10126,3,8.044444561,7.763883191922544,0.2805613690774562
10127,3,7.31818177483,5.344679455397484,1.9735023194325159
10128,3,7.99166671435,5.5808373532219075,2.4108293611280924
10129,3,6.22499996424,8.664854216759728,2.439854252519728
10130,3,7.57500004768,5.153817049875075,2.421182997804925
10131,3,7.61111116409,5.438727303099535,2.1723838609904655
10132,3,7.64444441266,6.356832329053107,1.2876120836068932
10133,3,7.53333330154,6.690122180815123,0.8432111207248765
10134,3,7.37500007947,5.884298934789706,1.490701144680294
10135,3,8.57500004768,5.861760073354368,2.7132399743256315
10136,3,7.75,5.566935121554685,2.1830648784453146
10137,3,8.26923084259,5.290696269964922,2.978534572625078
10138,3,8.74444431729,5.904543400544526,2.8399009167454743
10139,3,7.82105257637,7.2500889960599055,0.5709635803100941
10140,3,5.90000001589,8.678965954822292,2.7789659389322923
10141,3,6.78999998569,6.614403687357375,0.1755962983326249
10142,3,6.82500008742,6.335384676620116,0.48961541079988447
10143,3,6.90000009537,6.184427092932594,0.7155730024374058
10144,3,5.85333344142,6.418258771666819,0.5649253302468189
10145,3,6.99333333969,8.618693883293961,1.6253605436039607
10146,3,6.09999997992,6.759734342682023,0.6597343627620234
10147,3,7.03999996185,8.442345476402028,1.402345514552028
10148,3,6.5200000445,6.748309724501152,0.2283096800011526
10149,3,6.625,6.7129546517346865,0.08795465173468653
10150,3,6.55625000596,6.970732790633984,0.41448278467398403
10151,3,6.63749998808,7.36183648868324,0.7243365006032398
10152,3,7.24999992053,7.055585250687054,0.19441466984294564
10153,3,6.13999989827,6.900558422531928,0.7605585242619277
10154,3,6.36666674084,6.8916013477454205,0.5249346069054202
10155,3,7.45625001192,8.825062199082339,1.368812187162339
10156,3,7.27499997616,10.165038320624028,2.8900383444640276
10157,3,6.37272726406,6.261082166293393,0.11164509776660658
10158,3,7.15483871583,10.6980497504657,3.543211034635699
10159,3,6.7055555582,5.196958009695425,1.508597548504575
10160,3,7.63333324591,5.33961812909053,2.2937151168194703
10161,3,4.59583326181,6.067861329781561,1.4720280679715607
10162,3,6.66249999404,7.018160325059891,0.3556603310198909
10163,3,6.59999996821,6.483697815510334,0.11630215269966548
10164,3,5.95833337307,6.603061115477969,0.6447277424079685
10165,3,6.875,6.804534330201696,0.07046566979830438
10166,3,7.50624999404,7.092232463092335,0.4140175309476648
10167,3,6.61333335241,6.506108682273449,0.10722467013655113
10168,3,6.32666664124,6.691203015677234,0.3645363744372343
10169,3,6.74705889646,6.6497760898148215,0.09728280664517808
10170,3,6.44666671753,7.237419028822522,0.7907523112925219
10171,3,7.34400005341,7.577818960548209,0.2338189071382084
10172,3,6.60999999046,6.457405407488216,0.1525945829717843
10173,3,6.5,6.324448989380246,0.17555101061975442
10174,3,6.44615386083,7.460114124945177,1.0139602641151768
10175,3,6.47333335876,7.164487571438269,0.6911542126782697
10176,3,6.94666671753,7.131982537481653,0.18531581995165247
10177,3,7.42727270993,7.682511962896771,0.25523925296677064
10178,3,6.83750003576,6.316417610135726,0.5210824256242734
10179,3,5.98000001907,5.643932957411337,0.33606706165866296
10180,3,6.28750008345,6.710809706332924,0.4233096228829236
10181,3,7.06666660309,9.359693772166604,2.2930271690766046
10182,3,6.5833332936,6.947455470574927,0.3641221769749272
10183,3,6.23333330949,6.940609162214357,0.707275852724357
10184,3,6.64444441266,5.290426870331025,1.3540175423289753
10185,3,6.29000000954,6.919894545622375,0.6298945360823751
10186,3,6.15499994755,9.405143296969802,3.250143349419802
10187,3,7.06111105283,6.848127789727553,0.21298326310244686
10188,3,7.6411764762,6.083476374193889,1.5577001020061108
10189,3,7.09000000954,6.782252976493117,0.30774703304688256
10190,3,6.98124995828,6.445270164520474,0.5359797937595259
10191,3,5.84000015259,7.373315609136428,1.5333154565464282
10192,3,6.60833330949,6.379007612861784,0.22932569662821578
10193,3,6.46875,8.489157435480008,2.020407435480008
10194,3,6.44545461915,6.511881943818331,0.06642732466833046
10195,3,6.31333341599,9.434870510416335,3.121537094426335
10196,3,6.38750001788,6.3109869819913555,0.07651303588864433
10197,3,6.17499988079,7.549076493957414,1.3740766131674143
10198,3,7.21333328883,6.461473942336567,0.7518593464934336
10199,3,6.76999998093,6.574943552782588,0.19505642814741186
10200,3,5.74761901583,5.892362876107484,0.14474386027748398
10201,3,6.34000000954,6.563571461504505,0.22357145196450556
10202,3,7.10499994755,7.820287215833561,0.7152872682835616
10203,3,7.23000001907,7.3469917454440505,0.11699172637405031
10204,3,6.72499996424,6.217425808671729,0.5075741555682711
10205,3,8.08571440833,5.543448891402187,2.542265516927813
10206,3,6.04499998093,5.978013795221987,0.0669861857080134
10207,3,5.93333339691,5.772790826936458,0.16054256997354255
10208,3,6.61249998212,5.725771663515168,0.886728318604832
10209,3,6.38666671117,6.2142302155314795,0.1724364956385207
10210,3,7.24666662216,6.048703038488744,1.1979635836712559
10211,3,7.11428574153,5.942978199665209,1.171307541864791
10212,3,6.13333336512,5.903195461935624,0.2301379031843762
10213,3,6.67999999523,7.25603023567228,0.5760302404422797
10214,3,6.59000005722,6.174218293496541,0.41578176372345954
10215,3,6.32499998808,5.916429020204786,0.40857096787521385
10216,3,7.74999992053,5.708714110107302,2.041285810422698
10217,3,5.96000003815,7.331071558660119,1.3710715205101192
10218,3,6.44666665395,5.909833833037853,0.5368328209121476
10219,3,6.06000000636,7.967905659503573,1.9079056531435725
10220,3,6.69166664282,5.843879337549279,0.847787305270721
10221,3,6.40689659119,6.32825606904049,0.07864052214950945
10222,3,6.45000004768,6.542652975315098,0.09265292763509869
10223,3,7.30000004015,5.961451952113009,1.3385480880369904
10224,3,6.75999997457,7.80506688640666,1.0450669118366598
10225,3,5.45000000561,5.448493641990122,0.0015063636198773267
10226,3,6.84166665872,5.5305028504262435,1.311163808293757
10227,3,6.94615389751,6.162373960668008,0.7837799368419924
10228,3,6.22499998411,5.918756924508722,0.30624305960127796
10229,3,6.98666664759,6.855437975201376,0.131228672388624
10230,3,6.70000002384,7.442391620207948,0.7423915963679475
10231,3,6.34666671753,5.824058098901384,0.5226086186286159
10232,3,6.33999996185,5.456358001612545,0.8836419602374557
10233,3,7.78000001907,6.454987685624389,1.3250123334456108
10234,3,5.98000001907,6.96020755312195,0.9802075340519494
10235,3,6.53500001431,5.860381155318084,0.6746188589919164
10236,3,6.3999999894,5.368911422378204,1.0310885670217962
10237,3,5.27666662534,6.801844814951399,1.525178189611399
10238,5,5.0470588067,4.611508327597246,0.435550479102754
10239,5,5.48571426528,5.261442510003313,0.2242717552766873
10240,5,5.54583330949,6.924900633087914,1.3790673235979138
10241,5,6.15499997139,4.802711087075211,1.3522888843147882
10242,5,6.57692304024,4.507020558750359,2.069902481489641
10243,5,4.49999997195,5.4837344501614655,0.9837344782114652
10244,5,6.62499996026,4.6247588637486885,2.0002410965113118
10245,5,7.3714285578,4.561984099957279,2.809444457842721
10246,5,6.38124999404,4.92347723843762,1.45777275560238
10247,5,5.87222223812,4.224870424156785,1.6473518139632146
10248,5,6.98750007153,4.801723039456451,2.185777032073549
10249,5,7.18666664759,5.362504034213098,1.8241626133769024
10250,5,5.39374995232,5.569599769560378,0.17584981724037796
10251,5,5.76363637231,4.516369022890018,1.2472673494199817
10252,5,6.95000004768,4.808540556773263,2.141459490906737
10253,5,6.7,4.378932914549388,2.321067085450612
10254,5,6.90000002725,7.445622017282039,0.5456219900320392
10255,5,6.66111106343,4.764028645910528,1.8970824175194716
10256,5,6.1111111376,4.795108760696163,1.3160023769038371
10257,5,4.97500002384,4.50049345914308,0.4745065646969202
10258,5,7.0666667223,5.383495951282153,1.6831707710178465
10259,5,4.56666668256,6.265622603498485,1.6989559209384852
10260,5,7.325,4.955618259640191,2.3693817403598088
10261,5,5.61999998093,5.2621594811171875,0.35784049981281285
10262,5,6.46250003576,4.862792407814428,1.5997076279455715
10263,5,5.82916669051,4.619935753085924,1.209230937424076
10264,5,5.72916668653,4.895387214677115,0.8337794718528855
10265,5,4.87142854077,4.857710327298548,0.013718213471451968
10266,5,4.95416667064,4.681891715207749,0.272274955432251
10267,5,6.49090909958,4.915855554865452,1.5750535447145477
10268,5,6.6727272814,4.794960230407241,1.8777670509927589
10269,5,5.71363639832,4.988838729041792,0.7247976692782085
10270,5,5.49999997616,4.61249804059849,0.8875019355615095
10271,5,6.18181811679,4.834178482386129,1.3476396344038708
10272,5,5.7708333532,4.66069953420546,1.11013381899454
10273,5,5.34999997616,5.010988993668887,0.3390109824911134
10274,5,5.5166666309,5.060163451463678,0.45650317943632146
10275,5,4.82499998808,4.7356513009586205,0.08934868712137956
10276,5,4.58285711833,4.800585994369467,0.2177288760394669
10277,5,4.46000003815,4.910100963359739,0.450100925209739
10278,5,6.47500006358,4.933929046116635,1.5410710174633646
10279,5,7.64000005722,5.623412497668397,2.0165875595516027
10280,5,5.17499995232,5.577333046183886,0.40233309386388605
10281,5,5.78,5.595242751053192,0.18475724894680834
10282,5,4.44400001526,5.222276981198821,0.7782769659388205
10283,5,5.94500005245,5.305456439461565,0.6395436129884349
10284,5,4.37000000477,4.162135687595651,0.20786431717434883
10285,5,5.5799999396,4.961389127826738,0.6186108117732623
10286,5,5.77000002861,5.661453886807507,0.10854614180249289
10287,5,5.61999998093,5.2622066524132,0.35779332851680046
10288,5,4.84999997616,5.189121670841633,0.33912169468163267
10289,5,6.3199999673,4.522136121741568,1.7978638455584326
10290,5,4.93000000318,4.83404550120243,0.0959545019775696
10291,5,6.58749997616,4.651051711803889,1.9364482643561107
10292,5,5.11785713264,5.988859374025326,0.8710022413853258
10293,5,4.19199993134,4.834710205741464,0.6427102744014643
10294,5,5.26499996185,5.454226000970843,0.18922603912084313
10295,5,6.49090901288,5.692824355720651,0.7980846571593494
10296,5,5.10344822653,4.9489072394764815,0.15454098705351882
10297,5,6.375,4.571553509318601,1.8034464906813987
10298,5,5.85555550787,4.641917223639611,1.213638284230389
10299,5,4.99375000596,6.062000980265617,1.0682509743056174
10300,5,5.44000002543,5.3858851927038955,0.05411483272610429
10301,5,6.54782608281,5.834205835836924,0.7136202469730764
10302,5,7.11666671435,4.555504130676686,2.5611625836733136
10303,5,6.61999988556,5.553206592251742,1.0667932933082582
10304,5,5.61666660839,4.172059640995583,1.4446069673944173
10305,5,7.41874998808,5.002128468816448,2.4166215192635523
10306,5,4.88666671117,4.751002085214813,0.13566462595518747
10307,5,5.21666665872,4.755841876488185,0.460824782231815
10308,5,6.58500006199,4.881590282304508,1.703409779685492
10309,5,6.46666663034,5.464225957571529,1.0024406727684712
10310,5,6.28000004292,4.9778864326707435,1.3021136102492568
10311,5,5.69705883194,5.196131569771582,0.5009272621684175
10312,5,6.53846152012,5.060167993072923,1.478293527047077
10313,5,5.32727278363,4.580734541317852,0.7465382423121474
10314,5,6.41428565979,4.001383753959825,2.412901905830175
10315,5,5.90999999046,4.783015584880772,1.1269844055792282
10316,5,6.08571424938,4.894136226176199,1.1915780232038005
10317,5,5.02424234332,5.2039286253762675,0.17968628205626747
10318,5,5.07999994755,7.847911292133233,2.767911344583233
10319,5,5.366666703,5.1015821285413825,0.26508457445861744
10320,5,6.16499993801,4.301986675356655,1.8630132626533449
10321,5,5.87499998013,4.216400503819816,1.658599476310184
10322,5,6.13500001431,4.504319150924292,1.6306808633857077
10323,5,5.57714287894,4.915814228126205,0.661328650813795
10324,5,5.1799999555,5.0449056427270484,0.13509431277295114
10325,5,5.46666667196,7.157568554751819,1.6909018827918194
10326,5,5.72666665713,5.042465664636879,0.6842009924931212
10327,5,5.54500000477,4.74946443369287,0.7955355710771306
10328,5,6.4375000596,4.958656742025676,1.4788433175743236
10329,5,5.21538463006,4.284686800295482,0.9306978297645179
10330,5,6.63666664759,4.613104616417374,2.0235620311726263
10331,5,5.37500003974,5.310419968591804,0.06458007114819608
10332,5,6.60769224167,4.185435802555174,2.4222564391148254
10333,5,6.45714286395,5.093394506060779,1.3637483578892207
10334,5,6.37333335876,5.594302399349347,0.7790309594106528
10335,5,6.45555559794,4.819595900303314,1.635959697636686
10336,5,6.75588233331,5.006555478525634,1.749326854784366
10337,5,5.11333328883,4.309895621489174,0.8034376673408259
10338,5,5.51500000954,5.0262509725256646,0.48874903701433503
10339,5,6.23913039332,4.919570795361338,1.319559597958662
10340,5,5.69999998808,5.090949940201416,0.6090500478785845
10341,5,6.56000003815,4.480676035998643,2.079324002151357
10342,5,6.68333331744,5.667140353135329,1.016192964304671
10343,3,6.55833335718,7.890887531791278,1.3325541746112775
10344,3,7.80000006069,6.467711164060222,1.3322888966297786
10345,3,6.13333320618,5.417933171515758,0.715400034664242
10346,3,6.58999996185,5.37992126090025,1.21007870094975
10347,3,6.77333339055,6.176404807265877,0.5969285832841233
10348,3,6.53999996185,6.491399954908131,0.04860000694186972
10349,3,7.03333335453,5.460397848359332,1.5729355061706682
10350,3,6.81428561892,6.001585874896392,0.8126997440236075
10351,3,6.34999998411,7.095168963904907,0.745168979794907
10352,3,6.30000008477,6.2104306374368665,0.08956944733313321
10353,3,8.36250001192,6.431405898918741,1.9310941130012589
10354,3,6.37777778837,5.640377470952444,0.7374003174175563
10355,3,6.41111108992,6.562291205180434,0.1511801152604333
10356,3,6.80000007153,9.965566078210507,3.165566006680507
10357,3,6.68125000596,5.684216569650191,0.9970334363098088
10358,3,6.22499996424,5.504758069392652,0.7202418948473479
10359,3,7.03076923811,5.9087114394285845,1.122057798681416
10360,3,6.64545445009,5.658141400518684,0.9873130495713163
10361,3,6.36000013351,5.843560937924597,0.5164391955854031
10362,3,7.94999996821,9.154268451496787,1.2042684832867865
10363,3,6.27500009537,6.74015015325464,0.4651500578846397
10364,3,6.75714288439,6.5793276863419194,0.17781519804808088
10365,3,6.46000003815,6.454171406265583,0.005828631884416957
10366,3,7.07368421555,7.587711718782033,0.5140275032320325
10367,3,7.50476190022,7.074945461269766,0.42981643895023414
10368,3,7.93913036844,7.5442800565127195,0.3948503119272804
10369,3,6.47692309893,6.071325270208037,0.40559782872196326
10370,3,6.77333335876,6.663173259587643,0.11016009917235703
10371,3,6.57142850331,6.755826845459197,0.18439834214919681
10372,3,6.62499992053,5.731701256574178,0.8932986639558216
10373,3,6.66000003815,5.6815486114802685,0.9784514266697313
10374,3,6.76666667726,5.710681621011794,1.0559850562482058
10375,3,6.37000007629,6.636156992180866,0.2661569158908659
10376,3,7.23333326976,9.115276636364499,1.8819433666044985
10377,3,6.56666668256,5.566781032611983,0.9998856499480171
10378,3,6.6571429457,5.542117866918355,1.1150250787816454
10379,3,6.56666665607,5.372897571823611,1.193769084246389
10380,3,8.70000009537,5.880204330545999,2.8197957648240006
10381,3,7.71999988556,6.110961210342365,1.6090386752176347
10382,3,7.02000007629,6.27286720342598,0.7471328728640199
10383,3,6.33846158248,5.912024528933674,0.42643705354632555
10384,3,6.37777789434,6.469687158350537,0.09190926401053634
10385,3,6.65999994278,6.282004232736311,0.37799571004368904
10386,3,6.56363630295,6.087930806144019,0.47570549680598084
10387,3,6.6875,5.700820382862414,0.986679617137586
10388,3,6.47727274895,5.502315569348676,0.9749571796013239
10389,3,6.62222215864,6.2326205032617015,0.38960165537829816
10390,3,6.72142856462,5.479185219723302,1.242243344896698
10391,3,8.15263158397,6.016026444328826,2.1366051396411745
10392,3,7.04193549002,6.531167694608479,0.5107677954115211
10393,3,7.06666660309,5.460469775388459,1.6061968277015408
10394,3,6.7722222805,5.796260574498275,0.9759617060017254
10395,3,6.64999997616,9.221126710066189,2.5711267339061887
10396,3,6.625,5.989399277772941,0.6356007222270588
10397,3,7.8799999555,6.168059090333161,1.7119408651668389
10398,3,7.16666666667,5.847748899345339,1.3189177673246615
10399,3,6.19166664282,6.950678457456544,0.7590118146365441
10400,3,7.06666669846,9.277815475410602,2.211148776950602
10401,3,6.71428571429,5.434095586285373,1.2801901280046266
10402,3,7.26666667726,6.023133615239853,1.2435330620201466
10403,3,7.18000001907,6.704740602378141,0.4752594166918591
10404,3,8.85555553436,8.08512961615357,0.7704259182064312
10405,3,7.38999996185,6.489035695943326,0.9009642659066737
10406,3,6.72500002384,5.395950484937233,1.3290495389027672
10407,3,6.86666663488,5.83511245847806,1.03155417640194
10408,3,6.43636369705,5.789871600328384,0.6464920967216159
10409,3,6.78000011444,6.31840535999352,0.46159475444648024
10410,3,7.13333328565,8.227997606764507,1.0946643211145073
10411,3,7.04666668574,5.402804639379214,1.6438620463607858
10412,3,6.42857149669,6.306176228309663,0.12239526838033665
10413,3,6.88000001907,9.35025540550344,2.47025538643344
10414,3,6.80000003179,5.696822752178337,1.1031772796116632
10415,3,6.64545453678,9.710917289988297,3.0654627532082968
10416,3,7.54999995232,6.6019997342480865,0.9480002180719138
10417,3,6.58571420397,7.069225676532565,0.4835114725625651
10418,3,7.07692304024,6.367502886840658,0.7094201533993418
10419,3,6.68571424484,5.90985194422014,0.7758623006198597
10420,3,6.55714280265,7.031901021432972,0.47475821878297264
10421,3,6.46250003576,6.181391471489631,0.2811085642703688
10422,3,7.75555562973,8.574254744140735,0.8186991144107347
10423,3,7.02999997139,5.486737242661402,1.5432627287285978
10424,3,6.88181825118,5.567626161734816,1.314192089445184
10425,3,7.0,5.8357943993202905,1.1642056006797095
10426,3,7.50869568535,7.023286227532262,0.48540945781773814
10427,3,8.85294117647,6.46054392126788,2.3923972552021207
10428,3,7.51999998093,5.460969695879292,2.0590302850507074
10429,3,6.24615375812,5.584678901509259,0.6614748566107416
10430,3,6.97142859868,5.7948479970067055,1.1765806016732947
10431,3,7.34444443385,5.386241115008163,1.9582033188418366
10432,3,7.55714287077,5.428420631606846,2.128722239163154
10433,3,6.47500002384,5.912537125114341,0.5624628987256592
10434,3,6.33749997616,5.409437824138665,0.9280621520213348
10435,3,6.61666659514,6.070057581072662,0.5466090140673376
10436,3,7.0,8.27781464820701,1.2778146482070092
10437,3,6.69999989596,6.246979575030606,0.4530203209293937
10438,3,6.68571417672,6.005156243765271,0.6805579329547298
10439,3,6.82999992371,6.052819950407052,0.7771799733029479
10440,3,6.71249997616,5.607352968715379,1.1051470074446215
10441,3,6.93846156047,5.659178361087005,1.2792831993829958
10442,3,6.67777776718,5.768216876438558,0.9095608907414423
10443,3,6.54999995232,5.538106066288755,1.0118938860312454
10444,3,6.38000011444,6.07012751824235,0.30987259619764984
10445,3,6.38333336512,6.1970260369795405,0.18630732814045992
10446,3,7.07777780957,5.925975935484946,1.151801874085054
10447,3,6.65555556615,5.539156736377919,1.1163988297720815
10448,3,6.97777777248,6.095568039798515,0.8822097326814848
10449,3,6.5888888571,5.648097275174136,0.9407915819258639
10450,3,6.68333335718,5.801066196414601,0.8822671607653998
10451,3,6.53333330154,5.624385163938793,0.9089481376012065
10452,3,6.86874997616,6.053913641357251,0.8148363348027488
10453,3,7.43333331744,6.344196995421411,1.0891363220185886
10454,3,6.68571424484,5.680910084744205,1.0048041600957944
10455,3,7.18181822517,5.275148007454501,1.906670217715499
10456,3,6.50714278221,6.5489948951251415,0.04185211291514168
10457,3,7.20000004768,5.733706482678082,1.4662935650019175
10458,3,6.97058826334,5.642240985239264,1.3283472781007362
10459,3,6.86250001192,6.406007247680868,0.4564927642391323
10460,3,8.05909098278,6.924072227566961,1.1350187552130402
10461,3,7.61000000636,7.601119360040614,0.00888064631938601
10462,3,7.26875001192,8.444342424773687,1.1755924128536872
10463,1,7.42105270687,6.3893501812465185,1.0317025256234817
10464,1,7.32499989867,9.007006621842766,1.6820067231727664
10465,1,7.03076923811,6.5835565134188805,0.44721272469111994
10466,1,7.36111111111,7.685350198361327,0.32423908725132744
10467,1,4.67333339055,5.772631022950868,1.0992976324008685
10468,1,6.85833338896,7.157418236049848,0.2990848470898477
10469,1,8.63846155313,6.718246064600767,1.9202154885292329
10470,1,8.53333330154,6.7835790624684575,1.7497542390715433
10471,1,7.7333334287,7.296435338007321,0.4368980906926794
10472,1,7.61304353631,6.891186414118533,0.7218571221914676
10473,1,7.11578941345,9.82645665699259,2.7106672435425905
10474,1,4.12916663289,7.549910197553648,3.420743564663648
10475,1,4.8714285578,4.902096258975098,0.03066770117509776
10476,1,7.89999993642,7.407078899742845,0.4929210366771555
10477,1,7.66923079124,7.230024987951923,0.43920580328807723
10478,1,8.32222223282,10.462271702536574,2.1400494697165744
10479,1,7.03076923811,9.93659770508335,2.9058284669733503
10480,1,7.7222223017,7.426531316571604,0.2956909851283953
10481,1,3.663461527,6.665045235954878,3.001583708954878
10482,1,3.87909085967,8.729773982786302,4.850683123116302
10483,1,8.38333336512,6.906819124186502,1.4765142409334988
10484,1,8.80000002682,7.077709809147619,1.7222902176723807
10485,1,4.38000008265,6.108803670740334,1.7288035880903347
10486,1,7.99999996026,9.80610083676105,1.8061008765010502
10487,1,7.36666669846,7.443024955725536,0.07635825726553591
10488,1,7.84375011921,8.645903021740178,0.8021529025301781
10489,1,7.70625001192,7.12563717458479,0.5806128373352095
10490,1,7.87894730819,6.23784192664959,1.6411053815404095
10491,1,7.36875002086,6.309207087684841,1.059542933175159
10492,1,9.35263146852,7.325611284559882,2.0270201839601185
10493,1,8.02916675806,9.004305657072557,0.9751388990125562
10494,1,7.42000007629,6.606147143173583,0.8138529331164168
10495,1,4.22615381388,5.96679948859358,1.74064567471358
10496,1,8.10000010899,6.664118459656271,1.43588164933373
10497,1,7.53000001907,9.886835441680704,2.356835422610704
10498,1,8.83571440833,6.660176445224991,2.1755379631050094
10499,1,7.40645162521,7.5447677824515225,0.13831615724152257
10500,1,7.16499989033,9.308755049485079,2.143755159155079
10501,1,4.39999995913,7.002385227507992,2.6023852683779927
10502,1,4.25454542854,6.128370738266209,1.8738253097262092
10503,1,3.80601503257,6.307630304387542,2.5016152718175424
10504,1,7.48181819916,8.030643085852798,0.548824886692798
10505,1,7.54999997881,6.997981196265246,0.5520187825447538
10506,1,8.10000006358,9.241196094345424,1.1411960307654248
10507,1,7.12222221163,6.44647535172539,0.6757468599046099
10508,1,7.68125000596,6.965314900147142,0.715935105812858
10509,1,7.37692312094,10.359204568495429,2.9822814475554287
10510,1,3.79795917686,5.979857610119469,2.1818984332594686
10511,1,7.7260869275,6.225845321370086,1.5002416061299142
10512,1,7.37187504768,6.953452482514098,0.41842256516590126
10513,1,9.2333334287,7.363772917332108,1.869560511367892
10514,1,7.68888892068,10.00281832905831,2.3139294083783106
10515,1,7.7777777248,6.875702650991035,0.9020750738089651
10516,1,7.34166669846,7.069618154408636,0.2720485440513638
10517,1,7.73529425789,6.74848337460826,0.9868108832817395
10518,1,8.16190474374,8.25986054696003,0.09795580322003161
10519,1,7.67999992371,7.0545558637347305,0.6254440599752691
10520,1,8.77500009537,9.095175419901187,0.3201753245311867
10521,1,7.90000007266,6.667798970437239,1.2322011022227608
10522,1,7.60416662693,7.314872669555795,0.2892939573742046
10523,1,8.6718750596,7.47088572305171,1.2009893365482895
10524,1,7.44999995828,6.782130940896826,0.6678690173831745
10525,1,7.79999998212,6.92400277617491,0.8759972059450902
10526,1,4.88400001526,6.899240528882859,2.0152405136228593
10527,1,4.03043475358,6.023205648563758,1.9927708949837584
10528,1,6.64166665077,6.195627056615331,0.4460395941546693
10529,1,6.85833334923,5.499951605297806,1.3583817439321937
10530,1,6.85,5.442371340534459,1.4076286594655407
10531,1,6.5461538755,6.3605267855069005,0.1856270899930994
10532,1,7.00526317797,5.9712469669860955,1.0340162109839044
10533,1,6.48666667938,5.423182090456066,1.0634845889239335
10534,1,3.95040001106,6.126245732327554,2.175845721267554
10535,1,3.61604936623,5.653071995059783,2.037022628829783
10536,1,5.18571429593,5.300262534939817,0.11454823900981648
10537,1,6.53000001907,8.557721560422436,2.0277215413524363
10538,1,6.87368418041,8.417351942696065,1.5436677622860655
10539,1,6.125,7.502048064627076,1.3770480646270764
10540,1,6.1999999455,6.035051559025396,0.1649483864746042
10541,1,6.09999995232,6.939696064255177,0.8396961119351767
10542,1,6.73333334923,5.796849692611092,0.9364836566189076
10543,1,6.59999998411,7.559918053174126,0.959918069064126
10544,1,6.23076930413,5.4076113456820405,0.8231579584479594
10545,1,6.6285714422,5.0224077082354714,1.6061637339645287
10546,1,6.26363632896,6.5205164348121265,0.25688010585212684
10547,1,6.42857149669,7.642863380836247,1.2142918841462471
10548,1,4.84166665872,5.49151029212479,0.6498436334047897
10549,1,5.35517238748,8.134864573870843,2.779692186390843
10550,1,4.83333349228,6.865054716195218,2.031721223915217
10551,1,4.15000009537,8.44885828184377,4.298858186473769
10552,1,6.56999993324,7.484949896679203,0.9149499634392031
10553,1,6.66666666667,6.5540928295436505,0.11257383712634983
10554,1,5.8750000298,6.417864790333928,0.5428647605339281
10555,1,5.34736844113,7.039634147656457,1.6922657065264568
10556,1,5.53600000381,6.085739410534405,0.549739406724405
10557,1,6.9545454112,6.71389594935304,0.24064946184696012
10558,1,6.69285716329,7.090401303215619,0.39754413992561854
10559,1,6.86249995232,5.47397013028786,1.3885298220321403
10560,1,5.59333340327,5.34637701039782,0.24695639287218007
10561,1,5.66315786462,5.3418755334023125,0.3212823312176871
10562,1,7.01818180084,5.258776165490707,1.7594056353492933
10563,1,5.52000007629,6.282859296474596,0.7628592201845965
10564,1,5.86923082058,6.287193072142026,0.4179622515620256
10565,1,5.56111115879,7.79422627491455,2.2331151161245497
10566,4,5.38444442749,6.047965206901944,0.663520779411944
10567,4,5.18235293557,6.306185328327727,1.123832392757727
10568,4,4.0333332936,6.002365853975933,1.9690325603759327
10569,4,6.46296296296,6.095045445206566,0.3679175177534342
10570,4,4.98888889949,5.212385532472496,0.22349663298249567
10571,4,5.0764706275,5.19510443595326,0.11863380845325988
10572,4,5.73750001192,4.8737130579948875,0.8637869539251124
10573,4,4.59199996948,4.387209606313801,0.20479036316619847
10574,4,6.66500000954,4.695119029997031,1.9698809795429693
10575,4,4.71999993324,4.779200061319203,0.05920012807920383
10576,4,6.87222223812,4.442590559105156,2.429631679014844
10577,4,6.73888889949,4.605528279249738,2.1333606202402624
10578,5,4.82727276195,3.720222717746564,1.1070500442034357
10579,5,5.44000005722,3.085086521487593,2.3549135357324067
10580,5,7.38499999046,4.490493769515677,2.894506220944323
10581,5,6.26000000636,5.172469426868842,1.0875305794911583
10582,5,5.48125001788,8.25827743467645,2.7770274167964493
10583,5,5.16666663488,3.874758171073875,1.2919084638061253
10584,5,5.61132075652,3.905173726104003,1.7061470304159965
10585,5,4.86000003815,7.20273772627694,2.34273768812694
10586,5,5.85625001788,3.777906946106855,2.078343071773145
10587,5,5.49199995041,3.616163733794579,1.8758362166154212
10588,5,5.58999998569,4.2225778733881185,1.367422112301881
10589,5,5.48666667938,4.05323696247472,1.4334297169052794
10590,5,6.00399997711,3.633314155623193,2.3706858214868074
10591,5,5.5583332777,4.847024193719845,0.7113090839801552
10592,5,5.75833332539,3.7245731335731147,2.033760191816885
10593,5,6.4062500298,3.5346086574273787,2.871641372372621
10594,5,4.98750001192,4.079711276575692,0.9077887353443082
10595,5,5.74166667461,4.09393638703917,1.6477302875708304
10596,5,6.63999998569,4.747283451707812,1.8927165339821883
10597,5,4.98076926745,4.252836867720969,0.7279323997290312
10598,5,7.4352942074,4.112166073783994,3.323128133616006
10599,5,5.27692303291,3.9544935609602714,1.3224294719497287
10600,5,6.61999994914,4.199851649365149,2.4201482997748514
10601,5,5.82666664124,4.0581310259197085,1.7685356153202916
10602,5,7.03499996662,4.222188894090733,2.812811072529267
10603,5,5.21886792273,3.8704436988447437,1.3484242238852566
10604,5,5.97999997139,3.99823046556771,1.9817695058222897
10605,5,6.64999995232,3.7495268717450703,2.9004730805749297
10606,5,6.51764701394,3.949569011210409,2.5680780027295906
10607,5,6.32499994834,4.000435394484125,2.3245645538558755
10608,5,6.25833332539,3.8703632919452122,2.3879700334447875
10609,5,7.29999995232,3.6833225448188287,3.6166774075011716
10610,5,8.26666666667,3.8431904419131033,4.423476224756897
10611,5,4.22903225499,7.261942120864861,3.0329098658748608
10612,5,6.23076919409,4.261741792470049,1.9690274016199503
10613,5,4.60666668415,5.056492368079612,0.4498256839296113
10614,5,3.98048781186,3.9821545280670314,0.0016667162070316266
10615,5,6.70526318801,3.8039186223277124,2.9013445656822876
10616,5,7.13500001431,3.675246963822257,3.459753050487743
10617,5,4.23243241697,4.184959160510621,0.047473256459379165
10618,5,3.91290320889,4.241943362065671,0.3290401531756708
10619,5,7.00000003974,4.053546492862317,2.9464535468776827
10620,5,3.53529409801,4.2220679381247574,0.6867738401147574
10621,5,7.38750004768,5.211795601706399,2.175704445973601
10622,5,5.64210522802,3.870765115786911,1.771340112233089
10623,5,5.20000001004,3.6382099480916423,1.5617900619483578
10624,5,5.70999996662,10.11231677229875,4.402316805678749
10625,5,6.45000001788,5.895310719530267,0.5546892983497331
10626,5,6.22666664124,3.8984554691773816,2.328211172062618
10627,5,5.49500000477,4.050078116035575,1.4449218887344246
10628,5,5.08611113495,4.131825156922687,0.954285978027313
10629,5,4.78249998093,4.676714388727337,0.10578559220266293
10630,5,5.3000000053,5.327479915112969,0.02747990981296855
10631,5,4.18709670344,5.485501077625118,1.2984043741851181
10632,5,4.791304381,4.432876855708923,0.35842752529107713
10633,5,4.80000004402,5.234261771210386,0.43426172719038636
10634,5,4.18888887432,5.408016157490996,1.2191272831709963
10635,5,4.57666667302,4.638093965546094,0.061427292526094135
10636,5,7.73333333333,4.104671530827341,3.628661802502659
10637,5,5.17500001192,4.459465259688049,0.7155347522319513
10638,5,5.46666665872,4.527133377781233,0.9395332809387673
10639,5,4.55757574602,4.086188101396232,0.4713876446237686
10640,5,6.59999998411,4.6543572241160565,1.9456427599939436
10641,5,5.72666664124,3.9173587786593966,1.809307862580603
10642,5,5.68499999046,4.060003717899683,1.6249962725603169
10643,5,5.39999996915,4.044886846034604,1.3551131231153954
10644,5,5.28333324856,5.8151385607292525,0.5318053121692525
10645,5,8.52500009537,10.056976144455412,1.5319760490854115
10646,5,4.17083332936,9.903971562539251,5.733138233179251
10647,5,7.12000002861,4.420890967934433,2.6991090606755668
10648,5,5.19230758227,4.454142166236021,0.7381654160339783
10649,5,5.1894736039,4.085620768127031,1.1038528357729689
10650,5,6.88888883591,4.064034464045179,2.824854371864821
10651,5,5.61111103164,3.839882079485408,1.7712289521545923
10652,5,5.88750002782,5.933860651294587,0.04636062347458747
10653,5,5.07000000477,5.526271676100055,0.45627167133005564
10654,5,8.11428579262,4.1881537868198695,3.926132005800131
10655,5,4.8050000906,4.648771478946012,0.15622861165398838
10656,5,6.02499997616,3.8352242707599533,2.189775705400047
10657,5,4.11058817471,5.438816976090985,1.3282288013809849
10658,5,4.35362316906,4.913589164527112,0.5599659954671123
10659,5,5.08666658401,4.37074356582135,0.7159230181886498
10660,2,3.95192303566,7.917615946935482,3.9656929112754815
10661,2,6.3750000298,5.6273723096522215,0.7476277201477783
10662,2,6.22666667302,4.347409367368931,1.8792573056510697
10663,2,5.19411763023,4.400267678934824,0.7938499512951758
10664,2,4.85692305932,3.9917294047839,0.8651936545360996
10665,2,4.29999999567,5.2879143577163426,0.9879143620463422
10666,2,5.50833332539,6.653178547979242,1.1448452225892423
10667,2,5.76428570066,4.914813155534025,0.849472545125975
10668,2,5.1043478095,8.143229088959846,3.0388812794598454
10669,2,5.10769224167,4.968532931420976,0.13915931024902406
10670,2,5.62499988079,3.7926305959885624,1.8323692848014375
10671,2,5.20952379136,3.2939948920889197,1.91552889927108
10672,2,6.15555561913,3.756314775662595,2.399240843467405
10673,2,5.38750004768,6.519741685364713,1.1322416376847135
10674,2,4.60499994755,2.6847009376585618,1.9202990098914379
10675,2,5.09444443385,3.496447229843909,1.5979972040060906
10676,2,5.3166667223,3.9487567290257637,1.3679099932742362
10677,2,4.46000000636,5.974947367565463,1.5149473612054631
10678,2,6.31666668256,3.034509443683861,3.282157238876139
10679,2,7.05833331744,3.0585469763474276,3.9997863410925723
10680,2,6.62222226461,4.561825639022402,2.0603966255875985
10681,2,6.34545458447,4.8663381418500755,1.4791164426199241
10682,2,5.16799991608,4.930858738801607,0.23714117727839312
10683,2,4.02093019596,4.487013249016131,0.4660830530561313
10684,2,4.86874999106,5.287046843076382,0.41829685201638256
10685,2,3.99054724779,4.735575819727336,0.7450285719373357
10686,2,5.99375000596,5.528741566326715,0.46500843963328453
10687,2,7.65999991099,6.352844643883731,1.3071552671062685
10688,2,6.57142853737,4.730611816265107,1.8408167211048934
10689,2,7.06111102634,4.971484386608335,2.089626639731665
10690,2,7.06999993324,5.701295805550297,1.3687041276897034
10691,2,6.90000003576,6.760844978191866,0.13915505756813396
10692,2,4.55135134104,5.551139566488027,0.999788225448027
10693,2,6.35238095692,6.222621365447008,0.12975959147299232
10694,2,5.14666652679,5.111543648990587,0.03512287779941303
10695,2,5.24375003576,4.808868388872813,0.43488164688718633
10696,2,4.79166665872,5.235123852220671,0.44345719350067103
10697,2,7.46666661898,9.46195441629002,1.99528779731002
10698,2,5.09999990463,5.770011279101144,0.6700113744711444
10699,2,5.34000002543,4.596062153719991,0.7439378717100089
10700,2,5.03749996424,7.0484420804564145,2.0109421162164143
10701,2,6.17368417037,5.503828261308215,0.669855909061785
10702,2,5.53000006676,6.200588338545684,0.6705882717856833
10703,2,6.95999991099,5.183223972795583,1.776775938194417
10704,2,7.4520000267,6.577419902437769,0.8745801242622315
10705,2,7.74736841101,8.086589724479165,0.3392213134691646
10706,2,5.10909089175,4.002753942379268,1.106336949370732
10707,2,4.40000001122,4.234891372306626,0.16510863891337468
10708,2,5.82222225931,3.905366641475961,1.916855617834039
10709,2,5.13499991894,4.853405812324025,0.28159410661597484
10710,2,3.98369563662,3.7256400281185353,0.2580556085014645
10711,2,4.30000006236,3.839735387284854,0.46026467507514557
10712,2,5.1684209924,4.7841641731961495,0.38425681920385024
10713,2,5.68333329095,4.358201171800799,1.3251321191492016
10714,2,5.09999993112,3.7176391739432955,1.3823607571767047
10715,2,5.44444444444,7.293966932842276,1.8495224884022754
10716,2,4.96000003815,6.923116347418198,1.963116309268198
10717,2,6.62631579449,6.44335993675584,0.1829558577341599
10718,2,5.51538463739,5.4729772750870005,0.04240736230299991
10719,2,4.43191489768,6.093329994959504,1.6614150972795043
10720,2,5.0937499553,5.709916456139,0.6161665008390003
10721,2,6.47142853056,5.455521171108746,1.015907359451254
10722,2,5.06363630295,7.861167497872723,2.7975311949227226
10723,2,5.93333333333,5.197970284196456,0.7353630491335439
10724,2,5.13333325159,7.140503982646873,2.007170731056873
10725,2,4.67931033825,5.61420195686237,0.9348916186123706
10726,2,4.45000004768,4.876040788133155,0.4260407404531552
10727,2,6.36250007153,5.813593342710414,0.5489067288195866
10728,2,5.19166666269,9.162248059893159,3.9705813972031585
10729,2,4.46578948121,5.558081909996533,1.092292428786533
10730,2,5.26190480732,6.743080932129844,1.4811761248098447
10731,2,5.56666662958,5.2341146640087,0.33255196557129985
10732,2,4.6133333842,7.0094466786018685,2.396113294401869
10733,2,5.0468749553,4.8835476180691035,0.16332733723089632
10734,2,6.30000003179,5.15220652413346,1.14779350765654
10735,2,5.23076919409,5.743850458320242,0.5130812642302427
10736,2,6.82105265166,6.537730081160289,0.28332257049971066
10737,2,6.77857143538,6.901739561737284,0.12316812635728436
10738,2,5.50555552377,4.506167672107253,0.999387851662747
10739,2,4.98124998808,10.639386409172783,5.658136421092783
10740,2,3.72156860548,6.948710040131877,3.2271414346518768
10741,2,3.85211265591,5.931357254536479,2.079244598626479
10742,2,5.53846150178,5.45307816259772,0.0853833391822798
10743,2,4.48421054137,5.869935212960913,1.3857246715909124
10744,2,4.1288135173,5.9912561556386095,1.8624426383386092
10745,2,6.51666669051,4.988782612421373,1.5278840780886274
10746,2,6.98000001907,6.677859143834046,0.30214087523595445
10747,4,7.33999999364,6.190764726126007,1.1492352675139932
10748,4,8.45999994278,6.35716186301927,2.10283807976073
10749,4,6.61999998093,7.442883534045361,0.8228835531153607
10750,4,6.5666667223,6.585257305385507,0.01859058308550665
10751,4,8.39999996532,5.919649735770072,2.480350229549927
10752,4,7.70000000795,7.0442849116,0.6557150963499998
10753,4,8.58571434021,6.1973904662670165,2.3883238739429835
10754,4,7.53333330154,6.208268114413764,1.3250651871262358
10755,4,6.67499995232,6.662825479503249,0.012174472816750992
10756,4,7.14444435967,6.812435310361617,0.3320090493083825
10757,4,7.78823543997,6.628638299768169,1.1595971402018312
10758,4,7.60869567291,6.924883944571059,0.6838117283389407
10759,4,7.01176475076,7.368599238500299,0.3568344877402989
10760,4,7.2352941457,6.319076910765514,0.9162172349344866
10761,4,7.85714295932,6.9410031816020465,0.9161397777179534
10762,4,6.6249999702,6.342507352434502,0.28249261776549783
10763,4,6.63999996185,6.586094233778616,0.05390572807138394
10764,4,7.19999998808,6.5013429685915565,0.6986570194884436
10765,4,6.4,6.038581660762363,0.36141833923763755
10766,4,6.40909095244,6.5367779028088115,0.12768695036881184
10767,4,7.27222217454,6.183549974094278,1.088672200445722
10768,4,7.42500003179,6.380625246993535,1.0443747847964646
10769,4,6.90909090909,7.117533723470935,0.20844281438093493
10770,4,7.84545458447,6.213948159102493,1.6315064253675065
10771,4,8.18421052632,6.236719422351948,1.9474911039680514
10772,4,7.17058815676,6.138587194279555,1.0320009624804447
10773,4,6.81481481481,4.854917411096013,1.9598974037139874
10774,4,6.27999998728,6.245060130262882,0.034939857017118214
10775,4,7.67857149669,6.418149590943422,1.2604219057465782
10776,4,7.91875004768,6.894595255831698,1.0241547918483018
10777,4,8.42999997139,6.930407142598427,1.499592828791573
10778,4,7.55454540253,7.0351626541254255,0.5193827484045741
10779,4,6.96666669846,6.574509037575869,0.3921576608841315
10780,4,6.69166664282,6.319725443521953,0.37194119929804614
10781,4,7.61249995232,6.4059736809507974,1.2065262713692029
10782,4,7.32500004768,6.617854515631337,0.7071455320486626
10783,4,7.99411768072,6.547538938211602,1.4465787425083976
10784,4,5.96842105765,6.453558092668343,0.4851370350183437
10785,4,6.75000009537,6.292171389197932,0.4578287061720676
10786,4,7.10476189568,7.642269111248835,0.5375072155688345
10787,4,6.9333333515,6.430385448741616,0.5029479027583843
10788,4,7.2222222752,7.575098381891247,0.35287610669124714
10789,4,7.83181821216,6.861739076512525,0.9700791356474747
10790,4,8.82307690841,7.145206766889603,1.6778701415203967
10791,4,7.71428568023,6.1496774261494345,1.5646082540805653
10792,4,8.24545444142,6.170448987794156,2.0750054536258435
10793,4,6.66363638098,5.282274874532973,1.3813615064470266
10794,4,6.83571430615,6.958464721885576,0.12275041573557655
10795,4,7.92222234938,6.238810677695927,1.6834116716840732
10796,4,8.93124997616,6.393983439136269,2.537266537023731
10797,4,8.61999998093,6.521656548894333,2.0983434320356675
10798,4,7.04999999205,6.7302383946293975,0.3197615974206025
10799,4,7.74761899312,6.794255982607122,0.9533630105128781
10800,4,7.62222226461,6.392483710610561,1.2297385539994394
10801,4,8.12000010808,6.396588854632164,1.7234112534478356
10802,4,7.57647051531,4.7728117440569395,2.80365877125306
10803,4,6.8294117591,5.2429569576755615,1.5864548014244386
10804,4,6.73749998212,6.679080296827174,0.05841968529282582
10805,4,7.6214285578,7.683273836648364,0.06184527884836388
10806,4,7.42499999205,6.4836864174918745,0.9413135745581256
10807,4,7.31999998093,6.289900920492395,1.030099060437605
10808,4,6.55000001192,6.296062369862456,0.25393764205754366
10809,4,6.5,6.399128180975943,0.10087181902405717
10810,4,7.9714286895,6.502181551432509,1.469247138067491
10811,4,6.83333341281,6.201539235260718,0.6317941775492821
10812,4,6.51052633085,6.275921245061989,0.23460508578801154
10813,4,7.33200000763,6.704036904244674,0.6279631033853255
10814,4,7.76875004172,6.149189309901459,1.6195607318185408
10815,4,7.75454542854,6.089613148863162,1.6649322796768384
10816,4,8.09000003338,6.594808929228816,1.4951911041511847
10817,4,6.64666662216,6.584260789165268,0.0624058329947319
10818,4,7.95454549789,7.243432834577705,0.7111126633122948
10819,4,7.37647062189,6.386941117800259,0.9895295040897416
10820,4,7.25384613184,6.681656871847807,0.572189259992193
10821,4,6.71578949376,6.329572392139504,0.3862171016204963
10822,4,7.5312499702,7.00536566011874,0.5258843100812598
10823,4,7.56923073989,6.4402337344356955,1.1289970054543046
10824,4,7.1562500596,6.183714153158499,0.9725359064415002
10825,4,6.52142865317,6.346178256108793,0.17525039706120715
10826,4,6.93333333333,7.248864482664225,0.315531149334225
10827,4,6.29999997616,6.974249138195567,0.6742491620355677
10828,4,6.10588239221,5.447647266494414,0.6582351257155858
10829,4,6.72666664124,5.652121138915684,1.074545502324316
10830,4,7.17000002861,5.355775852462301,1.8142241761476985
10831,4,6.32500000795,8.088526320640435,1.763526312690435
10832,4,6.23749992251,5.080310136590956,1.1571897859190434
10833,4,6.30625003576,8.60682733463731,2.300577298877311
10834,4,6.83000001907,7.949046205530695,1.1190461864606949
10835,4,6.70769229302,5.380436044735557,1.327256248284443
10836,4,6.83333335604,6.844738904867177,0.01140554882717737
10837,4,7.15500006676,5.770668675273953,1.3843313914860476
10838,4,7.09285719054,4.615576100538481,2.4772810900015187
10839,4,7.08124998212,5.665517415375586,1.4157325667444143
10840,4,6.39230775833,6.044742312990607,0.34756544533939326
10841,4,6.71428578241,5.338307906580132,1.375977875829868
10842,4,4.2695652091,4.813038434465447,0.5434732253654477
10843,4,6.70434779706,5.549561063542262,1.1547867335177378
10844,4,6.45384619786,5.370086953192446,1.0837592446675535
10845,4,6.05999996185,6.047909580740519,0.012090381109480575
10846,4,6.1888888677,5.935204583754269,0.2536842839457316
10847,4,6.01875001192,5.798291667603422,0.22045834431657774
10848,4,7.94375002384,7.213353387160846,0.7303966366791537
10849,4,7.05294115403,6.341312678188688,0.7116284758413123
10850,4,8.08571440833,5.374620519048015,2.711093889281985
10851,4,6.45000004768,5.898857687862229,0.5511423598177707
10852,4,5.90000009537,6.22297645711369,0.3229763617436898
10853,4,5.79047625405,6.242143550785864,0.4516672967358639
10854,4,4.74411763864,6.326714415918428,1.582596777278428
10855,4,6.76842104761,6.4735133898083586,0.29490765780164185
10856,4,6.49565217806,6.026797106925292,0.46885507113470837
10857,4,6.33333345254,5.808538949981198,0.5247945025588017
10858,4,6.81111110581,5.795306557793337,1.0158045480166633
10859,4,6.29333327611,6.0338172709218,0.2595160051882006
10860,4,7.08095241728,6.555510514511141,0.5254419027688586
10861,4,8.23529420179,6.387857944512,1.8474362572779999
10862,4,7.26000003815,5.4441496954574085,1.8158503426925918
10863,4,6.60000005364,6.475460845419423,0.12453920822057629
10864,4,3.66094674161,6.4272084003745835,2.7662616587645834
10865,4,6.64999995232,6.214310353049168,0.43568959927083206
10866,4,6.36666671435,6.047630741485033,0.31903597286496677
10867,4,5.96666669846,5.493761396592808,0.4729053018671925
10868,4,7.14374995232,5.148270576200002,1.9954793761199987
10869,4,5.76666665077,4.855001909851662,0.9116647409183383
10870,4,6.63076928946,6.321191405714183,0.30957788374581696
10871,4,7.46153846154,5.936357881488995,1.5251805800510052
10872,4,6.50000007947,6.151042611472365,0.3489574679976357
10873,4,4.57831323578,5.982628175516554,1.4043149397365546
10874,4,6.8315789825,5.848044102463797,0.9835348800362027
10875,4,6.78823529973,5.972296097170256,0.8159392025597443
10876,4,6.71333332062,6.229719722963795,0.4836135976562055
10877,4,6.00999999046,5.004470164524216,1.0055298259357839
10878,4,7.12777778837,5.6299267057590665,1.497851082610934
10879,4,6.40714287758,6.246459255708235,0.16068362187176533
10880,4,6.15714287758,5.174238523779831,0.9829043538001692
10881,4,6.96428571429,5.501943492482196,1.4623422218078037
10882,4,6.50666672389,5.626419446425697,0.8802472774643029
10883,4,6.0933333079,5.6172699581440195,0.4760633497559805
10884,4,5.92105270687,5.19267207990327,0.7283806269667306
10885,4,6.51818180084,5.9525040375269285,0.5656777633130714
10886,4,6.0066666921,5.770558616703106,0.23610807539689382
10887,4,6.77000005245,6.111708852910773,0.6582911995392271
10888,4,6.54374998808,7.197421060657104,0.6536710725771036
10889,4,6.56666665607,6.095651275447469,0.47101538062253034
10890,4,6.08461541396,6.044269814556552,0.04034559940344806
10891,4,7.15000004768,9.285718224558664,2.1357181768786644
10892,4,6.30909096111,7.511524622531963,1.2024336614219635
10893,4,6.02272725105,5.332763175710053,0.6899640753399474
10894,4,6.28800004959,7.660431362556062,1.3724313129660617
10895,4,7.64210527822,7.464012887091798,0.1780923911282022
10896,4,6.74736841101,8.650224061981362,1.902855650971362
10897,4,6.86999998093,5.130678762465301,1.7393212184646991
10898,4,6.70714286395,5.326707022213288,1.3804358417367117
10899,4,6.77499997616,6.0546890939646865,0.7203108821953137
10900,4,7.98666671117,5.691517778304815,2.2951489328651844
10901,4,6.31500008106,5.675897791546738,0.6391022895132616
10902,4,6.83076928212,5.804654300115944,1.0261149820040565
10903,4,6.14705875341,4.738329833240115,1.4087289201698843
10904,4,7.0166666309,5.2812156471110505,1.7354509837889491
10905,4,4.73680001068,4.865278714692826,0.12847870401282613
10906,4,4.10185186068,5.6561582585060854,1.5543063978260854
10907,4,5.86428584371,5.766366871951986,0.09791897175801445
10908,4,6.57368424064,5.821206494839222,0.7524777458007774
10909,4,7.48571429934,5.644352200389637,1.8413620989503627
10910,4,6.94117647059,5.740731635131903,1.2004448354580974
10911,4,6.64999994636,6.620563977954673,0.029435968405326918
10912,4,6.06874993443,5.677945296898276,0.39080463753172445
10913,4,6.37500003974,5.72877257390812,0.6462274658318794
10914,4,6.09999995761,5.6721660750076115,0.4278338826023882
10915,4,6.34285715648,5.992300394745204,0.3505567617347962
10916,4,5.25220587674,5.612408696853276,0.3602028201132761
10917,4,6.65333331426,4.937585382916218,1.715747931343782
10918,4,6.2933333079,4.974196802109111,1.3191365057908895
10919,4,6.13043467895,5.663793670479214,0.4666410084707868
10920,4,5.75454542854,5.293508712749656,0.46103671579034433
10921,4,6.44666671753,5.223649666200727,1.2230170513292737
10922,4,6.49499998093,4.773491590429552,1.721508390500448
10923,4,6.55199996948,7.31043739923019,0.7584374297501899
10924,4,6.67692305492,5.334555794787288,1.3423672601327112
10925,4,5.77500003576,7.828360243678347,2.053360207918347
10926,4,7.347619034,4.5025835008731185,2.8450355331268815
10927,4,6.61666667461,4.8707170960426645,1.7459495785673358
10928,4,6.14999991655,4.647961811688553,1.5020381048614464
10929,4,3.81499999762,5.067165484569093,1.2521654869490932
10930,4,4.53124997516,6.564699929814974,2.0334499546549747
10931,4,4.71555554072,4.898924448157313,0.1833689074373135
10932,4,4.37105266044,5.8776184492074695,1.5065657887674693
10933,4,4.19799996376,4.985411143000778,0.7874111792407783
10934,4,6.61666663488,5.111391295856825,1.505275339023175
10935,4,7.10000002384,5.541496232821048,1.5585037910189516
10936,4,7.36111111111,5.08871204089707,2.2723990702129298
10937,4,6.85,5.411516444715108,1.4384835552848916
10938,4,6.13571422441,6.060396884922046,0.07531733948795427
10939,4,5.92941180397,7.530246932903498,1.6008351289334977
10940,4,6.3125,5.7934117445576625,0.5190882554423375
10941,4,4.0594594543,6.357305409804976,2.297845955504976
10942,1,5.13980583543,6.179530428341021,1.0397245929110213
10943,1,3.91262133839,4.692991843518241,0.780370505128241
10944,1,3.81509434502,5.7301971029678,1.9151027579478002
10945,1,5.13999999046,5.644065146701033,0.5040651562410332
10946,1,4.24629626451,5.334977393855066,1.0886811293450664
10947,1,3.91944441862,5.9205210707482365,2.0010766521282366
10948,1,5.40229886154,6.003639345039835,0.6013404834998344
10949,1,4.01874998957,6.065646269886162,2.0468962803161626
10950,1,4.4547619479,5.403346425210367,0.9485844773103675
10951,1,5.56521737057,8.557675848875215,2.992458478305215
10952,1,4.00864198178,6.246386271388031,2.237744289608031
10953,1,5.10869563144,5.5203914768340265,0.4116958453940267
10954,1,4.99210528324,5.521337164561002,0.5292318813210022
10955,1,3.90731705107,6.601383434677366,2.694066383607366
10956,1,5.20563377461,5.302912107203612,0.0972783325936124
10957,1,4.16603771246,5.744016847202472,1.5779791347424723
10958,1,5.00140846279,5.9536196380071775,0.9522111752171778
10959,1,3.83928570577,5.220581997274881,1.3812962915048805
10960,1,4.83749997616,5.312092638797017,0.4745926626370167
10961,1,4.60181817141,5.120951847981056,0.5191336765710561
10962,1,6.05957445185,5.9709905761035795,0.08858387574642013
10963,1,4.21948050833,5.54312514597137,1.3236446376413697
10964,1,4.22878781232,5.306114748545454,1.0773269362254538
10965,1,4.11538460621,5.4239284805564,1.3085438743464
10966,1,3.90512819168,5.431092740422056,1.525964548742056
10967,1,4.11333325704,7.51138579291486,3.39805253587486
10968,1,5.7720000267,4.165070070032762,1.606929956667238
10969,1,4.19308173581,6.779722206092499,2.586640470282499
10970,1,4.46470591601,5.306744599839178,0.8420386838291778
10971,1,6.09834709246,6.271589414598136,0.17324232213813584
10972,1,5.47380953176,5.792373908338838,0.3185643765788386
10973,1,4.81472391877,6.0518166003407785,1.2370926815707781
10974,1,3.9158415936,5.580304826778471,1.6644632331784712
10975,1,4.38717946639,5.957438231339859,1.570258764949859
10976,1,4.43454546495,10.676172800740915,6.241627335790914
10977,1,3.90980388136,6.078578510763556,2.1687746294035564
10978,1,6.3692307839,5.348981359756964,1.020249424143036
10979,1,4.46940296799,5.7499704622130405,1.2805674942230407
10980,1,4.3074074027,5.906884749404346,1.5994773467043464
10981,1,4.11052630659,5.411811301817972,1.301284995227972
10982,1,4.32499999139,5.978090893660077,1.653090902270077
10983,1,4.29047614052,5.600647483862657,1.310171343342657
10984,1,6.11158537574,6.540085471309659,0.4285000955696594
10985,1,5.27128713438,6.502643614248875,1.2313564798688752
10986,1,3.87391302897,6.10477955138551,2.23086652241551
10987,1,4.34166669846,5.467337343027369,1.1256706445673688
10988,1,5.66470592162,5.334869294756485,0.3298366268635151
10989,1,4.24242419908,5.312465689639158,1.0700414905591575
10990,1,6.82499996821,5.5880199211582635,1.2369800470517367
10991,1,3.92162163838,5.54714605333181,1.6255244149518098
10992,1,4.27777779985,6.195730015868081,1.9179522160180813
10993,1,5.15000002281,5.612548445024217,0.4625484222142173
10994,1,5.11406245828,6.532423038404792,1.4183605801247916
10995,1,4.80503146453,5.674973647882998,0.8699421833529986
10996,1,5.8050000906,5.448030746490929,0.35696934410907133
10997,1,6.46250000596,6.18005218141969,0.28244782454031014
10998,4,4.29285711902,5.22225186611141,0.9293947470914103
10999,4,6.17999989986,5.197697629719844,0.9823022701401563
11000,4,5.92000007629,5.926222229248943,0.006222152958942573
11001,4,4.77999994755,5.524895189206308,0.7448952416563079
11002,4,3.96666669846,5.741845194056708,1.775178495596708
11003,4,5.88333332539,4.995954625801147,0.8873786995888526
11004,4,6.46315790478,4.770694983589747,1.6924629211902529
11005,4,4.62307686072,5.242346040904117,0.6192691801841166
11006,4,4.99473684712,5.280989928273437,0.2862530811534363
11007,4,4.80000007153,4.737926954115396,0.062073117414604084
11008,4,5.27326734467,5.5960657972402235,0.32279845257022366
11009,4,3.93136093179,4.918932578305318,0.9875716465153181
11010,4,5.7812500298,4.687953560213154,1.0932964695868455
11011,4,5.23714288303,7.232438043126997,1.9952951600969975
11012,4,6.55714287077,5.604058039513065,0.9530848312569349
11013,4,4.50952382315,6.179375243223438,1.6698514200734378
11014,4,6.07499996821,4.842721427235226,1.2322785409747743
11015,4,4.83124998212,5.23058471137891,0.3993347292589098
11016,4,4.63125002384,8.239090228642745,3.607840204802745
11017,4,5.92500007153,4.528420527474136,1.3965795440558644
11018,4,5.84166673819,5.153596935804339,0.6880698023856606
11019,4,5.79999996821,5.57795444284265,0.22204552536735012
11020,4,5.99444450272,4.819768650460533,1.1746758522594671
11021,4,5.40555561913,5.425469412759547,0.019913793629546817
11022,4,5.55333328247,5.254384486892867,0.2989487955771324
11023,4,5.05773199219,6.636249673184623,1.578517680994623
11024,4,5.84999999735,6.44476897168631,0.5947689743363096
11025,4,4.64642861911,6.077899438943918,1.431470819833918
11026,4,6.34444443385,5.398173358690061,0.946271075159939
11027,4,5.50833332539,7.099363644546562,1.5910303191565625
11028,4,6.48750004172,5.1843124198767985,1.3031876218432012
11029,4,5.67999989192,6.066037212588338,0.38603732066833807
11030,4,4.14509802239,4.642970393372819,0.4978723709828188
11031,4,5.54666665395,5.9829211536527165,0.43625449970271646
11032,4,6.01249998808,6.246468950036938,0.23396896195693806
11033,4,5.98750001192,5.864739166992235,0.12276084492776462
11034,4,4.0844827356,5.032193723245303,0.9477109876453031
11035,4,5.31578943604,6.0680015514786305,0.7522121154386303
11036,4,4.2532109908,8.444553352068368,4.191342361268368
11037,4,5.08831615874,9.055863203251043,3.9675470445110435
11038,4,4.38636363095,5.1672807961858425,0.7809171652358424
11039,4,6.24799999237,5.230469087758173,1.0175309046118262
11040,4,5.59230764096,6.055430324442311,0.463122683482311
11041,4,4.49999998013,5.078410864227328,0.5784108840973277
11042,4,4.22857141495,5.215132968016281,0.9865615530662808
11043,4,4.31904779162,5.35214778955601,1.0330999979360103
11044,4,5.31555553719,5.043345041599316,0.27221049559068344
11045,4,4.83214284692,6.315649001465298,1.4835061545452977
11046,4,4.40833342075,5.270722320129602,0.8623888993796021
11047,4,6.40000002201,5.623467822175291,0.7765321998347092
11048,4,5.10645163444,5.847247027638577,0.7407953931985771
11049,4,5.75333331426,5.101052206347381,0.6522811079126187
11050,4,5.86923085726,4.780627338937144,1.0886035183228557
11051,4,5.5842105213,5.194319815831102,0.3898907054688978
11052,4,4.84166663885,5.455493950400925,0.6138273115509252
11053,4,6.46666665872,5.282552084413361,1.1841145743066397
11054,4,6.19374996424,5.5422111586128455,0.6515388056271547
11055,4,6.16666666667,5.999975856452474,0.16669081021752596
11056,4,5.91333335241,5.137109557102617,0.7762237953073825
11057,4,6.43000006676,4.951145974302614,1.4788540924573859
11058,4,5.72000001272,5.749823674572639,0.02982366185263885
11059,4,5.86666676203,5.617432932657088,0.24923382937291194
11060,4,4.58136644719,8.11685153997471,3.535485092784711
11061,4,4.98577406217,6.643496264472031,1.6577222023020308
11062,4,7.29999997881,5.072101827192451,2.2278981516175485
11063,4,5.76000000636,6.734880774390615,0.9748807680306149
11064,4,5.0468749851,5.617201693489394,0.5703267083893939
11065,4,4.88999999591,5.2418487265307725,0.35184873062077227
11066,4,4.28666664759,8.33574784706662,4.049081199476621
11067,4,6.5,4.447160002775723,2.052839997224277
11068,4,5.70526318801,5.351421778471385,0.35384140953861465
11069,4,3.94714285306,5.5900373025488115,1.6428944494888116
11070,4,4.14583321412,7.3112091420651035,3.165375927945104
11071,4,6.06500003338,5.257583482803824,0.8074165505761757
11072,4,4.89444441266,5.034142892349504,0.13969847968950333
11073,4,4.09583332141,5.0179143837681845,0.9220810623581848
11074,4,5.80000011738,5.526239968941411,0.27376014843858876
11075,4,6.43200004578,6.94893096442464,0.5169309186446407
11076,4,5.76999998093,4.748780946464503,1.0212190344654966
11077,4,5.71499996185,5.108171542004671,0.6068284198453293
11078,4,6.18269228018,6.255507329030989,0.07281504885098844
11079,4,5.65000005563,4.9246790545692605,0.7253210010607392
11080,4,4.97500002384,5.670359849815242,0.6953598259752418
11081,4,5.68999993801,6.064385388308581,0.3743854502985817
11082,4,5.76153843219,6.128063448381505,0.36652501619150524
11083,4,4.31428568136,5.093529720393635,0.7792440390336344
11084,4,7.34000000954,5.341885080159466,1.9981149293805336
11085,4,6.79565222367,5.931730437973895,0.863921785696105
11086,4,4.56666667121,7.996819469315242,3.430152798105242
11087,4,6.15833322207,5.225489280665347,0.932843941404653
11088,4,6.30769230769,5.44182215366496,0.86587015402504
11089,4,6.7818182165,5.963999074978885,0.8178191415211149
11090,4,4.20514402762,8.586905705435814,4.381761677815814
11091,4,6.1999999455,6.74304787340959,0.5430479279095897
11092,4,4.31004183063,7.096615457505726,2.7865736268757253
11093,4,4.34642856462,6.20225723154241,1.8558286669224096
11094,4,5.24074072308,5.967645264829798,0.7269045417497981
11095,4,5.13124999404,6.165947668337031,1.034697674297031
11096,4,7.25714295251,4.973259149722141,2.2838838027878587
11097,4,5.06855345372,6.216905319555302,1.148351865835302
11098,4,5.30714287077,6.088821957249987,0.7816790864799872
11099,4,4.99090903456,7.144830120391097,2.1539210858310973
11100,4,4.9,6.339191982129343,1.4391919821293424
11101,4,6.11666665475,5.180771565281685,0.9358950894683158
11102,4,5.6260869503,6.216406183368083,0.5903192330680822
11103,4,4.80344821667,6.0911720699552845,1.2877238532852848
11104,4,4.81666670243,4.746924120234844,0.06974258219515583
11105,4,5.09499998093,5.922213574364854,0.8272135934348537
11106,4,5.24999995232,4.838466984614417,0.41153296770558256
11107,4,5.49285718373,6.110630857027473,0.6177736732974735
11108,2,6.81428582328,5.940528821500786,0.8737570017792136
11109,2,5.83750003576,5.661342131018154,0.17615790474184578
11110,2,6.34999998411,6.749919742841069,0.3999197587310688
11111,2,6.60000006358,5.24109209398307,1.3589079695969293
11112,2,6.75555562973,5.950689729253918,0.8048659004760816
11113,2,7.69999980927,6.01209000255996,1.6879098067100404
11114,2,6.17272723805,6.325097108796697,0.15236987074669717
11115,2,6.43333331744,8.298399393118004,1.865066075678004
11116,2,6.64444446564,6.167409919313691,0.47703454632630926
11117,2,5.96153846154,6.61583008652414,0.6542916249841397
11118,1,6.59999990463,6.008874930687821,0.5911249739421791
11119,1,4.69230767397,9.67876458354024,4.986456909570239
11120,1,4.49768784005,7.031060853544017,2.5333730134940167
11121,1,3.70571428026,7.907000621932799,4.201286341672798
11122,1,4.52346937754,7.031488702185172,2.508019324645172
11123,1,2.88552633085,7.409039101019967,4.523512770169967
11124,1,2.79298244861,6.686985045438776,3.894002596828776
11125,1,5.13928573472,8.411142431929349,3.2718566972093495
11126,1,6.08333333333,6.67579856416828,0.5924652308382807
11127,1,3.7986111078,8.440796861835414,4.642185754035414
11128,1,4.20849056289,5.593533253130881,1.3850426902408808
11129,1,3.47524752947,7.147104940413091,3.6718574109430913
11130,1,3.14821428912,6.748659265119963,3.6004449759999635
11131,1,5.96875,6.226734537938851,0.25798453793885123
11132,1,6.97000002861,5.950293019051605,1.0197070095583953
11133,1,6.29999995232,6.196416896819512,0.10358305550048819
11134,1,5.88666667938,9.431629741329296,3.5449630619492956
11135,1,6.36666668786,6.7439310787546605,0.3772643908946609
11136,1,4.46380951972,7.230450141449221,2.7666406217292208
11137,1,5.64117639205,6.817846009731145,1.1766696176811449
11138,1,4.97291664779,6.67415953361496,1.7012428858249597
11139,5,3.98632477491,5.123207278169922,1.1368825032599217
11140,5,4.73150684409,4.715432529211206,0.01607431487879385
11141,5,3.45222221745,5.148052020460616,1.695829803010616
11142,5,5.82666664124,4.362901442995421,1.4637651982445794
11143,5,5.30952378682,4.171630600094407,1.1378931867255933
11144,5,5.78947370931,4.842427556771524,0.9470461525384763
11145,5,5.81379313305,4.055881106335237,1.757912026714763
11146,5,4.59729730761,4.495719081917674,0.10157822569232611
11147,5,5.52790695013,4.094278444070875,1.433628506059125
11148,5,4.04685314552,3.591767491481656,0.4550856540383439
11149,5,3.20888888571,5.4119531783923005,2.2030642926823005
11150,5,5.2503105365,5.103582477837717,0.14672805866228256
11151,5,3.97622377556,4.639026598683191,0.6628028231231915
11152,5,2.92180451594,4.723938067937549,1.8021335519975494
11153,5,3.3060606128,5.280278921430476,1.9742183086304759
11154,5,5.78235306459,5.061851350225394,0.7205017143646053
11155,5,7.45000004768,5.848062110038981,1.6019379376410186
11156,5,5.67878791058,4.9833043735592195,0.6954835370207801
11157,5,5.76315791983,4.172188891102071,1.5909690287279297
11158,5,5.09999999404,3.666786057927615,1.4332139361123852
11159,5,3.84749999841,4.636622301029117,0.7891223026191172
11160,5,3.59677420124,5.667589390509825,2.0708151892698248
11161,5,4.13399999619,5.002801785045984,0.8688017888559836
11162,5,3.80877191142,4.792038355933961,0.9832664445139612
11163,5,5.90909082239,4.482956625401425,1.426134196988575
11164,5,5.38636359301,3.8970344273771236,1.489329165632876
11165,5,3.90000001589,6.784041146881414,2.884041130991414
11166,5,3.05416668455,5.261272399638932,2.2071057150889315
11167,5,3.55477705427,5.341409433940788,1.7866323796707877
11168,5,3.4895833234,5.37597609017441,1.8863927667744096
11169,5,4.64642857441,5.146969140509599,0.5005405660995992
11170,5,4.38275859274,4.874945436536516,0.49218684379651556
11171,5,4.21017963444,6.667195702458207,2.4570160680182065
11172,4,5.49411765267,5.648525516729821,0.154407864059821
11173,4,4.71562497318,5.021979880661945,0.3063549074819454
11174,4,5.0178571088,5.65581688353978,0.6379597747397794
11175,4,4.64857138225,5.353712090460617,0.7051407082106165
11176,4,5.44090903889,5.930479713758398,0.4895706748683981
11177,4,5.43076929679,5.445668267192538,0.014898970402537515
11178,4,5.65999994278,5.188993750582432,0.4710061921975681
11179,4,4.96842108275,5.260973051820152,0.2925519690701517
11180,4,8.10000038147,5.363840206876905,2.7361601745930955
11181,4,5.42068969792,5.827119006994275,0.40642930907427477
11182,4,7.52499997616,5.441717727852286,2.0832822483077145
11183,4,4.69375000596,5.954101121737851,1.2603511157778513
11184,4,5.52777775129,6.378537573351926,0.8507598220619252
11185,4,5.61666659514,5.95317796339485,0.3365113682548504
11186,4,6.64166665077,5.924813226936717,0.7168534238332835
11187,4,5.35714278902,6.75147938000623,1.3943365909862298
11188,4,6.04615383882,8.772312101920868,2.726158263100868
11189,4,7.20999994278,8.892438004838308,1.6824380620583081
11190,4,5.34000015259,6.010535607866091,0.6705354552760907
11191,4,4.90465116501,6.133029434783932,1.2283782697739323
11192,4,5.19375002384,5.935455524196561,0.7417055003565611
11193,4,5.14545455846,6.695564753038017,1.550110194578017
11194,4,5.61249995232,5.811474708914419,0.19897475659441888
11195,4,5.34999999633,5.437288539375592,0.08728854304559164
11196,4,5.69999990463,8.262706568456377,2.5627066638263765
11197,4,5.76829268293,5.548928648166873,0.21936403476312716
11198,4,5.75199996948,6.8715767932005125,1.1195768237205126
11199,4,5.72727272727,5.550839923202895,0.1764328040671046
11200,4,6.51249998808,9.205133195912712,2.6926332078327118
11201,4,5.60625004768,5.867298872349625,0.26104882466962565
11202,4,5.44999996821,5.225279008758969,0.2247209594510311
11203,4,5.12777776188,5.431901069968934,0.3041233080889336
11204,4,6.17500003179,7.349359726151654,1.1743596943616543
11205,4,5.457894777,5.70960191270426,0.25170713570425995
11206,4,5.68571431296,7.9206054944770505,2.2348911815170505
11207,4,5.77575761622,6.205260833793281,0.4295032175732807
11208,4,5.31538464473,5.494332146636689,0.17894750190668862
11209,4,5.53750005364,5.793051449761016,0.2555513961210165
11210,4,6.41666674614,5.813643475182754,0.6030232709572454
11211,4,4.60800004959,7.407239423307159,2.7992393737171586
11212,4,4.64909087961,5.963332776901417,1.3142418972914172
11213,4,5.46250003576,8.292674614111888,2.8301745783518886
11214,4,5.77499997616,5.3771083099974515,0.3978916661625487
11215,4,5.36666671435,7.391354144062305,2.024687429712305
11216,4,7.60000014305,4.944821541821723,2.655178601228277
11217,4,4.52972972715,7.677920114898234,3.148190387748234
11218,4,5.5421052481,6.392569148515165,0.8504639004151642
11219,4,5.65714284352,6.9832897770454085,1.3261469335254086
11220,4,5.58999996185,5.481278433287613,0.10872152856238682
11221,4,5.79999999342,5.739788425840803,0.06021156757919677
11222,4,4.88000001907,5.19127510558218,0.3112750865121807
11223,4,6.5,5.264865733621974,1.2351342663780258
11224,4,5.25714288439,7.23144152001094,1.97429863562094
11225,4,6.16470589357,5.160454538189512,1.0042513553804877
11226,4,7.09999990463,7.40707508611028,0.3070751814802799
11227,4,5.72142853056,7.635787420414925,1.9143588898549249
11228,4,6.11428574153,4.890256630722456,1.2240291108075434
11229,4,4.83999996185,5.772875684324973,0.9328757224749724
11230,4,6.70909088308,6.831956514135532,0.12286563105553228
11231,4,6.44999996821,6.4088755226937995,0.04112444551620076
11232,4,5.41666674614,6.911359904745911,1.4946931586059113
11233,4,6.45555559794,6.675025125109077,0.21946952716907653
11234,4,4.53076922894,5.704762011841597,1.173992782901597
11235,4,4.94339620842,11.193809531875035,6.250413323455034
11236,4,4.57333334817,7.1599227051669505,2.5865893569969503
11237,4,5.30800003052,6.782405195604204,1.474405165084204
11238,4,5.21578944357,7.123988130666245,1.9081986870962444
11239,4,6.33846150912,6.36458872289683,0.026127213776829805
11240,4,6.74615383148,7.38314939691652,0.6369955654365196
11241,4,7.11428569612,8.919073467544576,1.8047877714245768
11242,4,5.99000005722,6.751040734929207,0.7610406777092074
11243,4,5.63846147977,6.667225964240695,1.0287644844706945
11244,4,6.61666666137,6.574090956304298,0.042575705065702074
11245,4,5.25999994278,6.656564722307419,1.3965647795274183
11246,4,5.0625,6.866293790390088,1.8037937903900882
11247,4,5.43333323797,6.692491547763779,1.2591583097937784
11248,4,5.85882355185,6.887401182691271,1.028577630841271
11249,4,5.2083333532,6.818096781765614,1.6097634285656142
11250,4,4.92222234938,6.989101720378659,2.0668793709986586
11251,4,5.27999997139,5.496060556116346,0.21606058472634615
11252,4,4.05142855644,6.639576174551639,2.5881476181116385
11253,4,4.0545454242,5.818006160061209,1.7634607358612095
11254,4,6.27499997616,7.353670760933991,1.0786707847739905
11255,4,6.66250002384,7.0879552656345215,0.42545524179452165
11256,4,6.32222223282,6.774256722518356,0.4520344896983559
11257,4,6.68999996185,6.45824990581351,0.23175005603649002
11258,4,5.08823526607,7.371397233860722,2.283161967790722
11259,4,5.19090899554,6.8815144659775855,1.6906054704375855
11260,4,5.83333341281,7.257906276961026,1.4245728641510258
11261,4,5.8272727186,10.528148620711606,4.700875902111607
11262,4,6.33333345254,7.488178281084276,1.1548448285442765
11263,4,7.53913050113,5.863706962041883,1.6754235390881167
11264,4,7.02222220103,7.328976373743051,0.3067541727130507
11265,4,4.12058819042,8.810835589811303,4.6902473993913025
11266,4,4.22682927294,5.558050515383384,1.3312212424433838
11267,4,5.31999998093,7.342244060903813,2.022244079973813
11268,4,5.36190473466,7.7924764207256825,2.430571686065682
11269,4,7.16666666667,6.267673384200071,0.8989932824699292
11270,4,6.22380958285,7.165492785244146,0.9416832023941453
11271,4,6.80624997616,7.109177757471937,0.30292778131193643
11272,4,6.59230764096,7.049357612022561,0.4570499710625615
11273,4,6.09090909091,5.873009703205458,0.2178993877045423
11274,4,4.95,7.836399193927229,2.886399193927229
11275,4,6.34000005722,5.940211715186466,0.39978834203353397
11276,4,4.53225805683,5.756639935573299,1.2243818787432987
11277,4,6.15833322207,7.7406766518702295,1.58234342980023
11278,4,6.81052634591,6.468909042741442,0.3416173031685572
11279,4,6.57272733342,7.526770761408506,0.9540434279885064
11280,4,6.84615380947,5.606487656225001,1.2396661532449986
11281,4,6.46666669846,7.851423136498481,1.3847564380384805
11282,4,6.1777777142,8.011890743252419,1.8341130290524186
11283,4,5.84999998411,8.931087856410683,3.0810878723006825
11284,4,6.59999997616,6.3823395235755385,0.21766045258446187
11285,4,6.87777776188,7.017304385170847,0.13952662329084742
11286,4,6.1636363593,7.158569467722512,0.9949331084225124
11287,4,4.46274513357,7.701602553292827,3.2388574197228266
11288,4,5.5,6.837162446460533,1.3371624464605327
11289,4,4.90999999046,7.807605902317369,2.8976059118573687
11290,4,7.15555556615,7.665590169777121,0.5100346036271208
11291,4,6.20000001362,7.034540794006412,0.834540780386412
11292,4,7.26666663488,6.760226418352437,0.5064402165275625
11293,4,5.81000013351,10.573001268491987,4.763001134981987
11294,4,5.37692304758,6.06763722040381,0.6907141728238102
11295,4,6.3124999404,5.699193703007396,0.6133062373926048
11296,4,5.84545456279,7.131688861235616,1.286234298445616
11297,4,5.22272727706,6.580801648160136,1.3580743711001366
11298,4,6.57272720337,6.822115712492588,0.24938850912258737
11299,4,6.46000000636,7.164480620760253,0.7044806144002536
11300,4,6.41111108992,6.85405492641421,0.44294383649420954
11301,4,6.39166665077,6.974580523719795,0.5829138729497947
11302,4,4.64130422343,6.4151766853308985,1.7738724619008988
11303,4,4.66315788972,7.159600962317747,2.4964430725977467
11304,4,6.60999999046,6.205053871555984,0.4049461189040162
11305,4,7.09333333969,7.076735407253741,0.016597932436258844
11306,4,6.11249995232,6.590131632469168,0.4776316801491678
11307,4,6.66666658719,7.5365911985115615,0.8699246113215615
11308,4,5.89999990463,5.242272335060578,0.6577275695694214
11309,4,6.80714290483,7.049376176060865,0.24223327123086502
11310,4,5.58000011444,6.726838280637512,1.1468381661975124
11311,4,5.20999999046,7.792818338457232,2.5828183479972315
11312,4,6.22592592239,8.467910177710092,2.2419842553200917
11313,4,6.0000000298,7.484290770131331,1.484290740331331
11314,4,4.82499994681,6.431740926018701,1.606740979208701
11315,4,4.76499994993,9.97202267262487,5.20702272269487
11316,4,6.49999988079,6.992673403323266,0.49267352253326635
11317,4,6.19999996821,6.530531024697741,0.3305310564877404
11318,4,5.53749990463,7.833926651441128,2.296426746811128
11319,4,6.43846156047,7.502415057275922,1.0639534968059214
11320,4,5.37142857483,7.683284450021321,2.3118558751913207
11321,4,5.61666667461,7.143097210322293,1.5264305357122927
11322,4,7.73076923077,6.883054132693015,0.8477150980769848
11323,4,5.9909090779,7.505971787998301,1.5150627100983014
11324,4,6.89166673024,6.931661434966255,0.039994704726255215
11325,4,6.62999997139,6.798148587229583,0.1681486158395824
11326,4,6.40000002725,7.2453257128667445,0.8453256856167446
11327,4,5.6333334181,7.3272202226801015,1.6938868045801012
11328,4,6.53846157514,8.865300401296857,2.326838826156856
11329,4,4.53448272574,7.4040255235314785,2.8695427977914783
11330,4,4.37666676044,5.584886406668389,1.2082196462283887
11331,4,4.14193547157,4.94589685152093,0.8039613799509295
11332,4,4.59531247616,6.704065953221081,2.1087534770610805
11333,4,8.04166666667,6.066319311695926,1.9753473549740743
11334,4,7.64545458013,5.640948956130723,2.004505623999277
11335,4,4.42857149669,5.216309766796984,0.7877382701069839
11336,4,4.64285714286,6.459090378122218,1.8162332352622181
11337,4,4.50322580338,6.0722914553139,1.5690656519339
11338,4,4.5433333238,6.554232034572086,2.0108987107720866
11339,4,4.39253734475,8.520836298430249,4.128298953680249
11340,4,4.64333327611,4.899631750538136,0.256298474428136
11341,4,4.38135597261,9.13291060838197,4.75155463577197
11342,4,4.07234041742,4.662164599025493,0.5898241816054925
11343,4,4.6828570979,7.56821539259449,2.8853582946944893
11344,4,4.89666665395,6.961290140700851,2.0646234867508513
11345,4,7.23076930413,4.983729499934249,2.247039804195751
11346,4,7.45999999046,7.94456452891491,0.48456453845490977
11347,4,4.72812500596,5.7592004186396935,1.0310754126796935
11348,4,4.5937500447,6.923995728220966,2.3302456835209657
11349,4,4.81875003874,7.202955518335877,2.3842054795958765
11350,4,4.67241372733,6.611127942624064,1.9387142152940635
11351,4,4.62799993515,5.839102533685596,1.2111025985355957
11352,4,4.15116275189,5.269643238708321,1.1184804868183207
11353,4,4.32777783606,9.039852791618596,4.712074955558596
11354,4,4.37500011921,9.148930736140642,4.773930616930642
11355,4,8.44615386083,11.14675812504349,2.7006042642134904
11356,4,7.0000000298,4.942145984526171,2.057854045273829
11357,4,8.16000008583,6.360769764628017,1.799230321201982
11358,4,4.43333339691,7.143403890932419,2.7100704940224185
11359,4,4.58444441689,5.611234740604102,1.0267903237141018
11360,4,4.3722222911,8.491785750035058,4.119563458935058
11361,4,8.54444450802,5.680450206284391,2.863994301735609
11362,4,8.12000010808,7.465890908420142,0.6541091996598576
11363,4,4.46000003815,5.731455065997354,1.2714550278473542
11364,4,4.07333329519,6.772846082492299,2.6995127873022984
11365,4,3.98269230127,5.703415485951499,1.720723184681499
11366,4,4.24920633861,9.793012775735182,5.543806437125182
11367,4,4.45641029798,5.598205173147582,1.141794875167582
11368,4,6.64736840599,5.642374417172729,1.0049939888172714
11369,4,6.84545460614,4.732493351838885,2.1129612543011147
11370,4,4.10967738398,5.735313731023057,1.6256363470430566
11371,4,4.55074624873,6.004010545926974,1.4532642971969736
11372,4,4.69032262987,7.144472399555231,2.4541497696852312
11373,4,4.15945946204,8.106198772906529,3.946739310866529
11374,4,7.70000006602,4.444072933150915,3.2559271328690853
11375,4,4.67777773186,5.746618474077698,1.0688407422176978
11376,4,4.67317063634,6.600983803250434,1.9278131669104344
11377,4,4.65416659911,6.718851612332558,2.064685013222558
11378,4,4.91627910525,6.507577227308326,1.5912981220583262
11379,4,4.57647064153,5.744464403900679,1.1679937623706786
11380,4,4.61025640292,6.519932584951489,1.9096761820314887
11381,4,6.46000000636,5.689904793478943,0.7700952128810563
11382,1,7.55714293889,9.59493059919114,2.0377876603011407
11383,1,7.97272734209,9.825641692593138,1.8529143505031378
11384,1,7.48571426528,6.170545192203132,1.3151690730768681
11385,1,6.8200000445,7.565209955458507,0.7452099109585069
11386,1,7.49285721779,7.079804060925047,0.4130531568649527
11387,1,6.90000004239,6.466851259602947,0.43314878278705304
11388,1,8.06000001431,7.379855515359645,0.680144498950356
11389,1,6.6999999193,5.884874444129272,0.8151254751707278
11390,1,6.09230769598,7.465633320908477,1.3733256249284773
11391,1,6.73888887299,7.620341003075113,0.8814521300851137
11392,1,6.23125004768,7.222580454307304,0.9913304066273048
11393,1,7.21250003576,6.250758984295713,0.961741051464287
11394,1,7.13999993006,6.267602818184985,0.8723971118750153
11395,1,8.09230789771,6.330278192485141,1.76202970522486
11396,1,7.76153854223,5.810661992250473,1.9508765499795269
11397,1,7.20666666031,5.5334273790376916,1.6732392812723083
11398,1,8.33636344563,5.933549300200596,2.4028141454294047
11399,1,8.35000014305,6.110676158309214,2.2393239847407855
11400,1,7.97333339055,10.165456571426214,2.192123180876214
11401,1,7.83846158248,8.843616990525607,1.0051554080456073
11402,1,3.42000000477,6.632541118677473,3.212541113907473
11403,1,7.76666673024,5.883768059072857,1.8828986711671432
11404,1,7.51000003815,6.966743195351452,0.5432568427985487
11405,1,7.26999998093,6.467156588951033,0.8028433919789668
11406,1,8.55833323797,9.114059323803643,0.5557260858336424
11407,1,8.61999998093,6.289115899744255,2.3308840811857454
11408,1,7.88333340486,8.200419228775,0.31708582391500073
11409,1,7.92307703312,7.9711067562424915,0.04802972312249132
11410,1,6.56470587674,7.33669444635845,0.7719885696184505
11411,1,6.32916669051,5.116751090945279,1.2124155995647214
11412,1,6.09677416278,5.367952428361715,0.7288217344182852
11413,1,5.88421051126,7.48717646115393,1.60296594989393
11414,1,8.54374992847,6.028653288882232,2.5150966395877674
11415,1,7.72999992371,6.909450453708835,0.8205494700011657
11416,1,8.32142867361,6.295799103984322,2.0256295696256785
11417,1,7.95333347321,8.688757739413468,0.7354242662034682
11418,1,7.5,10.853382038896818,3.353382038896818
11419,1,7.60833330949,8.304720458659428,0.6963871491694285
11420,1,7.8222222858,6.555512107281368,1.2667101785186317
11421,1,8.29166658719,5.654963532880238,2.6367030543097627
11422,1,7.90000009537,6.3475811884591895,1.5524189069108107
11423,1,7.27272731608,6.303506137490993,0.9692211785890068
11424,1,7.45882354063,6.161756770918901,1.2970667697110994
11425,1,7.00000004768,5.79344334921376,1.2065566984662404
11426,1,7.48125007749,5.27135974225626,2.20989033523374
11427,1,8.66875004768,7.356528885140568,1.3122211625394318
11428,1,6.91666674614,7.573409909285217,0.656743163145217
11429,1,7.72500002384,6.753006768760195,0.9719932550798047
11430,1,7.08333337307,10.011466884862994,2.9281335117929936
11431,1,7.4153846594,7.080051418197461,0.33533324120253916
11432,1,7.275,8.436443919961992,1.1614439199619913
11433,1,6.94736837086,6.245660219716614,0.7017081511433858
11434,1,4.86923072888,5.925324346315959,1.056093617435959
11435,1,8.29999999205,8.729824152944161,0.429824160894162
11436,1,7.57857142176,6.970696725043636,0.6078746967163644
11437,1,8.13333336512,9.276822065222863,1.1434887001028624
11438,1,7.85384621987,6.665726802781592,1.1881194170884086
11439,1,7.62999992371,10.49985947344617,2.8698595497361703
11440,1,6.95000008174,6.349412640110749,0.6005874416292505
11441,1,5.0999999894,6.125162309888198,1.0251623204881986
11442,1,7.31666660309,6.527493853703584,0.7891727493864158
11443,1,7.70000002601,5.859163114002337,1.8408369120076626
11444,1,6.92000007629,7.144199830306864,0.22419975401686365
11445,1,7.25384613184,6.445430129037938,0.8084160028020619
11446,1,7.65217395451,5.246410893692495,2.405763060817505
11447,1,7.78750008345,8.120702617412421,0.33320253396242094
11448,1,8.41538458604,9.624433680553361,1.209049094513361
11449,1,5.93513515833,7.36947747534605,1.4343423170160507
11450,1,7.99166675409,6.302026902044405,1.6896398520455946
11451,1,8.24166679382,6.4526769965859625,1.7889897972340378
11452,1,6.76153846887,6.714820466586011,0.04671800228398926
11453,1,7.92222219043,6.106130807488679,1.8160913829413214
11454,1,7.80833335718,6.815121046748605,0.993212310431395
11455,1,8.45000009537,6.212217292059448,2.2377828033105516
11456,1,7.50666672389,6.575151982426808,0.9315147414631912
11457,1,7.7928571701,7.808537265061279,0.015680094961279423
11458,1,8.3066666921,10.13242020107499,1.825753508974989
11459,1,7.33999996185,6.868670790600562,0.4713291712494385
11460,1,7.9076924324,7.462721982485893,0.4449704499141074
11461,1,6.54000008901,6.43168377823973,0.10831631077027026
11462,1,8.41666677263,6.9807639319992045,1.4359028406307957
11463,1,7.04444442855,6.574967694659952,0.4694767338900485
11464,1,6.53076920143,6.657247341057968,0.1264781396279675
11465,1,7.64166661104,9.495567278007922,1.853900666967922
11466,1,8.03636373173,6.187118138258921,1.84924559347108
11467,1,6.23333336058,6.609268502274215,0.3759351416942156
11468,1,6.92916665475,7.1485723205266485,0.2194056657766481
11469,1,8.43333339691,6.531249359536535,1.9020840373734647
11470,3,5.96470594406,5.616661377784293,0.348044566275707
11471,3,6.16666671965,7.074925906749087,0.9082591870990866
11472,3,6.90000001589,5.556369992648586,1.3436300232414142
11473,3,5.96666663488,4.940463807514929,1.0262028273650712
11474,3,4.26136360385,7.264234549162584,3.0028709453125844
11475,3,7.17368422056,5.134580864356879,2.039103356203121
11476,3,6.08999999364,5.57299928947282,0.51700070416718
11477,3,5.39473681701,5.075474462585831,0.3192623544241693
11478,3,6.15714284352,5.446664785312924,0.7104780582070758
11479,3,4.84687497218,5.337806564866602,0.4909315926866018
11480,3,5.2343750298,6.159133840714508,0.9247588109145086
11481,3,6.89629628923,5.409842014047072,1.4864542751829282
11482,3,4.79999996634,5.060940188860542,0.26094022252054216
11483,3,5.10740739328,5.25918134317749,0.15177394989748993
11484,3,6.11904761905,5.108090242167405,1.0109573768825948
11485,3,6.54000005722,7.217734128131361,0.6777340709113604
11486,3,7.20000001788,5.193607266942468,2.0063927509375317
11487,3,7.03043471212,5.318729637521832,1.711705074598168
11488,3,4.74886363745,6.60336096334669,1.8544973258966895
11489,3,6.16666661368,5.262873008586329,0.9037936050936715
11490,3,6.77333334287,5.606534274097513,1.1667990687724874
11491,3,7.00000002326,5.679858314442365,1.3201417088176353
11492,3,6.71249997616,5.326960749097747,1.385539227062253
11493,3,6.63508774941,6.120021794429487,0.5150659549805132
11494,3,4.62647055177,5.404861886501092,0.7783913347310918
11495,3,4.61449274809,6.318354079346507,1.7038613312565074
11496,3,4.93146853347,7.025382774301197,2.0939142408311966
11497,3,5.19130433124,5.087567882806663,0.10373644843333629
11498,3,6.48571431637,5.807735402621839,0.6779789137481611
11499,3,6.22272721204,5.17922047136048,1.0435067406795193
11500,3,6.63749995828,5.776111904622342,0.8613880536576586
11501,3,6.28000006676,5.75533294738951,0.5246671193704904
11502,3,6.09999996424,5.465797449468765,0.6342025147712356
11503,3,7.60666672389,5.17192517433428,2.43474154955572
11504,3,6.58125004172,5.171667773195994,1.409582268524006
11505,3,6.04666668574,5.986427555644486,0.06023913009551407
11506,3,7.1000000106,7.75856182886093,0.6585618182609307
11507,3,7.41875001788,5.944050851894044,1.4746991659859559
11508,3,5.71142853328,4.970465411376015,0.7409631219039854
11509,3,5.13600001335,5.624884433587415,0.4888844202374143
11510,3,6.01199996948,6.300689595339167,0.2886896258591669
11511,3,5.3047618866,5.473452730996458,0.16869084439645832
11512,3,4.9638888571,5.556838651788405,0.5929497946884057
11513,3,5.14666665395,5.799718847018873,0.6530521930688735
11514,3,5.68518522051,5.288851227932456,0.396333992577544
11515,3,6.25,5.417748435953932,0.8322515640460679
11516,3,7.15000002861,7.926455405162072,0.7764553765520716
11517,3,6.44285716329,5.567366234669457,0.8754909286205432
11518,3,7.71666669846,5.936857911287008,1.7798087871729917
11519,3,6.18333333731,6.221225214551241,0.037891877241241545
11520,3,5.30000000341,5.846915585555571,0.5469155821455711
11521,3,5.1952380907,5.950840414041638,0.7556023233416376
11522,3,6.78823529973,5.117626345004705,1.670608954725295
11523,3,6.07727274028,5.431388733904839,0.6458840063751605
11524,3,6.5111111535,7.934141885729399,1.4230307322293987
11525,3,7.60000002384,5.523374296897124,2.0766257269428756
11526,3,4.57272726406,5.401513881964181,0.8287866179041812
11527,3,5.58695648028,5.965806895398995,0.3788504151189951
11528,3,7.64666665395,6.033105375156312,1.6135612787936875
11529,3,5.15789478704,6.050600128355496,0.8927053413154962
11530,3,4.16190472103,6.480078336863784,2.318173615833784
11531,3,4.70000001589,6.203729999784901,1.5037299838949014
11532,3,4.93006991006,6.3864011435949735,1.4563312335349732
11533,3,6.82500004768,6.968337018379259,0.14333697069925933
11534,3,6.74999998297,5.6633526428101835,1.086647340159817
11535,3,5.91052627563,5.91392895512775,0.003402679497749972
11536,3,6.36666667461,5.956375300568981,0.41029137404101945
11537,3,6.25882350697,5.739836133898207,0.5189873730717931
11538,3,6.56249998808,5.4404630372079055,1.1220369508720944
11539,3,5.98333332936,6.9068358248875645,0.9235024955275648
11540,3,6.95384616118,5.770783067029541,1.1830630941504596
11541,3,4.72608694823,5.642553924699827,0.9164669764698274
11542,3,6.11176476759,5.438789406478081,0.6729753611119191
11543,3,6.66190476645,5.238029884450048,1.4238748819999518
11544,3,7.22666664124,8.228512604736782,1.0018459634967822
11545,3,6.44999995232,7.183976542004176,0.7339765896841763
11546,3,5.33611116144,5.277877836509479,0.058233324930521135
11547,1,5.05119050117,6.83950304282781,1.7883125416578105
11548,1,4.50999996185,6.36205575114929,1.85205578929929
11549,1,4.5717391294,7.071824484806455,2.500085355406455
11550,1,4.4276470577,6.451977482549873,2.0243304248498735
11551,1,4.3942856993,6.831516505076124,2.4372308057761236
11552,1,5.76363635063,7.5029847812035895,1.7393484305735898
11553,1,4.63888885357,6.705990409225651,2.0671015556556505
11554,1,7.51428563254,6.7052410135655,0.8090446189745002
11555,1,7.67500004172,7.117307978294187,0.5576920634258125
11556,1,7.68181822517,9.11406986330213,1.432251638132131
11557,1,7.76250004768,9.349976890659228,1.5874768429792283
11558,1,7.5842104962,6.846507312805818,0.7377031833941823
11559,1,6.96999998093,9.232520548739297,2.262520567809297
11560,1,5.23513509132,6.806564509117993,1.5714294177979928
11561,1,5.23461534427,10.094287520300497,4.8596721760304975
11562,1,8.34545467117,6.786917236735287,1.5585374344347125
11563,1,6.97931036456,7.396880349279784,0.41756998471978424
11564,1,7.30000001192,5.062876024952972,2.2371239869670276
11565,1,4.67894737344,6.054748732490042,1.3758013590500422
11566,1,7.30833339691,5.372793692846749,1.9355397040632516
11567,1,6.0303030014,5.667372053877948,0.36293094752205235
11568,1,6.76470588235,5.80113114408962,0.9635747382603803
11569,1,5.08917749909,7.188337909496022,2.0991604104060224
11570,1,4.90416661898,5.760080529313067,0.8559139103330669
11571,1,5.12765957954,6.02104252841896,0.8933829488789593
11572,1,4.69583334525,7.558943010594866,2.863109665344866
11573,1,5.0474226696,6.3683689341281084,1.320946264528108
11574,1,5.14676258032,6.068251943803368,0.9214893634833681
11575,1,5.0441176681,6.984197985674793,1.9400803175747932
11576,1,5.33833335241,7.549417368878236,2.2110840164682353
11577,1,5.93809525172,7.625181543089568,1.6870862913695683
11578,1,5.16944445504,7.306666223226336,2.137221768186336
11579,1,4.63333333333,8.347842317354237,3.7145089840242367
11580,1,4.40860213259,7.9270668914076,3.5184647588176006
11581,1,5.53333332804,6.940405445162762,1.4070721171227616
11582,1,6.56923070321,6.127232260071279,0.4419984431387203
11583,3,7.08947372437,6.383252681437824,0.7062210429321762
11584,3,8.00000019073,7.7369477301030845,0.26305246062691623
11585,3,6.59999997528,5.960669680401553,0.6393302948784472
11586,3,6.96551724138,8.649138857877523,1.6836216164975228
11587,3,6.77037041276,5.945528013324443,0.8248423994355569
11588,3,6.14999995232,6.114378589016006,0.0356213633039939
11589,3,7.73999996185,7.998538362780847,0.25853840093084735
11590,3,6.31923077657,7.705040362926724,1.3858095863567232
11591,3,7.09199998856,5.805557919716064,1.286442068843936
11592,3,7.53333334128,6.067493142647892,1.4658401986321072
11593,3,7.11499993801,6.241198207956131,0.8738017300538692
11594,3,7.25,6.413467921147228,0.8365320788527724
11595,3,6.16666671965,5.898046604808675,0.2686201148413252
11596,3,5.95000004768,6.367087957683637,0.4170879100036373
11597,3,5.52222220103,6.376962704838386,0.8547405038083857
11598,3,7.65454539386,6.861976572700208,0.7925688211597919
11599,3,5.66923079124,5.879134425094861,0.20990363385486077
11600,3,5.93636369705,6.000369292546933,0.06400559549693341
11601,3,6.94285712923,6.975479187159683,0.0326220579296832
11602,3,6.96428564617,6.384179509616157,0.5801061365538427
11603,3,7.14411763584,7.0957662700245825,0.048351365815417324
11604,3,7.11666671435,6.861289630192523,0.25537708415747673
11605,3,6.77500001589,5.562440863004586,1.2125591528854143
11606,3,6.62941175349,6.205574335769603,0.4238374177203976
11607,3,7.36666663488,5.911560162830023,1.4551064720499767
11608,3,7.07333335876,10.124012241041028,3.0506788822810273
11609,3,6.45199998856,6.323630880442437,0.12836910811756308
11610,3,6.71304350314,6.703507257761888,0.009536245378111374
11611,3,6.31538464473,6.38346181453468,0.06807716980468026
11612,3,6.6249999702,5.634991231615171,0.9900087385848293
11613,3,7.7958333691,6.446639465295229,1.349193903804771
11614,3,6.47499998411,6.687138306608958,0.2121383224989577
11615,3,7.20909092643,7.636769285476084,0.42767835904608376
11616,3,7.09999990463,6.633332263353833,0.46666764127616656
11617,3,6.03076920143,5.905394731845632,0.1253744695843677
11618,3,7.01000008583,7.629749562000831,0.6197494761708313
11619,3,6.0892856632,6.137897522865806,0.04861185966580628
11620,3,7.11199996948,7.867454986667719,0.7554550171877183
11621,3,6.5,6.306051586240438,0.1939484137595624
11622,3,6.60000001467,6.8171644024557,0.2171643877856999
11623,3,7.22608698969,7.179495348326688,0.046591641363312064
11624,3,6.08235289069,5.9922575239845415,0.0900953667054587
11625,3,6.2068965024,6.522106344546595,0.31520984214659453
11626,3,6.01428570066,5.546630663722668,0.467655036937332
11627,3,6.59444443385,6.009271206094699,0.585173227755301
11628,3,8.18666666349,6.643864118159168,1.5428025453308312
11629,3,7.70384616118,9.088066380978916,1.384220219798915
11630,3,7.16999998093,6.540479992919754,0.6295199880102462
11631,3,7.99000000954,6.333358362901082,1.656641646638918
11632,3,6.95999999046,6.436621973000451,0.5233780174595495
11633,3,5.95000004768,8.480850701017946,2.5308506533379465
11634,3,6.83000001907,8.061755555958552,1.231755536888552
11635,3,6.3714285578,6.699648694323444,0.32822013652344406
11636,3,7.0151515007,6.591603555531194,0.42354794516880645
11637,3,6.59545454112,5.59163523963492,1.0038193014850796
11638,3,7.08181814714,8.870288136724213,1.7884699895842129
11639,3,6.43428570884,6.614292529275163,0.18000682043516303
11640,3,6.18214285374,6.724640574304945,0.5424977205649446
11641,3,6.09393936215,7.748522059014926,1.6545826968649253
11642,3,6.7928571701,6.3623523193545655,0.4305048507454341
11643,3,7.69333321253,6.203632061782669,1.4897011507473312
11644,3,7.15454550223,8.85885896021397,1.7043134579839698
11645,3,7.95185188011,5.9339671511245164,2.017884728985484
11646,3,7.24615386816,6.5190395492407385,0.7271143189192619
11647,3,7.33333333333,7.065803276811425,0.26753005651857453
11648,3,6.04166664018,5.963919648686659,0.07774699149334108
11649,3,5.99500000477,7.263988496647101,1.268988491877101
11650,4,5.96666669846,8.503565796185562,2.536899097725562
11651,4,6.27727274461,8.333288528428358,2.056015783818358
11652,4,6.43333335718,7.164042721248196,0.7307093640681952
11653,4,6.27500000596,6.7053393623879005,0.43033935642790055
11654,4,6.24736846121,7.185017585797333,0.9376491245873328
11655,3,5.72222216924,6.412699811755531,0.690477642515531
11656,3,6.50909094377,8.65943422216265,2.1503432783926497
11657,3,6.47500002384,6.466202648312574,0.008797375527425544
11658,3,6.17058818481,7.02555374175206,0.8549655569420604
11659,3,5.46315787968,6.793691324151252,1.3305334444712527
11660,3,4.80892857483,5.141657406430944,0.332728831600944
11661,3,4.82878791925,5.73307496396926,0.9042870447192604
11662,3,4.83529412045,5.123081994990329,0.28778787454032884
11663,3,6.07333329519,7.1321668107176075,1.0588335155276072
11664,3,5.50769237372,6.416993644927268,0.9093012712072674
11665,3,6.50769237372,6.341978225866267,0.16571414785373317
11666,3,6.87272724238,6.876992214984773,0.004264972604772765
11667,3,5.90909090909,5.295144829008974,0.6139460800810257
11668,3,5.54000002543,6.5258904569459455,0.9858904315159451
11669,3,6.44166664282,9.290321845554292,2.8486552027342924
11670,3,6.3736842306,6.780850163646815,0.4071659330468149
11671,3,6.20833337307,6.365388565838,0.1570551927679995
11672,3,6.90000000867,7.382211263827525,0.48221125515752483
11673,3,6.39230761161,7.072824293203818,0.6805166815938186
11674,3,6.5470588067,6.304749941295517,0.2423088654044827
11675,3,4.42000007629,6.3491794156962325,1.9291793394062324
11676,3,4.92758612797,5.037253213416339,0.10966708544633885
11677,3,5.93809525172,7.023763201392783,1.085667949672783
11678,3,5.87826092347,6.359900611963079,0.4816396884930789
11679,3,6.77999994755,6.609113892004373,0.17088605554562708
11680,3,6.49411768072,6.414750292552452,0.0793673881675474
11681,3,4.61388887299,6.896135339883009,2.2822464668930094
11682,3,4.35714291164,6.771874404901559,2.4147314932615593
11683,3,4.48125007749,6.497209789245998,2.0159597117559978
11684,3,5.58260872053,7.164845025274872,1.582236304744872
11685,3,6.47500002384,6.667516360686029,0.19251633684602876
11686,3,6.29285713605,7.4767728995419915,1.1839157634919912
11687,3,5.38260872468,8.696232824700969,3.313624100020969
11688,3,5.17619037628,7.367419803159574,2.1912294268795742
11689,3,4.3909090649,5.7031385125188905,1.3122294476188907
11690,3,4.36666676733,4.983834007983747,0.617167240653747
11691,3,6.14666665395,6.775331619385371,0.6286649654353713
11692,3,5.81764698029,6.918682167706855,1.101035187416855
11693,3,6.83076924544,6.503425151130907,0.32734409430909306
11694,3,6.40526317295,7.119989142346222,0.7147259693962225
11695,3,5.66190476645,6.572004724204361,0.9100999577543609
11696,3,6.75263153879,6.266967066012784,0.48566447277721636
11697,3,6.36842105263,6.412452250827669,0.04403119819766932
11698,3,6.08181810379,8.60744179798539,2.5256236941953896
11699,3,5.90416661898,6.518841174811281,0.6146745558312814
11700,3,6.73157892729,7.49417908901995,0.7626001617299494
11701,2,4.39750009775,3.722253687030154,0.6752464107198461
11702,2,5.0,3.091711147922437,1.908288852077563
11703,2,5.16666671208,2.8465594550737396,2.32010725700626
11704,2,4.9266667366,3.412124940489619,1.5145417961103806
11705,2,5.58888888359,4.138888124616114,1.4500007589738857
11706,2,6.95454545455,5.7901333966253965,1.1644120579246033
11707,2,5.38500001431,4.279482452458858,1.1055175618511424
11708,2,4.6859999752,3.4798093964121843,1.2061905787878153
11709,2,4.63999994451,3.971018521756992,0.6689814227530082
11710,2,4.29999998212,4.138102676472592,0.16189730564740845
11711,2,4.48947366915,3.7495439262652077,0.739929742884792
11712,2,4.34925372565,3.8966672634016497,0.45258646224835
11713,2,6.94000000954,4.224303209684251,2.715696799855749
11714,2,6.51250004768,6.5320430427148795,0.019542995034879773
11715,2,5.29500002861,3.7329710236058684,1.5620290050041312
11716,2,4.25272726579,4.223186407779268,0.029540858010731696
11717,2,4.41038962773,4.5507513859344115,0.14036175820441166
11718,2,4.30454540253,4.542348973845696,0.23780357131569652
11719,2,4.84285713377,4.642138976272914,0.20071815749708577
11720,2,5.61176468344,4.6995378292242656,0.9122268542157341
11721,2,4.80158727131,6.696595699470914,1.8950084281609145
11722,2,7.41111119588,4.065434361736246,3.345676834143754
11723,2,4.95769234804,3.9729664060444545,0.9847259419955456
11724,2,4.81500012875,3.970637348756295,0.8443627799937055
11725,2,4.47500006358,4.871717027331808,0.39671696375180865
11726,2,4.29487177042,3.2961789143319695,0.9986928560880308
11727,2,4.32608697725,3.0101816805169612,1.315905296733039
11728,2,6.85000004087,3.8015789377685696,3.0484211031014308
11729,2,5.1000000106,4.256657359811992,0.8433426507880073
11730,2,4.08358207034,3.333392989543034,0.7501890807969662
11731,2,4.52972972715,3.7751714032111057,0.7545583239388947
11732,2,4.69999999266,4.753720919876658,0.05372092721665833
11733,2,4.34468082671,4.393519342982922,0.04883851627292124
11734,2,4.5566666921,4.173244967526177,0.3834217245738234
11735,2,4.60571425302,4.089778453461319,0.5159357995586813
11736,2,5.32380946477,3.8196152278955875,1.5041942368744126
11737,2,7.3749999404,5.269194585922536,2.1058053544774644
11738,2,5.22058826334,4.851384928950802,0.36920333438919783
11739,2,5.05555550257,4.140000470787205,0.9155550317827945
11740,2,5.16818183119,4.8580790325348175,0.31010279865518253
11741,2,4.74868421806,6.616865324589709,1.8681811065297085
11742,2,4.15925926338,5.027446130366306,0.8681868669863055
11743,2,4.69166670243,4.248846017673197,0.4428206847568035
11744,2,4.49361702736,4.450375329871809,0.043241697488190844
11745,2,5.22941177032,4.259029621080623,0.9703821492393763
11746,2,6.23333333333,4.808885926336554,1.4244474069934459
11747,2,6.50833328565,3.828083544038531,2.680249741611469
11748,2,4.84411764145,4.834986351827721,0.00913128962227816
11749,2,4.42857149669,2.805020320465472,1.6235511762245283
11750,2,4.4111111429,3.0120018421472707,1.3991093007527295
11751,2,6.3272727186,4.472002154134827,1.8552705644651724
11752,2,5.0,3.644583357296664,1.3554166427033358
11753,2,5.05624994636,3.1902810813104114,1.865968865049589
11754,2,4.80000007153,3.2294277333252044,1.570572338204796
11755,2,4.38500001431,3.3932314111170445,0.9917686031929556
11756,2,7.00714288439,5.957138024778635,1.0500048596113656
11757,2,6.44999996821,5.851379966628803,0.5986200015811969
11758,2,4.74166663488,3.864073985543321,0.8775926493366786
11759,2,4.39166675011,4.242806354854073,0.14886039525592665
11760,2,4.47857144901,4.10528149660483,0.3732899524051705
11761,2,4.34761907941,4.206051725688043,0.14156735372195683
11762,2,4.66435642054,4.2856583607078615,0.37869805983213833
11763,2,5.17272726695,4.373154474681044,0.7995727922689557
11764,2,6.49999996594,6.751216237521095,0.25121627158109483
11765,2,6.26999998093,6.406908475066965,0.13690849413696515
11766,2,6.37142862592,6.551804025119583,0.18037539919958245
11767,5,6.61333332062,5.4337369420349315,1.1795963785850683
11768,5,7.44999996821,6.209180283496298,1.2408196847137019
11769,5,6.62222223812,4.421263446829757,2.200958791290243
11770,5,8.01052643123,5.550169759750499,2.4603566714795004
11771,5,6.64285714286,5.2198758124183,1.4229813304416998
11772,5,4.328125,5.07243010050566,0.7443051005056596
11773,5,6.70833333333,4.768144857259697,1.9401884760703023
11774,5,6.17500003179,5.049459908124678,1.1255401236653215
11775,5,6.99999996594,5.092746482805435,1.907253483134565
11776,5,6.43333326446,4.917648482108003,1.5156847823519968
11777,5,7.68333335718,4.128974437139885,3.5543589200401158
11778,5,6.74615375812,6.659473785556553,0.08667997256344684
11779,5,6.5631578596,4.889882279824857,1.6732755797751437
11780,5,7.90000009537,5.279340653293483,2.6206594420765175
11781,5,7.20000001362,5.451588334841123,1.7484116787788775
11782,5,6.19999980927,8.817488756724927,2.6174889474549268
11783,5,6.32142853737,5.68109765713222,0.6403308802377801
11784,5,7.42499989271,5.846467870611784,1.5785320220982157
11785,5,7.65999999046,4.315628845198749,3.3443711452612517
11786,5,6.08000001907,4.780902540580394,1.2990974784896059
11787,5,6.05238099325,5.539741540642611,0.512639452607389
11788,5,6.69473688226,4.521178407400214,2.173558474859786
11789,5,6.37500008941,5.756490128705723,0.6185099607042774
11790,5,6.42857149669,4.4831504538269495,1.9454210428630505
11791,5,6.60000000681,5.0130901824083,1.5869098244017001
11792,5,6.83076924544,4.929463666486583,1.9013055789534166
11793,5,6.69230769231,5.514823205602012,1.1774844867079883
11794,5,6.19999980927,4.988356508735004,1.2116433005349965
11795,5,6.78571431977,4.751784837685765,2.0339294820842353
11796,5,6.45384616118,9.670450141957762,3.2166039807777613
11797,5,7.70000004768,5.8361153906835135,1.8638846569964862
11798,5,6.59333337148,4.557209310014883,2.0361240614651166
11799,5,4.25499997139,7.703540052227549,3.4485400808375486
11800,5,6.4222222964,5.345329427133061,1.0768928692669393
11801,5,6.64545458013,8.735178032161482,2.089723452031482
11802,5,6.69999996821,4.291101627267395,2.4088983409426055
11803,5,7.38000001907,4.292824454686164,3.087175564383836
11804,5,6.67142854418,5.512343783620734,1.1590847605592662
11805,5,6.00588234733,4.613120916659023,1.3927614306709772
11806,5,6.27272727273,4.8013418130004215,1.4713854597295786
11807,5,7.02666670481,6.899487461525328,0.12717924328467234
11808,5,6.73636358435,4.917944799547552,1.8184187848024482
11809,5,6.90999999046,5.408960993459109,1.501038997000891
11810,5,6.74000000954,5.312451017215649,1.4275489923243514
11811,5,6.88571432659,6.743208271886136,0.14250605470386368
11812,5,6.76249998808,5.1598561894856125,1.6026437985943875
11813,5,6.9222222964,4.549363671053035,2.3728586253469652
11814,5,6.58148147442,4.800741509618021,1.7807399648019793
11815,5,7.32857145582,4.99660649831967,2.33196495750033
11816,5,5.08499996662,5.03914124037164,0.04585872624836007
11817,5,6.54545454545,5.306124195636691,1.2393303498133088
11818,5,6.74285704749,4.1318234763615695,2.6110335711284307
11819,5,7.32222217984,4.2110638571171,3.1111583227228996
11820,5,6.71249997616,5.558362705309216,1.154137270850784
11821,5,6.68571424484,7.060477484743609,0.3747632399036096
11822,5,6.32142860549,6.878053356310472,0.5566247508204718
11823,5,6.5888888571,8.161757785030325,1.5728689279303252
11824,5,6.89999997616,4.7039188854941685,2.1960810906658317
11825,5,6.40666662852,5.2413395815987,1.1653270469213002
11826,5,6.68571424484,4.423746513409657,2.2619677314303424
11827,5,6.82307694508,4.680679794451761,2.1423971506282395
11828,5,6.9363636537,8.288107929494931,1.351744275794931
11829,5,6.72000002861,4.9204030257753,1.7995970028347
11830,5,6.72499996424,4.776693351295556,1.9483066129444442
11831,5,4.25333333015,4.587672840055388,0.3343395099053881
11832,5,6.42647058824,4.8402820539846765,1.5861885342553235
11833,5,6.23478257138,4.48758647080742,1.7471961005725802
11834,5,6.57142863955,4.851442682511786,1.7199859570382134
11835,5,7.2499999404,4.901980622324585,2.3480193180754156
11836,5,7.30000000734,4.8044746463585675,2.495525360981433
11837,5,6.28571428571,4.871219202858395,1.4144950828516052
11838,5,7.32666670481,4.576354647918944,2.7503120568910564
11839,5,6.5,4.403244310321423,2.0967556896785773
11840,5,6.22666664124,4.361072203296123,1.8655944379438765
11841,5,6.23333326976,5.2818838530736905,0.9514494166863097
11842,5,6.20666666031,4.424584283639023,1.782082376670977
11843,5,7.34000000954,8.338140957992671,0.9981409484526713
11844,5,6.44999992847,5.02059437637034,1.4294055520996594
11845,5,7.81428582328,4.81193523724416,3.0023505860358393
11846,5,6.46666673819,5.6489344223223235,0.8177323158676764
11847,5,6.27499997616,5.541603547785622,0.7333964283743786
11848,5,7.21111112171,4.437612340422701,2.773498781287299
11849,5,6.43333339691,4.245367738260956,2.187965658649044
11850,5,6.86000000636,5.896180089479685,0.9638199168803148
11851,5,7.23000001907,4.748753435395486,2.4812465836745146
11852,5,7.00909090042,5.374613895057163,1.6344770053628377
11853,5,7.06470590479,7.066201980766303,0.0014960759763029685
11854,5,7.09285719054,4.881965692131457,2.210891498408543
11855,5,6.76666673024,6.85433497508341,0.08766824484341029
11856,5,6.26666673024,4.232104377112973,2.0345623531270265
11857,5,6.35500004292,4.515614389640696,1.8393856532793045
11858,5,6.95333334605,5.321497129555063,1.6318362164949374
11859,5,7.71111112171,6.7664829615395945,0.9446281601704056
11860,5,5.82999999523,4.93053992636681,0.8994600688631893
11861,5,6.3222222858,4.850309280958328,1.4719130048416718
11862,5,4.51764707004,7.4529956910881205,2.9353486210481208
11863,5,5.13913038503,5.070288624717964,0.06884176031203548
11864,5,3.08476190453,5.949975471941391,2.865213567411391
11865,5,3.68533331871,5.012777986922188,1.327444668212188
11866,5,4.82307696342,5.215690802354251,0.39261383893425084
11867,5,4.76666666402,4.800973309823789,0.03430664580378906
11868,5,5.02499997616,2.730793121941055,2.2942068542189453
11869,5,4.74166663488,4.090533515573535,0.6511331193064649
11870,5,4.69649123309,5.165377254023152,0.46888602093315246
11871,5,4.16885246605,4.471709006273624,0.3028565402236243
11872,5,4.88823531656,6.659477882287412,1.7712425657274116
11873,5,4.51111110051,5.774125953213328,1.2630148527033285
11874,5,5.00000004768,3.988598642017001,1.0114014056629994
11875,5,4.40000000493,5.673053814495935,1.2730538095659352
11876,5,5.79523810886,6.008190599371815,0.21295249051181564
11877,5,4.259090895,6.104790678730986,1.8456997837309856
11878,5,4.64166662594,5.4330182275733545,0.7913516016333544
11879,5,4.22399998665,5.688405173210391,1.4644051865603913
11880,5,4.75263158899,6.37341807773617,1.6207864887461705
11881,5,4.91904769625,3.823918212087831,1.095129484162169
11882,5,4.69999997956,4.265964335897516,0.4340356436624839
11883,5,4.76521742862,3.799711794598057,0.9655056340219428
11884,5,4.55621301634,6.554812287218445,1.9985992708784446
11885,5,4.33269229302,4.701745088371565,0.369052795351565
11886,5,4.10322579838,6.909502510672524,2.806276712292524
11887,5,4.11388885313,5.386363830430165,1.2724749773001651
11888,5,5.1705882409,6.50157450386061,1.33098626296061
11889,5,4.86400001526,4.369393644097444,0.4946063711625559
11890,5,4.70952374595,4.298989445745336,0.41053430020466397
11891,5,5.04000002543,4.1331273230549055,0.9068727023750949
11892,5,6.69230772899,3.92363165868826,2.7686760703017406
11893,5,5.87647062189,4.456654692867403,1.4198159290225973
11894,5,6.06999993324,4.39215529198302,1.6778446412569803
11895,5,6.19999995232,3.6780486559039627,2.521951296416037
11896,5,5.8166667223,6.656172416826513,0.8395056945265127
11897,5,5.95000004768,4.426381248603796,1.5236187990762033
11898,5,7.0,4.833059728278997,2.1669402717210033
11899,5,6.15833328168,5.200894147265199,0.957439134414801
11900,5,6.09999996424,4.252751795438353,1.8472481688016469
11901,5,6.05238094784,5.115385431469166,0.9369955163708337
11902,5,6.45000004768,5.184218936384385,1.265781111295615
11903,5,6.07999998728,4.5163171739436265,1.5636828133363734
11904,5,6.25555547078,4.966114673963919,1.2894407968160815
11905,2,6.14000005722,6.883953746587737,0.7439536893677374
11906,2,6.19999991523,6.053645900667167,0.14635401456283326
11907,2,5.81111107932,5.510869629054586,0.30024145026541404
11908,2,5.85000014305,5.108771189441271,0.7412289536087293
11909,2,6.45384616118,7.198496632202853,0.7446504710228528
11910,2,6.17777782016,8.496262950348285,2.318485130188285
11911,2,6.30000001192,6.257557451453513,0.04244256046648687
11912,2,6.38000011444,7.388143112565193,1.0081429981251935
11913,2,4.58947367417,6.118948012590796,1.5294743384207958
11914,2,4.36739130124,6.340153379288065,1.9727620780480652
11915,2,5.21111109522,6.892112538383856,1.681001443163856
11916,2,4.36909090822,7.151673777527923,2.782582869307923
11917,2,5.16999998093,8.884173685746308,3.714173704816308
11918,2,4.41379315278,7.380152132684668,2.966358979904668
11919,2,5.76428570066,5.8096499361066165,0.045364235446616163
11920,2,5.5,5.989328636431205,0.48932863643120506
11921,2,6.59999995232,6.00972424467934,0.59027570764066
11922,2,5.98000001907,5.6462214381593885,0.33377858091061174
11923,2,5.85000002384,5.489139597630917,0.3608604262090829
11924,2,5.96000013351,8.208147097362257,2.248146963852257
11925,2,4.94615387917,7.030460259523527,2.084306380353527
11926,2,4.56551721178,7.745976359615063,3.1804591478350632
11927,2,5.90625008941,5.018844400626204,0.8874056887837964
11928,2,6.1933333079,6.782666003302778,0.5893326954027787
11929,2,6.48000011444,6.379896488984249,0.10010362545575102
11930,2,5.95454549789,6.404907702823295,0.4503622049332954
11931,2,6.55999994278,6.709634197388316,0.1496342546083156
11932,2,6.59999990463,6.9087897340719335,0.3087898294419338
11933,2,5.6999999455,5.874499332663095,0.17449938716309532
11934,2,6.69999993931,6.072681548535755,0.6273183907742448
11935,2,6.50769230036,6.259819248308991,0.24787305205100818
11936,2,6.02272725105,5.739544915682213,0.2831823353677869
11937,2,6.22499990463,7.882103212895104,1.6571033082651043
11938,2,6.59999990463,5.227873741708816,1.3721261629211838
11939,2,6.36666668029,6.538684819787626,0.17201813949762634
11940,2,6.09999998411,8.370062936164354,2.270062952054354
11941,2,6.69999996821,6.274638774551487,0.4253611936585129
11942,2,6.45999999046,6.801396296648103,0.3413963061881029
11943,2,6.01111112701,5.93608927210345,0.07502185490655044
11944,2,5.96249997616,6.424700909585414,0.4622009334254136
11945,2,6.62727273594,5.881822041131301,0.7454506948086994
11946,2,6.36666663488,6.178000784941956,0.1886658499380438
11947,2,4.54861112105,6.71684751292823,2.1682363918782297
11948,2,6.48571429934,9.007843542547292,2.522129243207292
11949,2,6.00555555026,7.852174149582148,1.8466185993221478
11950,2,5.92000002861,9.351482615531323,3.431482586921323
11951,2,5.82500004768,6.181254276004093,0.3562542283240937
11952,2,6.23000006676,5.791635780277302,0.438364286482698
11953,2,6.11333328883,5.969094072318429,0.14423921651157112
11954,2,6.1222221763,6.670664464308141,0.5484422880081405
11955,2,6.40000009537,6.049247365347549,0.35075273002245133
11956,2,6.1875,7.182627322370479,0.9951273223704789
11957,2,6.63846144309,7.0197877877529695,0.3813263446629698
11958,2,6.26428573472,6.397410333161784,0.1331245984417846
11959,2,6.04545450211,6.724499881385071,0.6790453792750712
11960,2,5.6214285578,5.204289238249547,0.41713931955045247
11961,2,5.91250008345,6.771841453158095,0.8593413697080949
11962,2,5.82631577944,5.762946835833484,0.06336894360651613
11963,2,4.78333338102,8.24504996854747,3.4617165875274694
11964,2,5.55641023929,6.8898444954829845,1.3334342561929846
11965,2,6.09999990463,5.847838011524164,0.2521618931058356
11966,2,6.5,5.873630523578896,0.6263694764211039
11967,2,6.69999980927,5.548135845715629,1.151863963554371
11968,2,6.30833331744,9.332540113191545,3.024206795751545
11969,2,6.12222226461,5.958380291960985,0.16384197264901523
11970,2,6.29999995232,6.266711759867935,0.0332881924520656
11971,2,6.09999990463,6.464959400991138,0.36495949636113867
11972,2,6.03333330154,5.933401156167619,0.09993214537238071
11973,2,6.54999995232,6.580785051451912,0.03078509913191141
11974,2,6.51176467596,5.53743478979599,0.9743298861640106
11975,2,5.45833330684,5.462410850946894,0.004077544106893427
11976,2,5.19777779579,5.69200706472976,0.49422926893975916
11977,2,3.98571426528,6.834875759471104,2.849161494191104
11978,2,5.03928571088,6.324805232327893,1.2855195214478936
11979,2,5.5408163168,6.481714808750415,0.9408984919504153
11980,2,4.172580669,5.570383970321078,1.397803301321078
11981,2,5.50508474091,7.46216539854035,1.9570806576303497
11982,2,5.82000007629,6.0674896402472545,0.24748956395725408
11983,2,6.69000000954,8.00562045066091,1.3156204411209096
11984,2,6.42222224341,6.5970504266279955,0.1748281832179952
11985,2,6.5,5.675965719250682,0.8240342807493182
11986,2,5.85714292526,6.941844640094835,1.0847017148348348
11987,2,6.45384623454,6.214768173933482,0.23907806060651815
11988,2,6.66874992847,5.655977522082816,1.0127724063871835
11989,2,5.92857149669,6.134455688509965,0.20588419181996453
11990,2,5.98750001192,5.460848082893518,0.5266519290264817
11991,2,7.08571440833,5.942075766127985,1.1436386422020153
11992,2,5.90000009537,5.566802635184716,0.33319746018528384
11993,2,6.01999998093,6.266301851723222,0.2463018707932223
11994,2,6.50769230036,6.188212840187241,0.31947946017275886
11995,2,4.53571428997,7.729903628035249,3.1941893380652493
11996,2,4.74603171197,6.5953488731252525,1.8493171611552528
11997,2,4.3923076703,6.224723826412406,1.832416156112406
11998,2,4.57534246575,8.373416515151586,3.7980740494015857
11999,2,6.11764705882,5.917313852668062,0.20033320615193784
12000,2,4.85185184302,6.92659551397714,2.0747436709571394
12001,2,4.80175439377,5.687770314982972,0.8860159212129721
12002,2,4.37999998728,8.679553568677644,4.299553581397644
12003,2,5.59057971706,6.452905570326311,0.8623258532663112
12004,2,6.64444446564,5.56188914080416,1.0825553248358402
12005,2,6.30000007153,5.084748545354026,1.2152515261759742
12006,2,6.53749996424,6.721257493375417,0.18375752913541632
12007,2,6.42941180397,5.353096475064605,1.0763153289053946
12008,2,6.23333332274,8.230052930233196,1.9967196074931959
12009,2,6.23571426528,7.092009309654595,0.8562950443745949
12010,2,7.70000004768,5.654385926729583,2.0456141209504164
12011,2,6.62727269259,6.28408699181715,0.3431857007728505
12012,2,6.93333339691,6.755198394324633,0.17813500258536674
12013,2,6.25999999046,6.29581409326563,0.03581410280563002
12014,2,6.26666665077,5.731764383482609,0.5349022672873911
12015,2,6.3166667223,5.28702486056036,1.0296418617396403
12016,2,6.76666662428,5.475865332732951,1.2908012915470488
12017,2,6.90000002725,7.785358945862377,0.8853589186123774
12018,2,6.43636361035,6.0402656532330035,0.39609795711699647
12019,2,6.55555550257,5.933619261335966,0.6219362412340335
12020,2,6.89000000954,5.769679349556359,1.1203206599836406
12021,2,5.42051282296,5.98480868304196,0.5642958600819599
12022,2,4.4453333346,6.823119339372866,2.377786004772866
12023,2,6.22592594005,8.813978155828087,2.588052215778087
12024,2,6.40000001122,6.047904547332006,0.35209546388799406
12025,2,6.85384614651,8.113419152920315,1.2595730064103154
12026,2,6.45000004768,4.562930396750673,1.8870696509293268
12027,2,6.19333318075,4.84495384499278,1.3483793357572198
12028,2,6.46800006866,6.053141808352407,0.414858260307593
12029,2,6.98000001907,5.242315425629066,1.7376845934409344
12030,2,6.38666677475,5.775321870781893,0.6113449039681074
12031,2,4.87916668256,6.71185874500932,1.8326920624493201
12032,2,6.24615390484,8.389475829463379,2.143321924623379
12033,2,7.75,7.283195354914541,0.4668046450854586
12034,2,6.33333325386,7.310509195583735,0.9771759417237345
12035,2,6.19285712923,7.983910727581522,1.791053598351522
12036,2,4.66666671965,6.357036520147245,1.690369800497245
12037,2,6.36666679382,6.788934025989558,0.42226723216955797
12038,2,6.76249998808,8.207793221006554,1.445293232926554
12039,2,6.33636379242,5.167235688860785,1.1691281035592151
12040,2,6.14999993642,7.320293653425534,1.1702937170055332
12041,2,6.36666668786,5.184026229246754,1.1826404586132453
12042,2,6.05200008392,8.256660246246087,2.2046601623260864
12043,2,6.22499998978,5.882351052356505,0.3426489374234949
12044,2,6.78888893127,6.331673123482668,0.45721580778733184
12045,2,6.35833334923,5.507006432293384,0.8513269169366158
12046,2,6.98000001907,4.712966663756248,2.2670333553137523
12047,2,4.3037038026,5.224340236723506,0.920636434123506
12048,2,5.89999999603,6.198186861431955,0.2981868654019548
12049,2,6.34117648181,6.319041147754756,0.022135334055243483
12050,2,6.89743588521,7.486697461856294,0.5892615766462939
12051,2,5.52727274461,6.276324590207794,0.7490518455977941
12052,2,6.37600002289,5.332812444546716,1.0431875783432831
12053,2,5.12758618388,6.739652934799129,1.612066750919129
12054,2,6.61428574153,4.996918207692184,1.6173675338378155
12055,2,4.1875000298,4.105993033753771,0.08150699604622869
12056,2,6.13793093583,3.970663991096469,2.167266944733531
12057,2,7.30000001192,4.508753943591305,2.791246068328695
12058,2,6.38124996424,4.280221170956821,2.101028793283179
12059,2,6.07500002384,4.79223549715268,1.2827645266873207
12060,2,6.80000003179,5.184891687387491,1.6151083444025085
12061,2,6.56499998569,5.902112519423145,0.6628874662668549
12062,2,6.72222216924,5.780115114381044,0.9421070548589565
12063,2,6.45624998212,9.034044586011683,2.5777946038916832
12064,2,6.51538460071,5.888525392754659,0.6268592079553414
12065,2,6.41428572791,6.218472021179178,0.19581370673082255
12066,2,6.24375003576,7.729890955769261,1.4861409200092615
12067,2,6.6166665554,5.428017043169522,1.1886495122304783
12068,2,6.31428578922,8.686966795055596,2.372681005835596
12069,2,6.1562499404,5.565550961711104,0.5906989786888968
12070,2,7.15000003576,4.551601894209874,2.598398141550126
12071,2,4.24130432502,5.286548575281616,1.0452442502616162
12072,2,6.25238089334,8.03594849558226,1.783567602242261
12073,2,7.26666662428,4.528344492668701,2.738322131611299
12074,2,6.32499998808,8.000161543236867,1.6751615551568673
12075,2,6.25,6.71795473015214,0.4679547301521403
12076,2,5.6933333079,5.809310285946081,0.11597697804608131
12077,2,6.72352940896,3.7365754115766148,2.9869539973833854
12078,2,7.12499995232,4.1761371633353725,2.948862788984627
12079,2,6.12307682404,4.370655565335214,1.7524212587047856
12080,2,6.29999993064,7.872227257870249,1.572227327230249
12081,2,6.91666666667,4.820705223422925,2.0959614432470755
12082,2,7.22499990463,5.5946253704208555,1.6303745342091442
12083,2,6.35000004768,5.61966848839776,0.7303315592822397
12084,2,6.6,4.852465658134591,1.7475343418654088
12085,2,6.36999998093,6.091334262569257,0.2786657183607435
12086,2,6.22999997139,5.904538828289301,0.32546114310069907
12087,2,6.76249998808,5.815396296997996,0.9471036910820043
12088,2,4.97692308059,8.191350485854977,3.2144274052649777
12089,2,6.13142847334,6.345588093922652,0.21415962058265237
12090,2,6.4789473885,5.836773655835557,0.6421737326644426
12091,2,6.96250001589,6.721111509686299,0.2413885062037009
12092,2,4.46190482094,5.622879344111096,1.1609745231710962
12093,2,6.95833339294,4.631910848464754,2.326422544475246
12094,2,7.0066666921,7.041547614490332,0.03488092239033236
12095,2,6.42173912214,3.952711999239252,2.469027122900748
12096,2,5.3437500298,4.966230678831337,0.3775193509686625
12097,2,5.36666663488,4.629843598032696,0.7368230368473032
12098,2,5.58499996662,6.795137176602959,1.2101372099829595
12099,2,5.60769231503,5.510384672211758,0.097307642818242
12100,2,6.375,4.315931725227909,2.059068274772091
12101,2,3.96548670372,5.8170519078108605,1.8515652040908606
12102,2,4.35833335718,6.662901454064426,2.3045680968844255
12103,2,4.03521126089,5.740798364978634,1.7055871040886341
12104,2,0.0,0.3977496865501884,0.3977496865501884
12105,2,4.06470587674,6.724526859795355,2.659820983055355
12106,2,7.98749995232,4.513915630743,3.4735843215770004
12107,2,6.26190478461,5.421018402476735,0.8408863821332657
12108,2,7.54500005245,4.499193668016314,3.0458063844336856
12109,2,6.3750000596,6.214252413848403,0.16074764575159683
12110,2,4.73781512565,5.190681232328304,0.45286610667830374
12111,2,4.33706897703,5.251469275444439,0.9144002984144386
12112,2,3.50285716057,4.988750282413639,1.4858931218436386
12113,2,0.0,0.08666523639983836,0.08666523639983836
12114,2,6.34444445151,3.8082128016253662,2.536231649884634
12115,2,7.26249998808,4.077776223473467,3.1847237646065327
12116,2,7.20000000795,4.42659158145789,2.77340842649211
12117,2,6.94166676203,4.184361007148233,2.7573057548817665
12118,2,3.92644625656,7.474920970618781,3.548474714058781
12119,2,3.51621621364,11.557502262145965,8.041286048505965
12120,2,3.09758065593,10.875234342473487,7.777653686543487
12121,2,5.97906975413,7.561243972610344,1.5821742184803442
12122,2,6.58666667938,5.583611247374305,1.003055432005695
12123,2,5.8384615458,6.738020176506418,0.8995586307064176
12124,2,4.83095236052,5.499242490067768,0.6682901295477679
12125,2,6.23749999205,5.3440447480686295,0.8934552439813706
12126,2,4.93066666921,5.234006093693884,0.30333942448388385
12127,2,4.14833334287,8.871284873690474,4.722951530820474
12128,2,3.29642857824,5.168853209098149,1.872424630858149
12129,2,4.20874999464,9.986525545250398,5.777775550610398
12130,2,5.60285714694,5.584316186488474,0.01854096045152609
12131,2,6.57894739352,3.9499304810227756,2.6290169124972245
12132,2,5.64166669051,6.460167008277758,0.8185003177677581
12133,2,6.47500002384,5.258123869424061,1.2168761544159388
12134,2,6.22499998978,5.691623573332894,0.5333764164471058
12135,2,4.33055554165,5.24060850436312,0.9100529627131202
12136,2,0.0,0.762057952725204,0.762057952725204
12137,2,0.0,0.7097900506953554,0.7097900506953554
12138,2,0.0,0.5553949741019686,0.5553949741019686
12139,2,6.46666666667,5.8198248409862785,0.6468418256837216
12140,2,6.31111115879,4.248640608589094,2.0624705502009064
12141,2,6.83999996185,9.608321378667304,2.7683214168173036
12142,2,4.78888886505,7.522755701380015,2.733866836330015
12143,2,6.2478260372,5.0881813281859785,1.1596447090140218
12144,2,6.4192307729,6.962797729834432,0.5435669569344324
12145,2,4.69499995112,11.511783946288626,6.816783995168626
12146,2,4.83666666349,5.34299968507311,0.5063330215831101
12147,2,0.0,0.43469331635030706,0.43469331635030706
12148,2,5.79666668574,5.390584473832556,0.4060822119074441
12149,2,6.12666664124,6.354454851072161,0.22778820983216086
12150,2,6.71199995041,5.749207169181455,0.9627927812285453
12151,2,4.57096773578,7.061075343178267,2.490107607398267
12152,2,5.07750000358,7.271659264272961,2.1941592606929614
12153,2,3.28695652623,5.561907914639345,2.2749513884093453
12154,2,0.0,5.86404627544403,5.86404627544403
12155,2,6.11249991258,6.8124699070457035,0.6999699944657038
12156,2,4.96315787968,5.5038518870651885,0.5406940073851887
12157,2,6.97916666667,7.798740610165344,0.8195739434953433
12158,2,7.33888883061,5.913261387049898,1.425627443560102
12159,2,6.0318182165,5.852534616095772,0.17928360040422753
12160,2,3.34396135289,5.722714810914292,2.378753458024292
12161,2,5.64411766389,9.668434353989728,4.024316690099727
12162,2,3.86860465172,6.4983647568521565,2.6297601051321564
12163,2,3.56578946831,7.269973816189372,3.704184347879372
12164,2,3.62060606841,14.219488856843013,10.598882788433013
12165,2,0.0,0.7458971458348653,0.7458971458348653
12166,2,0.0,0.7405538950161681,0.7405538950161681
12167,2,0.0,0.6069077917977879,0.6069077917977879
12168,4,0.0,0.009203713299706706,0.009203713299706706
12169,4,0.0,0.12069721441597636,0.12069721441597636
12170,4,0.0,-0.20313082094317458,0.20313082094317458
12171,4,0.0,-0.10292508240334897,0.10292508240334897
12172,4,0.0,0.17428557479859386,0.17428557479859386
12173,4,0.0,0.26916412309869386,0.26916412309869386
12174,4,0.0,0.011528937184760224,0.011528937184760224
12175,4,0.0,0.16884195129759227,0.16884195129759227
12176,4,0.0,-0.02574049197904671,0.02574049197904671
12177,4,0.0,-0.09285875561588419,0.09285875561588419
12178,4,0.0,0.07838864267773715,0.07838864267773715
12179,4,0.0,-0.0953917534052291,0.0953917534052291
12180,4,0.0,-0.32894891367861234,0.32894891367861234
12181,4,0.0,0.10493131306301073,0.10493131306301073
12182,4,0.0,-0.2089692280353308,0.2089692280353308
12183,4,0.0,0.002257848706635812,0.002257848706635812
12184,4,0.0,0.12958535116231573,0.12958535116231573
12185,4,0.0,-0.08293277937762689,0.08293277937762689
12186,4,0.0,0.22469520777731056,0.22469520777731056
12187,4,0.0,0.009950760298135464,0.009950760298135464
12188,4,0.0,0.02914191376472708,0.02914191376472708
12189,4,0.0,0.028194219369709117,0.028194219369709117
12190,4,0.0,-0.20762670768822744,0.20762670768822744
12191,1,7.52500001589,6.421546706985323,1.103453308904677
12192,1,7.40000004239,6.404646517608912,0.9953535247810885
12193,1,6.76666673024,5.257935411387619,1.508731318852381
12194,1,6.02916673819,6.721695925204615,0.6925291870146149
12195,1,6.10000000502,7.694636091539058,1.594636086519058
12196,1,5.52307691941,8.692100314797134,3.169023395387134
12197,1,4.50499997139,7.451383819113794,2.9463838477237942
12198,1,3.55833333068,9.599748595518491,6.041415264838491
12199,1,8.68205126738,6.413631800885652,2.2684194664943487
12200,1,5.98888889949,5.899816569909609,0.08907232958039124
12201,1,6.3111111323,9.652286216495565,3.341175084195565
12202,1,5.3,7.425949734193954,2.125949734193954
12203,1,6.06000000636,8.861760539330785,2.8017605329707846
12204,1,6.29166662693,6.152902088894022,0.13876453803597766
12205,1,5.87999996185,6.242148307000985,0.3621483451509846
12206,1,6.26800008774,6.96234283445478,0.6943427467147805
12207,1,5.95555551847,6.252599777739478,0.2970442592694784
12208,1,6.35238095692,7.718043396303245,1.3656624393832448
12209,1,6.98800003052,5.938245312560358,1.049754717959642
12210,1,6.8714285578,5.839688661664031,1.031739896135969
12211,1,7.3086956273,6.69216747610445,0.61652815119555
12212,1,5.40400003433,5.0985830983673015,0.3054169359626986
12213,1,6.15714287077,6.5883585778930005,0.43121570712300006
12214,1,7.66129036873,7.197986196571415,0.4633041721585842
12215,1,5.8322147907,7.264122992273524,1.431908201573524
12216,1,6.18055555556,6.173130844239141,0.007424711320858535
12217,1,5.33750009537,6.510925340648875,1.1734252452788745
12218,1,6.675,6.824397643962226,0.1493976439622262
12219,1,4.5150001049,6.382798962655125,1.8677988577551243
12220,1,6.91500008106,6.208705254210061,0.7062948268499385
12221,1,7.17499999205,6.261956278622776,0.913043713427224
12222,1,5.21999998093,6.035247571657285,0.8152475907272851
12223,1,6.38461545797,7.531697832403171,1.1470823744331708
12224,1,5.87199998856,6.449022800517383,0.5770228119573835
12225,1,6.24444445857,5.98084547205511,0.2635989865148902
12226,1,5.68799995422,6.600028462880566,0.9120285086605655
12227,1,7.19130428978,4.935320497605778,2.255983792174222
12228,1,6.83157895741,5.812141779672826,1.0194371777371734
12229,1,3.47872339918,11.287834909225868,7.809111510045868
12230,1,5.48500001431,6.705955130599721,1.220955116289721
12231,1,4.13199995041,7.485501535716739,3.3535015853067387
12232,1,8.16800001144,6.814653102615448,1.3533469088245518
12233,1,6.18125002086,6.629656573881581,0.44840655302158083
12234,1,4.75909094377,6.147403947304298,1.3883130035342974
12235,1,4.4789473885,5.919051462692243,1.4401040741922433
12236,1,6.31600000381,8.041132360779429,1.7251323569694286
12237,1,4.85666666031,6.606398028068622,1.7497313677586215
12238,1,6.10416668653,5.858196138280638,0.24597054824936215
12239,1,6.46666660309,6.461526841316969,0.005139761773031104
12240,1,6.42592594359,6.360034025547586,0.06589191804241423
12241,1,5.03600000381,7.2183617228639125,2.1823617190539126
12242,1,5.92249999046,7.083873368037128,1.161373377577128
12243,1,4.77624998689,6.0703819301462225,1.2941319432562226
12244,1,4.10526314813,5.3134453457871995,1.2081821976571998
12245,1,5.06857140405,5.925264712874453,0.856693308824453
12246,1,5.29629626098,6.8762915561531495,1.5799952951731493
12247,1,4.96600000143,7.621116997876035,2.6551169964460346
12248,1,6.52400001526,7.215675132703275,0.6916751174432747
12249,1,4.61666669448,6.069626369526137,1.452959675046137
12250,1,6.57619047165,5.769301640432097,0.8068888312179032
12251,1,5.48333334923,7.196821208141014,1.713487858911014
12252,1,7.64285714286,7.423064637730081,0.21979250512991833
12253,1,6.38571432659,7.552881066498567,1.1671667399085672
12254,1,5.82500004768,5.644370875379723,0.18062917230027686
12255,1,5.56499998569,5.316345381772216,0.24865460391778438
12256,1,6.91428576197,5.990020886678959,0.9242648752910414
12257,1,6.27916659911,6.7060896934623555,0.42692309435235565
12258,1,5.58888891008,7.486465671492251,1.8975767614122514
12259,1,4.75624996424,7.693427331774426,2.937177367534426
12260,1,7.42999999523,6.4576001841115165,0.9723998111184837
12261,1,4.85999997457,6.37923373399196,1.5192337594219598
12262,1,6.52499997616,6.232570450055228,0.29242952610477246
12263,1,6.80000001192,6.864703067780151,0.0647030558601509
12264,1,4.20833333333,6.68735204772784,2.4790187143978404
12265,1,6.80833335718,5.992121581819655,0.8162117753603457
12266,1,3.96999999285,5.65638760401969,1.6863876111696898
12267,1,3.73888887299,6.633085362924517,2.8941964899345165
12268,1,5.55833333731,5.686488357094403,0.12815501978440302
12269,1,5.43548386328,5.586291282156639,0.15080741887663862
12270,1,4.825,7.095125681071103,2.270125681071103
12271,1,6.14642857654,7.1071217334079915,0.9606931568679915
12272,1,6.33142858233,6.023995221943389,0.30743336038661084
12273,1,7.17058821285,5.590577890051611,1.5800103227983895
12274,1,6.6833332777,7.8105432367029275,1.1272099590029274
12275,1,3.69062500633,6.550665302239302,2.8600402959093025
12276,1,4.35301204187,7.068530308593506,2.7155182667235067
12277,1,5.96399999619,7.005683229434137,1.0416832332441368
12278,1,8.79600000381,7.399560679845545,1.3964393239644552
12279,1,3.43333332274,6.0254165344929085,2.5920832117529087
12280,1,6.44761905216,6.078005761085111,0.3696132910748897
12281,1,3.91000000238,6.798741972857797,2.888741970477797
12282,1,6.72399997711,7.134243366245373,0.41024338913537317
12283,1,6.42105260648,8.048387306314648,1.6273346998346483
12284,1,6.00454547188,7.5055638257006345,1.5010183538206343
12285,1,7.00000005298,7.099292153253896,0.09929210027389601
12286,1,5.62812495232,8.313628921188595,2.685503968868595
12287,1,5.84000001907,7.23255051719541,1.3925504981254102
12288,1,5.05199996948,9.608419829551796,4.556419860071796
12289,1,4.73750001192,10.688040114370779,5.950540102450779
12290,1,4.41071429423,5.974627558087386,1.563913263857386
12291,1,6.63913044722,7.413657570778273,0.7745271235582729
12292,1,6.82666667302,6.9334853389254745,0.1068186659054744
12293,1,5.63333328565,6.414562118287201,0.7812288326372006
12294,1,5.11199996948,6.6546603953890475,1.5426604259090473
12295,1,5.5625000298,6.36698480642319,0.8044847766231902
12296,1,7.18499994278,9.318546399408891,2.133546456628891
12297,1,5.18400001526,6.719921465559651,1.535921450299651
12298,1,4.57499995232,8.140101577307165,3.5651016249871654
12299,1,6.87500007947,7.383112688184422,0.5081126087144217
12300,1,6.85466665904,7.131854736464333,0.2771880774243325
12301,1,3.96956518422,8.087907697066527,4.118342512846526
12302,1,6.51785721098,5.129164166629826,1.3886930443501742
12303,1,7.0,6.617607592663699,0.382392407336301
12304,1,6.41904762813,7.053768089335838,0.6347204612058377
12305,1,5.46086960254,5.9389846245200815,0.4781150219800816
12306,1,5.68000003815,6.376447823413805,0.6964477852638051
12307,1,6.54444445504,7.879192149745966,1.3347476947059658
12308,1,6.5000000298,6.69393583174859,0.19393580194858995
12309,1,5.33693694209,5.059437495042861,0.27749944704713947
12310,1,6.34499998093,6.00436444235366,0.34063553857633977
12311,1,6.5631578847,9.458415174600589,2.895257289900589
12312,1,6.31764712053,6.874921172125191,0.5572740515951908
12313,1,4.98500001431,8.959029821254125,3.9740298069441256
12314,1,4.22499997616,8.578966245907147,4.353966269747146
12315,1,7.12500003406,6.553186139450769,0.5718138946092308
12316,1,6.58125004172,5.388631385453909,1.1926186562660908
12317,1,7.5937500298,7.290489375166766,0.3032606546332337
12318,1,5.6249999702,6.6826441629296145,1.0576441927296143
12319,1,8.61562503874,6.963817464905279,1.65180757383472
12320,1,4.78000001907,7.077560196677659,2.297560177607659
12321,1,7.09999999133,5.927438629598161,1.1725613617318391
12322,1,5.32222231229,7.346485360931631,2.0242630486416306
12323,1,6.03125,6.553710484177596,0.5224604841775964
12324,1,6.42500007153,5.695857176394524,0.7291428951354764
12325,1,3.54469696681,7.773145848377907,4.228448881567907
12326,1,5.69411765828,6.895766494445117,1.2016488361651172
12327,1,7.5428571701,8.140036482138365,0.5971793120383655
12328,1,6.90000000596,6.703437593408952,0.19656241255104767
12329,1,4.71499993801,6.045708453893324,1.330708515883324
12330,1,6.70967737321,6.522535655121404,0.18714171808859614
12331,1,6.0433333238,5.903092641595668,0.1402406822043316
12332,1,6.01999998093,6.710890089813808,0.6908901088838082
12333,1,5.34210523806,10.020847150234037,4.678741912174036
12334,1,7.47222216924,7.881163527459215,0.40894135821921473
12335,1,5.72043011265,5.919160747184922,0.1987306345349218
12336,1,5.62399997711,8.583076110168777,2.959076133058777
12337,1,4.30400000572,6.6209116655588005,2.3169116598388007
12338,1,5.46999998093,6.589610002231609,1.1196100213016091
12339,1,5.84090911258,8.80678038979043,2.9658712772104305
12340,1,4.49310342197,6.237077712932962,1.7439742909629619
12341,1,6.3592592522,6.316784326691527,0.04247492550847287
12342,1,4.33000004292,7.4395079415980225,3.1095078986780225
12343,1,5.84166667859,6.05651141138817,0.21484473279816996
12344,1,6.73499996662,8.406285096440335,1.671285129820335
12345,1,4.49500000477,5.158558267436042,0.6635582626660428
12346,1,4.25600002289,5.659767201470396,1.403767178580396
12347,1,4.78666667938,5.284882716113058,0.4982160367330586
12348,1,6.4136363593,6.976263041009515,0.5626266817095154
12349,1,4.60312496126,8.310122578929914,3.7069976176699138
12350,1,6.86470592723,5.995980906608796,0.8687250206212038
12351,1,4.11499997377,6.400585662540353,2.285585688770353
12352,1,5.48333334923,8.327328781567655,2.843995432337655
12353,1,7.72500002384,5.927761800590307,1.7972382232496926
12354,1,7.4538461245,5.208316029999242,2.245530094500758
12355,1,4.46799999237,6.6226628866637185,2.1546628942937183
12356,1,6.35238097963,6.274796427976209,0.07758455165379097
12357,1,4.39600004196,7.04273781195535,2.64673776999535
12358,1,4.53111111323,6.32833057387111,1.7972194606411103
12359,1,4.48499999046,6.291050006608753,1.8060500161487525
12360,1,6.94615382415,6.6683166404915735,0.27783718365842613
12361,1,4.05000001192,5.150864828698754,1.1008648167787545
12362,1,4.41500002146,6.483127125898026,2.068127104438026
12363,1,7.22000005245,5.726039372709893,1.4939606797401064
12364,1,7.00238097282,6.067016935591745,0.935364037228255
12365,1,6.00333329837,4.8937665860416715,1.1095667123283288
12366,1,4.80000001506,6.902541201729434,2.102541186669434
12367,1,6.90937501192,6.39816960828759,0.5112054036324096
12368,1,6.35199996948,7.810938613378356,1.4589386438983567
12369,1,6.88888887123,5.344183232160107,1.5447056390698926
12370,1,6.30434782609,6.716366775747002,0.4120189496570017
12371,1,6.88620687353,6.2448574862652535,0.6413493872647464
12372,1,7.51538456403,6.737246145237871,0.7781384187921283
12373,1,6.32333334287,7.088657884593634,0.7653245417236345
12374,1,3.96800002098,7.239249600929464,3.2712495799494636
12375,1,7.4296296261,5.534923776886989,1.8947058492130102
12376,1,5.62000000477,8.995536272435428,3.375536267665429
12377,1,7.5000000298,5.340121172048745,2.159878857751255
12378,1,5.40800004959,6.198374425585715,0.7903743759957154
12379,1,4.37083335718,7.082314218111486,2.711480860931486
12380,1,7.36800001144,6.403515997522387,0.9644840139176134
12381,1,7.00434780121,6.991980800466982,0.012367000743017442
12382,1,5.80333336194,5.842675518234088,0.039342156294088326
12383,1,6.43846156047,5.863116309616128,0.5753452508538723
12384,1,5.14166669051,6.23101355260126,1.0893468620912596
12385,1,7.72666667302,7.619068763306806,0.10759790971319472
12386,1,6.68846152379,6.91538340875003,0.22692188496002963
12387,1,6.75,7.232123783517282,0.4821237835172818
12388,1,6.42399999619,5.997872886472212,0.4261271097177879
12389,1,6.14705882353,6.657725757736667,0.5106669342066672
12390,1,6.60769231503,5.5045955242928475,1.103096790737153
12391,1,6.05714280265,6.918061763083647,0.8609189604336471
12392,1,5.65416669846,6.492625313506609,0.8384586150466093
12393,1,4.82500006755,6.304990447083906,1.4799903795339056
12394,1,4.16888887617,7.674264431070392,3.505375554900392
12395,1,6.30434776389,8.448215144510085,2.143867380620085
12396,1,6.30909096111,5.395870813165521,0.9132201479444788
12397,1,8.4604651318,5.288609102373979,3.1718560294260207
12398,1,7.4541666309,6.757604696527503,0.6965619343724967
12399,1,6.57368424064,8.572221060475766,1.998536819835766
12400,1,6.28750000397,6.610837079109871,0.32333707513987076
12401,1,4.61000003815,8.66457889945885,4.054578861308849
12402,1,5.19583330552,5.686123982965933,0.490290677445933
12403,1,5.39000003338,5.497561008638861,0.10756097525886155
12404,1,7.27727270126,5.583877084204669,1.693395617055331
12405,1,7.27466668447,6.8429426559615765,0.4317240285084232
12406,1,5.38,6.6773748334040555,1.2973748334040556
12407,1,5.71111112171,7.85858025689338,2.14746913518338
12408,1,4.42500002384,9.166306294054385,4.741306270214385
12409,1,5.43333328338,6.022084867243725,0.5887515838637256
12410,1,4.42800001144,5.598194625308876,1.1701946138688761
12411,1,5.6249999404,6.477198975291474,0.8521990348914734
12412,1,5.91249999404,6.021370245576142,0.10887025153614172
12413,1,4.64999999603,9.04200780722507,4.392007811195071
12414,1,5.38484849352,6.10441942861863,0.7195709350986306
12415,1,6.13181816448,5.267264342804554,0.8645538216754467
12416,1,7.10000002384,7.170259958078007,0.07025993423800703
12417,1,5.37272735076,6.286391712198007,0.9136643614380073
12418,1,5.38500001431,5.899468214759883,0.5144682004498833
12419,1,5.75833332539,6.570487968546418,0.8121546431564184
12420,1,7.03666664759,6.069664518790695,0.9670021287993045
12421,1,7.22333335876,6.611168199168706,0.612165159591294
12422,1,4.44500002861,6.156524392716621,1.7115243641066211
12423,1,6.90740740741,8.186876858733296,1.2794694513232958
12424,1,4.74999997833,6.957400003898771,2.207400025568771
12425,1,6.08571429934,5.891550235758789,0.1941640635812112
12426,1,6.30312500894,8.108655902122093,1.8055308931820928
12427,1,6.78461536994,5.81741432386341,0.9672010460765899
12428,1,4.52399999619,7.395686555338652,2.8716865591486522
12429,1,6.67142854418,5.793097984144271,0.878330560035729
12430,1,4.77200000763,6.355211720955101,1.5832117133251007
12431,1,6.80624994636,5.16491428736351,1.64133565899649
12432,1,4.57500002782,6.816249663734342,2.2412496359143423
12433,1,5.96000003815,6.822012290761217,0.8620122526112173
12434,1,5.25499994755,5.7942762144897255,0.5392762669397255
12435,1,7.34000002543,6.712892503924983,0.6271075215050175
12436,1,6.57142857143,6.49199856537853,0.07943000605146988
12437,1,7.26250004768,7.0092402175373385,0.2532598301426612
12438,1,8.1607143368,6.136219123400508,2.024495213399492
12439,1,4.17722769067,6.106757582298965,1.929529891628965
12440,1,3.23960396559,7.364187387206428,4.124583421616428
12441,1,4.42799995422,6.078809898927739,1.6508099447077393
12442,1,7.27037035977,6.01504752063882,1.2553228391311801
12443,1,7.23461534427,6.311252207510577,0.9233631367594226
12444,1,4.26486485069,8.063377768650016,3.7985129179600152
