row_id,fold,y_true,y_pred,abs_error,holdout_country
0,1,16.06000004,12.785674542908088,3.27432549709191,Australia
1,1,0.0,10.520673947139143,10.520673947139143,Australia
2,1,0.0,11.210675906375911,11.210675906375911,Australia
3,1,13.81935486,14.888160443788442,1.068805583788441,Australia
4,1,9.530000019,14.044449953364273,4.514449934364274,Australia
5,1,9.100000381,13.657929367631573,4.557928986631573,Australia
6,1,10.21034479,13.690753377007923,3.480408587007922,Australia
7,1,9.778048841,13.022371257661533,3.2443224166615323,Australia
8,1,12.55000019,12.170702221238813,0.37929796876118793,Australia
9,1,10.66874997,13.091233215053705,2.422483245053705,Australia
10,1,0.0,10.355212225197002,10.355212225197002,Australia
11,1,13.24444453,10.905865977672715,2.338578552327286,Australia
12,1,10.19999981,11.09982664400353,0.8998268340035303,Australia
13,1,19.13571419,14.296365187884069,4.839349002115933,Australia
14,1,10.89999962,13.030859914188634,2.1308602941886345,Australia
15,1,17.10000038,12.754754916533072,4.345245463466929,Australia
16,1,15.69999981,11.454660670210881,4.2453391397891185,Australia
17,1,0.0,11.336331572550083,11.336331572550083,Australia
18,1,11.07444442,14.413217455658971,3.3387730356589707,Australia
19,1,11.10000038,12.334722999644423,1.2347226196444225,Australia
20,1,10.93793103,14.090637278478793,3.1527062484787933,Australia
21,1,8.900000095,13.499496437218035,4.5994963422180355,Australia
22,1,9.240000014,14.036105587848263,4.796105573848264,Australia
23,1,0.0,9.761474130398858,9.761474130398858,Australia
24,1,13.51249981,14.915459501789622,1.402959691789622,Australia
25,1,0.0,9.857424952759999,9.857424952759999,Australia
26,1,0.0,9.652050199911159,9.652050199911159,Australia
27,1,13.60000038,16.21444637691928,2.6144459969192795,Australia
28,1,0.0,10.890961006660255,10.890961006660255,Australia
29,1,0.0,9.575873101876276,9.575873101876276,Australia
30,1,13.10000038,9.92232378567337,3.1776765943266305,Australia
31,1,13.70000013,14.366970278910024,0.6669701489100248,Australia
32,1,13.10000038,18.118943047850966,5.018942667850965,Australia
33,1,13.19999981,11.365758456703745,1.834241353296255,Australia
34,1,0.0,10.04976004741042,10.04976004741042,Australia
35,1,0.0,9.675462260343139,9.675462260343139,Australia
36,1,10.5,14.034163642977504,3.5341636429775036,Australia
37,1,10.12631579,14.104824915363967,3.978509125363967,Australia
38,1,10.2,13.841566993038342,3.6415669930383423,Australia
39,1,0.0,11.2221297731774,11.2221297731774,Australia
40,1,10.30000019,14.778806008337051,4.478805818337051,Australia
41,1,5.994771244,13.883082740201125,7.888311496201125,Australia
42,1,9.23333327,15.630153338609245,6.396820068609246,Australia
43,1,9.044827659,14.428623915017257,5.383796256017257,Australia
44,1,7.922222222,13.575729945416212,5.653507723416212,Australia
45,1,8.035483853,13.429712121716328,5.394228268716327,Australia
46,1,8.050000191,13.839600352772276,5.789600161772276,Australia
47,1,7.398113206,13.595572723498558,6.197459517498558,Australia
48,1,6.066265043,13.454734929123223,7.388469886123223,Australia
49,1,10.25,19.959673678579797,9.709673678579797,Australia
50,1,10.7826087,19.075651778502603,8.293043078502603,Australia
51,1,10.60000038,14.983662966252393,4.383662586252392,Australia
52,1,11.1642858,15.100695529586798,3.9364097295867975,Australia
53,1,9.694805213,14.830447400824193,5.1356421878241925,Australia
54,1,10.06249994,14.288199310289809,4.225699370289808,Australia
55,1,10.10000038,11.22373919279873,1.1237388127987291,Australia
56,1,0.0,15.031998742211334,15.031998742211334,Australia
57,1,9.153488414,14.73153656888381,5.57804815488381,Australia
58,1,0.0,12.330386557337572,12.330386557337572,Australia
59,1,13.45064942,14.18251497130118,0.7318655513011798,Australia
60,1,11.73999996,13.496960098191911,1.7569601381919107,Australia
61,1,13.16250002,14.73593224758389,1.57343222758389,Australia
62,1,15.0,15.04871919588511,0.0487191958851092,Australia
63,1,0.0,10.640435263157052,10.640435263157052,Australia
64,1,17.46666654,15.017038628435943,2.449627911564056,Australia
65,1,13.27894743,13.727196615944917,0.4482491859449169,Australia
66,1,16.39999962,13.574953545510187,2.825046074489812,Australia
67,1,16.25,15.184150147053941,1.0658498529460587,Australia
68,1,16.20000076,13.11632222746964,3.083678532530362,Australia
69,1,18.5,11.896812786772182,6.603187213227818,Australia
70,1,7.271319305,13.060763913899596,5.789444608899596,Australia
71,1,5.138248866,14.294681126440885,9.156432260440885,Australia
72,1,9.481739098,13.826596205913194,4.344857107913194,Australia
73,1,6.661928949,13.844338559733098,7.182409610733098,Australia
74,1,9.897942408,13.301620580286448,3.4036781722864475,Australia
75,1,4.900000095,16.924545115721443,12.024545020721444,Australia
76,1,5.775550665,13.50395884461377,7.72840817961377,Australia
77,1,8.222000046,13.593500652204083,5.3715006062040835,Australia
78,1,8.699999809,16.11096648085844,7.410966671858441,Australia
79,1,0.0,11.50929373934146,11.50929373934146,Australia
80,1,8.349999905,13.308435827530591,4.95843592253059,Australia
81,1,8.154054075,14.145378619257869,5.9913245442578695,Australia
82,1,8.533962304,13.51311623398578,4.979153929985781,Australia
83,1,8.543333364,13.568861550386341,5.025528186386341,Australia
84,1,9.141176476,14.164634246514904,5.023457770514904,Australia
85,1,12.32500005,15.240065222211431,2.915065172211431,Australia
86,1,12.30000019,13.280385833713535,0.9803856437135341,Australia
87,1,13.98666662,13.425466676424788,0.5611999435752111,Australia
88,1,12.19523816,13.373395332466025,1.1781571724660242,Australia
89,1,12.69999981,11.845384696206043,0.8546151137939564,Australia
90,1,12.69999981,15.564831690194827,2.864831880194828,Australia
91,1,13.59000001,15.03058398497078,1.4405839749707798,Australia
92,1,0.0,10.456370998550355,10.456370998550355,Australia
93,1,12.30000019,11.009351403383956,1.2906487866160443,Australia
94,1,12.5,11.930434371287088,0.5695656287129118,Australia
95,1,0.0,10.64296069752487,10.64296069752487,Australia
96,1,0.0,11.166867731567743,11.166867731567743,Australia
97,1,0.0,10.870463124386482,10.870463124386482,Australia
98,1,13.0,11.519716746112557,1.4802832538874426,Australia
99,1,12.8499999,14.0374893734026,1.1874894734026,Australia
100,1,12.0999999,13.4960196262051,1.3960197262051004,Australia
101,1,12.30000019,12.063303627533877,0.2366965624661237,Australia
102,1,12.26666673,13.702572987596106,1.4359062575961055,Australia
103,1,13.0,19.679702146160334,6.679702146160334,Australia
104,1,12.13333332,18.79750096489626,6.664167644896258,Australia
105,1,11.60000038,12.321415425795797,0.721415045795796,Australia
106,1,10.84459461,14.810060705718566,3.9654660957185666,Australia
107,1,0.0,10.689034583016868,10.689034583016868,Australia
108,1,10.0,16.204619843669818,6.204619843669818,Australia
109,1,0.0,11.180564052498495,11.180564052498495,Australia
110,1,10.69999981,10.126531130820005,0.5734686791799941,Australia
111,1,9.849999905,15.253844241776287,5.403844336776286,Australia
112,1,0.0,10.477699012234638,10.477699012234638,Australia
113,1,0.0,10.443733159197237,10.443733159197237,Australia
114,1,9.75,12.301161688621526,2.5511616886215265,Australia
115,1,10.80000019,13.470744076727778,2.6707438867277773,Australia
116,1,12.05000019,12.67686221375261,0.6268620237526097,Australia
117,1,12.0347827,13.050473952697278,1.0156912526972786,Australia
118,1,12.45000005,13.680796999886388,1.230796949886388,Australia
119,1,15.75,11.262212166163316,4.487787833836684,Australia
120,1,14.07142854,13.286759796651364,0.7846687433486359,Australia
121,1,14.60000038,14.654035577449823,0.05403519744982255,Australia
122,1,0.0,10.712737096334791,10.712737096334791,Australia
123,1,13.73076916,13.952933466420244,0.22216430642024498,Australia
124,1,14.9,11.733061860028412,3.166938139971588,Australia
125,1,0.0,9.820417176461444,9.820417176461444,Australia
126,1,16.06153855,13.744751650277964,2.3167868997220378,Australia
127,1,14.94999981,12.169520822731785,2.7804789872682143,Australia
128,1,0.0,9.696303054548373,9.696303054548373,Australia
129,1,12.23199989,14.421736602862605,2.1897367128626044,Australia
130,1,12.95000005,14.803792635187985,1.8537925851879855,Australia
131,1,13.0,15.64786228702606,2.6478622870260597,Australia
132,1,13.13225805,13.090540096661062,0.041717953338938685,Australia
133,1,0.0,12.064520388645317,12.064520388645317,Australia
134,1,0.0,10.895082461962103,10.895082461962103,Australia
135,1,0.0,11.051531090132961,11.051531090132961,Australia
136,1,8.021818248,14.112674436966227,6.090856188966226,Australia
137,1,5.875362334,14.155254484078403,8.279892150078403,Australia
138,1,5.133333365,12.074841560377813,6.941508195377812,Australia
139,1,4.895661153,13.686823551564716,8.791162398564715,Australia
140,1,7.300000191,14.708591808566126,7.408591617566127,Australia
141,1,7.437777752,13.351389956925907,5.913612204925907,Australia
142,1,5.699999809,13.401269518937127,7.701269709937127,Australia
143,1,5.719565231,13.760233681230073,8.040668450230072,Australia
144,1,5.300000191,14.783809742406314,9.483809551406313,Australia
145,1,6.279591823,14.463603944293407,8.184012121293406,Australia
146,1,10.80000019,14.62001158635001,3.8200113963500097,Australia
147,1,11.06315783,14.207940460519113,3.1447826305191136,Australia
148,1,11.17272724,14.065223375203582,2.892496135203581,Australia
149,1,12.52727277,14.974718783306502,2.447446013306502,Australia
150,1,10.54545453,14.506610844966765,3.9611563149667646,Australia
151,1,0.0,11.94593406485831,11.94593406485831,Australia
152,1,8.727472499,14.550667793420901,5.823195294420902,Australia
153,1,8.763636372,14.143993874955788,5.380357502955787,Australia
154,1,9.513846148,14.121334092769667,4.607487944769666,Australia
155,1,0.0,12.162901047642341,12.162901047642341,Australia
156,1,9.998360676,13.550764206412602,3.552403530412601,Australia
157,1,9.25,15.953270362673996,6.703270362673996,Australia
158,1,9.017857134,14.00216644325522,4.98430930925522,Australia
159,1,10.30000019,15.696520372643228,5.396520182643227,Australia
160,1,9.726923044,14.84450290413652,5.117579860136521,Australia
161,1,10.48541667,14.521227896475907,4.035811226475907,Australia
162,1,10.69999981,15.482649383064162,4.7826495730641625,Australia
163,1,10.69999981,16.29741402931082,5.597414219310819,Australia
164,1,10.89999962,16.058848787011982,5.158849167011983,Australia
165,1,10.30714289,15.1168101233507,4.8096672333507,Australia
166,1,0.0,9.69415353390694,9.69415353390694,Australia
167,1,13.32500005,14.00844389708105,0.6834438470810493,Australia
168,1,13.0,15.376211071800588,2.376211071800588,Australia
169,1,13.19999981,17.638260887427187,4.438261077427187,Australia
170,1,0.0,10.890961006660255,10.890961006660255,Australia
171,1,0.0,9.96421597180748,9.96421597180748,Australia
172,1,0.0,11.208732128135898,11.208732128135898,Australia
173,1,0.0,9.860574886550136,9.860574886550136,Australia
174,1,8.5,14.860776358207412,6.360776358207412,Australia
175,1,8.5,14.268077353313771,5.768077353313771,Australia
176,1,0.0,17.051257864512817,17.051257864512817,Australia
177,1,0.0,9.742528781799509,9.742528781799509,Australia
178,1,9.349999905,14.370885381285488,5.020885476285487,Australia
179,1,8.399999619,9.71076808800042,1.3107684690004184,Australia
180,1,8.200000286,13.67994128936616,5.479941003366161,Australia
181,1,9.100000381,15.200856550421445,6.100856169421446,Australia
182,1,9.615384689,14.873813907290707,5.258429218290706,Australia
183,1,0.0,10.813067889660214,10.813067889660214,Australia
184,1,9.644444413,15.297307582772712,5.652863169772711,Australia
185,1,8.800000191,15.456531609381688,6.656531418381688,Australia
186,1,8.979999924,15.205812585617261,6.225812661617262,Australia
187,1,8.100000381,17.88206366073468,9.78206327973468,Australia
188,1,0.0,10.821800694935527,10.821800694935527,Australia
189,1,8.169999933,13.89315772988339,5.72315779688339,Australia
190,1,7.5,14.456029414718886,6.956029414718886,Australia
191,1,8.0,17.01608000314183,9.01608000314183,Australia
192,1,0.0,10.544858399071252,10.544858399071252,Australia
193,1,5.900000095,17.269025659976453,11.369025564976454,Australia
194,1,5.639013449,14.112903044571448,8.473889595571448,Australia
195,1,6.320000076,13.241220855311383,6.9212207793113825,Australia
196,1,6.815384617,13.647315188761247,6.831930571761247,Australia
197,1,10.0,13.362721373956612,3.362721373956612,Australia
198,1,0.0,10.974462737315896,10.974462737315896,Australia
199,1,10.83191488,13.304385639456973,2.4724707594569733,Australia
200,1,9.052941098,13.939142632466213,4.886201534466213,Australia
201,1,9.681818182,13.742618610898827,4.060800428898826,Australia
202,1,7.805555529,14.90450110119227,7.09894557219227,Australia
203,1,6.884374991,14.195836320094505,7.311461329094506,Australia
204,1,0.0,11.040854849121882,11.040854849121882,Australia
205,1,0.0,10.717277403811995,10.717277403811995,Australia
206,1,0.0,10.473215629262809,10.473215629262809,Australia
207,1,7.800000191,12.036006680549788,4.236006489549788,Australia
208,1,7.617708365,14.195755166257182,6.578046801257182,Australia
209,1,9.980000114,14.640519880865563,4.660519766865564,Australia
210,1,10.39999962,15.629537784123942,5.229538164123943,Australia
211,1,13.09090913,13.449482551745778,0.35857342174577767,Australia
212,1,0.0,11.193257594442004,11.193257594442004,Australia
213,1,10.30000019,15.148466047444623,4.848465857444623,Australia
214,1,12.0,12.230173410764033,0.2301734107640332,Australia
215,1,10.33333333,13.849327697668102,3.5159943676681014,Australia
216,1,0.0,11.107167952070498,11.107167952070498,Australia
217,1,16.97142833,13.650544400050228,3.3208839299497708,Australia
218,1,10.30000019,20.693185763878972,10.393185573878972,Australia
219,1,10.0999999,14.633000256634427,4.533000356634426,Australia
220,1,0.0,10.431206681127644,10.431206681127644,Australia
221,1,10.60000038,15.26239626907007,4.662395889070069,Australia
222,1,9.950000048,14.096816112605596,4.146816064605597,Australia
223,1,10.61538476,13.5594293304769,2.944044570476901,Australia
224,1,12.83999996,14.482150690374825,1.6421507303748246,Australia
225,1,12.5,11.360348202046309,1.1396517979536913,Australia
226,1,14.13181821,14.935072899590857,0.8032546895908563,Australia
227,1,13.13333321,11.701054887213221,1.4322783227867788,Australia
228,1,13.5,14.323106147009472,0.8231061470094723,Australia
229,1,0.0,10.394772053118437,10.394772053118437,Australia
230,1,0.0,13.150108348056822,13.150108348056822,Australia
231,1,0.0,10.890961006660255,10.890961006660255,Australia
232,1,0.0,10.890961006660255,10.890961006660255,Australia
233,1,0.0,10.98301484599282,10.98301484599282,Australia
234,1,13.30000019,14.709576740139402,1.409576550139402,Australia
235,1,0.0,10.204535220275515,10.204535220275515,Australia
236,1,0.0,10.890961006660255,10.890961006660255,Australia
237,1,0.0,10.61431862050377,10.61431862050377,Australia
238,1,0.0,10.890961006660255,10.890961006660255,Australia
239,1,0.0,11.381180688560406,11.381180688560406,Australia
240,1,0.0,9.761425685414512,9.761425685414512,Australia
241,1,0.0,10.890961006660255,10.890961006660255,Australia
242,1,0.0,11.208732128135898,11.208732128135898,Australia
243,1,0.0,11.210675906375911,11.210675906375911,Australia
244,1,0.0,10.890961006660255,10.890961006660255,Australia
245,1,0.0,10.890961006660255,10.890961006660255,Australia
246,1,13.19999981,12.333201824569242,0.8667979854307575,Australia
247,1,0.0,10.285379836957272,10.285379836957272,Australia
248,1,0.0,16.12338603697846,16.12338603697846,Australia
249,1,0.0,10.890961006660255,10.890961006660255,Australia
250,1,0.0,11.210675906375911,11.210675906375911,Australia
251,1,13.39999962,14.007776106025073,0.6077764860250738,Australia
252,1,0.0,10.890961006660255,10.890961006660255,Australia
253,1,0.0,9.978721851363247,9.978721851363247,Australia
254,1,12.39999962,10.304398236925717,2.095601383074282,Australia
255,1,0.0,10.792236691728728,10.792236691728728,Australia
256,1,0.0,11.210675906375911,11.210675906375911,Australia
257,1,0.0,10.386323094622607,10.386323094622607,Australia
258,1,0.0,11.16699240428646,11.16699240428646,Australia
259,1,0.0,9.978721851363247,9.978721851363247,Australia
260,1,0.0,9.99576841836484,9.99576841836484,Australia
261,1,0.0,10.123754324848516,10.123754324848516,Australia
262,1,14.10000038,18.914041464894495,4.814041084894495,Australia
263,1,0.0,10.61156097732634,10.61156097732634,Australia
264,1,14.60000038,15.138149554506702,0.5381491745067013,Australia
265,1,0.0,10.890961006660255,10.890961006660255,Australia
266,1,10.19999981,19.898916862905754,9.698917052905754,Australia
267,1,11.76666673,13.331138464277986,1.5644717342779852,Australia
268,1,11.6500001,14.906851393034689,3.256851293034689,Australia
269,1,13.2750001,11.638238186671366,1.636761913328634,Australia
270,1,11.0,13.132411941893086,2.1324119418930856,Australia
271,1,12.69999981,15.698624861481976,2.9986250514819766,Australia
272,1,12.80000019,15.553023911866237,2.753023721866237,Australia
273,1,0.0,11.208732128135898,11.208732128135898,Australia
274,1,12.60000038,18.11547631395782,5.51547593395782,Australia
275,1,0.0,11.059014254406824,11.059014254406824,Australia
276,1,12.89999962,18.716970742464422,5.816971122464423,Australia
277,1,12.80000019,20.171742022423413,7.371741832423412,Australia
278,1,13.19999981,17.094839433166694,3.8948396231666944,Australia
279,1,0.0,10.962570256251897,10.962570256251897,Australia
280,1,0.0,11.500509436871601,11.500509436871601,Australia
281,1,0.0,11.242697791661005,11.242697791661005,Australia
282,1,0.0,11.244343361959551,11.244343361959551,Australia
283,1,12.80000019,15.06107732373605,2.26107713373605,Australia
284,1,0.0,10.20356929878701,10.20356929878701,Australia
285,1,0.0,10.951105762081351,10.951105762081351,Australia
286,1,13.60000038,18.504821538306416,4.904821158306415,Australia
287,1,0.0,11.21478026939694,11.21478026939694,Australia
288,1,14.10000038,19.033552981738662,4.933552601738661,Australia
289,1,0.0,10.890961006660255,10.890961006660255,Australia
290,1,0.0,10.677932900963773,10.677932900963773,Australia
291,1,0.0,10.890961006660255,10.890961006660255,Australia
292,1,13.0,18.49789344676583,5.497893446765829,Australia
293,1,0.0,10.378615587519604,10.378615587519604,Australia
294,1,0.0,10.180746038057292,10.180746038057292,Australia
295,1,0.0,10.302523926880458,10.302523926880458,Australia
296,1,4.900000095,15.17526930731711,10.27526921231711,Australia
297,1,5.0,13.308091986422431,8.308091986422431,Australia
298,1,4.800000191,12.026220214554078,7.226220023554078,Australia
299,1,0.0,11.208732128135898,11.208732128135898,Australia
300,1,4.699999809,13.796492441276781,9.096492632276782,Australia
301,1,5.136363636,14.08052303935527,8.944159403355272,Australia
302,1,4.642857143,14.110956405870589,9.468099262870588,Australia
303,1,4.777777725,14.022395604438554,9.244617879438554,Australia
304,1,4.836363619,13.912655700939036,9.076292081939036,Australia
305,1,4.382352969,13.510035597406814,9.127682628406813,Australia
306,1,4.711764672,13.5473919094861,8.8356272374861,Australia
307,1,4.699999952,14.488656822108512,9.788656870108511,Australia
308,1,0.0,17.50737912866418,17.50737912866418,Australia
309,1,4.182352964,13.845918680061304,9.663565716061305,Australia
310,1,0.0,11.21478026939694,11.21478026939694,Australia
311,1,0.0,10.055815131058438,10.055815131058438,Australia
312,1,4.099999905,17.36747001666734,13.26747011166734,Australia
313,1,0.0,10.365501592164566,10.365501592164566,Australia
314,1,4.228571347,14.10303710144806,9.87446575444806,Australia
315,1,4.300000191,14.52179994048544,10.221799749485442,Australia
316,1,4.328571456,14.35964638889702,10.03107493289702,Australia
317,1,4.088888857,14.837558204726905,10.748669347726906,Australia
318,1,4.819999981,13.456941302418805,8.636941321418806,Australia
319,1,4.950000048,11.54282427208372,6.592824224083721,Australia
320,1,4.4923077,14.249598218814238,9.757290518814239,Australia
321,1,4.553968255,14.518802504324897,9.964834249324898,Australia
322,1,4.800000032,14.16173757410897,9.36173754210897,Australia
323,1,4.733333302,13.268361287076928,8.535027985076928,Australia
324,1,4.462500036,13.426041193487254,8.963541157487255,Australia
325,1,6.0,17.590003177761172,11.590003177761172,Australia
326,1,0.0,9.967209954290919,9.967209954290919,Australia
327,1,4.900000095,18.019517922099364,13.119517827099365,Australia
328,1,5.228571483,13.804371109533822,8.575799626533822,Australia
329,1,6.599999905,20.37824455590183,13.77824465090183,Australia
330,1,0.0,9.556296589977656,9.556296589977656,Australia
331,1,0.0,9.925213153696687,9.925213153696687,Australia
332,1,0.0,10.688809125369083,10.688809125369083,Australia
333,1,0.0,10.071961575340632,10.071961575340632,Australia
334,1,5.699999809,18.903141707381202,13.203141898381201,Australia
335,1,6.0,13.30109708143763,7.30109708143763,Australia
336,1,4.6,12.053886108867864,7.453886108867865,Australia
337,1,6.599999905,14.606365996365604,8.006366091365603,Australia
338,1,0.0,10.205354719421642,10.205354719421642,Australia
339,1,0.0,10.352265343160965,10.352265343160965,Australia
340,1,5.5,15.625039913493485,10.125039913493485,Australia
341,1,0.0,10.392599480081381,10.392599480081381,Australia
342,1,7.281818151,14.143581557756464,6.861763406756464,Australia
343,1,5.580952372,13.7702662858719,8.1893139138719,Australia
344,1,4.560000038,14.929845946035684,10.369845908035684,Australia
345,1,8.614634084,11.93034183981716,3.3157077558171597,Australia
346,1,4.549999952,15.013891859625657,10.463891907625657,Australia
347,1,4.400000095,13.627652123905422,9.227652028905421,Australia
348,1,4.299999965,12.724500326467279,8.42450036146728,Australia
349,1,5.785714252,12.469279813761968,6.683565561761968,Australia
350,1,6.099999905,12.511908150559051,6.411908245559052,Australia
351,1,6.404545502,13.181951793291296,6.777406291291295,Australia
352,1,7.349999905,13.019846567364215,5.669846662364216,Australia
353,1,6.599999905,14.756654276592258,8.156654371592257,Australia
354,1,7.463157942,13.95366424649102,6.49050630449102,Australia
355,1,6.319999981,14.403121406711918,8.08312142571192,Australia
356,1,9.876190492,12.702111443069146,2.825920951069147,Australia
357,1,6.919999981,14.721393991999365,7.801394010999365,Australia
358,1,7.0,13.254836771015164,6.254836771015164,Australia
359,1,8.571014529,14.048069194418414,5.4770546654184145,Australia
360,1,7.5,11.901654168457817,4.401654168457817,Australia
361,1,6.985714231,14.846934576260153,7.861220345260153,Australia
362,1,7.666666667,15.759745976445222,8.093079309445223,Australia
363,1,7.400000095,16.16446898412444,8.76446888912444,Australia
364,1,7.9,14.972938642761603,7.072938642761603,Australia
365,1,9.593333356,14.603451329483887,5.0101179734838865,Australia
366,1,8.659999943,13.730799963027495,5.0708000200274945,Australia
367,1,7.966666698,13.964357719520352,5.997691021520352,Australia
368,1,11.36666679,14.563576208115474,3.1969094181154745,Australia
369,1,10.84935061,13.429193378238706,2.5798427682387057,Australia
370,1,11.9000001,12.567921866374704,0.6679217663747039,Australia
371,1,9.831034504,14.35382818753443,4.522793683534431,Australia
372,1,11.33333333,14.038803072832657,2.7054697428326566,Australia
373,1,7.700000029,14.029903355461277,6.329903326461277,Australia
374,1,8.800000191,10.84334903231819,2.04334884131819,Australia
375,1,7.316666683,13.485355203826316,6.168688520826316,Australia
376,1,7.700000021,13.807080015337617,6.107079994337616,Australia
377,1,8.5,17.473220769270853,8.973220769270853,Australia
378,1,7.685714313,13.257222615400366,5.571508302400366,Australia
379,1,9.311111238,19.32072482514711,10.00961358714711,Australia
380,1,10.30000019,19.085640149442003,8.785639959442003,Australia
381,1,10.89999962,14.59581097025744,3.6958113502574417,Australia
382,1,10.79999971,14.986173992891313,4.186174282891313,Australia
383,1,9.900000095,18.24264664366629,8.342646548666291,Australia
384,1,0.0,10.951805574296841,10.951805574296841,Australia
385,1,10.51785714,13.045907406681026,2.528050266681026,Australia
386,1,11.24117638,14.44502701032408,3.20385063032408,Australia
387,1,10.48888899,14.17425812459027,3.685369134590271,Australia
388,1,10.34444449,13.580730747221324,3.236286257221323,Australia
389,1,11.0,12.284493573739784,1.284493573739784,Australia
390,1,9.052631579,13.368709158640698,4.316077579640698,Australia
391,1,0.0,10.890961006660255,10.890961006660255,Australia
392,1,0.0,10.890961006660255,10.890961006660255,Australia
393,1,0.0,11.208732128135898,11.208732128135898,Australia
394,1,0.0,10.890961006660255,10.890961006660255,Australia
395,1,0.0,10.005787094586156,10.005787094586156,Australia
396,1,0.0,10.890961006660255,10.890961006660255,Australia
397,1,0.0,11.16699240428646,11.16699240428646,Australia
398,1,0.0,9.743405253839757,9.743405253839757,Australia
399,1,0.0,10.010143625648588,10.010143625648588,Australia
400,1,0.0,18.96419890413162,18.96419890413162,Australia
401,1,0.0,11.16699240428646,11.16699240428646,Australia
402,1,0.0,11.206054630392387,11.206054630392387,Australia
403,1,0.0,9.770745280217618,9.770745280217618,Australia
404,1,0.0,10.39406948266273,10.39406948266273,Australia
405,1,0.0,9.682383019950173,9.682383019950173,Australia
406,1,0.0,9.704298173479309,9.704298173479309,Australia
407,1,6.166666667,13.309958915149284,7.143292248149284,Australia
408,1,5.333333333,14.315837871929086,8.982504538929085,Australia
409,1,0.0,10.085132591249845,10.085132591249845,Australia
410,1,0.0,17.520677343182925,17.520677343182925,Australia
411,1,0.0,10.165717467570792,10.165717467570792,Australia
412,1,4.960000038,13.352009976333923,8.392009938333922,Australia
413,1,5.25,13.573177561335966,8.323177561335966,Australia
414,1,0.0,11.205911292736356,11.205911292736356,Australia
415,1,0.0,10.43822544256248,10.43822544256248,Australia
416,1,5.099999905,18.03290640490582,12.932906499905819,Australia
417,1,0.0,10.029692775794505,10.029692775794505,Australia
418,1,5.099999905,18.28267614375389,13.182676238753888,Australia
419,1,0.0,10.890961006660255,10.890961006660255,Australia
420,1,0.0,9.583752764121895,9.583752764121895,Australia
421,1,5.5,13.836812727297236,8.336812727297236,Australia
422,1,5.199999809,15.868414383968641,10.66841457496864,Australia
423,1,5.099999905,14.788866029203266,9.688866124203265,Australia
424,1,4.774999976,14.28033314824846,9.50533317224846,Australia
425,1,0.0,10.890961006660255,10.890961006660255,Australia
426,1,0.0,10.69754436039884,10.69754436039884,Australia
427,1,4.900000095,15.652934582716266,10.752934487716267,Australia
428,1,0.0,10.417354852063106,10.417354852063106,Australia
429,1,0.0,10.113037531003844,10.113037531003844,Australia
430,1,0.0,9.729428731362841,9.729428731362841,Australia
431,1,4.800000191,17.300602126465392,12.500601935465394,Australia
432,1,5.800000191,19.102037840803145,13.302037649803147,Australia
433,1,0.0,10.60323063440447,10.60323063440447,Australia
434,1,0.0,10.667281322433068,10.667281322433068,Australia
435,1,0.0,9.882478056804695,9.882478056804695,Australia
436,1,0.0,10.579303665144332,10.579303665144332,Australia
437,1,0.0,9.885235308467129,9.885235308467129,Australia
438,1,0.0,10.313257968764649,10.313257968764649,Australia
439,1,0.0,10.0788865426975,10.0788865426975,Australia
440,1,0.0,10.617374479963079,10.617374479963079,Australia
441,1,0.0,10.130194929736763,10.130194929736763,Australia
442,1,6.425000072,13.836902977209066,7.411902905209066,Australia
443,1,5.650000095,17.94450229165278,12.294502196652779,Australia
444,1,6.300000191,14.453176820753626,8.153176629753627,Australia
445,1,0.0,10.890961006660255,10.890961006660255,Australia
446,1,0.0,11.208732128135898,11.208732128135898,Australia
447,1,7.199999809,16.894772120132338,9.694772311132336,Australia
448,1,6.5,17.43656850389505,10.93656850389505,Australia
449,1,5.900000095,13.70994199003742,7.8099418950374195,Australia
450,1,7.387499928,14.146574401760752,6.7590744737607515,Australia
451,1,6.700000048,13.525511929437988,6.825511881437988,Australia
452,1,0.0,10.030891781406103,10.030891781406103,Australia
453,1,7.433333238,13.854752643189814,6.4214194051898135,Australia
454,1,8.274999857,14.01465339610569,5.73965353910569,Australia
455,1,0.0,10.569794624261203,10.569794624261203,Australia
456,1,0.0,10.385530505598172,10.385530505598172,Australia
457,1,0.0,10.574781855465293,10.574781855465293,Australia
458,1,8.0,18.457927662535145,10.457927662535145,Australia
459,1,7.0,17.282186066755933,10.282186066755933,Australia
460,1,0.0,9.761326692167842,9.761326692167842,Australia
461,1,0.0,10.173617658904336,10.173617658904336,Australia
462,1,0.0,18.78001756384802,18.78001756384802,Australia
463,1,0.0,9.600087495326546,9.600087495326546,Australia
464,1,8.400000095,17.58603535015427,9.18603525515427,Australia
465,1,0.0,10.890961006660255,10.890961006660255,Australia
466,1,8.600000381,18.84069627326929,10.240695892269292,Australia
467,1,0.0,9.82725514875135,9.82725514875135,Australia
468,1,0.0,9.79821323240661,9.79821323240661,Australia
469,1,0.0,11.180564052498495,11.180564052498495,Australia
470,1,0.0,10.890961006660255,10.890961006660255,Australia
471,1,0.0,9.563139931917462,9.563139931917462,Australia
472,1,0.0,11.210675906375911,11.210675906375911,Australia
473,1,0.0,9.59081764059311,9.59081764059311,Australia
474,1,0.0,10.890961006660255,10.890961006660255,Australia
475,1,0.0,10.28097996062965,10.28097996062965,Australia
476,1,0.0,9.78913134041071,9.78913134041071,Australia
477,1,0.0,18.971825204892426,18.971825204892426,Australia
478,1,5.149999857,18.003935744802508,12.853935887802507,Australia
479,1,0.0,9.705675787627685,9.705675787627685,Australia
480,1,5.300000191,13.591946163688478,8.291945972688477,Australia
481,1,0.0,9.679837799514864,9.679837799514864,Australia
482,1,4.900000095,16.48599162747021,11.58599153247021,Australia
483,1,5.0,13.702027591979386,8.702027591979386,Australia
484,1,5.0,9.970172805531003,4.9701728055310035,Australia
485,1,0.0,10.326632882086617,10.326632882086617,Australia
486,1,0.0,10.890961006660255,10.890961006660255,Australia
487,1,5.400000095,13.577035189500087,8.177035094500088,Australia
488,1,0.0,9.912184755757776,9.912184755757776,Australia
489,1,0.0,10.890961006660255,10.890961006660255,Australia
490,1,0.0,10.23513104509987,10.23513104509987,Australia
491,1,9.100000381,19.73590495113229,10.635904570132292,Australia
492,1,0.0,10.135826092961864,10.135826092961864,Australia
493,1,0.0,10.095740202191212,10.095740202191212,Australia
494,1,0.0,9.929574225517086,9.929574225517086,Australia
495,1,6.625,17.765474362408277,11.140474362408277,Australia
496,1,7.25,16.93649404262764,9.68649404262764,Australia
497,1,0.0,9.842396148189877,9.842396148189877,Australia
498,1,0.0,10.051072379620125,10.051072379620125,Australia
499,1,0.0,9.905718995936962,9.905718995936962,Australia
500,1,8.0,17.93511387177078,9.935113871770781,Australia
501,1,0.0,9.585171255457938,9.585171255457938,Australia
502,1,4.25,12.683536450662222,8.433536450662222,Australia
503,1,4.585365912,14.006973410878562,9.421607498878561,Australia
504,1,0.0,10.252497651846431,10.252497651846431,Australia
505,1,4.426666636,13.157216396450783,8.730549760450783,Australia
506,1,4.671171175,13.295398028599223,8.624226853599223,Australia
507,1,4.293750033,13.168751975226105,8.875001942226104,Australia
508,1,4.236666648,13.538922861918339,9.302256213918339,Australia
509,1,4.239285725,12.891808249682331,8.65252252468233,Australia
510,1,4.85000002,13.631969489171716,8.781969469171717,Australia
511,1,0.0,11.001269571080936,11.001269571080936,Australia
512,1,4.800000191,14.03243166002589,9.23243146902589,Australia
513,1,4.539732161,12.87282534526226,8.33309318426226,Australia
514,1,5.049999952,13.935378420539,8.885378468538999,Australia
515,1,4.800000191,17.24746932346077,12.447469132460771,Australia
516,1,0.0,10.957546214107985,10.957546214107985,Australia
517,1,4.932911372,13.430353229794406,8.497441857794406,Australia
518,1,5.099999971,13.50989696822949,8.409896997229492,Australia
519,1,5.199999809,14.346104730060556,9.146104921060555,Australia
520,1,5.150000095,13.907028079911017,8.757027984911016,Australia
521,1,5.099999905,13.943138315776869,8.84313841077687,Australia
522,1,5.136842117,13.552475702249655,8.415633585249655,Australia
523,1,5.149999857,13.311414150438825,8.161414293438824,Australia
524,1,5.225000024,14.556945985833563,9.331945961833563,Australia
525,1,4.931250006,13.551135698099277,8.619885692099277,Australia
526,1,4.950000048,14.851579677254257,9.901579629254257,Australia
527,1,4.813333321,14.251164663369712,9.437831342369712,Australia
528,1,6.099999905,14.478291682128775,8.378291777128776,Australia
529,1,6.637499958,14.33613180889695,7.698631850896949,Australia
530,1,5.560000038,13.273117797449416,7.713117759449416,Australia
531,1,0.0,11.073148644415898,11.073148644415898,Australia
532,1,5.5,17.270207115026295,11.770207115026295,Australia
533,1,0.0,11.217469074323748,11.217469074323748,Australia
534,1,5.725000083,14.312856128131038,8.587856045131037,Australia
535,1,5.208333294,14.417293908152304,9.208960614152303,Australia
536,1,0.0,10.954535188438223,10.954535188438223,Australia
537,1,5.599999905,17.16677397988173,11.566774074881728,Australia
538,1,3.985714282,12.946868473148472,8.961154191148472,Australia
539,1,4.0,12.740865205128788,8.740865205128788,Australia
540,1,3.799999952,14.599186402577008,10.799186450577007,Australia
541,1,4.1253731,13.27323279766986,9.147859697669858,Australia
542,1,4.199999809,14.459367049346312,10.259367240346311,Australia
543,1,4.199999809,15.150149915030594,10.950150106030595,Australia
544,1,4.440000021,13.891158647849924,9.451158626849924,Australia
545,1,4.56521736,14.042766324474997,9.477548964474996,Australia
546,1,3.604999995,14.178016493591683,10.573016498591683,Australia
547,1,4.666666667,13.131640546500797,8.464973879500796,Australia
548,1,3.893939379,13.262244150198224,9.368304771198225,Australia
549,1,3.686956509,12.426955013687664,8.739998504687664,Australia
550,1,0.0,10.918739626695668,10.918739626695668,Australia
551,1,3.533333302,15.978855199417904,12.445521897417905,Australia
552,1,7.800000191,10.238908638485599,2.4389084474855993,Australia
553,1,0.0,10.328066159674428,10.328066159674428,Australia
554,1,0.0,10.899279089622208,10.899279089622208,Australia
555,1,0.0,11.282851832059894,11.282851832059894,Australia
556,1,0.0,9.893777175055453,9.893777175055453,Australia
557,1,0.0,10.890961006660255,10.890961006660255,Australia
558,1,0.0,11.16699240428646,11.16699240428646,Australia
559,1,0.0,10.890961006660255,10.890961006660255,Australia
560,1,0.0,10.890961006660255,10.890961006660255,Australia
561,1,7.199999809,17.92569746672797,10.72569765772797,Australia
562,1,0.0,10.037569787955924,10.037569787955924,Australia
563,1,8.199999809,19.034977508969227,10.834977699969228,Australia
564,1,7.5,13.983318043957963,6.483318043957963,Australia
565,1,0.0,9.136063801744918,9.136063801744918,Australia
566,1,0.0,18.75895774167507,18.75895774167507,Australia
567,1,0.0,10.436568115363091,10.436568115363091,Australia
568,1,0.0,10.890961006660255,10.890961006660255,Australia
569,1,8.800000191,16.99922221715579,8.19922202615579,Australia
570,1,7.699999809,10.527847665261147,2.8278478562611467,Australia
571,1,0.0,10.15885603767692,10.15885603767692,Australia
572,1,0.0,10.158065512637215,10.158065512637215,Australia
573,1,8.899999619,18.464485566432455,9.564485947432454,Australia
574,1,8.300000191,15.127026154305828,6.827025963305827,Australia
575,1,7.900000095,14.747123572463549,6.8471234774635485,Australia
576,1,0.0,10.890961006660255,10.890961006660255,Australia
577,1,0.0,10.890961006660255,10.890961006660255,Australia
578,1,8.300000191,15.180327584099622,6.880327393099622,Australia
579,1,0.0,10.878469605767918,10.878469605767918,Australia
580,1,8.172727325,15.11785063253539,6.94512330753539,Australia
581,1,8.546428612,14.295532485999983,5.749103873999983,Australia
582,1,8.005882403,14.711704972587517,6.705822569587518,Australia
583,1,8.800000191,14.950672086134627,6.150671895134627,Australia
584,1,7.5,15.49533277173202,7.99533277173202,Australia
585,1,7.576543184,15.15491191417704,7.57836873017704,Australia
586,1,7.425000072,15.232434569641798,7.807434497641799,Australia
587,1,8.425000032,15.092354827916797,6.667354795916797,Australia
588,1,7.199999968,15.463702109125446,8.263702141125446,Australia
589,1,7.170408192,14.971207490049654,7.800799298049654,Australia
590,1,5.85362319,14.801612849030903,8.947989659030902,Australia
591,1,8.933333185,14.544564246833072,5.611231061833072,Australia
592,1,7.611728424,15.183724867743452,7.571996443743452,Australia
593,1,6.232075484,14.756325548089366,8.524250064089365,Australia
594,1,7.0,16.62689024288583,9.626890242885828,Australia
595,1,6.065160084,13.726195566127046,7.661035482127046,Australia
596,1,6.800826459,14.969459388541152,8.168632929541152,Australia
597,1,6.406896575,13.924297932836506,7.517401357836506,Australia
598,1,7.213636333,13.897852886575718,6.684216553575718,Australia
599,1,6.822500038,13.90797689202466,7.08547685402466,Australia
600,1,7.462500036,14.476672998699394,7.014172962699394,Australia
601,1,6.677358501,13.829042364215542,7.151683863215543,Australia
602,1,7.018181844,14.25444779617566,7.23626595217566,Australia
603,1,8.473333454,14.445603692623237,5.972270238623237,Australia
604,1,7.662962984,14.158819562097197,6.495856578097197,Australia
605,1,0.0,10.331849491686333,10.331849491686333,Australia
606,1,8.274999956,13.421306820539135,5.1463068645391346,Australia
607,1,8.199999809,14.883240884612324,6.683241075612324,Australia
608,1,6.321301762,14.963724165269099,8.642422403269098,Australia
609,1,6.207988977,14.432790293668804,8.224801316668803,Australia
610,1,0.0,11.154890720018033,11.154890720018033,Australia
611,1,6.616666595,14.304286071060998,7.687619476060998,Australia
612,1,6.099999905,10.600315733458183,4.5003158284581835,Australia
613,1,6.100000143,14.479236159278354,8.379236016278355,Australia
614,1,6.099999905,14.682587053596444,8.582587148596446,Australia
615,1,5.940000057,13.795802067881981,7.855802010881981,Australia
616,1,5.900000095,17.27401613074658,11.374016035746582,Australia
617,1,0.0,11.170496553502797,11.170496553502797,Australia
618,1,6.900000095,17.97638721270289,11.07638711770289,Australia
619,1,0.0,10.850271142525617,10.850271142525617,Australia
620,1,5.980000019,14.827010020038871,8.847010001038871,Australia
621,1,6.704477595,14.242458265387368,7.537980670387368,Australia
622,1,6.397297344,13.787049288312115,7.389751944312115,Australia
623,1,0.0,10.418402399161911,10.418402399161911,Australia
624,1,6.599999905,14.933650501112023,8.333650596112022,Australia
625,1,6.039230761,14.366214273777768,8.326983512777769,Australia
626,1,0.0,11.512229822377638,11.512229822377638,Australia
627,1,5.868571418,13.772664190166871,7.904092772166871,Australia
628,1,5.903636369,14.258160818948403,8.354524449948403,Australia
629,1,0.0,11.32534557770867,11.32534557770867,Australia
630,1,0.0,11.208732128135898,11.208732128135898,Australia
631,1,0.0,10.890961006660255,10.890961006660255,Australia
632,1,8.25,14.04904567719624,5.79904567719624,Australia
633,1,7.760000038,13.702486962017659,5.9424869240176585,Australia
634,1,7.900000095,14.226509915826524,6.326509820826524,Australia
635,1,7.900000095,19.28047667772265,11.38047658272265,Australia
636,1,7.5,15.506406717156173,8.006406717156173,Australia
637,1,0.0,10.49207891467682,10.49207891467682,Australia
638,1,0.0,10.508888334106029,10.508888334106029,Australia
639,1,8.0,14.12414628675322,6.12414628675322,Australia
640,1,0.0,10.558041974338721,10.558041974338721,Australia
641,1,0.0,18.74322299098953,18.74322299098953,Australia
642,1,0.0,11.028869131189524,11.028869131189524,Australia
643,1,7.699999809,10.653183066566232,2.9531832575662316,Australia
644,1,7.300000191,16.10614575798991,8.806145566989912,Australia
645,1,0.0,10.648963369884253,10.648963369884253,Australia
646,1,0.0,10.647007118719548,10.647007118719548,Australia
647,1,0.0,10.14114529305906,10.14114529305906,Australia
648,1,0.0,11.21478026939694,11.21478026939694,Australia
649,1,0.0,10.890961006660255,10.890961006660255,Australia
650,1,8.199999809,18.981911434288946,10.781911625288947,Australia
651,1,0.0,9.53490673856965,9.53490673856965,Australia
652,1,0.0,9.797092403270863,9.797092403270863,Australia
653,1,7.639999986,14.762107329835032,7.122107343835032,Australia
654,1,6.564705877,14.2630518521186,7.698345975118601,Australia
655,1,7.242857184,14.970502456016673,7.727645272016673,Australia
656,1,6.960000038,14.16187142222175,7.20187138422175,Australia
657,1,6.920000076,14.389384907266809,7.469384831266809,Australia
658,1,0.0,9.698090875931488,9.698090875931488,Australia
659,1,0.0,10.247189901725232,10.247189901725232,Australia
660,1,0.0,9.962475412850747,9.962475412850747,Australia
661,1,0.0,9.785883554740016,9.785883554740016,Australia
662,1,7.199999809,14.197227853777813,6.997228044777812,Australia
663,1,7.5,19.046854808791196,11.546854808791196,Australia
664,1,0.0,10.890961006660255,10.890961006660255,Australia
665,1,8.213333257,14.359343215886529,6.146009958886529,Australia
666,1,0.0,10.890961006660255,10.890961006660255,Australia
667,1,7.300000191,17.67766192741839,10.377661736418393,Australia
668,1,0.0,11.051558009020232,11.051558009020232,Australia
669,1,0.0,11.208732128135898,11.208732128135898,Australia
670,1,0.0,11.606630895091952,11.606630895091952,Australia
671,1,0.0,10.890961006660255,10.890961006660255,Australia
672,1,0.0,10.094001097803087,10.094001097803087,Australia
673,1,0.0,10.579196687498584,10.579196687498584,Australia
674,1,7.400000095,18.84718550950372,11.447185414503721,Australia
675,1,0.0,10.781904286861478,10.781904286861478,Australia
676,1,7.300000191,14.276893262717678,6.9768930717176785,Australia
677,1,7.599999905,17.883712650081705,10.283712745081704,Australia
678,1,7.450000048,16.003583553500555,8.553583505500555,Australia
679,1,0.0,10.04426899300039,10.04426899300039,Australia
680,1,0.0,18.84069627326929,18.84069627326929,Australia
681,1,7.300000191,18.735667650231612,11.435667459231613,Australia
682,1,7.5,10.370474539909889,2.870474539909889,Australia
683,1,0.0,10.890961006660255,10.890961006660255,Australia
684,1,0.0,14.617383334177045,14.617383334177045,Australia
685,1,6.50737703,14.698542522582295,8.191165492582297,Australia
686,1,6.247899152,14.035917254125193,7.788018102125194,Australia
687,1,6.395604396,14.675585645267361,8.279981249267362,Australia
688,1,6.549999969,15.003664147040082,8.453664178040082,Australia
689,1,0.0,9.628968544069558,9.628968544069558,Australia
690,1,0.0,10.349605155236208,10.349605155236208,Australia
691,1,0.0,10.367792192000229,10.367792192000229,Australia
692,1,0.0,10.890961006660255,10.890961006660255,Australia
693,1,7.5,16.246410231948452,8.746410231948452,Australia
694,1,6.910000038,13.389735273986611,6.479735235986611,Australia
695,1,7.523076938,13.639179646254862,6.116102708254862,Australia
696,1,7.311764661,13.451194694306981,6.139430033306981,Australia
697,1,0.0,10.890961006660255,10.890961006660255,Australia
698,1,7.099999984,12.807674612064687,5.707674628064687,Australia
699,1,8.5,15.425027974223504,6.925027974223504,Australia
700,1,6.977777746,13.712195754779408,6.734418008779408,Australia
701,1,6.900000095,14.897663127022764,7.997663032022763,Australia
702,1,0.0,10.56624177882232,10.56624177882232,Australia
703,1,6.699999809,16.37899761136115,9.678997802361149,Australia
704,1,0.0,10.325310420473947,10.325310420473947,Australia
705,1,6.350000143,15.68691190621864,9.336911763218641,Australia
706,1,6.800000191,17.027530825264133,10.227530634264134,Australia
707,1,0.0,11.89589982119342,11.89589982119342,Australia
708,1,6.121428541,14.49904389221252,8.377615351212519,Australia
709,1,6.400000095,15.114327079453453,8.714326984453454,Australia
710,1,0.0,10.866095053475378,10.866095053475378,Australia
711,1,0.0,10.322617877031565,10.322617877031565,Australia
712,1,0.0,11.224028218429309,11.224028218429309,Australia
713,1,6.399999857,18.09652691978396,11.69652706278396,Australia
714,1,0.0,11.537922142495717,11.537922142495717,Australia
715,1,0.0,11.200667431742268,11.200667431742268,Australia
716,1,6.75,14.952528361701969,8.202528361701969,Australia
717,1,0.0,11.189029571140441,11.189029571140441,Australia
718,1,7.199999809,16.154834336021423,8.954834527021422,Australia
719,1,0.0,10.172852584857374,10.172852584857374,Australia
720,1,0.0,10.890961006660255,10.890961006660255,Australia
721,1,0.0,10.890961006660255,10.890961006660255,Australia
722,1,6.586339377,15.41055895061683,8.82421957361683,Australia
723,1,5.927474391,13.992089447583641,8.06461505658364,Australia
724,1,7.559999943,15.00957595580278,7.449576012802781,Australia
725,1,5.821846847,15.395846283150107,9.573999436150107,Australia
726,1,6.266460272,14.85229156864945,8.58583129664945,Australia
727,1,0.0,11.212192482467412,11.212192482467412,Australia
728,1,6.243191193,13.93453033835002,7.69133914535002,Australia
729,1,6.709894745,14.466185912748953,7.756291167748953,Australia
730,1,5.899864679,14.713283618960242,8.813418939960242,Australia
731,1,5.861725076,13.623024113605965,7.761299037605965,Australia
732,1,6.931234372,13.966168381410828,7.034934009410828,Australia
733,1,6.233562825,13.919790764327963,7.6862279393279636,Australia
734,1,5.773130183,14.598806916183332,8.825676733183332,Australia
735,1,6.800000191,18.140390254223295,11.340390063223296,Australia
736,1,0.0,10.054858410231217,10.054858410231217,Australia
737,1,0.0,9.691629049183035,9.691629049183035,Australia
738,1,6.900000095,17.520105431356953,10.620105336356954,Australia
739,1,6.699999809,14.569854047435932,7.869854238435932,Australia
740,1,6.519999981,14.605925362147484,8.085925381147485,Australia
741,1,6.5,14.184590355031036,7.684590355031036,Australia
742,1,6.400000095,15.181812824935776,8.781812729935776,Australia
743,1,6.299999905,14.979942774088736,8.679942869088736,Australia
744,1,6.400000095,17.621332543944394,11.221332448944395,Australia
745,1,6.5,10.417181967297282,3.9171819672972816,Australia
746,1,0.0,10.154566474981511,10.154566474981511,Australia
747,1,6.400000095,14.398475531414498,7.998475436414497,Australia
748,1,0.0,11.32712053430551,11.32712053430551,Australia
749,1,6.475000024,14.691557236003582,8.216557212003583,Australia
750,1,6.850000143,13.433937541696185,6.583937398696185,Australia
751,1,0.0,11.11286541204684,11.11286541204684,Australia
752,1,0.0,9.979652505422754,9.979652505422754,Australia
753,1,7.199999809,15.92253262835572,8.72253281935572,Australia
754,1,6.599999905,14.110359832997476,7.510359927997476,Australia
755,1,6.400000095,15.074379406749811,8.67437931174981,Australia
756,1,6.966666659,14.794542553310746,7.827875894310746,Australia
757,1,0.0,11.210675906375911,11.210675906375911,Australia
758,1,0.0,9.9712440029472,9.9712440029472,Australia
759,1,0.0,11.166867731567743,11.166867731567743,Australia
760,1,7.400000095,18.98636677744021,11.586366682440211,Australia
761,1,6.950000048,14.501469528342923,7.551469480342924,Australia
762,1,0.0,9.622198880690291,9.622198880690291,Australia
763,1,0.0,10.621928525215655,10.621928525215655,Australia
764,1,7.220930255,14.72144719103044,7.500516936030441,Australia
765,1,7.0,15.86006965089759,8.86006965089759,Australia
766,1,6.398813555,14.619037853120679,8.220224298120678,Australia
767,1,0.0,11.387206339354591,11.387206339354591,Australia
768,1,8.133333297,14.974155310019198,6.8408220130191975,Australia
769,1,9.300000191,14.251157642986263,4.951157451986262,Australia
770,1,7.400000095,15.369100352095188,7.969100257095188,Australia
771,1,0.0,11.264790709796767,11.264790709796767,Australia
772,1,0.0,11.20578639326152,11.20578639326152,Australia
773,1,0.0,11.208732128135898,11.208732128135898,Australia
774,1,7.049999952,14.761942432800154,7.711942480800154,Australia
775,1,7.970000029,13.892098310250764,5.922098281250764,Australia
776,1,7.16470595,14.83384607636638,7.669140126366379,Australia
777,1,8.800000191,14.213169363145234,5.413169172145233,Australia
778,1,0.0,10.478464066696255,10.478464066696255,Australia
779,1,0.0,11.176206990504188,11.176206990504188,Australia
780,1,6.400000095,14.04998738853023,7.64998729353023,Australia
781,1,0.0,10.974182254445704,10.974182254445704,Australia
782,1,0.0,10.890961006660255,10.890961006660255,Australia
783,1,0.0,11.059962901684134,11.059962901684134,Australia
784,1,0.0,10.742680100361586,10.742680100361586,Australia
785,1,5.776923106,14.695794246129864,8.918871140129864,Australia
786,1,5.572222206,14.684895829726347,9.112673623726348,Australia
787,1,0.0,10.890961006660255,10.890961006660255,Australia
788,1,0.0,10.466270006686049,10.466270006686049,Australia
789,1,5.900000095,17.55333828388679,11.653338188886792,Australia
790,1,5.693750006,15.50158541392016,9.80783540792016,Australia
791,1,5.625,13.6332838950459,8.0082838950459,Australia
792,1,0.0,11.68391569735931,11.68391569735931,Australia
793,1,5.656410242,15.098443441990051,9.442033199990052,Australia
794,1,5.952380975,14.172966556905482,8.220585581905482,Australia
795,1,5.720202027,14.703974383814545,8.983772356814544,Australia
796,1,6.18750003,17.50114477222698,11.31364474222698,Australia
797,1,6.033333302,13.483356614987187,7.450023312987187,Australia
798,1,6.710000038,14.223086408637046,7.513086370637046,Australia
799,1,5.800000191,18.115485023430246,12.315484832430247,Australia
800,1,0.0,11.117822938472662,11.117822938472662,Australia
801,1,5.904545481,15.130567643377013,9.226022162377014,Australia
802,1,5.66428566,14.336626428569712,8.672340768569711,Australia
803,1,6.599999905,13.961070641379958,7.361070736379959,Australia
804,1,6.900000095,14.116605382789844,7.216605287789844,Australia
805,1,0.0,11.210675906375911,11.210675906375911,Australia
806,1,0.0,9.667026132646157,9.667026132646157,Australia
807,1,6.804000034,14.13891515805633,7.334915124056329,Australia
808,1,0.0,11.023322518141148,11.023322518141148,Australia
809,1,6.0,13.998687319262014,7.9986873192620145,Australia
810,1,6.074285712,14.914100846481448,8.839815134481448,Australia
811,1,0.0,11.27040779789451,11.27040779789451,Australia
812,1,0.0,9.35335702110995,9.35335702110995,Australia
813,1,4.825000048,12.44833785246578,7.6233378044657805,Australia
814,1,4.900000095,13.04809836595887,8.148098270958869,Australia
815,1,5.0,14.96729190309126,9.96729190309126,Australia
816,1,4.900000095,12.636195407442035,7.736195312442034,Australia
817,1,4.900000095,16.64562623004262,11.74562613504262,Australia
818,1,4.833333492,13.08531681646641,8.251983324466408,Australia
819,1,0.0,9.37612897432027,9.37612897432027,Australia
820,1,5.099999905,16.257021684484997,11.157021779484996,Australia
821,1,0.0,8.830300448599294,8.830300448599294,Australia
822,1,0.0,8.864260579637843,8.864260579637843,Australia
823,1,0.0,10.890961006660255,10.890961006660255,Australia
824,1,5.800000191,18.8201007243895,13.020100533389503,Australia
825,1,5.099999905,14.446687690101717,9.346687785101718,Australia
826,1,5.300000191,15.275703234102663,9.975703043102662,Australia
827,1,5.0,13.960251730137845,8.960251730137845,Australia
828,1,5.300000191,17.732498357423868,12.43249816642387,Australia
829,1,0.0,8.807647554651611,8.807647554651611,Australia
830,1,0.0,11.208732128135898,11.208732128135898,Australia
831,1,0.0,9.095406066750021,9.095406066750021,Australia
832,1,5.0,15.05741441404298,10.05741441404298,Australia
833,1,5.599999905,14.043762555219311,8.443762650219313,Australia
834,1,0.0,10.890961006660255,10.890961006660255,Australia
835,1,0.0,8.807713629093133,8.807713629093133,Australia
836,1,0.0,10.890961006660255,10.890961006660255,Australia
837,1,0.0,8.908598555497447,8.908598555497447,Australia
838,1,0.0,10.890961006660255,10.890961006660255,Australia
839,1,5.400000095,17.975474976739278,12.575474881739279,Australia
840,1,0.0,9.584420104147878,9.584420104147878,Australia
841,1,5.900000095,16.5609348991473,10.660934804147299,Australia
842,1,5.099999905,15.860639143087804,10.760639238087805,Australia
843,1,0.0,8.836068025187714,8.836068025187714,Australia
844,1,0.0,8.792005005484702,8.792005005484702,Australia
845,1,5.800000191,17.785867199258146,11.985867008258147,Australia
846,1,5.199999809,16.181673689526882,10.98167388052688,Australia
847,1,4.900000095,13.367709851138736,8.467709756138735,Australia
848,1,0.0,10.890961006660255,10.890961006660255,Australia
849,1,0.0,10.890961006660255,10.890961006660255,Australia
850,1,6.400000095,18.96419890413162,12.564198809131621,Australia
851,1,4.940000057,12.684033906434003,7.744033849434003,Australia
852,1,5.354545377,14.708284916747196,9.353739539747195,Australia
853,1,4.900000095,12.66365792087343,7.7636578258734295,Australia
854,1,5.24999994,13.00147575828313,7.751475818283129,Australia
855,1,5.099999905,15.737519955513465,10.637520050513466,Australia
856,1,0.0,9.176802661291209,9.176802661291209,Australia
857,1,5.800000191,14.113765568298165,8.313765377298164,Australia
858,1,5.543749988,14.67723680994512,9.13348682194512,Australia
859,1,5.174576234,13.132483803822913,7.957907569822913,Australia
860,1,5.518367359,14.313743617927633,8.795376258927632,Australia
861,1,5.937931011,12.938157568646885,7.000226557646885,Australia
862,1,5.451612919,13.472069658767534,8.020456739767535,Australia
863,1,6.073333327,12.953995338269712,6.880662011269711,Australia
864,1,5.166666667,12.684017583499768,7.517350916499768,Australia
865,1,5.5,9.535671183078325,4.035671183078325,Australia
866,1,5.799999952,8.987327911771391,3.187327959771391,Australia
867,1,5.162499964,13.662162468660567,8.499662504660566,Australia
868,1,4.714999998,13.296555298060685,8.581555300060685,Australia
869,1,5.066666762,12.604638069884835,7.537971307884836,Australia
870,1,4.946575348,12.855461592616626,7.908886244616626,Australia
871,1,5.356338014,13.09181654283498,7.73547852883498,Australia
872,1,5.016363621,13.836524497259957,8.820160876259957,Australia
873,1,0.0,9.307110106511896,9.307110106511896,Australia
874,1,4.989215679,13.012223933982476,8.023008254982475,Australia
875,1,5.439138817,13.28757230007852,7.848433483078519,Australia
876,1,0.0,8.651351251303602,8.651351251303602,Australia
877,1,5.217083783,13.370931255001995,8.153847472001996,Australia
878,1,6.199999809,10.723546719693019,4.523546910693018,Australia
879,1,5.667588937,13.539169690312786,7.871580753312786,Australia
880,1,7.216757671,13.089601620720865,5.872843949720865,Australia
881,1,5.933333397,12.055955502436628,6.122622105436628,Australia
882,1,4.633333365,10.886690592440473,6.253357227440473,Australia
883,1,4.104761907,14.441029567405558,10.336267660405557,Australia
884,1,4.75,14.72196443453942,9.97196443453942,Australia
885,1,4.816666722,12.346184168239233,7.529517446239233,Australia
886,1,4.5,14.93381529878064,10.43381529878064,Australia
887,1,4.728571483,14.000513198905134,9.271941715905134,Australia
888,1,3.806666676,13.184885029587113,9.378218353587112,Australia
889,1,4.236956529,12.541193689188068,8.304237160188068,Australia
890,1,3.950000048,14.77996110769399,10.829961059693991,Australia
891,1,0.0,10.510872342137946,10.510872342137946,Australia
892,1,4.193478294,13.250648810530794,9.057170516530794,Australia
893,1,4.305000043,13.775908449688124,9.470908406688125,Australia
894,1,4.674193551,14.469634637253357,9.795441086253357,Australia
895,1,3.99565222,12.825364253054941,8.82971203305494,Australia
896,1,0.0,9.912526760858295,9.912526760858295,Australia
897,1,3.799999952,11.738396671203638,7.938396719203638,Australia
898,1,4.742857184,12.442263692765307,7.699406508765307,Australia
899,1,0.0,11.147327212153137,11.147327212153137,Australia
900,1,4.956310705,13.12523528558,8.16892458058,Australia
901,1,5.300000191,12.462528497387678,7.162528306387679,Australia
902,1,4.993478288,14.318435799504392,9.324957511504392,Australia
903,1,4.981818214,13.75706533335578,8.775247119355779,Australia
904,1,4.699999809,10.330587341496555,5.630587532496555,Australia
905,1,5.16315784,13.041120515462383,7.877962675462383,Australia
906,1,0.0,9.203208163733002,9.203208163733002,Australia
907,1,5.08888891,14.327488249566688,9.238599339566688,Australia
908,1,5.093975894,13.913420297021819,8.81944440302182,Australia
909,1,4.730769258,14.261809350591305,9.531040092591304,Australia
910,1,7.844444487,13.242463035301807,5.398018548301807,Australia
911,1,8.015384711,13.85067984439819,5.835295133398191,Australia
912,1,8.100000381,14.440746923849144,6.3407465428491445,Australia
913,1,9.200000286,16.160991039258274,6.960990753258274,Australia
914,1,9.0,12.802091792983983,3.8020917929839833,Australia
915,1,8.360000038,13.733481149565181,5.37348111156518,Australia
916,1,8.199999942,17.25787878071441,9.05787883871441,Australia
917,1,8.133333524,13.830046520406196,5.696712996406196,Australia
918,1,8.233333333,16.773169670649963,8.539836337649964,Australia
919,1,8.499999894,13.733828265502579,5.233828371502579,Australia
920,1,9.199999809,16.472527159304082,7.272527350304083,Australia
921,1,0.0,9.430024945166263,9.430024945166263,Australia
922,1,0.0,9.132847687050504,9.132847687050504,Australia
923,1,8.453658523,14.046898722089841,5.593240199089841,Australia
924,1,8.123529322,13.684420672076328,5.560891350076329,Australia
925,1,8.600000064,14.271582544543111,5.671582480543112,Australia
926,1,8.435789515,13.680818512125658,5.245028997125658,Australia
927,1,8.000000106,17.318755111520957,9.318755005520957,Australia
928,1,0.0,9.382729879743874,9.382729879743874,Australia
929,1,7.575000167,11.1550707425972,3.5800705755972,Australia
930,1,7.599999905,11.91645671898839,4.316456813988391,Australia
931,1,0.0,8.798595291777648,8.798595291777648,Australia
932,1,0.0,9.05711768635328,9.05711768635328,Australia
933,1,7.550000191,11.467193737332517,3.917193546332517,Australia
934,1,6.950000048,13.079258626799012,6.129258578799012,Australia
935,1,0.0,11.210675906375911,11.210675906375911,Australia
936,1,9.399999619,16.011148152839482,6.611148533839481,Australia
937,1,0.0,9.397194528939558,9.397194528939558,Australia
938,1,7.300000191,11.460096180582294,4.160095989582294,Australia
939,1,0.0,8.79904404918567,8.79904404918567,Australia
940,1,9.0,18.423311194547594,9.423311194547594,Australia
941,1,0.0,9.7054264699701,9.7054264699701,Australia
942,1,8.699999809,13.016237246388469,4.3162374373884695,Australia
943,1,7.850000143,14.050239791275176,6.2002396482751765,Australia
944,1,9.199999809,13.466113541604042,4.266113732604042,Australia
945,1,0.0,8.798878137197827,8.798878137197827,Australia
946,1,0.0,8.792552209318389,8.792552209318389,Australia
947,1,9.300000191,16.13996448116741,6.83996429016741,Australia
948,1,0.0,10.890961006660255,10.890961006660255,Australia
949,1,8.5,13.69955791753216,5.199557917532159,Australia
950,1,8.199999809,14.426995665662542,6.226995856662542,Australia
951,1,0.0,10.890961006660255,10.890961006660255,Australia
952,1,0.0,9.378467838759292,9.378467838759292,Australia
953,1,0.0,11.208732128135898,11.208732128135898,Australia
954,1,0.0,11.367358725319049,11.367358725319049,Australia
955,1,8.600000381,18.56447659842737,9.96447621742737,Australia
956,1,0.0,8.86390369169613,8.86390369169613,Australia
957,1,0.0,8.792731991116407,8.792731991116407,Australia
958,1,0.0,9.278995134148719,9.278995134148719,Australia
959,1,8.399999619,11.201358968319022,2.8013593493190214,Australia
960,1,8.040000153,13.737106242119859,5.69710608911986,Australia
961,1,0.0,9.058563461484818,9.058563461484818,Australia
962,1,0.0,10.890961006660255,10.890961006660255,Australia
963,1,0.0,9.209646156365025,9.209646156365025,Australia
964,1,0.0,8.800608510950646,8.800608510950646,Australia
965,1,9.600000381,13.710866241116388,4.110865860116389,Australia
966,1,0.0,10.890961006660255,10.890961006660255,Australia
967,1,8.300000191,16.983597051433485,8.683596860433484,Australia
968,1,0.0,9.16862380138651,9.16862380138651,Australia
969,1,0.0,8.791693926221523,8.791693926221523,Australia
970,1,0.0,9.722036460896572,9.722036460896572,Australia
971,1,7.972500026,12.563833646220989,4.591333620220989,Australia
972,1,0.0,9.325271207061775,9.325271207061775,Australia
973,1,7.804999971,12.076620866553132,4.271620895553132,Australia
974,1,9.058108124,14.339351887686034,5.281243763686033,Australia
975,1,9.418181853,14.117670725907374,4.699488872907374,Australia
976,1,9.319767442,13.96657993961537,4.64681249761537,Australia
977,1,8.600000381,13.251466661294225,4.651466280294226,Australia
978,1,7.5,11.602630650319272,4.102630650319272,Australia
979,1,8.146511599,13.72639604949699,5.579884450496991,Australia
980,1,7.461538498,14.120806770842423,6.659268272842422,Australia
981,1,9.807142844,14.25932835279458,4.45218550879458,Australia
982,1,9.449541271,13.326716153992832,3.8771748829928327,Australia
983,1,7.569148967,12.736118248820876,5.166969281820876,Australia
984,1,8.840217414,14.498353975725564,5.658136561725565,Australia
985,1,8.337007887,13.877493980208655,5.540486093208655,Australia
986,1,6.655907166,13.014297177937149,6.358390011937148,Australia
987,1,7.892857109,14.0784942228487,6.1856371138487,Australia
988,1,7.341176426,14.086660135363706,6.745483709363707,Australia
989,1,8.384999967,12.939519398033928,4.554519431033928,Australia
990,1,9.059210583,12.78572621595399,3.726515632953989,Australia
991,1,8.810181829,13.553132115593968,4.742950286593969,Australia
992,1,8.191304248,13.171063465611,4.979759217611001,Australia
993,1,8.966666857,13.034984396244162,4.068317539244163,Australia
994,1,8.992134844,13.06306122591528,4.07092638191528,Australia
995,1,0.0,10.235897102320699,10.235897102320699,Australia
996,1,4.746178014,14.967168766213733,10.220990752213734,Australia
997,1,4.606443305,14.106609706144868,9.500166401144867,Australia
998,1,5.084654473,15.212762306413529,10.12810783341353,Australia
999,1,5.140552013,14.682341498214647,9.541789485214647,Australia
1000,1,4.62589207,14.595009430054429,9.96911736005443,Australia
1001,1,0.0,11.446341942285063,11.446341942285063,Australia
1002,1,0.0,10.612568042607702,10.612568042607702,Australia
1003,1,5.252590088,14.183241734637932,8.930651646637932,Australia
1004,1,5.96124031,14.798290129055033,8.837049819055032,Australia
1005,1,7.259999943,13.839705564028526,6.579705621028525,Australia
1006,1,7.008655626,13.386411845518916,6.377756219518916,Australia
1007,1,8.699999809,13.164691668135802,4.464691859135803,Australia
1008,1,6.395021096,12.787850395789482,6.392829299789482,Australia
1009,1,0.0,10.073362105809036,10.073362105809036,Australia
1010,1,0.0,9.894674396092643,9.894674396092643,Australia
1011,1,5.240407961,14.05983871425031,8.819430753250309,Australia
1012,1,4.994124119,13.85842120450214,8.86429708550214,Australia
1013,1,0.0,10.279305075732363,10.279305075732363,Australia
1014,1,8.699999809,15.884153053433565,7.184153244433565,Australia
1015,1,7.649999857,12.836108674643526,5.186108817643526,Australia
1016,1,8.026315764,13.661413641770302,5.635097877770303,Australia
1017,1,4.459107901,14.253568223764091,9.794460322764092,Australia
1018,1,7.665296788,13.32090889252885,5.65561210452885,Australia
1019,1,6.653497953,12.981409572388191,6.327911619388192,Australia
1020,1,0.0,9.285184882417521,9.285184882417521,Australia
1021,1,4.549999952,12.204889798327592,7.654889846327592,Australia
1022,1,0.0,9.689301815375234,9.689301815375234,Australia
1023,1,4.699999809,15.667856897631658,10.967857088631657,Australia
1024,1,0.0,10.890961006660255,10.890961006660255,Australia
1025,1,0.0,9.674155922777711,9.674155922777711,Australia
1026,1,0.0,9.590194665088518,9.590194665088518,Australia
1027,1,0.0,9.441647294502856,9.441647294502856,Australia
1028,1,4.850000143,14.27233425344665,9.422334110446648,Australia
1029,1,5.0,13.557583916468742,8.557583916468742,Australia
1030,1,0.0,8.982577441740215,8.982577441740215,Australia
1031,1,4.900000095,14.425329878585055,9.525329783585054,Australia
1032,1,0.0,9.568016698352814,9.568016698352814,Australia
1033,1,4.625,13.672287420815923,9.047287420815923,Australia
1034,1,4.460000038,14.155285228696627,9.695285190696627,Australia
1035,1,0.0,9.410645895892772,9.410645895892772,Australia
1036,1,0.0,11.208051329107251,11.208051329107251,Australia
1037,1,5.300000191,15.259913268769772,9.959913077769773,Australia
1038,1,5.199999809,17.23622347451905,12.03622366551905,Australia
1039,1,0.0,9.989759775683403,9.989759775683403,Australia
1040,1,0.0,9.541027261443183,9.541027261443183,Australia
1041,1,0.0,10.112107194300282,10.112107194300282,Australia
1042,1,5.0,13.184594985182546,8.184594985182546,Australia
1043,1,5.199999809,18.925209262627284,13.725209453627283,Australia
1044,1,5.549999952,17.20766285519447,11.65766290319447,Australia
1045,1,5.091999969,13.876814147326465,8.784814178326465,Australia
1046,1,5.133333206,13.767982941729688,8.634649735729688,Australia
1047,1,4.800000032,13.446146417663448,8.646146385663448,Australia
1048,1,5.08571434,13.948631238272139,8.86291689827214,Australia
1049,1,5.564285789,14.031729782632624,8.467443993632624,Australia
1050,1,5.399999936,14.149319997824586,8.749320061824585,Australia
1051,1,4.699999809,13.371515575636488,8.671515766636489,Australia
1052,1,5.388679234,14.458894841166346,9.070215607166347,Australia
1053,1,4.950000048,13.81360735626008,8.86360730826008,Australia
1054,1,5.331428541,14.193758873579965,8.862330332579965,Australia
1055,1,5.847058773,14.032012338190786,8.184953565190785,Australia
1056,1,5.522857148,13.765508338822436,8.242651190822436,Australia
1057,1,5.232499999,14.706256390074397,9.473756391074398,Australia
1058,1,4.976923062,14.240941284786926,9.264018222786927,Australia
1059,1,5.180769242,13.208315155906082,8.027545913906081,Australia
1060,1,4.966666698,14.346372173184847,9.379705475184846,Australia
1061,1,4.649999857,13.922583512583778,9.272583655583777,Australia
1062,1,4.75000006,13.581719955786784,8.831719895786785,Australia
1063,1,4.887499988,13.794988977813812,8.907488989813812,Australia
1064,1,4.966666698,13.87985914402286,8.913192446022858,Australia
1065,1,5.174193536,13.979506168487278,8.80531263248728,Australia
1066,1,0.0,11.176206990504188,11.176206990504188,Australia
1067,1,4.826666641,14.052500601624677,9.225833960624676,Australia
1068,1,0.0,11.180564052498495,11.180564052498495,Australia
1069,1,0.0,10.175758717575292,10.175758717575292,Australia
1070,1,0.0,10.143657107443616,10.143657107443616,Australia
1071,1,0.0,10.141415537502304,10.141415537502304,Australia
1072,1,4.699999809,18.68913956303535,13.98913975403535,Australia
1073,1,0.0,9.8008739914206,9.8008739914206,Australia
1074,1,4.900000095,14.299901407844791,9.39990131284479,Australia
1075,1,5.300000191,10.029333708133034,4.729333517133035,Australia
1076,1,4.75,16.064486399112294,11.314486399112294,Australia
1077,1,0.0,9.890250602522086,9.890250602522086,Australia
1078,1,5.199999968,13.529311069720492,8.329311101720492,Australia
1079,1,0.0,9.850495028445051,9.850495028445051,Australia
1080,1,4.887499928,14.479174476319658,9.591674548319657,Australia
1081,1,4.699999809,14.71140166699924,10.011401857999239,Australia
1082,1,3.936363654,14.023557299135975,10.087193645135976,Australia
1083,1,5.01428574,13.90712435162995,8.89283861162995,Australia
1084,1,4.950000048,14.207057784235806,9.257057736235806,Australia
1085,1,5.055555476,14.58579988118572,9.53024440518572,Australia
1086,1,5.074999961,14.598240070869506,9.523240109869507,Australia
1087,1,0.0,10.666867969435009,10.666867969435009,Australia
1088,1,8.199999809,14.982517654722685,6.782517845722685,Australia
1089,1,7.400000095,15.026019383315607,7.626019288315606,Australia
1090,1,8.71818187,14.94536836141719,6.227186491417189,Australia
1091,1,8.100000381,14.67231189935382,6.572311518353821,Australia
1092,1,7.44000001,15.737235844900532,8.297235834900532,Australia
1093,1,5.900000095,19.573955406403606,13.673955311403606,Australia
1094,1,0.0,11.273562538077751,11.273562538077751,Australia
1095,1,5.81780822,13.438040810640185,7.620232590640185,Australia
1096,1,6.150000095,14.34564872185452,8.19564862685452,Australia
1097,1,6.261369624,13.665159467054039,7.403789843054039,Australia
1098,1,4.96876112,14.951085561581614,9.982324441581614,Australia
1099,1,5.439999992,13.427859395087577,7.987859403087577,Australia
1100,1,6.576524392,14.68088745029541,8.10436305829541,Australia
1101,1,6.643416371,15.814269984713654,9.170853613713653,Australia
1102,1,6.433910048,15.596111966825514,9.162201918825513,Australia
1103,1,5.733818196,15.33997990718866,9.60616171118866,Australia
1104,1,5.139842716,16.087677624288155,10.947834908288154,Australia
1105,1,5.138295174,15.145485656796163,10.007190482796164,Australia
1106,1,5.478688537,15.903833770545484,10.425145233545484,Australia
1107,1,5.343424538,14.83384762944807,9.490423091448069,Australia
1108,1,12.39999962,18.866709898650793,6.466710278650794,Australia
1109,1,0.0,10.816449484585968,10.816449484585968,Australia
1110,1,0.0,11.208732128135898,11.208732128135898,Australia
1111,1,13.39999962,15.237891977602487,1.8378923576024881,Australia
1112,1,0.0,10.837242610497906,10.837242610497906,Australia
1113,1,0.0,11.16699240428646,11.16699240428646,Australia
1114,1,13.19999981,10.800984910051834,2.399014899948165,Australia
1115,1,0.0,11.166867731567743,11.166867731567743,Australia
1116,1,0.0,10.225714045384947,10.225714045384947,Australia
1117,1,0.0,10.70519943533683,10.70519943533683,Australia
1118,1,0.0,10.208184897781742,10.208184897781742,Australia
1119,1,0.0,11.16699240428646,11.16699240428646,Australia
1120,1,0.0,10.890961006660255,10.890961006660255,Australia
1121,1,0.0,10.658955172181376,10.658955172181376,Australia
1122,1,12.02000008,14.595630301857067,2.5756302218570664,Australia
1123,1,11.35833335,14.047408950273516,2.689075600273515,Australia
1124,2,37.0266667684,12.213616630690106,24.813050137709894,Brazil
1125,2,35.3000000196,11.725225994550051,23.574774025049948,Brazil
1126,2,36.1424242655,11.876218816185967,24.26620544931403,Brazil
1127,2,35.092307751,11.45221117261184,23.64009657838816,Brazil
1128,2,36.1375002861,12.426404346895918,23.711095939204082,Brazil
1129,2,29.08472236,13.640233174024083,15.444489185975918,Brazil
1130,2,36.5125002861,11.884349717374059,24.628150568725943,Brazil
1131,2,33.0342105899,12.110892918013246,20.923317671886753,Brazil
1132,2,32.0888888041,11.91492264393916,20.17396616016084,Brazil
1133,2,28.4906976833,11.911491849609927,16.57920583369007,Brazil
1134,2,33.7590908137,12.199391538472133,21.559699275227864,Brazil
1135,2,31.3128570829,11.985087441384998,19.327769641515,Brazil
1136,2,36.2187497616,12.291012661547057,23.927737100052944,Brazil
1137,2,35.514285678,13.820868805037378,21.693416872962622,Brazil
1138,2,29.9557692454,11.956116561548821,17.999652683851178,Brazil
1139,2,35.8828572409,12.905721747377765,22.977135493522237,Brazil
1140,2,29.181481538,11.95201026144126,17.22947127655874,Brazil
1141,2,34.0117647508,11.574829221173134,22.436935529626865,Brazil
1142,2,34.4261538579,14.258407111372168,20.16774674652783,Brazil
1143,2,36.3058823978,12.131716428966428,24.17416596883357,Brazil
1144,2,30.6993976501,12.355404966532848,18.34399268356715,Brazil
1145,2,36.0425532727,12.13982893718007,23.902724335519927,Brazil
1146,2,11.1000000636,11.033283209113685,0.06671685448631415,Brazil
1147,2,9.5,10.227788088831286,0.7277880888312858,Brazil
1148,2,10.0,13.723514715755998,3.7235147157559982,Brazil
1149,2,9.49999976158,11.069014183837979,1.569014422257979,Brazil
1150,2,7.55000019073,12.345074501874581,4.795074311144582,Brazil
1151,2,7.09999990463,10.489822503501408,3.389822598871408,Brazil
1152,2,10.3000001907,13.058820557482308,2.7588203667823077,Brazil
1153,2,10.2749998569,10.164008642630591,0.11099121426940783,Brazil
1154,2,9.20000012716,12.28077171446279,3.0807715873027917,Brazil
1155,2,9.92500019073,10.754862203374634,0.8298620126446341,Brazil
1156,2,10.3000001907,11.213607511608753,0.9136073209087527,Brazil
1157,2,10.8999996185,10.530369496336627,0.36963012216337354,Brazil
1158,2,9.06666660309,12.496585366365348,3.4299187632753476,Brazil
1159,2,9.75,10.922234331695757,1.1722343316957566,Brazil
1160,2,10.625,12.56473910062745,1.9397391006274507,Brazil
1161,2,10.3000001907,10.023232862726841,0.2767673279731593,Brazil
1162,2,11.1999998093,11.26466104304766,0.06466123374766042,Brazil
1163,2,7.35714292526,11.175836710386655,3.818693785126655,Brazil
1164,2,9.75,10.379165031103156,0.629165031103156,Brazil
1165,2,11.1200000763,10.853337661914512,0.2666624143854879,Brazil
1166,2,10.1999998093,10.619551174992752,0.41955136569275275,Brazil
1167,2,9.75,10.546214340332128,0.7962143403321278,Brazil
1168,2,9.69999980927,12.415263294800393,2.715263485530393,Brazil
1169,2,6.90000009537,12.994559438941897,6.0945593435718965,Brazil
1170,2,10.1333332062,12.0527543483377,1.9194211421377005,Brazil
1171,2,9.9249997139,11.334366531567259,1.4093668176672587,Brazil
1172,2,11.6333332062,13.323499625425221,1.6901664192252213,Brazil
1173,2,9.7999997139,11.444675762712066,1.644676048812066,Brazil
1174,2,8.76666673024,10.556629051663233,1.789962321423232,Brazil
1175,2,10.6499998569,10.700435933045558,0.05043607614555867,Brazil
1176,2,10.9499998093,10.983095371431313,0.03309556213131337,Brazil
1177,2,10.1999998093,9.760941651188727,0.4390581581112727,Brazil
1178,2,10.3000001907,6.7070573603665355,3.592942830333465,Brazil
1179,2,7.26666673024,11.750370869958616,4.483704139718616,Brazil
1180,2,10.9749999046,10.7607614705698,0.21423843403020015,Brazil
1181,2,10.3999996185,10.679559646556571,0.27956002805657043,Brazil
1182,2,9.5,12.093084769109808,2.593084769109808,Brazil
1183,2,10.1000003815,12.598112624929172,2.4981122434291727,Brazil
1184,2,9.66666666667,12.031842549209747,2.365175882539747,Brazil
1185,2,7.70000004768,15.0858957459395,7.3858956982595,Brazil
1186,2,10.4499998093,10.846120363488048,0.39612055418804815,Brazil
1187,2,10.0,9.669431063623842,0.33056893637615836,Brazil
1188,2,8.02499985695,10.781800431457162,2.756800574507162,Brazil
1189,2,10.7999999523,11.182567061745734,0.38256710944573413,Brazil
1190,2,7.29999995232,11.782010235547926,4.482010283227925,Brazil
1191,2,9.69999980927,10.110063301365887,0.4100634920958868,Brazil
1192,2,10.7124999762,10.045417623817785,0.6670823523822147,Brazil
1193,2,9.69999980927,9.630956932928374,0.06904287634162642,Brazil
1194,2,9.59999990463,11.562347795543541,1.9623478909135414,Brazil
1195,2,9.80000019073,9.225728490422487,0.5742717003075128,Brazil
1196,2,10.1999998093,10.726276317209813,0.5262765079098131,Brazil
1197,2,11.0500001907,10.718197513988411,0.3318026767115896,Brazil
1198,2,10.8999996185,10.58601309234451,0.3139865261554906,Brazil
1199,2,11.2000001272,10.258721586246146,0.9412785409538529,Brazil
1200,2,10.6999998093,10.265835153873025,0.434164655426974,Brazil
1201,2,10.8999996185,9.930823707164386,0.9691759113356149,Brazil
1202,2,9.92500019073,11.502099301444533,1.5770991107145331,Brazil
1203,2,11.0166665713,10.989765372461434,0.026901198838565676,Brazil
1204,2,11.1500000954,11.32894304416711,0.17894294876711037,Brazil
1205,2,8.09999990463,11.058217785867104,2.958217881237104,Brazil
1206,2,10.3000001907,10.090487335664267,0.20951285503573303,Brazil
1207,2,7.79999987284,11.82345894791272,4.0234590750727195,Brazil
1208,2,6.85000014305,11.607730028973744,4.7577298859237445,Brazil
1209,2,8.10000022252,10.809664004044453,2.709663781524453,Brazil
1210,2,10.1999998093,9.857950835473119,0.3420489738268806,Brazil
1211,2,11.2000002861,10.092216898974588,1.1077833871254121,Brazil
1212,2,10.5999999046,11.28776588969463,0.6877659850946287,Brazil
1213,2,8.39999985695,11.21737640148272,2.8173765445327206,Brazil
1214,2,7.84999990463,9.827154536858227,1.9771546322282276,Brazil
1215,2,8.85000038147,10.540494007893724,1.6904936264237236,Brazil
1216,2,10.5499997139,10.190285752906284,0.3597139609937159,Brazil
1217,2,9.15000009537,10.80224280205813,1.6522427066881296,Brazil
1218,2,6.80000019073,10.737647207659013,3.937647016929013,Brazil
1219,2,10.4499998093,10.91906223459816,0.46906242529816033,Brazil
1220,2,11.1999998093,10.89733521709449,0.30266459220550956,Brazil
1221,2,9.10000038147,9.638925270236065,0.5389248887660649,Brazil
1222,2,11.8000001907,10.71968661821817,1.0803135724818311,Brazil
1223,2,11.3600002289,10.600448104081485,0.7595521248185158,Brazil
1224,2,8.83333333333,10.8645117618974,2.031178428567401,Brazil
1225,2,8.15000009537,13.79712127403649,5.64712117866649,Brazil
1226,2,7.80000019073,9.481072143647562,1.6810719529175628,Brazil
1227,2,9.46666653951,12.029507849627763,2.562841310117763,Brazil
1228,2,7.80000019073,14.429131995877736,6.629131805147736,Brazil
1229,2,11.2333332698,10.029981547183679,1.2033517226163202,Brazil
1230,2,9.60000038147,10.957091354713993,1.3570909732439933,Brazil
1231,2,9.60000038147,12.149751057767839,2.5497506762978386,Brazil
1232,2,9.0,12.812897752382984,3.812897752382984,Brazil
1233,2,9.76000003815,10.946408588664053,1.1864085505140523,Brazil
1234,2,10.9749999046,11.373667120113389,0.39866721551338813,Brazil
1235,2,10.6749999523,10.646897285729754,0.028102666570246626,Brazil
1236,2,16.4376811981,10.182270667628718,6.255410530471284,Brazil
1237,2,16.3254237094,11.397165253335316,4.9282584560646825,Brazil
1238,2,16.9411762462,11.287771330284304,5.653404915915697,Brazil
1239,2,17.1977272467,11.624459411106201,5.5732678355938,Brazil
1240,2,16.4307692601,10.820791605899302,5.609977654200698,Brazil
1241,2,17.6956692643,10.479892614930343,7.2157766493696585,Brazil
1242,2,16.4618181922,11.61012375390208,4.851694438297919,Brazil
1243,2,17.9047619048,10.591619158920455,7.313142745879546,Brazil
1244,2,15.9481080803,11.233609166032114,4.714498914267887,Brazil
1245,2,17.5584415584,10.999753434211595,6.558688124188404,Brazil
1246,2,17.435135197,10.542195696619416,6.892939500380585,Brazil
1247,2,17.1361108886,11.506885304585076,5.629225584014925,Brazil
1248,2,17.0750001272,11.500168307086694,5.574831820113305,Brazil
1249,2,17.0925373248,10.530093263225371,6.562444061574627,Brazil
1250,2,17.0981818112,11.636115361376069,5.462066449823931,Brazil
1251,2,18.9555557039,10.748190717859199,8.207364986040801,Brazil
1252,2,32.4437499841,10.951253468828511,21.49249651527149,Brazil
1253,2,29.9615384615,10.862230006827566,19.099308454672435,Brazil
1254,2,30.2210527721,11.084633716677674,19.136419055422323,Brazil
1255,2,32.3062499364,11.583364991374415,20.722884945025584,Brazil
1256,2,32.6850220222,13.963497548275985,18.721524473924017,Brazil
1257,2,28.0748018909,10.8877905371741,17.1870113537259,Brazil
1258,2,31.7901639157,11.379957984144884,20.410205931555115,Brazil
1259,2,27.3194165009,10.205109943341256,17.114306557558745,Brazil
1260,2,25.7755100873,11.45247076811572,14.323039319184279,Brazil
1261,2,29.7633802924,11.778788118809297,17.984592173590705,Brazil
1262,2,33.2169015374,11.411571118718236,21.805330418681763,Brazil
1263,2,26.2842105062,13.236678035906301,13.0475324702937,Brazil
1264,2,34.1225274055,12.268866474246812,21.853660931253188,Brazil
1265,2,32.225344319,12.051387318707395,20.173957000292607,Brazil
1266,2,29.5051281269,11.623117893122608,17.882010233777393,Brazil
1267,2,35.6334559497,12.37692390516361,23.256532044536392,Brazil
1268,2,32.6871921746,11.744734451615763,20.942457722984237,Brazil
1269,2,31.943749706,11.216529631178005,20.727220074821993,Brazil
1270,2,29.7652175737,14.641536577389672,15.123680996310327,Brazil
1271,2,33.2989339198,13.728043579797685,19.570890340002315,Brazil
1272,2,30.9305194508,11.809201827880068,19.121317622919932,Brazil
1273,2,30.6832000275,12.185481610012806,18.497718417487192,Brazil
1274,2,31.106153899,12.056004052456917,19.050149846543082,Brazil
1275,2,29.9161615661,11.436192859378465,18.479968706721536,Brazil
1276,2,28.3050846811,12.180545732612057,16.124538948487942,Brazil
1277,2,34.85338343,12.260455084603521,22.59292834539648,Brazil
1278,2,29.0927082499,12.178093059144352,16.914615190755647,Brazil
1279,2,28.3190477462,16.106812761674103,12.212234984525896,Brazil
1280,2,28.2013512946,13.183412779780348,15.017938514819651,Brazil
1281,2,32.9509802239,13.308407786279657,19.642572437620338,Brazil
1282,2,25.2621622343,11.76800988001198,13.494152354288019,Brazil
1283,2,28.537389405,11.84025242498144,16.69713698001856,Brazil
1284,2,32.0331249475,10.7470239548087,21.2861009926913,Brazil
1285,2,31.5796459198,11.917359569563342,19.66228635023666,Brazil
1286,2,36.8742049928,12.118008780331799,24.756196212468204,Brazil
1287,2,30.2754384091,11.968415925891573,18.307022483208428,Brazil
1288,2,31.9441176583,11.343447414256534,20.600670244043467,Brazil
1289,2,27.7988889482,12.912820461409755,14.886068486790244,Brazil
1290,2,33.7360200714,12.279903340926284,21.456116730473717,Brazil
1291,2,30.546043149,14.002990057357703,16.543053091642296,Brazil
1292,2,29.2086153588,13.552849497775691,15.655765861024308,Brazil
1293,2,22.1859649022,11.634584433500734,10.551380468699264,Brazil
1294,2,29.5244443258,13.152934975444115,16.371509350355886,Brazil
1295,2,27.6528846239,11.811998584938525,15.840886038961475,Brazil
1296,2,33.7979532766,11.573887916514106,22.22406536008589,Brazil
1297,2,24.5795918679,13.948265883514317,10.631325984385683,Brazil
1298,2,33.2256636718,11.718512367089389,21.50715130471061,Brazil
1299,2,23.7518867727,12.016402662849316,11.735484109850685,Brazil
1300,2,26.8361702371,11.772577195101345,15.063593041998654,Brazil
1301,2,27.8980315013,11.037794563054906,16.860236938245095,Brazil
1302,2,29.0831682564,13.467641112486255,15.615527143913745,Brazil
1303,2,27.1945434201,14.001768496372133,13.192774923727868,Brazil
1304,2,30.118787858,13.864323116960986,16.254464741039016,Brazil
1305,2,23.4689654427,11.602678803904368,11.866286638795632,Brazil
1306,2,26.1793100423,12.005077061969914,14.174232980330085,Brazil
1307,2,30.1192309306,12.130144335952522,17.98908659464748,Brazil
1308,2,34.2562138772,14.15496275755887,20.101251119641127,Brazil
1309,2,33.4168367678,11.91695576207165,21.499881005728348,Brazil
1310,2,28.8040816638,11.411306117813668,17.392775545986332,Brazil
1311,2,31.7228915892,11.207062291096134,20.515829298103867,Brazil
1312,2,21.9431818355,11.69918765452902,10.24399418097098,Brazil
1313,2,26.2039998627,11.387211907563156,14.816787955136846,Brazil
1314,2,6.96000003815,8.868918901262274,1.9089188631122749,Brazil
1315,2,9.17499995232,13.478329124067344,4.303329171747343,Brazil
1316,2,10.0,11.151031881148494,1.1510318811484943,Brazil
1317,2,10.7714285169,10.751490136564316,0.019938380335684514,Brazil
1318,2,10.9500001272,13.281038189703557,2.3310380625035574,Brazil
1319,2,8.90000009537,12.118283738544841,3.218283643174841,Brazil
1320,2,10.4428570611,14.488087296253449,4.045230235153449,Brazil
1321,2,6.14166665077,13.351465523617762,7.209798872847761,Brazil
1322,2,8.75,11.317679564677121,2.567679564677121,Brazil
1323,2,10.6000000636,13.642962317598883,3.0429622539988834,Brazil
1324,2,10.6999998093,11.415003375109244,0.7150035658092442,Brazil
1325,2,8.5,13.56258246191177,5.06258246191177,Brazil
1326,2,7.6933333079,10.14821724064793,2.454883932747931,Brazil
1327,2,8.67692323831,10.069979677191759,1.393056438881759,Brazil
1328,2,10.0749999682,10.14317587264814,0.06817590444813959,Brazil
1329,2,6.54615383882,11.087240853761442,4.541087014941442,Brazil
1330,2,12.0,11.572615286821764,0.42738471317823645,Brazil
1331,2,11.0,11.184197510143127,0.18419751014312702,Brazil
1332,2,11.4000002543,13.44544855381517,2.0454482995151704,Brazil
1333,2,10.0,12.595539797592156,2.5955397975921564,Brazil
1334,2,10.1666669846,11.168011072704182,1.0013440881041813,Brazil
1335,2,9.0,13.178029030006172,4.178029030006172,Brazil
1336,2,9.5333331426,12.10145298502238,2.56811984242238,Brazil
1337,2,7.3166667223,9.635225341952111,2.3185586196521113,Brazil
1338,2,10.9076921023,10.769063359548095,0.13862874275190507,Brazil
1339,2,10.7999997139,10.593452584502515,0.2065471293974852,Brazil
1340,2,7.44999992847,13.90195562960194,6.45195570113194,Brazil
1341,2,8.89999961853,10.404978475863082,1.5049788573330822,Brazil
1342,2,8.5,11.932059217887755,3.4320592178877547,Brazil
1343,2,6.71923078023,10.687360428231997,3.968129648001997,Brazil
1344,2,11.6124999523,10.192710128479924,1.4197898238200768,Brazil
1345,2,10.6999998093,10.20789327061868,0.4921065386813197,Brazil
1346,2,6.21182794981,11.535780199917184,5.323952250107184,Brazil
1347,2,8.44615397087,12.628156523892793,4.182002553022793,Brazil
1348,2,8.6999999455,11.248047655440057,2.5480477099400574,Brazil
1349,2,7.10000003468,9.942673238999227,2.842673204319227,Brazil
1350,2,8.65000009537,10.737231520646045,2.0872314252760447,Brazil
1351,2,7.63088234032,11.869853375212177,4.2389710348921765,Brazil
1352,2,8.125,11.044930821647926,2.9199308216479256,Brazil
1353,2,8.0,13.92763276196031,5.927632761960311,Brazil
1354,2,11.0999999046,11.559739533804493,0.45973962920449196,Brazil
1355,2,7.48823527729,10.59527431240538,3.1070390351153794,Brazil
1356,2,7.54999995232,12.191556728485136,4.641556776165135,Brazil
1357,2,10.7199998856,10.875149608646709,0.1551497230467085,Brazil
1358,2,8.93749988079,10.129247157223187,1.191747276433187,Brazil
1359,2,9.50769226368,10.084387547683088,0.5766952840030886,Brazil
1360,2,5.58717951408,12.932956391941932,7.345776877861932,Brazil
1361,2,8.60000006358,10.22289892613406,1.6228988625540612,Brazil
1362,2,7.80000003179,9.58611357975299,1.78611354796299,Brazil
1363,2,9.83333317439,9.955782394595678,0.12244922020567728,Brazil
1364,2,5.05454544588,10.324319928442282,5.2697744825622825,Brazil
1365,2,5.26666665077,9.579294319367705,4.312627668597704,Brazil
1366,2,10.8666664759,11.054787344888927,0.18812086898892666,Brazil
1367,2,5.98947369425,13.084948208742077,7.095474514492077,Brazil
1368,2,6.13000001907,10.062708234349067,3.9327082152790673,Brazil
1369,2,6.90952375957,10.70127600057447,3.7917522410044704,Brazil
1370,2,7.25,12.102871202124781,4.852871202124781,Brazil
1371,2,6.17878788168,11.914134613405508,5.7353467317255085,Brazil
1372,2,8.36666679382,10.440488657491706,2.0738218636717054,Brazil
1373,2,10.1000003815,9.966231461540353,0.13376891995964613,Brazil
1374,2,9.14000015259,10.668049932200589,1.5280497796105887,Brazil
1375,2,6.43333331744,12.076593040725392,5.643259723285392,Brazil
1376,2,10.7200000763,10.561429751375556,0.1585703249244439,Brazil
1377,2,7.75714288439,12.718009846168414,4.960866961778414,Brazil
1378,2,5.81739129191,12.187230027882258,6.369838735972258,Brazil
1379,2,8.85999965668,10.90514080287117,2.0451411461911704,Brazil
1380,2,8.34000015259,13.366210374934791,5.026210222344792,Brazil
1381,2,10.933333079,9.23442790388751,1.6989051751124897,Brazil
1382,2,7.81428575516,10.613640655508963,2.7993549003489626,Brazil
1383,2,7.74999992053,16.533630439789498,8.783630519259498,Brazil
1384,2,7.20000001362,11.75268032190288,4.552680308282879,Brazil
1385,2,6.69166662296,12.966207859964808,6.274541237004808,Brazil
1386,2,8.24067800328,12.487926860889232,4.247248857609232,Brazil
1387,2,5.79999990463,13.481900391864091,7.681900487234091,Brazil
1388,2,8.57500004768,10.287006972123077,1.7120069244430773,Brazil
1389,2,7.02727274461,12.314730329508619,5.287457584898618,Brazil
1390,2,11.5499999523,11.440833843086152,0.10916610921384873,Brazil
1391,2,9.5499997139,11.161786840788482,1.6117871268884816,Brazil
1392,2,5.82500004768,11.083936367421487,5.258936319741487,Brazil
1393,2,7.41111103694,11.671798068968002,4.2606870320280015,Brazil
1394,2,11.0545455759,14.039814006579926,2.985268430679925,Brazil
1395,2,9.80370373196,9.976020108933191,0.1723163769731908,Brazil
1396,2,11.6500000954,10.441851676222214,1.2081484191777854,Brazil
1397,2,11.6166666349,10.476380998002305,1.1402856368976941,Brazil
1398,2,7.32857145582,10.627684755414942,3.299113299594942,Brazil
1399,2,6.99047624497,11.406281050920448,4.415804805950448,Brazil
1400,2,8.90000009537,12.861295641391836,3.9612955460218355,Brazil
1401,2,5.96190479824,10.307871401255678,4.345966603015678,Brazil
1402,2,6.93947368547,12.00389872976686,5.0644250442968595,Brazil
1403,2,10.8399999619,9.396749948702517,1.443250013197483,Brazil
1404,2,6.69999996821,10.827782686244442,4.1277827180344415,Brazil
1405,2,9.77500009537,10.370101308138128,0.5951012127681281,Brazil
1406,2,5.45000004768,10.209016609189362,4.7590165615093625,Brazil
1407,2,6.86666663488,10.771986812840927,3.9053201779609275,Brazil
1408,2,9.65200000763,9.553608732531039,0.09839127509896173,Brazil
1409,2,11.0125000477,13.166718338086898,2.1542182903868987,Brazil
1410,2,11.1000003815,10.704652698191342,0.3953476833086569,Brazil
1411,2,8.39999993642,13.456706284071641,5.056706347651641,Brazil
1412,2,6.70235296137,11.78650401299919,5.08415105162919,Brazil
1413,2,10.0999999046,11.576089066783545,1.4760891621835448,Brazil
1414,2,9.89999993642,12.7736858480712,2.873685911651199,Brazil
1415,2,11.2777777778,10.950747843906441,0.3270299338935594,Brazil
1416,2,10.6000003815,11.42683575589805,0.8268353743980512,Brazil
1417,2,8.0600001812,10.58747689283949,2.5274767116394905,Brazil
1418,2,6.7083332936,9.779046622805417,3.070713329205417,Brazil
1419,2,7.96249997616,10.914684683212524,2.952184707052524,Brazil
1420,2,10.8666664759,14.556313392428688,3.6896469165286874,Brazil
1421,2,6.75999994278,9.884879626491038,3.124879683711038,Brazil
1422,2,5.7409090779,11.049593357415434,5.308684279515434,Brazil
1423,2,11.0500000318,9.821156833517316,1.228843198282684,Brazil
1424,2,6.94680852078,10.505333427153353,3.5585249063733526,Brazil
1425,2,6.47428571156,11.632928049949593,5.158642338389592,Brazil
1426,2,10.3500003815,10.765989489225722,0.4159891077257232,Brazil
1427,2,10.7199998856,10.933206911665213,0.2132070260652128,Brazil
1428,2,6.44444439146,11.144618298076802,4.700173906616802,Brazil
1429,2,9.69999980927,11.720319770806526,2.0203199615365257,Brazil
1430,2,9.16326528666,10.063526148355947,0.9002608616959478,Brazil
1431,2,8.89999985695,10.877081267412425,1.977081410462425,Brazil
1432,2,8.33333349228,11.931446276688657,3.5981127844086576,Brazil
1433,2,6.72000017166,10.127324012899138,3.407323841239138,Brazil
1434,2,9.80000019073,9.948586202615502,0.14858601188550224,Brazil
1435,2,10.6000003815,11.37245223438569,0.7724518528856912,Brazil
1436,2,7.50714281627,11.826207849068663,4.319065032798663,Brazil
1437,2,9.44999986887,12.666681791768001,3.216681922898001,Brazil
1438,2,6.25999994278,12.243644992031719,5.983645049251718,Brazil
1439,2,8.90000000867,12.175163674925592,3.275163666255592,Brazil
1440,2,10.7055556509,13.78884210724452,3.0832864563445206,Brazil
1441,2,8.53846161182,12.428249015920581,3.8897874041005807,Brazil
1442,2,10.8333333333,13.629423968836065,2.796090635536064,Brazil
1443,2,5.59999995232,11.711966789038243,6.111966836718243,Brazil
1444,2,11.4700000763,14.91320856317045,3.44320848687045,Brazil
1445,2,10.4749999046,11.225468870804836,0.7504689662048349,Brazil
1446,2,9.0,12.367688002652079,3.367688002652079,Brazil
1447,2,8.5,13.306492799225914,4.806492799225914,Brazil
1448,2,8.0876923341,13.487134139327555,5.399441805227555,Brazil
1449,2,8.60000038147,13.039742348879479,4.4397419674094785,Brazil
1450,2,11.6000003815,10.79085409412065,0.8091462873793489,Brazil
1451,2,5.70645158522,9.875282819616121,4.168831234396121,Brazil
1452,2,9.72142853056,10.304620136383681,0.5831916058236803,Brazil
1453,2,8.60000038147,12.697365201395964,4.097364819925964,Brazil
1454,2,9.30000019073,10.642546013723312,1.342545822993312,Brazil
1455,2,6.88749992847,9.752617344562886,2.865117416092886,Brazil
1456,2,5.92727275328,10.73605761833536,4.808784865055361,Brazil
1457,2,7.85263154381,13.728982100508722,5.876350556698721,Brazil
1458,2,10.8000001907,13.1182270631969,2.318226872496899,Brazil
1459,2,11.295000124,10.656169597382757,0.6388305266172427,Brazil
1460,2,6.33333317439,12.695458073900806,6.362124899510806,Brazil
1461,2,8.32500004768,13.534013509921524,5.209013462241524,Brazil
1462,2,8.5166665713,11.666523990171587,3.149857418871587,Brazil
1463,2,9.14444446564,13.1958831628694,4.0514386972294005,Brazil
1464,2,6.52142865317,12.423985474477202,5.902556821307202,Brazil
1465,2,5.44285719735,10.41346341708195,4.970606219731949,Brazil
1466,2,10.0500000318,9.541789577710304,0.5082104540896957,Brazil
1467,2,7.96000013351,11.291808697147514,3.331808563637514,Brazil
1468,2,7.4833334287,11.161710639929883,3.6783772112298827,Brazil
1469,2,8.80000019073,13.721799104978517,4.921798914248518,Brazil
1470,2,6.18125006557,9.629712990702862,3.448462925132862,Brazil
1471,2,7.95000004768,13.045694802349772,5.095694754669772,Brazil
1472,2,5.7066666921,10.459939769459105,4.753273077359105,Brazil
1473,2,11.1000003815,10.542251404718797,0.5577489767812018,Brazil
1474,2,5.4375,12.164767338110877,6.727267338110877,Brazil
1475,2,7.74999988079,11.402721601782076,3.6527217209920764,Brazil
1476,2,9.0428571701,10.660171237232856,1.617314067132856,Brazil
1477,2,6.51538467407,12.742348553774537,6.226963879704537,Brazil
1478,2,10.6000000636,10.968814575572148,0.36881451197214865,Brazil
1479,2,11.7333332698,11.733986766786636,0.0006534969866365259,Brazil
1480,2,8.89999961853,11.439143210125014,2.539143591595014,Brazil
1481,2,12.0407407195,10.738824710213715,1.3019160092862858,Brazil
1482,2,5.77499991655,12.393725637285883,6.618725720735883,Brazil
1483,2,10.6500000954,10.956865044213654,0.30686494881365434,Brazil
1484,2,8.38124990463,10.268448774347569,1.8871988697175688,Brazil
1485,2,8.42500007153,12.663416402185394,4.238416330655394,Brazil
1486,2,11.0,11.431130556631084,0.4311305566310839,Brazil
1487,2,7.90000009537,10.443864244409612,2.543864149039612,Brazil
1488,2,8.01249992847,13.21454019940162,5.2020402709316205,Brazil
1489,2,11.3157893733,11.099771092853263,0.2160182804467361,Brazil
1490,2,7.30000003179,12.830139824660277,5.530139792870277,Brazil
1491,2,6.56666676203,12.909894552917304,6.343227790887305,Brazil
1492,2,8.18181839856,9.97276562405402,1.790947225494019,Brazil
1493,2,8.60000038147,11.402047441360432,2.802047059890432,Brazil
1494,2,9.11666663488,11.632453391055186,2.5157867561751868,Brazil
1495,2,8.71428585052,13.602932077447086,4.8886462269270865,Brazil
1496,2,5.78888887829,10.355654593373277,4.566765715083277,Brazil
1497,2,8.36999988556,11.275928803819337,2.9059289182593364,Brazil
1498,2,7.65000009537,13.115852135223058,5.465852039853058,Brazil
1499,2,7.20454543287,11.767892788870931,4.563347356000931,Brazil
1500,2,9.0,10.52937706715816,1.5293770671581601,Brazil
1501,2,8.23846142109,10.439131205953585,2.200669784863585,Brazil
1502,2,8.04999983311,12.115061424602557,4.065061591492556,Brazil
1503,2,7.20000002934,13.978995703130073,6.778995673790073,Brazil
1504,2,8.36666647593,12.138615664797541,3.7719491888675414,Brazil
1505,2,8.48888895247,13.033143259333883,4.544254306863882,Brazil
1506,2,8.74166663488,11.720015588691073,2.9783489538110732,Brazil
1507,2,10.7999999707,10.514065454372062,0.28593451632793787,Brazil
1508,2,8.625,13.711833960009688,5.086833960009688,Brazil
1509,2,10.6500000954,12.244539308555087,1.5945392131550875,Brazil
1510,2,9.05714287077,11.279028653922769,2.221885783152768,Brazil
1511,2,12.0749998093,13.184635131643844,1.1096353223438449,Brazil
1512,2,10.5,10.85427479353823,0.3542747935382309,Brazil
1513,2,10.8142856189,13.128751632731824,2.314466013831824,Brazil
1514,2,8.70000012716,11.58916764139833,2.8891675142383306,Brazil
1515,2,7.6,12.625392380323522,5.025392380323522,Brazil
1516,2,7.80000019073,11.350109127440025,3.550108936710025,Brazil
1517,2,5.77692310627,9.983519733123888,4.206596626853888,Brazil
1518,2,6.91829268525,13.738988807318389,6.820696122068389,Brazil
1519,2,6.47777779897,11.885423030433778,5.4076452314637775,Brazil
1520,2,10.4388888677,10.954996018607867,0.5161071509078674,Brazil
1521,2,10.3714286259,11.544014021410558,1.1725853955105574,Brazil
1522,2,9.24500002861,10.529711855674268,1.2847118270642675,Brazil
1523,2,8.6714286123,11.134486614978385,2.4630580026783857,Brazil
1524,2,8.2,12.26296218056046,4.062962180560461,Brazil
1525,2,9.08571415856,11.673704465795259,2.587990307235259,Brazil
1526,2,10.226315674,9.349018293216707,0.8772973807832933,Brazil
1527,2,10.1000003815,12.367299812186367,2.267299430686368,Brazil
1528,2,8.79999987284,10.617117818858386,1.817117946018385,Brazil
1529,2,7.97500002384,9.162386819823817,1.1873867959838176,Brazil
1530,2,8.67818181298,10.60305920880608,1.9248773958260799,Brazil
1531,2,7.38888888889,10.746032882675758,3.3571439937857575,Brazil
1532,2,6.25,11.771926285768128,5.521926285768128,Brazil
1533,2,8.03333361944,13.355660214393483,5.322326594953482,Brazil
1534,2,7.02499997616,12.104528956893404,5.079528980733404,Brazil
1535,2,9.8428572246,9.817732548882288,0.025124675717711042,Brazil
1536,2,6.21428571429,10.0070033516531,3.7927176373631006,Brazil
1537,2,9.55999984741,11.055588104541734,1.4955882571317343,Brazil
1538,2,7.84000005722,13.120991768515372,5.280991711295372,Brazil
1539,2,10.3666664759,11.886302007284153,1.5196355313841519,Brazil
1540,2,10.4249999523,13.41725087954272,2.9922509272427202,Brazil
1541,2,11.0,10.697120745283456,0.30287925471654376,Brazil
1542,2,8.21666661898,12.691838358858796,4.475171739878796,Brazil
1543,2,7.40000009537,12.929938879116328,5.529938783746328,Brazil
1544,2,8.69999999266,11.208803052821875,2.508803060161874,Brazil
1545,2,6.11250007153,10.543175524662827,4.430675453132826,Brazil
1546,2,6.31428568704,10.308012985581525,3.9937272985415255,Brazil
1547,2,8.66285715103,11.635250674389141,2.972393523359141,Brazil
1548,2,11.3666667938,9.46947249507835,1.8971942987216508,Brazil
1549,2,8.52499997616,11.033529191196902,2.5085292150369014,Brazil
1550,2,5.08571434021,11.99507502422579,6.909360684015789,Brazil
1551,2,9.95909088308,12.627704868904981,2.6686139858249813,Brazil
1552,2,7.35000002384,12.061471685571842,4.711471661731842,Brazil
1553,2,8.79999991826,11.450780118646541,2.650780200386542,Brazil
1554,2,11.4374998808,12.785446080471836,1.347946199671835,Brazil
1555,2,5.93333333333,11.607606793819294,5.674273460489293,Brazil
1556,2,7.03999996185,9.834363714977663,2.794363753127662,Brazil
1557,2,8.38235299727,12.535073787468601,4.1527207901986,Brazil
1558,2,6.46800003052,14.151295772703369,7.683295742183369,Brazil
1559,2,8.59499998093,10.145924117615957,1.550924136685957,Brazil
1560,2,9.33999977112,10.840271844605535,1.5002720734855348,Brazil
1561,2,7.01999988556,10.747838829572022,3.7278389440120216,Brazil
1562,2,8.82500004768,10.245718013240811,1.4207179655608115,Brazil
1563,2,8.16000003815,11.470973713094946,3.310973674944945,Brazil
1564,2,7.93999996185,12.381492828483832,4.4414928666338325,Brazil
1565,2,5.38333328565,9.496497076056245,4.1131637904062455,Brazil
1566,2,7.30000001734,11.798071790200133,4.498071772860133,Brazil
1567,2,10.7428571156,12.094631922409732,1.3517748068097326,Brazil
1568,2,10.9666668574,11.2785387808383,0.31187192343830006,Brazil
1569,2,9.45833333333,10.08552221538714,0.6271888820571405,Brazil
1570,2,8.10000004768,12.4981716409163,4.398171593236301,Brazil
1571,2,10.4333333174,9.995971358201928,0.4373619591980731,Brazil
1572,2,5.49473682203,9.613774537726734,4.1190377156967335,Brazil
1573,2,9.51304356948,10.448434330566563,0.9353907610865626,Brazil
1574,2,6.4,9.941240000863228,3.541240000863228,Brazil
1575,2,8.17999997139,8.721035667773538,0.5410356963835383,Brazil
1576,2,6.8749999702,10.97669687089718,4.10169690069718,Brazil
1577,2,9.1999999455,12.815053673926151,3.615053728426151,Brazil
1578,2,11.0818181471,9.949393218543008,1.1324249285569916,Brazil
1579,2,9.5,9.315357856501283,0.1846421434987171,Brazil
1580,2,5.82903228268,13.548252394273637,7.719220111593637,Brazil
1581,2,9.60000038147,13.1052623215004,3.5052619400303993,Brazil
1582,2,9.5,11.754942423604422,2.2549424236044224,Brazil
1583,2,9.19999980927,9.860470815185343,0.6604710059153422,Brazil
1584,2,8.28000011444,12.37864785770155,4.09864774326155,Brazil
1585,2,11.3999998569,11.419195218175265,0.019195361275265554,Brazil
1586,2,8.85714299338,12.361512463361803,3.5043694699818033,Brazil
1587,2,11.4666665395,13.021099189991547,1.554432650491547,Brazil
1588,2,8.90000025431,13.327163577820329,4.42716332351033,Brazil
1589,2,10.6599998474,10.841450056023977,0.18145020862397665,Brazil
1590,2,8.97499990463,9.413927973286167,0.4389280686561676,Brazil
1591,2,10.6250001192,10.46310279680199,0.16189732239800847,Brazil
1592,2,6.89000005722,11.627493089239138,4.737493032019138,Brazil
1593,2,6.21666661898,11.986774446396552,5.7701078274165525,Brazil
1594,2,11.2000002861,14.413740319671911,3.213740033571911,Brazil
1595,2,11.0,10.926746448848078,0.07325355115192167,Brazil
1596,2,5.34666670163,10.176706578335155,4.830039876705155,Brazil
1597,2,11.1000003815,9.608410003244135,1.4915903782558644,Brazil
1598,2,8.49230788304,12.552761773604658,4.060453890564657,Brazil
1599,2,5.68695655076,12.611895572400593,6.9249390216405935,Brazil
1600,2,8.13333352407,9.425483161803562,1.2921496377335622,Brazil
1601,2,5.60000004768,10.835008497691256,5.2350084500112555,Brazil
1602,2,5.34499995708,10.134661362936175,4.789661405856175,Brazil
1603,2,10.8666664759,9.802702825697594,1.0639636502024068,Brazil
1604,2,7.96666669846,10.681727382170182,2.715060683710182,Brazil
1605,2,10.6166667144,12.881262275631935,2.2645955612319337,Brazil
1606,2,11.9249999523,12.976105138890606,1.0511051865906058,Brazil
1607,2,10.8000001907,10.52962841483171,0.2703717758682913,Brazil
1608,2,11.1000000636,12.896795954610868,1.7967958910108681,Brazil
1609,2,7.19230765563,9.939559286618701,2.7472516309887016,Brazil
1610,2,6.75789472178,11.70967463324327,4.951779911463271,Brazil
1611,2,5.73999996185,10.280062595360302,4.540062633510303,Brazil
1612,2,10.0499999523,10.244869254999536,0.1948693026995354,Brazil
1613,2,11.7999999523,12.814568232830187,1.0145682805301863,Brazil
1614,2,7.90000009537,11.83991830099409,3.939918205624089,Brazil
1615,2,6.57500004768,10.118252799068149,3.543252751388149,Brazil
1616,2,10.875,10.182948068033788,0.692051931966212,Brazil
1617,2,9.98333326976,8.768100977663606,1.2152322920963936,Brazil
1618,2,8.75000011921,12.62406607677123,3.87406595756123,Brazil
1619,2,9.02500021458,11.200485139571843,2.175484924991842,Brazil
1620,2,9.15000009537,10.656670000507852,1.5066699051378514,Brazil
1621,2,11.0500000318,10.4327893974306,0.6172106343693997,Brazil
1622,2,6.77000002861,11.628269437882706,4.8582694092727055,Brazil
1623,2,8.53749990463,12.11105783103421,3.5735579264042094,Brazil
1624,2,6.09999996821,11.187397653591876,5.087397685381877,Brazil
1625,2,7.34999990463,11.760855733960137,4.410855829330137,Brazil
1626,2,7.05999999046,9.597166823384486,2.537166832924486,Brazil
1627,2,9.1,11.580580779281071,2.4805807792810715,Brazil
1628,2,11.4749999642,12.272468060746883,0.7974680965468828,Brazil
1629,2,10.7363635843,13.214449714548879,2.4780861302488795,Brazil
1630,2,11.5499997139,10.68542594703731,0.8645737668626907,Brazil
1631,2,11.7499998808,10.849163517733345,0.9008363630666558,Brazil
1632,2,6.56842111286,10.501132459626785,3.9327113467667845,Brazil
1633,2,11.5,11.49754196335233,0.002458036647670525,Brazil
1634,2,7.32200000763,13.510181296381713,6.188181288751713,Brazil
1635,2,11.8545455066,13.211448425949659,1.3569029193496593,Brazil
1636,2,5.30416665475,9.483451861547984,4.179285206797983,Brazil
1637,2,11.0166665713,10.830979777656362,0.18568679364363838,Brazil
1638,2,10.8599999428,10.787420882292901,0.07257906050709906,Brazil
1639,2,7.83333337307,10.436130721864526,2.6027973487945255,Brazil
1640,2,6.63636367971,10.504493853218818,3.8681301735088187,Brazil
1641,2,6.86666671435,10.432404874053645,3.5657381597036455,Brazil
1642,2,5.88333336512,11.752807983709786,5.869474618589786,Brazil
1643,2,9.73333326976,11.151761111200805,1.4184278414408062,Brazil
1644,2,9.66470600577,12.778117267395576,3.1134112616255756,Brazil
1645,2,10.7388888995,12.63709927161715,1.8982103721171502,Brazil
1646,2,9.69999980927,11.201249399850715,1.5012495905807146,Brazil
1647,2,9.66666666667,12.523530565408723,2.856863898738723,Brazil
1648,2,11.3333333333,11.725280658141823,0.3919473248418228,Brazil
1649,2,10.8749998808,9.8506652606169,1.024334620183101,Brazil
1650,2,7.33636370572,10.939924292070955,3.603560586350955,Brazil
1651,2,8.76666673024,13.332095862545204,4.565429132305203,Brazil
1652,2,10.6500000954,12.563481226149605,1.9134811307496058,Brazil
1653,2,7.05714287077,10.604694313363208,3.5475514425932078,Brazil
1654,2,5.81333332062,11.35808659727125,5.5447532766512495,Brazil
1655,2,6.85961535344,11.515917692634313,4.656302339194313,Brazil
1656,2,11.5428573063,10.92745110887211,0.615406197427891,Brazil
1657,2,11.5999999046,12.89377853813342,1.2937786335334192,Brazil
1658,2,5.70000004768,11.26391342808433,5.56391338040433,Brazil
1659,2,11.0499997139,10.831487503764967,0.2185122101350334,Brazil
1660,2,9.66666666667,12.111485629000697,2.4448189623306966,Brazil
1661,2,10.0,12.67586374545727,2.6758637454572707,Brazil
1662,2,10.5,11.757522062140591,1.2575220621405911,Brazil
1663,2,7.40476195774,11.412826076759488,4.008064119019489,Brazil
1664,2,11.5499997139,10.534167186431738,1.0158325274682625,Brazil
1665,2,9.19999980927,13.251913066849873,4.051913257579873,Brazil
1666,2,5.58000001907,10.965300156450153,5.3853001373801535,Brazil
1667,2,10.1500000954,9.628950563833365,0.5210495315666339,Brazil
1668,2,7.21000003815,12.006844978685026,4.796844940535026,Brazil
1669,2,10.6500000954,11.141644646896907,0.49164455149690767,Brazil
1670,2,7.5,14.508191900250083,7.0081919002500825,Brazil
1671,2,11.5,9.560224814308675,1.9397751856913246,Brazil
1672,2,10.1999998093,10.137802336403166,0.06219747289683397,Brazil
1673,2,9.86000003815,11.92574916451465,2.0657491263646506,Brazil
1674,2,10.0,12.486192752380934,2.4861927523809335,Brazil
1675,2,10.7600000381,10.801115103035816,0.04111506493581629,Brazil
1676,2,9.19999980927,12.406860555629368,3.206860746359368,Brazil
1677,2,10.2000000477,10.751324646673527,0.5513245989735278,Brazil
1678,2,7.94444447094,10.004158347576153,2.0597138766361534,Brazil
1679,2,5.27499994636,10.490168458541064,5.215168512181063,Brazil
1680,2,10.3000000715,13.07586454926266,2.77586447776266,Brazil
1681,2,6.41414141896,12.422974804532766,6.008833385572766,Brazil
1682,2,5.95000004768,10.677470374333009,4.727470326653009,Brazil
1683,2,5.8333332936,11.304935131444632,5.471601837844632,Brazil
1684,2,12.1000001907,11.114705049564968,0.9852951411350315,Brazil
1685,2,10.9399999619,11.751320862039535,0.8113209001395347,Brazil
1686,2,11.3000001907,12.477870784394042,1.177870593694042,Brazil
1687,2,8.60000038147,15.877859055344398,7.277858673874398,Brazil
1688,2,5.91333332062,10.065570518128279,4.1522371975082795,Brazil
1689,2,10.9800001144,10.069780689493392,0.9102194249066073,Brazil
1690,2,7.29999997399,12.868988834192955,5.568988860202954,Brazil
1691,2,7.78888887829,12.372939115457246,4.584050237167246,Brazil
1692,2,6.44545455412,10.818555352458034,4.373100798338034,Brazil
1693,2,7.5769231136,12.81394305290791,5.237019939307909,Brazil
1694,2,5.5,10.353467475580544,4.853467475580544,Brazil
1695,2,11.5500001907,11.315245674297046,0.23475451640295475,Brazil
1696,2,8.17500030994,11.000268780139514,2.8252684701995143,Brazil
1697,2,11.2285712106,12.291039078625564,1.0624678680255641,Brazil
1698,2,7.28000001907,14.469476900706333,7.189476881636333,Brazil
1699,2,10.2666664124,12.2042412606092,1.9375748482092003,Brazil
1700,2,11.0,11.575715753159532,0.5757157531595318,Brazil
1701,2,9.10000038147,13.086506708269546,3.986506326799546,Brazil
1702,2,10.5,11.942023001649847,1.4420230016498472,Brazil
1703,2,6.9529411933,10.017386595087466,3.0644454017874656,Brazil
1704,2,10.7777777778,13.4865547546177,2.708776976817699,Brazil
1705,2,9.37200004578,10.17149105768491,0.7994910119049106,Brazil
1706,2,10.1285713741,11.310386943006312,1.1818155689063126,Brazil
1707,2,7.94999980927,13.063792549076839,5.113792739806838,Brazil
1708,2,8.2999997139,13.28760604375642,4.987606329856419,Brazil
1709,2,6.89999997616,10.634145355895702,3.7341453797357023,Brazil
1710,2,7.32666667302,13.049764747879554,5.7230980748595535,Brazil
1711,2,6.71249997616,10.64190654965157,3.929406573491569,Brazil
1712,2,5.79999998638,10.424586625320824,4.624586638940825,Brazil
1713,2,6.78333330154,13.958944536156878,7.175611234616878,Brazil
1714,2,10.6600000381,9.421411701271168,1.2385883368288315,Brazil
1715,2,8.14285721098,10.026466376277511,1.8836091652975107,Brazil
1716,2,11.5333334605,10.368007767904022,1.165325692595978,Brazil
1717,2,11.5750000477,9.979652995608733,1.5953470520912667,Brazil
1718,2,11.3000001907,12.980962786815423,1.6809625961154229,Brazil
1719,2,9.10000009537,10.616122221577005,1.516122126207005,Brazil
1720,2,10.1666666667,11.352148058948579,1.1854813922485796,Brazil
1721,2,9.0499997139,12.290450764560157,3.240451050660157,Brazil
1722,2,7.27142851693,13.92990728990614,6.65847877297614,Brazil
1723,2,8.09354835941,12.910082364450151,4.81653400504015,Brazil
1724,2,9.96666653951,9.526862995401242,0.43980354410875755,Brazil
1725,2,6.40400001526,11.617486551687982,5.213486536427982,Brazil
1726,2,9.14000015259,10.118781199068561,0.9787810464785611,Brazil
1727,2,6.07857141041,12.349139381480422,6.270567971070421,Brazil
1728,2,8.55000019073,10.842669442300185,2.292669251570185,Brazil
1729,2,10.6000003815,10.475948609499113,0.12405177200088602,Brazil
1730,2,9.83333333333,10.314991588125626,0.48165825479562585,Brazil
1731,2,9.68500003815,10.218706496540591,0.5337064583905917,Brazil
1732,2,9.0904761269,13.332985667829217,4.242509540929216,Brazil
1733,2,11.1999998093,11.669965369884228,0.4699655605842281,Brazil
1734,2,8.39999961853,9.606831904788763,1.2068322862587628,Brazil
1735,2,9.47499990463,11.929303358920272,2.4543034542902724,Brazil
1736,2,9.82222239176,9.979354775398633,0.1571323836386327,Brazil
1737,2,8.4500002861,10.707226223152123,2.257225937052123,Brazil
1738,2,11.2999997139,12.278899823489578,0.9789001095895777,Brazil
1739,2,9.83333333333,12.393354493122352,2.5600211597923526,Brazil
1740,2,8.35000014305,11.988447460428983,3.638447317378983,Brazil
1741,2,11.2285713468,12.416197008326767,1.1876256615267664,Brazil
1742,2,11.75,9.934552877528446,1.8154471224715536,Brazil
1743,2,8.98749995232,12.937382314325603,3.949882362005603,Brazil
1744,2,10.8000001907,11.905432975563562,1.1054327848635612,Brazil
1745,2,9.44285692487,11.04937974091499,1.6065228160449898,Brazil
1746,2,8.4,13.143979226129268,4.743979226129268,Brazil
1747,2,8.90000009537,10.314603443130032,1.414603347760032,Brazil
1748,2,8.75,10.70727770577288,1.9572777057728796,Brazil
1749,2,10.6818181818,10.10997914083055,0.5718390409694507,Brazil
1750,2,9.18333323797,13.660235033671027,4.476901795701027,Brazil
1751,2,11.25,12.238404552912046,0.988404552912046,Brazil
1752,2,8.68333339691,11.15528895248771,2.4719555555777113,Brazil
1753,2,10.3000001907,10.795544788787168,0.495544598087168,Brazil
1754,2,11.1000003815,12.079572760239268,0.9795723787392685,Brazil
1755,2,9.32307690841,12.429579147555211,3.106502239145211,Brazil
1756,2,10.0714287077,12.707597353579072,2.6361686458790707,Brazil
1757,2,11.600000109,10.293134472349433,1.306865636650567,Brazil
1758,2,8.98000011444,10.86908769060149,1.88908757616149,Brazil
1759,2,11.1727273247,12.221657056529807,1.0489297318298068,Brazil
1760,2,8.97499990463,11.622341077246736,2.647341172616736,Brazil
1761,2,11.3192308132,10.261528087284315,1.0577027259156857,Brazil
1762,2,11.1999998093,12.198756705006112,0.9987568957061121,Brazil
1763,2,10.5428571701,11.997302465240999,1.4544452951409994,Brazil
1764,2,12.5500000318,10.866595103781787,1.6834049280182128,Brazil
1765,2,8.38333320618,11.06861049544489,2.6852772892648904,Brazil
1766,2,8.66249990463,10.880080246256941,2.2175803416269417,Brazil
1767,2,11.1000000636,10.939736292678479,0.1602637709215209,Brazil
1768,2,9.18571431296,11.111213651794206,1.9254993388342054,Brazil
1769,2,9.25000023842,11.32229463931883,2.07229440089883,Brazil
1770,2,11.8428572246,12.212151563819546,0.3692943392195467,Brazil
1771,2,9.95833317439,14.587292718510813,4.6289595441208125,Brazil
1772,2,9.16000003815,11.952513299785666,2.7925132616356656,Brazil
1773,2,11.25,10.48406805805425,0.76593194194575,Brazil
1774,2,11.6666666667,9.969168011305946,1.6974986553940532,Brazil
1775,2,10.5999999046,12.138233988206483,1.5382340836064827,Brazil
1776,2,11.4500001272,10.904479822267838,0.5455203049321611,Brazil
1777,2,10.8619046892,10.45130283535769,0.41060185384230863,Brazil
1778,2,8.70000008174,12.059213391083485,3.3592133093434846,Brazil
1779,2,10.9799999237,10.899326164678225,0.08067375902177432,Brazil
1780,2,10.0333331426,12.17352885613279,2.1401957135327905,Brazil
1781,2,10.1399999619,11.664272348533284,1.5242723866332852,Brazil
1782,2,9.0,10.26251174356491,1.2625117435649091,Brazil
1783,2,10.3999996185,15.52382421614503,5.123824597645029,Brazil
1784,2,8.15000009537,12.626620209949952,4.476620114579951,Brazil
1785,2,11.7199998856,11.128410670318807,0.5915892152811928,Brazil
1786,2,10.8999996185,13.881823643734483,2.9818240252344825,Brazil
1787,2,8.80000019073,11.735083729872681,2.9350835391426813,Brazil
1788,2,11.3999996185,12.361180057949639,0.9611804394496382,Brazil
1789,2,11.5333334605,13.094743582316047,1.5614101218160474,Brazil
1790,2,12.2000001272,12.541081221668124,0.34108109446812485,Brazil
1791,2,10.6399999142,10.172255362320225,0.46774455187977537,Brazil
1792,2,8.69999980927,12.31221590077815,3.6122160915081505,Brazil
1793,2,12.1999998093,9.775895854525615,2.4241039547743846,Brazil
1794,2,10.3999996185,12.254354057491778,1.854354438991777,Brazil
1795,2,11.8599998474,12.73129095753857,0.8712911101385714,Brazil
1796,2,10.5,12.001307734840516,1.5013077348405162,Brazil
1797,2,12.0500000715,10.336259608185186,1.7137404633148137,Brazil
1798,2,10.0,13.151676549405623,3.1516765494056234,Brazil
1799,2,10.8428572246,12.01844719194605,1.1755899673460508,Brazil
1800,2,11.0333334605,13.173402084257534,2.140068623757534,Brazil
1801,2,10.3250000477,10.733445785512803,0.40844573781280324,Brazil
1802,2,7.36666679382,10.365143412469715,2.9984766186497147,Brazil
1803,2,9.30000006358,12.666153887485777,3.366153823905776,Brazil
1804,2,9.64000005722,11.483232987017686,1.8432329297976864,Brazil
1805,2,10.6896551724,12.113295530354367,1.4236403579543673,Brazil
1806,2,10.685714313,10.433338731358628,0.2523755816413722,Brazil
1807,2,8.69999980927,11.500030123080492,2.800030313810492,Brazil
1808,2,12.0500001907,12.827792793439816,0.7777926027398152,Brazil
1809,2,11.1285713741,10.391445733201175,0.7371256408988245,Brazil
1810,2,8.78333330154,9.81718620368239,1.0338529021423888,Brazil
1811,2,11.4750000636,12.060647632835805,0.585647569235805,Brazil
1812,2,9.0499997139,12.020106259211097,2.970106545311097,Brazil
1813,2,10.1500000954,15.024534963656432,4.874534868256433,Brazil
1814,2,11.5249998569,11.72719175305773,0.20219189615773026,Brazil
1815,2,10.4214285442,10.469581186891368,0.04815264269136854,Brazil
1816,2,11.4799999237,10.952091734701705,0.5279081889982944,Brazil
1817,2,9.47142873492,11.461516328491719,1.9900875935717188,Brazil
1818,2,12.0166665713,12.404834741325352,0.3881681700253523,Brazil
1819,2,9.99999986376,9.31441438118747,0.6855854825725292,Brazil
1820,2,9.73999977112,11.558386249668139,1.8183864785481383,Brazil
1821,2,9.65333328247,9.947102859815004,0.29376957734500486,Brazil
1822,2,9.01428563254,13.020227167876957,4.005941535336957,Brazil
1823,2,9.28571455819,12.746158010272167,3.460443452082167,Brazil
1824,2,9.0499997139,12.036888631095726,2.986888917195726,Brazil
1825,2,8.5,11.494166133174154,2.9941661331741543,Brazil
1826,2,8.91428565979,12.020257301039466,3.1059716412494662,Brazil
1827,2,8.96249997616,12.623302116492928,3.660802140332928,Brazil
1828,2,9.88333320618,10.907793417630828,1.0244602114508279,Brazil
1829,2,12.0166667302,10.144552519056123,1.8721142111438773,Brazil
1830,2,10.1000003815,14.918340603737406,4.818340222237406,Brazil
1831,2,10.2750000954,12.231341252771228,1.956341157371229,Brazil
1832,2,10.0600000381,10.665433734540573,0.6054336964405724,Brazil
1833,2,11.0999999046,10.368699071742395,0.731300832857606,Brazil
1834,2,10.816666762,13.189979194962964,2.3733124329629636,Brazil
1835,2,8.53333324856,10.672431432431178,2.1390981838711784,Brazil
1836,2,11.3999996185,10.797153146099285,0.6028464724007154,Brazil
1837,2,8.72000007629,10.663965969070546,1.943965892780545,Brazil
1838,2,10.5249998569,9.973949216563291,0.5510506403367081,Brazil
1839,2,10.7399999619,12.21039369859889,1.47039373669889,Brazil
1840,2,8.5,10.779411641338887,2.2794116413388874,Brazil
1841,2,10.2125000954,9.932091782770888,0.2804083126291115,Brazil
1842,2,11.8285714558,9.981765518763961,1.8468059370360397,Brazil
1843,2,10.2304347494,10.021415785322183,0.20901896407781706,Brazil
1844,2,11.1000000636,10.220687141580651,0.8793129220193485,Brazil
1845,2,10.5,11.945628084424524,1.4456280844245235,Brazil
1846,2,12.0,12.675982226989126,0.6759822269891256,Brazil
1847,2,8.2000002861,12.462805594340592,4.262805308240592,Brazil
1848,2,11.9666665395,12.567353801584566,0.6006872620845662,Brazil
1849,2,10.5111110475,11.242441155451381,0.731330107951381,Brazil
1850,2,11.0833333333,10.053700687876919,1.0296326454230815,Brazil
1851,2,9.67999973297,11.7939925794547,2.1139928464847006,Brazil
1852,2,10.1499996185,12.048605616061126,1.8986059975611251,Brazil
1853,2,10.1999998093,13.2208082392137,3.0208084299137,Brazil
1854,2,10.5,10.192707791637535,0.3072922083624654,Brazil
1855,2,9.55000019073,11.722117349032288,2.1721171583022887,Brazil
1856,2,10.5,12.501348552884508,2.001348552884508,Brazil
1857,2,9.84999990463,11.578631618306346,1.7286317136763465,Brazil
1858,2,9.83333333333,11.09763095039095,1.2642976170609508,Brazil
1859,2,9.35789479707,11.477910028578737,2.120015231508738,Brazil
1860,2,11.1200000763,12.111917251882629,0.9919171755826284,Brazil
1861,2,10.8461539195,13.096391926668058,2.2502380071680577,Brazil
1862,2,9.80000019073,9.623570533253838,0.17642965747616124,Brazil
1863,2,10.4099999428,12.569295910783108,2.159295967983107,Brazil
1864,2,8.45000004768,9.878007083168153,1.4280070354881538,Brazil
1865,2,10.0499999523,12.460606802267364,2.4106068499673636,Brazil
1866,2,12.2000002861,12.450940052573728,0.25093976647372784,Brazil
1867,2,10.1857141767,12.532438925918132,2.346724749218133,Brazil
1868,2,9.0,10.987706466647872,1.9877064666478717,Brazil
1869,2,8.69999980927,11.12740414358761,2.4274043343176093,Brazil
1870,2,8.67999992371,12.358865761762004,3.6788658380520047,Brazil
1871,2,9.75714274815,10.985949325037875,1.2288065768878749,Brazil
1872,2,11.1499999762,10.50511201868138,0.6448879575186197,Brazil
1873,2,10.1500000954,11.90256175168004,1.7525616562800401,Brazil
1874,2,11.3346153773,10.200018566113494,1.1345968111865066,Brazil
1875,2,9.33999977112,12.764518699549146,3.424518928429146,Brazil
1876,2,10.8000001907,11.327925561998587,0.5279253712985863,Brazil
1877,2,12.3000001907,12.523515197497812,0.2235150067978111,Brazil
1878,2,9.92857142857,10.609411333144305,0.6808399045743041,Brazil
1879,2,8.74545435472,13.081258990244928,4.335804635524928,Brazil
1880,2,9.36666679382,10.44687954595843,1.0802127521384293,Brazil
1881,2,11.9971429007,12.301472574429773,0.3043296737297734,Brazil
1882,2,11.0857143402,12.277549687506593,1.1918353473065935,Brazil
1883,2,8.88750016689,12.571235051173932,3.6837348842839326,Brazil
1884,2,11.2333332698,13.350119890354733,2.116786620554734,Brazil
1885,2,10.0500001907,10.236312595904241,0.18631240520424086,Brazil
1886,2,9.93333339691,12.029722031529626,2.096388634619627,Brazil
1887,2,10.6999998093,10.979060146060956,0.2790603367609563,Brazil
1888,2,10.8874999285,12.468553983853198,1.5810540553531975,Brazil
1889,2,10.7333332698,10.219829344992968,0.513503924807031,Brazil
1890,2,11.7882352717,13.135189494508118,1.3469542228081188,Brazil
1891,2,10.2461538315,10.060583798339803,0.1855700331601966,Brazil
1892,2,9.26250004768,10.190619679410188,0.9281196317301887,Brazil
1893,2,11.4882353614,10.40098273301452,1.08725262838548,Brazil
1894,2,8.29999987284,10.47082334657712,2.1708234737371193,Brazil
1895,2,9.93030311122,12.83445883297357,2.90415572175357,Brazil
1896,2,11.6999998093,12.135383555563779,0.4353837462637795,Brazil
1897,2,10.9333333969,12.088998730290493,1.155665333390493,Brazil
1898,2,9.98571436746,10.200607159195329,0.21489279173532871,Brazil
1899,2,10.5,10.746512017698269,0.2465120176982687,Brazil
1900,2,11.4500000477,13.78445159709483,2.3344515493948297,Brazil
1901,2,8.39999961853,12.021920358251158,3.6219207397211584,Brazil
1902,2,11.0,10.804505049370729,0.19549495062927136,Brazil
1903,2,11.1000003815,12.19383392275018,1.0938335412501807,Brazil
1904,2,11.0199998856,12.905650006346438,1.885650120746437,Brazil
1905,2,12.5999999046,12.985310646658068,0.38531074205806704,Brazil
1906,2,8.67499995232,12.700863186016518,4.025863233696517,Brazil
1907,2,10.8181819049,10.64330246699027,0.1748794379097287,Brazil
1908,2,11.0673912504,14.713711212032095,3.646319961632095,Brazil
1909,2,9.08888891008,13.765961427421434,4.6770725173414345,Brazil
1910,2,8.7000002861,14.611032411639146,5.911032125539146,Brazil
1911,2,8.29999995232,11.611369198146104,3.3113692458261035,Brazil
1912,2,8.28000001907,11.569789978777145,3.2897899597071447,Brazil
1913,2,6.89999993642,11.943015699082878,5.043015762662877,Brazil
1914,2,8.80000019073,12.55914315299222,3.7591429622622208,Brazil
1915,2,5.95000004768,10.411810799810002,4.4618107521300026,Brazil
1916,2,8.75,11.332196162066879,2.5821961620668787,Brazil
1917,2,6.84285712242,11.071466032615565,4.228608910195565,Brazil
1918,2,7.09999990463,12.902265056818988,5.802265152188989,Brazil
1919,2,8.45555559794,13.646919475695153,5.191363877755153,Brazil
1920,2,8.5428571701,12.130982303676436,3.588125133576437,Brazil
1921,2,7.97500002384,13.24355175512769,5.26855173128769,Brazil
1922,2,9.30000019073,14.206114764521685,4.906114573791685,Brazil
1923,2,10.4500002861,10.401267552068433,0.048732734031567304,Brazil
1924,2,7.33750003576,12.710951744488233,5.373451708728233,Brazil
1925,2,5.80000019073,11.02274751764768,5.2227473269176805,Brazil
1926,2,7.51666665077,13.52799928324381,6.01133263247381,Brazil
1927,2,7.92857159887,13.664411103417265,5.735839504547266,Brazil
1928,2,6.38000001907,10.950279956450657,4.570279937380658,Brazil
1929,2,9.84999990463,13.843216996949462,3.993217092319462,Brazil
1930,2,10.8999996185,11.513772878520111,0.6137732600201105,Brazil
1931,2,8.19999985695,10.38776282027581,2.1877629633258096,Brazil
1932,2,11.1500000954,13.087118376780523,1.937118281380524,Brazil
1933,2,8.49047619956,14.851616960354752,6.361140760794752,Brazil
1934,2,6.33333333333,11.655464487815152,5.322131154485152,Brazil
1935,2,7.85000014305,12.165130435922215,4.315130292872215,Brazil
1936,2,9.44999980927,13.707562142333806,4.257562333063806,Brazil
1937,2,5.86666663488,11.076250878966182,5.209584244086182,Brazil
1938,2,6.80000019073,9.855686738715562,3.0556865479855624,Brazil
1939,2,11.5249998569,11.769693574861597,0.24469371796159756,Brazil
1940,2,6.20000004768,11.043080844501455,4.8430807968214555,Brazil
1941,2,11.3000001907,10.854169431624747,0.44583075907525327,Brazil
1942,2,8.26666673024,11.305567151928487,3.0389004216884867,Brazil
1943,2,7.0,12.604108048857569,5.604108048857569,Brazil
1944,2,8.39999961853,11.12169531192246,2.7216956933924603,Brazil
1945,2,11.4199998856,13.480445989719687,2.0604461041196878,Brazil
1946,2,6.66000003815,13.300393560843125,6.640393522693125,Brazil
1947,2,7.85000014305,11.396752442569069,3.546752299519069,Brazil
1948,2,7.5,11.988968095826337,4.488968095826337,Brazil
1949,2,8.56000003815,10.10643573978438,1.5464357016343815,Brazil
1950,2,6.71999999682,12.10282904649543,5.382829049675429,Brazil
1951,2,8.59999990463,13.017013723390974,4.417013818760974,Brazil
1952,2,7.19999980927,6.095050133193801,1.104949676076199,Brazil
1953,2,7.44999980927,10.245858506342078,2.7958586970720773,Brazil
1954,2,7.63333336512,12.52451364993975,4.89118028481975,Brazil
1955,2,8.1999999455,11.420125851059812,3.2201259055598115,Brazil
1956,2,7.84000000954,11.465499288932609,3.625499279392609,Brazil
1957,2,7.96000003815,13.112074495597188,5.152074457447188,Brazil
1958,2,9.91428565979,14.405132290695501,4.4908466309055015,Brazil
1959,2,7.29999983311,12.82701941914549,5.52701958603549,Brazil
1960,2,8.16666678588,13.273244774373724,5.106577988493724,Brazil
1961,2,8.17142854418,13.556059756998891,5.384631212818892,Brazil
1962,2,7.36666663488,11.830279243170926,4.463612608290926,Brazil
1963,2,7.86250007153,10.75880466858349,2.89630459705349,Brazil
1964,2,8.10000006358,13.251977015989269,5.151976952409269,Brazil
1965,2,7.48000001907,10.618597363792269,3.1385973447222684,Brazil
1966,2,7.55999994278,10.681352511763894,3.1213525689838937,Brazil
1967,2,6.79999995232,12.252665603845028,5.452665651525027,Brazil
1968,2,6.73999996185,11.238448352573297,4.498448390723297,Brazil
1969,2,8.67499995232,12.54259932573022,3.8675993734102203,Brazil
1970,2,7.58333341281,10.172292094118847,2.5889586813088465,Brazil
1971,2,7.97500014305,11.536620561816394,3.5616204187663936,Brazil
1972,2,8.00000011921,12.94387190670636,4.943871787496359,Brazil
1973,2,9.25,10.79260208816984,1.54260208816984,Brazil
1974,2,6.75000002384,12.10822800661715,5.35822798277715,Brazil
1975,2,8.00000015895,10.782067898838248,2.782067739888248,Brazil
1976,2,6.125,15.680873008319084,9.555873008319084,Brazil
1977,2,7.31666668256,13.539411701562631,6.222745019002631,Brazil
1978,2,7.10000014305,13.563654528102223,6.463654385052223,Brazil
1979,2,9.25,13.611031804790166,4.361031804790166,Brazil
1980,2,6.06666660309,14.009461618021584,7.942795014931584,Brazil
1981,2,8.29999987284,10.943436799329092,2.643436926489091,Brazil
1982,2,7.77500009537,10.826457390850766,3.051457295480766,Brazil
1983,2,5.79999995232,15.162260157515234,9.362260205195234,Brazil
1984,2,6.30000019073,15.242379316376184,8.942379125646184,Brazil
1985,2,11.3999996185,13.88599839936543,2.4859987808654296,Brazil
1986,2,11.3285714558,12.99537981512867,1.6668083593286696,Brazil
1987,2,12.1692307546,13.588833290420878,1.4196025358208786,Brazil
1988,2,9.68124997616,10.744045922937564,1.0627959467775643,Brazil
1989,2,11.3200000763,12.352267300238463,1.0322672239384634,Brazil
1990,2,11.6999998093,13.058194600750502,1.3581947914505026,Brazil
1991,2,11.7000000817,11.575942530022278,0.1240575516777227,Brazil
1992,2,11.1999998093,9.911499901580338,1.288499907719661,Brazil
1993,2,10.9000001907,10.832004277506355,0.06799591319364495,Brazil
1994,2,8.91818178784,11.309889463001305,2.391707675161305,Brazil
1995,2,7.50833340486,11.12799276044982,3.6196593555898193,Brazil
1996,2,11.4300000191,13.43126883474785,2.001268815647851,Brazil
1997,2,11.5333334605,12.653562472313785,1.1202290118137856,Brazil
1998,2,11.2599999428,18.248994311674284,6.988994368874284,Brazil
1999,2,11.3999996185,12.126835614736288,0.7268359962362876,Brazil
2000,2,12.0300000191,11.93315665186078,0.09684336723921838,Brazil
2001,2,11.5,16.118729175258,4.618729175258,Brazil
2002,2,11.4833332698,10.82795356132478,0.6553797084752198,Brazil
2003,2,11.7565216811,10.491533580460843,1.2649881006391581,Brazil
2004,2,12.7249997854,14.170972568483842,1.4459727830838425,Brazil
2005,2,11.4499998093,13.052072161720968,1.6020723524209686,Brazil
2006,2,12.0599999905,13.51131414541864,1.4513141549186397,Brazil
2007,2,12.5454544588,13.418468580516773,0.8730141217167731,Brazil
2008,2,13.8240000153,13.711579001650605,0.11242101364939394,Brazil
2009,2,11.5,10.657110255639246,0.8428897443607539,Brazil
2010,2,11.6000003815,12.387062172239538,0.7870617907395392,Brazil
2011,2,12.8000000636,13.527855632929793,0.7278555693297921,Brazil
2012,2,9.78333338102,13.817976723124548,4.034643342104548,Brazil
2013,2,11.4199998856,13.404594114982864,1.9845942293828642,Brazil
2014,2,12.6666666667,13.525572039456163,0.8589053727561637,Brazil
2015,2,12.8923077217,12.885716028917921,0.0065916927820790505,Brazil
2016,2,11.3999996185,13.227809585337255,1.827809966837254,Brazil
2017,2,12.0692308132,13.866661274390845,1.797430461190844,Brazil
2018,2,11.3333333333,17.494764654527547,6.161431321227546,Brazil
2019,2,13.7272727273,13.310857061897075,0.4164156654029263,Brazil
2020,2,12.1333333121,12.906051972733218,0.7727186606332186,Brazil
2021,2,11.8000001907,13.709503276300401,1.9095030856004005,Brazil
2022,2,7.09999990463,13.292777223473113,6.192777318843113,Brazil
2023,2,9.06666670905,13.310893941872951,4.244227232822951,Brazil
2024,2,11.9000000954,11.754614149364874,0.145385946035125,Brazil
2025,2,11.1666666667,12.106271745765518,0.9396050790655188,Brazil
2026,2,13.6499999364,13.11796432985222,0.5320356065477796,Brazil
2027,2,11.9736841101,11.89960825634418,0.07407585375582038,Brazil
2028,2,12.3264706135,13.131376066973104,0.8049054534731042,Brazil
2029,2,11.0285713332,13.909892309311637,2.8813209761116365,Brazil
2030,2,11.3499999046,13.848432512051438,2.498432607451438,Brazil
2031,2,11.3000001907,13.402787724545002,2.1027875338450013,Brazil
2032,2,10.0750000477,14.48145277989867,4.4064527321986695,Brazil
2033,2,10.4714285987,12.78479764252371,2.3133690438237107,Brazil
2034,2,10.9428571065,13.044738693701952,2.1018815872019516,Brazil
2035,2,11.6000003815,12.813363278758983,1.2133628972589836,Brazil
2036,2,7.65714297976,13.346022254297253,5.688879274537253,Brazil
2037,2,10.8999996185,13.617062572469255,2.717062953969254,Brazil
2038,2,10.8399999619,13.647053440507097,2.807053478607097,Brazil
2039,2,13.0333334605,13.001485630001973,0.03184783049802675,Brazil
2040,2,10.9064515637,13.468834969509626,2.5623834058096264,Brazil
2041,2,11.4499998093,12.896181684053502,1.4461818747535027,Brazil
2042,2,9.60169491525,12.762070180388694,3.1603752651386934,Brazil
2043,2,10.5,13.56224087134282,3.0622408713428193,Brazil
2044,2,11.0666666031,13.335125330480974,2.268458727380974,Brazil
2045,2,13.8833333121,11.768300371602011,2.115032940497988,Brazil
2046,2,10.9500000477,15.100864532237665,4.150864484537665,Brazil
2047,2,10.9000000954,13.879068958510953,2.979068863110953,Brazil
2048,2,9.75999984741,13.431351795194193,3.671351947784192,Brazil
2049,2,11.9749999046,12.750528357769184,0.7755284531691835,Brazil
2050,2,11.3624999523,12.95692903501937,1.594429082719369,Brazil
2051,2,11.2937499881,12.545114069412405,1.2513640813124045,Brazil
2052,2,10.3826923187,13.070347900467299,2.6876555817672987,Brazil
2053,2,10.9499998093,12.36618191433756,1.41618210503756,Brazil
2054,2,11.2702702703,13.2144870438954,1.9442167735954001,Brazil
2055,2,11.0333334605,12.498868047197298,1.4655345866972986,Brazil
2056,2,11.6000000636,13.038170366580047,1.4381703029800477,Brazil
2057,2,7.36666663488,12.660330395261578,5.293663760381579,Brazil
2058,2,10.8499999046,13.316026476930084,2.466026572330083,Brazil
2059,2,12.2800001144,12.961363557809719,0.6813634434097189,Brazil
2060,2,7.18333323797,10.38747507926744,3.2041418412974405,Brazil
2061,2,12.2592591886,12.762594636906258,0.5033354483062578,Brazil
2062,2,10.8666667938,13.415227196189244,2.548560402389244,Brazil
2063,2,11.9307692601,13.708520900764466,1.7777516406644658,Brazil
2064,2,10.5,13.435292255074891,2.9352922550748914,Brazil
2065,2,11.5625000596,13.359539747551128,1.7970396879511288,Brazil
2066,2,12.0,13.318086313879077,1.3180863138790766,Brazil
2067,2,11.3500001431,13.68666656080115,2.3366664177011494,Brazil
2068,2,7.75161290938,12.9387170640139,5.1871041546339,Brazil
2069,2,8.90408167547,11.504938629943684,2.6008569544736844,Brazil
2070,2,10.5428573063,12.932517120516586,2.3896598142165857,Brazil
2071,2,10.9166665077,12.962582309241142,2.045915801541142,Brazil
2072,2,11.1999998093,12.69222672577855,1.4922269164785504,Brazil
2073,2,11.1000000636,12.916477120658477,1.8164770570584778,Brazil
2074,2,10.591666619,13.911497928097793,3.3198313090977933,Brazil
2075,2,11.3428570884,17.435686564846833,6.092829476446832,Brazil
2076,2,11.5,14.069786165977261,2.569786165977261,Brazil
2077,2,11.4038461538,13.332213737585313,1.9283675837853131,Brazil
2078,2,12.4842105665,13.74867785415244,1.2644672876524403,Brazil
2079,2,13.8285715921,12.481831552455597,1.346740039644402,Brazil
2080,2,11.6000003815,13.364936924028815,1.7649365425288153,Brazil
2081,2,11.2999997139,13.376153921782901,2.076154207882901,Brazil
2082,2,7.33636361902,12.859648665267752,5.523285046247752,Brazil
2083,2,10.875,12.910259690956776,2.035259690956776,Brazil
2084,2,11.0,12.82287751946128,1.8228775194612794,Brazil
2085,2,11.2749998569,14.99463618397,3.719636327070001,Brazil
2086,2,10.5600000381,12.981122773320633,2.4211227352206333,Brazil
2087,2,7.36923074722,12.935512763952804,5.566282016732805,Brazil
2088,2,13.4285711561,12.44699081500367,0.9815803410963309,Brazil
2089,2,11.2299999237,12.872020876936645,1.6420209532366457,Brazil
2090,2,11.3400001526,13.755733750972126,2.4157335983721264,Brazil
2091,2,10.8918918919,12.965043330073184,2.073151438173184,Brazil
2092,2,11.0666666031,13.39554983789768,2.3288832347976793,Brazil
2093,2,12.0000001362,13.072642906621518,1.072642770421517,Brazil
2094,2,11.8999998569,13.041222458849482,1.141222601949483,Brazil
2095,2,11.0846154873,13.893352002264233,2.8087365149642327,Brazil
2096,2,10.6000003815,12.873643923972487,2.273643542472488,Brazil
2097,2,10.8999996185,13.313177508432323,2.4131778899323226,Brazil
2098,2,11.4235294566,11.548702322594139,0.1251728659941378,Brazil
2099,2,11.1000000238,13.335063942515621,2.235063918715621,Brazil
2100,2,12.0421053234,12.944727304031922,0.9026219806319222,Brazil
2101,2,11.25,13.214515158085897,1.9645151580858968,Brazil
2102,2,11.5275862464,11.699116075962454,0.17152982956245388,Brazil
2103,2,11.3000001907,12.792932810755474,1.4929326200554733,Brazil
2104,2,12.9900001049,13.679840443932601,0.6898403390326013,Brazil
2105,2,11.5083333651,13.38098141312635,1.872648048026349,Brazil
2106,2,11.0,13.201991242082139,2.201991242082139,Brazil
2107,2,10.4470587338,13.839395089791521,3.392336355991521,Brazil
2108,2,12.6380952805,12.59068065761035,0.047414622889650815,Brazil
2109,2,12.2,12.811866623327926,0.6118666233279271,Brazil
2110,2,10.6999998093,12.929865838654091,2.229866029354092,Brazil
2111,2,11.5333331426,13.142281206913154,1.6089480643131537,Brazil
2112,2,12.8702702909,13.283315602852703,0.4130453119527022,Brazil
2113,2,10.9250001907,12.453898395549446,1.5288982048494457,Brazil
2114,2,11.2000001272,12.776592066891629,1.57659193969163,Brazil
2115,2,11.0562500656,13.530560239563947,2.4743101739639464,Brazil
2116,2,11.0500001907,12.495891281925237,1.4458910912252367,Brazil
2117,2,7.07499998808,12.217627049039734,5.142627060959734,Brazil
2118,2,10.8374998569,13.434686560204106,2.597186703304107,Brazil
2119,2,11.1999998093,12.612960102370026,1.412960293070027,Brazil
2120,2,12.4555555979,13.66591253814989,1.2103569402498895,Brazil
2121,2,13.1333332062,13.554179234365215,0.4208460281652151,Brazil
2122,2,10.2083332539,11.399184680161609,1.1908514262616094,Brazil
2123,2,10.0119998932,13.966323509664816,3.9543236164648157,Brazil
2124,2,13.4506493482,12.645416883536146,0.8052324646638542,Brazil
2125,2,11.7999998728,13.713583074130955,1.9135832013309546,Brazil
2126,2,8.07083340486,13.74649458455163,5.67566117969163,Brazil
2127,2,12.8230770184,12.950641882062467,0.12756486366246733,Brazil
2128,2,12.188235339,13.4784335354746,1.2901981964746003,Brazil
2129,2,10.7666665713,13.873589905804728,3.106923334504728,Brazil
2130,2,11.5625000397,12.483204108979965,0.9207040692799655,Brazil
2131,2,11.6999998093,13.53635555259888,1.8363557432988813,Brazil
2132,2,11.7857141495,13.61271133879852,1.8269971892985204,Brazil
2133,2,12.4642856462,13.0481718741238,0.5838862279238004,Brazil
2134,2,12.7263159501,13.49562069267438,0.7693047425743806,Brazil
2135,2,10.9125001431,13.339973780102067,2.427473637002066,Brazil
2136,2,11.4999996821,13.0933290270638,1.5933293449638004,Brazil
2137,2,11.3499999046,13.682000585392945,2.3320006807929445,Brazil
2138,2,9.86913578599,13.624009415644942,3.7548736296549414,Brazil
2139,2,11.25,13.768514025037025,2.5185140250370246,Brazil
2140,2,10.9249999523,12.6584963566595,1.7334964043594994,Brazil
2141,2,13.1419354562,13.15245654406847,0.010521087868468726,Brazil
2142,2,11.1333332062,14.26933803602549,3.13600482982549,Brazil
2143,2,10.4999997616,12.901259985724911,2.4012602241249112,Brazil
2144,2,8.23157895239,12.78208092256456,4.55050197017456,Brazil
2145,2,11.7600000381,13.201120851915551,1.4411208138155516,Brazil
2146,2,10.9333333969,16.648950893374465,5.715617496474465,Brazil
2147,2,11.8777777354,13.461981142203308,1.584203406803308,Brazil
2148,2,10.5875000954,11.296376776882646,0.7088766814826464,Brazil
2149,2,11.5,13.321874005886844,1.8218740058868441,Brazil
2150,2,10.9749999046,13.004510815410566,2.029510910810565,Brazil
2151,2,9.70769229302,12.873692092930739,3.1659997999107397,Brazil
2152,2,11.9545453678,13.28867583371991,1.3341304659199107,Brazil
2153,2,10.8750000795,13.145046050936323,2.270045971436323,Brazil
2154,2,10.6500000954,12.916895618246215,2.266895522846216,Brazil
2155,2,12.7666664124,12.809478335645077,0.04281192324507721,Brazil
2156,2,12.7000000212,12.433981391947334,0.26601862925266495,Brazil
2157,2,11.2406250834,13.01578466118092,1.7751595777809204,Brazil
2158,2,13.7600001335,12.664571818614663,1.0954283148853374,Brazil
2159,2,11.0599998474,12.515281563550777,1.4552817161507772,Brazil
2160,2,10.5799998283,13.261047711128022,2.6810478828280218,Brazil
2161,2,11.1380952199,12.910229152819465,1.7721339329194645,Brazil
2162,2,12.7833334605,12.776165240259921,0.007168220240078682,Brazil
2163,2,10.9100000381,13.374761165550956,2.4647611274509558,Brazil
2164,2,10.8818182512,12.717768150823487,1.8359498996234862,Brazil
2165,2,9.76923073255,14.485552706214559,4.716321973664559,Brazil
2166,2,11.0384614651,13.124286700318807,2.085825235218808,Brazil
2167,2,10.9950000525,12.918782702130093,1.923782649630093,Brazil
2168,2,13.1399999619,12.794733625305167,0.3452663365948325,Brazil
2169,2,13.4,13.633801591594505,0.23380159159450464,Brazil
2170,2,7.33999996185,13.163758836519662,5.823758874669662,Brazil
2171,2,11.2250001431,12.433286880830922,1.208286737730921,Brazil
2172,2,12.7906250358,12.409319796659794,0.38130523914020564,Brazil
2173,2,10.7333335876,14.625575689632543,3.892242102032542,Brazil
2174,2,10.8999996185,12.868088684662867,1.9680890661628663,Brazil
2175,2,11.25,13.04281785240803,1.7928178524080298,Brazil
2176,2,12.3150685193,13.767264211353343,1.4521956920533423,Brazil
2177,2,11.1428571429,13.20007495507595,2.0572178121759492,Brazil
2178,2,12.0600000381,14.188420020805912,2.1284199827059123,Brazil
2179,2,11.5,13.307064896684542,1.8070648966845422,Brazil
2180,2,10.8874999285,12.727734795036826,1.840234866536825,Brazil
2181,2,12.5800000191,13.340145086126094,0.7601450670260945,Brazil
2182,2,12.6249998808,13.343694729275093,0.7186948484750921,Brazil
2183,2,11.0,13.901662447273424,2.9016624472734236,Brazil
2184,2,13.507692337,14.182253403621356,0.6745610666213562,Brazil
2185,2,10.0833334923,11.97962178652655,1.8962882942265509,Brazil
2186,2,10.5833334923,13.493931950331099,2.9105984580310995,Brazil
2187,2,10.8636363636,12.910764796431405,2.047128432831405,Brazil
2188,2,12.0333334605,13.356621661692092,1.3232882011920921,Brazil
2189,2,11.3000001907,12.630078266430855,1.3300780757308548,Brazil
2190,2,11.5999999728,13.071573690439735,1.4715737176397354,Brazil
2191,2,7.37241383257,10.933069497291559,3.5606556647215584,Brazil
2192,2,10.7,13.992990278042559,3.2929902780425593,Brazil
2193,2,8.66896556986,13.106984336200883,4.438018766340884,Brazil
2194,2,11.0333331426,12.185975983759036,1.152642841159036,Brazil
2195,2,11.9399999619,13.346740258645994,1.406740296745994,Brazil
2196,2,10.8600000381,13.770172725213712,2.910172687113711,Brazil
2197,2,13.4360000229,13.179652252204598,0.2563477706954025,Brazil
2198,2,11.1999999682,13.11232964428758,1.9123296760875803,Brazil
2199,2,11.0,13.065796147481837,2.065796147481837,Brazil
2200,2,12.0,12.219302558839058,0.21930255883905758,Brazil
2201,2,11.3666664759,15.51183078491825,4.145164309018249,Brazil
2202,2,12.2000000278,11.676932849137028,0.5230671786629717,Brazil
2203,2,11.0349999428,13.062265526917045,2.0272655841170444,Brazil
2204,2,7.35000002384,13.004910463672177,5.654910439832177,Brazil
2205,2,7.85000007493,12.7271498061904,4.877149731260401,Brazil
2206,2,10.5750000477,12.781668356600173,2.2066683089001735,Brazil
2207,2,8.98000011444,13.556873216272958,4.576873101832959,Brazil
2208,2,11.0333334605,13.500065907209688,2.4667324467096883,Brazil
2209,2,11.4166665077,14.158618227415264,2.7419517197152636,Brazil
2210,2,10.6,13.49556471586595,2.89556471586595,Brazil
2211,2,11.5,12.935162998689819,1.435162998689819,Brazil
2212,2,12.7875000238,13.076113228492051,0.28861320469205154,Brazil
2213,2,11.3500000954,11.70085014099806,0.3508500455980599,Brazil
2214,2,10.2428571156,13.165151860959828,2.922294745359828,Brazil
2215,2,10.9666665395,13.455635760503316,2.488969221003316,Brazil
2216,2,10.8499997457,13.681903388745106,2.8319036430451057,Brazil
2217,2,11.3999998093,15.047738753061287,3.6477389437612864,Brazil
2218,2,10.7571428844,12.874575999412613,2.117433115012613,Brazil
2219,2,12.4142856598,13.74566844606213,1.3313827862621288,Brazil
2220,2,8.3400001049,13.146938403176915,4.806938298276915,Brazil
2221,2,10.294736812,13.413067537258385,3.118330725258385,Brazil
2222,2,17.299999942,14.016974454166494,3.2830254878335055,Brazil
2223,2,12.1666666667,14.197391216818664,2.0307245501186646,Brazil
2224,2,10.6666666667,12.098784287675587,1.4321176209755873,Brazil
2225,2,14.8699998856,10.685656799526098,4.184343086073902,Brazil
2226,2,12.685714313,13.937525839023158,1.2518115260231575,Brazil
2227,2,17.1250004768,13.82492956584468,3.30007091095532,Brazil
2228,2,14.3666664759,12.110933681272588,2.255732794627413,Brazil
2229,2,17.0124996901,12.38202630357386,4.630473386526141,Brazil
2230,2,9.7411110984,13.938165003883263,4.197053905483264,Brazil
2231,2,15.0,12.732290238249657,2.267709761750343,Brazil
2232,2,15.8327869665,13.101408387153409,2.7313785793465915,Brazil
2233,2,16.9714284624,14.241873375343618,2.729555087056381,Brazil
2234,2,12.3499999046,13.237722889413192,0.8877229848131911,Brazil
2235,2,16.2249999046,13.924227487947217,2.3007724166527836,Brazil
2236,2,16.0,13.074339812192596,2.925660187807404,Brazil
2237,2,10.7642856325,11.142206706753944,0.37792107425394406,Brazil
2238,2,16.1629631254,11.013387999906062,5.149575125493939,Brazil
2239,2,16.4599996567,12.375026631362259,4.0849730253377405,Brazil
2240,2,15.4571429661,14.080055814920243,1.3770871511797562,Brazil
2241,2,17.0199996948,13.566056250890817,3.453943443909182,Brazil
2242,2,15.2333335876,13.565736416710518,1.6675971708894828,Brazil
2243,2,17.4000005722,13.280798170202853,4.119202401997146,Brazil
2244,2,11.8467290201,12.74933364760225,0.9026046275022495,Brazil
2245,2,10.7388888995,14.309184641621307,3.570295742121308,Brazil
2246,2,14.6048780767,14.048920274718991,0.555957801981009,Brazil
2247,2,13.192307729,12.290493608501114,0.9018141204988854,Brazil
2248,2,17.2999992371,9.164936780941797,8.135062456158202,Brazil
2249,2,13.6,13.027349290496861,0.5726507095031383,Brazil
2250,2,11.0692306665,12.272615601428438,1.2033849349284385,Brazil
2251,2,15.3857142585,13.963598397321935,1.4221158611780655,Brazil
2252,2,15.5500001907,14.636978208108873,0.9130219825911272,Brazil
2253,2,15.4666668574,12.94539996576976,2.5212668916302405,Brazil
2254,2,16.6185184761,13.229603623512096,3.388914852587904,Brazil
2255,2,16.699999896,13.765431491060934,2.9345684049390677,Brazil
2256,2,15.9333333969,14.840563320704858,1.0927700761951424,Brazil
2257,2,11.5374999046,14.222916425112517,2.6854165205125167,Brazil
2258,2,16.5285715376,11.196473214977388,5.332098322622613,Brazil
2259,2,11.6833333174,13.438042600511366,1.7547092831113655,Brazil
2260,2,12.1928571974,14.07521024757251,1.8823530501725099,Brazil
2261,2,16.914285569,14.283472527550556,2.6308130414494446,Brazil
2262,2,16.4166666667,11.556498505988692,4.860168160711307,Brazil
2263,2,14.4600002289,13.064594312859825,1.3954059160401755,Brazil
2264,2,18.1000003815,13.415984259255918,4.684016122244081,Brazil
2265,2,16.3833335241,15.001053123645985,1.3822804004540146,Brazil
2266,2,16.0250000954,14.17116103538284,1.85383906001716,Brazil
2267,2,15.2785715376,13.064415857060029,2.214155680539971,Brazil
2268,2,14.3285714558,15.090645758021402,0.7620743022214018,Brazil
2269,2,14.5166667302,14.506310462002258,0.010356268197742935,Brazil
2270,2,13.9192307546,14.129052837710228,0.20982208311022887,Brazil
2271,2,15.2400001526,10.963882234253548,4.276117918346452,Brazil
2272,2,12.8121951499,15.47310206662566,2.6609069167256596,Brazil
2273,2,14.4333333969,13.15943901135501,1.27389438554499,Brazil
2274,2,14.3000001907,13.777615739744494,0.5223844509555065,Brazil
2275,2,15.8333332274,11.948524032879458,3.8848091945205425,Brazil
2276,2,16.0588235014,13.69547756626571,2.363345935134289,Brazil
2277,2,12.8535714149,11.490440015919685,1.3631313989803147,Brazil
2278,2,17.6615386376,13.906691861808607,3.7548467757913926,Brazil
2279,2,13.770270296,16.073618731096992,2.303348435096993,Brazil
2280,2,11.9749999046,12.527278647988311,0.5522787433883103,Brazil
2281,2,12.6888890266,13.82057342066597,1.131684394065969,Brazil
2282,2,15.9571426937,11.95712642195048,4.000016271749519,Brazil
2283,2,13.9000000703,14.973323796304417,1.073323726004416,Brazil
2284,2,15.2400001526,11.414950625278223,3.8250495273217773,Brazil
2285,2,16.4499998093,14.428049147737932,2.0219506615620677,Brazil
2286,2,14.5,15.663458748602807,1.1634587486028067,Brazil
2287,2,11.8499999046,13.054133456772929,1.2041335521729284,Brazil
2288,2,14.9000000954,14.948695033457374,0.048694938057375126,Brazil
2289,2,14.7863636017,13.84687536436021,0.9394882373397895,Brazil
2290,2,13.6461538902,13.867347546862893,0.22119365666289248,Brazil
2291,2,14.0047619002,14.174710339166698,0.16994843896669742,Brazil
2292,2,14.2000000337,13.463956302553166,0.7360437311468342,Brazil
2293,2,13.486666743,13.889502991337608,0.4028362483376071,Brazil
2294,2,12.7199998856,11.776995372280672,0.9430045133193286,Brazil
2295,2,15.2285714831,12.325578671635006,2.902992811464994,Brazil
2296,2,14.0428570339,14.2397847299906,0.196927696090599,Brazil
2297,2,14.2000001272,14.310900006938661,0.11089987973866222,Brazil
2298,2,16.4500001272,14.196130610321184,2.253869516878815,Brazil
2299,2,13.6600000381,14.657113291470969,0.9971132533709692,Brazil
2300,2,13.2999999523,14.492951699447492,1.1929517471474913,Brazil
2301,2,16.4285714286,13.274520906472437,3.154050522127564,Brazil
2302,2,15.4125001431,14.10892684728543,1.3035732958145712,Brazil
2303,2,13.7000002861,12.252072693288037,1.447927592811963,Brazil
2304,2,15.0416667461,13.398824741784056,1.6428420043159448,Brazil
2305,2,13.7999998728,13.133011027686074,0.6669888451139272,Brazil
2306,2,14.1999999046,10.914597671980845,3.2854022326191554,Brazil
2307,2,14.9111110899,11.099725630060338,3.811385459839663,Brazil
2308,2,16.4000000954,15.19347848135644,1.2065216140435595,Brazil
2309,2,16.2000001272,12.271445653284715,3.928554473915284,Brazil
2310,2,16.8818182512,13.969094370265973,2.912723880934026,Brazil
2311,2,15.8124998808,13.527886425974188,2.284613454825813,Brazil
2312,2,14.6399998665,14.189235952264882,0.4507639142351181,Brazil
2313,2,17.1700000127,12.656277100690383,4.513722912009618,Brazil
2314,2,12.933333238,13.8303669989619,0.8970337609619001,Brazil
2315,2,15.2437499166,13.921476799979072,1.322273116620929,Brazil
2316,2,16.7666664124,13.007930737780233,3.758735674619766,Brazil
2317,2,14.8499999046,13.65319359403044,1.1968063105695599,Brazil
2318,2,15.5250000954,11.41510536546596,4.109894729934039,Brazil
2319,2,15.7300000191,12.664723351837766,3.065276667262234,Brazil
2320,2,16.2666664124,13.852360880988375,2.4143055314116246,Brazil
2321,2,16.2000007629,14.118370124049132,2.081630638850868,Brazil
2322,2,15.7250001431,13.877707703824484,1.8472924392755168,Brazil
2323,2,11.6166667144,14.30721625903945,2.690549544639449,Brazil
2324,2,15.8875000477,13.787733218491365,2.099766829208635,Brazil
2325,2,15.0199999809,13.275366241553344,1.7446337393466553,Brazil
2326,2,15.0,12.069916644572878,2.930083355427122,Brazil
2327,2,11.4785715512,13.931016922548018,2.452445371348018,Brazil
2328,2,14.9000000954,12.487852350760413,2.4121477446395865,Brazil
2329,2,10.5666666031,13.040407073579985,2.473740470479985,Brazil
2330,2,15.585714204,13.806985430291597,1.7787287737084032,Brazil
2331,2,16.2499998093,12.182226414068477,4.067773395231523,Brazil
2332,2,15.8666667938,15.062337413996882,0.8043293798031179,Brazil
2333,2,12.1800001144,14.862981925291173,2.6829818108911727,Brazil
2334,2,16.5000003179,14.276065511417059,2.2239348064829407,Brazil
2335,2,12.052941154,14.28913855943326,2.236197405433259,Brazil
2336,2,14.4,14.374097068838278,0.025902931161722265,Brazil
2337,2,11.4000001907,12.768905090540667,1.3689048998406665,Brazil
2338,2,13.262857151,12.45090549788534,0.8119516531146598,Brazil
2339,2,15.1333332062,19.14120640503066,4.007873198830659,Brazil
2340,2,13.8499997457,13.676767656674846,0.17323208902515397,Brazil
2341,2,16.4555557039,14.269077094845361,2.186478609054639,Brazil
2342,2,15.7833334605,10.863319294900094,4.9200141655999055,Brazil
2343,2,14.7785714694,13.111871717788844,1.666699751611155,Brazil
2344,2,13.6500000954,13.099589750768303,0.5504103446316968,Brazil
2345,2,13.1799999237,13.601467989018005,0.4214680653180043,Brazil
2346,2,11.3124998808,11.905537180576031,0.5930372997760305,Brazil
2347,2,15.9444445504,12.979666566693783,2.9647779837062167,Brazil
2348,2,15.9599998474,12.243419200885317,3.716580646514684,Brazil
2349,2,15.2000001272,15.290778219967713,0.09077809276771376,Brazil
2350,2,14.6000003815,14.140394227472685,0.4596061540273144,Brazil
2351,2,15.3499999046,14.483510793944205,0.8664891106557953,Brazil
2352,2,11.8000001907,15.714785024960577,3.914784834260576,Brazil
2353,2,12.060714313,13.871348998169687,1.8106346851696866,Brazil
2354,2,11.9727272554,13.61504478735371,1.6423175319537098,Brazil
2355,2,11.6833333969,11.899830594986007,0.21649719808600665,Brazil
2356,2,12.3250000477,9.742196081974605,2.582803965725395,Brazil
2357,2,16.45,14.604341200808166,1.845658799191833,Brazil
2358,2,15.3499999046,15.173704790100594,0.17629511449940694,Brazil
2359,2,15.7400000254,11.715237557046951,4.02476246835305,Brazil
2360,2,15.816666762,12.06061668906448,3.756050072935521,Brazil
2361,2,15.2999998728,14.422404985596982,0.8775948872030188,Brazil
2362,2,14.8000000318,14.136768318719092,0.6632317130809078,Brazil
2363,2,17.2999992371,13.50953545873377,3.790463778366229,Brazil
2364,2,15.0307692014,13.111192355673069,1.9195768457269313,Brazil
2365,2,15.9250001907,12.631258253241722,3.293741937458279,Brazil
2366,2,13.9199998856,15.313084653318496,1.3930847677184968,Brazil
2367,2,15.4333335029,12.376484191118971,3.056849311781029,Brazil
2368,2,15.4545453678,12.039104560261196,3.415440807538804,Brazil
2369,2,14.8000001907,12.682283867204493,2.1177163234955074,Brazil
2370,2,13.9600002289,15.002901408633878,1.042901179733878,Brazil
2371,2,14.5666666031,10.401077997184265,4.165588605915735,Brazil
2372,2,15.7750000954,12.394941913885207,3.3800581815147925,Brazil
2373,2,15.6000000636,13.737703592784335,1.8622964708156644,Brazil
2374,2,13.9249999523,13.266803217854932,0.6581967344450685,Brazil
2375,2,13.7307692308,11.163210112772742,2.5675591180272583,Brazil
2376,2,12.8357143062,13.267939750785,0.4322254445850007,Brazil
2377,2,16.0000001589,11.648937993866221,4.351062165033779,Brazil
2378,2,15.8333333333,13.356450203912983,2.4768831293870175,Brazil
2379,2,11.8619047801,11.023546611103459,0.8383581689965407,Brazil
2380,2,13.7000001907,12.154044871086741,1.5459553196132596,Brazil
2381,2,15.5263157895,13.456855474560378,2.0694603149396222,Brazil
2382,2,16.8833332062,15.05037732622177,1.832955879978229,Brazil
2383,2,17.008108139,13.76214516268686,3.245962976313141,Brazil
2384,2,16.0571430751,14.217951592502214,1.839191482597787,Brazil
2385,2,11.5500000318,13.022554464621209,1.4725544328212088,Brazil
2386,2,15.8249999285,14.199330991857503,1.625668936642498,Brazil
2387,2,11.1400000572,11.059012814517757,0.08098724268224267,Brazil
2388,2,14.1749999523,12.592932608415385,1.5820673438846153,Brazil
2389,2,14.9400001526,14.134080879191302,0.8059192734086977,Brazil
2390,2,13.3428570884,11.400343176227059,1.9425139121729416,Brazil
2391,2,15.7750003338,14.85220754097562,0.9227927928243798,Brazil
2392,2,10.5999999728,14.124994283564623,3.524994310764624,Brazil
2393,2,11.6000000636,13.987095116068726,2.3870950524687267,Brazil
2394,2,13.3363637057,13.021703232868756,0.3146604728312443,Brazil
2395,2,11.411764762,14.308962573122692,2.897197811122691,Brazil
2396,2,16.9666662216,13.178327955856055,3.7883382657439455,Brazil
2397,2,11.1266665141,12.312340944228112,1.1856744301281115,Brazil
2398,2,16.6999996185,11.569443151365459,5.130556467134543,Brazil
2399,2,16.6375000477,12.114946449931189,4.5225535977688125,Brazil
2400,2,14.9285713605,12.140105188012136,2.7884661724878637,Brazil
2401,2,13.4416666031,11.828884272974513,1.612782330125487,Brazil
2402,2,11.5384614651,12.202905796903117,0.6644443318031179,Brazil
2403,2,14.6500000954,17.314910514687817,2.6649104192878177,Brazil
2404,2,14.7000001272,12.060007110326383,2.639993016873616,Brazil
2405,2,16.1600000381,17.954619749777923,1.794619711677921,Brazil
2406,2,15.3874999285,15.182170751168181,0.20532917733181932,Brazil
2407,2,14.7999999523,11.733587192854891,3.066412759445109,Brazil
2408,2,18.2833331426,12.91976270783427,5.36357043476573,Brazil
2409,2,14.3000000545,13.799107674565796,0.5008923799342035,Brazil
2410,2,12.5517241708,13.617908854075786,1.066184683275786,Brazil
2411,2,15.0250000954,13.904867253507877,1.1201328418921221,Brazil
2412,2,14.5,14.055183880613312,0.4448161193866884,Brazil
2413,2,15.5000003179,12.178236992445097,3.321763325454903,Brazil
2414,2,16.4249997139,14.893632213162238,1.5313675007377618,Brazil
2415,2,13.9500000477,14.564434228723691,0.6144341810236913,Brazil
2416,2,16.6142861503,13.999016025352208,2.6152701249477914,Brazil
2417,2,14.3909091082,13.8115954462854,0.5793136619146004,Brazil
2418,2,15.0666666826,12.149907758483367,2.916758924116632,Brazil
2419,2,12.399999891,11.709268614206392,0.690731276793608,Brazil
2420,2,11.4142856598,14.358218333765242,2.943932673965241,Brazil
2421,2,11.1944443915,10.688799689543353,0.5056447019566459,Brazil
2422,2,13.707692293,14.862919408499478,1.1552271154994784,Brazil
2423,2,12.0999998728,13.959802842415256,1.8598029696152558,Brazil
2424,2,15.6666663488,14.086861549765239,1.5798047990347612,Brazil
2425,2,17.2999998728,14.263019127096467,3.0369807457035343,Brazil
2426,2,14.0259258835,11.402334801433458,2.6235910820665413,Brazil
2427,2,15.3173912712,12.859020033573955,2.4583712376260447,Brazil
2428,2,15.3900000572,12.842350962302774,2.547649094897226,Brazil
2429,2,11.6272727793,13.436618872075774,1.8093460927757743,Brazil
2430,2,12.8166666826,13.158762068988727,0.3420953863887277,Brazil
2431,2,13.8388889631,12.902978845283393,0.9359101178166078,Brazil
2432,2,16.4625002146,14.209548194490042,2.252952020109957,Brazil
2433,2,17.7777777778,12.893072479400974,4.884705298399027,Brazil
2434,2,16.1333335241,12.216368950772477,3.9169645733275225,Brazil
2435,2,16.7833333015,14.596819176335547,2.1865141251644538,Brazil
2436,2,16.1444446246,13.704235975256864,2.440208649343134,Brazil
2437,2,21.4000000954,11.227305913442057,10.172694181957942,Brazil
2438,2,15.0409836222,13.00866055404752,2.032323068152481,Brazil
2439,2,27.9338028867,12.638866742965554,15.294936143734446,Brazil
2440,2,14.204255307,12.995845594228882,1.2084097127711182,Brazil
2441,2,17.9599998474,12.98283543955359,4.977164407846409,Brazil
2442,2,14.6242424647,11.468779083363891,3.1554633813361086,Brazil
2443,2,22.7312502861,13.26864058896453,9.46260969713547,Brazil
2444,2,15.2833332221,13.308490434604835,1.9748427874951648,Brazil
2445,2,29.3095808315,11.442369120550072,17.867211710949928,Brazil
2446,2,13.8631579081,11.669615032484455,2.1935428756155453,Brazil
2447,2,13.4285715648,13.015682094061773,0.4128894707382269,Brazil
2448,2,26.1416665713,13.074378015792545,13.067288555507455,Brazil
2449,2,22.5,13.852693880534744,8.647306119465256,Brazil
2450,2,33.92990203,13.604017966368245,20.325884063631754,Brazil
2451,2,20.5874999166,12.641517301959123,7.945982614640876,Brazil
2452,2,24.2297872178,13.184239502028674,11.045547715771324,Brazil
2453,2,13.801388873,13.435637669542947,0.36575120345705336,Brazil
2454,2,17.5416665872,13.04978337894291,4.491883208257091,Brazil
2455,2,26.3037036472,12.878158968228881,13.425544678971118,Brazil
2456,2,24.0342995556,13.197013279194444,10.837286276405557,Brazil
2457,2,15.3462962398,13.509125428207431,1.8371708115925678,Brazil
2458,2,25.1329113924,13.31052895713157,11.82238243526843,Brazil
2459,2,18.7299999237,13.468499024269725,5.261500899430274,Brazil
2460,2,29.0947367685,13.567267212992647,15.527469555507352,Brazil
2461,2,19.3703705823,11.190117699609907,8.180252882690095,Brazil
2462,2,16.6777777884,13.003858514838399,3.6739192735616015,Brazil
2463,2,27.9500000954,10.713920794626166,17.236079300773834,Brazil
2464,2,29.2233332952,13.591107438329338,15.632225856870662,Brazil
2465,2,19.7846152966,13.541041496982741,6.243573799617257,Brazil
2466,2,24.5757574024,13.371842871358243,11.203914531041757,Brazil
2467,2,14.6266666483,13.389368507152069,1.2372981411479316,Brazil
2468,2,26.8571428571,10.888661538155299,15.968481318944702,Brazil
2469,2,34.7862384341,13.79981662048161,20.98642181361839,Brazil
2470,2,31.4779005209,11.138471772990826,20.339428747909174,Brazil
2471,2,20.4375000397,13.064721886465293,7.372778153234709,Brazil
2472,2,29.2849999428,10.847876207318,18.437123735481997,Brazil
2473,2,31.7736841503,13.846435838368023,17.927248311931976,Brazil
2474,2,20.2770832777,14.127595752405588,6.149487525294413,Brazil
2475,2,23.7999998728,12.923337829720037,10.876662043079964,Brazil
2476,2,24.0636362596,12.993886708840346,11.069749550759653,Brazil
2477,2,22.9637681712,13.576858876274654,9.386909294925347,Brazil
2478,2,18.0199998856,13.480410136492996,4.539589749107005,Brazil
2479,2,22.9437500238,13.495983642737565,9.447766381062435,Brazil
2480,2,26.5500001907,12.756142310753152,13.793857879946849,Brazil
2481,2,19.8142856462,13.638472510385302,6.175813135814696,Brazil
2482,2,14.6718750596,11.354458482957266,3.3174165766427333,Brazil
2483,2,24.3333333333,13.057109884159273,11.276223449140728,Brazil
2484,2,27.3742856707,13.09591996367984,14.27836570702016,Brazil
2485,2,14.1325000286,13.092803368170111,1.0396966604298896,Brazil
2486,2,26.8600002289,10.95178437439577,15.90821585450423,Brazil
2487,2,23.6137930771,13.045757929605275,10.568035147494724,Brazil
2488,2,24.0958334605,13.901231043119926,10.194602417380073,Brazil
2489,2,26.3675676294,13.652999208292915,12.714568421107085,Brazil
2490,2,16.5142857069,12.689450345095658,3.824835361804343,Brazil
2491,2,18.3785716466,13.693798431102282,4.684773215497719,Brazil
2492,2,21.3900001526,12.89224491423014,8.497755238369859,Brazil
2493,2,28.0,10.092206619974904,17.907793380025097,Brazil
2494,2,27.6302083929,13.769663934606154,13.860544458293845,Brazil
2495,2,30.599999944,13.977356922153682,16.62264302184632,Brazil
2496,2,30.94,13.479335419926112,17.46066458007389,Brazil
2497,2,17.6368419246,11.628765318404877,6.008076606195122,Brazil
2498,2,23.6562501192,10.899822943756497,12.756427175443502,Brazil
2499,2,23.072727319,12.423396658046112,10.649330660953886,Brazil
2500,2,19.7750000954,13.718787731581092,6.056212363818908,Brazil
2501,2,24.5020202097,13.89276196380715,10.60925824589285,Brazil
2502,2,26.360000017,13.560816216824945,12.799183800175056,Brazil
2503,2,23.4000000424,13.528732631831264,9.871267410568734,Brazil
2504,2,21.2718750238,13.786334210111692,7.485540813688308,Brazil
2505,2,23.0181817141,11.887243813424792,11.130937900675207,Brazil
2506,2,20.6065219382,10.827351092727602,9.779170845472398,Brazil
2507,2,30.2948717215,12.000716683675453,18.29415503782455,Brazil
2508,2,19.0999998728,11.38426912878992,7.715730744010081,Brazil
2509,2,27.502083381,13.522400062991043,13.979683318008956,Brazil
2510,2,27.5000001907,11.605790042322955,15.894210148377045,Brazil
2511,2,30.6650001049,12.501740989604105,18.163259115295894,Brazil
2512,2,23.0294116525,12.922575750508834,10.106835901991165,Brazil
2513,2,24.4766665988,13.524347346251684,10.952319252548318,Brazil
2514,2,28.1999999455,13.74323862714848,14.45676131835152,Brazil
2515,2,22.6012658469,11.892508478551253,10.708757368348746,Brazil
2516,2,14.7470588404,13.36618139252812,1.38087744787188,Brazil
2517,2,23.7916668256,13.67623994352449,10.11542688207551,Brazil
2518,2,25.9789475893,11.197826247349592,14.781121341950406,Brazil
2519,2,22.3764705097,13.908861447035346,8.467609062664653,Brazil
2520,2,14.4854167104,13.317667820318567,1.1677488900814321,Brazil
2521,2,26.1833337148,13.315120928187556,12.868212786612444,Brazil
2522,2,28.0595745736,11.632962357600142,16.426612215999857,Brazil
2523,2,17.2921052732,13.163195171132468,4.1289101020675325,Brazil
2524,2,14.8116279203,13.303698654461195,1.5079292658388042,Brazil
2525,2,28.7225000381,11.581723406961686,17.140776631138316,Brazil
2526,2,19.2931706312,13.573633098762018,5.719537532437981,Brazil
2527,2,15.6558823586,11.551851221290024,4.104031137309976,Brazil
2528,2,24.5736000366,11.978909580840066,12.594690455759933,Brazil
2529,2,18.0777777566,11.634868843077932,6.442908913522068,Brazil
2530,2,22.179310358,11.044581454185602,11.134728903814397,Brazil
2531,2,12.9409090389,12.690396555869498,0.25051248303050144,Brazil
2532,2,12.5333333015,13.164852822732787,0.6315195212327858,Brazil
2533,2,29.533333381,12.577899740831459,16.95543364016854,Brazil
2534,2,20.0911764818,13.317822563672147,6.773353918127855,Brazil
2535,2,25.0964285306,13.736310212545474,11.360118318054527,Brazil
2536,2,26.298039268,13.346461889852943,12.951577378147057,Brazil
2537,2,22.9411763584,13.408159614965857,9.533016743434143,Brazil
2538,2,16.5050000985,11.949658262068482,4.555341836431516,Brazil
2539,2,17.6173911717,13.523991009428961,4.093400162271038,Brazil
2540,2,20.3397260953,11.874163027721877,8.465563067578124,Brazil
2541,2,27.1583334605,13.554928172135359,13.603405288364641,Brazil
2542,2,16.1926316512,13.602030528415101,2.590601122784898,Brazil
2543,2,12.3,13.363303981924766,1.063303981924765,Brazil
2544,2,24.6799999237,14.339716429643891,10.340283494056107,Brazil
2545,2,33.9588235967,11.167904948280007,22.790918648419993,Brazil
2546,2,16.6900001049,14.439778833115357,2.2502212717846444,Brazil
2547,2,20.8066666921,13.382030013299069,7.42463667880093,Brazil
2548,2,24.586666743,13.263032119283094,11.323634623716904,Brazil
2549,2,23.8781249523,13.67017029181951,10.207954660480489,Brazil
2550,2,23.1021739296,13.666013555676193,9.436160373923807,Brazil
2551,2,21.5380952926,13.431839020382451,8.10625627221755,Brazil
2552,2,19.69411749,11.321355752324314,8.372761737675686,Brazil
2553,2,23.0875003338,11.044169849223932,12.04333048457607,Brazil
2554,2,16.4444443385,11.82700738704966,4.617436951450339,Brazil
2555,2,19.6428572172,10.932174638254176,8.710682578945823,Brazil
2556,2,19.6757142203,11.697495266854773,7.978218953445229,Brazil
2557,2,15.5800001144,13.218635027805611,2.3613650865943896,Brazil
2558,2,23.3948719807,11.62782153600239,11.76705044469761,Brazil
2559,2,21.454838722,11.140967164381609,10.313871557618393,Brazil
2560,2,24.6545455239,14.0673230658327,10.587222458067302,Brazil
2561,2,17.6666673024,12.509088725241387,5.157578577158613,Brazil
2562,2,27.3147825822,13.433265410984722,13.881517171215277,Brazil
2563,2,17.100000088,13.46251586565086,3.6374842223491424,Brazil
2564,2,24.4558823529,14.38183159842671,10.07405075447329,Brazil
2565,2,23.0480519827,11.982395679252203,11.065656303447795,Brazil
2566,2,26.5722221269,13.884166029429236,12.688056097470765,Brazil
2567,2,25.0500000156,11.508468198103122,13.541531817496876,Brazil
2568,2,23.7861110369,12.797003456250565,10.989107580649435,Brazil
2569,2,26.4684210326,12.92213661245544,13.54628442014456,Brazil
2570,2,14.3800000054,11.317619542771979,3.0623804626280204,Brazil
2571,2,12.8550001144,13.53212978079096,0.677129666390961,Brazil
2572,2,23.6675674335,11.402823566439825,12.264743867060176,Brazil
2573,2,27.9933335622,13.330385308613947,14.662948253586054,Brazil
2574,2,19.8400001526,15.370776718721878,4.4692234338781205,Brazil
2575,2,23.2285714149,13.36703728175041,9.86153413314959,Brazil
2576,2,31.1558557802,12.331397209145067,18.824458571054933,Brazil
2577,2,20.9754099299,13.32741100473346,7.64799892516654,Brazil
2578,2,11.9300000191,11.556422481679853,0.37357753742014665,Brazil
2579,2,13.6999999897,12.533452651788647,1.1665473379113536,Brazil
2580,2,14.5944443809,11.566595917450826,3.0278484634491747,Brazil
2581,2,17.2499999205,11.83264729324816,5.417352627251839,Brazil
2582,2,11.4166667302,11.10376118672297,0.31290554347702937,Brazil
2583,2,15.1545456106,10.202873983323938,4.9516716272760615,Brazil
2584,2,16.3888889949,9.633630916179321,6.755258078720679,Brazil
2585,2,11.7153845934,11.891739065759635,0.17635447235963575,Brazil
2586,2,19.1233333206,12.109696640912805,7.013636679687195,Brazil
2587,2,16.3461537728,11.098495103803977,5.247658668996024,Brazil
2588,2,13.5714286395,10.149425562319447,3.4220030771805536,Brazil
2589,2,11.4999999523,11.523405373195004,0.023405420895004525,Brazil
2590,2,13.2399998983,11.446594894586017,1.7934050037139837,Brazil
2591,2,17.2651162702,11.796413342310306,5.468702927889694,Brazil
2592,2,19.6541667779,12.64341000589608,7.010756772003919,Brazil
2593,2,18.1979165475,11.867995716735946,6.329920830764054,Brazil
2594,2,12.2156862745,11.2173931213386,0.9982931531614003,Brazil
2595,2,15.2375000715,11.335450048546829,3.902050022953171,Brazil
2596,2,13.0568628124,11.044341503182503,2.0125213092174974,Brazil
2597,2,13.4704225433,12.436950212156507,1.0334723311434928,Brazil
2598,2,18.2740741306,12.017687288139964,6.256386842460035,Brazil
2599,2,11.109375,11.487684187074668,0.37830918707466843,Brazil
2600,2,12.7777777778,11.851073627483977,0.9267041503160236,Brazil
2601,2,15.280952272,11.838472273054316,3.442479998945684,Brazil
2602,2,14.8666665819,11.497691477963395,3.368975103936606,Brazil
2603,2,21.0559999847,11.8339759140165,9.222024070683501,Brazil
2604,2,13.9916667144,12.151514530860968,1.8401521835390326,Brazil
2605,2,15.4709089799,12.547287756587194,2.923621223312807,Brazil
2606,2,14.0500000715,11.336300022563261,2.7137000489367384,Brazil
2607,2,16.891304099,11.309811985417575,5.581492113582424,Brazil
2608,2,14.4333333969,11.213402592927222,3.219930803972778,Brazil
2609,2,14.8342857633,12.227923973015859,2.606361790284142,Brazil
2610,2,15.1400001526,10.583977083088676,4.556023069511324,Brazil
2611,2,14.3000001907,11.994320720506142,2.3056794701938585,Brazil
2612,2,13.148837267,12.109590045495857,1.0392472215041426,Brazil
2613,2,13.0333331426,11.264939423630011,1.768393718969989,Brazil
2614,2,16.4666666455,11.099681890208227,5.366984755291771,Brazil
2615,2,14.6884614871,11.513056518670066,3.175404968429934,Brazil
2616,2,11.2059999847,12.399165309931632,1.1931653252316323,Brazil
2617,2,14.9272727099,10.547604930342132,4.3796677795578685,Brazil
2618,2,15.2550000191,9.889768060315664,5.365231958784337,Brazil
2619,2,14.0470587226,11.439989940155552,2.607068782444447,Brazil
2620,2,14.8499999046,10.588154145165422,4.261845759434578,Brazil
2621,2,13.9260870477,11.292720642945078,2.6333664047549217,Brazil
2622,2,17.0411765155,12.07025566969874,4.970920845801258,Brazil
2623,2,14.6176470588,11.311755880122488,3.305891178677511,Brazil
2624,2,14.6416666508,11.262156507903605,3.379510142896395,Brazil
2625,2,23.6333332062,14.895821281128649,8.73751192507135,Brazil
2626,2,15.6473684813,11.137245730366043,4.510122750933956,Brazil
2627,2,16.3700000954,11.51852281095772,4.851477284442279,Brazil
2628,2,20.5844444699,9.757069916396357,10.827374553503642,Brazil
2629,2,15.3000001907,11.826480738859026,3.473519451840975,Brazil
2630,2,14.893103468,11.579339126699555,3.3137643413004447,Brazil
2631,2,16.8181818471,11.523402167692705,5.294779679407295,Brazil
2632,2,14.1486485455,10.278542776344809,3.8701057691551917,Brazil
2633,2,12.2846153944,11.686576543806574,0.5980388505934258,Brazil
2634,2,15.1555557251,11.211292419203323,3.9442633058966763,Brazil
2635,2,12.4333333288,11.301086704649233,1.132246624150767,Brazil
2636,2,11.4173913002,11.112464800749173,0.3049264994508274,Brazil
2637,2,14.8999999653,11.801667164932852,3.0983328003671478,Brazil
2638,2,14.433333238,13.002686853565015,1.4306463844349846,Brazil
2639,2,15.8795918056,11.280154064144343,4.599437741455658,Brazil
2640,2,20.4079469845,11.350939028808956,9.057007955691045,Brazil
2641,2,12.4806666438,11.547933421864748,0.9327332219352513,Brazil
2642,2,15.8142856325,11.175005867693452,4.639279764806549,Brazil
2643,2,15.7437497973,11.42445715720951,4.31929264009049,Brazil
2644,2,16.4869564996,9.742690372354641,6.744266127245361,Brazil
2645,2,14.4916667938,11.248609925285741,3.243056868514259,Brazil
2646,2,11.3545454372,9.691022995210012,1.663522441989988,Brazil
2647,2,14.5735293557,11.870437900738196,2.703091454961804,Brazil
2648,2,12.1071428912,9.612772982279138,2.494369908920863,Brazil
2649,2,15.5285715376,11.452990218503823,4.075581319096177,Brazil
2650,2,15.6521739545,11.561099484023515,4.091074470476485,Brazil
2651,2,15.7361110846,13.003750060736818,2.732361023863181,Brazil
2652,2,14.8411765379,9.744271649431877,5.0969048884681225,Brazil
2653,2,14.9300001144,11.361908498540185,3.5680916158598155,Brazil
2654,2,15.7320001602,10.894822889521055,4.837177270678945,Brazil
2655,2,12.0784091191,12.606449721826383,0.5280406027263833,Brazil
2656,2,14.2249999046,11.2889987782536,2.936001126346401,Brazil
2657,2,10.6555555132,11.863763371941477,1.2082078587414777,Brazil
2658,2,11.7526315388,14.130920866695437,2.3782893278954376,Brazil
2659,2,11.0800001144,13.885651199587395,2.805651085187394,Brazil
2660,2,12.0,11.342129735488363,0.6578702645116365,Brazil
2661,2,10.0428571701,13.574647820954114,3.5317906508541146,Brazil
2662,2,7.76000008583,11.804870840546334,4.044870754716334,Brazil
2663,2,15.0799999237,13.351136165246729,1.7288637584532722,Brazil
2664,2,13.1500000954,12.956026480992946,0.19397361440705296,Brazil
2665,2,6.74285711561,13.293136181825776,6.550279066215777,Brazil
2666,2,7.07692300356,12.007861040245096,4.930938036685096,Brazil
2667,2,9.01666673024,13.176533875882349,4.159867145642348,Brazil
2668,2,13.4499999682,13.079991744034146,0.3700082241658542,Brazil
2669,2,13.0500001907,10.932701274140362,2.1172989165596388,Brazil
2670,2,16.3999996185,14.37585733395872,2.0241422845412806,Brazil
2671,2,12.5333333015,13.544626689195251,1.0112933876952503,Brazil
2672,2,14.5999999576,12.277016962131185,2.3229829954688146,Brazil
2673,2,13.8000001907,12.563260675335393,1.236739515364608,Brazil
2674,2,7.26842104761,13.548509229729719,6.2800881821197185,Brazil
2675,2,10.8999996185,13.893388664309565,2.9933890458095647,Brazil
2676,2,14.2000001272,14.11448029088763,0.08551983631236837,Brazil
2677,2,14.2333332698,11.597473303152457,2.6358599666475424,Brazil
2678,2,12.8000001907,13.789910555614792,0.9899103649147918,Brazil
2679,2,12.8000001907,13.860742256327272,1.060742065627272,Brazil
2680,2,12.933333079,13.445215960444813,0.5118828814448122,Brazil
2681,2,10.2333335876,12.766435766957883,2.5331021793578827,Brazil
2682,2,12.625,11.643253151071786,0.9817468489282142,Brazil
2683,2,9.86666679382,14.696324020300965,4.829657226480965,Brazil
2684,2,17.566666921,13.729246751300359,3.837420169699641,Brazil
2685,2,14.2333332698,13.381842367838022,0.8514909019619772,Brazil
2686,2,9.10000038147,13.150801573911822,4.050801192441822,Brazil
2687,2,14.9600000381,14.121983195943221,0.8380168421567795,Brazil
2688,2,11.5333334605,13.887533832148899,2.354200371648899,Brazil
2689,2,11.1999998093,13.316983361704839,2.1169835524048395,Brazil
2690,2,9.69999980927,12.891940058795363,3.191940249525363,Brazil
2691,2,13.4000000954,13.383942721008216,0.01605737439178334,Brazil
2692,2,6.30588239782,13.62249355181281,7.31661115399281,Brazil
2693,2,11.8904762268,14.074778211497609,2.1843019846976084,Brazil
2694,2,13.25,13.251816061646878,0.0018160616468776425,Brazil
2695,2,13.4000000954,13.457542688670436,0.05754259327043698,Brazil
2696,2,11.7999998728,13.292198447528726,1.4921985747287252,Brazil
2697,2,12.1666666667,13.343860992055046,1.177194325355046,Brazil
2698,2,12.6333334181,13.731186352582363,1.097852934482363,Brazil
2699,2,15.8499999046,13.118098917569808,2.7319009870301922,Brazil
2700,2,13.7333334287,15.498654314953926,1.7653208862539262,Brazil
2701,2,15.0499997139,12.168785854195445,2.8812138597045553,Brazil
2702,2,12.9000000954,12.52631683380016,0.3736832615998402,Brazil
2703,2,8.80000019073,12.885408878295959,4.085408687565959,Brazil
2704,2,7.65952378228,11.639206836023206,3.979683053743206,Brazil
2705,2,12.9499998093,13.329162267365025,0.379162458065025,Brazil
2706,2,8.16428583009,10.328377316476635,2.164091486386635,Brazil
2707,2,7.80833335718,13.759744994127114,5.951411636947114,Brazil
2708,2,12.9800001144,13.73096933653969,0.7509692221396911,Brazil
2709,2,9.44999980927,13.91443973837757,4.46443992910757,Brazil
2710,2,13.4909089695,13.26005745479365,0.2308515147063499,Brazil
2711,2,7.60000009537,12.585175385738852,4.9851752903688515,Brazil
2712,2,12.3666667938,11.604062293141817,0.762604500658183,Brazil
2713,2,12.0,12.847630257613451,0.8476302576134511,Brazil
2714,2,14.5199996948,13.309672700590298,1.2103269942097015,Brazil
2715,2,11.7799999237,13.628276154522244,1.8482762308222433,Brazil
2716,2,14.3000001907,13.841667150943572,0.4583330397564289,Brazil
2717,2,11.8000001907,14.158217697643076,2.3582175069430757,Brazil
2718,2,13.933333079,13.484377479550677,0.44895559944932373,Brazil
2719,2,12.1499996185,17.14365172947167,4.99365211097167,Brazil
2720,2,10.5333334605,13.77867245055805,3.24533899005805,Brazil
2721,2,11.7749998569,13.411389420963673,1.6363895640636734,Brazil
2722,2,6.5,14.087466279194295,7.587466279194295,Brazil
2723,2,6.95000004768,12.6216801405103,5.6716800928303,Brazil
2724,2,7.13333320618,13.607229047558432,6.473895841378432,Brazil
2725,2,11.7999998728,17.711078499366963,5.911078626566962,Brazil
2726,2,14.8499999046,13.382568311680028,1.4674315929199722,Brazil
2727,2,13.0,14.111597031704392,1.1115970317043917,Brazil
2728,2,10.625,13.127523255870466,2.502523255870466,Brazil
2729,2,13.1857141767,13.896195645207786,0.7104814685077869,Brazil
2730,2,12.4000002543,13.046724766589872,0.6467245122898717,Brazil
2731,2,7.70714291504,14.118022284708836,6.4108793696688355,Brazil
2732,2,11.9000001483,14.027467854603099,2.127467706303099,Brazil
2733,2,13.6999998093,14.174268994951946,0.47426918565194676,Brazil
2734,2,13.6000003815,12.480884425074244,1.1191159564257553,Brazil
2735,2,11.1000003815,11.545009380547498,0.4450089990474986,Brazil
2736,2,10.9600000381,14.32740052367733,3.3674004855773294,Brazil
2737,2,15.1999998093,12.640270326507492,2.5597294827925072,Brazil
2738,2,12.8571427209,14.358178064391609,1.5010353434916084,Brazil
2739,2,11.4499998093,12.69972334224397,1.249723532943971,Brazil
2740,2,8.38888888889,13.196795360342183,4.807906471452183,Brazil
2741,2,6.53333331599,10.842090416730176,4.308757100740176,Brazil
2742,2,15.0,14.434764881254061,0.5652351187459388,Brazil
2743,2,15.4333333969,13.957291109693509,1.476042287206491,Brazil
2744,2,7.53571435383,14.509767613477988,6.974053259647988,Brazil
2745,2,12.8999996185,13.364906079770186,0.46490646127018564,Brazil
2746,2,8.50454545021,13.544426603005768,5.039881152795768,Brazil
2747,2,6.10909089175,14.385254179023296,8.276163287273295,Brazil
2748,2,10.3333336512,13.625136945215818,3.2918032940158177,Brazil
2749,2,13.2000001272,13.954120651868163,0.7541205246681635,Brazil
2750,2,11.7400001526,16.002596332221827,4.262596179621827,Brazil
2751,2,14.7000000477,13.595483661798614,1.1045163859013858,Brazil
2752,2,7.86428570747,12.999638536871341,5.1353528294013415,Brazil
2753,2,11.1999998093,14.772712414900706,3.5727126056007066,Brazil
2754,2,8.39767442748,12.922079013721985,4.524404586241985,Brazil
2755,2,8.14062497765,13.851726221598168,5.711101243948168,Brazil
2756,2,9.85714285714,12.943908630025549,3.086765772885549,Brazil
2757,2,15.0,14.019308979553047,0.9806910204469528,Brazil
2758,2,13.6000001431,14.797588035587758,1.197587892487757,Brazil
2759,2,6.71666669846,12.33886890990217,5.622202211442169,Brazil
2760,2,13.5,12.28552257364541,1.2144774263545894,Brazil
2761,2,10.4499998093,13.94520134976066,3.495201540460661,Brazil
2762,2,12.3000001907,14.268671970222359,1.9686717795223583,Brazil
2763,2,11.1000003815,13.668192529034773,2.5681921475347735,Brazil
2764,2,12.1999998093,13.803970673714762,1.6039708644147623,Brazil
2765,2,16.2399999619,13.700170744192993,2.539829217707007,Brazil
2766,2,12.8999996185,11.672214700714601,1.2277849177853994,Brazil
2767,2,14.2799999237,13.528773515082115,0.7512264086178853,Brazil
2768,2,15.0500001907,12.932258637273321,2.1177415534266792,Brazil
2769,2,13.2000001272,14.248122755611716,1.0481226284117167,Brazil
2770,2,8.40000025431,13.113916348228944,4.713916093918945,Brazil
2771,2,13.2666664124,13.613195247012907,0.34652883461290784,Brazil
2772,2,15.1666668256,13.97367810452751,1.1929887210724903,Brazil
2773,2,11.6133333206,10.584150563148665,1.029182757451336,Brazil
2774,2,6.36666679382,13.600951578532243,7.2342847847122425,Brazil
2775,2,12.9800001144,12.42440330358929,0.5555968108107088,Brazil
2776,2,13.8666667938,13.598841176501836,0.2678256172981648,Brazil
2777,2,13.3000000173,12.752354611768066,0.5476454055319344,Brazil
2778,2,13.3571428571,12.565568044868169,0.7915748122318309,Brazil
2779,2,13.0625,14.017905306194699,0.9554053061946988,Brazil
2780,2,12.9000000954,13.36587174602191,0.46587165062191005,Brazil
2781,2,11.25,13.68231274260631,2.4323127426063103,Brazil
2782,2,13.0333334605,13.246048272517795,0.2127148120177953,Brazil
2783,2,13.2666665713,12.996166903612108,0.2704996676878917,Brazil
2784,2,8.19999980927,12.91043066348143,4.710430854211429,Brazil
2785,2,12.6000003815,13.574221945883625,0.9742215643836261,Brazil
2786,2,8.76250004768,14.2124448730601,5.449944825380101,Brazil
2787,2,13.4666668574,12.742203436915274,0.7244634204847262,Brazil
2788,2,11.1000003815,15.329774170358387,4.229773788858388,Brazil
2789,2,13.0600000381,11.939760603786876,1.120239434313124,Brazil
2790,2,10.25,12.582794869964037,2.3327948699640366,Brazil
2791,2,6.19000000954,13.88594732806937,7.69594731852937,Brazil
2792,2,14.2799999237,12.998275646324094,1.2817242773759059,Brazil
2793,2,11.6499996185,13.448112228615422,1.798112610115421,Brazil
2794,2,7.60000003468,13.397799228445912,5.797799193765912,Brazil
2795,2,13.3999996185,17.035519004922673,3.635519386422672,Brazil
2796,2,13.875,11.66500465411507,2.2099953458849306,Brazil
2797,2,12.1333335241,13.946493991419288,1.813160467319289,Brazil
2798,2,10.8299999237,14.247561230482859,3.417561306782858,Brazil
2799,2,8.13000020981,12.343486603120372,4.213486393310372,Brazil
2800,2,14.5999999046,13.310172389041206,1.2898275155587946,Brazil
2801,2,7.88928578581,13.233420820227073,5.344135034417072,Brazil
2802,2,10.1999998093,13.541405083942884,3.3414052746428844,Brazil
2803,2,12.6400001526,12.665051377146401,0.02505122454640052,Brazil
2804,2,12.4666668574,13.24373082663022,0.7770639692302197,Brazil
2805,2,13.1666666667,12.97035968983878,0.19630697686121934,Brazil
2806,2,11.9199998856,14.471367791356727,2.5513679057567273,Brazil
2807,2,11.544444508,14.058208386817633,2.513763878817633,Brazil
2808,2,14.2222224341,13.664177915136396,0.5580445189636052,Brazil
2809,2,12.2749998569,12.669736865345492,0.3947370084454924,Brazil
2810,2,12.2176471037,12.051590939177032,0.166056164522967,Brazil
2811,2,13.2285714831,12.699510146290958,0.5290613368090415,Brazil
2812,2,13.1666666667,12.010278183790769,1.1563884829092306,Brazil
2813,2,13.1499996185,12.733394417938664,0.416605200561337,Brazil
2814,2,11.5749998093,13.764234211733882,2.1892344024338826,Brazil
2815,2,13.6,12.849071512511541,0.7509284874884585,Brazil
2816,2,12.8,14.583647351823991,1.7836473518239906,Brazil
2817,2,13.3500003815,13.992392887475631,0.6423925059756321,Brazil
2818,2,13.5,11.03106843887872,2.4689315611212805,Brazil
2819,2,7.66666666667,13.149299022218766,5.482632355548766,Brazil
2820,2,5.80000019073,13.029449789086431,7.229449598356432,Brazil
2821,2,13.3000001907,15.867205335380623,2.5672051446806226,Brazil
2822,2,12.0499997139,11.190691896255416,0.8593078176445843,Brazil
2823,2,8.75,12.864026339943141,4.114026339943141,Brazil
2824,2,13.0666666031,13.54679883314059,0.48013223004059036,Brazil
2825,2,14.0,13.80474552146634,0.19525447853365918,Brazil
2826,2,9.80000019073,12.620632681703945,2.8206324909739457,Brazil
2827,2,6.57499998808,13.512605968900651,6.937605980820651,Brazil
2828,2,7.2607142755,13.233931216371957,5.973216940871957,Brazil
2829,2,12.9000000954,14.648008314545198,1.7480082191451984,Brazil
2830,2,12.8999996185,12.727639015647632,0.17236060285236832,Brazil
2831,2,13.2999997139,13.425132679135217,0.1251329652352169,Brazil
2832,2,7.38333336512,11.895241293017534,4.511907927897534,Brazil
2833,2,12.3428569521,13.90404340081869,1.56118644871869,Brazil
2834,2,8.42499995232,10.89450688541118,2.4695069330911803,Brazil
2835,2,12.4222222434,12.05395908784901,0.36826315555098965,Brazil
2836,2,6.38333328565,13.700888753719088,7.317555468069088,Brazil
2837,2,14.0999999046,13.476043743238801,0.6239561613611997,Brazil
2838,2,12.6000000636,12.483184231391018,0.11681583220898162,Brazil
2839,2,14.6846154286,13.238065316506816,1.4465501120931847,Brazil
2840,2,9.65000009537,13.72798247071306,4.07798237534306,Brazil
2841,2,10.4733332952,13.825545205169307,3.3522119099693075,Brazil
2842,2,11.7999997139,13.355771788400585,1.5557720745005845,Brazil
2843,2,13.2999998728,14.397130400349763,1.097130527549762,Brazil
2844,2,13.6999998093,12.792225956731874,0.9077738525681252,Brazil
2845,2,6.34545456279,13.807173719074672,7.461719156284673,Brazil
2846,2,15.3499999046,13.766847413654848,1.583152490945153,Brazil
2847,2,13.1000000636,13.703866269465054,0.6038662058650548,Brazil
2848,2,11.0999999046,13.435790706670312,2.3357908020703118,Brazil
2849,2,14.0600000381,13.525434242157862,0.5345657959421377,Brazil
2850,2,13.5,13.556625129829964,0.05662512982996404,Brazil
2851,2,9.32307690841,11.464761627872491,2.141684719462491,Brazil
2852,2,11.9000000954,15.6730055976275,3.7730055022275,Brazil
2853,2,12.6000003815,13.463542023990538,0.8635416424905387,Brazil
2854,2,6.60476191839,14.411665960897416,7.806904042507416,Brazil
2855,2,9.02499997616,13.43774791059764,4.41274793443764,Brazil
2856,2,14.1000003815,12.869679442458521,1.2303209390414782,Brazil
2857,2,8.7380952381,15.082071849558444,6.343976611458444,Brazil
2858,2,9.36000003815,13.67783875632605,4.31783871817605,Brazil
2859,2,10.7153845934,13.919816000397919,3.2044314069979194,Brazil
2860,2,11.0666666031,14.257451059052057,3.1907844559520573,Brazil
2861,2,6.17500001192,10.872809433441608,4.697809421521608,Brazil
2862,2,13.8499999046,14.07060942871221,0.22060952411220924,Brazil
2863,2,13.1000003815,11.938346864936067,1.1616535165639323,Brazil
2864,2,13.1199998856,11.319975647187164,1.8000242384128367,Brazil
2865,2,14.3499999046,11.76117959294628,2.58882031165372,Brazil
2866,2,11.0999999046,14.450286881552667,3.350286976952667,Brazil
2867,2,8.88000011444,14.405179246688999,5.525179132248999,Brazil
2868,2,7.0625000596,13.311106283444548,6.248606223844549,Brazil
2869,2,13.4800001144,14.025801512905986,0.5458013985059864,Brazil
2870,2,7.23333326976,14.093555300267207,6.860222030507207,Brazil
2871,2,13.2000002861,13.28575591728904,0.0857556311890395,Brazil
2872,2,11.8000001907,14.45440885106936,2.6544086603693593,Brazil
2873,2,11.5666666031,11.698333308740873,0.1316667056408729,Brazil
2874,2,13.3399999619,13.726677055243501,0.38667709334350064,Brazil
2875,2,8.60000038147,13.76440461364545,5.16440423217545,Brazil
2876,2,7.02499997616,12.499588686820285,5.474588710660285,Brazil
2877,2,9.41034491309,13.376738612778613,3.966393699688613,Brazil
2878,2,9.75,13.273786306283203,3.5237863062832027,Brazil
2879,2,13.0750000477,13.262347662792259,0.18734761509225883,Brazil
2880,2,13.6384615531,13.283687323721667,0.354774229378334,Brazil
2881,2,15.5,12.196987725528553,3.303012274471447,Brazil
2882,2,13.0500001907,13.385587784392328,0.3355875936923276,Brazil
2883,2,12.6000000636,11.685823901755535,0.9141761618444644,Brazil
2884,2,13.8000001907,13.205189451565087,0.594810739134914,Brazil
2885,2,8.43225806759,13.286881696833895,4.8546236292438945,Brazil
2886,2,12.25,13.35165328990402,1.1016532899040197,Brazil
2887,2,11.3000001907,13.419906761711072,2.1199065710110716,Brazil
2888,2,12.5999999046,12.23185956335431,0.36814034124568984,Brazil
2889,2,13.2000001272,13.65294411264571,0.45294398544571024,Brazil
2890,2,9.0,13.779061734292455,4.779061734292455,Brazil
2891,2,11.0,14.125702077818717,3.1257020778187172,Brazil
2892,2,12.1,15.43789764366137,3.337897643661371,Brazil
2893,2,7.0,13.33985141564304,6.3398514156430394,Brazil
2894,2,15.6999998093,12.806218818680378,2.8937809906196215,Brazil
2895,2,7.54285710199,11.969892358480092,4.427035256490091,Brazil
2896,2,8.61428560529,13.639250967944463,5.024965362654463,Brazil
2897,2,9.94999980927,13.715268336815537,3.765268527545537,Brazil
2898,2,11.3500003815,13.680457908145355,2.3304575266453558,Brazil
2899,2,12.3999996185,14.49769573402516,2.09769611552516,Brazil
2900,2,13.6499996185,13.368270364144122,0.2817292543558789,Brazil
2901,2,10.1666669846,11.342381151744489,1.1757141671444877,Brazil
2902,2,12.2777777778,13.718851866316367,1.4410740885163662,Brazil
2903,2,13.1666669846,12.234645042359016,0.9320219422409846,Brazil
2904,2,13.8499999046,13.992881869109185,0.14288196450918456,Brazil
2905,2,11.0666666031,14.013213528950033,2.9465469258500327,Brazil
2906,2,10.5,13.64067333090553,3.14067333090553,Brazil
2907,2,13.7599998474,14.24583951266493,0.4858396652649297,Brazil
2908,2,10.7999998728,15.125088117404088,4.325088244604087,Brazil
2909,2,7.48000001907,11.736483920120538,4.2564839010505375,Brazil
2910,2,10.4000000954,12.61493535184484,2.214935256444841,Brazil
2911,2,12.6500000954,13.661766603220432,1.0117665078204325,Brazil
2912,2,12.5333334605,14.480874680643609,1.9475412201436093,Brazil
2913,2,11.5555554496,14.774551900696055,3.2189964510960554,Brazil
2914,2,12.7333332698,12.458823042309202,0.2745102274907971,Brazil
2915,2,5.42777776718,12.97353878596174,7.545761018781739,Brazil
2916,2,15.4500000477,13.492597513639927,1.9574025340600727,Brazil
2917,2,15.066666921,14.084107852443939,0.9825590685560606,Brazil
2918,2,12.2999997139,10.497724365537229,1.8022753483627714,Brazil
2919,2,12.5428570339,12.937841689980218,0.3949846560802168,Brazil
2920,2,11.9125001431,12.696803912414362,0.7843037693143611,Brazil
2921,2,11.625,11.53826682733759,0.08673317266240943,Brazil
2922,2,14.8499999046,13.679990081867016,1.1700098227329843,Brazil
2923,2,14.6500000954,13.659525131397785,0.9904749640022139,Brazil
2924,2,14.1999998093,13.198821358559325,1.0011784507406745,Brazil
2925,2,11.1666666667,14.965544722777853,3.7988780560778537,Brazil
2926,2,8.80000019073,13.032484153683196,4.2324839629531965,Brazil
2927,2,7.625,12.4915634813755,4.8665634813755005,Brazil
2928,2,10.1285714422,13.10099917899186,2.9724277367918592,Brazil
2929,2,11.1999998093,13.376716763642403,2.176716954342403,Brazil
2930,2,9.99999988079,13.00579618458259,3.0057963037925894,Brazil
2931,2,14.0333334605,13.124982144895426,0.9083513156045733,Brazil
2932,2,11.5499997139,14.007887264698203,2.457887550798203,Brazil
2933,2,13.9916667144,14.692321147161895,0.700654432761894,Brazil
2934,2,8.15161292784,12.570444915050729,4.418831987210728,Brazil
2935,2,14.4000000954,13.362087130666627,1.0379129647333727,Brazil
2936,2,11.1000000636,14.125768335363782,3.0257682717637824,Brazil
2937,2,6.10000002384,13.995544879434402,7.895544855594402,Brazil
2938,2,7.5799999555,13.534531371659373,5.954531416159373,Brazil
2939,2,6.53599998474,15.310148569382363,8.774148584642363,Brazil
2940,2,7.6875,13.584920669133757,5.897420669133757,Brazil
2941,2,8.04000005722,13.08046041991485,5.04046036269485,Brazil
2942,2,9.20000019073,14.456140568183189,5.256140377453189,Brazil
2943,2,8.89999961853,14.018095640212001,5.1180960216820015,Brazil
2944,2,14.3999996185,12.213088244687931,2.1869113738120696,Brazil
2945,2,6.79999995232,13.1067082756662,6.3067083233462,Brazil
2946,2,6.46666669846,11.920168044428234,5.453501345968234,Brazil
2947,2,13.8809524718,13.01200593744219,0.8689465343578107,Brazil
2948,2,9.7999997139,13.929933150328765,4.1299334364287645,Brazil
2949,2,9.40000009537,12.418067196831739,3.018067101461739,Brazil
2950,2,5.4153846594,13.17633863549142,7.760953976091421,Brazil
2951,2,7.09999990463,13.307879901708397,6.207879997078397,Brazil
2952,2,8.89999961853,11.310934793246924,2.410935174716924,Brazil
2953,2,13.5,15.054880895277561,1.5548808952775612,Brazil
2954,2,14.0,12.219562219086363,1.780437780913637,Brazil
2955,2,10.75,12.796754367790975,2.0467543677909745,Brazil
2956,2,9.41249990463,11.262963878853228,1.8504639742232278,Brazil
2957,2,9.86818174882,14.182030833857578,4.313849085037578,Brazil
2958,2,7.10606063496,14.079672256659194,6.9736116216991935,Brazil
2959,2,11.3000001907,12.228674164176823,0.9286739734768226,Brazil
2960,2,10.4777779049,13.60370376437708,3.1259258594770802,Brazil
2961,2,14.0142856325,13.744066592548887,0.2702190399511135,Brazil
2962,2,11.6333335241,13.391958066288339,1.7586245421883397,Brazil
2963,2,7.45000004768,13.734063134603732,6.284063086923732,Brazil
2964,2,14.1500000954,12.486807107828273,1.6631929875717262,Brazil
2965,2,12.8000001907,13.0890071319838,0.2890069412837999,Brazil
2966,2,12.8999996185,14.545747876836984,1.6457482583369831,Brazil
2967,2,10.2166665395,13.365984300595954,3.149317761095954,Brazil
2968,2,14.3999999364,13.65867393113167,0.7413260052683306,Brazil
2969,2,11.5666666031,13.157870229147056,1.5912036260470561,Brazil
2970,2,12.1000000636,14.464173619392195,2.3641735557921955,Brazil
2971,2,11.9749999642,12.496770886991099,0.5217709227910987,Brazil
2972,2,10.8250000477,13.912209026235434,3.0872089785354344,Brazil
2973,2,14.8,12.725270249816923,2.074729750183078,Brazil
2974,2,12.5083333651,13.459359823515431,0.9510264584154307,Brazil
2975,2,7.01428576878,13.383816484327149,6.369530715547149,Brazil
2976,2,5.85000014305,13.38153795611578,7.53153781306578,Brazil
2977,2,12.9000003338,13.572999303115406,0.6729989693154064,Brazil
2978,2,16.6000003815,11.994823156646756,4.605177224853243,Brazil
2979,2,13.1500000954,12.769019887502076,0.38098020789792386,Brazil
2980,2,6.71999998093,13.581789976553281,6.8617899956232815,Brazil
2981,2,12.0,14.072053118662852,2.0720531186628524,Brazil
2982,2,11.8999996185,14.030885938089867,2.130886319589866,Brazil
2983,2,13.4499999682,14.323593865164476,0.8735938969644756,Brazil
2984,2,13.3999996185,14.540992592820547,1.1409929743205467,Brazil
2985,2,13.4399999619,13.779751835962202,0.33975187406220186,Brazil
2986,2,10.4499998093,13.874373620847765,3.424373811547765,Brazil
2987,2,14.6999998093,13.378492831783632,1.3215069775163677,Brazil
2988,2,6.90000002725,12.734418568048294,5.8344185407982945,Brazil
2989,2,12.914285796,12.991605103663384,0.0773193076633838,Brazil
2990,2,12.7249999046,13.123058158164074,0.39805825356407354,Brazil
2991,2,10.3571427209,13.943927683201474,3.586784962301474,Brazil
2992,2,10.8000001907,8.827347466525262,1.972652724174738,Brazil
2993,2,8.72500014305,13.637240523924604,4.912240380874604,Brazil
2994,2,9.89999961853,14.891160087787034,4.991160469257034,Brazil
2995,2,11.3500003815,15.34017055213257,3.9901701706325703,Brazil
2996,2,13.3250000477,12.725614155460123,0.5993858922398765,Brazil
2997,2,15.6333332062,12.62547717372046,3.0078560324795394,Brazil
2998,2,11.9499998093,13.286213190732193,1.3362133814321933,Brazil
2999,2,11.477777799,14.697069530681226,3.219291731681226,Brazil
3000,2,8.44999980927,11.373044682046977,2.923044872776977,Brazil
3001,2,13.120000267,13.275765347807646,0.15576508080764562,Brazil
3002,2,7.79375004768,14.77355580609333,6.979805758413331,Brazil
3003,2,5.9888888465,13.028149702200198,7.039260855700197,Brazil
3004,2,12.1500003338,13.833880049140264,1.6838797153402645,Brazil
3005,2,8.00000023842,13.78430602502734,5.784305786607339,Brazil
3006,2,13.0333334605,15.609223436859498,2.5758899763594982,Brazil
3007,2,9.03181817315,13.85473673153562,4.82291855838562,Brazil
3008,2,13.1000003815,10.8105409928564,2.2894593886436,Brazil
3009,2,8.2916667064,11.615769151366873,3.324102444966874,Brazil
3010,2,10.75,11.98787267036857,1.2378726703685707,Brazil
3011,2,13.3000001907,11.186883675159198,2.1131165155408027,Brazil
3012,2,12.6666666667,13.79814848485019,1.1314818181501902,Brazil
3013,2,12.4000000954,13.610651295467337,1.2106512000673373,Brazil
3014,2,10.1,13.430018760380563,3.330018760380563,Brazil
3015,2,6.25714288439,12.946901539437013,6.6897586550470125,Brazil
3016,2,12.2294117423,12.459906054934791,0.23049431263479114,Brazil
3017,2,12.9400001526,12.022888311149622,0.917111841450378,Brazil
3018,2,14.5500001907,13.6908821548984,0.8591180358016004,Brazil
3019,2,11.7999997139,14.042429645872302,2.2424299319723016,Brazil
3020,2,14.3499999046,13.750555717852164,0.5994441867478368,Brazil
3021,2,11.5750000477,15.245758312888665,3.670758265188665,Brazil
3022,2,13.8499999046,14.552240802725333,0.7022408981253321,Brazil
3023,2,6.07857145582,13.633413861793942,7.554842405973942,Brazil
3024,2,8.70000012716,12.646587680105803,3.946587552945804,Brazil
3025,2,12.5782609608,10.881912389177266,1.6963485716227336,Brazil
3026,2,13.0,12.482989600776508,0.5170103992234925,Brazil
3027,2,12.6461538168,12.605358432045305,0.04079538475469491,Brazil
3028,2,12.6000000636,13.978858072646567,1.3788580090465672,Brazil
3029,2,10.7199999809,14.610013905806028,3.890013924906027,Brazil
3030,2,7.98333338896,13.421253206102913,5.437919817142912,Brazil
3031,2,13.8333336512,13.593224224234024,0.24010942696597581,Brazil
3032,2,15.7666667302,13.791698622740505,1.974968107459496,Brazil
3033,2,11.1999998093,13.433474111262282,2.233474301962282,Brazil
3034,2,6.05217390475,13.72468024867937,7.67250634392937,Brazil
3035,2,8.71999988556,13.97509302174306,5.25509313618306,Brazil
3036,2,5.9368421404,13.821464901184632,7.884622760784632,Brazil
3037,2,6.46833333174,13.563940928382614,7.095607596642614,Brazil
3038,2,14.1999998093,15.487185168213466,1.287185358913467,Brazil
3039,2,5.90000009537,14.033593841980569,8.133593746610568,Brazil
3040,2,12.3999996185,13.334416209967957,0.9344165914679561,Brazil
3041,2,6.44999980927,13.435953449871054,6.985953640601053,Brazil
3042,2,11.2999998728,13.927572111638288,2.6275722388382867,Brazil
3043,2,7.14545449344,11.653498926687947,4.508044433247947,Brazil
3044,2,9.38000011444,14.389482336718531,5.009482222278532,Brazil
3045,2,6.95862071267,13.140525508347114,6.181904795677114,Brazil
3046,2,13.1999998093,13.27754252675248,0.07754271745248076,Brazil
3047,2,6.87142852374,13.318658822555005,6.447230298815005,Brazil
3048,2,10.0999999046,13.849758181530841,3.749758276930841,Brazil
3049,2,9.6033708058,13.379379793889822,3.7760089880898224,Brazil
3050,2,7.74285718373,13.056703410938171,5.313846227208171,Brazil
3051,2,8.39999993642,12.849710261392078,4.449710324972077,Brazil
3052,2,7.04999995232,15.208166062992166,8.158166110672166,Brazil
3053,2,7.5,15.00161917046597,7.50161917046597,Brazil
3054,2,6.88000011444,13.677357545578943,6.797357431138943,Brazil
3055,2,11.8999996185,16.11742739797836,4.21742777947836,Brazil
3056,2,14.2727272727,15.320037909458167,1.0473106367581675,Brazil
3057,2,7.06666676203,14.459739185085335,7.393072423055335,Brazil
3058,2,14.0,14.031765771048327,0.03176577104832745,Brazil
3059,2,5.93333334393,10.711819534667317,4.778486190737317,Brazil
3060,2,7.68571438108,13.660222106120605,5.9745077250406045,Brazil
3061,2,10.3499999728,14.374422509180915,4.024422536380916,Brazil
3062,2,13.25,13.649148702641295,0.39914870264129476,Brazil
3063,2,6.95000004768,13.511855271254507,6.561855223574508,Brazil
3064,2,13.0399999619,13.71017462510655,0.6701746632065504,Brazil
3065,2,11.4000000272,13.33819932481099,1.9381992976109892,Brazil
3066,2,10.1699999809,13.086155042396095,2.916155061496095,Brazil
3067,2,10.25,16.392049854369805,6.142049854369805,Brazil
3068,2,10.3999999364,13.586871189877598,3.186871253477598,Brazil
3069,2,13.5,13.528847240358582,0.02884724035858177,Brazil
3070,2,12.6500000954,13.956984329288128,1.3069842338881283,Brazil
3071,2,12.1999998093,13.96119196091,1.7611921516100004,Brazil
3072,2,8.26538471075,13.673899447326065,5.408514736576064,Brazil
3073,2,12.8600000381,15.771216103706472,2.911216065606471,Brazil
3074,2,11.8499999046,13.581346693524601,1.7313467889246006,Brazil
3075,2,7.03333330154,14.293133782972108,7.259800481432108,Brazil
3076,2,12.9624999762,13.931279063451584,0.9687790872515833,Brazil
3077,2,13.1749999523,14.273010387187734,1.0980104348877333,Brazil
3078,2,14.1428570066,13.649272915781431,0.4935840908185689,Brazil
3079,2,12.6999999827,12.25821594375465,0.44178403894535023,Brazil
3080,2,5.76666673024,14.683575550642637,8.916908820402636,Brazil
3081,2,13.0,13.215281108057495,0.21528110805749456,Brazil
3082,2,5.94999992847,13.257781129911649,7.307781201441649,Brazil
3083,2,12.8500001431,13.100706959308411,0.2507068162084103,Brazil
3084,2,12.7399998665,13.339067444346957,0.5990675778469576,Brazil
3085,2,7.10000006358,10.76759513906438,3.66759507548438,Brazil
3086,2,14.8499999046,14.119817982905351,0.7301819216946495,Brazil
3087,2,13.9400001526,14.117283302825953,0.17728315022595353,Brazil
3088,2,7.94999996821,13.790571167906942,5.840571199696941,Brazil
3089,2,5.40000009537,12.519038348318938,7.119038252948938,Brazil
3090,2,5.70624992251,13.252813575375363,7.5465636528653635,Brazil
3091,2,12.6600000381,14.046257806959538,1.3862577688595383,Brazil
3092,2,11.3999996185,13.031200665697995,1.6312010471979939,Brazil
3093,2,8.52857153756,13.502929043194293,4.974357505634293,Brazil
3094,2,13.1333332062,13.71733015647849,0.5839969502784896,Brazil
3095,2,10.75,13.839934164134787,3.089934164134787,Brazil
3096,2,12.9499998093,14.065095142850721,1.1150953335507214,Brazil
3097,2,13.5222220951,14.35985057275232,0.83762847765232,Brazil
3098,2,11.6000003815,16.052647252577337,4.452646871077338,Brazil
3099,2,13.0,14.3085680153076,1.3085680153075998,Brazil
3100,2,11.2999998728,15.90406305030844,4.60406317750844,Brazil
3101,2,13.1000003815,14.006054169925196,0.9060537884251971,Brazil
3102,2,11.8111111323,13.938764332745043,2.1276532004450424,Brazil
3103,2,11.6999998093,11.667224404335073,0.03277540496492648,Brazil
3104,2,8.0,8.068451871156032,0.06845187115603224,Brazil
3105,2,8.4666668574,14.04602744168936,5.579360584289359,Brazil
3106,2,11.6500000954,14.058932489777908,2.408932394377908,Brazil
3107,2,9.80000019073,13.938794729518886,4.138794538788886,Brazil
3108,2,14.4000000954,15.025746689418284,0.6257465940182847,Brazil
3109,2,5.87058821846,13.193075454521942,7.322487236061942,Brazil
3110,2,12.25,13.820906989261474,1.5709069892614735,Brazil
3111,2,6.04999995232,13.46221894231634,7.41221898999634,Brazil
3112,2,10.0,11.886932416673844,1.8869324166738437,Brazil
3113,2,12.25,12.699714846006955,0.4497148460069553,Brazil
3114,2,13.8624999523,11.648442060885838,2.2140578914141624,Brazil
3115,2,6.39166673024,13.009511339702101,6.617844609462101,Brazil
3116,2,8.79999987284,12.863257265509729,4.063257392669728,Brazil
3117,2,13.2666667302,13.16565463724254,0.10101209295746116,Brazil
3118,2,10.2666667302,12.486165516108201,2.2194987859082005,Brazil
3119,2,7.61176479564,11.29931620839491,3.6875514127549094,Brazil
3120,2,13.25,13.310337314552394,0.06033731455239355,Brazil
3121,2,6.21666661898,13.988356999773718,7.771690380793718,Brazil
3122,2,12.8333330154,14.115078378155834,1.281745362755835,Brazil
3123,2,12.1,14.780611448781542,2.6806114487815424,Brazil
3124,2,5.5,13.21331494236545,7.71331494236545,Brazil
3125,2,12.8999996185,13.46289477805864,0.5628951595586393,Brazil
3126,2,12.5,13.397480334128842,0.8974803341288418,Brazil
3127,2,8.36666663488,14.726520525080979,6.359853890200979,Brazil
3128,2,13.6999998093,13.437035632454801,0.26296417684519824,Brazil
3129,2,5.57857148988,12.843088311503465,7.264516821623465,Brazil
3130,2,11.9727271687,12.904966722759639,0.9322395540596382,Brazil
3131,2,5.64999995232,12.75078429146326,7.10078433914326,Brazil
3132,2,15.0249998569,13.135846805101673,1.889153051798326,Brazil
3133,2,11.1727273247,13.336772587852092,2.164045263152092,Brazil
3134,2,7.5,12.48669792470372,4.986697924703719,Brazil
3135,2,13.4999998093,13.491065826104398,0.008933983195602124,Brazil
3136,2,15.5750000477,13.955933124794047,1.6190669229059527,Brazil
3137,2,6.93103444987,14.051165087535257,7.120130637665256,Brazil
3138,2,6.74444447623,12.342523099839381,5.598078623609381,Brazil
3139,2,10.3999999762,11.245692851178172,0.8456928749781714,Brazil
3140,2,9.12499976158,13.800636501157324,4.675636739577325,Brazil
3141,2,11.0000002384,13.302239519939631,2.302239281539631,Brazil
3142,2,12.2499998411,14.304410959229303,2.0544111181293037,Brazil
3143,2,9.52000017166,13.744952764186998,4.224952592526998,Brazil
3144,2,14.6749999523,13.60115035407739,1.0738495982226102,Brazil
3145,2,8.75,14.53344792839556,5.78344792839556,Brazil
3146,2,7.8266667366,13.91240539361942,6.085738657019419,Brazil
3147,2,10.6999998093,13.399757167668387,2.6997573583683874,Brazil
3148,2,8.87500023842,12.83430147226909,3.9593012338490894,Brazil
3149,2,13.6000000636,14.22006346682483,0.6200634032248296,Brazil
3150,2,12.6500000954,12.825346393195947,0.17534629779594724,Brazil
3151,2,12.4600002289,11.989850672127353,0.4701495567726468,Brazil
3152,2,7.09999995232,11.966472918655032,4.866472966335032,Brazil
3153,2,8.89999961853,12.93097206586582,4.03097244733582,Brazil
3154,2,11.625,14.223185999590696,2.5981859995906955,Brazil
3155,2,12.6749999523,16.987630754045966,4.312630801745966,Brazil
3156,2,8.36666647593,13.037873124989922,4.671206649059922,Brazil
3157,2,13.3400000572,12.903951016380242,0.43604904081975704,Brazil
3158,2,5.69999980927,13.26380768667978,7.563807877409779,Brazil
3159,2,13.5499999523,12.846062954580717,0.7039369977192838,Brazil
3160,2,12.1999998093,13.541551740283953,1.3415519309839539,Brazil
3161,2,11.6999998093,10.740246809223336,0.9597530000766632,Brazil
3162,2,7.96666663488,13.474459143484452,5.507792508604452,Brazil
3163,2,7.02500009537,13.834858271118577,6.809858175748577,Brazil
3164,2,6.80000019073,13.498432454622737,6.698432263892737,Brazil
3165,2,13.8000001907,13.038533297809636,0.7614668928903647,Brazil
3166,2,7.86111124357,13.64204542001529,5.78093417644529,Brazil
3167,2,13.3000001907,11.266366170675042,2.0336340200249587,Brazil
3168,2,12.6000000636,14.300191062051239,1.700190998451239,Brazil
3169,2,10.8999996185,13.901740978282735,3.0017413597827343,Brazil
3170,2,11.6999998093,10.862660938477969,0.8373388708220304,Brazil
3171,2,13.5,14.381305394441654,0.8813053944416538,Brazil
3172,2,14.1999998093,13.813396445961079,0.38660336333892076,Brazil
3173,2,15.1999998093,13.772551978735553,1.4274478305644465,Brazil
3174,2,14.2499998411,13.206115113650458,1.0438847274495409,Brazil
3175,2,8.0,12.827983036422928,4.827983036422928,Brazil
3176,2,6.70000004768,13.525899663636638,6.825899615956638,Brazil
3177,2,7.94999996821,13.892237463023537,5.942237494813537,Brazil
3178,2,5.72857141495,13.617917580110763,7.889346165160763,Brazil
3179,2,11.0714285714,13.838917917354799,2.7674893459547985,Brazil
3180,2,13.9500002861,13.6973807869451,0.2526194991548998,Brazil
3181,2,13.3000001907,13.753639101772292,0.45363891107229115,Brazil
3182,2,12.5666666031,13.142980807641814,0.5763142045418146,Brazil
3183,2,7.8,13.68889065925157,5.88889065925157,Brazil
3184,2,10.8599998474,14.152316799990308,3.2923169525903084,Brazil
3185,2,11.2833334605,14.83012787880264,3.5467944183026408,Brazil
3186,2,10.0214285987,14.48421670964999,4.46278811094999,Brazil
3187,2,14.2000000477,13.887653833156318,0.31234621454368217,Brazil
3188,2,13.8749997616,14.323524781617003,0.44852502001700323,Brazil
3189,2,10.4000001907,14.247160828575407,3.8471606378754064,Brazil
3190,2,12.5,14.163642320195725,1.6636423201957253,Brazil
3191,2,12.2999999523,14.197568424034902,1.8975684717349015,Brazil
3192,2,12.1666666667,13.792674176680507,1.6260075099805071,Brazil
3193,2,9.89999961853,13.64051621328623,3.7405165947562296,Brazil
3194,2,14.433333238,15.263788400969382,0.8304551629693826,Brazil
3195,2,6.09999990463,13.1514875697301,7.051487665100101,Brazil
3196,2,11.1814815733,13.710613138206382,2.5291315649063826,Brazil
3197,2,11.3826086625,13.461018382715624,2.0784097202156246,Brazil
3198,2,12.0,13.849704196551581,1.8497041965515812,Brazil
3199,2,12.3499999046,13.964303041142662,1.6143031365426612,Brazil
3200,2,8.09999990463,14.384216438581186,6.284216533951186,Brazil
3201,2,7.35714285714,13.652725304084868,6.295582446944867,Brazil
3202,2,8.89999993642,14.022929091346601,5.1229291549266005,Brazil
3203,2,6.96153846154,12.859755978082093,5.898217516542093,Brazil
3204,2,13.3999996185,13.042795624632841,0.3572039938671594,Brazil
3205,2,11.3999996185,14.335195747408424,2.935196128908423,Brazil
3206,2,13.0666666031,12.829624400581993,0.23704220251800656,Brazil
3207,2,13.1999998093,14.0219972680197,0.8219974587197001,Brazil
3208,2,6.11875000596,13.588185266607223,7.469435260647223,Brazil
3209,2,12.6000000636,13.008285194729273,0.4082851311292739,Brazil
3210,2,10.875,18.36802505488302,7.49302505488302,Brazil
3211,2,14.3000001907,13.108150543927248,1.1918496467727522,Brazil
3212,2,13.1999998093,12.743199866250407,0.45679994304959237,Brazil
3213,2,10.9499998093,14.200165641127576,3.2501658318275766,Brazil
3214,2,12.1999998093,13.996272930314037,1.7962731210140372,Brazil
3215,2,12.4619047982,13.071905156418786,0.6100003582187856,Brazil
3216,2,12.75,13.360960581663317,0.610960581663317,Brazil
3217,2,10.4000000954,12.896932296531855,2.4969322011318553,Brazil
3218,2,8.33333333333,13.491836793900188,5.158503460570188,Brazil
3219,2,13.3999996185,13.642132641044784,0.24213302254478286,Brazil
3220,2,11.3000001907,13.631526285510589,2.331526094810588,Brazil
3221,2,14.3999996185,12.643003172215776,1.7569964462842247,Brazil
3222,2,12.1666666667,13.917684618896343,1.751017952196344,Brazil
3223,2,13.9750001431,13.055812671118382,0.9191874719816191,Brazil
3224,2,7.02222220103,13.560831546302119,6.538609345272119,Brazil
3225,2,12.2333332698,13.387545847401912,1.1542125776019123,Brazil
3226,2,14.2750003338,13.206092780836228,1.068907552963772,Brazil
3227,2,12.9399999619,13.556978794702696,0.6169788328026957,Brazil
3228,2,13.25,13.885087975426972,0.6350879754269716,Brazil
3229,2,13.0999999046,14.667047435466943,1.567047530866942,Brazil
3230,2,12.6000003815,12.118638737697303,0.4813616438026962,Brazil
3231,2,8.625,13.669681258076842,5.044681258076842,Brazil
3232,2,13.0,14.07479204563952,1.0747920456395192,Brazil
3233,2,11.2200000763,14.479107952597355,3.259107876297355,Brazil
3234,2,13.7875000238,13.841570657451527,0.05407063365152709,Brazil
3235,2,15.0999999046,12.966571101192324,2.1334288034076767,Brazil
3236,2,15.0249998569,13.81298854233985,1.212011314560149,Brazil
3237,2,16.75,14.985816382054114,1.7641836179458856,Brazil
3238,2,9.93333339691,12.612637053863043,2.679303656953044,Brazil
3239,2,11.2190475464,13.95894806294157,2.739900516541569,Brazil
3240,2,11.3749997616,14.419636491848227,3.044636730248227,Brazil
3241,2,7.02000007629,13.074365563275567,6.054365486985567,Brazil
3242,2,7.36666663488,11.141731958837381,3.7750653239573815,Brazil
3243,2,5.96250009537,13.832829330551457,7.870329235181456,Brazil
3244,2,12.1666666667,13.739755865248505,1.5730891985485052,Brazil
3245,2,7.53333338102,13.078689317543969,5.545355936523968,Brazil
3246,2,14.7250001431,15.274812181354353,0.5498120382543519,Brazil
3247,2,12.4333333969,12.672671509346701,0.2393381124467009,Brazil
3248,2,13.5499997139,13.728929848310536,0.1789301344105354,Brazil
3249,2,12.1853658397,12.606980997608288,0.4216151579082883,Brazil
3250,2,13.8666667938,13.917929524815849,0.05126273101584822,Brazil
3251,2,13.2999999523,12.635371243925693,0.6646287083743072,Brazil
3252,2,12.5499997139,13.50973256262127,0.95973284872127,Brazil
3253,2,8.27999973297,13.801309096820816,5.521309363850817,Brazil
3254,2,10.5333331426,11.886254481998648,1.3529213393986481,Brazil
3255,2,10.7393939856,13.58657446147263,2.84718047587263,Brazil
3256,2,10.5,14.002413514127397,3.5024135141273973,Brazil
3257,2,12.2250001431,11.18195138261046,1.0430487604895404,Brazil
3258,2,13.0,13.52847734391434,0.5284773439143393,Brazil
3259,2,12.3000001907,15.913820430971025,3.613820240271025,Brazil
3260,2,11.1999999682,13.520431606640582,2.3204316384405814,Brazil
3261,2,13.1999998093,13.258999921302745,0.05900011200274591,Brazil
3262,2,10.8000001907,14.354976125642759,3.5549759349427585,Brazil
3263,2,13.1199998856,13.383421068677443,0.2634211830774422,Brazil
3264,2,8.65454543721,12.852094723587685,4.197549286377685,Brazil
3265,2,14.2999997139,15.377796273541236,1.0777965596412358,Brazil
3266,2,7.86000000636,13.177564265066824,5.317564258706824,Brazil
3267,2,6.23333332274,13.511589293104528,7.278255970364528,Brazil
3268,2,11.1000003815,17.816192601652126,6.716192220152127,Brazil
3269,2,12.6999998093,14.224329235638182,1.5243294263381824,Brazil
3270,2,11.6999998093,12.019837706077698,0.3198378967776989,Brazil
3271,2,7.47999992371,13.449020797713764,5.969020874003764,Brazil
3272,2,11.1000003815,10.9034721333221,0.1965282481778985,Brazil
3273,2,12.9500002861,11.147385361833873,1.802614924266127,Brazil
3274,2,11.9000000954,12.233216539413526,0.33321644401352657,Brazil
3275,2,13.1000003815,14.564340424996555,1.4643400434965557,Brazil
3276,2,12.2416665554,13.483289237403369,1.241622682003369,Brazil
3277,2,6.7074074392,12.504509778528037,5.797102339328037,Brazil
3278,2,12.375,15.38413374332198,3.0091337433219802,Brazil
3279,2,13.066666921,14.543617937276775,1.4769510162767752,Brazil
3280,2,13.2999999523,14.036239987022617,0.7362400347226163,Brazil
3281,2,9.03000001907,13.360474027366276,4.330474008296276,Brazil
3282,2,12.9666665395,12.810507085187389,0.15615945431261125,Brazil
3283,2,12.8000001907,14.141671242247154,1.341671051547154,Brazil
3284,2,11.7500002384,11.63320187639333,0.11679836200667104,Brazil
3285,2,12.6999998093,12.85743392337602,0.15743411407602004,Brazil
3286,2,6.37142848969,13.264192846630824,6.892764356940823,Brazil
3287,2,7.58750003576,12.9818784781023,5.394378442342299,Brazil
3288,2,11.0499997139,17.97139386734329,6.921394153443291,Brazil
3289,2,9.27142851693,14.065479797992888,4.794051281062888,Brazil
3290,2,12.9499999927,13.0716212305758,0.12162123787580015,Brazil
3291,2,6.56666668256,13.103393591627638,6.536726909067638,Brazil
3292,2,8.71249997616,11.141365938882778,2.428865962722778,Brazil
3293,2,13.3333333333,13.320345377841257,0.012987955458743983,Brazil
3294,2,11.9499998093,13.058627901333324,1.1086280920333245,Brazil
3295,2,13.6000000636,13.75552519232025,0.15552512872025126,Brazil
3296,2,13.6999998093,13.626838940881333,0.07316086841866642,Brazil
3297,2,7.25,10.878272716836467,3.6282727168364666,Brazil
3298,2,11.0999999046,14.307120604383751,3.2071206997837507,Brazil
3299,2,10.1000003815,14.227600966880516,4.127600585380517,Brazil
3300,2,7.77826085298,13.606535058001754,5.828274205021754,Brazil
3301,2,7.25,13.348450330592875,6.0984503305928754,Brazil
3302,2,12.9000000954,13.376455246857567,0.4764551514575679,Brazil
3303,2,10.9499998093,17.135734369397458,6.185734560097458,Brazil
3304,2,12.7999997139,13.749128866249208,0.949129152349208,Brazil
3305,2,10.7750000954,14.037266846469631,3.2622667510696317,Brazil
3306,2,8.17500007153,13.686841510680082,5.511841439150082,Brazil
3307,2,7.66666666667,14.54705907105378,6.88039240438378,Brazil
3308,2,15.6666666667,13.362299807770604,2.304366858929395,Brazil
3309,2,15.0666666031,12.47644129533727,2.5902253077627293,Brazil
3310,2,12.3666667938,13.477974129228041,1.111307335428041,Brazil
3311,2,11.6000003815,13.757704450964347,2.157704069464348,Brazil
3312,2,9.32499980927,12.60643679794319,3.281436988673189,Brazil
3313,2,13.6000003815,13.382858600409467,0.2171417810905325,Brazil
3314,2,12.75,13.212199105057966,0.4621991050579659,Brazil
3315,2,12.0333333545,12.888442755992333,0.8551094014923333,Brazil
3316,2,12.3999996185,14.478083887625262,2.0780842691252612,Brazil
3317,2,12.3000001907,17.552519033250157,5.252518842550156,Brazil
3318,2,9.03636368838,13.610412277625748,4.5740485892457485,Brazil
3319,2,14.6999998093,13.34510357147989,1.3548962378201104,Brazil
3320,2,12.6000003815,13.166050286919544,0.5660499054195451,Brazil
3321,2,10.8250000477,13.198372149890417,2.3733721021904177,Brazil
3322,2,11.2999997139,10.945582246799027,0.35441746710097277,Brazil
3323,2,11.1714285442,13.484425067759268,2.312996523559269,Brazil
3324,2,13.0499997139,13.663253893519116,0.6132541796191155,Brazil
3325,2,12.7999999523,13.142970737905415,0.3429707856054147,Brazil
3326,2,13.1000003815,13.273262899473023,0.17326251797302383,Brazil
3327,2,11.1999998093,13.894520439133245,2.694520629833246,Brazil
3328,2,9.49999968211,13.714581992435466,4.214582310325467,Brazil
3329,2,8.36666647593,13.6679151291348,5.3012486532048,Brazil
3330,2,12.6600000381,12.605425271244076,0.05457476685592333,Brazil
3331,2,6.63749998808,12.096666857371327,5.459166869291327,Brazil
3332,2,8.33333365122,13.837663312052939,5.504329660832939,Brazil
3333,2,14.4333333969,13.890474172473935,0.5428592244260653,Brazil
3334,2,13.0,15.75259179514087,2.7525917951408694,Brazil
3335,2,12.3999996185,10.647403974227823,1.7525956442721782,Brazil
3336,2,11.5142856325,13.96950836649438,2.455222733994381,Brazil
3337,2,8.69999980927,12.725639200803556,4.025639391533556,Brazil
3338,2,6.5793103514,13.523369459093308,6.944059107693308,Brazil
3339,2,12.5333334605,13.265145240444078,0.7318117799440778,Brazil
3340,2,12.1111111111,11.927869000830189,0.18324211026981096,Brazil
3341,2,12.4500002861,14.461447234265012,2.0114469481650126,Brazil
3342,2,12.1999998093,14.63106814217361,2.431068332873611,Brazil
3343,2,9.89999961853,10.685514634869868,0.7855150163398683,Brazil
3344,2,8.90000009537,10.356572764382687,1.4565726690126866,Brazil
3345,2,9.95454554124,13.059053345898652,3.1045078046586525,Brazil
3346,2,12.25,14.42252846855783,2.1725284685578305,Brazil
3347,2,11.9249999523,13.631534793481865,1.706534841181865,Brazil
3348,2,8.86666647593,13.808056520289995,4.941390044359995,Brazil
3349,2,13.9500000477,14.494204312183466,0.5442042644834668,Brazil
3350,2,12.8000001907,13.601611975909076,0.8016117852090758,Brazil
3351,2,13.7999999523,13.371044168689739,0.4289557836102613,Brazil
3352,2,7.1250000596,13.43997942511204,6.314979365512041,Brazil
3353,2,6.0312500298,13.897197877198767,7.865947847398767,Brazil
3354,2,5.52000007629,13.049651392448002,7.529651316158002,Brazil
3355,2,13.0538460658,14.353640313387025,1.299794247587025,Brazil
3356,2,13.5,13.43556729524619,0.06443270475380913,Brazil
3357,2,10.8999996185,13.168240233687378,2.268240615187377,Brazil
3358,2,6.27499997616,13.248537921973256,6.973537945813256,Brazil
3359,2,7.10666666031,12.106607527791288,4.999940867481288,Brazil
3360,2,8.57500016689,14.335240100659185,5.760239933769185,Brazil
3361,2,13.0,12.487755321021126,0.5122446789788739,Brazil
3362,2,11.6999998093,17.80934236903669,6.109342559736689,Brazil
3363,2,14.0999997457,11.706614014475313,2.3933857312246865,Brazil
3364,2,8.19999980927,14.18497181498294,5.98497200571294,Brazil
3365,2,11.1999998093,13.620095614066429,2.4200958047664294,Brazil
3366,2,12.8999996185,13.713990269741345,0.813990651241344,Brazil
3367,2,8.22499990463,12.701186833651523,4.476186929021523,Brazil
3368,2,11.3000001907,11.399008429370879,0.09900823867087816,Brazil
3369,2,7.7333334287,13.931885291912769,6.198551863212769,Brazil
3370,2,12.8000001907,15.333175685621255,2.533175494921254,Brazil
3371,2,11.6999998093,13.610576689301448,1.9105768800014484,Brazil
3372,2,14.1000003815,13.428782069410365,0.6712183120896338,Brazil
3373,2,7.70000004768,12.661306484124621,4.961306436444621,Brazil
3374,2,11.6000001431,14.272395845848258,2.6723957027482577,Brazil
3375,2,7.69047623589,14.369146737484716,6.678670501594715,Brazil
3376,2,13.4277777672,12.13887857930592,1.2888991878940796,Brazil
3377,2,14.1500000954,12.28299380708139,1.8670062883186098,Brazil
3378,2,7.67500007153,11.424937591523431,3.7499375199934306,Brazil
3379,2,12.3999999364,13.526142843996663,1.1261429075966625,Brazil
3380,2,13.7250000238,13.637256357041146,0.08774366675885403,Brazil
3381,2,9.94999980927,14.233195282779914,4.283195473509913,Brazil
3382,2,12.3999996185,15.909371490364421,3.5093718718644205,Brazil
3383,2,12.6999998093,14.087822205622867,1.3878223963228677,Brazil
3384,2,13.8999996185,13.289927809960606,0.610071808539395,Brazil
3385,2,13.3333336512,12.833913269509196,0.49942038169080405,Brazil
3386,2,13.6333332062,12.725726849133608,0.9076063570663919,Brazil
3387,2,13.9666665395,10.991284675163396,2.9753818643366046,Brazil
3388,2,10.6000003815,13.628732820591773,3.0287324390917743,Brazil
3389,2,11.3999996185,13.595370691503353,2.1953710730033524,Brazil
3390,2,15.1999998093,12.296278221918476,2.903721587381524,Brazil
3391,2,13.1000003815,11.134092190977961,1.965908190522038,Brazil
3392,2,12.4500002861,11.354713640530406,1.095286645569594,Brazil
3393,2,15.0,11.744143964141305,3.255856035858695,Brazil
3394,2,8.65555551317,13.48614143361231,4.83058592044231,Brazil
3395,2,12.8999996185,14.51711544360703,1.61711582510703,Brazil
3396,2,10.1333335241,12.914459802398843,2.781126278298844,Brazil
3397,2,12.9000002543,11.783843114323709,1.1161571399762913,Brazil
3398,2,12.6000003815,10.453582059046028,2.1464183224539717,Brazil
3399,2,13.5,10.125739215590851,3.374260784409149,Brazil
3400,2,9.0,14.465386467598897,5.465386467598897,Brazil
3401,2,12.5333334605,13.287968707931823,0.754635247431823,Brazil
3402,2,11.8400000572,13.13847453457692,1.2984744773769208,Brazil
3403,2,7.69999980927,14.826861666178415,7.126861856908414,Brazil
3404,2,15.3000001907,13.992264061469482,1.307736129230518,Brazil
3405,2,6.22500002384,10.724262282492846,4.499262258652847,Brazil
3406,2,13.5,14.842650922666758,1.342650922666758,Brazil
3407,2,9.47777779897,14.246486912227335,4.768709113257335,Brazil
3408,2,10.7999998728,18.192571876761836,7.392572003961835,Brazil
3409,2,8.43999996185,13.47184463559919,5.031844673749189,Brazil
3410,2,13.25,13.056192238474267,0.19380776152573276,Brazil
3411,2,14.7500002384,13.55501238177742,1.1949878566225802,Brazil
3412,2,14.1999998093,12.713160635023721,1.4868391742762785,Brazil
3413,2,11.5999999046,13.130195878057751,1.5301959734577508,Brazil
3414,2,10.9499998093,11.060359272145478,0.11035946284547826,Brazil
3415,2,13.3000001907,11.751415575640255,1.5485846150597453,Brazil
3416,2,13.1000003815,13.269947567857418,0.1699471863574189,Brazil
3417,2,6.83636370572,12.739886417585105,5.903522711865104,Brazil
3418,2,10.0666666031,13.433426935115769,3.366760332015769,Brazil
3419,2,13.2166666985,11.003377986334536,2.213288712165463,Brazil
3420,2,13.375,11.838524110558954,1.5364758894410464,Brazil
3421,2,10.9749999046,14.003526306150892,3.0285264015508915,Brazil
3422,2,10.2599998474,13.637197219928037,3.3771973725280375,Brazil
3423,2,11.6000003815,12.882174617935778,1.2821742364357789,Brazil
3424,2,7.68148150267,14.214429539031993,6.532948036361994,Brazil
3425,2,11.2235293108,11.000299117853213,0.2232301929467866,Brazil
3426,2,12.8999996185,16.243280106911506,3.343280488411505,Brazil
3427,2,15.1999998093,12.06672203704855,3.13327777225145,Brazil
3428,2,14.75,11.452361891153497,3.2976381088465025,Brazil
3429,2,11.1999998093,13.542432170478314,2.3424323611783144,Brazil
3430,2,13.1833333969,12.295135487366872,0.8881979095331278,Brazil
3431,2,9.75454547188,13.861580177891824,4.107034706011824,Brazil
3432,2,12.6600000381,13.993691579193364,1.3336915410933639,Brazil
3433,2,9.86666679382,13.23330701913,3.3666402253100003,Brazil
3434,2,12.1222222116,11.879512704954152,0.24270950664584845,Brazil
3435,2,7.43999996185,14.257796566531082,6.8177966046810825,Brazil
3436,2,14.8666664759,13.003474324630092,1.8631921512699083,Brazil
3437,2,12.5999999046,13.936642056161975,1.3366421515619749,Brazil
3438,2,6.41250002384,15.145260719651468,8.732760695811468,Brazil
3439,2,11.0,12.878840002908834,1.8788400029088344,Brazil
3440,2,13.8179486593,13.711769680624183,0.1061789786758176,Brazil
3441,2,12.4371428626,13.890566476053568,1.4534236134535679,Brazil
3442,2,7.23333326976,13.751648070054479,6.518314800294479,Brazil
3443,2,9.22876721212,13.12395195611866,3.8951847439986604,Brazil
3444,2,11.5333332486,12.15965257678015,0.6263193281801502,Brazil
3445,2,8.31666684151,11.129581852925455,2.8129150114154555,Brazil
3446,2,10.9500002861,16.03105602322405,5.08105573712405,Brazil
3447,2,7.32352935567,13.501399340257935,6.177869984587935,Brazil
3448,2,10.6000003815,14.306203036625911,3.706202655125912,Brazil
3449,2,13.8999998569,13.727276597007439,0.17272325989256032,Brazil
3450,2,7.01999998093,12.407300441777688,5.387300460847688,Brazil
3451,2,13.2999998728,15.733060291842586,2.433060419042585,Brazil
3452,2,11.2166666985,13.73830663381565,2.521639935315651,Brazil
3453,2,7.86500008106,14.66027707724037,6.79527699618037,Brazil
3454,2,5.78333338102,13.923155328357717,8.139821947337717,Brazil
3455,2,10.4249999523,14.68227745737286,4.25727750507286,Brazil
3456,2,5.9230768864,11.144559353927178,5.221482467527179,Brazil
3457,2,7.96666661898,11.194454098892155,3.2277874799121555,Brazil
3458,2,13.6375001669,12.82141056280107,0.8160896040989307,Brazil
3459,2,11.1999998093,12.87527036261513,1.67527055331513,Brazil
3460,2,11.1999998093,16.498703393890356,5.298703584590356,Brazil
3461,2,12.3500001431,15.125091442025074,2.775091298925073,Brazil
3462,2,6.06666668256,13.409756833653956,7.343090151093956,Brazil
3463,2,12.2333332698,13.356024486626199,1.1226912168261993,Brazil
3464,2,10.5249998569,13.2312616366235,2.7062617797235013,Brazil
3465,2,8.39999961853,14.130802537258731,5.730802918728731,Brazil
3466,2,12.4000000954,14.444987952454534,2.044987857054535,Brazil
3467,2,12.1999998093,13.41797419246879,1.2179743831687908,Brazil
3468,2,13.5,13.386727889355141,0.11327211064485887,Brazil
3469,2,17.0083332062,13.68673162586066,3.3216015803393404,Brazil
3470,2,18.7499996821,12.880804614782136,5.8691950673178646,Brazil
3471,2,16.4666668574,11.31671503332442,5.149951824075579,Brazil
3472,2,16.9646153377,13.840060490176313,3.1245548475236866,Brazil
3473,2,21.0540984107,13.113024606814239,7.941073803885761,Brazil
3474,2,18.8059458861,13.164583512625535,5.6413623734744665,Brazil
3475,2,18.1016891969,12.975630053782623,5.126059143117377,Brazil
3476,2,26.1719877078,13.689979832875618,12.482007874924381,Brazil
3477,2,16.8037037673,12.908453274496685,3.8952504928033154,Brazil
3478,2,21.7177083294,13.667856097145492,8.049852232254509,Brazil
3479,2,14.7888888253,14.393941188715903,0.3949476365840976,Brazil
3480,2,16.2230769671,12.62615058313363,3.5969263839663697,Brazil
3481,2,25.5087591297,13.330280743852155,12.178478385847844,Brazil
3482,2,18.5249999894,11.905816116011785,6.6191838733882165,Brazil
3483,2,19.9545454545,12.602332588103742,7.352212866396258,Brazil
3484,2,21.4720000458,13.952394045421237,7.519606000378765,Brazil
3485,2,16.7714287894,17.653466428811395,0.8820376394113936,Brazil
3486,2,16.6428571429,17.780363427538685,1.137506284638686,Brazil
3487,2,24.2297297813,12.970169372931675,11.259560408368326,Brazil
3488,2,16.5,15.084415476161627,1.4155845238383726,Brazil
3489,2,19.3714285351,12.810272642817957,6.561155892282045,Brazil
3490,2,15.2799999237,13.378474019788964,1.9015259039110362,Brazil
3491,2,14.6941176022,11.78300644264392,2.9111111595560804,Brazil
3492,2,21.1634615385,13.630552935100143,7.532908603399855,Brazil
3493,2,17.929999733,12.886325994160476,5.043673738839523,Brazil
3494,2,20.5214286532,11.063013756724025,9.458414896475976,Brazil
3495,2,17.8341773069,12.110985486934243,5.723191819965756,Brazil
3496,2,15.8749998808,12.940780431471316,2.934219449328685,Brazil
3497,2,15.1875000795,12.694576817939577,2.4929232615604224,Brazil
3498,2,15.7600000381,13.342630084998966,2.4173699531010335,Brazil
3499,2,18.0916668574,12.607185139767699,5.484481717632301,Brazil
3500,2,20.660714422,13.288987020985259,7.371727401014743,Brazil
3501,2,14.7999999523,13.647266974465065,1.1527329778349351,Brazil
3502,2,15.8083334366,11.276603734612102,4.5317297019878975,Brazil
3503,2,15.5,13.646813026862912,1.8531869731370882,Brazil
3504,2,15.8977777799,12.949807778194046,2.9479700017059542,Brazil
3505,2,15.8000001907,12.306345138760397,3.4936550519396032,Brazil
3506,2,17.7520000458,13.05091234383631,4.701087701963688,Brazil
3507,2,16.0285715376,14.04068208118825,1.987889456411752,Brazil
3508,2,22.020000049,13.92706593324846,8.09293411575154,Brazil
3509,2,19.9352943196,14.421423170632373,5.5138711489676275,Brazil
3510,2,17.1483872321,12.277934743301708,4.870452488798291,Brazil
3511,2,20.2500004768,12.948032416288417,7.301968060511584,Brazil
3512,2,14.9600000381,12.912427011448372,2.0475730266516283,Brazil
3513,2,18.0095238004,13.110726953509161,4.898796846890839,Brazil
3514,2,19.543478095,13.253771126632437,6.289706968367565,Brazil
3515,2,21.5670103093,13.12273844915158,8.444271860148419,Brazil
3516,2,18.3814814532,13.416699712989052,4.964781740210947,Brazil
3517,2,15.8357144764,16.737048466713976,0.9013339903139759,Brazil
3518,2,19.6950819297,11.976329782851884,7.718752146848114,Brazil
3519,2,18.4112675358,12.558821688948816,5.852445846851184,Brazil
3520,2,14.8714284897,11.265985046983037,3.605443442716963,Brazil
3521,2,17.8071428026,10.095511965370367,7.7116308372296345,Brazil
3522,2,15.8333333333,14.309889748988478,1.5234435843115222,Brazil
3523,2,16.897560957,13.001789409978802,3.895771547021198,Brazil
3524,2,15.6000000347,14.70752271164245,0.89247732305755,Brazil
3525,2,28.653386439,13.649619939615707,15.003766499384291,Brazil
3526,2,21.3734374344,12.616715812268286,8.756721622131714,Brazil
3527,2,29.5099077928,13.489942934719508,16.019964858080492,Brazil
3528,2,20.639999644,13.213215542061725,7.426784101938274,Brazil
3529,2,23.2044116749,11.470002854512074,11.734408820387927,Brazil
3530,2,16.8461536994,13.006736590851558,3.8394171085484405,Brazil
3531,2,15.8250000477,11.554334042309197,4.270666005390803,Brazil
3532,2,14.5,12.43641558341994,2.06358441658006,Brazil
3533,2,21.4560974865,14.160276282922663,7.295821203577336,Brazil
3534,2,14.3571429934,11.70663988506627,2.65050310833373,Brazil
3535,2,14.6000000238,11.882118383277977,2.717881640522023,Brazil
3536,2,16.7999992371,18.002737754193415,1.2027385170934153,Brazil
3537,2,21.3819445239,11.789547316425416,9.592397207474583,Brazil
3538,2,17.927272762,12.08684501573036,5.840427746269642,Brazil
3539,2,18.5285715376,12.539496260843777,5.989075276756225,Brazil
3540,2,18.1055555344,12.104025974848916,6.001529559551084,Brazil
3541,2,23.2257142748,12.757199149032305,10.468515125767697,Brazil
3542,2,18.6013792367,13.398612350890103,5.202766885809899,Brazil
3543,2,16.6862068176,11.01665077437945,5.669556043220549,Brazil
3544,2,16.0608695901,13.067716160147215,2.9931534299527858,Brazil
3545,2,20.8249999682,12.740685584902682,8.084314383297318,Brazil
3546,2,14.4000000954,9.630997443909454,4.7690026514905455,Brazil
3547,2,30.0261681934,13.916792907026787,16.109375286373215,Brazil
3548,2,21.8149605548,12.61864934059463,9.19631121420537,Brazil
3549,2,18.6306382687,13.38693702871966,5.243701239980341,Brazil
3550,2,18.1999999631,12.482573414106568,5.7174265489934335,Brazil
3551,2,19.4900114824,13.646310184831403,5.843701297568597,Brazil
3552,2,15.3500001431,12.732817903021807,2.6171822400781934,Brazil
3553,2,23.3881356352,13.953531774310825,9.434603860889176,Brazil
3554,2,21.3968749642,10.05808683553949,11.338788128660509,Brazil
3555,2,17.7624998093,11.539183657323182,6.223316151976817,Brazil
3556,2,16.9331250548,12.621752944398796,4.311372110401205,Brazil
3557,2,21.8339285851,11.918238031855578,9.915690553244422,Brazil
3558,2,19.8687500954,13.271215070581265,6.597535024818734,Brazil
3559,2,14.5799999237,12.733563896037467,1.8464360276625342,Brazil
3560,2,18.3137932481,11.245712406325524,7.068080841774478,Brazil
3561,2,24.8499999387,13.344490441735442,11.50550949696456,Brazil
3562,2,15.8892856666,12.93387673421073,2.95540893238927,Brazil
3563,2,19.0665048673,12.049885139902058,7.016619727397943,Brazil
3564,2,19.8371427536,10.786886672896546,9.050256080703452,Brazil
3565,2,20.654782685,13.009432061034083,7.645350623965918,Brazil
3566,2,14.4000000954,11.487219350982429,2.912780744417571,Brazil
3567,2,15.3000001907,13.23128203859365,2.068718152106351,Brazil
3568,2,19.357142789,13.677570840564677,5.679571948435324,Brazil
3569,2,19.2794117086,12.80728768972121,6.472124018878791,Brazil
3570,2,18.8287879192,13.262215858939816,5.566572060260183,Brazil
3571,2,26.445613928,13.015529880032622,13.430084047967378,Brazil
3572,2,14.1000003815,10.935335871427426,3.1646645100725728,Brazil
3573,2,14.5,12.995240754018138,1.5047592459818624,Brazil
3574,2,15.933333079,12.97120058854556,2.96213249045444,Brazil
3575,2,15.8777777354,11.17668124770485,4.70109648769515,Brazil
3576,2,15.8333331744,14.229576131990308,1.6037570424096916,Brazil
3577,2,15.4499999046,13.568362994136638,1.881636910463362,Brazil
3578,2,19.6297619456,13.422108475420321,6.207653470179677,Brazil
3579,2,15.3399999619,14.384894829335597,0.9551051325644035,Brazil
3580,2,20.0144330054,12.503965922089256,7.510467083310745,Brazil
3581,2,22.7103448013,13.6298847670575,9.080460034242499,Brazil
3582,2,13.8999996185,12.13111291142242,1.7688867070775807,Brazil
3583,2,15.6000003815,12.821217857349268,2.7787825241507313,Brazil
3584,2,15.2,13.219237606954058,1.980762393045941,Brazil
3585,2,18.6750000318,13.35177990637263,5.323220125427369,Brazil
3586,2,15.9400000254,12.975961523486497,2.964038501913503,Brazil
3587,2,24.7395349187,11.910598887757805,12.828936030942193,Brazil
3588,2,15.1666666667,12.727085613052221,2.439581053647778,Brazil
3589,2,18.2923076336,12.795187119763156,5.497120513836844,Brazil
3590,2,15.0,12.408446703830116,2.5915532961698844,Brazil
3591,2,14.1499997775,10.222439290728921,3.9275604867710783,Brazil
3592,2,19.0666664971,14.177063171834869,4.889603325265133,Brazil
3593,2,15.5444444021,13.456130225180129,2.088314176919871,Brazil
3594,2,16.8571429934,12.685652563145391,4.171490430254609,Brazil
3595,2,18.9375,11.903285047520514,7.034214952479486,Brazil
3596,2,22.2058822728,11.072197446959914,11.133684825840087,Brazil
3597,2,14.4318181385,12.243993042790043,2.1878250957099574,Brazil
3598,2,17.8257142203,12.860574133060991,4.965140087239009,Brazil
3599,2,15.0,12.232168671101798,2.767831328898202,Brazil
3600,2,20.764285905,13.864042983669869,6.900242921330133,Brazil
3601,2,17.0133332994,12.935139532793482,4.078193766606518,Brazil
3602,2,15.1000000238,13.37989728393209,1.7201027398679098,Brazil
3603,2,28.3719999313,11.866610891904198,16.5053890393958,Brazil
3604,2,23.9045453505,13.73033369340883,10.17421165709117,Brazil
3605,2,21.0533332825,12.319998325705557,8.733334956794442,Brazil
3606,2,17.0857143402,12.852878663208791,4.232835676991208,Brazil
3607,2,23.0844444063,13.263329466547715,9.821114939752286,Brazil
3608,2,15.4749999046,12.83548953741326,2.639510367186741,Brazil
3609,2,15.1800000668,13.055839575385363,2.124160491414637,Brazil
3610,2,21.3521738467,13.445363073519506,7.906810773180496,Brazil
3611,2,18.9575759425,13.38215842890137,5.57541751359863,Brazil
3612,2,9.0,12.083690132415885,3.083690132415885,Brazil
3613,2,7.69999980927,12.091148607676729,4.391148798406729,Brazil
3614,2,11.3666667938,12.464101678029675,1.0974348842296742,Brazil
3615,2,11.8999996185,12.757642048791002,0.8576424302910013,Brazil
3616,2,11.3000001907,11.039100065934553,0.2609001247654472,Brazil
3617,2,11.5666666031,11.887135036162979,0.32046843306297923,Brazil
3618,2,11.3999996185,13.284953246689764,1.8849536281897628,Brazil
3619,2,9.40000009537,12.046728594371892,2.6467284990018918,Brazil
3620,2,9.39999961853,10.087160345282108,0.6871607267521078,Brazil
3621,2,8.64999985695,12.161671193488099,3.5116713365380985,Brazil
3622,2,10.9333333969,11.086753870233814,0.1534204733338136,Brazil
3623,2,11.4333333969,13.235159879582444,1.8018264826824435,Brazil
3624,2,12.0,11.066984378926424,0.9330156210735758,Brazil
3625,2,8.39999961853,12.261536390002924,3.861536771472924,Brazil
3626,2,11.6500000954,10.56135559666534,1.0886444987346593,Brazil
3627,2,9.89999961853,12.28758635334987,2.3875867348198696,Brazil
3628,2,8.5,11.923513855783186,3.4235138557831863,Brazil
3629,2,11.5,11.776919059493544,0.2769190594935438,Brazil
3630,2,11.1000003815,9.535039821448446,1.5649605600515528,Brazil
3631,2,11.2199998856,10.263788434727488,0.9562114508725124,Brazil
3632,2,11.6999998093,10.467291737443325,1.232708071856674,Brazil
3633,2,11.0249998569,10.09607743832343,0.928922418576569,Brazil
3634,2,11.1999998093,11.08572001320317,0.11427979609682914,Brazil
3635,2,8.63999977112,11.839978985035858,3.1999792139158583,Brazil
3636,2,8.69999980927,12.038405853383312,3.338406044113311,Brazil
3637,2,8.39999961853,11.910253546188722,3.510253927658722,Brazil
3638,2,11.8000001907,12.128783289139328,0.3287830984393274,Brazil
3639,2,8.60000038147,6.875751500902153,1.7242488805678473,Brazil
3640,2,8.60000038147,12.014429089213936,3.4144287077439355,Brazil
3641,2,8.19999980927,11.588921546717863,3.3889217374478626,Brazil
3642,2,11.433333079,13.098183169382217,1.6648500903822168,Brazil
3643,2,11.6999998093,15.78905443775846,4.089054628458461,Brazil
3644,2,8.70000012716,10.109623341820814,1.4096232146608152,Brazil
3645,2,8.30000019073,10.302642754528593,2.0026425637985934,Brazil
3646,2,9.30000019073,15.150496535758169,5.850496345028169,Brazil
3647,2,11.1750001907,12.321297181978782,1.1462969912787813,Brazil
3648,2,8.5,11.638724594908762,3.138724594908762,Brazil
3649,2,8.5,10.820002979295818,2.3200029792958183,Brazil
3650,2,11.8000001907,12.489857229479483,0.6898570387794827,Brazil
3651,2,8.7999997139,12.027922717953976,3.2279230040539755,Brazil
3652,2,10.1999998093,10.805769382475344,0.6057695731753441,Brazil
3653,2,8.51999988556,12.684722052413694,4.164722166853693,Brazil
3654,2,8.53333346049,11.394254908989717,2.8609214484997167,Brazil
3655,2,10.8000001907,11.200128353819688,0.40012816311968713,Brazil
3656,2,9.72499990463,12.113439747402731,2.3884398427727316,Brazil
3657,2,12.4000000954,14.040247365885957,1.6402472704859576,Brazil
3658,2,10.4333335559,12.390137966803536,1.956804410903537,Brazil
3659,2,8.09999990463,12.097243993325769,3.997244088695769,Brazil
3660,2,11.8499999046,10.092175837708393,1.757824066891608,Brazil
3661,2,8.29999995232,11.090410457077308,2.7904105047573076,Brazil
3662,2,8.38333328565,12.556448404556384,4.173115118906384,Brazil
3663,2,11.6999998093,10.533355215439933,1.1666445938600667,Brazil
3664,2,8.20000019073,12.17479737804702,3.9747971873170194,Brazil
3665,2,8.13333336512,12.110375648335697,3.977042283215697,Brazil
3666,2,8.80000019073,11.904480694120004,3.104480503390004,Brazil
3667,2,9.89999961853,12.104069682093915,2.2040700635639148,Brazil
3668,2,8.44999980927,11.249167359292974,2.7991675500229736,Brazil
3669,2,10.1000003815,12.56691172325494,2.4669113417549404,Brazil
3670,2,10.6000003815,12.02495716325826,1.4249567817582616,Brazil
3671,2,10.8000001907,11.292298704500247,0.4922985138002467,Brazil
3672,2,10.9399997711,14.015012317731518,3.075012546631518,Brazil
3673,2,10.1999998093,10.612912345093907,0.4129125357939074,Brazil
3674,2,11.3000001907,13.865708934689653,2.565708743989653,Brazil
3675,2,8.0,12.035836396605855,4.0358363966058555,Brazil
3676,2,11.75,10.277818801653432,1.4721811983465685,Brazil
3677,2,8.7999997139,12.578415427583412,3.778415713683412,Brazil
3678,2,7.59999990463,11.594923832503527,3.9949239278735273,Brazil
3679,2,11.3000001907,10.628533324548314,0.671466866151686,Brazil
3680,2,8.19999980927,12.088534795079049,3.8885349858090485,Brazil
3681,2,12.1500000954,11.086519292980668,1.0634808024193312,Brazil
3682,2,11.5,12.505637836654241,1.0056378366542411,Brazil
3683,2,9.19999980927,11.878260702307072,2.6782608930370717,Brazil
3684,2,11.7999997139,12.572022183563009,0.7720224696630087,Brazil
3685,2,11.3999996185,11.96173398616661,0.5617343676666096,Brazil
3686,2,11.0500001907,11.762618498899773,0.7126183081997723,Brazil
3687,2,10.8600000381,12.660040660077861,1.8000406219778604,Brazil
3688,2,8.10000038147,10.139990236992674,2.0399898555226734,Brazil
3689,2,8.19999980927,12.44534784530038,4.24534803603038,Brazil
3690,2,9.19999980927,11.800029924575083,2.600030115305083,Brazil
3691,2,11.0,11.880865259825747,0.8808652598257467,Brazil
3692,2,10.8000001907,12.576135734382273,1.7761355436822726,Brazil
3693,2,8.10000002384,11.982990357732326,3.8829903338923266,Brazil
3694,2,10.0,11.951637904056172,1.951637904056172,Brazil
3695,2,11.3499999046,12.802723803841086,1.4527238992410858,Brazil
3696,2,9.7000002861,9.479504512197625,0.22049577390237474,Brazil
3697,2,8.39999961853,11.634208582032723,3.2342089635027236,Brazil
3698,2,9.86666679382,16.22383155561788,6.357164761797881,Brazil
3699,2,10.8999996185,10.572051186965925,0.32794843153407527,Brazil
3700,2,10.5333334605,12.442443740408244,1.9091102799082442,Brazil
3701,2,9.25,11.701740929886501,2.451740929886501,Brazil
3702,2,8.33333333333,11.852183549041857,3.5188502157118577,Brazil
3703,2,8.4500002861,12.582608636252374,4.132608350152374,Brazil
3704,2,10.3000001907,11.752729400077445,1.4527292093774449,Brazil
3705,2,8.65000009537,12.011877073479868,3.3618769781098674,Brazil
3706,2,9.39999961853,12.069019513453837,2.669019894923837,Brazil
3707,2,10.9500002861,14.337540316944215,3.3875400308442156,Brazil
3708,2,9.5,11.310340715941386,1.8103407159413862,Brazil
3709,2,8.2000002861,11.737721004527543,3.5377207184275434,Brazil
3710,2,8.00000023842,10.70432857668304,2.704328338263039,Brazil
3711,2,9.27499985695,12.775038759888874,3.500038902938874,Brazil
3712,2,8.5,11.328875883715632,2.8288758837156323,Brazil
3713,2,10.8999996185,11.620774332190877,0.7207747136908758,Brazil
3714,2,8.89999961853,10.242399383426203,1.3423997648962036,Brazil
3715,2,11.8999996185,12.571161445585279,0.6711618270852782,Brazil
3716,2,8.60000038147,11.37216014757514,2.7721597661051405,Brazil
3717,2,8.5,10.775168313947981,2.2751683139479812,Brazil
3718,2,8.5,12.24191930685423,3.7419193068542302,Brazil
3719,2,10.5500001907,9.976070211603808,0.5739299790961923,Brazil
3720,2,12.6999998093,12.560893511861412,0.1391062974385875,Brazil
3721,2,8.5,11.680809540008784,3.1808095400087844,Brazil
3722,2,9.3666665819,10.677707279006604,1.3110406971066038,Brazil
3723,2,11.3999996185,10.64086931290701,0.7591303055929899,Brazil
3724,2,11.5500001907,11.922760392621552,0.372760201921551,Brazil
3725,2,8.60000038147,10.606175570812272,2.0061751893422723,Brazil
3726,2,8.80000019073,7.543468240210869,1.2565319505191308,Brazil
3727,2,9.60000006358,13.424953960378101,3.8249538967981014,Brazil
3728,2,8.5,12.005117384947638,3.5051173849476385,Brazil
3729,2,11.4333337148,12.255043937825748,0.8217102230257485,Brazil
3730,2,9.10000038147,11.881234176610823,2.781233795140823,Brazil
3731,2,10.0999999046,12.625879242665201,2.5258793380652005,Brazil
3732,2,8.19999980927,9.990412021226973,1.7904122119569728,Brazil
3733,2,8.34000015259,13.107273928161593,4.767273775571594,Brazil
3734,2,8.53999996185,10.387477240081001,1.8474772782310005,Brazil
3735,2,10.1999998093,12.516918650296008,2.316918840996008,Brazil
3736,2,10.5249998569,11.580816789874074,1.055816932974075,Brazil
3737,2,8.66666666667,12.23776913003442,3.5711024633644204,Brazil
3738,2,9.68333339691,10.652321791532973,0.9689883946229738,Brazil
3739,2,10.6999998093,11.025712069039116,0.32571225973911666,Brazil
3740,2,11.3999996185,11.71798708756684,0.31798746906683917,Brazil
3741,2,11.5,11.513265146780043,0.013265146780042869,Brazil
3742,2,8.55000019073,13.124176650795054,4.574176460065054,Brazil
3743,2,11.8999998569,10.300519854730444,1.599480002169555,Brazil
3744,2,8.89999961853,11.736921197612407,2.836921579082407,Brazil
3745,2,8.3714285578,10.292742363890529,1.921313806090529,Brazil
3746,2,9.34999990463,13.12359931573119,3.7735994111011895,Brazil
3747,2,8.56666660309,11.964495227218261,3.3978286241282607,Brazil
3748,2,12.0750000477,14.02714895382979,1.952148906129791,Brazil
3749,2,11.9000000954,11.557243236631493,0.3427568587685066,Brazil
3750,2,11.1999998093,12.440333146101873,1.2403333368018732,Brazil
3751,2,8.55000019073,12.069042569056801,3.5190423783268017,Brazil
3752,2,9.04999995232,11.696154925610859,2.6461549732908587,Brazil
3753,2,8.89999961853,12.18815227818428,3.28815265965428,Brazil
3754,2,11.1000003815,12.457520117434505,1.3575197359345061,Brazil
3755,2,11.9000000954,12.355505144897807,0.45550504949780724,Brazil
3756,2,8.4500002861,12.226767657102803,3.776767371002803,Brazil
3757,2,8.89999961853,10.652909915874146,1.7529102973441457,Brazil
3758,2,8.34999990463,12.123606614333017,3.7736067097030173,Brazil
3759,2,8.56666660309,12.736532892293075,4.169866289203075,Brazil
3760,2,9.65999984741,11.609470454523368,1.9494706071133674,Brazil
3761,2,8.19999980927,11.683993146090536,3.483993336820536,Brazil
3762,2,8.47499990463,12.053426191158872,3.578426286528872,Brazil
3763,2,8.55000019073,9.857994614137018,1.3079944234070187,Brazil
3764,2,10.1999998093,10.761498227846051,0.5614984185460514,Brazil
3765,2,8.5,11.949093096868548,3.4490930968685483,Brazil
3766,2,8.84999990463,12.375174632806527,3.525174728176527,Brazil
3767,2,8.39999961853,9.614480930205579,1.2144813116755788,Brazil
3768,2,10.5333334605,12.490579339276142,1.957245878776142,Brazil
3769,2,10.4750001431,12.08994837897582,1.6149482358758185,Brazil
3770,2,8.95000004768,12.355149829052296,3.4051497813722964,Brazil
3771,2,9.60000002384,10.151075502318612,0.5510754784786123,Brazil
3772,2,8.375,11.78464514839285,3.4096451483928494,Brazil
3773,2,8.10000038147,10.189673109914194,2.089672728444194,Brazil
3774,2,8.18000011444,11.167764372915691,2.987764258475691,Brazil
3775,2,8.3,12.05363018247559,3.7536301824755895,Brazil
3776,2,8.5,11.751288836058443,3.2512888360584427,Brazil
3777,2,8.55000019073,11.81692401345757,3.26692382272757,Brazil
3778,2,8.69999980927,12.224097082733085,3.5240972734630844,Brazil
3779,2,10.1333335241,10.428842840045437,0.29550931594543783,Brazil
3780,2,10.8999996185,12.4321680457501,1.5321684272500988,Brazil
3781,2,8.30000019073,12.025292067739542,3.7252918770095427,Brazil
3782,2,12.6999998093,13.947736914867292,1.2477371055672926,Brazil
3783,2,9.0,12.151969205088374,3.151969205088374,Brazil
3784,2,9.65000009537,10.245089090739974,0.5950889953699736,Brazil
3785,2,10.6499998569,13.51285853248236,2.862858675582361,Brazil
3786,2,9.97142846244,12.714195274898808,2.7427668124588074,Brazil
3787,2,10.8999996185,14.054619385142225,3.1546197666422238,Brazil
3788,2,7.90000009537,11.17051999140642,3.2705198960364203,Brazil
3789,2,11.0,12.73882966314526,1.7388296631452604,Brazil
3790,2,11.8000001907,11.960698118051202,0.16069792735120103,Brazil
3791,2,11.1833333969,12.62914262278725,1.445809225887249,Brazil
3792,2,11.1333332062,12.81174260843489,1.678409402234891,Brazil
3793,2,8.74999976158,12.300764304496544,3.5507645429165446,Brazil
3794,2,9.48333326976,12.988762577983595,3.5054293082235954,Brazil
3795,2,11.3000001907,12.52162154923953,1.2216213585395295,Brazil
3796,2,9.67499995232,12.606321357153583,2.9313214048335823,Brazil
3797,2,8.59999974569,12.19618133378871,3.596181588098709,Brazil
3798,2,10.1999998093,12.21634504062548,2.016345231325481,Brazil
3799,2,9.10000038147,11.827705866879967,2.7277054854099667,Brazil
3800,2,9.05000019073,12.095984591190478,3.045984400460478,Brazil
3801,2,12.1000003815,12.05118446770362,0.048815913796378396,Brazil
3802,2,8.30000019073,12.269705572878852,3.9697053821488524,Brazil
3803,2,8.7999997139,10.355404951717539,1.5554052378175385,Brazil
3804,2,9.0,10.232746184113065,1.232746184113065,Brazil
3805,2,13.5999999046,14.273843548926745,0.6738436443267446,Brazil
3806,2,14.6692308279,13.315177824349124,1.3540530035508755,Brazil
3807,2,12.2666667302,12.794929667928315,0.5282629377283143,Brazil
3808,2,14.0,12.223029103853195,1.7769708961468051,Brazil
3809,2,13.8500001431,11.779459447744584,2.070540695355417,Brazil
3810,2,15.314285687,10.30185596237381,5.012429724626189,Brazil
3811,2,11.6999998093,12.201906735657815,0.5019069263578153,Brazil
3812,2,13.8200000763,12.180554453406852,1.639445622893147,Brazil
3813,2,16.1799999237,10.767658031797733,5.4123418919022654,Brazil
3814,2,13.9249999523,12.496697818275852,1.4283021340241486,Brazil
3815,2,12.5999999046,11.346985753202272,1.2530141513977284,Brazil
3816,2,13.7333332698,12.379975047020018,1.3533582227799812,Brazil
3817,2,14.3000001907,10.98058616696355,3.319414023736451,Brazil
3818,2,14.3000001907,13.376431263640189,0.9235689270598115,Brazil
3819,2,12.5,11.928567286835468,0.5714327131645316,Brazil
3820,2,12.8285714558,12.18225154482636,0.6463199109736397,Brazil
3821,2,13.9800001144,11.90215887036312,2.077841244036879,Brazil
3822,2,12.9499999682,13.426863245610265,0.47686327741026524,Brazil
3823,2,12.7200000763,15.370861678554133,2.6508616022541336,Brazil
3824,2,12.300000044,13.022935332866718,0.7229352888667169,Brazil
3825,2,12.4000000954,11.964019664004358,0.4359804313956417,Brazil
3826,2,12.8166666031,12.729188788955888,0.08747781414411193,Brazil
3827,2,12.8999998569,11.489165436198864,1.4108344207011356,Brazil
3828,2,12.5,9.888701461875865,2.611298538124135,Brazil
3829,2,13.1799999237,13.00788750090535,0.1721124227946511,Brazil
3830,2,14.7428569794,12.175543990333928,2.567312989066073,Brazil
3831,2,12.9800001144,12.592277512427813,0.387722601972186,Brazil
3832,2,12.6999998093,10.86016502280696,1.8398347864930393,Brazil
3833,2,13.0500001907,10.020991683332166,3.029008507367834,Brazil
3834,2,14.25,14.069857709046392,0.1801422909536079,Brazil
3835,2,12.8499999046,11.328960581663138,1.521039322936863,Brazil
3836,2,14.3999996185,15.995136590536422,1.5951369720364212,Brazil
3837,2,14.0,10.18300213892256,3.8169978610774393,Brazil
3838,2,13.1000003815,12.760400128145697,0.3396002533543019,Brazil
3839,2,12.672727238,11.51030453670791,1.1624227012920905,Brazil
3840,2,13.4500002861,10.65689019209643,2.79311009400357,Brazil
3841,2,14.25,11.103893405295292,3.146106594704708,Brazil
3842,2,12.2714286532,10.264938519596527,2.0064901336034726,Brazil
3843,2,14.3500003815,12.357840461360727,1.9921599201392723,Brazil
3844,2,12.7999999183,10.215260090968105,2.5847398273318944,Brazil
3845,2,13.2666664124,11.70310964120529,1.56355677119471,Brazil
3846,2,13.6333332062,12.16395855293586,1.4693746532641399,Brazil
3847,2,12.3000001907,10.752089106651614,1.547911084048387,Brazil
3848,2,13.0999999046,13.062520598451203,0.03747930614879813,Brazil
3849,2,13.9500000477,11.271915542502574,2.6780845051974254,Brazil
3850,2,14.1333332062,10.741400493127957,3.391932713072043,Brazil
3851,2,13.0,12.214998554541744,0.7850014454582563,Brazil
3852,2,14.5749998093,12.960626217421336,1.614373591878664,Brazil
3853,2,13.4666665395,12.315271029101163,1.151395510398837,Brazil
3854,2,12.8000001907,12.89953168795155,0.09953149725154908,Brazil
3855,2,14.3499999046,11.80431417735905,2.5456857272409508,Brazil
3856,2,12.6749999523,13.129391672019107,0.45439171971910675,Brazil
3857,2,13.1999998093,13.017021582319456,0.1829782269805431,Brazil
3858,2,13.7625000477,12.657673716367853,1.1048263313321467,Brazil
3859,2,11.8800001144,9.709163868805224,2.170836245594776,Brazil
3860,2,12.5,10.913989250934844,1.5860107490651565,Brazil
3861,2,13.4333333969,12.351146527443905,1.0821868694560948,Brazil
3862,2,13.0,12.702007555681837,0.2979924443181634,Brazil
3863,2,12.9999999046,14.203194315697017,1.2031944110970176,Brazil
3864,2,12.9000000954,13.04912664911864,0.14912655371864147,Brazil
3865,2,12.8166666031,12.545808635061817,0.2708579680381824,Brazil
3866,2,12.7833334605,12.89128012131111,0.10794666081111082,Brazil
3867,2,12.0923076776,12.46816128424361,0.3758536066436111,Brazil
3868,2,12.2399999619,12.499845630746536,0.2598456688465358,Brazil
3869,2,15.4599998474,12.883920191856863,2.576079655543138,Brazil
3870,2,14.7333332698,12.542037925114663,2.1912953446853365,Brazil
3871,2,13.3400001526,12.682846264511097,0.657153888088903,Brazil
3872,2,13.9749999046,13.408925232229025,0.5660746723709753,Brazil
3873,2,13.7222222222,13.116767927064586,0.6054542951354129,Brazil
3874,2,13.5913044473,11.573442600908855,2.0178618463911455,Brazil
3875,2,13.4333333969,12.817940235813719,0.6153931610862813,Brazil
3876,2,13.8000001907,12.432586377940053,1.3674138127599473,Brazil
3877,2,13.6083334287,14.49692861889821,0.8885951901982097,Brazil
3878,2,14.3899999619,12.217846557254905,2.172153404645094,Brazil
3879,2,12.4888889525,12.093980479913233,0.3949084725867671,Brazil
3880,2,13.4571426937,12.892753481427548,0.5643892122724523,Brazil
3881,2,13.5,11.240111433815901,2.259888566184099,Brazil
3882,2,11.5333333015,11.871743289696113,0.338409988196112,Brazil
3883,2,13.0499997139,12.04437231559616,1.0056273983038402,Brazil
3884,2,13.3250000477,12.391483635678016,0.9335164120219837,Brazil
3885,2,12.4833332698,13.120325420587704,0.6369921507877052,Brazil
3886,2,13.0499997139,10.204115591830195,2.845884122069805,Brazil
3887,2,12.3999996185,13.343248786079029,0.9432491675790278,Brazil
3888,2,14.0250000954,12.491974362914831,1.533025732485168,Brazil
3889,2,13.4800001144,13.53982878261899,0.0598286682189908,Brazil
3890,2,12.4428571974,11.836083651148334,0.6067735462516666,Brazil
3891,2,12.0999999728,12.382399060485996,0.282399087685997,Brazil
3892,2,12.75,10.439820767055457,2.3101792329445434,Brazil
3893,2,12.8692307105,11.903397356296123,0.9658333542038768,Brazil
3894,2,14.6000003815,11.970296561861732,2.6297038196382676,Brazil
3895,2,13.4166668256,12.275679457219162,1.1409873683808378,Brazil
3896,2,12.7666667302,12.599270100243702,0.16739662995629878,Brazil
3897,2,13.0,10.305406886552003,2.694593113447997,Brazil
3898,2,12.4799999237,16.155859646219195,3.6758597225191956,Brazil
3899,2,11.9333333969,13.32431429885577,1.3909809019557695,Brazil
3900,2,14.8999999364,9.903809007539138,4.996190928860862,Brazil
3901,2,14.1000003815,12.443374696128233,1.6566256853717665,Brazil
3902,2,13.7333332698,11.720411832251813,2.0129214375481865,Brazil
3903,2,13.5999999046,12.554248520463268,1.0457513841367323,Brazil
3904,2,14.4666665395,12.0408123067467,2.4258542327533004,Brazil
3905,2,14.1000003815,10.953238987699851,3.1467613938001477,Brazil
3906,2,14.9285714286,11.220245519930852,3.7083259086691474,Brazil
3907,2,12.8999996185,11.870344882211871,1.0296547362881299,Brazil
3908,2,13.7000002861,12.356368069859746,1.3436322162402536,Brazil
3909,2,16.3999996185,11.651025149924045,4.748974468575955,Brazil
3910,2,14.0499997139,10.902099307636261,3.147900406263739,Brazil
3911,2,12.9750001431,11.53089202754131,1.4441081155586915,Brazil
3912,2,13.0333334605,12.452737426722724,0.580596033777276,Brazil
3913,2,12.4399999619,12.973847399507179,0.5338474376071787,Brazil
3914,2,12.6999998093,9.760032102857217,2.9399677064427827,Brazil
3915,2,13.3999996185,11.916109488112976,1.4838901303870244,Brazil
3916,2,13.4333333969,11.656517258437512,1.7768161384624879,Brazil
3917,2,12.1000003815,15.786071164650988,3.6860707831509885,Brazil
3918,2,12.8666667938,11.216244132469715,1.6504226613302855,Brazil
3919,2,12.5,12.107552949213671,0.3924470507863287,Brazil
3920,2,13.6000003815,12.090515940865004,1.5094844406349957,Brazil
3921,2,13.8999996185,12.355680292020736,1.5443193264792647,Brazil
3922,2,12.3999996185,12.5591794910083,0.15917987250829846,Brazil
3923,2,14.5,11.17446895407246,3.3255310459275407,Brazil
3924,2,16.5833331744,12.667991564339232,3.915341610060768,Brazil
3925,2,12.4000000954,11.833721840349446,0.5662782550505536,Brazil
3926,2,14.9000000954,11.190136576898494,3.709863518501505,Brazil
3927,2,13.0142857688,11.27306143144359,1.7412243373564102,Brazil
3928,2,12.2222222222,11.313283266919353,0.9089389552806466,Brazil
3929,2,12.5,11.730049424894567,0.7699505751054332,Brazil
3930,2,13.8166666031,12.916765857881085,0.8999007452189147,Brazil
3931,2,12.0,11.493844533610066,0.5061554663899344,Brazil
3932,2,13.0500001907,12.029154024372076,1.0208461663279245,Brazil
3933,2,16.2999998728,12.245839544669701,4.054160328130299,Brazil
3934,2,12.3000000318,11.041741295047084,1.258258736752916,Brazil
3935,2,12.5499997139,9.82501372698918,2.72498598691082,Brazil
3936,2,13.1000003815,12.427423236119516,0.6725771453804832,Brazil
3937,2,13.8999996185,11.067313907487847,2.8326857110121537,Brazil
3938,2,12.8999999364,11.968650678071025,0.9313492583289751,Brazil
3939,2,13.5454546322,12.524274246989997,1.0211803852100036,Brazil
3940,2,12.6464285851,12.284851872471805,0.3615767126281959,Brazil
3941,2,13.4749999642,12.039956338689594,1.4350436255104064,Brazil
3942,2,12.5099999428,9.520130763915368,2.989869178884632,Brazil
3943,2,11.3749997616,12.357798778847679,0.9827990172476788,Brazil
3944,2,12.2888888253,13.9058406572669,1.6169518319668992,Brazil
3945,2,13.3999996185,11.421749410702507,1.978250207797494,Brazil
3946,2,12.6999998093,12.975965815434586,0.27596600613458655,Brazil
3947,2,14.5800001144,12.17423326058115,2.40576685381885,Brazil
3948,2,12.8000001907,11.204687152905777,1.5953130377942237,Brazil
3949,2,14.3000001907,12.111725552013237,2.1882746386867638,Brazil
3950,2,13.566666921,13.44878570530942,0.11788121569057886,Brazil
3951,2,12.6499999364,10.73446526669101,1.9155346697089897,Brazil
3952,2,12.9333333969,10.10159522644663,2.83173817045337,Brazil
3953,2,13.2999997139,10.548104328179061,2.751895385720939,Brazil
3954,2,12.6499999762,12.591658367921578,0.05834160827842183,Brazil
3955,2,14.2666667302,11.443985494408889,2.822681235791112,Brazil
3956,2,14.5,12.260387555792729,2.239612444207271,Brazil
3957,2,12.9999999046,11.980017035085597,1.0199828695144024,Brazil
3958,2,12.7249999046,11.853535588341447,0.8714643162585531,Brazil
3959,2,13.4000000954,10.596554541000106,2.803445554399893,Brazil
3960,2,16.9250001907,11.200147013585125,5.724853177114875,Brazil
3961,2,14.3000001907,11.144778795650005,3.1552213950499954,Brazil
3962,2,13.4000000954,11.506283256060506,1.8937168393394934,Brazil
3963,2,12.7500002384,12.22386773548314,0.5261325029168606,Brazil
3964,2,12.8000001907,13.36043213728442,0.5604319465844192,Brazil
3965,2,13.3499999046,11.544645180761073,1.8053547238389278,Brazil
3966,2,12.6666668256,12.591488583995442,0.07517824160455788,Brazil
3967,2,12.5500001907,13.102350896593865,0.5523507058938648,Brazil
3968,2,14.3600000381,11.354789290389228,3.0052107477107732,Brazil
3969,2,13.6000003815,10.439046094115483,3.1609542873845164,Brazil
3970,2,12.5500001907,12.521516493946365,0.028483696753635712,Brazil
3971,2,14.8142855508,14.445552919231343,0.36873263156865654,Brazil
3972,2,12.9250001907,10.096311471545295,2.828688719154705,Brazil
3973,2,13.3769230476,12.964111990835997,0.41281105676400287,Brazil
3974,2,13.6500000954,12.875949000316421,0.7740510950835784,Brazil
3975,2,13.25,10.905821073724027,2.3441789262759727,Brazil
3976,2,12.0,10.850451828672742,1.1495481713272575,Brazil
3977,2,14.5999999046,11.92876888310585,2.671231021494151,Brazil
3978,2,12.6000001431,13.210173437578213,0.6101732944782121,Brazil
3979,2,13.6000003815,10.59293778717554,3.0070625943244593,Brazil
3980,2,13.0500001907,12.403905133424749,0.646095057275252,Brazil
3981,2,14.6500000954,11.261639599218162,3.3883604961818374,Brazil
3982,2,13.0999999046,11.310667568388855,1.789332336211146,Brazil
3983,2,13.25,13.124710901997695,0.12528909800230537,Brazil
3984,2,13.8250000477,11.584794658602554,2.2402053890974454,Brazil
3985,2,14.5,10.373102649479998,4.126897350520002,Brazil
3986,2,13.3499999046,10.780159760734666,2.569840143865335,Brazil
3987,2,13.25,12.019676751119643,1.2303232488803566,Brazil
3988,2,13.4000000954,12.003257718341846,1.3967423770581533,Brazil
3989,2,12.1399999619,12.217377067308824,0.07737710540882503,Brazil
3990,2,13.8333333333,13.344645191103886,0.48868814219611423,Brazil
3991,2,13.3000001907,12.357486094348637,0.9425140963513634,Brazil
3992,2,13.9333333969,10.259007914797461,3.674325482102539,Brazil
3993,2,12.414285796,12.078133948742593,0.33615184725740654,Brazil
3994,2,13.3999996185,11.320218601612222,2.079781016887779,Brazil
3995,2,12.9250000318,14.306739683353115,1.381739651553115,Brazil
3996,2,12.8555555344,12.446507447175572,0.40904808722442887,Brazil
3997,2,13.0,13.09143497366818,0.09143497366818032,Brazil
3998,2,13.7000002861,12.398201116962396,1.3017991691376043,Brazil
3999,2,12.9800001144,11.820156527574962,1.159843586825037,Brazil
4000,2,12.9400001526,11.300008880968278,1.6399912716317218,Brazil
4001,2,12.8333333333,12.801256599223676,0.03207673407632505,Brazil
4002,2,13.25,11.940870245648345,1.3091297543516554,Brazil
4003,2,12.3000001907,13.945077578762834,1.645077388062834,Brazil
4004,2,13.1999998093,11.962183392159005,1.2378164171409942,Brazil
4005,2,12.0899999619,11.626969557459471,0.4630304044405289,Brazil
4006,2,12.1499998569,12.490118103859915,0.340118246959916,Brazil
4007,2,15.5999999728,12.089771220947679,3.5102287518523205,Brazil
4008,2,13.3000000318,11.044550468183996,2.255449563616004,Brazil
4009,2,13.7,17.345015475358817,3.645015475358818,Brazil
4010,2,12.7000001272,12.054964094345383,0.6450360328546161,Brazil
4011,2,13.5,11.848021334867603,1.6519786651323969,Brazil
4012,2,14.0500001907,12.473877786568504,1.576122404131496,Brazil
4013,2,13.2999999523,13.734348583600463,0.43434863130046253,Brazil
4014,2,11.3499999046,12.61314818711193,1.2631482825119296,Brazil
4015,2,15.0333331426,11.140422164834973,3.892910977765027,Brazil
4016,2,12.4666665395,12.55539179624904,0.08872525674903997,Brazil
4017,2,12.5750000477,10.14278012697837,2.4322199207216304,Brazil
4018,2,13.7999997139,11.844009276214553,1.955990437685447,Brazil
4019,2,14.6799999237,12.314845513154282,2.3651544105457187,Brazil
4020,2,14.3999996185,11.395906450927455,3.0040931675725453,Brazil
4021,2,12.7000001272,12.422472997673163,0.27752712952683645,Brazil
4022,2,12.3999996185,12.840700317469071,0.4407006989690707,Brazil
4023,2,14.9249997139,11.417600164851365,3.5073995490486354,Brazil
4024,2,16.2499995232,12.266138530232745,3.983860992967255,Brazil
4025,2,13.0,10.213888723117615,2.7861112768823855,Brazil
4026,2,16.1000003815,12.452908129487469,3.6470922520125306,Brazil
4027,2,13.8500003815,12.154563612759224,1.695436768740775,Brazil
4028,2,12.8888887829,11.542803136671104,1.3460856462288966,Brazil
4029,2,13.0,11.466902676076991,1.533097323923009,Brazil
4030,2,13.1500000954,11.335015464774816,1.8149846306251831,Brazil
4031,2,12.8999996185,9.606034077420187,3.293965541079814,Brazil
4032,2,13.5,13.321982054826593,0.17801794517340674,Brazil
4033,2,14.625,11.815455914801419,2.8095440851985813,Brazil
4034,2,13.1800001144,12.779024365952928,0.4009757484470722,Brazil
4035,2,12.1749999523,12.5918060096802,0.4168060573801995,Brazil
4036,2,13.2999997139,11.120614076073117,2.1793856378268828,Brazil
4037,2,13.3499999046,12.609451798907045,0.7405481056929553,Brazil
4038,2,12.7909089002,10.370347744879776,2.4205611553202235,Brazil
4039,2,12.8999996185,12.398491474754334,0.5015081437456672,Brazil
4040,2,13.3999996185,10.845671889869926,2.5543277286300743,Brazil
4041,2,14.7666667302,10.258731159842828,4.507935570357173,Brazil
4042,2,12.9500002861,13.023458037484371,0.07345775138437105,Brazil
4043,2,15.1333335241,11.77043534171862,3.362898182381379,Brazil
4044,2,12.6399999619,12.144205190354594,0.4957947715454054,Brazil
4045,2,13.1999998093,12.019192499502172,1.180807309797828,Brazil
4046,2,12.7571427936,10.289644971698802,2.4674978219011976,Brazil
4047,2,13.6999998093,10.417641877156461,3.2823579321435385,Brazil
4048,2,14.75,12.296589376128923,2.4534106238710773,Brazil
4049,2,13.6999998093,11.594212543934407,2.105787265365592,Brazil
4050,2,12.0538461392,12.603198081779828,0.549351942579829,Brazil
4051,2,13.0285713332,11.067791843952122,1.9607794892478783,Brazil
4052,2,12.7571427482,10.850109002432529,1.907033745767471,Brazil
4053,2,14.9833332698,10.433039534314418,4.550293735485582,Brazil
4054,2,14.25,11.534606717283804,2.715393282716196,Brazil
4055,2,12.8999999364,11.724685566029674,1.1753143703703266,Brazil
4056,2,14.4374998808,14.889000146799093,0.4515002659990923,Brazil
4057,2,13.8000001907,13.8260716060404,0.02607141534040025,Brazil
4058,2,12.1666665872,11.88459270329777,0.2820738839022301,Brazil
4059,2,15.8000001907,11.150779576004709,4.649220614695292,Brazil
4060,2,12.0600000381,11.69680814574568,0.3631918923543207,Brazil
4061,2,12.75,11.562803105815195,1.1871968941848046,Brazil
4062,2,12.8999999364,12.072470878820223,0.8275290575797776,Brazil
4063,2,12.7750000954,12.605011346626808,0.16998874877319103,Brazil
4064,2,13.3999999364,11.864176129430598,1.5358238069694021,Brazil
4065,2,13.5499997139,11.559209016905875,1.9907906969941251,Brazil
4066,2,14.25,11.755653824220552,2.494346175779448,Brazil
4067,2,12.6500000954,12.635028375692686,0.014971719707313369,Brazil
4068,2,12.3999996185,15.00667133982223,2.606671721322229,Brazil
4069,2,11.8000001907,11.857109189605794,0.05710899890579313,Brazil
4070,2,12.6277778414,11.806901203845383,0.8208766375546173,Brazil
4071,2,13.007692337,12.258623712986152,0.749068624013848,Brazil
4072,2,12.5,13.477958261338896,0.9779582613388964,Brazil
4073,2,12.3214285714,11.340015415851495,0.9814131555485055,Brazil
4074,2,12.8999996185,13.055582948353752,0.15558332985375145,Brazil
4075,2,12.4750001431,11.669468263642084,0.8055318794579165,Brazil
4076,2,14.2666667302,12.234921538397431,2.0317451918025693,Brazil
4077,2,13.3368420852,13.615858322093757,0.27901623689375654,Brazil
4078,2,14.5499997139,14.988343234717028,0.4383435208170283,Brazil
4079,2,14.3999999364,11.973654754803672,2.4263451815963286,Brazil
4080,2,13.0499997139,12.384019801855052,0.6659799120449481,Brazil
4081,2,12.2333332698,10.575972695678345,1.657360574121654,Brazil
4082,2,14.3000001907,10.308860187056993,3.9911400036430074,Brazil
4083,2,12.8666664759,9.57480632063654,3.2918601552634605,Brazil
4084,2,13.25,11.695041244683644,1.5549587553163562,Brazil
4085,2,14.3999996185,11.938347962255179,2.461651656244822,Brazil
4086,2,12.6000003815,12.335733579313207,0.26426680218679266,Brazil
4087,2,13.4200000763,12.949740655873862,0.470259420426137,Brazil
4088,2,12.929999876,12.623965033060689,0.3060348429393116,Brazil
4089,2,14.4333333969,11.98227865561378,2.451054741286221,Brazil
4090,2,12.8000001907,13.969274378374244,1.1692741876742438,Brazil
4091,2,12.3999996185,13.211319264779092,0.8113196462790917,Brazil
4092,2,15.3999996185,11.13737713972517,4.26262247877483,Brazil
4093,2,13.3714286259,12.67580192118776,0.6956267047122395,Brazil
4094,2,15.316666921,11.771137322472175,3.545529598527825,Brazil
4095,2,13.1000000636,12.262028747574496,0.837971316025504,Brazil
4096,2,12.4333333969,12.339710194012273,0.09362320288772707,Brazil
4097,2,14.75,11.78551276748257,2.9644872325174294,Brazil
4098,2,13.1999998093,12.860330028797298,0.33966978050270136,Brazil
4099,2,13.8000001907,11.96599524761626,1.834004943083741,Brazil
4100,2,14.4666665395,10.154968102975062,4.311698436524939,Brazil
4101,2,12.9200000763,12.375436946565983,0.5445631297340157,Brazil
4102,2,12.0749998093,12.413059260009822,0.3380594507098227,Brazil
4103,2,12.835714204,12.938077854100852,0.1023636501008518,Brazil
4104,2,12.8000000318,11.64031888917482,1.15968114262518,Brazil
4105,2,14.2199998856,12.969527288843537,1.2504725967564632,Brazil
4106,2,13.1666666667,12.231191841103453,0.9354748255965468,Brazil
4107,2,13.0600000381,12.333827210491368,0.7261728276086323,Brazil
4108,2,13.1000003815,12.298809372703994,0.801191008796005,Brazil
4109,2,12.6428570066,12.001166886760293,0.6416901198397067,Brazil
4110,2,12.6666666667,12.790494976240765,0.12382830954076596,Brazil
4111,2,12.7999999183,13.265552105375173,0.46555218707517376,Brazil
4112,2,13.4333335559,10.746198584323107,2.687134971576892,Brazil
4113,2,12.7249999046,11.50874320109417,1.216256703505831,Brazil
4114,2,12.6142856053,11.812604784925812,0.8016808203741874,Brazil
4115,2,13.820000267,11.715549385879605,2.1044508811203944,Brazil
4116,2,12.7599998474,13.1909491101592,0.4309492627592011,Brazil
4117,2,13.0499997139,12.726617860978543,0.3233818529214574,Brazil
4118,2,13.1999998093,12.80938221848449,0.3906175908155092,Brazil
4119,2,12.75,10.971868325799413,1.778131674200587,Brazil
4120,2,13.5666666031,12.608668780588657,0.9579978225113432,Brazil
4121,2,13.6999998093,11.309517067706174,2.390482741593825,Brazil
4122,2,13.1749999523,11.67190240651029,1.5030975457897107,Brazil
4123,2,12.8499999046,10.036240232251803,2.8137596723481977,Brazil
4124,2,16.5,12.277977086468514,4.222022913531486,Brazil
4125,2,13.0499999523,11.54305047130526,1.5069494809947397,Brazil
4126,2,13.75,11.745801621478565,2.0041983785214352,Brazil
4127,2,14.3000001907,10.291659997482476,4.008340193217524,Brazil
4128,2,12.0250000954,11.968136416156746,0.05686367924325353,Brazil
4129,2,13.8999999364,12.06417145506763,1.8358284813323706,Brazil
4130,2,13.1500000954,11.839292405977258,1.3107076894227419,Brazil
4131,2,13.8999996185,10.516165525697176,3.383834092802825,Brazil
4132,2,16.5000004768,11.986137429390846,4.513863047409155,Brazil
4133,2,12.5,13.592682640817467,1.0926826408174666,Brazil
4134,2,13.9249999523,13.733837281539191,0.19116267076080895,Brazil
4135,2,13.1000003815,9.372670412833987,3.7273299686660124,Brazil
4136,2,12.8000001907,12.32140990265881,0.47859028804118964,Brazil
4137,2,13.7333332698,12.384039855888261,1.349293413911738,Brazil
4138,2,13.8333333333,10.861406106025443,2.9719272272745574,Brazil
4139,2,14.1000000636,11.348519330444276,2.7514807331557236,Brazil
4140,2,12.3714283534,10.809101622361265,1.5623267310387359,Brazil
4141,2,13.25,11.094235337739947,2.1557646622600526,Brazil
4142,2,11.9000000954,10.686598450891376,1.2134016445086235,Brazil
4143,2,13.3499999046,12.958295157617943,0.3917047469820574,Brazil
4144,2,13.2666667302,10.40555965203551,2.8611070781644905,Brazil
4145,2,13.9333333969,11.948833790214298,1.9844996066857021,Brazil
4146,2,13.7000001272,10.484736984219879,3.2152631429801204,Brazil
4147,2,15.9199998856,12.093563545354527,3.826436340245472,Brazil
4148,2,12.2750000954,11.504088627947022,0.7709114674529776,Brazil
4149,2,15.3999996185,11.317329093173623,4.082670525326378,Brazil
4150,2,11.7555554708,15.873509797399304,4.117954326599305,Brazil
4151,2,14.8999996185,11.722704940781162,3.177294677718839,Brazil
4152,2,13.3307691721,10.485499887381193,2.845269284718807,Brazil
4153,2,15.7142857143,11.165360063924464,4.548925650375537,Brazil
4154,2,14.7000001272,11.591047879192146,3.108952248007853,Brazil
4155,2,13.7999997139,11.394818428400754,2.4051812854992463,Brazil
4156,2,14.1666666667,11.438215397344758,2.728451269355242,Brazil
4157,2,13.25,12.806794463085996,0.4432055369140038,Brazil
4158,2,14.1500000954,11.551044264886709,2.5989558305132903,Brazil
4159,2,12.1166666349,12.915932808978818,0.7992661740788183,Brazil
4160,2,13.3000001907,11.45228435769176,1.847715833008241,Brazil
4161,2,12.8500003815,11.476194398342306,1.373805983157693,Brazil
4162,2,14.3545455066,13.273015355147708,1.0815301514522915,Brazil
4163,2,15.4000000954,12.330833775940203,3.0691663194597965,Brazil
4164,2,13.1333335241,13.087193188187513,0.04614033591248656,Brazil
4165,2,12.7200000763,12.796179837704887,0.07617976140488736,Brazil
4166,2,12.4333333969,13.594043319483777,1.1607099225837771,Brazil
4167,2,13.1000003815,12.514093476978417,0.5859069045215826,Brazil
4168,2,12.4,12.947056750141238,0.5470567501412376,Brazil
4169,2,12.6500000954,11.64990094987754,1.0000991455224586,Brazil
4170,2,13.4599998474,11.721050692338611,1.7389491550613894,Brazil
4171,2,13.8249998093,11.625642794760488,2.199357014539512,Brazil
4172,2,13.0999998365,12.870415064470723,0.22958477202927696,Brazil
4173,2,13.0916667779,14.068576140717363,0.9769093628173628,Brazil
4174,2,13.9999997616,12.354315278214413,1.6456844833855868,Brazil
4175,2,12.320000267,12.066692769389245,0.2533074976107539,Brazil
4176,2,15.6499999364,12.248715060045352,3.401284876354648,Brazil
4177,2,12.9037036896,12.35756303370053,0.546140655899471,Brazil
4178,2,11.6857141767,11.344274652188261,0.3414395245117383,Brazil
4179,2,14.7499999046,12.540281399608766,2.2097185049912333,Brazil
4180,2,12.5333334605,13.439545965226728,0.906212504726728,Brazil
4181,2,13.7999999523,10.065689899457556,3.734310052842444,Brazil
4182,2,13.9499999682,13.03685961215588,0.9131403560441207,Brazil
4183,2,13.5714285714,12.505189023011589,1.0662395483884115,Brazil
4184,2,14.7333332698,12.00122740806886,2.7321058617311387,Brazil
4185,2,12.3875001669,10.472044339098108,1.9154558278018925,Brazil
4186,2,14.2399999619,12.54360450016033,1.6963954617396713,Brazil
4187,2,13.3833332856,12.230988190145654,1.1523450954543453,Brazil
4188,2,12.914285796,11.790005650050468,1.1242801459495322,Brazil
4189,2,12.0,11.67926143775967,0.3207385622403294,Brazil
4190,2,13.1999998093,11.780169984452803,1.4198298248471968,Brazil
4191,2,12.2142857143,12.825193650514572,0.6109079362145717,Brazil
4192,2,14.4799999237,11.995208530350087,2.484791393349912,Brazil
4193,2,13.2333335876,12.287772405964404,0.9455611816355969,Brazil
4194,2,12.2666664124,11.86785366751789,0.39881274488210927,Brazil
4195,2,11.7333332698,10.684599561004148,1.0487337087958508,Brazil
4196,2,11.933333079,13.6051579371337,1.6718248581337,Brazil
4197,2,13.0999999046,11.328821686664192,1.7711782179358089,Brazil
4198,2,10.0500001907,15.875759437251878,5.825759246551877,Brazil
4199,2,9.25,11.363248415196853,2.1132484151968534,Brazil
4200,2,7.90909099579,13.041946072859933,5.132855077069933,Brazil
4201,2,11.7000002861,13.983170152501089,2.2831698664010887,Brazil
4202,2,11.0500001907,12.975221334848115,1.9252211441481144,Brazil
4203,2,10.3333333333,14.20871816918861,3.8753848358886103,Brazil
4204,2,10.6000003815,12.54988472082885,1.9498843393288503,Brazil
4205,2,11.5,12.51700961980692,1.0170096198069203,Brazil
4206,2,11.4999996821,12.385268401463744,0.8852687193637436,Brazil
4207,2,12.1000003815,12.390292545299541,0.2902921637995419,Brazil
4208,2,11.8999996185,12.584372406611692,0.6843727881116912,Brazil
4209,2,10.5999999046,13.154910833750737,2.5549109291507364,Brazil
4210,2,9.36470581503,10.904323348883873,1.539617533853873,Brazil
4211,2,9.5499997139,12.712853266112958,3.162853552212958,Brazil
4212,2,12.8000001907,10.335876855618496,2.4641233350815046,Brazil
4213,2,8.19999980927,10.997063589613926,2.797063780343926,Brazil
4214,2,11.3000001907,11.495022095519602,0.19502190481960113,Brazil
4215,2,8.94375002384,12.291952533030184,3.348202509190184,Brazil
4216,2,11.1200000763,12.514928099018219,1.3949280227182186,Brazil
4217,2,8.90909090909,12.121069691833288,3.2119787827432873,Brazil
4218,2,11.9666665395,10.437214477884798,1.5294520616152028,Brazil
4219,2,9.3866666158,10.389837379884234,1.003170764084235,Brazil
4220,2,10.316666762,12.754825401349983,2.4381586393499823,Brazil
4221,2,12.7000002861,12.574544291920807,0.12545599417919284,Brazil
4222,2,12.5333331426,12.749009453139596,0.21567631053959602,Brazil
4223,2,11.1500000954,12.213013222072393,1.0630131266723932,Brazil
4224,2,11.1166667938,13.298780974895626,2.182114181095626,Brazil
4225,2,10.0499999523,12.718950186700697,2.668950234400697,Brazil
4226,2,10.6666666667,15.823399218426971,5.1567325517269715,Brazil
4227,2,9.35000010899,12.374320393752516,3.0243202847625152,Brazil
4228,2,11.3499999046,12.558157592048053,1.2081576874480522,Brazil
4229,2,10.75,12.131236724692712,1.3812367246927124,Brazil
4230,2,12.1000003815,12.672406240553737,0.5724058590537382,Brazil
4231,2,9.10000038147,11.964172378879953,2.8641719974099527,Brazil
4232,2,11.8499999046,12.398154816674753,0.548154912074752,Brazil
4233,2,11.1666663488,10.30612511649634,0.8605412323036603,Brazil
4234,2,8.875,11.541603620133438,2.666603620133438,Brazil
4235,2,9.48749995232,9.75236337766299,0.26486342534298934,Brazil
4236,2,11.8000001907,12.347942458408088,0.5479422677080876,Brazil
4237,2,11.6666666667,14.094693642668087,2.4280269759680877,Brazil
4238,2,12.6000003815,12.891692177012754,0.2916917955127545,Brazil
4239,2,11.6500000954,13.337794245106942,1.6877941497069422,Brazil
4240,2,11.3000001907,15.837628486053774,4.537628295353773,Brazil
4241,2,11.6999998093,10.673573349400314,1.0264264598996853,Brazil
4242,2,10.8000001907,7.276100782654815,3.5238994080451853,Brazil
4243,2,11.3000001907,10.7134115152063,0.5865886754937009,Brazil
4244,2,12.3999996185,11.590200621338157,0.8097989971618436,Brazil
4245,2,12.4666665395,12.069145972972532,0.3975205665274686,Brazil
4246,2,11.3999996185,10.448025405260015,0.9519742132399855,Brazil
4247,2,9.15000001589,10.519300022003574,1.3693000061135727,Brazil
4248,2,8.72857138089,12.103912282490104,3.3753409016001044,Brazil
4249,2,11.2333332698,14.242927584613536,3.009594314813537,Brazil
4250,2,9.24999990463,10.393108752154756,1.143108847524756,Brazil
4251,2,11.1000003815,12.326063764023687,1.2260633825236873,Brazil
4252,2,9.13750004768,11.993644426543577,2.8561443788635774,Brazil
4253,2,9.30645158214,12.830112070521801,3.523660488381802,Brazil
4254,2,11.9000000954,10.707813872997153,1.1921862224028459,Brazil
4255,2,10.9499998093,11.98642530567536,1.0364254963753599,Brazil
4256,2,11.8666667938,13.51446125863243,1.6477944648324296,Brazil
4257,2,11.6999998093,13.393999975673978,1.6940001663739785,Brazil
4258,2,10.0000002384,13.280698861396043,3.2806986229960433,Brazil
4259,2,9.57500004768,12.594033316449213,3.0190332687692134,Brazil
4260,2,12.3600002289,12.814706642334496,0.45470641343449536,Brazil
4261,2,9.98333326976,13.36130169924814,3.3779684294881402,Brazil
4262,2,9.67777782016,12.375010063369478,2.697232243209479,Brazil
4263,2,11.1500000954,12.475569953030787,1.3255698576307875,Brazil
4264,2,10.6000003815,10.710753770369536,0.11075338886953645,Brazil
4265,2,9.24285711561,10.341631061321827,1.0987739457118266,Brazil
4266,2,9.80000019073,15.328186346599669,5.528186155869669,Brazil
4267,2,10.0999999046,12.079852141593047,1.9798522369930467,Brazil
4268,2,9.40000009537,12.896400310841196,3.496400215471196,Brazil
4269,2,9.9500002861,12.529961747911091,2.5799614618110915,Brazil
4270,2,9.38333336512,13.621319210314251,4.237985845194251,Brazil
4271,2,8.73333326976,11.54283963016297,2.8095063604029704,Brazil
4272,2,10.3444443809,10.205795000727704,0.13864938017229633,Brazil
4273,2,10.8999996185,11.786353913428687,0.8863542949286867,Brazil
4274,2,9.27999992371,11.294097857338262,2.0140979336282623,Brazil
4275,2,10.0999999046,13.851896207412114,3.7518963028121135,Brazil
4276,2,10.3666667938,16.805096721561764,6.438429927761764,Brazil
4277,2,11.5,11.033814696655377,0.4661853033446235,Brazil
4278,2,10.6833333969,10.335351090320112,0.3479823065798886,Brazil
4279,2,10.8333330154,13.147038987931161,2.313705972531162,Brazil
4280,2,12.5,7.903585548763207,4.596414451236793,Brazil
4281,2,12.0500001907,11.31740514296381,0.73259504773619,Brazil
4282,2,12.5,13.146042831223832,0.6460428312238324,Brazil
4283,2,12.3000001907,12.600287994077835,0.30028780337783445,Brazil
4284,2,11.8999996185,12.842365590822238,0.9423659723222375,Brazil
4285,2,11.8000001907,9.497096932550736,2.3029032581492643,Brazil
4286,2,11.1000003815,12.001364610968404,0.9013642294684043,Brazil
4287,2,11.3999996185,11.119876404365538,0.28012321413446273,Brazil
4288,2,8.9615385349,9.910118304801411,0.9485797699014107,Brazil
4289,2,11.3000001907,12.341925421361339,1.041925230661338,Brazil
4290,2,12.3000001907,11.815186188808354,0.48481400189164603,Brazil
4291,2,11.5,14.96252655780614,3.4625265578061395,Brazil
4292,2,10.5499997139,10.012547184482896,0.537452529417104,Brazil
4293,2,11.3999996185,12.801852403475449,1.401852784975448,Brazil
4294,2,9.30000003179,12.18592357456054,2.8859235427705396,Brazil
4295,2,9.42499995232,10.474869761102038,1.049869808782038,Brazil
4296,2,10.8999996185,12.215307953691697,1.3153083351916965,Brazil
4297,2,9.80000019073,15.183150481574021,5.383150290844021,Brazil
4298,2,12.25,12.451003825183875,0.20100382518387505,Brazil
4299,2,9.12000007629,12.673007494048388,3.553007417758389,Brazil
4300,2,9.65882351819,11.369623608160182,1.7108000899701832,Brazil
4301,2,11.8500003815,12.69001849229305,0.84001811079305,Brazil
4302,2,11.6000003815,11.202861457840438,0.39713892365956127,Brazil
4303,2,11.3999996185,13.598457480000594,2.198457861500593,Brazil
4304,2,10.7000001272,12.871038949402553,2.1710388222025543,Brazil
4305,2,9.65999999046,11.989080968453836,2.3290809779938364,Brazil
4306,2,12.4500002861,11.538916435580944,0.9110838505190557,Brazil
4307,2,10.9000000954,13.259866276537942,2.359866181137942,Brazil
4308,2,9.80000019073,13.994183423486163,4.1941832327561634,Brazil
4309,2,9.91428579603,10.44974966423499,0.5354638682049888,Brazil
4310,2,10.3999999364,12.234532436716911,1.8345325003169108,Brazil
4311,2,9.7,10.433203350289094,0.7332033502890951,Brazil
4312,2,8.39473682956,12.760907635160269,4.3661708056002695,Brazil
4313,2,10.1999998093,10.151235229600992,0.04876457969900727,Brazil
4314,2,11.5500001907,11.98087867199176,0.4308784812917601,Brazil
4315,2,12.1999998093,12.540867396849055,0.3408675875490559,Brazil
4316,2,11.75,10.88409830504808,0.8659016949519192,Brazil
4317,2,9.10000038147,10.399545282991525,1.299544901521525,Brazil
4318,2,10.4499998093,16.632332176261844,6.182332366961845,Brazil
4319,2,11.6999998093,12.593746345999,0.8937465366990001,Brazil
4320,2,11.4500002861,10.818338314415701,0.6316619716842986,Brazil
4321,2,9.33333333333,12.52138321973006,3.1880498864000604,Brazil
4322,2,12.3000001907,13.63064847285772,1.3306482821577195,Brazil
4323,2,12.8000001907,12.91120566790274,0.11120547720273954,Brazil
4324,2,9.67692301824,11.257301645469624,1.5803786272296243,Brazil
4325,2,10.6000003815,12.449619011217749,1.8496186297177495,Brazil
4326,2,11.1500000954,12.535442153795735,1.3854420583957356,Brazil
4327,2,9.25833328565,12.41376605539265,3.1554327697426494,Brazil
4328,2,9.0,12.643388626253033,3.6433886262530333,Brazil
4329,2,10.8000001907,12.899372721769534,2.099372531069534,Brazil
4330,2,8.6999999455,11.95044075462901,3.2504408091290102,Brazil
4331,2,9.23703712887,12.94439378656883,3.7073566576988295,Brazil
4332,2,11.8000001907,12.175264247047581,0.3752640563475804,Brazil
4333,2,9.35000038147,11.989934591007534,2.639934209537534,Brazil
4334,2,11.6999998093,12.241707099279337,0.5417072899793371,Brazil
4335,2,11.2333334287,12.166828982578037,0.9334955538780374,Brazil
4336,2,11.3666664759,12.734199245962804,1.3675327700628035,Brazil
4337,2,12.1500000954,12.27303561071508,0.12303551531508106,Brazil
4338,2,11.6999998093,11.577144567656184,0.12285524164381556,Brazil
4339,2,8.97142859868,12.466649266020559,3.4952206673405595,Brazil
4340,2,9.36666647593,12.18591440593144,2.81924793000144,Brazil
4341,2,10.8499999046,13.865243157653637,3.0152432530536366,Brazil
4342,2,8.9791667064,12.226052414404853,3.2468857080048537,Brazil
4343,2,9.7000001027,12.32717577326008,2.6271756705600797,Brazil
4344,2,9.16190474374,12.546737360225777,3.3848326164857774,Brazil
4345,2,9.86666647593,12.479092880561652,2.612426404631652,Brazil
4346,2,8.80000019073,11.810080975842506,3.010080785112507,Brazil
4347,2,12.6000003815,12.9704091108681,0.3704087293681013,Brazil
4348,2,9.25,12.309170057756239,3.059170057756239,Brazil
4349,2,11.4499998093,13.32781869249169,1.87781888319169,Brazil
4350,2,9.91111119588,12.262322490129389,2.3512112942493886,Brazil
4351,2,9.39999961853,11.6306694851501,2.230669866620101,Brazil
4352,2,11.3800001144,12.204523107580066,0.8245229931800662,Brazil
4353,2,10.8999996185,12.285355982936418,1.3853563644364169,Brazil
4354,2,10.0,12.367031280310211,2.3670312803102114,Brazil
4355,2,11.0999999046,12.650340239966482,1.5503403353664815,Brazil
4356,2,11.6999998093,13.44977580795622,1.7497759986562205,Brazil
4357,2,11.1999998093,13.357044932981983,2.157045123681984,Brazil
4358,2,9.70000012716,12.9767449776908,3.2767448505308003,Brazil
4359,2,8.90000009537,11.8219085090202,2.9219084136502005,Brazil
4360,2,9.88333352407,10.120032900656193,0.2366993765861931,Brazil
4361,2,9.10000038147,12.182197181715292,3.082196800245292,Brazil
4362,2,10.0666666031,12.110549456703344,2.0438828536033444,Brazil
4363,2,9.5,13.052436109122977,3.5524361091229775,Brazil
4364,2,12.1000003815,13.115620969255303,1.0156205877553042,Brazil
4365,2,11.8999996185,13.324186894132625,1.4241872756326242,Brazil
4366,2,12.3000001907,11.576822133888776,0.7231780568112249,Brazil
4367,2,11.2749998569,13.312023263001706,2.0370234061017065,Brazil
4368,2,11.3000001907,10.410171081741053,0.8898291089589474,Brazil
4369,2,7.97272742878,9.793149291252636,1.820421862472636,Brazil
4370,2,9.89999961853,15.262807391593993,5.362807773063993,Brazil
4371,2,8.92499995232,10.777473353783872,1.8524734014638717,Brazil
4372,2,8.4500002861,12.690351401930382,4.240351115830382,Brazil
4373,2,10.600000109,12.950337021311833,2.3503369123118336,Brazil
4374,2,11.3111110263,12.061184544708553,0.7500735184085521,Brazil
4375,2,8.37777776188,11.103971606845011,2.726193844965012,Brazil
4376,2,10.6636362076,15.063244049632278,4.399607842032278,Brazil
4377,2,10.6000003815,14.677271744955334,4.077271363455335,Brazil
4378,2,6.86666679382,13.90207918318235,7.0354123893623495,Brazil
4379,2,10.7600000381,13.780110939596389,3.0201109014963894,Brazil
4380,2,9.55000019073,13.58114694247864,4.03114675174864,Brazil
4381,2,8.33333333333,13.201270085353707,4.867936752023708,Brazil
4382,2,9.90000009537,13.48849653643714,3.5884964410671394,Brazil
4383,2,9.25333328247,13.451465589998346,4.198132307528345,Brazil
4384,2,6.37777773539,13.3282142718189,6.950436536428901,Brazil
4385,2,9.38253967346,13.940052013461234,4.557512340001233,Brazil
4386,2,9.9500002861,13.415659843126065,3.465659557026065,Brazil
4387,2,11.4500000136,13.144601660412054,1.6946016468120533,Brazil
4388,2,7.91052630073,13.532531263531677,5.622004962801677,Brazil
4389,2,10.1000003815,13.543708321505825,3.443707940005826,Brazil
4390,2,10.6769230916,13.486661646807491,2.80973855520749,Brazil
4391,2,7.625,12.59121871576395,4.966218715763951,Brazil
4392,2,8.36666679382,13.608802275861635,5.242135482041634,Brazil
4393,2,10.685714313,13.04842426641401,2.3627099534140097,Brazil
4394,2,9.23750007153,11.990626064240333,2.7531259927103324,Brazil
4395,2,8.22500014305,12.572714698372268,4.347714555322268,Brazil
4396,2,11.5999997457,13.263030415193597,1.6630306694935975,Brazil
4397,2,8.59999990463,13.392259005997344,4.792259101367344,Brazil
4398,2,7.82444447411,13.012164793390392,5.187720319280392,Brazil
4399,2,9.06000003815,12.436700122640133,3.3767000844901336,Brazil
4400,2,7.0,13.301149153905447,6.301149153905447,Brazil
4401,2,11.5999999046,11.336931952440093,0.26306795215990775,Brazil
4402,2,10.0285714013,12.710606480182822,2.682035078882821,Brazil
4403,2,7.65,13.390413840564932,5.740413840564932,Brazil
4404,2,9.98000011444,13.076020197239643,3.096020082799644,Brazil
4405,2,9.55199993134,13.488939033712686,3.936939102372687,Brazil
4406,2,11.8,13.652246503511405,1.8522465035114042,Brazil
4407,2,9.26000003815,13.81521826912726,4.55521823097726,Brazil
4408,2,10.6999998093,11.850677893244873,1.1506780839448734,Brazil
4409,2,8.56666660309,10.325673347340132,1.7590067442501311,Brazil
4410,2,8.0624999404,10.853837608156109,2.7913376677561086,Brazil
4411,2,7.21999998093,13.917820531018723,6.697820550088723,Brazil
4412,2,8.89999993642,13.308966241303942,4.408966304883942,Brazil
4413,2,11.4500000477,14.112467605574732,2.6624675578747325,Brazil
4414,2,11.3600001017,13.848185035605534,2.488184933905533,Brazil
4415,2,9.21000003815,13.56455868775503,4.35455864960503,Brazil
4416,2,8.17027027543,13.850265605754029,5.679995330324029,Brazil
4417,2,11.0199998856,13.798143995454197,2.778144109854196,Brazil
4418,2,7.28749996424,10.838478929363445,3.550978965123445,Brazil
4419,2,7.46428574835,13.222722497866778,5.758436749516778,Brazil
4420,2,10.1000000636,13.110241065391014,3.010241001791014,Brazil
4421,2,8.125,12.684523995152972,4.559523995152972,Brazil
4422,2,9.95789487738,13.373479503055377,3.4155846256753772,Brazil
4423,2,10.1800001144,12.898824465354476,2.718824350954476,Brazil
4424,2,9.45833341281,12.767681862038039,3.3093484492280396,Brazil
4425,2,10.8999996185,11.41628166707746,0.5162820485774589,Brazil
4426,2,10.1333332062,13.059731408856726,2.926398202656726,Brazil
4427,2,11.1666666667,13.1755626434039,2.0088959767039007,Brazil
4428,2,8.39999993642,14.729385919766223,6.3293859833462225,Brazil
4429,2,8.28571428571,13.246580316709379,4.960866030999378,Brazil
4430,2,7.70000001362,12.96577601721695,5.265776003596949,Brazil
4431,2,7.08823532217,11.317467579227529,4.229232257057529,Brazil
4432,2,7.3653846704,13.384108554682612,6.018723884282612,Brazil
4433,2,7.27777777778,10.844163791743519,3.566386013963519,Brazil
4434,2,7.78571421759,12.524432573735277,4.738718356145277,Brazil
4435,2,6.97142857597,13.669166316318554,6.697737740348554,Brazil
4436,2,8.28571430274,11.975352067555853,3.6896377648158527,Brazil
4437,2,8.0,12.747560682374488,4.747560682374488,Brazil
4438,2,11.3499999046,14.05279522951561,2.702795324915609,Brazil
4439,2,11.4500002861,10.626024848330875,0.8239754377691249,Brazil
4440,2,6.67777782016,10.187253419574581,3.509475599414581,Brazil
4441,2,8.44999980927,13.66997248405226,5.219972674782259,Brazil
4442,2,6.80303034638,10.934660397192843,4.131630050812843,Brazil
4443,2,10.2249999046,10.930090405498735,0.7050905008987343,Brazil
4444,2,9.64999993642,13.174356155400586,3.5243562189805857,Brazil
4445,2,8.75000011921,13.405618567523868,4.655618448313868,Brazil
4446,2,10.1428570066,12.134417924321722,1.9915609177217224,Brazil
4447,2,6.81666676203,11.084645553373262,4.267978791343262,Brazil
4448,2,8.4571428299,13.56939060922029,5.11224777932029,Brazil
4449,2,8.29999987284,13.286468496418141,4.986468623578141,Brazil
4450,2,9.77857140132,12.243762569864495,2.4651911685444947,Brazil
4451,2,9.93333339691,11.718745580206509,1.7854121832965095,Brazil
4452,2,9.75,13.533051351560658,3.7830513515606583,Brazil
4453,2,8.35000038147,13.131001546895192,4.781001165425192,Brazil
4454,2,8.38000011444,13.29099268978971,4.910992575349711,Brazil
4455,2,8.71666669846,13.494475505820539,4.77780880736054,Brazil
4456,2,8.55000019073,12.953617180544164,4.403616989814164,Brazil
4457,2,8.3879999733,14.093644091861124,5.705644118561125,Brazil
4458,2,11.125,14.15970012383378,3.0347001238337796,Brazil
4459,2,7.7720000267,13.609282753707902,5.837282727007902,Brazil
4460,2,9.65000009537,13.607394799170892,3.957394703800892,Brazil
4461,2,11.5500001907,12.214608549342353,0.6646083586423526,Brazil
4462,2,8.97500002384,13.162553333960236,4.1875533101202365,Brazil
4463,2,8.71999988556,13.702435772233189,4.982435886673189,Brazil
4464,2,7.98000001907,13.024547963774134,5.044547944704134,Brazil
4465,2,8.09999998411,13.380163329417789,5.280163345307789,Brazil
4466,2,8.56666660309,13.250058313988605,4.683391710898604,Brazil
4467,2,7.94000005722,13.038512616218586,5.0985125589985865,Brazil
4468,2,8.38749998808,13.510357428491316,5.122857440411316,Brazil
4469,2,9.77500009537,14.026572743593512,4.251572648223512,Brazil
4470,2,10.3000000318,13.253381351974248,2.9533813201742483,Brazil
4471,2,10.2529411877,13.52609026660001,3.27314907890001,Brazil
4472,2,7.24615375812,13.832937405727613,6.5867836476076125,Brazil
4473,2,10.2999998728,13.232582052368459,2.932582179568458,Brazil
4474,2,10.75,12.089154628658303,1.339154628658303,Brazil
4475,2,12.1499999364,13.91035109317519,1.7603511567751902,Brazil
4476,2,9.49999988079,13.635581689446333,4.135581808656333,Brazil
4477,2,6.54545454545,14.005627266538081,7.460172721088081,Brazil
4478,2,7.51000003815,13.725401795027963,6.215401756877963,Brazil
4479,2,12.5333331426,11.273070729023953,1.2602624135760472,Brazil
4480,2,9.75,11.13558396444904,1.3855839644490402,Brazil
4481,2,7.14545449344,13.141728021292117,5.996273527852117,Brazil
4482,2,10.9399999619,12.105724600548845,1.165724638648845,Brazil
4483,2,9.12857151031,13.861749158102239,4.733177647792239,Brazil
4484,2,9.89999961853,11.98089654947708,2.0808969309470804,Brazil
4485,2,10.1111112171,13.185687707505434,3.074576490405434,Brazil
4486,2,9.56666660309,12.211784837617373,2.645118234527372,Brazil
4487,2,10.6400001526,13.915441649251708,3.275441496651707,Brazil
4488,2,11.3000001907,13.89733862942978,2.59733843872978,Brazil
4489,2,8.6285714422,13.217639056325698,4.589067614125698,Brazil
4490,2,8.10000038147,12.63874572043014,4.53874533896014,Brazil
4491,2,10.4000000954,14.291306308368023,3.891306212968024,Brazil
4492,2,8.42499995232,13.027636532330334,4.6026365800103335,Brazil
4493,2,11.1333335241,13.754064677254508,2.6207311531545088,Brazil
4494,2,12.2000000477,14.313853141497722,2.1138530937977222,Brazil
4495,2,10.1999998093,12.873971584906009,2.6739717756060095,Brazil
4496,2,10.3083334764,12.769544295745478,2.461210819345478,Brazil
4497,2,10.2599998474,11.851616676402742,1.5916168290027422,Brazil
4498,2,8.86666679382,10.91458125786081,2.04791446404081,Brazil
4499,2,7.82000000477,11.897760652785063,4.077760648015063,Brazil
4500,2,6.87368418041,13.87806825228309,7.00438407187309,Brazil
4501,2,10.3000001907,13.539451428971578,3.2394512382715774,Brazil
4502,2,10.2499997616,13.163562284392466,2.913562522792466,Brazil
4503,2,9.03333324856,11.910764415510998,2.8774311669509984,Brazil
4504,2,12.3499999046,14.524629407892878,2.174629503292877,Brazil
4505,2,12.1666666667,12.798875032305169,0.6322083656051696,Brazil
4506,2,11.7250001431,13.359406496966171,1.6344063538661704,Brazil
4507,2,7.625,12.816514180044273,5.191514180044273,Brazil
4508,2,9.78333330154,13.236537345830829,3.4532040442908283,Brazil
4509,2,10.3499996662,11.25078356740537,0.9007839012053687,Brazil
4510,2,8.85454550656,11.725656241313144,2.8711107347531453,Brazil
4511,2,9.89999961853,15.05493520483196,5.15493558630196,Brazil
4512,2,8.20000004768,13.548605868802355,5.348605821122355,Brazil
4513,2,8.14999997616,13.326247236586296,5.176247260426296,Brazil
4514,2,8.17499989271,13.585162696927798,5.410162804217798,Brazil
4515,2,8.43529415131,13.840010290318837,5.404716139008837,Brazil
4516,2,11.5428571701,13.01065467669936,1.4677975065993607,Brazil
4517,2,8.23333326976,11.47325022222361,3.239916952463611,Brazil
4518,2,6.87692304758,14.051004870626603,7.174081823046603,Brazil
4519,2,10.3999996185,13.663451055339381,3.2634514368393805,Brazil
4520,2,10.0250000954,13.657489177397183,3.632489081997184,Brazil
4521,2,8.28571442195,13.177833318595495,4.892118896645494,Brazil
4522,2,11.2000000477,11.738645377155997,0.5386453294559974,Brazil
4523,2,7.89375007153,12.371120273674967,4.477370202144966,Brazil
4524,2,8.54999995232,14.151331822680945,5.601331870360944,Brazil
4525,2,10.2166667779,13.208908771933313,2.9922419940333125,Brazil
4526,2,7.61999988556,13.614172678711705,5.994172793151705,Brazil
4527,2,8.34999990463,14.391747695937006,6.041747791307007,Brazil
4528,2,8.75555552377,13.709373975468822,4.953818451698822,Brazil
4529,2,9.0933333079,13.271280810917304,4.177947503017304,Brazil
4530,2,10.0315789173,13.299763507747349,3.2681845904473494,Brazil
4531,2,10.3777776294,14.5359707201787,4.158193090778699,Brazil
4532,2,12.5,13.25269943530448,0.7526994353044802,Brazil
4533,2,11.1666667726,14.187860524222005,3.0211937516220058,Brazil
4534,2,10.3999996185,11.047577103376625,0.6475774848766243,Brazil
4535,2,7.21818174015,13.156013123609759,5.937831383459758,Brazil
4536,2,7.44999997616,13.32918224683172,5.879182270671721,Brazil
4537,2,10.05,13.567687147362003,3.517687147362002,Brazil
4538,2,7.4157894787,11.51597749833207,4.10018801963207,Brazil
4539,2,8.20000004768,13.968053510157427,5.768053462477427,Brazil
4540,2,10.5499999821,13.719275738470998,3.1692757563709986,Brazil
4541,2,8.67499995232,11.414582551344628,2.7395825990246276,Brazil
4542,2,8.29999987284,11.295503424517591,2.99550355167759,Brazil
4543,2,9.77777788374,13.99201988041407,4.214241996674069,Brazil
4544,2,9.6891304099,14.043130392896414,4.353999982996413,Brazil
4545,2,7.70000007417,13.57210469920589,5.872104625035889,Brazil
4546,2,9.26666641235,13.286908430795599,4.0202420184455985,Brazil
4547,2,8.19999980927,10.41821557494038,2.2182157656703794,Brazil
4548,2,8.5,13.307095206754948,4.807095206754948,Brazil
4549,2,8.05000011126,13.706547726180922,5.656547614920923,Brazil
4550,2,7.22499990463,13.900932212322541,6.675932307692541,Brazil
4551,2,9.82499980927,13.120553930894951,3.295554121624951,Brazil
4552,2,7.38999991417,13.187496917458605,5.797497003288605,Brazil
4553,2,8.96923079857,13.296412104479838,4.327181305909837,Brazil
4554,2,7.48461543597,11.314938430482563,3.8303229945125628,Brazil
4555,2,10.1000003815,13.576840298289103,3.4768399167891033,Brazil
4556,2,8.80000019073,12.036134566358342,3.2361343756283425,Brazil
4557,2,9.99999980927,13.258563718817785,3.258563909547785,Brazil
4558,2,10.3111110263,13.918896042515644,3.6077850162156437,Brazil
4559,2,8.63333352407,11.106589777161846,2.4732562530918454,Brazil
4560,2,10.8999996185,11.670432935050108,0.7704333165501076,Brazil
4561,2,7.3428572246,10.872518635918068,3.5296614113180675,Brazil
4562,2,10.4999996821,10.843950592167772,0.3439509100677718,Brazil
4563,2,8.56666649712,14.11749942154659,5.55083292442659,Brazil
4564,2,8.75,13.356181160590218,4.606181160590218,Brazil
4565,2,8.625,12.887661293254633,4.262661293254633,Brazil
4566,2,6.94000005722,13.49397206076612,6.553972003546121,Brazil
4567,2,8.75,14.032620385312898,5.282620385312898,Brazil
4568,2,10.1999998093,13.606412319155744,3.4064125098557447,Brazil
4569,2,8.28749990463,14.159507308563436,5.872007403933436,Brazil
4570,2,9.42820519667,13.728243112176372,4.300037915506373,Brazil
4571,2,10.720000267,12.058568577634679,1.3385683106346793,Brazil
4572,2,7.32000000477,13.633554775594467,6.313554770824467,Brazil
4573,2,7.22499996424,13.864369905775757,6.639369941535756,Brazil
4574,2,9.43599990845,13.588805026264465,4.152805117814465,Brazil
4575,2,9.60000010899,12.796558207509392,3.1965580985193913,Brazil
4576,2,8.30000003179,12.234815925043428,3.934815893253427,Brazil
4577,2,7.90000009537,13.25238355750315,5.352383462133149,Brazil
4578,2,8.03333353996,13.96030612838641,5.926972588426411,Brazil
4579,2,8.39999961853,13.861237609456825,5.461237990926826,Brazil
4580,2,7.91538476944,13.943319175498464,6.027934406058464,Brazil
4581,2,9.59999974569,12.062538504688632,2.4625387589986314,Brazil
4582,2,12.1090910651,16.561857751809175,4.452766686709175,Brazil
4583,2,12.6999999827,12.568971887150694,0.13102809554930595,Brazil
4584,2,9.83521125686,13.170191454610594,3.3349801977505944,Brazil
4585,2,9.38181816448,13.73771677696427,4.355898612484269,Brazil
4586,2,6.75,11.16003709595595,4.41003709595595,Brazil
4587,2,10.0,14.198715910405246,4.198715910405246,Brazil
4588,2,7.86666679382,13.201216232413124,5.334549438593124,Brazil
4589,2,8.89999961853,12.931747080899175,4.031747462369175,Brazil
4590,2,8.34999990463,13.1671500445399,4.8171501399099,Brazil
4591,2,13.8799999237,15.858836066849948,1.9788361431499482,Brazil
4592,2,12.6000003815,14.188860069019608,1.5888596875196086,Brazil
4593,2,10.7999999523,12.371305004404308,1.5713050521043073,Brazil
4594,2,12.8999996185,13.800558074049704,0.900558455549703,Brazil
4595,2,9.60000038147,13.850633846150576,4.2506334646805755,Brazil
4596,2,9.30000019073,12.679025626633665,3.3790254359036656,Brazil
4597,2,12.8000001907,16.78535064338717,3.985350452687168,Brazil
4598,2,13.8500001431,17.13957854824615,3.2895784051461483,Brazil
4599,2,17.2999992371,14.802137478480391,2.4978617586196084,Brazil
4600,2,13.5,12.819375667257741,0.6806243327422585,Brazil
4601,2,9.76000003815,13.538839981972934,3.778839943822934,Brazil
4602,2,10.4500000477,15.004983566506418,4.554983518806418,Brazil
4603,2,13.7750002146,16.04403550084395,2.26903528624395,Brazil
4604,2,10.7400001526,13.556760275661158,2.816760123061158,Brazil
4605,2,9.07500000298,13.219980684907839,4.144980681927839,Brazil
4606,2,11.6499998569,12.728965554207909,1.0789656973079094,Brazil
4607,2,8.75,12.592095446941387,3.8420954469413875,Brazil
4608,2,9.42000007629,10.351108100909766,0.9311080246197658,Brazil
4609,2,12.25,13.20002065700345,0.9500206570034493,Brazil
4610,2,10.7000000477,13.821580504434687,3.121580456734687,Brazil
4611,2,9.375,11.387255761074293,2.012255761074293,Brazil
4612,2,11.6999998093,14.392251459755471,2.6922516504554714,Brazil
4613,2,12.5333334605,13.908224619018455,1.3748911585184551,Brazil
4614,2,15.8000001907,17.069748643420237,1.2697484527202363,Brazil
4615,2,13.1999998093,14.98389138356739,1.7838915742673898,Brazil
4616,2,16.1000000636,14.618980975199722,1.4810190884002772,Brazil
4617,2,9.60000038147,14.25685881795291,4.65685843648291,Brazil
4618,2,15.2333335876,18.122823191855584,2.8894896042555835,Brazil
4619,2,13.1000003815,13.28419866257301,0.1841982810730105,Brazil
4620,2,10.0,10.98417847073857,0.9841784707385699,Brazil
4621,2,11.4666668574,13.864221140382917,2.3975542829829166,Brazil
4622,2,10.5400001526,13.693660848477604,3.153660695877605,Brazil
4623,2,13.5000003179,14.52474567889396,1.0247453609939612,Brazil
4624,2,14.6000003815,16.370396081521843,1.7703957000218438,Brazil
4625,2,11.5500001907,11.496885013572047,0.05311517712795322,Brazil
4626,2,10.5818180604,13.057385103023208,2.475567042623208,Brazil
4627,2,11.5,13.456365007474787,1.956365007474787,Brazil
4628,2,15.9749996662,16.84640402133842,0.8714043551384183,Brazil
4629,2,12.8249998093,13.285524990882273,0.4605251815822733,Brazil
4630,2,11.3666664759,16.55553237792635,5.18886590202635,Brazil
4631,2,13.1999998093,15.036000081545064,1.8360002722450641,Brazil
4632,2,16.7999992371,15.690172468289056,1.1098267688109438,Brazil
4633,2,14.1333332062,14.147445801562368,0.014112595362368197,Brazil
4634,2,11.5999999046,13.017676194400577,1.4176762898005766,Brazil
4635,2,10.1999998093,13.816399821835084,3.6164000125350846,Brazil
4636,2,12.5,17.1968467642949,4.6968467642949,Brazil
4637,2,14.1749999523,12.232113548090506,1.942886404209494,Brazil
4638,2,15.2499997616,16.34607429418772,1.0960745325877195,Brazil
4639,2,13.6999998093,15.183577573908973,1.4835777646089738,Brazil
4640,2,13.5750000477,14.315147238595369,0.7401471908953692,Brazil
4641,2,13.3000000545,12.988607012873615,0.3113930416263848,Brazil
4642,2,13.8999999364,13.484449307783997,0.41555062861600334,Brazil
4643,2,15.1571427754,14.536831809911599,0.620310965488402,Brazil
4644,2,13.9499999682,15.651816670306449,1.7018167021064485,Brazil
4645,2,10.3000001907,13.754001184651344,3.454000993951343,Brazil
4646,2,12.6500000954,14.638094920834249,1.9880948254342492,Brazil
4647,2,15.1999998093,15.17002491439149,0.029974894908509242,Brazil
4648,2,9.38750004768,11.869348870108258,2.481848822428258,Brazil
4649,2,13.1909092123,17.755874845342554,4.564965633042554,Brazil
4650,2,11.4750001431,13.721060890392177,2.2460607472921765,Brazil
4651,2,13.6500000954,13.058882236290803,0.5911178591091968,Brazil
4652,2,13.4666666985,14.230251299623069,0.7635846011230694,Brazil
4653,2,10.1000003815,13.964704822705796,3.864704441205797,Brazil
4654,2,14.3166666826,16.973145187933426,2.6564785053334266,Brazil
4655,2,10.5249999762,13.253938875581094,2.7289388993810935,Brazil
4656,2,12.4857142312,17.127967728524006,4.642253497324006,Brazil
4657,2,10.1499999762,11.587786833639846,1.4377868574398462,Brazil
4658,2,8.11000008583,12.106739512451187,3.996739426621186,Brazil
4659,2,17.2000007629,14.653935970116757,2.546064792783243,Brazil
4660,2,7.93333315849,13.696706674040929,5.763373515550929,Brazil
4661,2,18.2000007629,14.715215402737805,3.4847853601621956,Brazil
4662,2,10.9500002861,13.906275529663771,2.9562752435637716,Brazil
4663,2,12.9666665395,12.624950744452677,0.34171579504732286,Brazil
4664,2,9.09999990463,13.360725986535412,4.260726081905412,Brazil
4665,2,11.0,15.40611761036448,4.406117610364481,Brazil
4666,2,12.5750002861,12.952715431215582,0.377715145115582,Brazil
4667,2,10.6333335241,13.106315011868922,2.472981487768923,Brazil
4668,2,14.4333333969,17.759813345172947,3.3264799482729472,Brazil
4669,2,11.7111112807,12.963878828875725,1.2527675481757239,Brazil
4670,2,13.0000003179,11.762087380857158,1.2379129370428412,Brazil
4671,2,12.9000000954,14.64950825535012,1.7495081599501212,Brazil
4672,2,15.4666666985,13.087431219865172,2.3792354786348273,Brazil
4673,2,12.0600002289,13.185337932017013,1.1253377031170135,Brazil
4674,2,13.4500002861,12.67970051891491,0.7702997671850902,Brazil
4675,2,12.5181818008,12.697575014097396,0.179393213297395,Brazil
4676,2,9.89999961853,13.85062586537795,3.95062624684795,Brazil
4677,2,13.4000001907,13.94349989022704,0.5434996995270396,Brazil
4678,2,13.4499998093,18.55323703302167,5.1032372237216705,Brazil
4679,2,8.55000003179,13.473907777789277,4.923907745999276,Brazil
4680,2,8.18000016212,13.200513637890861,5.02051347577086,Brazil
4681,2,8.39999961853,9.418236554660282,1.0182369361302825,Brazil
4682,2,8.80000019073,12.037991086104382,3.2379908953743826,Brazil
4683,2,8.73333326976,11.19590105580225,2.46256778604225,Brazil
4684,2,8.10000006358,14.017237711807093,5.917237648227093,Brazil
4685,2,8.05714300701,13.466479370372056,5.409336363362057,Brazil
4686,2,8.46666653951,10.567368711215918,2.100702171705919,Brazil
4687,2,8.82857145582,12.705775221156903,3.877203765336903,Brazil
4688,2,7.65000009537,10.766184613100076,3.116184517730076,Brazil
4689,2,8.7000002861,11.308192836116099,2.608192550016099,Brazil
4690,2,9.30000019073,11.62352661771508,2.3235264269850795,Brazil
4691,2,8.2666665713,12.70995042986016,4.443283858560161,Brazil
4692,2,10.5,12.503931279921098,2.0039312799210975,Brazil
4693,2,9.20000012716,12.446134283281348,3.2461341561213484,Brazil
4694,2,8.46666653951,12.090683092229847,3.624016552719848,Brazil
4695,2,10.3000001907,12.609660056513727,2.3096598658137264,Brazil
4696,2,9.25,12.924234220060477,3.6742342200604767,Brazil
4697,2,8.38888888889,11.370595814861225,2.981706925971226,Brazil
4698,2,8.27142838069,11.873103952726003,3.6016755720360027,Brazil
4699,2,9.75,12.169656139936418,2.419656139936418,Brazil
4700,2,9.13999996185,12.836447294935061,3.696447333085061,Brazil
4701,2,8.91428579603,12.071520325607565,3.157234529577565,Brazil
4702,2,8.60000038147,12.690413456286581,4.090413074816581,Brazil
4703,2,7.81666676203,12.807223421405455,4.990556659375455,Brazil
4704,2,7.89999997616,12.313940399650585,4.413940423490585,Brazil
4705,2,8.89999993642,12.157530725639393,3.257530789219393,Brazil
4706,2,10.1000003815,12.457975767843157,2.357975386343158,Brazil
4707,2,9.10000038147,11.571551406593505,2.471551025123505,Brazil
4708,2,8.2000002861,11.93783450861744,3.7378342225174404,Brazil
4709,2,9.21666653951,12.326757229393916,3.1100906898839167,Brazil
4710,2,8.60000038147,12.353805658262377,3.7538052767923773,Brazil
4711,2,9.0,11.132138171110785,2.1321381711107854,Brazil
4712,2,8.59999990463,12.583399466030865,3.9833995614008657,Brazil
4713,2,8.39999961853,11.759255071290195,3.3592554527601948,Brazil
4714,2,9.33333333333,10.168314033554683,0.8349807002246834,Brazil
4715,2,8.0,12.282851715395767,4.282851715395767,Brazil
4716,2,8.23999996185,12.225052073540203,3.9850521116902033,Brazil
4717,2,8.5333331426,11.173129647388258,2.639796504788258,Brazil
4718,2,7.59999990463,11.397376513351519,3.7973766087215193,Brazil
4719,2,9.10000038147,12.911945702344788,3.8119453208747878,Brazil
4720,2,8.83333333333,11.97472618762505,3.1413928542950504,Brazil
4721,2,9.2000002861,12.225567105580076,3.025566819480076,Brazil
4722,2,8.30000019073,11.769078369392467,3.4690781786624676,Brazil
4723,2,9.40000009537,10.284609951464905,0.8846098560949045,Brazil
4724,2,8.83333333333,12.098473984934415,3.2651406516044155,Brazil
4725,2,8.39999961853,11.613756378382007,3.213756759852007,Brazil
4726,2,8.4500002861,12.096405183630594,3.6464048975305943,Brazil
4727,2,9.69999980927,11.434547802448652,1.7345479931786514,Brazil
4728,2,8.2,13.1014464231384,4.901446423138401,Brazil
4729,2,8.5499997139,12.518256646351524,3.968256932451524,Brazil
4730,2,11.3000001907,10.010916115743942,1.2890840749560581,Brazil
4731,2,11.1000003815,12.242865503827016,1.1428651223270165,Brazil
4732,2,9.05000019073,13.59002141859457,4.540021227864571,Brazil
4733,2,8.7999997139,12.651517099817596,3.851517385917596,Brazil
4734,2,8.15000009537,12.379607741489298,4.229607646119298,Brazil
4735,2,8.6,10.942101205610147,2.342101205610147,Brazil
4736,2,8.19999980927,12.075153668489211,3.8751538592192105,Brazil
4737,2,8.71428571429,12.054104546257586,3.3398188319675857,Brazil
4738,2,9.35000038147,13.485628744111501,4.135628362641501,Brazil
4739,2,11.0,10.317358476921148,0.6826415230788516,Brazil
4740,2,10.3999996185,13.081994721845703,2.6819951033457023,Brazil
4741,2,10.5,12.543198144545215,2.043198144545215,Brazil
4742,2,9.55000019073,12.369024428425519,2.819024237695519,Brazil
4743,2,10.9000000954,11.514607881086846,0.6146077856868466,Brazil
4744,2,8.67500019073,12.589457103258006,3.9144569125280064,Brazil
4745,2,10.3999996185,12.757129463119927,2.3571298446199265,Brazil
4746,2,8.0,10.3646290999338,2.3646290999338007,Brazil
4747,2,8.89999961853,12.526220844922246,3.6262212263922464,Brazil
4748,2,9.3,11.007001007178099,1.707001007178098,Brazil
4749,2,8.56250011921,12.36074056681142,3.7982404476014207,Brazil
4750,2,8.69999980927,7.240959227158257,1.4590405821117436,Brazil
4751,2,8.99999968211,11.985243493109902,2.9852438109999024,Brazil
4752,2,7.80000019073,12.435471423555992,4.635471232825992,Brazil
4753,2,8.5,11.227434384140293,2.7274343841402935,Brazil
4754,2,8.7000002861,12.41780899273087,3.717808706630871,Brazil
4755,2,9.0499997139,12.656399205134406,3.6063994912344057,Brazil
4756,2,11.1000003815,11.192672615294242,0.09267223379424294,Brazil
4757,2,8.25999994278,12.331578263402196,4.071578320622196,Brazil
4758,2,8.69999980927,15.874924243571506,7.174924434301506,Brazil
4759,2,8.5,12.032183710277712,3.532183710277712,Brazil
4760,2,10.1000003815,12.124200222385634,2.0241998408856343,Brazil
4761,2,8.5,11.460635548608096,2.9606355486080957,Brazil
4762,2,8.30000019073,10.668982731784242,2.368982541054242,Brazil
4763,2,8.29999987284,12.076501999343922,3.776502126503921,Brazil
4764,2,7.86666679382,12.951979366245954,5.085312572425954,Brazil
4765,2,8.65000009537,12.909631032337096,4.2596309369670955,Brazil
4766,2,9.0,16.526361579052388,7.526361579052388,Brazil
4767,2,8.7000002861,9.834010128319534,1.134009842219534,Brazil
4768,2,9.0,11.910156192359363,2.910156192359363,Brazil
4769,2,7.83333333333,10.626009327525995,2.7926759941959958,Brazil
4770,2,9.0,13.268969467770873,4.268969467770873,Brazil
4771,2,8.25555557675,12.741335558291057,4.485779981541057,Brazil
4772,2,9.30000019073,12.592254720049404,3.292254529319404,Brazil
4773,2,7.80000019073,11.748138184120172,3.948137993390173,Brazil
4774,2,8.80000019073,13.109039998034177,4.309039807304178,Brazil
4775,2,9.03333346049,10.539247017573839,1.5059135570838382,Brazil
4776,2,6.59999990463,11.03155711182153,4.4315572071915295,Brazil
4777,2,7.86666647593,10.480282395669432,2.6136159197394324,Brazil
4778,2,9.0,13.403190289051018,4.403190289051018,Brazil
4779,2,8.60000038147,12.921195112447972,4.321194730977972,Brazil
4780,2,8.5,11.968941506322562,3.4689415063225617,Brazil
4781,2,8.69999980927,10.157469844335427,1.4574700350654268,Brazil
4782,2,9.70000012716,10.080987229609043,0.3809871024490441,Brazil
4783,2,7.80000019073,12.006862990746498,4.2068628000164985,Brazil
4784,2,9.80000019073,12.60654991217555,2.806549721445551,Brazil
4785,2,10.8833332062,12.425845674174589,1.5425124679745892,Brazil
4786,2,9.60000038147,12.781431637470709,3.1814312560007085,Brazil
4787,2,8.19090921229,11.90576526198275,3.7148560496927505,Brazil
4788,2,8.43333339691,9.344110841162399,0.9107774442523997,Brazil
4789,2,11.0250000954,12.934521995541168,1.9095219001411685,Brazil
4790,2,8.19999980927,12.145045796040394,3.9450459867703938,Brazil
4791,2,11.0,13.047492739327403,2.047492739327403,Brazil
4792,2,8.82500004768,12.071402752864547,3.246402705184547,Brazil
4793,2,8.80000019073,11.102175820584328,2.3021756298543288,Brazil
4794,2,8.10000014305,12.227422385623038,4.127422242573038,Brazil
4795,2,8.34999990463,12.418059294629323,4.068059389999323,Brazil
4796,2,8.26666673024,15.265358765746512,6.998692035506512,Brazil
4797,2,11.1333335241,12.574466778930102,1.4411332548301026,Brazil
4798,2,8.30000019073,11.771503201423627,3.4715030106936275,Brazil
4799,2,9.0,12.113048845072898,3.113048845072898,Brazil
4800,2,7.29999995232,12.428295865674786,5.128295913354785,Brazil
4801,2,10.0999999046,12.714668078266929,2.614668173666928,Brazil
4802,2,9.80000019073,12.765797666170322,2.965797475440322,Brazil
4803,2,8.59999990463,12.37302755471103,3.77302765008103,Brazil
4804,2,9.61428574153,12.442039478459554,2.8277537369295533,Brazil
4805,2,8.5499997139,10.07141068909579,1.5214109751957903,Brazil
4806,2,10.8499999046,10.006243611122033,0.8437562934779681,Brazil
4807,2,6.73999996185,11.645059921500408,4.9050599596504085,Brazil
4808,2,8.24999992053,12.664118406079755,4.414118485549755,Brazil
4809,2,10.8000001907,12.636365615856729,1.8363654251567283,Brazil
4810,2,8.25,12.439415728764473,4.189415728764473,Brazil
4811,2,10.8999996185,12.209160055895586,1.309160437395585,Brazil
4812,2,8.55000019073,10.5212533574594,1.9712531667294009,Brazil
4813,2,8.73333326976,12.060063820496985,3.326730550736986,Brazil
4814,2,11.0000003179,14.10209174138034,3.1020914234803403,Brazil
4815,2,8.76666673024,12.161519964287375,3.3948532340473747,Brazil
4816,2,8.5,12.41946124322897,3.9194612432289695,Brazil
4817,2,7.09999990463,12.190808612262671,5.090808707632672,Brazil
4818,2,8.5,12.167877125825374,3.667877125825374,Brazil
4819,2,7.38333336512,12.803049847810486,5.419716482690486,Brazil
4820,2,8.36666679382,11.662545565294277,3.2958787714742765,Brazil
4821,2,8.10000038147,12.437250770881633,4.337250389411633,Brazil
4822,2,8.3555554284,12.445952947273685,4.090397518873685,Brazil
4823,2,10.0,11.697149999468358,1.6971499994683583,Brazil
4824,2,8.80000019073,11.078091901787563,2.278091711057563,Brazil
4825,2,8.39999961853,10.635557573792568,2.2355579552625677,Brazil
4826,2,8.90666662852,10.995918940676603,2.089252312156603,Brazil
4827,2,9.53333346049,11.687533340867855,2.1541998803778544,Brazil
4828,2,9.7666665713,12.005885673819389,2.239219102519389,Brazil
4829,2,10.9333333969,12.063830114711616,1.1304967178116154,Brazil
4830,2,12.5499997139,12.665930716321135,0.11593100242113508,Brazil
4831,2,9.79154927966,11.78852376323237,1.9969744835723695,Brazil
4832,2,11.6999998093,11.775848840960679,0.07584903166067924,Brazil
4833,2,9.84999990463,11.203574392452783,1.3535744878227831,Brazil
4834,2,12.125,11.279763235999997,0.8452367640000027,Brazil
4835,2,9.90000009537,11.748473179847014,1.848473084477014,Brazil
4836,2,9.89999961853,14.330372339781848,4.430372721251848,Brazil
4837,2,8.43333323797,11.94373108305202,3.5103978450820197,Brazil
4838,2,11.3000001907,12.167039773590302,0.8670395828903015,Brazil
4839,2,9.40000009537,11.136080462618015,1.7360803672480145,Brazil
4840,2,9.66666666667,9.889832961342588,0.22316629467258764,Brazil
4841,2,9.33333333333,12.779421924268776,3.4460885909387766,Brazil
4842,2,10.2399999619,10.710544033683567,0.47054407178356605,Brazil
4843,2,10.7749998569,11.952150722716791,1.1771508658167917,Brazil
4844,2,10.5,12.5684958564953,2.0684958564953,Brazil
4845,2,11.6999998093,9.171028205536073,2.5289716037639263,Brazil
4846,2,9.92500019073,11.358129123840094,1.433128933110094,Brazil
4847,2,9.44999980927,11.327541453213813,1.8775416439438128,Brazil
4848,2,9.25217387987,9.88263979464222,0.6304659147722198,Brazil
4849,2,9.5,11.70625393988992,2.206253939889921,Brazil
4850,2,10.9666668574,10.929056001955843,0.03761085544415721,Brazil
4851,2,9.7999997139,12.128620049171342,2.328620335271342,Brazil
4852,2,8.42000001669,11.991603324663728,3.571603307973728,Brazil
4853,2,9.60000038147,10.707338092421363,1.107337710951363,Brazil
4854,2,9.65000009537,12.001227431937394,2.351227336567394,Brazil
4855,2,10.0,11.25588037586489,1.2558803758648907,Brazil
4856,2,8.59999990463,11.233357137220137,2.6333572325901375,Brazil
4857,2,13.3000001907,13.341125582167416,0.041125391467415895,Brazil
4858,2,11.4999998808,10.223052791878644,1.2769470889213572,Brazil
4859,2,10.5499998728,11.276685192387868,0.7266853195878671,Brazil
4860,2,10.5,10.381327342480468,0.11867265751953227,Brazil
4861,2,10.6999998093,11.593078551322098,0.893078742022098,Brazil
4862,2,10.1600000381,11.156254667738672,0.9962546296386723,Brazil
4863,2,9.33333333333,11.404038853522522,2.070705520192522,Brazil
4864,2,10.5,11.356658489157084,0.8566584891570841,Brazil
4865,2,9.36000003815,13.68580492114279,4.32580488299279,Brazil
4866,2,11.0,11.90708364262234,0.9070836426223394,Brazil
4867,2,12.0,10.883501500738664,1.1164984992613363,Brazil
4868,2,10.6750001907,12.182237983193446,1.507237792493445,Brazil
4869,2,10.2800001144,11.677371064088238,1.3973709496882378,Brazil
4870,2,9.30000019073,9.284940880515412,0.015059310214587285,Brazil
4871,2,9.15416661898,11.278235194373213,2.1240685753932134,Brazil
4872,2,10.1000003815,13.023205673619358,2.923205292119359,Brazil
4873,2,10.5500001907,13.580351231731399,3.0303510410313983,Brazil
4874,2,9.7000002861,10.293879774036961,0.5938794879369613,Brazil
4875,2,10.7066668193,11.54894042229353,0.8422736029935294,Brazil
4876,2,11.0,11.178417843484395,0.17841784348439482,Brazil
4877,2,11.6000003815,11.29899328715457,0.3010070943454295,Brazil
4878,2,10.1000003815,9.393210287658611,0.7067900938413878,Brazil
4879,2,9.53750002384,12.813432678020952,3.275932654180952,Brazil
4880,2,8.38461538462,11.940883555799141,3.5562681711791413,Brazil
4881,2,9.24347823599,11.186356356753635,1.942878120763634,Brazil
4882,2,9.4852940896,10.647226774058467,1.161932684458467,Brazil
4883,2,9.60000038147,11.639150151364628,2.039149769894628,Brazil
4884,2,11.7000001272,10.780896019760565,0.9191041074394342,Brazil
4885,2,12.3499999046,13.10196050414123,0.7519605995412295,Brazil
4886,2,9.29999995232,11.94979803432518,2.64979808200518,Brazil
4887,2,9.69999980927,12.190481808247977,2.4904819989779767,Brazil
4888,2,9.29000005722,11.397926557158616,2.107926499938616,Brazil
4889,2,9.2666665713,10.934029574521286,1.6673630032212863,Brazil
4890,2,11.9666668574,11.486482323867408,0.48018453353259183,Brazil
4891,2,10.5,12.34363911290151,1.84363911290151,Brazil
4892,2,9.60000038147,15.402374503630233,5.8023741221602325,Brazil
4893,2,11.75,11.922290122165613,0.172290122165613,Brazil
4894,2,10.0333334605,12.096576214943704,2.0632427544437046,Brazil
4895,2,9.58571434021,11.53290119434288,1.9471868541328803,Brazil
4896,2,11.8000001907,11.248389579796822,0.5516106109031789,Brazil
4897,2,8.20000002119,14.683947383565751,6.483947362375751,Brazil
4898,2,9.76666641235,12.983282270928768,3.216615858578768,Brazil
4899,2,8.23125012219,10.169509292641798,1.9382591704517989,Brazil
4900,2,10.4000000954,15.225559723918167,4.825559628518167,Brazil
4901,2,9.31999988556,11.505579020671494,2.185579135111494,Brazil
4902,2,10.5,10.375260348953752,0.12473965104624796,Brazil
4903,2,8.78750002384,11.84877515976526,3.0612751359252606,Brazil
4904,2,10.1000003815,12.12369253238674,2.02369215088674,Brazil
4905,2,10.1000003815,11.475606581120166,1.375606199620167,Brazil
4906,2,9.625,10.598906712019717,0.9739067120197173,Brazil
4907,2,8.90000009537,11.312352232005052,2.412352136635052,Brazil
4908,2,9.7666665713,12.246186878919985,2.4795203076199854,Brazil
4909,2,9.5499997139,13.405233350572708,3.8552336366727076,Brazil
4910,2,9.69999980927,11.885473681121443,2.1854738718514426,Brazil
4911,2,9.5,10.94949081097658,1.4494908109765792,Brazil
4912,2,9.39999961853,11.19016274640456,1.7901631278745604,Brazil
4913,2,11.0799999237,11.77303305316111,0.6930331294611083,Brazil
4914,2,9.44000008901,13.534303884279696,4.0943037952696955,Brazil
4915,2,9.69999980927,11.860159875885223,2.160160066615223,Brazil
4916,2,7.79999995232,11.019415558315789,3.2194156059957884,Brazil
4917,2,9.40000009537,10.089246975541315,0.6892468801713143,Brazil
4918,2,8.7999997139,11.40554456183909,2.6055448479390897,Brazil
4919,2,11.6000003815,11.544722246042259,0.05527813545774052,Brazil
4920,2,10.2428572518,12.183263430765297,1.940406178965297,Brazil
4921,2,10.8500003815,15.742520122796886,4.892519741296887,Brazil
4922,2,9.57500004768,12.143875256764016,2.568875209084016,Brazil
4923,2,11.2000001272,10.64734057753314,0.5526595496668598,Brazil
4924,2,9.25,11.525930620984902,2.2759306209849015,Brazil
4925,2,8.60000038147,9.534458035569553,0.9344576540995533,Brazil
4926,2,9.83333333333,11.398629379574537,1.565296046244537,Brazil
4927,2,9.39999961853,10.567399159080072,1.167399540550072,Brazil
4928,2,10.3000001907,11.282996274147699,0.9829960834476985,Brazil
4929,2,10.1333335241,11.432515033076545,1.2991815089765453,Brazil
4930,2,10.6200000763,11.709950228461157,1.0899501521611565,Brazil
4931,2,10.8000001907,12.076019153203553,1.276018962503553,Brazil
4932,2,9.80000019073,11.079049725207032,1.279049534477032,Brazil
4933,2,9.53333346049,11.325179553864848,1.791846093374847,Brazil
4934,2,11.1000003815,10.698217841917604,0.4017825395823955,Brazil
4935,2,11.4499998093,11.97811582912599,0.5281160198259904,Brazil
4936,2,9.39999961853,11.637206056968513,2.2372064384385126,Brazil
4937,2,9.39999961853,11.0836692782058,1.6836696596758003,Brazil
4938,2,9.72500014305,11.555903876190232,1.8309037331402322,Brazil
4939,2,12.5333331426,12.38488416711995,0.14844897548005065,Brazil
4940,2,9.0,11.617853256029612,2.617853256029612,Brazil
4941,2,10.3899998665,12.216561377166126,1.8265615106661262,Brazil
4942,2,10.4500002861,11.672100215975906,1.222099929875906,Brazil
4943,2,10.3999996185,12.708437937781225,2.3084383192812243,Brazil
4944,2,9.44999980927,12.311573714358039,2.861573905088038,Brazil
4945,2,13.1000001431,11.189638922316071,1.9103612207839298,Brazil
4946,2,11.7500002384,10.27869794607268,1.4713022923273193,Brazil
4947,2,9.35714258466,11.289159365340723,1.9320167806807227,Brazil
4948,2,11.1500000954,12.205339774019293,1.0553396786192941,Brazil
4949,2,9.60000038147,11.18062206295776,1.5806216814877594,Brazil
4950,2,8.65833338102,10.47113848572813,1.8128051047081293,Brazil
4951,2,8.86,10.884051813646849,2.0240518136468495,Brazil
4952,2,10.8000001907,10.54598457308483,0.25401561761517044,Brazil
4953,2,9.69999980927,11.08226931183547,1.3822695025654692,Brazil
4954,2,13.2333332698,12.552283539604373,0.6810497301956264,Brazil
4955,2,9.89999961853,11.614576759380082,1.714577140850082,Brazil
4956,2,11.0749998093,12.441008209658985,1.3660084003589859,Brazil
4957,2,9.80000019073,10.61895618221613,0.8189559914861295,Brazil
4958,2,8.65882346209,12.20273446253396,3.543911000443961,Brazil
4959,2,10.3999996185,12.094941791955304,1.6949421734553027,Brazil
4960,2,11.0333334605,12.229089187152827,1.195755726652827,Brazil
4961,2,10.6999998093,12.010895879080188,1.3108960697801884,Brazil
4962,2,9.89999961853,11.235309038037268,1.3353094195072686,Brazil
4963,2,10.0750000477,12.825156466827625,2.7501564191276255,Brazil
4964,2,9.5499997139,12.084927430796714,2.534927716896714,Brazil
4965,2,11.3999999364,11.281797111104979,0.1182028252950218,Brazil
4966,2,11.4800001144,11.27022182809873,0.20977828630126893,Brazil
4967,2,9.72857121059,11.226293968921446,1.497722758331447,Brazil
4968,2,13.3000001907,12.593067247839688,0.7069329428603126,Brazil
4969,2,9.51428563254,12.07375845044512,2.559472817905119,Brazil
4970,2,9.89999961853,12.186577184813782,2.286577566283782,Brazil
4971,2,11.0,14.241779041433063,3.2417790414330625,Brazil
4972,2,10.5,11.11320854583143,0.61320854583143,Brazil
4973,2,10.9249999523,12.037230455524984,1.1122305032249837,Brazil
4974,2,9.5,9.937001985844136,0.43700198584413563,Brazil
4975,2,9.65000009537,13.201715359032558,3.551715263662558,Brazil
4976,2,9.69999980927,11.7703794655386,2.0703796562685994,Brazil
4977,2,11.1999998093,10.196208063822557,1.003791745477443,Brazil
4978,2,10.3000001907,13.047992172636093,2.7479919819360923,Brazil
4979,2,9.43333307902,11.657149829172326,2.2238167501523254,Brazil
4980,2,9.89999961853,9.175006320022069,0.7249932985079308,Brazil
4981,2,9.35714299338,10.814772185345578,1.4576291919655784,Brazil
4982,2,9.85999984741,11.449505154778738,1.5895053073687375,Brazil
4983,2,10.0,11.797274376568295,1.7972743765682946,Brazil
4984,2,10.1399999619,11.98744201774108,1.8474420558410802,Brazil
4985,2,11.75,12.427256859254356,0.6772568592543564,Brazil
4986,2,11.8166666031,12.273333097599533,0.4566664944995331,Brazil
4987,2,9.89999961853,9.926316632186715,0.02631701365671546,Brazil
4988,2,10.1599998474,12.015594765337031,1.8555949179370312,Brazil
4989,2,9.39999961853,11.131363344103477,1.7313637255734768,Brazil
4990,2,9.89999961853,11.05780457539881,1.1578049568688105,Brazil
4991,2,11.5285714013,12.04974418232591,0.5211727810259088,Brazil
4992,2,8.65000009537,11.839770551525412,3.1897704561554114,Brazil
4993,2,9.2000002861,9.791132202715126,0.5911319166151259,Brazil
4994,2,9.40000009537,11.957479367607425,2.5574792722374244,Brazil
4995,2,8.81999988556,12.248357854262089,3.4283579687020893,Brazil
4996,2,9.39999961853,11.604722687080285,2.204723068550285,Brazil
4997,2,10.6999998093,12.837531949718233,2.1375321404182337,Brazil
4998,2,9.69999980927,12.197201051483395,2.4972012422133947,Brazil
4999,2,11.4000000954,11.955920245913866,0.5559201505138667,Brazil
5000,2,8.06470607309,11.226799180684008,3.162093107594007,Brazil
5001,2,12.5500001907,12.251542210842004,0.2984579798579965,Brazil
5002,2,8.28750008345,11.060359376870515,2.772859293420515,Brazil
5003,2,11.7999997139,11.880644168249344,0.08064445434934342,Brazil
5004,2,9.89999961853,8.880240749799572,1.0197588687304275,Brazil
5005,2,9.42499995232,11.562427714350747,2.1374277620307467,Brazil
5006,2,9.39999993642,11.874347969925076,2.474348033505075,Brazil
5007,2,9.57499980927,11.258137703023872,1.6831378937538712,Brazil
5008,2,10.2857142857,10.603351937576823,0.317637651876824,Brazil
5009,2,11.0875002146,13.042745410384288,1.955245195784288,Brazil
5010,2,9.60000038147,12.344086906035677,2.7440865245656774,Brazil
5011,2,11.4333333969,12.10290217890604,0.6695687820060403,Brazil
5012,2,11.3999996185,12.507988320354613,1.1079887018546124,Brazil
5013,2,9.47999973297,9.868155739728982,0.3881560067589813,Brazil
5014,2,9.80000019073,11.545065695457641,1.7450655047276413,Brazil
5015,2,12.0500001907,13.360225290628003,1.3102250999280027,Brazil
5016,2,9.90000009537,9.323086561738329,0.5769135336316715,Brazil
5017,2,10.6272727793,11.148078577699895,0.5208057983998948,Brazil
5018,2,9.40000009537,11.078102840720383,1.6781027453503832,Brazil
5019,2,10.9636363983,10.42305385633773,0.5405825419622694,Brazil
5020,2,9.60000038147,9.099121611624964,0.5008787698450359,Brazil
5021,2,11.5,11.344917316787225,0.1550826832127754,Brazil
5022,2,9.59999990463,10.767384694735174,1.1673847901051744,Brazil
5023,2,9.60000038147,11.411819383987886,1.8118190025178862,Brazil
5024,2,11.1000003815,10.95729305083372,0.14270733066627983,Brazil
5025,2,9.97499990463,12.193387720690097,2.2183878160600976,Brazil
5026,2,9.9500002861,11.780018528890064,1.8300182427900644,Brazil
5027,2,8.90000011921,11.343471283530747,2.443471164320746,Brazil
5028,2,9.43999996185,11.441202121937176,2.0012021600871748,Brazil
5029,2,8.96249985695,11.150742478813305,2.1882426218633046,Brazil
5030,2,10.0,11.824489540274715,1.8244895402747154,Brazil
5031,2,10.7083332539,11.606725705562221,0.8983924516622217,Brazil
5032,2,9.83750015497,11.25061380435682,1.4131136493868208,Brazil
5033,2,9.39999961853,11.715814855671963,2.3158152371419636,Brazil
5034,2,11.9344827718,9.668509765168025,2.2659730066319757,Brazil
5035,2,10.0,11.706266331294053,1.706266331294053,Brazil
5036,2,11.2899999619,9.76664069046063,1.5233592714393698,Brazil
5037,2,9.26999998093,12.023209232224463,2.7532092512944626,Brazil
5038,2,9.27499985695,11.86523300945608,2.59023315250608,Brazil
5039,2,10.8999996185,9.911674470129588,0.9883251483704125,Brazil
5040,2,8.43636369705,10.602718865903338,2.166355168853338,Brazil
5041,2,10.9333333969,10.820771910429354,0.11256148647064634,Brazil
5042,2,9.69999980927,11.84414955904247,2.1441497497724704,Brazil
5043,2,10.8764706219,12.010914368975186,1.1344437470751867,Brazil
5044,2,10.566666921,11.911256767389562,1.344589846389562,Brazil
5045,2,9.80000019073,11.48894829246969,1.6889481017396903,Brazil
5046,2,9.66363638098,11.271591797752983,1.6079554167729828,Brazil
5047,2,9.72857161931,10.884784580134964,1.1562129608249645,Brazil
5048,2,10.1000003815,11.016986455096475,0.9169860735964761,Brazil
5049,2,9.66666666667,12.12811653832108,2.46144987165108,Brazil
5050,2,11.0499997139,11.696106014339025,0.6461063004390244,Brazil
5051,2,9.12000007629,10.18980065923515,1.0698005829451507,Brazil
5052,2,10.1666663488,9.938055875775934,0.2286104730240659,Brazil
5053,2,9.25,10.219163972334188,0.9691639723341883,Brazil
5054,2,9.56666692098,11.735098812403379,2.1684318914233796,Brazil
5055,2,9.89999961853,12.661851196464454,2.761851577934454,Brazil
5056,2,10.3000001907,11.227523850220635,0.9275236595206344,Brazil
5057,2,10.0399999619,12.659874480809545,2.619874518909546,Brazil
5058,2,11.8999996185,10.729534932346882,1.1704646861531192,Brazil
5059,2,9.39999961853,11.112873940683341,1.7128743221533416,Brazil
5060,2,9.15000009537,11.274615948670345,2.1246158533003445,Brazil
5061,2,10.2000000477,12.4539793362735,2.2539792885735004,Brazil
5062,2,9.69999980927,11.753354629554458,2.053354820284458,Brazil
5063,2,10.2000002861,11.96833876151981,1.7683384754198102,Brazil
5064,2,7.90000009537,11.871418143602305,3.971418048232305,Brazil
5065,2,9.0,11.795864616221888,2.7958646162218876,Brazil
5066,2,11.5733332952,10.793605549694899,0.7797277455051006,Brazil
5067,2,9.32727267525,11.119521313561757,1.7922486383117562,Brazil
5068,2,10.0000002384,11.82253273445654,1.8225324960565406,Brazil
5069,2,9.89999961853,11.46314624775307,1.5631466292230698,Brazil
5070,2,11.2399999619,12.410287078284615,1.170287116384614,Brazil
5071,2,9.44999980927,10.07014708909595,0.6201472798259502,Brazil
5072,2,9.5,11.798012767706412,2.298012767706412,Brazil
5073,2,10.3999996185,13.254510057622275,2.854510439122274,Brazil
5074,2,9.80000019073,10.39269332372513,0.5926931329951302,Brazil
5075,2,11.8999996185,11.68166920357014,0.21833041492986105,Brazil
5076,2,9.5,11.523916474152506,2.0239164741525055,Brazil
5077,2,9.30000019073,11.586866384234824,2.2868661935048245,Brazil
5078,2,9.5,11.54100106784184,2.04100106784184,Brazil
5079,2,9.44999980927,11.18069207862119,1.7306922693511897,Brazil
5080,2,9.2000002861,10.85676482028299,1.6567645341829902,Brazil
5081,2,9.56666660309,11.056713604449085,1.490047001359084,Brazil
5082,2,10.9333333969,10.55878126410692,0.37455213279308097,Brazil
5083,2,9.39999961853,11.931541478509615,2.5315418599796153,Brazil
5084,2,10.3333333333,12.231307453788673,1.8979741204886729,Brazil
5085,2,10.6000003815,11.167570448622104,0.5675700671221051,Brazil
5086,2,9.73333326976,11.112061114261104,1.378727844501105,Brazil
5087,2,9.44999980927,16.518903292307442,7.068903483037442,Brazil
5088,2,13.0500001907,12.456544236205904,0.5934559544940967,Brazil
5089,2,11.1999998093,11.193776724531158,0.006223084768841147,Brazil
5090,2,10.8000001907,7.43185988104916,3.3681403096508404,Brazil
5091,2,10.0000001589,10.552365461948277,0.5523653030482762,Brazil
5092,2,9.70000012716,11.49734209136202,1.7973419642020207,Brazil
5093,2,11.0909092643,10.76325862253036,0.3276506417696403,Brazil
5094,2,10.7090910131,12.177218079973143,1.4681270668731425,Brazil
5095,2,12.6000003815,12.283795347874221,0.3162050336257778,Brazil
5096,2,10.6500003338,12.179849290653516,1.5298489568535167,Brazil
5097,2,9.68571417672,11.869210595604432,2.183496418884433,Brazil
5098,2,9.39999961853,12.30153264432523,2.9015330257952296,Brazil
5099,2,10.0,12.003974737483981,2.003974737483981,Brazil
5100,2,10.1000003815,11.16127836280042,1.061277981300421,Brazil
5101,2,9.2000002861,14.14699845376614,4.946998167666139,Brazil
5102,2,9.22500014305,11.214684896157213,1.9896847531072126,Brazil
5103,2,10.0999999046,12.789343747003436,2.689343842403435,Brazil
5104,2,9.62857123784,13.214243604130527,3.5856723662905274,Brazil
5105,2,10.1500000954,11.252824025087143,1.102823929687144,Brazil
5106,2,10.1999998093,12.94165653519741,2.7416567258974105,Brazil
5107,2,8.22500006358,11.773271410727272,3.5482713471472724,Brazil
5108,2,8.34285708836,12.134419352592655,3.7915622642326543,Brazil
5109,2,10.6500000954,11.4204410327348,0.7704409373348007,Brazil
5110,2,8.51250004768,11.543647272515095,3.0311472248350952,Brazil
5111,2,9.30000019073,10.889065278668223,1.5890650879382235,Brazil
5112,2,10.1499998569,11.616299828552236,1.4662999716522371,Brazil
5113,2,10.0166665713,11.204602081303712,1.1879355100037117,Brazil
5114,2,8.09473680195,12.536108081862702,4.441371279912701,Brazil
5115,2,9.39999961853,11.313268034273525,1.9132684157435254,Brazil
5116,2,12.1500000954,12.184633718254805,0.034633622854805424,Brazil
5117,2,8.23823537546,11.463363329292408,3.2251279538324074,Brazil
5118,2,11.3999996185,11.749434735712818,0.34943511721281695,Brazil
5119,2,9.67999992371,12.189656770452979,2.5096568467429794,Brazil
5120,2,9.7999997139,12.654926977826161,2.854927263926161,Brazil
5121,2,10.816666762,15.626425324703554,4.8097585627035535,Brazil
5122,2,12.5333334605,13.084021464555104,0.5506880040551039,Brazil
5123,2,13.0,12.54748096527699,0.4525190347230108,Brazil
5124,2,12.7999997139,13.471915233850817,0.6719155199508169,Brazil
5125,2,12.3999996185,13.270040239441448,0.8700406209414471,Brazil
5126,2,9.75,11.280814763460114,1.5308147634601141,Brazil
5127,2,9.83333333333,10.303778542940464,0.4704452096104639,Brazil
5128,2,9.5,12.207431728862913,2.707431728862913,Brazil
5129,2,8.97419360376,12.238661545969013,3.264467942209013,Brazil
5130,2,9.90000009537,11.999417785317942,2.0994176899479413,Brazil
5131,2,10.0,11.61645883245717,1.6164588324571696,Brazil
5132,2,10.3333333333,12.505422315388524,2.172088982088523,Brazil
5133,2,11.4333333969,12.261619206083,0.828285809182999,Brazil
5134,2,9.80000019073,11.197136108789143,1.3971359180591438,Brazil
5135,2,10.2333333757,11.049161081237981,0.8158277055379823,Brazil
5136,2,12.1999998093,12.758178292949985,0.5581784836499857,Brazil
5137,2,10.2740739893,11.687985978017448,1.413911988717448,Brazil
5138,2,9.72777769301,12.214366516432918,2.4865888234229185,Brazil
5139,2,9.25,10.119850650682306,0.8698506506823058,Brazil
5140,2,10.0,11.64242332459785,1.64242332459785,Brazil
5141,2,11.6000003815,10.30600471375011,1.2939956677498898,Brazil
5142,2,12.125,11.734314206879148,0.39068579312085205,Brazil
5143,2,8.90000009537,11.767458202683702,2.867458107313702,Brazil
5144,2,10.3599998474,12.200167340287287,1.8401674928872875,Brazil
5145,2,10.5,11.979215449286475,1.4792154492864746,Brazil
5146,2,11.9333333969,12.09006616753749,0.1567327706374897,Brazil
5147,2,9.04999996367,9.851364470002897,0.8013645063328969,Brazil
5148,2,11.0,12.004382636067508,1.0043826360675077,Brazil
5149,2,10.1999998093,10.989298119702468,0.7892983104024687,Brazil
5150,2,10.5399999619,12.159548215628538,1.6195482537285386,Brazil
5151,2,11.8999996185,11.563679119980765,0.3363204985192354,Brazil
5152,2,10.1999998093,11.094834617754312,0.8948348084543127,Brazil
5153,2,9.47499990463,12.070642310777682,2.5956424061476824,Brazil
5154,2,8.4564516006,10.841572251403893,2.385120650803893,Brazil
5155,2,10.4750000238,10.689783905699183,0.21478388189918363,Brazil
5156,2,9.39999961853,11.473314234168306,2.0733146156383064,Brazil
5157,2,9.82000007629,12.624243394593531,2.8042433183035307,Brazil
5158,2,9.01999998093,11.358199175163962,2.3381991942339617,Brazil
5159,2,9.78571428571,12.191161976265558,2.405447690555558,Brazil
5160,2,9.10000038147,11.479124974724833,2.379124593254833,Brazil
5161,2,12.1199998856,13.166185448941372,1.0461855633413712,Brazil
5162,2,9.69999980927,11.952045412940471,2.252045603670471,Brazil
5163,2,10.6541666985,9.275089184973773,1.3790775135262265,Brazil
5164,2,8.18000005086,11.939969216445682,3.759969165585682,Brazil
5165,2,10.1375000874,11.972656711112087,1.8351566237120878,Brazil
5166,2,11.1111112171,12.092835847511639,0.9817246304116392,Brazil
5167,2,8.91818185286,11.759239361944015,2.841057509084015,Brazil
5168,2,11.1687499285,11.300270653824949,0.13152072532494863,Brazil
5169,2,9.5,12.142732547954365,2.642732547954365,Brazil
5170,2,9.5499997139,12.059169162967939,2.5091694490679384,Brazil
5171,2,11.3199998856,11.709479143217981,0.38947925761798174,Brazil
5172,2,12.1000000636,12.214240767997811,0.11424070439781175,Brazil
5173,2,9.5,10.61459226679606,1.1145922667960608,Brazil
5174,2,11.482352958,12.471139791363884,0.9887868333638838,Brazil
5175,2,9.45833337307,11.265456401059865,1.8071230279898653,Brazil
5176,2,8.99354836249,11.174701842317372,2.1811534798273726,Brazil
5177,2,9.14583333333,11.57306139955099,2.427228066220991,Brazil
5178,2,9.17499995232,12.277750239547213,3.102750287227213,Brazil
5179,2,9.5,11.04101403791297,1.5410140379129693,Brazil
5180,2,9.55000019073,12.01639258496054,2.4663923942305406,Brazil
5181,2,10.8999996185,11.40912976895148,0.5091301504514796,Brazil
5182,2,9.69999980927,11.38470272698077,1.6847029177107693,Brazil
5183,2,11.625,12.007445427253899,0.38244542725389863,Brazil
5184,2,9.86666647593,11.988005695168964,2.1213392192389637,Brazil
5185,2,9.13636363636,11.428244520710848,2.2918808843508476,Brazil
5186,2,9.69999980927,16.259174085619605,6.559174276349605,Brazil
5187,2,8.72105272193,9.665708541924584,0.9446558199945834,Brazil
5188,2,11.2333332698,11.251616129252259,0.018282859452259714,Brazil
5189,2,9.39999993642,12.65120526165949,3.2512053252394892,Brazil
5190,2,11.8000001907,12.192337405472738,0.39233721477273775,Brazil
5191,2,9.63333336512,11.474845669875577,1.841512304755577,Brazil
5192,2,10.8090907877,11.284202393785232,0.47511160608523184,Brazil
5193,2,11.6200000763,12.278652731695601,0.6586526553956009,Brazil
5194,2,11.9000000954,11.319838270200895,0.5801618251991041,Brazil
5195,2,10.8999996185,9.99640433639354,0.9035952821064601,Brazil
5196,2,9.38749992847,11.25669106389161,1.8691911354216106,Brazil
5197,2,10.3999996185,12.60454636805948,2.20454674955948,Brazil
5198,2,9.52083333333,10.999763279239819,1.4789299459098189,Brazil
5199,2,10.0999999046,11.698387719353942,1.5983878147539414,Brazil
5200,2,9.55000019073,11.154106802602222,1.604106611872222,Brazil
5201,2,11.8000001907,12.203024062317363,0.4030238716173624,Brazil
5202,2,9.60000038147,12.089297651125758,2.489297269655758,Brazil
5203,2,9.33636370572,10.69069590485109,1.3543321991310897,Brazil
5204,2,9.39999961853,12.300990968365603,2.9009913498356035,Brazil
5205,2,10.1666666667,12.084485298479596,1.9178186317795962,Brazil
5206,2,11.2999997139,11.276672943362808,0.023326770537192232,Brazil
5207,2,9.5,11.743694440057634,2.2436944400576344,Brazil
5208,2,10.0,10.267190413577758,0.2671904135777581,Brazil
5209,2,11.6500000954,12.045813319672119,0.3958132242721195,Brazil
5210,2,9.0,11.226622256316283,2.2266222563162827,Brazil
5211,2,9.69999980927,9.559493402953098,0.14050640631690214,Brazil
5212,2,9.80000019073,11.665806123280746,1.865805932550746,Brazil
5213,2,9.87499976158,12.070658649955652,2.195658888375652,Brazil
5214,2,8.89999993642,10.150091448096713,1.2500915116767128,Brazil
5215,2,11.5,11.824588888846925,0.32458888884692527,Brazil
5216,2,11.0,11.90349090244738,0.9034909024473805,Brazil
5217,2,9.60000038147,11.564440076903429,1.9644396954334287,Brazil
5218,2,9.2,11.725630149607115,2.5256301496071156,Brazil
5219,2,9.69999980927,10.94950805055911,1.24950824128911,Brazil
5220,2,9.29999976688,11.824757590219662,2.5247578233396624,Brazil
5221,2,10.1000003815,12.045450123616934,1.945449742116935,Brazil
5222,2,9.69999980927,11.369811058626915,1.6698112493569148,Brazil
5223,2,9.80000019073,12.007052643747151,2.207052453017152,Brazil
5224,2,10.1333334181,11.37240226454169,1.2390688464416897,Brazil
5225,2,8.97500014305,13.121693993396919,4.146693850346919,Brazil
5226,2,10.3499999046,12.284011593748158,1.9340116891481571,Brazil
5227,2,11.8499999046,14.536373492054079,2.686373587454078,Brazil
5228,2,11.0166667302,10.938133520419703,0.07853320978029821,Brazil
5229,2,12.3499999046,12.226477140583045,0.12352276401695583,Brazil
5230,2,10.0999999046,10.357187268023964,0.257187363423963,Brazil
5231,2,10.4000000954,11.715906399158143,1.315906303758144,Brazil
5232,2,9.60000038147,10.873440373691711,1.2734399922217108,Brazil
5233,2,12.9000000954,12.303425869347251,0.5965742260527485,Brazil
5234,2,9.0,10.56260431710303,1.5626043171030304,Brazil
5235,2,10.8999996185,11.89674493005636,0.99674531155636,Brazil
5236,2,10.6500000954,12.35633145025151,1.7063313548515104,Brazil
5237,2,10.0,12.12056101850942,2.12056101850942,Brazil
5238,2,10.1000003815,11.463064430185126,1.3630640486851267,Brazil
5239,2,10.5,10.740248336849543,0.24024833684954316,Brazil
5240,2,9.15000009537,10.977240116094347,1.8272400207243464,Brazil
5241,2,12.1399999619,11.359475791537879,0.7805241703621206,Brazil
5242,2,9.83333301544,10.6262199728451,0.7928869574051003,Brazil
5243,2,10.25,12.208275974527659,1.958275974527659,Brazil
5244,2,12.0333334605,12.412643088276923,0.379309627776923,Brazil
5245,2,10.5500001907,11.120432809096865,0.5704326183968647,Brazil
5246,2,10.2250000238,10.451089809004362,0.22608978520436196,Brazil
5247,2,12.6500000954,12.087371779914301,0.5626283154856981,Brazil
5248,2,9.40000009537,11.20625405774403,1.8062539623740292,Brazil
5249,2,9.39999961853,10.831678761559804,1.431679143029804,Brazil
5250,2,10.3650001049,11.703867452729833,1.338867347829833,Brazil
5251,2,10.1000003815,11.104641285634163,1.0046409041341633,Brazil
5252,2,12.3499999046,11.210827977484659,1.139171927115342,Brazil
5253,2,8.59999990463,11.140422460206528,2.5404225555765283,Brazil
5254,2,11.5,11.15251789428373,0.3474821057162707,Brazil
5255,2,9.69999980927,9.76238524412419,0.062385434854189015,Brazil
5256,2,10.1500000954,10.253497196651935,0.10349710125193567,Brazil
5257,2,10.5090909438,11.126427117242937,0.6173361734429363,Brazil
5258,2,9.77142860776,11.620015335282563,1.8485867275225623,Brazil
5259,2,9.34999990463,12.041516419761315,2.6915165151313154,Brazil
5260,2,9.30000019073,10.40964059819651,1.109640407466511,Brazil
5261,2,9.75,11.438089992034763,1.6880899920347634,Brazil
5262,2,9.5,11.126188767541379,1.6261887675413789,Brazil
5263,2,9.98749995232,12.644473887536776,2.656973935216776,Brazil
5264,2,9.84999990463,12.304215947152183,2.4542160425221837,Brazil
5265,2,9.53333346049,12.342155899584487,2.8088224390944863,Brazil
5266,2,9.69999980927,11.128667655335136,1.4286678460651352,Brazil
5267,2,9.96666653951,11.505603283404918,1.5389367438949186,Brazil
5268,2,9.35833334923,12.111383347951747,2.753049998721748,Brazil
5269,2,12.6500000954,12.757754504812766,0.1077544094127667,Brazil
5270,2,9.7999997139,11.324447631746285,1.5244479178462846,Brazil
5271,2,9.80000019073,12.354419007813725,2.554418817083725,Brazil
5272,2,9.65000009537,12.482649611243964,2.832649515873964,Brazil
5273,2,8.84999990463,11.997803695320194,3.147803790690194,Brazil
5274,2,12.1999998093,12.050406308550023,0.14959350074997602,Brazil
5275,2,9.44999980927,11.697798565630176,2.247798756360176,Brazil
5276,2,12.6000003815,11.935548816175249,0.6644515653247502,Brazil
5277,2,11.0,10.95106553969548,0.048934460304520755,Brazil
5278,2,10.1000003815,11.646484805439151,1.5464844239391518,Brazil
5279,2,12.0,14.94995305643138,2.9499530564313794,Brazil
5280,2,34.5271184242,11.260518591379348,23.26659983282065,Brazil
5281,2,34.2000001477,13.483284233941,20.716715913759003,Brazil
5282,2,37.3318184939,13.608269985262286,23.723548508637716,Brazil
5283,2,34.7400003052,11.324084842019083,23.415915463180916,Brazil
5284,2,36.2615383833,14.406177594208534,21.855360789091463,Brazil
5285,2,38.6359999084,13.075708563506208,25.560291344893795,Brazil
5286,2,31.4222223494,12.062235031344226,19.359987318055772,Brazil
5287,2,36.0187497139,13.78830533328863,22.23044438061137,Brazil
5288,2,33.1999998382,13.835260954558928,19.364738883641074,Brazil
5289,2,38.2862068702,13.17987117548302,25.106335694716975,Brazil
5290,2,37.0526317797,13.999321467112058,23.053310312587943,Brazil
5291,2,33.9000002543,13.754386432121255,20.145613822178742,Brazil
5292,2,32.9857145037,12.205258351706457,20.780456151993548,Brazil
5293,2,31.6068180691,13.308344786829991,18.29847328227001,Brazil
5294,2,31.9916664759,12.334108489583569,19.657557986316434,Brazil
5295,2,31.6159999847,12.238489086720756,19.377510897979242,Brazil
5296,2,36.8878050083,11.111992772904166,25.775812235395833,Brazil
5297,2,36.1969695814,13.848484271260382,22.348485310139615,Brazil
5298,2,32.8200000286,12.943978875174706,19.87602115342529,Brazil
5299,2,36.6622221205,13.815354399427548,22.84686772107245,Brazil
5300,2,38.0183574842,13.237331695599416,24.781025788600587,Brazil
5301,2,36.4272731434,12.089849685096437,24.33742345830356,Brazil
5302,2,35.3772726926,14.058613821187176,21.318658871412826,Brazil
5303,2,33.9946428708,13.075434471123822,20.91920839967618,Brazil
5304,2,35.991549371,14.345990897030386,21.64555847396961,Brazil
5305,2,33.6374998093,12.723386086491853,20.91411372280815,Brazil
5306,2,36.3899993896,11.87051878818533,24.51948060141467,Brazil
5307,2,37.1416660945,13.064321757805132,24.07734433669487,Brazil
5308,2,34.0333328247,13.344268583686734,20.689064241013263,Brazil
5309,2,40.2064934272,13.733231296826393,26.47326213037361,Brazil
5310,2,35.2800010681,11.627678745220802,23.652322322879197,Brazil
5311,2,33.300000327,12.621190951573091,20.67880937542691,Brazil
5312,2,34.6062502861,13.813143045591666,20.793107240508334,Brazil
5313,2,32.6608694325,13.571117950907814,19.089751481592188,Brazil
5314,2,32.1775510749,13.087180166388594,19.09037090851141,Brazil
5315,2,34.8479999924,10.968210908233722,23.879789084166276,Brazil
5316,2,38.6165492635,15.129119791048273,23.487429472451723,Brazil
5317,2,33.9058824427,13.721044439937396,20.184838002762604,Brazil
5318,2,32.5200004578,11.60771362766111,20.912286830138893,Brazil
5319,2,35.9083328247,13.84615950319001,22.062173321509988,Brazil
5320,2,33.0166664124,11.61675583246014,21.39991057993986,Brazil
5321,2,33.2272727273,12.732178258206966,20.495094469093033,Brazil
5322,2,32.4666671753,13.240670106494612,19.22599706880539,Brazil
5323,2,35.6568182165,13.040783613030602,22.616034603469398,Brazil
5324,2,35.3193547649,13.52910515074129,21.79024961415871,Brazil
5325,2,35.4363632202,13.262722424392045,22.173640795807955,Brazil
5326,2,34.7833334605,13.587068643484042,21.19626481701596,Brazil
5327,2,35.0052630776,13.51504566335353,21.49021741424647,Brazil
5328,2,34.6999994914,11.158271511632787,23.541727979767213,Brazil
5329,2,34.9346153553,14.047975806898783,20.886639548401213,Brazil
5330,2,34.611111535,13.382390596333833,21.228720938666164,Brazil
5331,2,32.4396039755,12.919636200566332,19.51996777493367,Brazil
5332,2,20.7473684247,13.804753708119097,6.942614716580902,Brazil
5333,2,17.2521367562,13.769895769096522,3.482240987103477,Brazil
5334,2,21.0222222222,14.054274826605493,6.967947395594507,Brazil
5335,2,20.4014286314,13.999332493830648,6.4020961375693535,Brazil
5336,2,22.3714285956,13.661317394830544,8.710111200769457,Brazil
5337,2,24.7091145913,14.382145301915177,10.326969289384824,Brazil
5338,2,20.1735294192,13.958861687397343,6.214667731802658,Brazil
5339,2,23.0391304182,13.686706270424128,9.35242414777587,Brazil
5340,2,22.1161615969,13.893548028676596,8.222613568223403,Brazil
5341,2,15.6896552053,14.1622080419993,1.5274471633006996,Brazil
5342,2,14.9562500119,12.072457588943877,2.883792422956123,Brazil
5343,2,24.6505535309,14.228412098163748,10.422141432736254,Brazil
5344,2,21.26764707,14.195468100645897,7.072178969354102,Brazil
5345,2,21.8416668574,13.856800232789691,7.984866624610309,Brazil
5346,2,15.8588235659,13.283242637750345,2.5755809281496553,Brazil
5347,2,10.5,10.159503857058741,0.34049614294125874,Brazil
5348,2,11.3888887829,10.769797365681073,0.619091417218927,Brazil
5349,2,11.5499997139,12.677057664247352,1.1270579503473517,Brazil
5350,2,11.8000001907,12.723529769558585,0.9235295788585844,Brazil
5351,2,11.6692308279,11.078912239317336,0.5903185885826634,Brazil
5352,2,11.8999996185,12.468913429073645,0.568913810573644,Brazil
5353,2,9.5333331426,11.615567343514638,2.0822342009146375,Brazil
5354,2,9.82857145582,11.54243907650542,1.71386762068542,Brazil
5355,2,11.0,11.405213390221226,0.4052133902212258,Brazil
5356,2,12.4500002861,11.695248918796933,0.7547513673030668,Brazil
5357,2,9.76000003815,9.890706248834572,0.130706210684572,Brazil
5358,2,10.5199998856,11.393582318950386,0.8735824333503857,Brazil
5359,2,8.9833334287,9.789345907517458,0.8060124788174576,Brazil
5360,2,9.80000019073,11.624636004391137,1.8246358136611374,Brazil
5361,2,11.4499998093,10.360371670524176,1.089628138775824,Brazil
5362,2,11.1000003815,10.21541152082795,0.88458886067205,Brazil
5363,2,13.2750000954,13.279730316071202,0.004730220671202545,Brazil
5364,2,11.5999999046,11.175804813063136,0.4241950915368644,Brazil
5365,2,8.75,12.18460595261484,3.43460595261484,Brazil
5366,2,11.6999998093,11.443316023858689,0.2566837854413109,Brazil
5367,2,11.3000001907,9.97488784180385,1.32511234889615,Brazil
5368,2,11.8499999046,11.441330696399763,0.4086692082002372,Brazil
5369,2,11.3000001907,10.52448143158735,0.77551875911265,Brazil
5370,2,11.25,11.603104206785993,0.35310420678599286,Brazil
5371,2,12.0,14.440658643899614,2.4406586438996136,Brazil
5372,2,13.0999999046,10.494194172608342,2.6058057319916585,Brazil
5373,2,12.8000001907,14.658205636063633,1.858205445363632,Brazil
5374,2,11.0499997139,12.627450998284397,1.5774512843843969,Brazil
5375,2,12.3000001907,10.02607046687822,2.27392972382178,Brazil
5376,2,9.89999961853,12.671794916322064,2.771795297792064,Brazil
5377,2,12.6999998093,10.645264542398385,2.0547352669016146,Brazil
5378,2,12.8000001907,10.492741086826701,2.3072591038732995,Brazil
5379,2,12.6000003815,10.053143141901014,2.5468572395989852,Brazil
5380,2,12.6166666349,11.756388172945336,0.860278461954664,Brazil
5381,2,12.0250000954,13.274714782626113,1.2497146872261133,Brazil
5382,2,10.5250000954,11.785443877080475,1.2604437816804754,Brazil
5383,2,11.8799999237,14.417004971732904,2.5370050480329045,Brazil
5384,2,10.75,9.958198388662172,0.7918016113378279,Brazil
5385,2,8.88888888889,11.313341811696297,2.4244529228062977,Brazil
5386,2,10.0454544588,9.456058303428144,0.5893961553718565,Brazil
5387,2,11.1999998093,13.410554326472218,2.210554517172218,Brazil
5388,2,9.0,12.722248018180535,3.722248018180535,Brazil
5389,2,11.8000001907,9.917915128028538,1.8820850626714627,Brazil
5390,2,11.0,12.121619187331033,1.1216191873310333,Brazil
5391,2,11.8000001907,14.511279877095966,2.711279686395965,Brazil
5392,2,12.1666666667,12.251956182292348,0.08528951559234876,Brazil
5393,2,12.1999998093,11.529890558613669,0.6701092506863304,Brazil
5394,2,12.25,14.173015610437163,1.9230156104371634,Brazil
5395,2,11.5,11.75300555610444,0.25300555610444064,Brazil
5396,2,11.8000001907,10.192442279371761,1.6075579113282394,Brazil
5397,2,10.4666667514,11.409517272074098,0.9428505206740976,Brazil
5398,2,12.1000001431,12.440254378501798,0.34025423540179744,Brazil
5399,2,10.6133333206,12.322621883729813,1.709288563129812,Brazil
5400,2,11.1999998093,12.277222260141732,1.0772224508417327,Brazil
5401,2,12.836363619,12.286669482563166,0.549694136436834,Brazil
5402,2,10.2461539782,11.475258890064463,1.2291049118644626,Brazil
5403,2,10.3999996185,12.720860623124501,2.3208610046245006,Brazil
5404,2,9.40000009537,14.640312529940926,5.240312434570926,Brazil
5405,2,11.4500002861,12.243037059566142,0.7930367734661417,Brazil
5406,2,12.0,12.620901230694344,0.6209012306943436,Brazil
5407,2,10.5499997139,9.900780929549931,0.6492187843500687,Brazil
5408,2,10.5499999523,11.097135292576832,0.5471353402768315,Brazil
5409,2,10.3999996185,11.491812051820501,1.0918124333205004,Brazil
5410,2,11.433333238,13.807733289076666,2.374400051076666,Brazil
5411,2,9.60000038147,13.229718724991345,3.629718343521345,Brazil
5412,2,10.8777777354,12.609295130275225,1.7315173948752243,Brazil
5413,2,11.3999996185,11.294629154672254,0.10537046382774662,Brazil
5414,2,11.6666666667,10.43744226308593,1.2292244036140687,Brazil
5415,2,11.6500000954,11.448090667626545,0.20190942777345455,Brazil
5416,2,12.1200000763,10.490292325336076,1.6297077509639237,Brazil
5417,2,10.4500002861,13.807322906480382,3.3573226203803817,Brazil
5418,2,12.2000002861,12.74785902198865,0.5478587358886493,Brazil
5419,2,11.5111110475,11.62616110632374,0.11505005882374064,Brazil
5420,2,12.7666667302,10.83047470478149,1.93619202541851,Brazil
5421,2,13.0333334605,11.315076295827536,1.7182571646724636,Brazil
5422,2,11.9499998093,11.264193914402746,0.6858058948972534,Brazil
5423,2,11.9249999523,11.69416285098686,0.23083710131314028,Brazil
5424,2,11.3000001907,10.3409297811204,0.959070409579601,Brazil
5425,2,12.1000003815,12.16815518078759,0.0681547992875906,Brazil
5426,2,10.6000003815,10.129541510688378,0.47045887081162086,Brazil
5427,2,11.4000002543,11.958751439668848,0.5587511853688483,Brazil
5428,2,12.6999998093,11.721336178605139,0.9786636306948608,Brazil
5429,2,11.3333333333,13.033555335104754,1.7002220018047538,Brazil
5430,2,11.6000003815,9.301267196653024,2.2987331848469754,Brazil
5431,2,11.9000000954,13.440417423238822,1.5404173278388225,Brazil
5432,2,11.6199998856,12.350129609743359,0.7301297241433584,Brazil
5433,2,11.1999998093,11.28413293580449,0.08413312650449001,Brazil
5434,2,11.1666666667,11.935917147604293,0.7692504809042937,Brazil
5435,2,10.3499999046,10.701172071442322,0.35117216684232133,Brazil
5436,2,12.5571429389,11.671607467332759,0.8855354715672412,Brazil
5437,2,12.1749999523,14.07090265206304,1.89590269976304,Brazil
5438,2,11.6999998093,12.030046245816308,0.3300464365163087,Brazil
5439,2,8.84999990463,11.398170632174601,2.5481707275446013,Brazil
5440,2,9.10000038147,12.201183002270486,3.1011826208004862,Brazil
5441,2,11.3000001907,11.786773813870326,0.48677362317032546,Brazil
5442,2,12.8999996185,11.633175928313559,1.2668236901864418,Brazil
5443,2,13.1999998093,12.550248811752532,0.6497509975474678,Brazil
5444,2,13.0999999046,10.401043113934499,2.698956790665502,Brazil
5445,2,11.75,12.762934038811478,1.012934038811478,Brazil
5446,2,10.9499998093,12.495193307292828,1.5451934979928286,Brazil
5447,2,11.1000003815,10.66091101668928,0.4390893648107195,Brazil
5448,2,11.1999998093,11.144606317261623,0.055393492038376735,Brazil
5449,2,11.7666667302,12.200857011993513,0.43419028179351216,Brazil
5450,2,10.3500003815,13.083219301485896,2.7332189199858963,Brazil
5451,2,12.0999999046,12.354635178175206,0.25463527357520555,Brazil
5452,2,9.01999988556,12.027806123874601,3.0078062383146005,Brazil
5453,2,9.30000019073,11.090082885046431,1.7900826943164319,Brazil
5454,2,10.6999998093,12.52837698535479,1.82837717605479,Brazil
5455,2,11.6999998093,12.999094164758684,1.299094355458685,Brazil
5456,2,11.25,10.071031740292106,1.1789682597078937,Brazil
5457,2,10.1999998093,11.539880281675028,1.3398804723750288,Brazil
5458,2,12.75,12.153319196158273,0.5966808038417266,Brazil
5459,2,11.2000001272,11.99501331778044,0.7950131905804412,Brazil
5460,2,11.1666666667,12.75321855342799,1.5865518867279906,Brazil
5461,2,12.6000003815,11.91208950765136,0.6879108738486384,Brazil
5462,2,11.0499997139,11.866624512490457,0.8166247985904569,Brazil
5463,2,12.3199998856,12.150114322512119,0.16988556308788105,Brazil
5464,2,10.8999996185,11.173558489434598,0.27355887093459685,Brazil
5465,2,12.7083334128,12.181568168754865,0.5267652440451354,Brazil
5466,2,12.2999998728,13.137827650799865,0.8378277779998644,Brazil
5467,2,11.8000001907,14.921592074980373,3.121591884280372,Brazil
5468,2,13.0999999046,10.936622685585665,2.163377219014336,Brazil
5469,2,14.0,10.250859685939247,3.749140314060753,Brazil
5470,2,10.7999998728,12.616556065213386,1.816556192413385,Brazil
5471,2,11.0500001907,12.059583750331615,1.009583559631615,Brazil
5472,2,10.7399999619,11.708811818557574,0.9688118566575739,Brazil
5473,2,10.1250002384,12.170125445660679,2.0451252072606785,Brazil
5474,2,12.4799999237,13.938643597000958,1.4586436733009585,Brazil
5475,2,11.6000003815,10.612391421119405,0.9876089603805944,Brazil
5476,2,11.0333331426,12.9552983196664,1.9219651770664008,Brazil
5477,2,12.5800000191,16.10813336109084,3.5281333419908396,Brazil
5478,2,11.9499998093,11.487411310913796,0.46258849838620364,Brazil
5479,2,11.3999996185,10.303406098828884,1.0965935196711172,Brazil
5480,2,10.2759999466,13.30035125485024,3.024351308250239,Brazil
5481,2,10.5,12.343233335675574,1.8432333356755741,Brazil
5482,2,11.6000003815,10.323592058619202,1.2764083228807976,Brazil
5483,2,9.10000038147,12.03468970603832,2.9346893245683194,Brazil
5484,2,11.7666666243,11.108630716095389,0.6580359082046119,Brazil
5485,2,10.25,11.451006459546893,1.2010064595468926,Brazil
5486,2,11.0499997139,11.587338481643851,0.5373387677438508,Brazil
5487,2,11.6999998093,12.34569019954904,0.6456903902490403,Brazil
5488,2,12.2999998728,12.486090761083343,0.18609088828334208,Brazil
5489,2,11.0500001907,11.917711614014983,0.867711423314983,Brazil
5490,2,11.9499998093,10.835831614279648,1.1141681950203512,Brazil
5491,2,13.5363636884,12.428802057918253,1.1075616304817473,Brazil
5492,2,10.4000002543,11.633949901388386,1.2339496470883855,Brazil
5493,2,12.5250000954,11.667329890955884,0.8576702044441156,Brazil
5494,2,11.8999996185,12.279477316401046,0.379477697901045,Brazil
5495,2,12.2000002861,12.774713452369781,0.5747131662697811,Brazil
5496,2,11.6000003815,10.545515537072374,1.0544848444276251,Brazil
5497,2,12.75,12.425467885303686,0.32453211469631427,Brazil
5498,2,12.5000003179,11.256091613180626,1.2439087047193738,Brazil
5499,2,12.0333334605,11.303697083434736,0.7296363770652636,Brazil
5500,2,12.1500000954,12.181847199819593,0.03184710441959382,Brazil
5501,2,11.8999996185,12.86888853560568,0.96888891710568,Brazil
5502,2,12.6500000954,12.719147104772105,0.06914700937210583,Brazil
5503,2,11.4000000954,11.097617974280336,0.30238212111966334,Brazil
5504,2,12.3799999237,11.382465334681413,0.9975345890185867,Brazil
5505,2,9.60000038147,12.005618109085589,2.4056177276155886,Brazil
5506,2,10.1500000954,9.862432665155806,0.2875674302441933,Brazil
5507,2,11.8999996185,11.99119294226243,0.09119332376242895,Brazil
5508,2,11.8000001907,11.880546847657328,0.08054665695732766,Brazil
5509,2,11.0,10.984128512393887,0.015871487606112566,Brazil
5510,2,10.4000000954,12.00966914438551,1.609669048985511,Brazil
5511,2,11.5,10.104745304016022,1.3952546959839776,Brazil
5512,2,8.93333323797,12.164333176709459,3.2309999387394583,Brazil
5513,2,11.685714313,14.2770216332761,2.5913073202760994,Brazil
5514,2,10.5500001907,11.060128441796866,0.5101282510968659,Brazil
5515,2,11.0,11.79889839877991,0.7988983987799099,Brazil
5516,2,11.1999998093,10.821105010018098,0.37889479928190184,Brazil
5517,2,10.0833334923,10.649497508590478,0.5661640162904789,Brazil
5518,2,9.99999976158,13.429115819483636,3.429116057903636,Brazil
5519,2,13.0,11.873094135207907,1.1269058647920929,Brazil
5520,2,11.6000000636,16.435079645105052,4.8350795815050525,Brazil
5521,2,11.9999996821,12.977904771351856,0.9779050892518555,Brazil
5522,2,12.6666667726,11.681583535296653,0.9850832373033462,Brazil
5523,2,12.9499998093,11.374723182581082,1.5752766267189173,Brazil
5524,2,10.8999996185,9.651251128818306,1.2487484896816952,Brazil
5525,2,11.6333332062,12.12039160718721,0.48705840098721076,Brazil
5526,2,8.93333339691,12.013352384611135,3.080018987701136,Brazil
5527,2,9.19999980927,10.183484777228252,0.9834849679582511,Brazil
5528,2,12.8999996185,15.728367947469197,2.828368328969196,Brazil
5529,2,9.89999961853,12.07954190811045,2.17954228958045,Brazil
5530,2,10.875,12.691479805350676,1.816479805350676,Brazil
5531,2,10.5,11.604915630377405,1.1049156303774055,Brazil
5532,2,11.6000003815,11.441759389428901,0.15824099207109832,Brazil
5533,2,12.1000003815,13.064529968691657,0.9645295871916577,Brazil
5534,2,11.8400001526,10.442807190745333,1.3971929618546675,Brazil
5535,2,12.0000003179,10.014681224455433,1.9853190934445664,Brazil
5536,2,11.7714286532,12.341348628001473,0.5699199748014738,Brazil
5537,2,11.0,13.065345306237674,2.065345306237674,Brazil
5538,2,12.5777778625,12.88847867264398,0.310700810143981,Brazil
5539,2,12.0500001907,12.640368994083012,0.5903688033830115,Brazil
5540,2,9.89999993642,11.42849116142434,1.5284912250043394,Brazil
5541,2,11.8666664759,12.856044837941232,0.9893783620412311,Brazil
5542,2,10.7999998728,11.578000265850063,0.7780003930500623,Brazil
5543,2,11.5,12.67700751180046,1.1770075118004595,Brazil
5544,2,9.26666673024,11.747510529718287,2.4808437994782864,Brazil
5545,2,11.8333333333,11.748320460697093,0.08501287260290802,Brazil
5546,2,12.2666664124,11.806408941273187,0.4602574711268126,Brazil
5547,2,12.0499997139,12.703855309485267,0.6538555955852665,Brazil
5548,2,11.8000001907,10.082101253883572,1.7178989368164288,Brazil
5549,2,12.0,11.53806895849373,0.4619310415062703,Brazil
5550,2,8.84999990463,11.115829710634786,2.2658298060047866,Brazil
5551,2,12.285714422,13.145772201354433,0.8600577793544328,Brazil
5552,2,9.84999990463,10.093540492416643,0.24354058778664367,Brazil
5553,2,12.5,11.882815421542217,0.617184578457783,Brazil
5554,2,12.1999998093,12.568817838208284,0.36881802890828475,Brazil
5555,2,12.4333333969,12.849720485562337,0.4163870886623364,Brazil
5556,2,12.3000001907,10.209154235265768,2.090845955434233,Brazil
5557,2,11.4499998093,9.722523817743056,1.7274759915569433,Brazil
5558,2,11.6999998093,11.48950102815473,0.21049878114526877,Brazil
5559,2,12.2222222222,10.074462678059856,2.1477595441401434,Brazil
5560,2,12.6999998093,10.273574444008759,2.426425365291241,Brazil
5561,2,9.10000038147,12.330187323173426,3.230186941703426,Brazil
5562,2,11.1999998093,11.677078331650947,0.47707852235094705,Brazil
5563,2,12.2285713468,11.56624350728839,0.6623278395116117,Brazil
5564,2,11.6999998093,12.358589842999619,0.6585900336996193,Brazil
5565,2,11.3999996185,10.339035353295065,1.0609642652049356,Brazil
5566,2,9.75,12.124610338567232,2.3746103385672317,Brazil
5567,2,12.3,13.13022474193257,0.8302247419325699,Brazil
5568,2,11.5500001907,12.472472720865955,0.9224725301659547,Brazil
5569,2,8.82500004768,11.86857867178525,3.043578624105251,Brazil
5570,2,11.6999998093,10.615233864347573,1.0847659449524265,Brazil
5571,2,11.9999996821,11.431885991191178,0.568113690908822,Brazil
5572,2,11.0333331426,12.314010307708216,1.2806771651082158,Brazil
5573,2,13.6749999523,13.94775555332423,0.2727556010242296,Brazil
5574,2,11.0,12.116834772482115,1.1168347724821146,Brazil
5575,2,12.8999996185,11.83587838948415,1.06412122901585,Brazil
5576,2,12.6500000954,11.05303007878992,1.5969700166100793,Brazil
5577,2,10.9499998093,11.624315907409871,0.6743160981098715,Brazil
5578,2,9.15000003576,11.251639447065791,2.1016394113057917,Brazil
5579,2,10.1999998093,15.183550077735768,4.983550268435769,Brazil
5580,2,13.0333334605,12.804624355693004,0.22870910480699536,Brazil
5581,2,10.955555492,11.208664346459894,0.25310885445989406,Brazil
5582,2,11.75,12.537470433180648,0.7874704331806477,Brazil
5583,2,9.19999980927,12.66642041532688,3.4664206060568787,Brazil
5584,2,8.76666641235,10.98579639398986,2.2191299816398597,Brazil
5585,2,12.3000001907,11.913630606233648,0.38636958446635283,Brazil
5586,2,12.8499999046,12.706360063788829,0.1436398408111721,Brazil
5587,2,9.60000038147,11.41941772144946,1.8194173399794593,Brazil
5588,2,12.0,11.559410325571172,0.44058967442882846,Brazil
5589,2,12.0,10.235497989935237,1.7645020100647635,Brazil
5590,2,11.0500001907,12.499208422949536,1.4492082322495357,Brazil
5591,2,11.6000003815,12.167400558226687,0.5674001767266876,Brazil
5592,2,9.53333346049,16.371980574744818,6.838647114254817,Brazil
5593,2,11.3000001907,11.856354770062605,0.5563545793626048,Brazil
5594,2,11.6999998093,11.910282224774031,0.21028241547403148,Brazil
5595,2,12.1571427754,10.181741560209147,1.9754012151908533,Brazil
5596,2,11.2666664124,11.227244048393361,0.03942236400663823,Brazil
5597,2,11.8000001907,10.79179047455111,1.0082097161488903,Brazil
5598,2,11.3666667938,12.217556261484516,0.8508894676845156,Brazil
5599,2,9.83333333333,11.192183831357875,1.3588504980278753,Brazil
5600,2,12.3000001907,13.143772028373782,0.8437718376737813,Brazil
5601,2,12.1750001907,12.243051464840294,0.06805127414029322,Brazil
5602,2,14.0000002384,12.823594543538531,1.1764056948614687,Brazil
5603,2,9.34999990463,11.070337362678323,1.7203374580483235,Brazil
5604,2,9.5,12.21348599143871,2.7134859914387093,Brazil
5605,2,11.3999996185,10.473197938924937,0.926801679575064,Brazil
5606,2,11.8999996185,12.097854833188967,0.19785521468896583,Brazil
5607,2,9.55000019073,13.0281516405249,3.4781514497949004,Brazil
5608,2,12.8999996185,12.116050086299222,0.7839495322007792,Brazil
5609,2,11.5,11.515548905093391,0.015548905093391241,Brazil
5610,2,11.75,12.089163627973456,0.33916362797345556,Brazil
5611,2,9.125,11.406105733197345,2.2811057331973448,Brazil
5612,2,9.64999985695,11.084195092212703,1.4341952352627025,Brazil
5613,2,9.39999961853,11.673170049842227,2.273170431312227,Brazil
5614,2,10.7999998093,10.949606975584157,0.1496071662841576,Brazil
5615,2,11.8000001907,10.488963710554213,1.3110364801457877,Brazil
5616,2,10.6749999523,11.285711421887948,0.6107114695879474,Brazil
5617,2,11.5399999619,12.368088780145671,0.8280888182456714,Brazil
5618,2,12.0666666031,9.961062031118248,2.105604571981752,Brazil
5619,2,12.0,12.303189271323065,0.30318927132306506,Brazil
5620,2,11.1749999523,12.970087552074535,1.7950875997745346,Brazil
5621,2,11.0,11.541246308377778,0.5412463083777777,Brazil
5622,2,11.3499999046,12.755200113712249,1.4052002091122482,Brazil
5623,2,10.3999996185,11.07245972751155,0.6724601090115492,Brazil
5624,2,14.0333334605,13.22081721056454,0.8125162499354595,Brazil
5625,2,16.2000007629,12.342745118310582,3.8572556445894186,Brazil
5626,2,18.8600002289,13.38310447207285,5.476895756827149,Brazil
5627,2,17.7999992371,12.81019879456409,4.989800442535909,Brazil
5628,2,13.9249999523,10.739328829356065,3.185671122943935,Brazil
5629,2,15.6666665607,14.109123052093652,1.5575435086063472,Brazil
5630,2,12.6999998093,11.083833012603872,1.6161667966961275,Brazil
5631,2,15.1666666667,12.438876908382241,2.7277897583177584,Brazil
5632,2,15.7833333015,13.792184534509229,1.9911487669907721,Brazil
5633,2,14.6666669846,11.712742922720633,2.953924061879368,Brazil
5634,2,13.5250000954,11.718060948444787,1.8069391469552123,Brazil
5635,2,11.9000000954,11.587830011066579,0.3121700843334203,Brazil
5636,2,13.0500001907,11.566984061771885,1.4830161289281154,Brazil
5637,2,12.1999998093,12.083537386246487,0.11646242305351251,Brazil
5638,2,18.2000007629,12.880139553090297,5.319861209809703,Brazil
5639,2,19.4499998093,14.372756600869028,5.077243208430971,Brazil
5640,2,13.9000000954,9.871335742408428,4.028664352991571,Brazil
5641,2,16.2749998569,14.471923271647679,1.8030765852523203,Brazil
5642,2,17.3500003815,12.783451279041518,4.566549102458481,Brazil
5643,2,13.8222222858,12.111235162718138,1.7109871230818623,Brazil
5644,2,16.8375000954,11.321360783648156,5.516139311751843,Brazil
5645,2,19.9857145037,11.781927798829614,8.203786704870385,Brazil
5646,2,12.4666668574,12.586982301299612,0.1203154438996119,Brazil
5647,2,12.1500000954,15.765438934427824,3.6154388390278243,Brazil
5648,2,12.6999998093,11.26997934205479,1.4300204672452104,Brazil
5649,2,15.4888890584,13.879378872927251,1.6095101854727485,Brazil
5650,2,16.9499998093,13.387250176641963,3.5627496326580363,Brazil
5651,2,14.7,12.841563913938709,1.8584360860612907,Brazil
5652,2,15.6999998093,12.228116445027444,3.4718833642725553,Brazil
5653,2,16.3999996185,12.727810121866803,3.672189496633198,Brazil
5654,2,15.0500001907,13.921157943468831,1.1288422472311694,Brazil
5655,2,13.8000001907,12.837672926433378,0.962327264266623,Brazil
5656,2,18.3500001431,14.555280671290141,3.7947194718098594,Brazil
5657,2,22.5857140677,14.465637173795031,8.120076893904969,Brazil
5658,2,13.6333332062,12.260377877336023,1.372955328863977,Brazil
5659,2,14.8999999364,12.910220727497515,1.989779208902485,Brazil
5660,2,12.3000001907,12.207065684426317,0.09293450627368394,Brazil
5661,2,17.0,13.95176145317691,3.0482385468230895,Brazil
5662,2,18.8999996185,14.721822447541893,4.178177170958108,Brazil
5663,2,15.1999998093,14.14626948239783,1.0537303269021692,Brazil
5664,2,12.6999998093,9.872309614566747,2.8276901947332522,Brazil
5665,2,13.0750000477,11.192862996386987,1.8821370513130127,Brazil
5666,2,14.4249999523,14.943176008528354,0.5181760562283539,Brazil
5667,2,13.2249999046,12.46135514439867,0.7636447602013305,Brazil
5668,2,13.7000001272,10.704000389156457,2.995999738043542,Brazil
5669,2,15.6500000954,11.981298415514086,3.6687016798859133,Brazil
5670,2,15.6727273247,13.409170128879705,2.2635571958202956,Brazil
5671,2,15.8999996185,14.844605731071677,1.0553938874283233,Brazil
5672,2,13.5,11.803260415290524,1.6967395847094764,Brazil
5673,2,14.8000001907,11.650781564085435,3.149218626614566,Brazil
5674,2,13.6,13.32561357879145,0.2743864212085505,Brazil
5675,2,14.1000003815,11.38688916037093,2.7131112211290684,Brazil
5676,2,16.3499994278,11.536795106754907,4.813204321045093,Brazil
5677,2,16.4400001526,11.815734158147848,4.624265994452152,Brazil
5678,2,19.8999996185,16.040346154931317,3.8596534635686837,Brazil
5679,2,15.1333335241,12.88976977259448,2.243563751505519,Brazil
5680,2,14.477777693,12.555762746264861,1.922014946735139,Brazil
5681,2,15.3846153846,13.25279879540427,2.1318165891957293,Brazil
5682,2,18.1000003815,15.292300112446632,2.807700269053367,Brazil
5683,2,16.5,15.868163866368334,0.6318361336316656,Brazil
5684,2,12.1000003815,13.056835699939738,0.9568353184397385,Brazil
5685,2,17.3125,13.592462640823644,3.720037359176356,Brazil
5686,2,13.9000002543,12.611971989464324,1.2880282648356758,Brazil
5687,2,16.6799999237,13.451980644863978,3.2280192788360207,Brazil
5688,2,14.5999999046,13.001526725328933,1.5984731792710676,Brazil
5689,2,14.3999996185,12.675334378892288,1.7246652396077131,Brazil
5690,2,17.5500001907,12.347070051769307,5.202930138930693,Brazil
5691,2,14.1399999619,13.597174924877239,0.5428250370227605,Brazil
5692,2,16.9499993324,14.07040160897921,2.8795977234207903,Brazil
5693,2,18.2428569794,12.966586921449284,5.276270057950715,Brazil
5694,2,18.1499996185,12.678644976416464,5.471354642083536,Brazil
5695,2,16.7166665395,10.740088133870774,5.976578405629226,Brazil
5696,2,16.7333335876,13.29643539731983,3.4368981902801714,Brazil
5697,2,14.9000000954,10.307872472304897,4.592127623095102,Brazil
5698,2,12.3999996185,12.464640692672512,0.06464107417251164,Brazil
5699,2,17.5,14.134305231650927,3.3656947683490728,Brazil
5700,2,16.2000001907,10.741984320954717,5.458015869745282,Brazil
5701,2,17.1000003815,12.574611515017239,4.525388866482761,Brazil
5702,2,17.3181817315,13.658267223289734,3.6599145082102673,Brazil
5703,2,15.2200000763,15.028009697398838,0.19199037890116166,Brazil
5704,2,14.6000003815,10.047692688914013,4.552307692585986,Brazil
5705,2,14.8000001907,11.109948223660911,3.690051967039089,Brazil
5706,2,16.9333337148,13.854793383324655,3.0785403314753452,Brazil
5707,2,18.2181819569,12.388438696677476,5.829743260222525,Brazil
5708,2,15.8400000572,13.62937378285228,2.210626274347719,Brazil
5709,2,14.9749999046,12.046277144473887,2.9287227601261137,Brazil
5710,2,15.2999997139,11.906180743436398,3.3938189704636024,Brazil
5711,2,13.75,12.961910033708628,0.7880899662913716,Brazil
5712,2,15.5,12.3188517192105,3.1811482807895004,Brazil
5713,2,13.0599998474,14.694623032800296,1.6346231854002955,Brazil
5714,2,11.7999997139,12.768318304667492,0.9683185907674918,Brazil
5715,2,15.2249999046,13.600726753917872,1.6242731506821286,Brazil
5716,2,15.1125000715,11.77445967635789,3.3380403951421087,Brazil
5717,2,13.1500000954,11.813091700895393,1.336908394504606,Brazil
5718,2,11.8400001526,11.448784893280735,0.3912152593192655,Brazil
5719,2,16.2000007629,15.914828491825116,0.2851722710748845,Brazil
5720,2,15.8600000381,12.714898728462883,3.145101309637118,Brazil
5721,2,16.2999992371,11.042030838758349,5.257968398341651,Brazil
5722,2,16.9000001635,12.851926738107718,4.048073425392282,Brazil
5723,2,16.1500000954,13.669313685272543,2.480686410127456,Brazil
5724,2,16.7142854418,17.394517396947307,0.6802319551473062,Brazil
5725,2,14.5,17.51769465839345,3.0176946583934487,Brazil
5726,2,14.0500001907,11.312612696203042,2.737387494496959,Brazil
5727,2,11.7333332698,11.919767352892187,0.18643408309218756,Brazil
5728,2,15.3272726753,12.514233991047913,2.8130386842520867,Brazil
5729,2,13.1000003815,17.997137794069985,4.897137412569986,Brazil
5730,2,13.5,13.578628132810596,0.07862813281059644,Brazil
5731,2,16.6928571974,14.127218582265245,2.5656386151347537,Brazil
5732,2,15.8499999046,13.026223747277989,2.823776157322012,Brazil
5733,2,19.4500002861,14.659729522310485,4.790270763789515,Brazil
5734,2,14.4500000477,13.003686080209723,1.4463139674902763,Brazil
5735,2,13.375,12.414367552291184,0.9606324477088162,Brazil
5736,2,18.1500002543,13.003833548709494,5.146166705590506,Brazil
5737,2,14.6500000954,13.24108290691652,1.4089171884834801,Brazil
5738,2,13.7000000817,11.583453573455,2.1165465082450012,Brazil
5739,2,17.25,11.552498934093407,5.697501065906593,Brazil
5740,2,16.8999996185,12.887002808092904,4.012996810407097,Brazil
5741,2,15.6999998093,12.458175113056573,3.2418246962434267,Brazil
5742,2,14.9749999046,13.4261313533543,1.5488685512457003,Brazil
5743,2,17.2999992371,15.481651689568384,1.8183475475316158,Brazil
5744,2,17.25,12.4015426299279,4.848457370072101,Brazil
5745,2,20.8999996185,13.532178686336364,7.367820932163637,Brazil
5746,2,16.1500005722,17.03438606095102,0.8843854887510219,Brazil
5747,2,14.3666667938,12.443630581550117,1.9230362122498832,Brazil
5748,2,16.4249997139,10.884604503752126,5.540395210147874,Brazil
5749,2,15.2857142857,12.419462246892287,2.866252038807712,Brazil
5750,2,19.6000003815,14.090635025315972,5.509365356184027,Brazil
5751,2,18.4666665395,12.219833051285804,6.246833488214197,Brazil
5752,2,23.6499996185,15.212891371608713,8.437108246891288,Brazil
5753,2,14.4000000954,12.309740540124091,2.0902595552759085,Brazil
5754,2,13.8333336512,12.375448361521322,1.4578852896786785,Brazil
5755,2,19.4333337148,12.674162030021204,6.759171684778796,Brazil
5756,2,13.9749999046,11.949435462134886,2.0255644424651145,Brazil
5757,2,16.9749994278,16.154626345978148,0.8203730818218524,Brazil
5758,2,19.0333328247,14.890501230706437,4.142831593993563,Brazil
5759,2,13.3333336512,11.679633765472055,1.6536998857279457,Brazil
5760,2,13.0,13.023124121397212,0.02312412139721154,Brazil
5761,2,12.8750002384,15.63686333695387,2.761863098553869,Brazil
5762,2,20.25,15.25627725646267,4.9937227435373295,Brazil
5763,2,11.2999999183,12.934937548386063,1.634937630086064,Brazil
5764,2,19.2714287894,13.441294342130604,5.830134447269398,Brazil
5765,2,12.6999998093,12.206509527454582,0.49349028184541766,Brazil
5766,2,15.6999998093,13.21986997826933,2.48012983103067,Brazil
5767,2,18.4666665395,13.02685687258752,5.439809666912481,Brazil
5768,2,18.6333335241,11.794147326196576,6.839186197903423,Brazil
5769,2,13.3000001907,11.09822884446969,2.201771346230311,Brazil
5770,2,17.7000007629,11.41254598182105,6.287454781078949,Brazil
5771,2,13.0499999523,12.303780464693167,0.7462194876068331,Brazil
5772,2,13.6500000954,11.06612519871728,2.583874896682719,Brazil
5773,2,12.1333335241,12.06220260423326,0.07113091986673936,Brazil
5774,2,16.6176470027,13.433040341232235,3.1846066614677646,Brazil
5775,2,17.1000003815,12.563123943611654,4.5368764378883455,Brazil
5776,2,16.7999992371,12.935279020928954,3.8647202161710457,Brazil
5777,2,18.8000001907,16.610990171637393,2.189010019062607,Brazil
5778,2,13.1999998093,11.365694750287638,1.8343050590123617,Brazil
5779,2,19.9499998093,14.275183121850212,5.674816687449788,Brazil
5780,2,18.2999998728,13.297052527842714,5.0029473449572865,Brazil
5781,2,13.6000003815,12.577065101365317,1.022935280134682,Brazil
5782,2,18.6000003815,13.003275040267827,5.5967253412321725,Brazil
5783,2,13.2750000954,11.79315988512599,1.4818402102740098,Brazil
5784,2,12.8999996185,10.952970598912069,1.9470290195879318,Brazil
5785,2,11.8,11.86218771436194,0.06218771436194004,Brazil
5786,2,13.7999999523,14.526542825146226,0.7265428728462258,Brazil
5787,2,15.9499998093,11.833228789016765,4.116771020283235,Brazil
5788,2,13.1333332062,12.587386575457328,0.5459466307426712,Brazil
5789,2,13.0,11.548141875184932,1.4518581248150682,Brazil
5790,2,14.6999998093,11.910300432919286,2.789699376380714,Brazil
5791,2,13.7800001144,12.394406384593472,1.3855937298065282,Brazil
5792,2,14.0999999046,12.681973558435065,1.418026346164936,Brazil
5793,2,14.0333331426,15.451288356610997,1.4179552140109966,Brazil
5794,2,14.3000001907,17.290296257490088,2.990296066790087,Brazil
5795,2,15.3000001907,17.02650874765797,1.7265085569579703,Brazil
5796,2,14.4499998093,10.971403945969524,3.478595863330476,Brazil
5797,2,12.9000000954,12.139435103643386,0.7605649917566133,Brazil
5798,2,12.9999997616,11.96289323700972,1.0371065245902802,Brazil
5799,2,14.6500000954,12.460924638923546,2.189075456476454,Brazil
5800,2,18.25,13.13403221958592,5.1159677804140795,Brazil
5801,2,14.3800001144,11.55175091553092,2.828249198869079,Brazil
5802,2,14.1999998093,11.160888735251007,3.039111074048993,Brazil
5803,2,14.8999996185,12.074614709672707,2.825384908827294,Brazil
5804,2,15.1999998093,11.256544823890966,3.9434549854090335,Brazil
5805,2,13.3999999364,11.377476457430483,2.022523478969518,Brazil
5806,2,15.2699999809,13.55635451704591,1.713645463854089,Brazil
5807,2,15.5750002861,12.812081441547488,2.7629188445525124,Brazil
5808,2,15.4333333969,13.359169762569632,2.074163634330368,Brazil
5809,2,17.1666666667,13.457969877019961,3.7086967896800385,Brazil
5810,2,13.3999997775,11.965226577511647,1.4347731999883528,Brazil
5811,2,15.1500000954,12.878114557692076,2.2718855377079237,Brazil
5812,2,12.6000003815,10.821894146953358,1.778106234546641,Brazil
5813,2,13.6399999619,11.677971761058698,1.962028200841301,Brazil
5814,2,14.8999999364,12.078961784792945,2.8210381516070555,Brazil
5815,2,14.7666664124,15.47217397349832,0.7055075610983206,Brazil
5816,2,12.433333238,14.770788786203521,2.337455548203522,Brazil
5817,2,16.1500000954,11.604125059763582,4.545875035636417,Brazil
5818,2,18.1499996185,12.113442632187061,6.03655698631294,Brazil
5819,2,15.0,15.891906839096933,0.8919068390969329,Brazil
5820,2,19.6666673024,12.723242067497209,6.943425234902792,Brazil
5821,2,12.9000000954,11.633221753902385,1.2667783414976146,Brazil
5822,2,12.2333332698,12.700772583763772,0.4674393139637729,Brazil
5823,2,18.2999992371,10.945093278218048,7.354905958881952,Brazil
5824,2,17.2000007629,15.855916828499428,1.3440839344005724,Brazil
5825,2,16.0,13.05850150920796,2.941498490792039,Brazil
5826,2,12.2333332698,11.506088524025134,0.7272447457748648,Brazil
5827,2,15.4500000477,13.54201203763838,1.9079880100616204,Brazil
5828,2,19.4749999046,14.087752941442378,5.387246963157622,Brazil
5829,2,16.3000005086,12.29660134422797,4.003399164372031,Brazil
5830,2,12.1999998093,10.446422937418898,1.7535768718811013,Brazil
5831,2,16.5500001907,12.894044097248008,3.6559560934519926,Brazil
5832,2,17.327272762,12.270374701982947,5.056898060017053,Brazil
5833,2,14.875,11.11839681165863,3.7566031883413693,Brazil
5834,2,12.5000002384,12.365905308488374,0.13409492991162608,Brazil
5835,2,15.4499998093,13.946590917812939,1.5034088914870605,Brazil
5836,2,14.0500001907,12.778204450380422,1.271795740319579,Brazil
5837,2,17.7631577944,13.398396348630808,4.364761445769194,Brazil
5838,2,17.5,9.839886720358525,7.660113279641475,Brazil
5839,2,14.4600000381,12.674364936106388,1.7856351019936127,Brazil
5840,2,14.9249999523,13.428985330790468,1.4960146215095325,Brazil
5841,2,16.2666670481,16.874516256707402,0.6078492086074014,Brazil
5842,2,12.3999996185,11.73706065263496,0.66293896586504,Brazil
5843,2,13.2749998569,11.377195049691942,1.8978048072080576,Brazil
5844,2,13.5,11.52725613767144,1.97274386232856,Brazil
5845,2,15.5,16.18321074133105,0.6832107413310489,Brazil
5846,2,16.2999992371,13.367697867001297,2.9323013700987026,Brazil
5847,2,19.7000007629,12.811287051752352,6.888713711147648,Brazil
5848,2,14.6000003815,12.165555039633285,2.4344453418667147,Brazil
5849,2,16.1888889737,12.90259923081416,3.28628974288584,Brazil
5850,2,16.7750000954,13.442077661419956,3.332922433980043,Brazil
5851,2,25.0,15.805798839208286,9.194201160791714,Brazil
5852,2,16.1666673024,10.08711050242471,6.07955679997529,Brazil
5853,2,13.5333331426,12.43656280210495,1.0967703404950502,Brazil
5854,2,13.8999999364,13.607321270302716,0.29267866609728443,Brazil
5855,2,15.3222221798,13.339689852550269,1.9825323272497322,Brazil
5856,2,16.5200000763,11.131586987825706,5.3884130884742945,Brazil
5857,2,16.3500003815,13.308907963525318,3.0410924179746814,Brazil
5858,2,19.8142858233,13.452636715678883,6.361649107621117,Brazil
5859,2,15.3000001907,13.160408758649881,2.1395914320501195,Brazil
5860,2,17.1000003815,16.09473790861862,1.0052624728813804,Brazil
5861,2,15.7058823529,11.632003566726514,4.073878786173486,Brazil
5862,2,14.6411764481,12.450796228321295,2.190380219778705,Brazil
5863,2,17.7599998474,14.54831801715349,3.21168183024651,Brazil
5864,2,15.25,12.964295807377244,2.285704192622756,Brazil
5865,2,16.3888892068,11.118134634895615,5.270754571904384,Brazil
5866,2,13.3500001431,13.2256641496536,0.124335993446401,Brazil
5867,2,13.6500000954,11.626299058852403,2.023701036547596,Brazil
5868,2,16.3999996185,15.861975857021573,0.5380237614784278,Brazil
5869,2,14.4000000424,13.45532512346195,0.9446749189380501,Brazil
5870,2,18.9000005722,12.565550043786816,6.334450528413184,Brazil
5871,2,15.5500001907,17.800823491415287,2.250823300715286,Brazil
5872,2,16.400000052,11.901877713522476,4.498122338477524,Brazil
5873,2,18.4666665395,12.534175974252705,5.932490565247296,Brazil
5874,2,13.4500002861,11.836275120542876,1.613725165557124,Brazil
5875,2,17.6000003815,13.177944654500918,4.422055726999082,Brazil
5876,2,16.2999997139,16.67480265034423,0.3748029364442296,Brazil
5877,2,16.5500001907,16.43098620057269,0.11901399012731062,Brazil
5878,2,16.3200000763,12.11142870851603,4.208571367783971,Brazil
5879,2,16.7333335876,13.590747942128651,3.1425856454713497,Brazil
5880,2,17.049999555,12.474698164767451,4.575301390232548,Brazil
5881,2,13.9666665395,16.638709847774308,2.672043308274308,Brazil
5882,2,16.3999996185,11.892374017418298,4.507625601081703,Brazil
5883,2,16.0666666031,13.201784330982846,2.8648822721171534,Brazil
5884,2,19.0,13.043605753605595,5.956394246394405,Brazil
5885,2,12.9500002861,11.714823767174686,1.2351765189253143,Brazil
5886,2,12.6000003815,14.040891618911399,1.4408912374113996,Brazil
5887,2,18.1500000954,13.894655343404725,4.255344751995274,Brazil
5888,2,15.0999999046,11.7791081003172,3.3208918042828,Brazil
5889,2,18.7857142857,14.831594277089724,3.954120008610275,Brazil
5890,2,15.8000001907,12.23578603184159,3.5642141588584106,Brazil
5891,2,14.3000001907,12.997959619141813,1.3020405715581873,Brazil
5892,2,12.6500000954,12.634887015846672,0.015113079553326969,Brazil
5893,2,15.8444443809,12.64203553581435,3.2024088450856514,Brazil
5894,2,15.7499995232,13.419669995958152,2.3303295272418474,Brazil
5895,2,13.5800001144,11.938355766885723,1.6416443475142781,Brazil
5896,2,17.3499997457,13.451005767892816,3.8989939778071836,Brazil
5897,2,19.25,13.19687070680387,6.053129293196131,Brazil
5898,2,11.3000001907,13.51123361253127,2.2112334218312704,Brazil
5899,2,18.0333328247,13.131490323339296,4.901842501360704,Brazil
5900,2,14.1799999237,11.92962613715411,2.2503737865458913,Brazil
5901,2,19.4500002861,14.473667750294286,4.976332535805714,Brazil
5902,2,18.0875000954,11.89698221526937,6.1905178801306295,Brazil
5903,2,20.0199996948,17.084613710967165,2.935385983832834,Brazil
5904,2,16.0,16.036854412027758,0.03685441202775763,Brazil
5905,2,15.4499998093,12.377964136945035,3.072035672354964,Brazil
5906,2,11.6499998569,14.257537585038545,2.6075377281385457,Brazil
5907,2,14.6999998093,11.783877109459734,2.9161226998402654,Brazil
5908,2,15.8999996185,15.173609395343828,0.726390223156173,Brazil
5909,2,13.875,12.616396512199724,1.2586034878002756,Brazil
5910,2,12.9499998093,12.185514309780515,0.7644854995194841,Brazil
5911,2,19.6600002289,15.051795422075116,4.608204806824883,Brazil
5912,2,14.3000001907,12.096685927927641,2.203314262772359,Brazil
5913,2,12.1499996185,10.886017782331312,1.2639818361686892,Brazil
5914,2,12.4,11.315564915264368,1.0844350847356328,Brazil
5915,2,20.25,13.167158008379516,7.082841991620484,Brazil
5916,2,14.8999996185,12.123535764748855,2.776463853751146,Brazil
5917,2,12.6500000954,11.521841006956038,1.1281590884439616,Brazil
5918,2,14.9666665395,11.341229857981174,3.625436681518826,Brazil
5919,2,16.2500004768,13.549049551409398,2.700950925390602,Brazil
5920,2,13.9499998093,14.869340602492375,0.9193407931923758,Brazil
5921,2,14.2666667302,12.46879026008795,1.797876470112051,Brazil
5922,2,11.5666666031,11.111472207422278,0.45519439567772224,Brazil
5923,2,13.0499998728,11.961769761266197,1.0882301115338038,Brazil
5924,2,16.6000003815,12.219831099853993,4.3801692816460065,Brazil
5925,2,13.3499999046,11.727175765484825,1.6228241391151759,Brazil
5926,2,12.4199999809,11.84735848506675,0.5726414958332509,Brazil
5927,2,12.3000001907,12.38971239577732,0.08971220507731914,Brazil
5928,2,12.8555554284,12.409519961467966,0.44603546693203455,Brazil
5929,2,17.9000005722,12.633593216830963,5.2664073553690365,Brazil
5930,2,16.0500001907,11.60224220925194,4.44775798144806,Brazil
5931,2,14.1999998093,9.897078921637181,4.302920887662818,Brazil
5932,2,13.5,11.761763720119907,1.738236279880093,Brazil
5933,2,16.1714285442,13.775699896748604,2.3957286474513975,Brazil
5934,2,18.5500001907,14.352629041983382,4.197371148716618,Brazil
5935,2,12.5999999046,12.07717946064445,0.5228204439555508,Brazil
5936,2,18.1222224765,11.7161238068961,6.4060986696038995,Brazil
5937,2,13.8833333651,12.402582427467266,1.4807509376327346,Brazil
5938,2,11.7000001272,9.88369616016005,1.81630396703995,Brazil
5939,2,15.8000001907,13.15061161011656,2.649388580583441,Brazil
5940,2,14.6999998093,12.037748699524624,2.662251109775376,Brazil
5941,2,17.0888889101,13.951075594203811,3.1378133158961887,Brazil
5942,2,16.4571428299,17.91486300059154,1.457720170691541,Brazil
5943,2,19.3714286259,17.851675946242228,1.5197526796577705,Brazil
5944,2,17.6999994914,12.744214155432944,4.955785335967056,Brazil
5945,2,15.1000003815,11.547235223376328,3.5527651581236714,Brazil
5946,2,21.3999996185,13.03463108268259,8.36536853581741,Brazil
5947,2,14.5,12.489658679270274,2.010341320729726,Brazil
5948,2,15.7333335876,13.629629663018513,2.103703924581488,Brazil
5949,2,15.3000001907,12.35344012500408,2.9465600656959197,Brazil
5950,2,16.6999998093,11.682253849920412,5.017745959379587,Brazil
5951,2,13.9000000954,11.236872444089446,2.6631276513105533,Brazil
5952,2,17.2999998728,17.243726838048044,0.056273034751956885,Brazil
5953,2,13.0333331426,11.734935702887434,1.2983974397125664,Brazil
5954,2,17.4333333969,12.859146018254382,4.574187378645618,Brazil
5955,2,15.6999998093,13.287253216007043,2.4127465932929564,Brazil
5956,2,19.0,12.506972463939707,6.493027536060293,Brazil
5957,2,13.3333333333,12.57124559747569,0.762087735824311,Brazil
5958,2,12.7250001431,11.713080317768082,1.011919825331919,Brazil
5959,2,12.8666667938,12.845073964443902,0.02159282935609852,Brazil
5960,2,13.0333333015,12.953739260605602,0.07959404089439914,Brazil
5961,2,14.5999999046,13.860021369804693,0.7399785347953074,Brazil
5962,2,16.2000007629,12.964309974484411,3.2356907884155888,Brazil
5963,2,14.7666667302,12.125956843554196,2.640709886645805,Brazil
5964,2,15.6499996185,10.253624945467108,5.396374673032893,Brazil
5965,2,16.2000007629,12.39596001687849,3.80404074602151,Brazil
5966,2,14.9000000954,12.472069374470633,2.427930720929366,Brazil
5967,2,13.1000003815,10.817729697193233,2.2822706843067664,Brazil
5968,2,14.3999996185,9.767670854520642,4.632328763979359,Brazil
5969,2,18.1000003815,12.86538986344646,5.23461051805354,Brazil
5970,2,14.4399999619,12.929927630240545,1.5100723316594546,Brazil
5971,2,13.3000001907,11.017480950901215,2.282519239798786,Brazil
5972,2,13.4000000954,10.23145648262882,3.1685436127711792,Brazil
5973,2,18.25,15.481198898477343,2.768801101522657,Brazil
5974,2,16.5,12.910516734309198,3.5894832656908022,Brazil
5975,2,16.285714422,11.267067215137619,5.018647206862383,Brazil
5976,2,17.6999994914,11.192544150768754,6.507455340631246,Brazil
5977,2,12.1333332062,11.517751183268441,0.6155820229315587,Brazil
5978,2,13.9000000954,12.175789852168327,1.7242102432316724,Brazil
5979,2,15.0428570339,12.842569289989326,2.2002877439106747,Brazil
5980,2,15.0500001907,12.191937609492616,2.8580625812073848,Brazil
5981,2,12.3000001907,11.340926351007232,0.9590738396927687,Brazil
5982,2,14.9000000954,13.120099278566288,1.7799008168337114,Brazil
5983,2,17.7500004768,13.120662693084562,4.629337783715439,Brazil
5984,2,12.1999998093,9.907981115370323,2.292018693929677,Brazil
5985,2,13.25,12.75439548548261,0.4956045145173906,Brazil
5986,2,14.6500000954,14.930010233300306,0.28001013790030704,Brazil
5987,2,12.8499999046,10.713735381008092,2.136264523591908,Brazil
5988,2,14.1000003815,12.166797879093238,1.9332025024067612,Brazil
5989,2,13.7000002861,12.260429931293514,1.4395703548064862,Brazil
5990,2,14.8666666349,12.139309693402364,2.7273569414976357,Brazil
5991,2,16.8999996185,14.298817635264907,2.6011819832350938,Brazil
5992,2,12.4999996821,11.719622320722255,0.7803773613777452,Brazil
5993,2,13.2166665395,11.151776618533752,2.064889920966248,Brazil
5994,2,13.3333333333,12.294681333660602,1.0386519996393986,Brazil
5995,2,12.8285715921,10.90965942240285,1.9189121696971494,Brazil
5996,2,13.6333334181,12.778142541853555,0.8551908762464446,Brazil
5997,2,16.7999992371,9.763419102128555,7.0365801349714445,Brazil
5998,2,16.4555555979,11.425282729842905,5.030272868057093,Brazil
5999,2,13.5999999046,11.512071007637159,2.0879288969628416,Brazil
6000,2,12.7000002861,12.741489733651143,0.041489447551143144,Brazil
6001,2,15.0,12.8724652986954,2.127534701304601,Brazil
6002,2,17.0,13.668532006014885,3.3314679939851146,Brazil
6003,2,12.8999996185,10.6956826888872,2.2043169296128013,Brazil
6004,2,14.7800001144,13.619195300998712,1.1608048134012883,Brazil
6005,2,14.9749999046,12.207784320469962,2.7672155841300388,Brazil
6006,2,18.1999998093,15.060782711746135,3.139217097553864,Brazil
6007,2,14.0999999046,12.506650244393672,1.5933496602063286,Brazil
6008,2,14.5999999728,12.827118256661059,1.77288171613894,Brazil
6009,2,17.0571430751,13.204966047545968,3.852177027554033,Brazil
6010,2,14.8999996185,13.37335740544735,1.52664221305265,Brazil
6011,2,12.9249999523,11.542447730638953,1.3825522216610473,Brazil
6012,2,13.7800001144,12.821245272080258,0.9587548423197418,Brazil
6013,2,17.5,17.658136218573915,0.15813621857391524,Brazil
6014,2,12.9000000954,12.606345640462447,0.2936544549375526,Brazil
6015,2,18.7,11.624639336908217,7.075360663091782,Brazil
6016,2,15.6285713741,10.926381387584655,4.702189986515345,Brazil
6017,2,14.2444444233,10.820847478958617,3.423596944341382,Brazil
6018,2,16.8499994278,11.823486268679039,5.026513159120961,Brazil
6019,2,19.0500001907,12.320580394570625,6.729419796129376,Brazil
6020,2,14.3999996185,11.872557064378679,2.527442554121322,Brazil
6021,2,16.4,14.063876200290778,2.3361237997092203,Brazil
6022,2,16.4666666985,13.685470301458759,2.7811963970412403,Brazil
6023,2,13.6000000636,15.308531114646955,1.7085310510469558,Brazil
6024,2,16.8999996185,14.528143290100969,2.3718563283990317,Brazil
6025,2,14.8000001907,13.164972463232393,1.635027727467607,Brazil
6026,2,12.0,11.52672533911339,0.4732746608866094,Brazil
6027,2,13.4000000954,16.513963327675935,3.1139632322759354,Brazil
6028,2,14.6200000763,13.98052193701987,0.639478139280131,Brazil
6029,2,20.3545454199,14.300423131724397,6.054122288175602,Brazil
6030,2,15.0999999046,12.363771982877823,2.736227921722177,Brazil
6031,2,14.0142857688,13.05817810727902,0.9561076615209814,Brazil
6032,2,16.3999996185,12.469600965320051,3.9303986531799495,Brazil
6033,2,16.3999996185,8.946762452969015,7.453237165530986,Brazil
6034,2,13.8000001907,11.85430605897951,1.94569413172049,Brazil
6035,2,19.6400005341,13.388957277571741,6.251043256528259,Brazil
6036,2,14.4500002861,12.163988313153341,2.2860119729466586,Brazil
6037,2,17.0999994278,12.484934962288552,4.615064465511448,Brazil
6038,2,15.6999998093,11.515750415474832,4.1842493938251675,Brazil
6039,2,12.066666921,12.14095095317119,0.07428403217119062,Brazil
6040,2,15.1999998093,12.237424309912843,2.9625754993871567,Brazil
6041,2,12.75,11.95343537969283,0.7965646203071692,Brazil
6042,2,15.3999996185,13.31592827541589,2.0840713430841102,Brazil
6043,2,18.1333332062,11.80941902009954,6.32391418610046,Brazil
6044,2,13.3499999046,11.392015296838377,1.9579846077616239,Brazil
6045,2,15.0,12.189600013060893,2.8103999869391068,Brazil
6046,2,14.1999998093,11.926197056693223,2.273802752606777,Brazil
6047,2,16.1333332062,12.699791521265029,3.433541684934971,Brazil
6048,2,17.3249998093,14.77438301322282,2.550616796077179,Brazil
6049,2,19.0,13.43524130527889,5.56475869472111,Brazil
6050,2,13.1999998093,10.92221187396084,2.277787935339159,Brazil
6051,2,16.0750005245,12.931115020542077,3.1438855039579217,Brazil
6052,2,18.5500001907,11.34233051822488,7.20766967247512,Brazil
6053,2,21.4499998093,16.076919625411453,5.373080183888547,Brazil
6054,2,17.5500001907,12.19578525713873,5.35421493356127,Brazil
6055,2,13.7000002861,13.072833109322126,0.6271671767778741,Brazil
6056,2,11.9666667514,11.384404815044526,0.582261936355474,Brazil
6057,2,12.2000000694,12.034551779554288,0.16544828984571147,Brazil
6058,2,12.0499999523,13.220172159145328,1.1701722068453275,Brazil
6059,2,12.2499998808,12.218461108419222,0.03153877238077918,Brazil
6060,2,15.2375000715,12.755861698594092,2.4816383729059073,Brazil
6061,2,15.8999996185,11.334790899665805,4.565208718834196,Brazil
6062,2,12.4666666985,12.202485886170757,0.26418081232924173,Brazil
6063,2,13.6999998093,11.324752615859,2.375247193441,Brazil
6064,2,13.0999997457,12.510016063962825,0.5899836817371753,Brazil
6065,2,11.7999997139,11.750685885298491,0.0493138286015089,Brazil
6066,2,19.6499996185,16.207641638928642,3.4423579795713586,Brazil
6067,2,12.7285713468,11.53606086504213,1.1925104817578713,Brazil
6068,2,11.6999998093,11.273475282205482,0.42652452709451794,Brazil
6069,2,12.1666666667,12.985214608626059,0.8185479419260595,Brazil
6070,2,14.7200000763,13.176406019358785,1.543594056941215,Brazil
6071,2,17.950000445,11.601464218466859,6.348536226533142,Brazil
6072,2,16.3499994278,12.447908902381329,3.9020905254186715,Brazil
6073,2,15.1333335241,11.413865517878255,3.719468006221744,Brazil
6074,2,17.7000001272,12.019206537081244,5.680793590118755,Brazil
6075,2,15.1142857415,13.371328586461205,1.7429571550387948,Brazil
6076,2,13.7000002861,12.21566929970796,1.48433098639204,Brazil
6077,2,11.5999999046,11.706538241830742,0.10653833723074158,Brazil
6078,2,13.0,11.656195650621203,1.3438043493787966,Brazil
6079,2,16.1500005722,13.42418632490612,2.7258142472938793,Brazil
6080,2,17.3500003815,17.498872394230222,0.148872012730223,Brazil
6081,2,18.4400001526,15.66078834273047,2.7792118098695298,Brazil
6082,2,14.1999998093,13.429769570812905,0.7702302384870947,Brazil
6083,2,19.1333332062,12.863319300547897,6.270013905652103,Brazil
6084,2,13.8999999364,11.844312922528175,2.0556870138718253,Brazil
6085,2,21.8999996185,14.604659981387856,7.295339637112145,Brazil
6086,2,20.2000002861,16.739425312363814,3.460574973736186,Brazil
6087,2,14.0800001144,10.97403801936792,3.10596209503208,Brazil
6088,2,13.1666666667,13.450372218506443,0.2837055518064435,Brazil
6089,2,13.4285712923,11.082552287981166,2.3460190043188334,Brazil
6090,2,13.6000003815,14.536518916680258,0.9365185351802587,Brazil
6091,2,14.9000000954,11.697160743733015,3.2028393516669844,Brazil
6092,2,13.5,12.197349054167471,1.3026509458325286,Brazil
6093,2,16.1999994914,12.184338577787418,4.015660913612582,Brazil
6094,2,13.0500001907,11.821249318140083,1.2287508725599174,Brazil
6095,2,16.4999993642,10.76964251823812,5.7303568459618806,Brazil
6096,2,18.2666664124,14.048096850805639,4.218569561594361,Brazil
6097,2,14.6333332062,12.494271369939867,2.139061836260133,Brazil
6098,2,14.3999996185,11.740195774491026,2.659803844008975,Brazil
6099,2,19.1000003815,13.859058644600415,5.240941736899584,Brazil
6100,2,16.8999996185,15.608404733469449,1.2915948850305519,Brazil
6101,2,16.1749999523,15.130501414832695,1.0444985374673035,Brazil
6102,2,13.2000002861,12.93039579612178,0.26960448997821906,Brazil
6103,2,12.6249997616,11.69275314741359,0.9322466141864094,Brazil
6104,2,16.8000001907,10.761821369135802,6.038178821564198,Brazil
6105,2,13.0499997139,12.389758870069658,0.6602408438303424,Brazil
6106,2,18.7999992371,14.28265558235307,4.517343654746929,Brazil
6107,2,13.75,14.29063861316063,0.5406386131606293,Brazil
6108,2,13.1000003815,11.872287441676725,1.2277129398232738,Brazil
6109,2,18.9499998093,13.256791603470624,5.693208205829375,Brazil
6110,2,17.6000003815,12.64490762373519,4.95509275776481,Brazil
6111,2,19.4666665395,13.89140350996417,5.575263029535829,Brazil
6112,2,13.5727272901,10.898821286295863,2.6739060038041362,Brazil
6113,2,18.2000007629,12.429315425846465,5.770685337053536,Brazil
6114,2,13.0,12.824965008497403,0.1750349915025975,Brazil
6115,2,26.0,17.470798067963187,8.529201932036813,Brazil
6116,2,14.5500001907,11.37006128496538,3.1799389057346197,Brazil
6117,2,19.2999992371,13.120365571996548,6.179633665103452,Brazil
6118,2,18.4000005722,12.600369215630694,5.799631356569305,Brazil
6119,2,13.6999998093,10.950807159758984,2.7491926495410155,Brazil
6120,2,12.9333333969,10.636770474605541,2.2965629222944592,Brazil
6121,2,18.3857143947,11.967219186777058,6.418495207922941,Brazil
6122,2,18.0999997457,13.435877511226776,4.664122234473224,Brazil
6123,2,12.6000003815,8.989777864365891,3.6102225171341082,Brazil
6124,2,12.6000003815,10.614504517581107,1.9854958639188922,Brazil
6125,2,16.2000007629,13.782381732670185,2.4176190302298153,Brazil
6126,2,11.7200000763,11.700120643000865,0.019879433299134774,Brazil
6127,2,19.5,16.141737331904984,3.3582626680950156,Brazil
6128,2,14.9333333969,13.10536479516721,1.82796860173279,Brazil
6129,2,18.1000003815,12.542837105048942,5.557163276451057,Brazil
6130,2,14.300000104,10.708153460199767,3.591846643800233,Brazil
6131,2,17.7999992371,13.37231391909319,4.4276853180068105,Brazil
6132,2,13.8999996185,14.24397774702529,0.34397812852528986,Brazil
6133,2,13.6000003815,10.779615094551698,2.8203852869483015,Brazil
6134,2,13.6999998093,11.356009879070173,2.343989930229826,Brazil
6135,2,21.0999994278,15.097083923083934,6.002915504716066,Brazil
6136,2,13.9000000954,12.845608494095815,1.054391601304184,Brazil
6137,2,18.2999998728,16.032965389962875,2.2670344828371256,Brazil
6138,2,18.6624999046,14.155477781509187,4.507022123090813,Brazil
6139,2,13.0,12.126098216507703,0.8739017834922969,Brazil
6140,2,18.1200000763,13.340089918457519,4.77991015784248,Brazil
6141,2,14.1000003815,12.040935264391791,2.059065117108208,Brazil
6142,2,14.3500003815,11.349219148574182,3.000781232925817,Brazil
6143,2,14.6000003815,8.9552387865853,5.6447615949147,Brazil
6144,2,17.3000005086,13.895931672222789,3.4040688363772116,Brazil
6145,2,16.7999998728,12.838781483215147,3.961218389584854,Brazil
6146,2,12.5250000954,11.090315328194274,1.4346847672057255,Brazil
6147,2,17.433333079,12.333787516950316,5.099545562049684,Brazil
6148,2,15.2250001431,17.092968621803323,1.8679684787033217,Brazil
6149,2,13.6299998283,16.853757324336094,3.223757496036093,Brazil
6150,2,18.5,12.366368344392898,6.133631655607102,Brazil
6151,2,11.6499999364,12.982951231318559,1.3329512949185585,Brazil
6152,2,20.6142856053,13.180232500101681,7.43405310519832,Brazil
6153,2,16.3624999523,12.781280055050825,3.5812198972491736,Brazil
6154,2,17.1142858097,15.852564711614585,1.261721098085415,Brazil
6155,2,18.6599998474,12.908781244438437,5.751218602961565,Brazil
6156,2,11.8333331744,10.863994287865697,0.9693388865343024,Brazil
6157,2,16.566666921,13.964977514390954,2.6016894066090455,Brazil
6158,2,14.3666667938,12.593940054009668,1.7727267397903326,Brazil
6159,2,16.4000005722,13.768241032134014,2.6317595400659854,Brazil
6160,2,18.2000002861,12.718926215524695,5.481074070575305,Brazil
6161,2,20.2999992371,8.882953706842095,11.417045530257905,Brazil
6162,2,15.8999999364,11.37511003842235,4.524889897977651,Brazil
6163,2,13.3000001907,14.440628922494984,1.1406287317949833,Brazil
6164,2,14.8000001907,9.693302219566934,5.106697971133066,Brazil
6165,2,18.133333842,15.044581282550386,3.0887525594496132,Brazil
6166,2,15.8500003815,13.726806108598787,2.1231942729012125,Brazil
6167,2,18.0,13.538811063698581,4.4611889363014186,Brazil
6168,2,17.9400001526,15.6933136365428,2.246686516057199,Brazil
6169,2,17.8111110263,13.242765288799019,4.568345737500982,Brazil
6170,2,16.0499997139,13.488640350833789,2.5613593630662113,Brazil
6171,2,11.7999997139,12.399091602968738,0.5990918890687382,Brazil
6172,2,14.5333331426,14.033694990814087,0.49963815178591275,Brazil
6173,2,16.5200000763,15.673147020674753,0.8468530556252478,Brazil
6174,2,13.3249998093,11.366843637708593,1.9581561715914066,Brazil
6175,2,13.8999999364,10.108462605939902,3.7915373304600983,Brazil
6176,2,16.6000003815,15.772213535424182,0.8277868460758171,Brazil
6177,2,16.0999997457,12.649833417537646,3.4501663281623536,Brazil
6178,2,16.75,11.461984190886579,5.288015809113421,Brazil
6179,2,12.7599998474,11.945043132263173,0.8149567151368267,Brazil
6180,2,13.7999997139,13.926708202648463,0.12670848874846286,Brazil
6181,2,16.6000003815,11.112449727303336,5.487550654196664,Brazil
6182,2,16.5999994278,12.946269172305112,3.6537302554948887,Brazil
6183,2,17.9799999237,12.653295938043302,5.326703985656698,Brazil
6184,2,14.5750000477,10.501393256378151,4.073606791321849,Brazil
6185,2,17.3999996185,11.498804217249425,5.901195401250575,Brazil
6186,2,16.6500005722,13.333705281311817,3.316295290888183,Brazil
6187,2,16.179999733,11.418434930432467,4.761564802567532,Brazil
6188,2,14.5333334605,12.19006525514481,2.343268205355189,Brazil
6189,2,15.3000001907,11.602469299107893,3.6975308915921072,Brazil
6190,2,12.3499999046,10.802256301772967,1.5477436028270333,Brazil
6191,2,14.2666667302,12.179206019815968,2.0874607103840326,Brazil
6192,2,16.3799999237,12.420205132777738,3.9597947909222633,Brazil
6193,2,12.5499999523,14.213887704724106,1.663887752424106,Brazil
6194,2,14.2999999523,11.401256375648227,2.898743576651773,Brazil
6195,2,12.7599999746,12.199197762327108,0.5608022122728915,Brazil
6196,2,17.0999994278,11.55405666337333,5.54594276442667,Brazil
6197,2,18.7666670481,12.220285028355653,6.546382019744348,Brazil
6198,2,15.1000003815,11.6917049832727,3.408295398227299,Brazil
6199,2,17.4000000954,11.24829205377845,6.15170804162155,Brazil
6200,2,13.7000002861,12.049353826853839,1.6506464592461612,Brazil
6201,2,11.6399999619,11.176542455720625,0.463457506179374,Brazil
6202,2,12.8499999046,10.803570414740985,2.0464294898590154,Brazil
6203,2,15.1000003815,11.059015848681181,4.040984532818818,Brazil
6204,2,13.1500000954,9.052431256274303,4.097568839125696,Brazil
6205,2,16.25,10.94239705058338,5.307602949416619,Brazil
6206,2,12.9000000954,10.410805740412247,2.4891943549877524,Brazil
6207,2,12.4666665395,12.441872206535674,0.024794332964326316,Brazil
6208,2,15.9000000954,12.709689600283879,3.1903104951161207,Brazil
6209,2,15.0,12.43447530526716,2.56552469473284,Brazil
6210,2,12.8499999046,12.080670419812453,0.7693294847875478,Brazil
6211,2,14.1000003815,6.203384569818894,7.896615811681105,Brazil
6212,2,16.133333842,11.307793491180671,4.8255403508193275,Brazil
6213,2,13.5,9.968213940114929,3.5317860598850714,Brazil
6214,2,16.0500001907,17.82862389176102,1.7786237010610186,Brazil
6215,2,14.9714287349,11.350375343540362,3.621053391359638,Brazil
6216,2,15.0,11.658739878385227,3.3412601216147735,Brazil
6217,2,17.6499996185,14.058047357394912,3.5919522611050887,Brazil
6218,2,15.5,14.961526313508463,0.5384736864915372,Brazil
6219,2,12.1500000954,11.135690268481316,1.0143098269186837,Brazil
6220,2,17.3500003815,12.496641953275706,4.853358428224293,Brazil
6221,2,16.0,11.1413994348713,4.8586005651287,Brazil
6222,2,16.9499998093,16.142702503110783,0.8072973061892164,Brazil
6223,2,13.8600000381,13.656574018007122,0.2034260200928788,Brazil
6224,2,15.6999998093,11.117945710685412,4.582054098614588,Brazil
6225,2,8.89999961853,11.222918618584568,2.3229190000545685,Brazil
6226,2,9.33333333333,10.70602596291439,1.3726926295843906,Brazil
6227,2,7.59999990463,10.43516909088849,2.83516918625849,Brazil
6228,2,8.86666679382,11.032969501943498,2.1663027081234976,Brazil
6229,2,9.39999961853,13.815187340825352,4.415187722295352,Brazil
6230,2,7.5,16.712384886595995,9.212384886595995,Brazil
6231,2,9.59999990463,13.778358780753727,4.178358876123728,Brazil
6232,2,7.04999995232,13.990891884554191,6.940891932234191,Brazil
6233,2,9.30000019073,9.623732885298779,0.32373269456877907,Brazil
6234,2,10.9874998331,10.352793967362246,0.6347058657377538,Brazil
6235,2,8.73333326976,13.101135942792299,4.367802673032299,Brazil
6236,2,10.9142855236,13.546326847905167,2.632041324305167,Brazil
6237,2,8.80000019073,12.70099076034543,3.9009905696154306,Brazil
6238,2,9.65000009537,10.651166625718133,1.001166530348133,Brazil
6239,2,8.30000019073,9.940020354398733,1.6400201636687335,Brazil
6240,2,8.28000011444,12.951264387322212,4.671264272882212,Brazil
6241,2,10.3000001907,10.688880412182446,0.38888022148244517,Brazil
6242,2,10.75,13.842640280650862,3.092640280650862,Brazil
6243,2,10.0499998728,13.489403554281658,3.4394036814816573,Brazil
6244,2,6.90000009537,14.354795872659427,7.454795777289426,Brazil
6245,2,9.69999980927,9.72072419100588,0.02072438173587976,Brazil
6246,2,8.06666660309,10.8427014769939,2.7760348739038996,Brazil
6247,2,10.0,14.482910759757248,4.482910759757248,Brazil
6248,2,9.77999992371,10.559464821972801,0.7794648982628019,Brazil
6249,2,9.69999980927,12.342653966734604,2.6426541574646034,Brazil
6250,2,8.39999975477,12.924317573037824,4.524317818267823,Brazil
6251,2,7.86666679382,9.513725305010993,1.647058511190993,Brazil
6252,2,7.67499995232,9.398800955159984,1.7238010028399842,Brazil
6253,2,10.3000000545,10.921258625604326,0.6212585711043257,Brazil
6254,2,8.59999990463,11.168542356443606,2.568542451813606,Brazil
6255,2,10.5999999046,10.407216278118778,0.19278362648122283,Brazil
6256,2,8.60000038147,12.071582702900828,3.4715823214308283,Brazil
6257,2,9.0,9.566855402550958,0.5668554025509582,Brazil
6258,2,9.89999961853,13.721260116030386,3.8212604975003863,Brazil
6259,2,10.9000000954,13.33007528593185,2.4300751905318503,Brazil
6260,2,8.60000038147,9.744604517906275,1.144604136436275,Brazil
6261,2,7.60000014305,9.79303320045048,2.1930330574004806,Brazil
6262,2,10.7333332698,10.79076309164154,0.05742982184154144,Brazil
6263,2,10.6200000763,10.517255162677271,0.10274491362272897,Brazil
6264,2,9.87999992371,10.60083355831727,0.7208336346072688,Brazil
6265,2,9.30000019073,13.260960390262523,3.960960199532524,Brazil
6266,2,8.10000038147,14.248395129290433,6.148394747820433,Brazil
6267,2,6.66666682561,10.460876163904555,3.7942093382945545,Brazil
6268,2,10.8000001907,13.713009885964944,2.913009695264943,Brazil
6269,2,6.80000019073,11.279155215513121,4.479155024783122,Brazil
6270,2,11.163636381,10.701559591392495,0.4620767896075044,Brazil
6271,2,11.0,14.098987829291428,3.0989878292914277,Brazil
6272,2,11.0714285714,13.222451359318129,2.1510227879181283,Brazil
6273,2,8.60000038147,11.411384465759795,2.811384084289795,Brazil
6274,2,10.6000002225,10.413153102499367,0.18684712000063364,Brazil
6275,2,10.5,12.733447719610218,2.2334477196102185,Brazil
6276,2,7.69999980927,10.914931681201036,3.214931871931036,Brazil
6277,2,9.15000009537,10.935835979012664,1.7858358836426635,Brazil
6278,2,8.09999990463,12.199848924387808,4.099849019757809,Brazil
6279,2,7.90000009537,10.954615197483903,3.054615102113903,Brazil
6280,2,7.40000009537,14.982127223590997,7.582127128220996,Brazil
6281,2,8.00000015895,13.645436152698451,5.6454359937484515,Brazil
6282,2,10.3000001907,10.160014554990866,0.13998563570913447,Brazil
6283,2,8.80000019073,13.945847914409441,5.1458477236794415,Brazil
6284,2,10.8399997711,10.934082365109806,0.09408259400980512,Brazil
6285,2,9.09999990463,9.288208975367986,0.18820907073798665,Brazil
6286,2,10.75,14.177992781542997,3.427992781542997,Brazil
6287,2,10.1333332062,13.852153798456824,3.718820592256824,Brazil
6288,2,8.5,11.770711381325807,3.270711381325807,Brazil
6289,2,16.1999999215,13.59642412556061,2.603575795939392,Brazil
6290,2,15.5999999046,10.922089315505284,4.677910589094717,Brazil
6291,2,13.5727272901,11.791920890261668,1.7808063998383314,Brazil
6292,2,9.75757572868,11.905341486894836,2.1477657582148364,Brazil
6293,2,11.9700000763,10.650271851395415,1.3197282249045852,Brazil
6294,2,17.5090907704,13.255866469619988,4.253224300780012,Brazil
6295,2,16.6750006676,12.274244315408534,4.400756352191465,Brazil
6296,2,12.7777778837,11.740364568713355,1.0374133149866456,Brazil
6297,2,17.2600000381,11.049929582476562,6.210070455623438,Brazil
6298,2,17.9521739794,10.868045487677552,7.084128491722449,Brazil
6299,2,12.6261905261,13.715070800759669,1.0888802746596689,Brazil
6300,2,16.5484850334,12.295504266289013,4.252980767110985,Brazil
6301,2,17.5142854963,11.580908552060581,5.93337694423942,Brazil
6302,2,17.5571428935,13.683767103081932,3.873375790418068,Brazil
6303,2,16.863636537,10.646703295411974,6.216933241588027,Brazil
6304,2,8.32200003624,11.352498420954078,3.030498384714077,Brazil
6305,2,17.5499997139,14.386583933868511,3.163415780031489,Brazil
6306,2,7.54000005722,13.596461123766106,6.056461066546106,Brazil
6307,2,16.5,13.486100857686154,3.0138991423138464,Brazil
6308,2,14.9499998774,13.551957108606357,1.3980427687936423,Brazil
6309,2,16.2285712787,13.486167237897892,2.742404040802107,Brazil
6310,2,14.1124999523,13.263835246925668,0.8486647053743326,Brazil
6311,2,15.1999999682,11.895282301236547,3.3047176669634535,Brazil
6312,2,16.1555557251,13.20244785777487,2.953107867325132,Brazil
6313,2,13.6166666349,13.299911053207893,0.3167555816921066,Brazil
6314,2,15.0199998856,13.596566710368927,1.4234331752310734,Brazil
6315,2,13.6266665777,11.8005823788203,1.8260841988797,Brazil
6316,2,17.8500003815,12.797746482017478,5.052253899482521,Brazil
6317,2,16.6000003815,10.273138900563703,6.326861480936296,Brazil
6318,2,12.3749999659,13.312253648454975,0.9372536825549744,Brazil
6319,2,13.2700000763,13.155152779050306,0.11484729724969434,Brazil
6320,2,16.7000001272,13.105161272271316,3.5948388549286836,Brazil
6321,2,17.8999996185,10.479938910065394,7.420060708434606,Brazil
6322,2,18.8714284897,12.87092072606224,6.000507763637762,Brazil
6323,2,12.3399999619,11.304465696809668,1.035534265090332,Brazil
6324,2,11.1785714286,11.441050116536896,0.26247868793689655,Brazil
6325,2,15.9400001526,13.525413071814258,2.4145870807857417,Brazil
6326,2,15.7428571156,14.26524846523632,1.4776086503636794,Brazil
6327,2,15.8000000715,11.16287363043158,4.637126441068419,Brazil
6328,2,7.56666660309,12.846645571166349,5.279978968076349,Brazil
6329,2,8.96956526715,10.49729754559333,1.527732278443331,Brazil
6330,2,16.9416664441,14.024426146359465,2.917240297740536,Brazil
6331,2,15.9214285442,11.645978880011672,4.2754496641883275,Brazil
6332,2,14.3714286259,11.53747017987167,2.83395844602833,Brazil
6333,2,15.4846153259,13.252273638735938,2.2323416871640624,Brazil
6334,2,9.28461536994,13.022290014428476,3.737674644488477,Brazil
6335,2,16.3124997616,11.822227943335665,4.490271818264336,Brazil
6336,2,16.0333332062,13.625196305141147,2.4081369010588514,Brazil
6337,2,14.7259259401,13.719803908227142,1.0061220318728576,Brazil
6338,2,18.9250001907,13.06212138860537,5.862878802094631,Brazil
6339,2,14.1333332062,13.61529823370709,0.5180349724929094,Brazil
6340,2,12.650000155,11.13802042047931,1.5119797345206916,Brazil
6341,2,14.5666667091,12.760524895782176,1.806141813317824,Brazil
6342,2,15.9380530973,11.38234884781966,4.555704249480339,Brazil
6343,2,16.2153847034,11.762349501984982,4.45303520141502,Brazil
6344,2,13.5897959106,13.721768943235322,0.13197303263532234,Brazil
6345,2,15.2399999619,11.662886743685295,3.5771132182147056,Brazil
6346,2,13.0411764594,14.627553164417355,1.5863767050173543,Brazil
6347,2,13.0142856325,13.197492173172403,0.18320654067240305,Brazil
6348,2,13.4344827718,11.58855523605141,1.84592753574859,Brazil
6349,2,16.4499998093,13.762474094772324,2.687525714527675,Brazil
6350,2,14.9333333969,13.144082485517158,1.789250911382842,Brazil
6351,2,16.4666665395,13.470484436282865,2.9961821032171354,Brazil
6352,2,11.1526315589,13.616470316729128,2.4638387578291283,Brazil
6353,2,16.4749999046,12.701010855439574,3.773989049160427,Brazil
6354,2,18.0295454047,13.739419952937327,4.2901254517626715,Brazil
6355,2,10.1000000636,13.221872235046577,3.1218721714465776,Brazil
6356,2,14.8000001907,11.990510283916315,2.8094899067836856,Brazil
6357,2,7.45000004768,12.65775432503522,5.207754277355221,Brazil
6358,2,10.9500000043,13.286548451676891,2.3365484473768916,Brazil
6359,2,16.4000002543,12.528109246840751,3.871891007459249,Brazil
6360,2,17.1947366815,13.443429507621989,3.7513071738780113,Brazil
6361,2,9.55128210019,13.393553097467745,3.842270997277744,Brazil
6362,2,16.1799999237,12.573343766722891,3.606656156977108,Brazil
6363,2,14.7043478593,13.724263087212469,0.9800847720875314,Brazil
6364,2,15.600000109,13.27780016775327,2.32219994124673,Brazil
6365,2,12.2033334414,11.634627019020726,0.5687064223792735,Brazil
6366,2,15.5111109416,13.793452500037532,1.7176584415624685,Brazil
6367,2,17.4375,12.99646475496399,4.44103524503601,Brazil
6368,2,10.4730770405,13.408960060456273,2.9358830199562735,Brazil
6369,2,16.0499999523,11.5528419867824,4.497157965517598,Brazil
6370,2,15.1666665077,13.118250845307873,2.0484156623921272,Brazil
6371,2,14.75,11.325661235383297,3.424338764616703,Brazil
6372,2,10.2200000286,13.780897103987286,3.5608970753872864,Brazil
6373,2,8.84999998411,13.45894480013088,4.60894481602088,Brazil
6374,2,14.4666665395,12.830500999224682,1.636165540275318,Brazil
6375,2,13.6388890478,14.395166275397756,0.7562772275977565,Brazil
6376,2,14.7818181731,11.24209675865639,3.53972141444361,Brazil
6377,2,15.3999999364,12.632146929808183,2.7678530065918174,Brazil
6378,2,10.4846153993,12.691246837674463,2.206631438374462,Brazil
6379,2,14.8899999619,12.505396792563237,2.3846031693367618,Brazil
6380,2,10.0442105544,13.036156344197043,2.991945789797043,Brazil
6381,2,17.0583333174,13.137506067958352,3.920827249441647,Brazil
6382,2,14.1000000106,14.011197194580635,0.08880281601936524,Brazil
6383,2,12.251162773,13.034514829002024,0.7833520560020233,Brazil
6384,2,16.3999998093,13.677500818171872,2.722498991128127,Brazil
6385,2,10.658333381,13.486494719415553,2.828161338415553,Brazil
6386,2,17.0285714013,11.84620271374188,5.182368687558119,Brazil
6387,2,18.5870587181,13.001695414230694,5.585363303869306,Brazil
6388,2,8.34285715648,13.64360137309254,5.300744216612541,Brazil
6389,2,9.86000002081,13.7204273225308,3.860427301720799,Brazil
6390,2,9.56666660309,10.750591664659236,1.1839250615692354,Brazil
6391,2,13.8108108366,14.060283932391185,0.24947309579118482,Brazil
6392,2,17.0250000954,13.604359699924162,3.4206403954758375,Brazil
6393,2,15.4000000954,13.198378139567197,2.2016219558328025,Brazil
6394,2,14.4249999523,12.461764427879396,1.963235524420604,Brazil
6395,2,12.3166666031,13.428993022946727,1.1123264198467275,Brazil
6396,2,17.0,12.747685827702046,4.252314172297954,Brazil
6397,2,8.98333326976,14.588689307758925,5.605356037998925,Brazil
6398,2,14.4857143675,12.380220805185338,2.1054935623146616,Brazil
6399,2,11.2215685938,13.886593369676763,2.6650247758767627,Brazil
6400,2,17.7000007629,13.675035065176633,4.024965697723367,Brazil
6401,2,14.0758620295,13.538751730274809,0.5371102992251906,Brazil
6402,2,17.7400000254,13.14697764863326,4.59302237676674,Brazil
6403,2,13.5399999619,14.01696641742022,0.47696645552021977,Brazil
6404,2,15.4629629276,12.96160446405226,2.5013584635477404,Brazil
6405,2,11.7866666794,13.286868468986077,1.500201789586077,Brazil
6406,2,11.1600002289,12.781657360587243,1.6216571316872432,Brazil
6407,2,16.0999994278,13.593326200929626,2.506673226870374,Brazil
6408,2,17.1181815754,10.813026679995508,6.305154895404494,Brazil
6409,2,9.54999992583,13.724310947644213,4.174311021814212,Brazil
6410,2,16.9666671753,13.367968630100332,3.5986985451996674,Brazil
6411,2,11.7583334446,12.891038817865436,1.132705373265436,Brazil
6412,2,18.2333329519,13.087565173981472,5.145767777918527,Brazil
6413,2,11.633333297,13.819857356780185,2.1865240597801847,Brazil
6414,2,11.4200000763,13.570044783292674,2.1500447069926754,Brazil
6415,2,16.433333079,13.108255400674516,3.325077678325485,Brazil
6416,2,12.2714283807,13.733641298254794,1.462212917554794,Brazil
6417,2,14.9749999046,12.810575098192956,2.1644248064070446,Brazil
6418,2,8.03888903724,13.044222606771491,5.005333569531491,Brazil
6419,2,8.21250009537,13.661548051729453,5.449047956359452,Brazil
6420,2,11.5428571701,13.18713433059189,1.6442771604918907,Brazil
6421,2,13.6739130435,13.264860101218316,0.40905294228168465,Brazil
6422,2,15.9111111959,13.075394568072042,2.835716627827958,Brazil
6423,2,14.2666665713,13.230732034476912,1.0359345368230883,Brazil
6424,2,14.3285713196,13.098854341498864,1.229716978101136,Brazil
6425,2,16.0699997902,12.927400885098946,3.142598905101055,Brazil
6426,2,17.4375,13.653934150106384,3.783565849893616,Brazil
6427,3,7.689899,9.129329921854035,1.4394309218540355,China
6428,3,16.217949,8.227744912975986,7.990204087024015,China
6429,3,11.115,8.442497694227653,2.6725023057723476,China
6430,3,10.590196,8.841112096744265,1.7490839032557357,China
6431,3,18.673585,7.989248946532296,10.684336053467703,China
6432,3,22.778571,7.608064927672036,15.170506072327964,China
6433,3,11.245455,8.821004845628282,2.4244501543717174,China
6434,3,23.283784,9.845791811660419,13.437992188339582,China
6435,3,4.693548,7.6308876787410895,2.9373396787410897,China
6436,3,12.308,9.70889318520938,2.59910681479062,China
6437,3,17.67284,7.628735439636126,10.044104560363873,China
6438,3,20.662745,7.844993882485737,12.817751117514264,China
6439,3,26.862162,10.601644158451702,16.2605178415483,China
6440,3,64.528289,10.144785379222391,54.38350362077761,China
6441,3,69.340141,9.815559408282944,59.52458159171706,China
6442,3,38.056897,9.791843074495509,28.26505392550449,China
6443,3,52.251579,8.884594453568502,43.366984546431496,China
6444,3,46.932051,10.398768804693878,36.53328219530612,China
6445,3,66.758382,9.738788532344255,57.01959346765574,China
6446,3,41.701299,9.964897216527559,31.736401783472438,China
6447,3,34.709375,9.95411748513925,24.75525751486075,China
6448,3,52.242857,10.183712462954047,42.05914453704595,China
6449,3,27.943857,6.485542162289747,21.458314837710255,China
6450,3,26.762905,6.925680946145409,19.83722405385459,China
6451,3,32.295474,6.52857559343931,25.76689840656069,China
6452,3,11.831746,8.679613297206155,3.152132702793846,China
6453,3,13.787131,9.343450472201209,4.443680527798792,China
6454,3,11.902041,8.673581679930786,3.2284593200692147,China
6455,3,17.513793,8.478095125325503,9.035697874674497,China
6456,3,14.685083,9.526247920211485,5.158835079788515,China
6457,3,2.557407,6.805964605235454,4.248557605235455,China
6458,3,6.196532,7.433724606612358,1.237192606612358,China
6459,3,3.697043,6.469473074769159,2.772430074769159,China
6460,3,3.869635,6.625149227136999,2.7555142271369992,China
6461,3,13.583871,8.35320414033575,5.23066685966425,China
6462,3,3.59494,6.459730124594843,2.8647901245948435,China
6463,3,14.847845,8.41453337896973,6.433311621030269,China
6464,3,38.934483,9.991701389591558,28.942781610408442,China
6465,3,39.48,10.190908333175047,29.28909166682495,China
6466,3,40.266667,10.124742733269025,30.141924266730975,China
6467,3,29.528,8.816968183304239,20.71103181669576,China
6468,3,26.978571,13.091086104041194,13.887484895958805,China
6469,3,28.124242,14.383576593548305,13.740665406451694,China
6470,3,29.223077,13.016768230228394,16.206308769771606,China
6471,3,25.725,9.308555175797595,16.416444824202408,China
6472,3,22.965218,13.088392829613763,9.876825170386237,China
6473,3,29.353333,13.319953995327577,16.033379004672422,China
6474,3,27.508333,13.464401876462581,14.04393112353742,China
6475,3,20.121429,9.529293580944193,10.592135419055806,China
6476,3,24.3375,13.243382080444473,11.094117919555526,China
6477,3,21.317647,12.547866210244237,8.769780789755764,China
6478,3,41.406667,11.115471237956932,30.291195762043067,China
6479,3,35.40625,11.161412409669383,24.24483759033062,China
6480,3,38.727273,12.42558673983715,26.301686260162846,China
6481,3,32.266667,10.8625578814254,21.4041091185746,China
6482,3,40.428571,11.279296673963636,29.149274326036362,China
6483,3,40.646154,12.744065572452254,27.90208842754775,China
6484,3,41.974999,11.132218290524259,30.84278070947574,China
6485,3,23.55,10.867363659867326,12.682636340132674,China
6486,3,42.147058,10.032151091463069,32.11490690853693,China
6487,3,24.435714,13.72517950534597,10.71053449465403,China
6488,3,22.255555,13.76624491706484,8.48931008293516,China
6489,3,21.166666,13.545156496296737,7.621509503703262,China
6490,3,20.646667,13.543434348666466,7.103232651333535,China
6491,3,22.7,14.012835904444296,8.687164095555703,China
6492,3,22.145454,13.843839932610345,8.301614067389655,China
6493,3,61.783332,12.148022238531617,49.635309761468385,China
6494,3,56.37647,11.626829547142902,44.74964045285709,China
6495,3,45.142857,11.087878552149716,34.05497844785028,China
6496,3,62.925,11.995441800969356,50.92955819903064,China
6497,3,59.025,11.77285823836974,47.252141761630256,China
6498,3,61.76,11.020454949612844,50.73954505038715,China
6499,3,66.349998,11.910541413053927,54.43945658694607,China
6500,3,31.842857,12.425803179580633,19.417053820419365,China
6501,3,29.934615,11.46528644272513,18.46932855727487,China
6502,3,26.623106,11.75339713177668,14.86970886822332,China
6503,3,21.927309,9.395245068148974,12.532063931851027,China
6504,3,28.792857,8.26122798822392,20.531629011776083,China
6505,3,30.269231,8.071641998926246,22.197589001073755,China
6506,3,43.920588,8.88664380054208,35.03394419945792,China
6507,3,32.616927,7.262535754325194,25.354391245674805,China
6508,3,39.568613,8.134551910084603,31.434061089915396,China
6509,3,51.931646,7.524199661015554,44.40744633898445,China
6510,3,44.310457,9.83596292578338,34.47449407421662,China
6511,3,53.881219,9.107816886140569,44.77340211385943,China
6512,3,42.166862,8.220746522195554,33.94611547780445,China
6513,3,56.464806,9.420325208773574,47.04448079122643,China
6514,3,42.811538,10.001343345906795,32.8101946540932,China
6515,3,27.295652,9.059718471708205,18.235933528291795,China
6516,3,23.360606,8.608529929030645,14.752076070969355,China
6517,3,29.3,9.96478051372903,19.335219486270972,China
6518,3,25.073684,9.964543939281977,15.109140060718023,China
6519,3,25.615517,14.024165987624908,11.591351012375092,China
6520,3,24.50625,12.678084580462695,11.828165419537306,China
6521,3,24.04,13.510705932478364,10.529294067521635,China
6522,3,25.46,12.498801674185996,12.961198325814005,China
6523,3,24.305085,8.718522986212776,15.586562013787223,China
6524,3,26.09375,7.815922319960762,18.277827680039238,China
6525,3,19.124,7.933383658002503,11.190616341997496,China
6526,3,20.689394,7.372743565239851,13.316650434760149,China
6527,3,24.192857,7.519401523899624,16.673455476100376,China
6528,3,24.77027,10.015026743608463,14.755243256391537,China
6529,3,20.76129,8.799785570182506,11.961504429817493,China
6530,3,28.4,8.751669420018642,19.648330579981355,China
6531,3,26.425926,9.773899637288329,16.652026362711673,China
6532,3,26.666071,9.543880909733918,17.12219009026608,China
6533,3,28.415254,9.836835655470933,18.57841834452907,China
6534,3,29.165,9.48031797181472,19.68468202818528,China
6535,3,24.779167,9.148948336772925,15.630218663227076,China
6536,3,25.711111,9.30615474700194,16.40495625299806,China
6537,3,21.468182,9.566256116811582,11.901925883188417,China
6538,3,23.178947,8.807508270339923,14.371438729660078,China
6539,3,22.609677,12.998487622473855,9.611189377526147,China
6540,3,27.052381,13.739982219023954,13.312398780976046,China
6541,3,25.88,13.215633299278691,12.664366700721308,China
6542,3,26.592,13.336790513348646,13.255209486651353,China
6543,3,24.276596,13.101093583250922,11.17550241674908,China
6544,3,26.190476,13.099211438410382,13.091264561589618,China
6545,3,23.692,13.0339772964532,10.6580227035468,China
6546,3,27.235294,13.952929178836865,13.282364821163135,China
6547,3,47.0,12.06840934958103,34.93159065041897,China
6548,3,48.2,12.796316130889338,35.403683869110665,China
6549,3,49.291304,12.494981288699936,36.796322711300064,China
6550,3,50.200001,12.312642900978258,37.88735809902174,China
6551,3,45.5,11.669834870614569,33.830165129385435,China
6552,3,44.786667,12.594174395709631,32.19249260429037,China
6553,3,47.599998,13.722299055363234,33.87769894463676,China
6554,3,21.825,11.632137803942001,10.192862196057998,China
6555,3,18.885027,11.47910124903132,7.405925750968681,China
6556,3,38.599998,12.180686086875824,26.419311913124176,China
6557,3,25.153704,12.655189153804082,12.498514846195919,China
6558,3,36.925,7.542971623742584,29.382028376257413,China
6559,3,39.900002,8.465162402174892,31.43483959782511,China
6560,3,27.433333,9.486954875553415,17.946378124446586,China
6561,3,33.644,8.709639233227385,24.934360766772613,China
6562,3,60.816667,9.39196127208723,51.42470572791277,China
6563,3,57.4,9.549084928290657,47.85091507170934,China
6564,3,57.400002,9.595230084509758,47.80477191549024,China
6565,3,60.299999,8.332461478958287,51.96753752104171,China
6566,3,53.650001,10.10275465197228,43.54724634802773,China
6567,3,59.821429,10.528809907297319,49.29261909270268,China
6568,3,37.288,11.020632277967872,26.267367722032127,China
6569,3,53.36,10.118135621487824,43.241864378512176,China
6570,3,60.733333,10.427286025026273,50.306046974973725,China
6571,3,55.3,11.135190084335191,44.164809915664804,China
6572,3,58.5,11.358013750976097,47.1419862490239,China
6573,3,54.14,10.294990715636105,43.8450092843639,China
6574,3,55.25,9.93762476391189,45.31237523608811,China
6575,3,50.337499,10.533339621817213,39.80415937818279,China
6576,3,47.964706,10.54276858255328,37.42193741744672,China
6577,3,57.599998,11.146984914268256,46.45301308573174,China
6578,3,58.550001,10.809113527636226,47.740887472363774,China
6579,3,58.466667,10.744154046530838,47.72251295346916,China
6580,3,53.188889,10.73678265621811,42.45210634378189,China
6581,3,39.942857,11.188052575020174,28.754804424979824,China
6582,3,33.1,10.327765947927178,22.772234052072825,China
6583,3,27.244,10.206054526171698,17.0379454738283,China
6584,3,52.414285,9.389887556564435,43.02439744343556,China
6585,3,61.371429,11.045139579515915,50.32628942048409,China
6586,3,22.178788,11.229009529848236,10.949778470151765,China
6587,3,23.737037,8.575386501008825,15.161650498991175,China
6588,3,20.534884,7.769159438121522,12.765724561878478,China
6589,3,21.5,9.901503023467761,11.598496976532239,China
6590,3,22.237255,10.004964091683085,12.232290908316916,China
6591,3,30.873077,15.120787586758567,15.752289413241432,China
6592,3,22.063333,14.035513081201788,8.027819918798212,China
6593,3,38.241666,14.075927582295009,24.165738417704993,China
6594,3,49.033333,14.062596456975118,34.970736543024884,China
6595,3,41.3,15.113940980916775,26.186059019083224,China
6596,3,26.319048,12.232592307995297,14.086455692004701,China
6597,3,38.81,9.657711207095732,29.152288792904272,China
6598,3,30.044445,12.475262753580255,17.569182246419743,China
6599,3,25.364,12.40094694906696,12.963053050933041,China
6600,3,32.4,11.878828684281878,20.52117131571812,China
6601,3,41.9,9.922164566609556,31.977835433390442,China
6602,3,24.323529,12.573020918784568,11.750508081215433,China
6603,3,26.700001,10.953671103403702,15.746329896596299,China
6604,3,27.471428,8.652246869865058,18.819181130134943,China
6605,3,26.275,11.088043924828867,15.186956075171132,China
6606,3,26.466667,11.711970381388458,14.754696618611543,China
6607,3,34.507142,9.522049488427244,24.98509251157276,China
6608,3,46.625001,9.997495432670043,36.627505567329955,China
6609,3,48.772727,10.497330281825706,38.2753967181743,China
6610,3,38.580953,10.145417264373679,28.435535735626324,China
6611,3,46.200001,10.271916425855421,35.92808457414458,China
6612,3,38.575,9.942804395716635,28.632195604283368,China
6613,3,27.108695,10.107006845311583,17.001688154688416,China
6614,3,26.91875,9.475156852747629,17.443593147252372,China
6615,3,38.788889,9.980080207330804,28.808808792669193,China
6616,3,41.5,10.09618915493434,31.40381084506566,China
6617,3,43.163636,11.032803162450119,32.130832837549875,China
6618,3,47.409091,9.208902593429352,38.200188406570646,China
6619,3,31.8,8.343089642772496,23.456910357227507,China
6620,3,25.5,9.07234431535761,16.42765568464239,China
6621,3,28.311429,9.846111688306255,18.465317311693745,China
6622,3,25.448572,9.825739872090047,15.622832127909952,China
6623,3,32.925,9.03774802750713,23.88725197249287,China
6624,3,30.133334,9.687336318725404,20.445997681274598,China
6625,3,33.066666,8.158862955056687,24.90780304494331,China
6626,3,37.4,9.460982845195165,27.939017154804834,China
6627,3,26.422581,10.355321362599025,16.067259637400976,China
6628,3,25.590322,9.624531260374667,15.965790739625334,China
6629,3,22.37931,9.586140554834113,12.793169445165887,China
6630,3,26.5,9.398008211120503,17.101991788879495,China
6631,3,24.508696,9.527466971151659,14.981229028848341,China
6632,3,25.1625,13.988793561849231,11.17370643815077,China
6633,3,18.637037,14.131782399716677,4.5052546002833225,China
6634,3,21.75,13.38676264277796,8.36323735722204,China
6635,3,50.966667,13.647290853593725,37.31937614640628,China
6636,3,52.199999,12.883389852714165,39.31660914728583,China
6637,3,51.885714,13.304849120938174,38.58086487906183,China
6638,3,47.02,12.768393718293396,34.25160628170661,China
6639,3,48.98,12.324147633141642,36.655852366858355,China
6640,3,46.0875,11.286234976493533,34.80126502350647,China
6641,3,54.381818,10.074968380049308,44.3068496199507,China
6642,3,25.759524,11.280547212400709,14.47897678759929,China
6643,3,26.39661,8.761574535812366,17.63503546418763,China
6644,3,21.801539,9.642659348411234,12.158879651588764,China
6645,3,51.875,7.687038025147025,44.187961974852975,China
6646,3,49.75625,11.94491172102905,37.81133827897095,China
6647,3,51.8625,10.057875884676927,41.80462411532307,China
6648,3,48.199999,10.225372246573967,37.97462675342603,China
6649,3,57.414286,10.415329380668776,46.998956619331224,China
6650,3,47.095653,9.997522856808764,37.098130143191234,China
6651,3,47.950001,10.128571446387914,37.821429553612084,China
6652,3,50.616667,9.876638988581922,40.740028011418076,China
6653,3,52.344445,8.764547029457914,43.579897970542085,China
6654,3,61.354546,9.917661818855159,51.43688418114484,China
6655,3,62.1,9.451344296522915,52.64865570347709,China
6656,3,51.95,10.586170745306521,41.363829254693485,China
6657,3,54.561538,9.628151909769239,44.93338609023076,China
6658,3,48.47,9.900721100082242,38.569278899917755,China
6659,3,51.549999,10.892069288510386,40.657929711489615,China
6660,3,2.935652,10.949860375073177,8.014208375073178,China
6661,3,1.669136,9.862007494549669,8.192871494549669,China
6662,3,2.068421,9.206513843555419,7.138092843555419,China
6663,3,1.868224,8.464620207245746,6.596396207245746,China
6664,3,1.302632,8.598619843916946,7.295987843916946,China
6665,3,2.019298,8.642684721819505,6.623386721819505,China
6666,3,1.689844,6.583648627329211,4.893804627329211,China
6667,3,1.495238,7.316909754684934,5.8216717546849335,China
6668,3,2.162338,9.005434559215331,6.843096559215331,China
6669,3,4.278704,7.801669735540334,3.5229657355403337,China
6670,3,4.409174,6.825868794203864,2.416694794203864,China
6671,3,39.871111,8.97937565199082,30.891735348009178,China
6672,3,33.103093,7.5767896209310095,25.52630337906899,China
6673,3,37.490385,7.960641719866368,29.529743280133637,China
6674,3,33.535051,7.096132379875342,26.43891862012466,China
6675,3,33.07757,8.614452246604394,24.463117753395608,China
6676,3,27.329252,7.136691325202477,20.192560674797523,China
6677,3,26.771354,9.996377018179228,16.77497698182077,China
6678,3,45.044444,9.1784073339807,35.8660366660193,China
6679,3,40.673913,9.735707223731811,30.938205776268187,China
6680,3,41.1,10.464994058426893,30.63500594157311,China
6681,3,41.22,11.118860201269861,30.101139798730138,China
6682,3,40.633334,10.314215427266493,30.319118572733505,China
6683,3,30.897059,10.644289833780029,20.25276916621997,China
6684,3,34.192308,11.715267233005878,22.47704076699412,China
6685,3,43.550001,10.795941204404173,32.75405979559583,China
6686,3,41.347619,11.83462669058958,29.51299230941042,China
6687,3,45.433333,11.546546285498593,33.886786714501405,China
6688,3,43.323076,13.682473338119571,29.64060266188043,China
6689,3,44.975,12.235386942818486,32.739613057181515,China
6690,3,45.5,11.63097777905135,33.86902222094865,China
6691,3,41.440001,10.533944548459964,30.90605645154004,China
6692,3,34.356322,12.31255037218921,22.04377162781079,China
6693,3,35.130303,10.216249636737217,24.91405336326278,China
6694,3,33.303448,9.877598799828078,23.425849200171925,China
6695,3,38.256604,9.714328376822913,28.54227562317709,China
6696,3,39.468421,9.764037909962259,29.70438309003774,China
6697,3,38.985714,10.103843117471762,28.88187088252824,China
6698,3,45.0,10.3021641941648,34.6978358058352,China
6699,3,43.776923,10.83900686812677,32.93791613187322,China
6700,3,44.299999,9.39581838542288,34.90418061457712,China
6701,3,46.099998,9.925775501308074,36.174222498691925,China
6702,3,31.897826,10.065775461941623,21.832050538058375,China
6703,3,37.44,11.897700658309738,25.54229934169026,China
6704,3,38.909091,11.620840811404962,27.288250188595036,China
6705,3,42.799999,11.390389431962934,31.409609568037066,China
6706,3,29.67,11.301223705356414,18.368776294643588,China
6707,3,45.199999,11.35134882563482,33.848650174365176,China
6708,3,38.863637,11.125478831239251,27.738158168760748,China
6709,3,41.116667,11.63368383337881,29.48298316662119,China
6710,3,30.428572,11.343579926888502,19.084992073111497,China
6711,3,40.569231,11.253708410425158,29.315522589574844,China
6712,3,37.868,10.112946763719064,27.755053236280936,China
6713,3,40.11,10.041591508971935,30.068408491028066,China
6714,3,38.158824,9.63524591970418,28.52357808029582,China
6715,3,41.221428,8.070901120856892,33.150526879143115,China
6716,3,29.67551,10.310298640541086,19.36521135945891,China
6717,3,29.136957,10.190466028965032,18.94649097103497,China
6718,3,27.107407,10.376719818484842,16.730687181515158,China
6719,3,28.295833,7.7524792248862555,20.543353775113744,China
6720,3,26.16875,9.56344635684459,16.60530364315541,China
6721,3,30.9,7.699911684537295,23.200088315462704,China
6722,3,31.45,10.442232470118359,21.00776752988164,China
6723,3,26.333333,8.89889158921446,17.43444141078554,China
6724,3,24.278571,10.531450839854061,13.747120160145938,China
6725,3,29.200001,9.562721276300561,19.63727972369944,China
6726,3,29.284615,9.58880123968886,19.69581376031114,China
6727,3,27.36,9.629761382884189,17.73023861711581,China
6728,3,20.8,9.943641629393213,10.856358370606788,China
6729,3,30.775,10.0956920739559,20.679307926044096,China
6730,3,32.814286,9.0117637777515,23.802522222248502,China
6731,3,29.8,9.437986410884305,20.362013589115698,China
6732,3,22.05,10.620604249775917,11.429395750224083,China
6733,3,27.508334,10.845206430180726,16.663127569819274,China
6734,3,27.563158,9.846345756206148,17.716812243793854,China
6735,3,27.778948,11.868003032116269,15.910944967883731,China
6736,3,24.3375,11.637005933265726,12.700494066734272,China
6737,3,43.700001,11.332491892985383,32.36750910701462,China
6738,3,31.2,12.763330821322004,18.436669178677995,China
6739,3,29.983333,12.966063536406258,17.017269463593742,China
6740,3,28.607692,11.86824102596652,16.73945097403348,China
6741,3,44.400002,11.146762865365469,33.25323913463453,China
6742,3,34.388889,11.302910429415446,23.08597857058455,China
6743,3,41.299999,12.860542625218418,28.43945637478158,China
6744,3,37.16,12.116334492700586,25.04366550729941,China
6745,3,31.385714,12.525177142006324,18.860536857993676,China
6746,3,32.6,12.350048800774601,20.2499511992254,China
6747,3,40.075001,13.07626970890366,26.99873129109634,China
6748,3,43.5,13.276054275703885,30.223945724296115,China
6749,3,37.87,12.751836545664233,25.118163454335765,China
6750,3,37.200001,12.34777032757603,24.85223067242397,China
6751,3,42.700001,12.627538380103788,30.072462619896214,China
6752,3,42.82,12.625578408769197,30.194421591230803,China
6753,3,37.95,13.402209017598413,24.54779098240159,China
6754,3,31.727273,13.238326913477472,18.488946086522528,China
6755,3,39.5,13.031829083210683,26.46817091678932,China
6756,3,26.104651,13.058982020100144,13.045668979899856,China
6757,3,19.1,12.401383486613057,6.698616513386945,China
6758,3,26.836842,12.421135574126609,14.415706425873392,China
6759,3,20.371186,12.36231403745585,8.008871962544152,China
6760,3,25.067647,12.831487085512661,12.23615991448734,China
6761,3,25.569231,12.938416677198678,12.63081432280132,China
6762,3,29.3,12.421394134191617,16.87860586580838,China
6763,3,32.833334,13.378068071006581,19.45526592899342,China
6764,3,17.183,12.487416003390457,4.6955839966095425,China
6765,3,29.269697,9.871458202728341,19.39823879727166,China
6766,3,26.849999,7.926439568570497,18.923559431429503,China
6767,3,31.190625,9.263142510464904,21.927482489535095,China
6768,3,32.886363,9.020391812097575,23.865971187902428,China
6769,3,30.383334,9.633778922769844,20.749555077230156,China
6770,3,24.841667,9.137497120206795,15.704169879793206,China
6771,3,15.331333,8.827849102420744,6.503483897579256,China
6772,3,23.520879,8.613239656918857,14.907639343081144,China
6773,3,15.130974,7.902934818430839,7.228039181569161,China
6774,3,12.868571,9.398161871084882,3.470409128915117,China
6775,3,25.825,8.692279380836943,17.132720619163056,China
6776,3,25.032432,11.952169097725562,13.080262902274438,China
6777,3,14.558019,11.989708275000337,2.5683107249996624,China
6778,3,14.043478,11.70720031034281,2.336277689657191,China
6779,3,27.195349,11.262198362890555,15.933150637109446,China
6780,3,21.345763,8.189474866020326,13.156288133979675,China
6781,3,18.974803,8.75382563832821,10.22097736167179,China
6782,3,28.06,8.529548094059077,19.53045190594092,China
6783,3,26.133333,8.2816242580087,17.851708741991303,China
6784,3,28.113636,8.481788384055932,19.631847615944068,China
6785,3,27.371428,8.84035394766388,18.531074052336123,China
6786,3,26.87,7.877764606258808,18.992235393741193,China
6787,3,27.46,7.7788274259707775,19.681172574029222,China
6788,3,27.128571,9.29729422731277,17.831276772687232,China
6789,3,25.433333,8.171262652108991,17.26207034789101,China
6790,3,42.510345,8.48448450316898,34.02586049683102,China
6791,3,42.010527,8.61597381041594,33.394553189584066,China
6792,3,40.33077,13.425088940512348,26.905681059487655,China
6793,3,42.949999,13.758422481274973,29.191576518725025,China
6794,3,39.022727,13.093581195406747,25.929145804593254,China
6795,3,36.95,12.926576919569978,24.023423080430025,China
6796,3,40.46875,13.234170837122043,27.234579162877957,China
6797,3,41.094117,12.464800333781856,28.62931666621814,China
6798,3,18.2575,12.68846725335986,5.56903274664014,China
6799,3,15.55,11.652373498999943,3.897626501000058,China
6800,3,18.805714,13.448237505517643,5.357476494482356,China
6801,3,16.757143,12.585388098808233,4.1717549011917665,China
6802,3,17.561111,11.882902819456474,5.6782081805435265,China
6803,3,20.123529,13.265085716638925,6.858443283361076,China
6804,3,16.379167,12.439871854224057,3.939295145775942,China
6805,3,16.335294,12.680198648794356,3.655095351205645,China
6806,3,16.026316,13.248126311571786,2.778189688428215,China
6807,3,19.694118,14.247586057471757,5.446531942528242,China
6808,3,36.620834,12.881760910856341,23.73907308914366,China
6809,3,34.97,14.124984665812676,20.845015334187323,China
6810,3,36.070001,13.572319660565608,22.49768133943439,China
6811,3,33.394737,14.131580300081053,19.263156699918945,China
6812,3,39.32,14.408622354784764,24.911377645215236,China
6813,3,25.3075,12.589515496428776,12.717984503571225,China
6814,3,31.689743,12.710889051368577,18.978853948631425,China
6815,3,17.919048,12.808128765685822,5.110919234314178,China
6816,3,17.4375,13.314815785173764,4.122684214826236,China
6817,3,16.390909,14.891384896407978,1.499524103592023,China
6818,3,15.604762,15.319596258352906,0.2851657416470932,China
6819,3,15.38,14.207169406638243,1.1728305933617573,China
6820,3,18.3,14.834399305621208,3.465600694378793,China
6821,3,20.485714,14.026758020334903,6.458955979665099,China
6822,3,18.604762,13.957486805349316,4.647275194650685,China
6823,3,16.652381,14.51220158064666,2.1401794193533377,China
6824,3,17.54375,13.72980641081704,3.8139435891829585,China
6825,3,18.311539,14.026834086466753,4.284704913533247,China
6826,3,17.3575,13.779635154259514,3.5778648457404874,China
6827,3,30.866666,13.375406336028892,17.491259663971107,China
6828,3,34.36,13.27818722477518,21.08181277522482,China
6829,3,34.405882,14.778919735321537,19.62696226467846,China
6830,3,34.674999,13.434843179416147,21.24015582058385,China
6831,3,33.98,13.623118331561827,20.35688166843817,China
6832,3,34.228947,13.32419958138969,20.904747418610306,China
6833,3,32.279487,13.599409355367227,18.680077644632775,China
6834,3,26.066667,13.006709311536193,13.059957688463806,China
6835,3,23.847143,13.212921860754857,10.634221139245142,China
6836,3,25.016667,7.353939596553964,17.662727403446038,China
6837,3,30.146809,6.857085819523871,23.28972318047613,China
6838,3,33.203333,7.1463738308596465,26.056959169140356,China
6839,3,31.082353,7.720000773014728,23.362352226985273,China
6840,3,28.527273,7.875783831336511,20.65148916866349,China
6841,3,30.309091,8.327898843957575,21.981192156042425,China
6842,3,27.667857,8.08282238930519,19.585034610694812,China
6843,3,27.038889,8.333503232741167,18.705385767258832,China
6844,3,28.15,8.40735525434693,19.742644745653067,China
6845,3,28.955556,8.495866916455503,20.459689083544497,China
6846,3,27.64,8.375329852978542,19.26467014702146,China
6847,3,12.447381,8.071046732949872,4.376334267050128,China
6848,3,11.612551,8.841218806041198,2.771332193958802,China
6849,3,11.796791,7.395369970931435,4.401421029068565,China
6850,3,35.709091,7.219191893100767,28.489899106899234,China
6851,3,28.038596,7.507163708792326,20.531432291207672,China
6852,3,24.144928,8.301255467465637,15.843672532534363,China
6853,3,28.1,8.049518578131485,20.05048142186852,China
6854,3,27.971428,8.421877091999047,19.549550908000953,China
6855,3,34.650002,8.368291045924455,26.281710954075546,China
6856,3,29.618182,8.847695473161993,20.770486526838006,China
6857,3,35.511765,9.692630230812771,25.819134769187226,China
6858,3,31.639131,8.54701640741526,23.09211459258474,China
6859,3,39.425,7.8607947871538295,31.56420521284617,China
6860,3,26.763158,9.737017658036027,17.026140341963973,China
6861,3,39.675,10.091095262224972,29.583904737775025,China
6862,3,37.58,8.076104162435795,29.5038958375642,China
6863,3,30.461538,9.151371297822052,21.31016670217795,China
6864,3,30.800001,7.791387033597363,23.00861396640264,China
6865,3,32.452381,14.440246517027429,18.012134482972574,China
6866,3,37.066667,14.617186669391213,22.44948033060879,China
6867,3,54.385714,14.503517633747528,39.88219636625247,China
6868,3,50.783333,13.84720066590872,36.93613233409128,China
6869,3,54.2,13.816394226722664,40.38360577327734,China
6870,3,52.925,13.518624969826506,39.40637503017349,China
6871,3,51.375,13.283432405495722,38.091567594504276,China
6872,3,53.97,13.202803287378552,40.76719671262145,China
6873,3,56.666666,12.733790281004685,43.93287571899531,China
6874,3,49.1,13.554138898677433,35.54586110132257,China
6875,3,53.9,12.859702211738227,41.04029778826177,China
6876,3,54.157143,10.780001872573376,43.377141127426626,China
6877,3,56.122222,11.613974351933614,44.50824764806639,China
6878,3,11.226087,11.242250278998903,0.016163278998902797,China
6879,3,15.578378,11.10690764641132,4.47147035358868,China
6880,3,12.239048,10.522657654129013,1.7163903458709875,China
6881,3,24.75641,9.630892356357544,15.125517643642455,China
6882,3,27.768966,11.597749828993331,16.17121617100667,China
6883,3,26.027273,9.80114755005773,16.226125449942273,China
6884,3,25.125,10.578759027468562,14.546240972531438,China
6885,3,22.965,11.140163252484449,11.824836747515551,China
6886,3,21.979167,11.144555200325076,10.834611799674924,China
6887,3,20.209091,11.322246408967489,8.886844591032512,China
6888,3,46.764285,13.082512856867144,33.68177214313286,China
6889,3,50.121429,11.71191829018843,38.40951070981157,China
6890,3,44.422727,8.702137059473051,35.72058994052695,China
6891,3,46.27,9.471933896238706,36.7980661037613,China
6892,3,47.25,9.054322030724126,38.19567796927588,China
6893,3,28.634783,8.674720410062745,19.96006258993725,China
6894,3,26.777778,9.582815558058398,17.194962441941605,China
6895,3,22.082609,9.205946341661365,12.876662658338637,China
6896,3,22.856542,8.913353245792216,13.943188754207785,China
6897,3,21.478049,9.296316469883962,12.181732530116037,China
6898,3,23.960204,10.414332021086777,13.545871978913224,China
6899,3,23.393277,8.37066197222594,15.02261502777406,China
6900,3,20.48125,8.65038102904958,11.83086897095042,China
6901,3,25.05625,9.623176978838774,15.433073021161224,China
6902,3,39.94,8.45922620638741,31.480773793612588,China
6903,3,43.08,9.593811731810115,33.486188268189885,China
6904,3,37.999999,8.787102704848278,29.212896295151722,China
6905,3,25.853125,8.947348796247619,16.90577620375238,China
6906,3,25.372222,9.633292665668247,15.738929334331754,China
6907,3,23.237037,9.30837592475973,13.92866107524027,China
6908,3,23.858333,9.129568926723918,14.72876407327608,China
6909,3,26.015385,8.407732897807856,17.60765210219214,China
6910,3,25.791304,9.512737734345245,16.278566265654753,China
6911,3,25.316667,11.613543993625663,13.703123006374335,China
6912,3,24.442857,11.036892999956093,13.405964000043907,China
6913,3,26.04,11.74523461167907,14.29476538832093,China
6914,3,25.421052,13.736099616953243,11.684952383046756,China
6915,3,26.933333,14.715859609084955,12.217473390915046,China
6916,3,26.7,12.61635817493482,14.083641825065179,China
6917,3,30.077778,13.933969977899562,16.143808022100437,China
6918,3,32.56,13.516591804696855,19.043408195303147,China
6919,3,32.15,13.33754375558556,18.812456244414438,China
6920,3,30.414286,14.655336845819175,15.758949154180826,China
6921,3,31.4,12.695078518008897,18.7049214819911,China
6922,3,23.2,9.903839721138477,13.296160278861523,China
6923,3,20.175,10.97024059889322,9.20475940110678,China
6924,3,19.95,10.771286443817736,9.178713556182263,China
6925,3,20.4,12.066560582358221,8.333439417641777,China
6926,3,19.90909,11.088760436809526,8.820329563190473,China
6927,3,19.4,10.823011544051601,8.576988455948397,China
6928,3,21.199999,11.526433241526274,9.673565758473725,China
6929,3,19.715789,10.198841890097244,9.516947109902757,China
6930,3,20.845455,10.203629793528346,10.641825206471655,China
6931,3,17.266666,8.528065058257901,8.7386009417421,China
6932,3,19.147619,8.181805797123001,10.965813202876998,China
6933,3,40.5,9.93605295213766,30.563947047862342,China
6934,3,32.16,8.878117232479068,23.281882767520926,China
6935,3,29.367442,9.838388563919734,19.529053436080268,China
6936,3,40.550001,8.326840858965705,32.2231601410343,China
6937,3,27.18,9.156673751446538,18.02332624855346,China
6938,3,28.769231,9.066680756934685,19.702550243065318,China
6939,3,29.85,11.605744173835593,18.24425582616441,China
6940,3,23.764286,12.718536541523289,11.04574945847671,China
6941,3,27.7,8.36496453745847,19.33503546254153,China
6942,3,26.772727,11.655175197240816,15.117551802759184,China
6943,3,23.394117,9.710199894902836,13.683917105097166,China
6944,3,30.405,9.402697905487496,21.002302094512505,China
6945,3,25.4,9.699411501533165,15.700588498466834,China
6946,3,24.505555,9.950290501779696,14.555264498220305,China
6947,3,23.94,9.951219269817106,13.988780730182896,China
6948,3,22.71,11.015452397870066,11.694547602129935,China
6949,3,31.763636,12.103604427291767,19.660031572708235,China
6950,3,34.799999,11.356409858746233,23.443589141253767,China
6951,3,36.700001,10.70861197804649,25.99138902195351,China
6952,3,33.799999,12.305768821319976,21.494230178680024,China
6953,3,36.015789,11.20977393300977,24.806015066990227,China
6954,3,45.726316,11.023042048616826,34.70327395138317,China
6955,3,49.385714,11.326138118435582,38.05957588156442,China
6956,3,48.231579,11.687496793453095,36.54408220654691,China
6957,3,47.888888,11.695439880586838,36.19344811941316,China
6958,3,47.285715,11.189754407614963,36.09596059238504,China
6959,3,48.7,9.016900989710791,39.68309901028921,China
6960,3,46.77,8.62859185012135,38.14140814987866,China
6961,3,47.840001,9.075485260515018,38.764515739484985,China
6962,3,16.936957,9.07205498884458,7.86490201115542,China
6963,3,20.511111,8.680771401488755,11.830339598511245,China
6964,3,14.234884,7.6621531375816625,6.572730862418337,China
6965,3,8.248352,8.100876283594243,0.14747571640575785,China
6966,3,17.450769,11.209304539881694,6.241464460118307,China
6967,3,20.051724,12.821025682038353,7.230698317961647,China
6968,3,18.394,11.497456148687638,6.8965438513123605,China
6969,3,3.572857,12.5900152486288,9.0171582486288,China
6970,3,2.107143,11.704831835583489,9.597688835583488,China
6971,3,11.725581,12.158228481653419,0.4326474816534187,China
6972,3,7.678125,13.528171088444061,5.850046088444062,China
6973,3,6.535938,10.867196327615803,4.331258327615803,China
6974,3,1.750459,8.01708382364347,6.266624823643469,China
6975,3,8.65,7.777850736997436,0.872149263002564,China
6976,3,2.05303,8.956167192646479,6.903137192646479,China
6977,3,13.451515,9.438127988021227,4.013387011978773,China
6978,3,14.877143,7.970639893142716,6.906503106857285,China
6979,3,4.101538,8.914024353038853,4.812486353038853,China
6980,3,3.765116,7.737745303215161,3.972629303215161,China
6981,3,2.53253,7.039481462290722,4.506951462290722,China
6982,3,1.429493,7.111814232911399,5.6823212329113995,China
6983,3,6.095918,8.219632840492595,2.123714840492595,China
6984,3,2.971591,7.880447605510153,4.908856605510153,China
6985,3,7.075,7.964264182332335,0.8892641823323348,China
6986,3,21.025,7.536417859333034,13.488582140666963,China
6987,3,22.757143,8.7524269098891,14.004716090110898,China
6988,3,23.06,7.73871241437932,15.321287585620679,China
6989,3,25.461538,9.086543413888752,16.37499458611125,China
6990,3,23.45,8.041134096666289,15.40886590333371,China
6991,3,25.673077,8.29570211649568,17.37737488350432,China
6992,3,23.158333,9.92651746216476,13.231815537835239,China
6993,3,24.9,8.1433143959444,16.756685604055598,China
6994,3,27.888235,7.497411204464172,20.39082379553583,China
6995,3,24.213513,9.193901236491255,15.019611763508744,China
6996,3,25.457143,9.021683728235443,16.435459271764557,China
6997,3,23.782609,9.931670803389437,13.850938196610564,China
6998,3,24.786667,10.764961356599626,14.021705643400376,China
6999,3,22.885714,11.985877880685724,10.899836119314276,China
7000,3,25.996154,11.20728498128595,14.78886901871405,China
7001,3,24.486207,11.586805860996979,12.899401139003022,China
7002,3,22.04,13.434005522283703,8.605994477716296,China
7003,3,24.862963,12.20302506085215,12.65993793914785,China
7004,3,28.975,12.704679999575834,16.270320000424167,China
7005,3,26.575,12.379927499563602,14.195072500436398,China
7006,3,25.632,11.826772694540029,13.805227305459972,China
7007,3,26.54375,12.133791826744295,14.409958173255704,China
7008,3,26.593333,13.49033091668498,13.10300208331502,China
7009,3,24.8,12.973904050055282,11.826095949944719,China
7010,3,32.235714,12.824463800049173,19.41125019995083,China
7011,3,32.88,11.772962541499215,21.107037458500788,China
7012,3,32.831579,12.872448205351672,19.959130794648324,China
7013,3,32.766667,11.25202972840183,21.51463727159817,China
7014,3,32.306667,12.736480144235895,19.570186855764103,China
7015,3,27.840909,12.476153790780806,15.364755209219194,China
7016,3,20.86875,12.046215507717118,8.82253449228288,China
7017,3,26.754839,8.883970439218874,17.870868560781126,China
7018,3,22.80625,8.663845915914465,14.142404084085534,China
7019,3,21.0,8.058640978021849,12.941359021978151,China
7020,3,22.582758,8.47546921247911,14.107288787520888,China
7021,3,24.9,8.395951203403008,16.50404879659699,China
7022,3,29.783333,13.871496960257897,15.911836039742102,China
7023,3,25.03,13.152086416580534,11.877913583419467,China
7024,3,30.5,13.655713753498778,16.84428624650122,China
7025,3,31.1,13.122557016444786,17.977442983555214,China
7026,3,30.55,13.543613085982615,17.006386914017384,China
7027,3,29.58,13.921403279021565,15.658596720978434,China
7028,3,31.799999,11.88659356814274,19.91340543185726,China
7029,3,30.0,13.382307997337382,16.61769200266262,China
7030,3,29.6,13.263038216444315,16.336961783555687,China
7031,3,27.157143,12.046259282343957,15.110883717656044,China
7032,3,28.695454,12.497722809477777,16.197731190522227,China
7033,3,29.571429,12.258214607878692,17.313214392121306,China
7034,3,29.89375,12.081705179055756,17.812044820944244,China
7035,3,30.105263,12.483684898279964,17.621578101720036,China
7036,3,29.16087,9.324416791260038,19.83645320873996,China
7037,3,27.127273,9.964292868918555,17.162980131081444,China
7038,3,29.342857,13.27328266498718,16.069574335012817,China
7039,3,33.0,10.797786670652968,22.202213329347032,China
7040,3,33.086842,10.076846887223956,23.00999511277604,China
7041,3,33.200001,10.439255122882546,22.760745877117454,China
7042,3,29.82,10.993100854603451,18.82689914539655,China
7043,3,31.1,10.588254590473374,20.511745409526625,China
7044,3,30.442857,11.623677410547703,18.819179589452297,China
7045,3,28.472,12.721850086866063,15.750149913133939,China
7046,3,29.717647,12.018462650319819,17.69918434968018,China
7047,3,31.34,11.641698394492229,19.698301605507773,China
7048,3,30.0,13.220802939382269,16.779197060617733,China
7049,3,29.348718,14.086251554515131,15.26246644548487,China
7050,3,28.444444,14.12538498061564,14.31905901938436,China
7051,3,30.99,13.927815310335951,17.062184689664047,China
7052,3,26.866667,13.365692366008856,13.500974633991143,China
7053,3,24.888889,12.809583580948992,12.079305419051007,China
7054,3,24.527778,13.539082576863633,10.988695423136368,China
7055,3,26.0,13.537373953527931,12.462626046472069,China
7056,3,23.933333,14.07617492513863,9.85715807486137,China
7057,3,25.44,13.7575938269484,11.682406173051602,China
7058,3,25.77,13.834983590780736,11.935016409219264,China
7059,3,25.14,13.53907078220761,11.600929217792391,China
7060,3,27.700001,14.420784097139126,13.279216902860874,China
7061,3,3.327119,13.429188881503121,10.102069881503121,China
7062,3,1.547143,13.93045182637541,12.38330882637541,China
7063,3,3.158571,13.474225963943137,10.315654963943137,China
7064,3,4.958333,12.94576331044781,7.9874303104478095,China
7065,3,3.156198,12.985326905472867,9.829128905472867,China
7066,3,3.747328,13.516678808200426,9.769350808200427,China
7067,3,38.376471,13.089287993261731,25.28718300673827,China
7068,3,34.519445,13.027190856340209,21.49225414365979,China
7069,3,35.867391,12.193296812608871,23.674094187391127,China
7070,3,41.12,12.263369831743956,28.85663016825604,China
7071,3,40.95,11.953295924543923,28.99670407545608,China
7072,3,31.211765,12.118054891699254,19.093710108300748,China
7073,3,37.730769,12.874567743322688,24.856201256677316,China
7074,3,32.819445,11.667998515765268,21.151446484234732,China
7075,3,41.099998,11.802881095472461,29.297116904527538,China
7076,3,41.099998,8.136182387468567,32.963815612531434,China
7077,3,31.377,8.160044481668931,23.21695551833107,China
7078,3,39.210811,8.764823256665158,30.44598774333484,China
7079,3,39.9,8.180254649312158,31.71974535068784,China
7080,3,29.344776,8.2183596800512,21.1264163199488,China
7081,3,34.052326,7.815628343541169,26.23669765645883,China
7082,3,41.666665,7.18080580797443,34.48585919202557,China
7083,3,33.01579,8.223711692739698,24.792078307260304,China
7084,3,28.62931,8.23220577601305,20.39710422398695,China
7085,3,19.844498,7.285308196165355,12.559189803834647,China
7086,3,32.261111,7.316725945821742,24.94438505417826,China
7087,3,20.807762,6.761233618750369,14.046528381249631,China
7088,3,12.997561,7.421661342395796,5.575899657604204,China
7089,3,16.453658,6.68639898188709,9.76725901811291,China
7090,3,19.5875,6.7125067440340445,12.874993255965954,China
7091,3,14.504196,6.84273536169362,7.66146063830638,China
7092,3,26.86,7.108473477471433,19.751526522528565,China
7093,3,26.413333,7.269120549739178,19.144212450260824,China
7094,3,26.658334,7.658300253317181,19.000033746682817,China
7095,3,26.17,8.168190319994148,18.001809680005856,China
7096,3,29.9,8.39269083867921,21.50730916132079,China
7097,3,22.644444,7.902984343837547,14.741459656162453,China
7098,3,16.433333,7.8565795249830686,8.576753475016933,China
7099,3,14.54,8.075871261587247,6.464128738412752,China
7100,3,13.928571,9.113502621101702,4.815068378898298,China
7101,3,16.975,8.496773335787756,8.478226664212245,China
7102,3,24.157576,8.49739581136346,15.66018018863654,China
7103,3,15.85,7.749615257127844,8.100384742872155,China
7104,3,9.857447,8.434219841344563,1.423227158655438,China
7105,3,8.127869,7.754474638483769,0.3733943615162314,China
7106,3,12.019424,8.362939695969587,3.656484304030414,China
7107,3,10.160802,8.444422557520085,1.7163794424799157,China
7108,3,8.839832,8.220595904959735,0.6192360950402644,China
7109,3,11.981609,7.983598702229008,3.9980102977709926,China
7110,3,12.217886,8.658426565362227,3.5594594346377733,China
7111,3,59.216667,7.858670283266833,51.35799671673317,China
7112,3,60.05,8.62319615242512,51.426803847574874,China
7113,3,64.366666,11.019495787083727,53.34717021291627,China
7114,3,61.55,10.301142978603362,51.24885702139663,China
7115,3,60.466666,11.772788471330472,48.693877528669525,China
7116,3,60.0,11.417979298628307,48.58202070137169,China
7117,3,65.0,8.688277832712405,56.3117221672876,China
7118,3,60.099999,9.3985067827469,50.7014922172531,China
7119,3,59.18,9.741203921522963,49.43879607847704,China
7120,3,60.866667,8.893549162637116,51.973117837362885,China
7121,3,60.275001,7.877718461494384,52.39728253850562,China
7122,3,57.200001,8.691826126660338,48.50817487333966,China
7123,3,58.049999,8.03956809558282,50.01043090441718,China
7124,3,40.913333,7.6973389966754695,33.21599400332453,China
7125,3,58.475,8.587651210841457,49.887348789158544,China
7126,3,51.988235,11.080993032040508,40.90724196795949,China
7127,3,63.89,11.723973076230642,52.16602692376936,China
7128,3,30.895455,10.809419549397212,20.086035450602786,China
7129,3,26.733333,11.228333287623553,15.504999712376446,China
7130,3,36.48,11.605426127890713,24.874573872109284,China
7131,3,22.110526,10.61338114158369,11.497144858416311,China
7132,3,21.05,11.746395477475433,9.303604522524568,China
7133,3,26.345454,10.643691731900827,15.701762268099174,China
7134,3,24.856667,11.098646368158827,13.758020631841175,China
7135,3,20.706452,11.201571855184445,9.504880144815553,China
7136,3,26.851724,12.008173650399698,14.843550349600303,China
7137,3,31.77931,10.748120582237044,21.031189417762953,China
7138,3,23.163636,11.350021032394217,11.813614967605783,China
7139,3,37.200001,10.78265035256361,26.41735064743639,China
7140,3,22.621951,10.978889402330845,11.643061597669154,China
7141,3,28.6,10.890395673543265,17.709604326456734,China
7142,3,26.642857,10.848573552928155,15.794283447071845,China
7143,3,41.950001,12.341200607820141,29.60880039217986,China
7144,3,24.575862,10.210562040687712,14.365299959312289,China
7145,3,25.944444,11.929214392768444,14.015229607231557,China
7146,3,35.5,10.25110059191632,25.24889940808368,China
7147,3,37.06,11.72255102262426,25.337448977375743,China
7148,3,35.883334,11.736188301979015,24.147145698020985,China
7149,3,52.82,11.829237990481564,40.990762009518434,China
7150,3,58.727273,11.883455849974816,46.84381715002518,China
7151,3,54.427778,12.780673554409503,41.6471044455905,China
7152,3,54.975,12.851279047603429,42.123720952396575,China
7153,3,52.991666,12.709421866117411,40.28224413388259,China
7154,3,59.1,9.071646979267912,50.02835302073209,China
7155,3,54.98,10.644805736446072,44.33519426355392,China
7156,3,58.825,10.795895312106257,48.02910468789375,China
7157,3,56.96,8.520830857689656,48.43916914231035,China
7158,3,55.459937,10.92956432198808,44.530372678011915,China
7159,3,93.533333,9.191340967641203,84.3419920323588,China
7160,3,18.529227,8.858322925516656,9.670904074483342,China
7161,3,84.114789,10.838374701374399,73.27641429862561,China
7162,3,56.143478,10.064634611411737,46.07884338858827,China
7163,3,81.996169,9.550281631434645,72.44588736856535,China
7164,3,48.883375,9.794424786867719,39.08895021313228,China
7165,3,62.994416,12.28483330439077,50.70958269560923,China
7166,3,45.900002,11.226376986259783,34.67362501374022,China
7167,3,43.641667,11.553324738902392,32.08834226109761,China
7168,3,40.347059,11.824761829626972,28.52229717037303,China
7169,3,42.009091,12.178099940617829,29.83099105938217,China
7170,3,40.490909,11.63914733469945,28.85176166530055,China
7171,3,42.247619,11.77887677461225,30.46874222538775,China
7172,3,45.900002,11.5699093475112,34.3300926524888,China
7173,3,44.1,11.550715275423952,32.54928472457605,China
7174,3,46.299999,9.470502648188154,36.82949635181185,China
7175,3,24.6125,11.26808740608026,13.34441259391974,China
7176,3,24.632,8.033838899437832,16.59816110056217,China
7177,3,23.313043,10.32689803832745,12.98614496167255,China
7178,3,24.586111,9.809570656822268,14.77654034317773,China
7179,3,23.2875,10.81881067543774,12.468689324562261,China
7180,3,24.512195,9.629195384383747,14.882999615616251,China
7181,3,24.123809,9.847691149852931,14.27611785014707,China
7182,3,25.991666,12.096663358731782,13.895002641268217,China
7183,3,23.108572,13.16309828665553,9.94547371334447,China
7184,3,23.721429,12.84127953466517,10.880149465334831,China
7185,3,26.539394,13.529066280892458,13.010327719107543,China
7186,3,23.963889,13.69369545158561,10.270193548414392,China
7187,3,24.528572,13.459331442169649,11.069240557830351,China
7188,3,24.815789,10.697361403890415,14.118427596109584,China
7189,3,23.044827,10.808829444389444,12.235997555610558,China
7190,3,23.7,11.109350608284307,12.590649391715692,China
7191,3,21.663637,13.100083102320657,8.563553897679345,China
7192,3,59.13,12.746369429623815,46.383630570376184,China
7193,3,55.749999,13.122620424642452,42.627378575357554,China
7194,3,20.505455,12.72391065213702,7.781544347862981,China
7195,3,19.545122,12.39142254791034,7.1536994520896595,China
7196,3,21.695,12.799170310467611,8.89582968953239,China
7197,3,27.831818,14.210223625464657,13.621594374535341,China
7198,3,30.576923,14.319622257098192,16.25730074290181,China
7199,3,27.241379,13.486500141032838,13.75487885896716,China
7200,3,30.346667,13.335854791918308,17.010812208081692,China
7201,3,13.768889,14.687110153560022,0.9182211535600224,China
7202,3,21.690909,12.591211520418998,9.099697479581003,China
7203,3,15.190674,13.318083955280033,1.872590044719967,China
7204,3,15.12,12.296744630839253,2.823255369160746,China
7205,3,19.466355,11.762561821927592,7.703793178072408,China
7206,3,14.833971,11.181817797907827,3.6521532020921725,China
7207,3,64.771429,10.350772031377105,54.42065696862289,China
7208,3,52.5125,11.564223777584019,40.948276222415984,China
7209,3,55.727272,12.20156161299717,43.52571038700283,China
7210,3,56.9,8.027540343221292,48.87245965677871,China
7211,3,53.372727,8.167919795417056,45.20480720458294,China
7212,3,63.7,8.134177945416816,55.56582205458319,China
7213,3,57.453847,12.044711194122362,45.40913580587764,China
7214,3,56.08,12.342558388444166,43.73744161155583,China
7215,3,55.8,11.964792412195017,43.83520758780498,China
7216,3,54.922223,11.439260090655203,43.4829629093448,China
7217,3,56.02,9.299355888232142,46.72064411176786,China
7218,3,34.116666,8.95452423915433,25.16214176084567,China
7219,3,36.458824,10.318488251223268,26.14033574877673,China
7220,3,36.556,9.146543037737155,27.409456962262844,China
7221,3,39.1,9.354327711109386,29.745672288890617,China
7222,3,38.385,9.222379185304552,29.162620814695444,China
7223,3,37.699999,11.360097481141871,26.339901518858127,China
7224,3,36.042858,9.855517195316157,26.187340804683846,China
7225,3,41.950001,11.557617873883338,30.392383126116663,China
7226,3,41.099998,11.503630883964526,29.596367116035474,China
7227,3,40.300001,10.504823290863149,29.79517770913685,China
7228,3,32.107692,11.201624301857318,20.90606769814268,China
7229,3,25.95,11.998569325386537,13.951430674613462,China
7230,3,39.018181,11.046894537171356,27.971286462828644,China
7231,3,25.62353,9.538684818215053,16.084845181784946,China
7232,3,23.742424,9.82493220308099,13.917491796919009,China
7233,3,34.354838,9.878489469755257,24.476348530244742,China
7234,3,21.952941,12.407337238555765,9.545603761444234,China
7235,3,30.053571,12.703940889049562,17.34963011095044,China
7236,3,25.847619,12.488630863533936,13.358988136466065,China
7237,3,22.316667,12.725600286614576,9.591066713385423,China
7238,3,31.84,12.94524100700599,18.89475899299401,China
7239,3,22.825926,11.694502057123657,11.131423942876342,China
7240,3,32.328572,12.829347457966811,19.49922454203319,China
7241,3,21.44,12.32515969811674,9.11484030188326,China
7242,3,26.956757,12.21007993950032,14.74667706049968,China
7243,3,31.05,12.483380811089829,18.566619188910174,China
7244,3,26.341935,12.183658846204953,14.158276153795047,China
7245,3,31.408333,13.037938021736261,18.37039497826374,China
7246,3,32.806896,12.95625299240017,19.85064300759983,China
7247,3,31.32,12.503580533953786,18.816419466046213,China
7248,3,23.114,12.946684557441912,10.167315442558088,China
7249,3,29.314286,12.479936654567743,16.83434934543226,China
7250,3,36.699999,13.223840256767451,23.476158743232546,China
7251,3,13.361482,12.592621756839806,0.7688602431601943,China
7252,3,18.769159,13.353303314354582,5.4158556856454165,China
7253,3,15.006684,13.359052549440943,1.6476314505590572,China
7254,3,13.231825,13.311486650759285,0.07966165075928444,China
7255,3,15.670485,13.227854899046832,2.442630100953167,China
7256,3,14.545802,13.283442783036772,1.2623592169632278,China
7257,3,21.021052,11.806234867414837,9.214817132585164,China
7258,3,16.5375,13.22441880312174,3.3130811968782616,China
7259,3,15.040945,8.93162126912277,6.109323730877231,China
7260,3,13.635294,8.936762287112574,4.698531712887426,China
7261,3,13.850209,8.769173027082447,5.081035972917553,China
7262,3,14.788081,8.295169698339247,6.492911301660753,China
7263,3,12.937313,9.45787157367474,3.479441426325259,China
7264,3,27.408571,9.799096757884426,17.609474242115574,China
7265,3,35.155555,7.403293284190274,27.752261715809727,China
7266,3,42.199999,8.329987391174352,33.87001160882565,China
7267,3,32.24,9.332656533540456,22.907343466459544,China
7268,3,30.810345,8.266130001602123,22.544214998397877,China
7269,3,34.533334,9.912892701854592,24.620441298145412,China
7270,3,26.706667,11.046560212500426,15.660106787499574,China
7271,3,34.586667,9.778474159137827,24.80819284086217,China
7272,3,36.611112,8.487765011180363,28.123346988819634,China
7273,3,40.366666,9.788554393069143,30.57811160693086,China
7274,3,36.383333,9.29490732973101,27.08842567026899,China
7275,3,30.322222,7.428153971794922,22.894068028205076,China
7276,3,31.416667,9.410910004378684,22.00575699562132,China
7277,3,29.62,8.39325980972472,21.22674019027528,China
7278,3,30.545833,8.668527796860852,21.877305203139144,China
7279,3,30.025,9.298278868205003,20.726721131794996,China
7280,3,29.628571,8.364651275838675,21.263919724161326,China
7281,3,29.363158,9.582763766239873,19.780394233760127,China
7282,3,27.0,8.67989043828057,18.32010956171943,China
7283,3,30.014286,7.504446167998616,22.509839832001383,China
7284,3,29.468421,9.418946760874782,20.049474239125217,China
7285,3,28.17193,9.595952709811263,18.57597729018874,China
7286,3,28.66129,8.918039572913113,19.74325042708689,China
7287,3,42.76875,10.816533332235657,31.95221666776434,China
7288,3,42.89,11.522011041520578,31.367988958479422,China
7289,3,45.846154,8.948279082270183,36.897874917729816,China
7290,3,42.658333,8.84784528263501,33.81048771736499,China
7291,3,41.878571,9.838532920225878,32.04003807977412,China
7292,3,45.825,13.249174770531523,32.57582522946848,China
7293,3,40.084615,12.184216149624543,27.900398850375456,China
7294,3,50.450001,12.702605971247747,37.74739502875225,China
7295,3,55.599998,12.980978295540906,42.61901970445909,China
7296,3,49.730769,12.761011142228243,36.96975785777176,China
7297,3,45.4,12.924822502758222,32.47517749724177,China
7298,3,48.47,13.197406638376297,35.272593361623706,China
7299,3,49.700001,12.326297185674722,37.37370381432528,China
7300,3,48.599998,12.822918054165571,35.77707994583443,China
7301,3,34.813333,12.450296738592485,22.363036261407515,China
7302,3,41.164706,11.83455336825369,29.330152631746312,China
7303,3,39.049999,13.228979078774955,25.821019921225044,China
7304,3,26.819047,13.50006160739433,13.318985392605672,China
7305,3,30.305714,13.46312945490931,16.842584545090688,China
7306,3,35.399999,13.671866722620019,21.728132277379984,China
7307,3,37.992308,12.684181024829558,25.308126975170445,China
7308,3,24.75,14.005030737703681,10.744969262296319,China
7309,3,31.409524,12.63513887659895,18.774385123401053,China
7310,3,32.7,12.776707399324092,19.92329260067591,China
7311,3,10.364615,12.340213250814362,1.975598250814361,China
7312,3,24.085715,12.650999166135131,11.43471583386487,China
7313,3,18.77,12.237222136539762,6.532777863460238,China
7314,3,13.19697,13.05231272953029,0.1446572704697111,China
7315,3,23.793333,12.43155331293763,11.36177968706237,China
7316,3,24.06,12.304319350656554,11.755680649343445,China
7317,3,24.947619,11.962608730736392,12.985010269263608,China
7318,3,22.200001,11.152585137050412,11.047415862949588,China
7319,3,21.69,10.561320135071616,11.128679864928385,China
7320,3,22.115,10.900990018827049,11.21400998117295,China
7321,3,23.933333,11.885933450246647,12.047399549753354,China
7322,3,37.028572,10.343511034607737,26.68506096539226,China
7323,3,42.549999,9.827434617690926,32.72256438230907,China
7324,3,33.948276,10.606490975305885,23.341785024694115,China
7325,3,24.772,10.99294042989099,13.779059570109009,China
7326,3,23.807692,11.340251140025842,12.467440859974158,China
7327,3,20.97,11.00863480324242,9.961365196757578,China
7328,3,22.99,11.58881245465064,11.401187545349359,China
7329,3,23.133333,10.737545172658226,12.395787827341774,China
7330,3,27.799999,11.01549958440454,16.784499415595462,China
7331,3,27.0,8.96144326542689,18.03855673457311,China
7332,3,25.171429,9.174650181164912,15.996778818835088,China
7333,3,22.84537,8.172927441168891,14.672442558831108,China
7334,3,26.8275,8.2638871091448,18.5636128908552,China
7335,3,27.3,9.878289985613991,17.421710014386008,China
7336,3,25.866667,10.504117328868258,15.362549671131742,China
7337,3,26.64,10.421599293784894,16.218400706215107,China
7338,3,25.885526,10.672563988605962,15.212962011394037,China
7339,3,28.3,10.502695813651835,17.797304186348164,China
7340,3,30.61,9.354528467837708,21.25547153216229,China
7341,3,29.936364,9.813146106758923,20.123217893241076,China
7342,3,33.58,10.755205852564893,22.824794147435107,China
7343,3,23.338462,10.612636188121847,12.725825811878153,China
7344,3,27.85,11.238121220108216,16.611878779891786,China
7345,3,24.514815,10.94964261042822,13.565172389571778,China
7346,3,27.526087,10.242135320641864,17.283951679358136,China
7347,3,26.882353,8.5180073274995,18.364345672500498,China
7348,3,31.816666,9.666830057328474,22.14983594267153,China
7349,3,32.39,11.372623037134995,21.017376962865008,China
7350,3,27.142308,7.620275755071173,19.522032244928827,China
7351,3,27.947369,7.246139131399314,20.701229868600684,China
7352,3,36.3,7.428691481012796,28.8713085189872,China
7353,3,33.6875,7.87634542553137,25.81115457446863,China
7354,3,28.9,7.622604691577098,21.2773953084229,China
7355,3,32.833333,7.619803554165941,25.213529445834062,China
7356,3,30.762791,7.666419426102386,23.096371573897613,China
7357,3,30.836538,7.619514642743237,23.217023357256764,China
7358,3,31.059259,7.52462163905675,23.53463736094325,China
7359,3,26.638571,10.480277712525302,16.1582932874747,China
7360,3,27.231944,10.366926930337137,16.865017069662862,China
7361,3,48.436364,10.973018763894427,37.46334523610557,China
7362,3,56.050001,9.796522656719548,46.253478343280456,China
7363,3,55.916666,11.047953929912127,44.868712070087874,China
7364,3,43.607693,10.00016831940121,33.607524680598786,China
7365,3,49.849998,11.136027901239242,38.713970098760754,China
7366,3,54.6875,12.718566713651043,41.96893328634896,China
7367,3,54.781818,11.614482634621398,43.167335365378605,China
7368,3,47.400002,10.367135069950233,37.032866930049764,China
7369,3,56.4,11.15245856789026,45.24754143210974,China
7370,3,50.041176,10.758189977431032,39.28298602256897,China
7371,3,58.781818,11.800492815090621,46.98132518490938,China
7372,3,64.15,9.871897733469229,54.27810226653078,China
7373,3,60.6625,9.657782321499113,51.00471767850089,China
7374,3,55.442857,9.553739065189141,45.889117934810855,China
7375,3,56.888889,9.71783050025791,47.17105849974209,China
7376,3,61.144444,10.833904958702348,50.31053904129765,China
7377,3,62.85,9.560301689817338,53.289698310182665,China
7378,3,52.366667,9.829820037027265,42.53684696297273,China
7379,3,55.45,10.425888447849001,45.024111552151,China
7380,3,56.736363,10.105883316578154,46.63047968342184,China
7381,3,50.72,10.996447194881041,39.723552805118956,China
7382,3,39.6,10.312385480103098,29.287614519896906,China
7383,3,39.171428,11.723950320822137,27.44747767917786,China
7384,3,35.82,10.677868445126467,25.142131554873533,China
7385,3,36.071427,10.320150566533751,25.75127643346625,China
7386,3,35.15,10.641526571903814,24.508473428096185,China
7387,3,38.3875,10.902874183126485,27.484625816873518,China
7388,3,20.793333,10.127746700862964,10.665586299137036,China
7389,3,22.260204,10.218221770053676,12.041982229946326,China
7390,3,27.036842,11.177450131920853,15.859391868079147,China
7391,3,24.86,11.68915894667597,13.170841053324029,China
7392,3,20.343421,11.61537511363376,8.728045886366239,China
7393,3,26.6,11.83045834782263,14.769541652177372,China
7394,3,26.124138,11.461469556633581,14.662668443366417,China
7395,3,29.708163,11.986736781363591,17.72142621863641,China
7396,3,27.25,12.437150065102333,14.812849934897667,China
7397,3,28.8,12.603064385518993,16.196935614481006,China
7398,3,30.6,11.527618716094805,19.072381283905194,China
7399,3,29.314286,10.811486043421453,18.502799956578546,China
7400,3,30.05,11.431440281874863,18.618559718125137,China
7401,3,26.046429,12.201792806549122,13.844636193450878,China
7402,3,28.62,8.56196476287779,20.058035237122212,China
7403,3,58.78,10.478467469689951,48.30153253031005,China
7404,3,50.97,8.793202054805853,42.176797945194146,China
7405,3,58.400002,9.073956722573467,49.32604527742653,China
7406,3,59.64,8.699931434957238,50.940068565042765,China
7407,3,58.74,9.07563561042464,49.66436438957536,China
7408,3,60.616667,7.721159965239609,52.89550703476039,China
7409,3,58.625,8.76105074950127,49.86394925049873,China
7410,3,56.287499,8.750303359614836,47.537195640385164,China
7411,3,54.099998,8.476271557538487,45.62372644246151,China
7412,3,21.891667,7.680806601114084,14.210860398885917,China
7413,3,29.483333,7.751256966942912,21.732076033057087,China
7414,3,25.675,8.319291925771724,17.355708074228275,China
7415,3,24.125,7.557780389636125,16.567219610363875,China
7416,3,29.0,8.265080418162063,20.734919581837936,China
7417,3,24.486207,8.420373133590878,16.065833866409122,China
7418,3,22.010417,10.454083311232951,11.55633368876705,China
7419,3,25.282353,10.804592719764331,14.47776028023567,China
7420,3,27.96,9.281594049891154,18.678405950108846,China
7421,3,30.514286,10.020269696403824,20.494016303596176,China
7422,3,22.163636,9.476085811710902,12.687550188289098,China
7423,3,28.116667,8.909284168605481,19.20738283139452,China
7424,3,24.092857,8.664429912647979,15.42842708735202,China
7425,3,29.815384,11.16184243432836,18.65354156567164,China
7426,3,26.511111,11.426177969124502,15.084933030875497,China
7427,3,36.847369,10.740242200859669,26.10712679914033,China
7428,3,37.279311,11.20974288689985,26.06956811310015,China
7429,3,38.909375,11.70157114076602,27.207803859233977,China
7430,3,43.224999,12.237987817080466,30.98701118291953,China
7431,3,34.870833,11.751730387442645,23.119102612557352,China
7432,3,49.099998,11.760673836025576,37.339324163974425,China
7433,3,42.59,13.055114799717343,29.53488520028266,China
7434,3,29.482353,11.382168091674714,18.100184908325286,China
7435,3,39.532,11.609076971913751,27.922923028086245,China
7436,3,39.21,10.015247670694354,29.194752329305647,China
7437,3,44.03,9.869095603931768,34.16090439606823,China
7438,3,29.395455,9.81736075300192,19.578094246998077,China
7439,3,44.522223,9.160331189346195,35.3618918106538,China
7440,3,43.245454,9.018272170883447,34.22718182911655,China
7441,3,44.727273,9.193038188185998,35.534234811814,China
7442,3,45.2875,9.711764923849978,35.575735076150025,China
7443,3,37.469565,11.009794280713358,26.459770719286645,China
7444,3,41.941666,11.412229452414786,30.529436547585213,China
7445,3,31.372223,10.930333882396,20.441889117604,China
7446,3,41.725,10.26963199914908,31.45536800085092,China
7447,3,37.766667,10.017427575639555,27.749239424360443,China
7448,3,31.140909,12.445239788565221,18.69566921143478,China
7449,3,47.075,10.306610779823975,36.768389220176026,China
7450,3,52.5,11.205345844340773,41.29465415565923,China
7451,3,41.075757,9.921183526883139,31.154573473116862,China
7452,3,47.895,7.751862800098223,40.14313719990178,China
7453,3,48.706977,9.980581926720577,38.72639507327943,China
7454,3,44.886364,9.264617412490425,35.62174658750958,China
7455,3,46.391667,8.770407881031536,37.62125911896846,China
7456,3,46.125807,10.067665446344671,36.05814155365533,China
7457,3,44.809091,10.896572446338451,33.91251855366155,China
7458,3,45.249999,11.148692876214353,34.10130612378565,China
7459,3,46.6,8.687803370569544,37.912196629430454,China
7460,3,43.200001,10.629964033953467,32.57003696604653,China
7461,3,41.245,10.401554639617265,30.84344536038273,China
7462,3,28.38,10.169525565614311,18.210474434385688,China
7463,3,26.007143,7.935884271344264,18.071258728655735,China
7464,3,27.565,9.822014737814122,17.74298526218588,China
7465,3,31.8625,9.415138835641889,22.447361164358114,China
7466,3,38.263636,8.617838555359656,29.645797444640344,China
7467,3,36.083335,8.860940033362944,27.222394966637054,China
7468,3,36.9,8.956246694785635,27.943753305214365,China
7469,3,33.7,9.686148206640743,24.013851793359258,China
7470,3,33.638462,8.804811542668295,24.8336504573317,China
7471,3,30.238461,9.787439153106545,20.451021846893454,China
7472,3,27.478788,8.829950304030694,18.648837695969306,China
7473,3,35.050001,7.579796220782606,27.470204779217397,China
7474,3,29.133333,12.341154525833096,16.792178474166903,China
7475,3,30.822222,11.954040763551646,18.868181236448354,China
7476,3,27.381063,12.980274912817512,14.40078808718249,China
7477,3,35.74375,13.18985657981007,22.55389342018993,China
7478,3,29.812851,12.62076308293252,17.19208791706748,China
7479,3,31.008671,11.350133199061949,19.65853780093805,China
7480,3,23.67242,10.639006744207704,13.033413255792295,China
7481,3,28.961538,9.67974976590366,19.28178823409634,China
7482,3,29.019858,11.28779611383293,17.732061886167067,China
7483,3,76.681865,10.891733125492735,65.79013187450727,China
7484,3,80.15,10.613692747444587,69.53630725255542,China
7485,3,88.134862,9.990310009727887,78.1445519902721,China
7486,3,74.166316,12.429711422636428,61.736604577363565,China
7487,3,65.605714,10.589035623806739,55.01667837619327,China
7488,3,87.752175,10.977863682229328,76.77431131777067,China
7489,3,8.94263,10.851289929797156,1.9086599297971567,China
7490,3,28.698976,11.78763178412217,16.91134421587783,China
7491,3,70.194285,11.379358944158003,58.814926055841994,China
7492,3,87.127273,10.289468144342097,76.83780485565791,China
7493,3,79.745454,10.823403354124085,68.92205064587591,China
7494,3,80.833846,10.660628084253592,70.1732179157464,China
7495,3,58.799999,10.418502948335917,48.38149605166409,China
7496,3,57.933333,10.91033368417866,47.02299931582134,China
7497,3,56.142858,11.691840565389365,44.451017434610634,China
7498,3,53.772727,12.43749566073198,41.33523133926802,China
7499,3,54.000001,10.131028903004418,43.86897209699558,China
7500,3,53.523077,10.553145051764096,42.9699319482359,China
7501,3,55.046667,11.238414641358366,43.80825235864163,China
7502,3,24.201111,9.549931199548706,14.651179800451295,China
7503,3,30.416535,8.360044412228742,22.056490587771258,China
7504,3,23.727016,9.578142223455655,14.148873776544344,China
7505,3,49.130061,8.198975987573867,40.93108501242613,China
7506,3,28.422727,7.668085108029457,20.754641891970543,China
7507,3,22.022222,6.540029963912887,15.482192036087113,China
7508,3,23.383333,9.21344763098303,14.16988536901697,China
7509,3,20.494118,7.492863157228175,13.001254842771825,China
7510,3,18.728571,10.795658863201114,7.932912136798885,China
7511,3,24.314286,11.987808552636043,12.326477447363956,China
7512,3,21.836364,10.377521237105874,11.458842762894125,China
7513,3,16.765,12.80105116264468,3.9639488373553213,China
7514,3,21.535294,12.295378774196198,9.239915225803802,China
7515,3,22.445454,12.277165470729255,10.168288529270747,China
7516,3,18.970588,9.051054887804264,9.919533112195735,China
7517,3,22.522222,10.313726185955172,12.208495814044827,China
7518,3,22.115385,12.793448402666533,9.321936597333467,China
7519,3,8.966667,11.535053731083314,2.568386731083315,China
7520,3,5.575,12.136009089751548,6.561009089751548,China
7521,3,2.098901,10.998756293992757,8.899855293992758,China
7522,3,4.666667,11.228071532740064,6.561404532740063,China
7523,3,4.085714,11.270358276860277,7.1846442768602765,China
7524,3,2.560377,11.689674681209775,9.129297681209774,China
7525,3,3.483871,11.520209310838128,8.036338310838127,China
7526,3,8.15625,11.489064843884966,3.3328148438849663,China
7527,3,51.740909,10.743854126618865,40.99705487338114,China
7528,3,32.071428,11.456004656208428,20.61542334379157,China
7529,3,28.522727,9.448285049009597,19.074441950990405,China
7530,3,31.24,9.508675735096745,21.731324264903254,China
7531,3,32.142857,9.958116274317861,22.18474072568214,China
7532,3,28.395,9.623132219722095,18.771867780277905,China
7533,3,30.7,10.014947511276983,20.685052488723016,China
7534,3,36.099998,13.872966173080224,22.227031826919777,China
7535,3,34.900002,12.17236677958254,22.72763522041746,China
7536,3,30.204167,12.32151203033218,17.882654969667822,China
7537,3,32.35,12.772903728259704,19.577096271740295,China
7538,3,29.0,11.929745454037226,17.070254545962776,China
7539,3,33.1,12.22725400565927,20.872745994340733,China
7540,3,27.442623,13.11064681369514,14.33197618630486,China
7541,3,28.084848,13.151110542723321,14.93373745727668,China
7542,3,48.185715,11.764828608862619,36.42088639113739,China
7543,3,57.9125,11.597700921617808,46.314799078382194,China
7544,3,47.15,12.409349276169825,34.74065072383017,China
7545,3,58.7875,13.063471725798127,45.72402827420187,China
7546,3,50.425,11.753115993377174,38.671884006622825,China
7547,3,47.22,10.48673734934599,36.73326265065401,China
7548,3,48.133333,9.271931390452668,38.86140160954733,China
7549,3,60.554546,7.502826532718556,53.051719467281444,China
7550,3,47.439999,8.714209741468737,38.725789258531265,China
7551,3,48.814286,9.450729382922175,39.363556617077826,China
7552,3,27.22,7.606266181957689,19.61373381804231,China
7553,3,33.058333,7.644102138341821,25.414230861658176,China
7554,3,35.7125,8.743036960835108,26.969463039164893,China
7555,3,25.92,10.805202941956917,15.114797058043084,China
7556,3,35.611111,12.320403032900156,23.290707967099845,China
7557,3,29.1,11.576368431461544,17.523631568538455,China
7558,3,36.64,12.745152846868995,23.894847153131003,China
7559,3,38.114286,13.197793133390096,24.916492866609904,China
7560,3,39.749999,12.43816540972773,27.311833590272272,China
7561,3,33.584615,13.53074416621918,20.05387083378082,China
7562,3,37.757143,10.719062410241646,27.03808058975835,China
7563,3,13.058333,9.266470566460187,3.791862433539812,China
7564,3,16.371428,9.278990483362382,7.09243751663762,China
7565,3,12.698148,10.870908539647527,1.827239460352473,China
7566,3,14.904348,9.270297879553878,5.634050120446123,China
7567,3,13.636842,9.632453517858249,4.004388482141751,China
7568,3,19.031579,9.81352789081262,9.21805110918738,China
7569,3,23.521429,9.09011108567376,14.431317914326241,China
7570,3,20.225806,8.836574837043688,11.38923116295631,China
7571,3,22.266667,9.134782344737193,13.131884655262809,China
7572,3,18.342105,8.375449932685509,9.966655067314491,China
7573,3,21.342857,9.138658467303216,12.204198532696783,China
7574,3,19.709524,8.874911891391102,10.834612108608896,China
7575,3,21.1375,8.819561773432273,12.317938226567726,China
7576,3,22.366666,9.24989328352423,13.116772716475769,China
7577,3,42.825,8.846310860333155,33.97868913966685,China
7578,3,44.1,9.01130119675421,35.08869880324579,China
7579,3,46.242857,9.62637647644946,36.61648052355054,China
7580,3,15.155556,11.54636247608923,3.60919352391077,China
7581,3,15.933333,12.390852034167002,3.542480965832997,China
7582,3,24.025,13.295926790287984,10.729073209712015,China
7583,3,16.446429,12.274838648598166,4.171590351401832,China
7584,3,15.237778,13.32424269845911,1.9135353015408914,China
7585,3,19.107143,13.504989780065165,5.602153219934836,China
7586,3,27.552,13.355386667923332,14.196613332076668,China
7587,3,22.925,13.728308231848176,9.196691768151824,China
7588,3,17.15,13.504866471966341,3.645133528033657,China
7589,3,11.04,13.02616989982236,1.986169899822361,China
7590,3,17.006667,13.03769593434865,3.968971065651351,China
7591,3,13.853846,12.275263183856726,1.5785828161432747,China
7592,3,15.930769,12.915633215231745,3.0151357847682547,China
7593,3,15.038095,11.608346750412878,3.4297482495871225,China
7594,3,13.10641,13.049597701183488,0.05681229881651184,China
7595,3,19.585,12.570377158168192,7.014622841831809,China
7596,3,15.35,10.534463271535987,4.8155367284640125,China
7597,3,57.242857,11.8214980105244,45.4213589894756,China
7598,3,60.514286,10.784468550811132,49.729817449188864,China
7599,3,54.500001,11.158395048705799,43.3416059512942,China
7600,3,59.354546,11.099069787413068,48.25547621258693,China
7601,3,55.166667,11.632248533484244,43.53441846651575,China
7602,3,62.409999,10.669823337487781,51.740175662512215,China
7603,3,55.554546,12.066628741519981,43.487917258480024,China
7604,3,65.061539,11.682039756391914,53.37949924360808,China
7605,3,42.086666,12.011186192991461,30.07547980700854,China
7606,3,31.733334,12.120100356266587,19.613233643733412,China
7607,3,32.5,11.988044322596199,20.5119556774038,China
7608,3,35.818518,11.942770649668784,23.875747350331213,China
7609,3,41.5,11.47754864901354,30.022451350986458,China
7610,3,31.685185,11.584775065295878,20.100409934704125,China
7611,3,32.84,12.125743924258806,20.714256075741197,China
7612,3,33.833335,12.029795053333899,21.8035399466661,China
7613,3,3.246753,12.00085801754441,8.75410501754441,China
7614,3,9.521453,12.264402596943984,2.742949596943985,China
7615,3,2.041322,11.132105164195114,9.090783164195113,China
7616,3,7.4675,10.500115655986116,3.032615655986116,China
7617,3,3.868293,10.219837992228449,6.351544992228449,China
7618,3,6.62093,11.900290357022048,5.279360357022047,China
7619,3,10.505498,11.260499087484154,0.7550010874841551,China
7620,3,28.378261,11.668957553325397,16.709303446674603,China
7621,3,20.790323,11.370267401721884,9.420055598278116,China
7622,3,26.825,11.622818878147426,15.202181121852574,China
7623,3,24.086957,12.559954171358449,11.527002828641553,China
7624,3,26.1,12.662866981474348,13.437133018525653,China
7625,3,23.810714,11.589398703401832,12.221315296598169,China
7626,3,22.393548,11.766876046707512,10.626671953292487,China
7627,3,28.021739,10.865184881822785,17.156554118177215,China
7628,3,39.711764,11.710401129957182,28.00136287004282,China
7629,3,31.72,11.278985324821335,20.441014675178664,China
7630,3,42.257143,11.941915610121127,30.31522738987887,China
7631,3,40.833333,10.953068253138632,29.88026474686137,China
7632,3,41.56,11.814858993640556,29.745141006359447,China
7633,3,51.307142,9.93963675547224,41.36750524452776,China
7634,3,56.199999,9.664134366270176,46.53586463372982,China
7635,3,45.075,9.176901158008926,35.89809884199108,China
7636,3,31.81875,10.026645084518965,21.792104915481037,China
7637,3,31.946667,9.559019445084063,22.387647554915937,China
7638,3,58.3,9.93339336113233,48.366606638867665,China
7639,3,58.03,10.321654516625761,47.70834548337424,China
7640,3,38.595238,10.559310336927032,28.035927663072968,China
7641,3,48.892857,9.7782879647267,39.1145690352733,China
7642,3,40.646154,9.504277883192238,31.141876116807765,China
7643,3,32.375,9.418788748537647,22.956211251462353,China
7644,3,30.706667,7.992798654254731,22.71386834574527,China
7645,3,29.128572,11.212833747965645,17.91573825203435,China
7646,3,31.366667,7.898987370896158,23.46767962910384,China
7647,3,27.1,8.743577685420385,18.356422314579618,China
7648,3,32.299999,9.617910096675143,22.682088903324857,China
7649,3,28.005556,9.815587427050518,18.189968572949482,China
7650,3,58.852631,13.220908376577398,45.631722623422604,China
7651,3,53.383334,14.557483303962668,38.82585069603733,China
7652,3,53.3375,14.663867037623154,38.67363296237684,China
7653,3,56.7,13.6850413681988,43.01495863180121,China
7654,3,47.4375,13.307253752432667,34.130246247567335,China
7655,3,54.875,13.170993241039957,41.70400675896004,China
7656,3,44.482353,14.374078204314905,30.108274795685098,China
7657,3,48.416667,13.764591625198747,34.65207537480125,China
7658,3,49.693333,13.201724503623426,36.49160849637658,China
7659,3,43.06,8.14796851054449,34.912031489455515,China
7660,3,53.684616,9.175014696180504,44.509601303819494,China
7661,3,47.09375,8.991008830124871,38.10274116987513,China
7662,3,34.900002,10.124912241763875,24.775089758236128,China
7663,3,35.700001,8.578776953559021,27.12122404644098,China
7664,3,31.38421,11.042268296951248,20.341941703048754,China
7665,3,31.266667,11.49737908572968,19.769287914270322,China
7666,3,35.599998,9.350734527421501,26.249263472578498,China
7667,3,31.206667,9.102263433714594,22.104403566285406,China
7668,3,27.7,8.938071741321028,18.76192825867897,China
7669,3,26.419048,11.5911451566331,14.8279028433669,China
7670,3,28.656522,11.19707111205204,17.45945088794796,China
7671,3,34.099998,8.849833288943442,25.250164711056556,China
7672,3,41.681081,10.89292264085609,30.788158359143907,China
7673,3,23.16,10.802526378928818,12.357473621071183,China
7674,3,36.788889,9.431680007382088,27.35720899261791,China
7675,3,23.833333,8.455367657147693,15.377965342852306,China
7676,3,44.048148,8.901110636847006,35.14703736315299,China
7677,3,32.785,9.13688252896113,23.648117471038866,China
7678,3,35.111765,9.646418059492898,25.4653469405071,China
7679,3,22.727778,10.77681049513748,11.95096750486252,China
7680,3,20.936842,10.29483942818214,10.642002571817859,China
7681,3,24.369697,11.508109015038126,12.861587984961872,China
7682,3,23.975,11.938141067980796,12.036858932019205,China
7683,3,22.068965,11.54569185097117,10.523273149028828,China
7684,3,21.516,11.9286881217344,9.587311878265599,China
7685,3,22.177273,11.33211995965991,10.84515304034009,China
7686,3,22.013043,10.970063788614905,11.042979211385095,China
7687,3,21.625,9.686551678170911,11.938448321829089,China
7688,3,22.31,10.713619105396194,11.596380894603804,China
7689,3,21.433333,10.53392586134889,10.89940713865111,China
7690,3,22.111111,10.721297638339594,11.389813361660407,China
7691,3,22.036,11.242055794207682,10.79394420579232,China
7692,3,18.837037,9.588445205206698,9.2485917947933,China
7693,3,21.673809,12.46067894467922,9.213130055320779,China
7694,3,21.492308,13.061868063872836,8.430439936127165,China
7695,3,20.359184,14.643286165598845,5.715897834401154,China
7696,3,19.620455,14.027154264491395,5.593300735508604,China
7697,3,20.794444,12.592225856476826,8.202218143523172,China
7698,3,20.0625,12.741091492554695,7.321408507445305,China
7699,3,38.4,13.83548396829378,24.56451603170622,China
7700,3,34.452632,13.99758582929417,20.45504617070583,China
7701,3,36.600001,13.821665101009023,22.778335898990974,China
7702,3,37.464706,12.780143671419058,24.68456232858094,China
7703,3,28.571429,12.52751603367695,16.04391296632305,China
7704,3,46.930769,11.865457232266891,35.06531176773311,China
7705,3,34.205,13.265472622520317,20.93952737747968,China
7706,3,33.292308,11.682026803397031,21.61028119660297,China
7707,3,30.621429,12.921029945141866,17.70039905485813,China
7708,3,31.596774,11.332133809640727,20.264640190359273,China
7709,3,32.073333,13.133435537876883,18.939897462123113,China
7710,3,30.722222,12.449631295190418,18.27259070480958,China
7711,3,48.416667,14.471515169937796,33.9451518300622,China
7712,3,43.35,12.329637944322576,31.020362055677424,China
7713,3,29.145454,12.810739058926764,16.334714941073237,China
7714,3,30.033333,12.538495268248424,17.494837731751574,China
7715,3,28.1,10.970478607303951,17.12952139269605,China
7716,3,33.7,11.560300023044684,22.13969997695532,China
7717,3,55.522222,11.977319510715013,43.544902489284986,China
7718,3,36.585714,11.620764688974191,24.964949311025812,China
7719,3,46.763636,10.655721648905555,36.10791435109444,China
7720,3,49.022222,10.611490778119254,38.410731221880745,China
7721,3,41.973333,12.131747896026226,29.84158510397377,China
7722,3,53.014285,11.832216530035478,41.18206846996452,China
7723,3,29.803333,11.8185147049517,17.9848182950483,China
7724,3,24.6375,9.158119132194889,15.47938086780511,China
7725,3,45.333333,10.290328793011914,35.04300420698809,China
7726,3,39.62,12.241146112983817,27.37885388701618,China
7727,3,43.40625,12.337920626386838,31.06832937361316,China
7728,3,44.049999,10.732883598489591,33.31711540151041,China
7729,3,22.264706,8.962727651395769,13.301978348604232,China
7730,3,24.117241,11.83988280802249,12.27735819197751,China
7731,3,25.245455,11.391726687701981,13.853728312298019,China
7732,3,25.566666,11.511211189916523,14.055454810083479,China
7733,3,24.578571,11.790817652605465,12.787753347394535,China
7734,3,22.495454,8.504077535995963,13.991376464004036,China
7735,3,23.4125,9.594729112632763,13.817770887367239,China
7736,3,21.977777,8.71637867314709,13.261398326852909,China
7737,3,22.833333,8.09006057737434,14.74327242262566,China
7738,3,22.252174,8.06539892340913,14.18677507659087,China
7739,3,21.791667,8.726190718918355,13.065476281081645,China
7740,3,23.175,9.262739453598432,13.91226054640157,China
7741,3,23.147368,8.416081579596236,14.731286420403764,China
7742,3,33.439999,9.217509591924578,24.222489408075422,China
7743,3,35.05,10.100235054066257,24.94976494593374,China
7744,3,28.6375,8.66618104194431,19.97131895805569,China
7745,3,34.38,8.620083181287349,25.759916818712654,China
7746,3,35.175,8.828265099426137,26.34673490057386,China
7747,3,34.033333,12.038267360997438,21.99506563900256,China
7748,3,33.39091,12.517906490393889,20.873003509606107,China
7749,3,25.071429,12.62226078618764,12.449168213812358,China
7750,3,36.974999,12.407365731701613,24.567633268298383,China
7751,3,28.075,12.355766847142853,15.719233152857147,China
7752,3,22.527273,13.006717755845882,9.520555244154119,China
7753,3,30.730769,12.887332961938895,17.843436038061103,China
7754,3,30.707143,11.72725183819227,18.97989116180773,China
7755,3,32.79,11.024739596591944,21.765260403408057,China
7756,3,29.746667,10.959691012797169,18.78697598720283,China
7757,3,27.985714,12.572988796464713,15.412725203535288,China
7758,3,20.772152,12.018535934732217,8.753616065267781,China
7759,3,28.09375,12.186577237306306,15.907172762693694,China
7760,3,27.909756,10.900274594726815,17.009481405273185,China
7761,3,23.826667,9.334736146115022,14.491930853884979,China
7762,3,25.7775,11.000783291142962,14.776716708857037,China
7763,3,22.48,11.576082986432148,10.903917013567852,China
7764,3,1.451429,10.335475043030801,8.8840460430308,China
7765,3,1.143158,11.35931854171492,10.21616054171492,China
7766,3,1.396498,10.23497843351763,8.838480433517631,China
7767,3,1.215315,11.206318499703738,9.991003499703737,China
7768,3,1.367213,10.78477806301834,9.41756506301834,China
7769,3,1.432468,12.65325262317105,11.220784623171049,China
7770,3,2.080055,11.614561311162763,9.534506311162763,China
7771,3,1.052874,11.420278906595051,10.367404906595052,China
7772,3,1.234025,10.832210369863354,9.598185369863355,China
7773,3,1.3,13.421256133851605,12.121256133851604,China
7774,3,28.214286,12.3848453359428,15.829440664057202,China
7775,3,36.799999,12.845187018733675,23.954811981266324,China
7776,3,29.758823,12.481700639516799,17.2771223604832,China
7777,3,33.8,12.845137481417744,20.954862518582253,China
7778,3,30.799999,13.737765184982205,17.062233815017795,China
7779,3,29.15,13.110431153503455,16.039568846496543,China
7780,3,33.405263,13.149572017752927,20.25569098224707,China
7781,3,34.442857,12.652975894813776,21.78988110518622,China
7782,3,33.541667,13.052909942286052,20.488757057713947,China
7783,3,32.575,13.81753427152257,18.757465728477435,China
7784,3,32.753846,12.768959801852834,19.98488619814717,China
7785,3,35.500001,13.782828885340301,21.717172114659697,China
7786,3,33.66,14.352851897678562,19.307148102321435,China
7787,3,29.641177,13.941382015123796,15.699794984876203,China
7788,3,30.646666,13.629895622161502,17.016770377838498,China
7789,3,30.163158,8.085890663686962,22.077267336313035,China
7790,3,42.800001,8.059591125284992,34.74040987471501,China
7791,3,43.577777,7.836059715927655,35.741717284072344,China
7792,3,42.223529,8.139929844069226,34.08359915593077,China
7793,3,41.446666,8.10958101606819,33.33708498393181,China
7794,3,40.525,7.976417264351112,32.548582735648885,China
7795,3,41.650002,7.392251086241303,34.2577509137587,China
7796,3,42.199999,7.504727603449315,34.69527139655068,China
7797,3,41.93,7.507642577327038,34.42235742267296,China
7798,3,30.114286,7.888512114924546,22.225773885075455,China
7799,3,30.080645,7.261613074073989,22.819031925926012,China
7800,3,28.227273,7.162917421832006,21.064355578167994,China
7801,3,27.416667,7.703897431318877,19.712769568681125,China
7802,3,27.633333,7.843475923105253,19.789857076894748,China
7803,3,26.016667,7.8612847940447494,18.155382205955252,China
7804,3,28.314286,7.887813719793451,20.426472280206546,China
7805,3,28.85625,7.533404551230609,21.322845448769392,China
7806,3,28.028571,12.206928204138201,15.821642795861798,China
7807,3,30.6,11.400191573113373,19.199808426886626,China
7808,3,28.185714,12.351598207683377,15.834115792316624,China
7809,3,28.263636,11.453633623593406,16.810002376406594,China
7810,3,21.828571,10.906704195863686,10.921866804136314,China
7811,3,21.6125,11.193179272135607,10.419320727864394,China
7812,3,19.905406,12.072319911075992,7.8330860889240075,China
7813,3,22.235714,11.490571604807117,10.745142395192884,China
7814,3,21.95,12.275100396739713,9.674899603260286,China
7815,3,22.252632,13.312231303375382,8.940400696624616,China
7816,3,20.822222,12.729822400864524,8.092399599135476,China
7817,3,21.808,12.972009987126622,8.835990012873378,China
7818,3,21.507407,12.438098538565702,9.069308461434298,China
7819,3,17.584615,13.048775858526247,4.535839141473753,China
7820,3,35.894445,12.344523443894685,23.54992155610531,China
7821,3,36.809091,12.863893657109966,23.945197342890037,China
7822,3,32.190909,13.466378594180702,18.724530405819294,China
7823,3,29.166667,10.030844660011994,19.135822339988007,China
7824,3,33.716666,11.506680865206786,22.20998513479321,China
7825,3,37.9,10.806462059718829,27.09353794028117,China
7826,3,47.14,11.02792057585712,36.11207942414288,China
7827,3,48.944,10.982778987609342,37.96122101239066,China
7828,3,39.633333,11.14192920779197,28.491403792208033,China
7829,3,35.752,11.497529690892108,24.254470309107894,China
7830,3,50.036364,11.506221434034524,38.53014256596548,China
7831,3,45.379167,13.33933254047611,32.03983445952389,China
7832,3,35.242105,13.258621288389731,21.98348371161027,China
7833,3,28.409091,13.219104373375266,15.189986626624734,China
7834,3,48.958333,13.954692682515935,35.00364031748407,China
7835,3,45.2625,12.66346707877,32.599032921230005,China
7836,3,35.840741,12.10787163244433,23.732869367555672,China
7837,3,33.483333,13.7570415069663,19.726291493033703,China
7838,3,38.3,12.413908818358571,25.886091181641426,China
7839,3,38.525,12.844629474018152,25.680370525981846,China
7840,3,40.336363,14.401489446413603,25.934873553586396,China
7841,3,34.641177,14.073085353092036,20.568091646907963,China
7842,3,22.533333,13.630465370585647,8.902867629414352,China
7843,3,31.800001,12.667223021872779,19.132777978127223,China
7844,3,23.153846,12.48711559623722,10.66673040376278,China
7845,3,30.200001,11.987209979285527,18.212791020714473,China
7846,3,23.135294,11.559643794233663,11.575650205766335,China
7847,3,22.538461,11.144143417919514,11.394317582080488,China
7848,3,27.492308,13.129700201082281,14.36260779891772,China
7849,3,30.0,11.206278031981064,18.793721968018936,China
7850,3,25.418182,11.263078774308507,14.155103225691494,China
7851,3,22.3125,12.121366029086538,10.191133970913462,China
7852,3,22.915385,11.03583909892106,11.87954590107894,China
7853,3,19.373913,9.270516007649817,10.103396992350184,China
7854,3,20.35,10.03534250110753,10.31465749889247,China
7855,3,17.184615,8.71244393157577,8.472171068424231,China
7856,3,19.327273,9.118377568919732,10.20889543108027,China
7857,3,21.918182,8.79858382295396,13.119598177046042,China
7858,3,18.527273,10.927783473703876,7.599489526296125,China
7859,3,21.016667,13.357955065520633,7.658711934479369,China
7860,3,18.395833,12.178319509272177,6.217513490727823,China
7861,3,15.01,11.962746691704147,3.0472533082958524,China
7862,3,17.054762,12.047528634279928,5.007233365720072,China
7863,3,19.711111,13.159007684714306,6.552103315285693,China
7864,3,28.6,12.706300100907185,15.893699899092816,China
7865,3,17.847059,12.76529237161766,5.081766628382342,China
7866,3,20.025,12.311556079924161,7.713443920075838,China
7867,3,25.9,13.2323138312879,12.667686168712098,China
7868,3,17.489286,12.941151885845764,4.5481341141542355,China
7869,3,39.3875,13.022369494817205,26.365130505182798,China
7870,3,38.57,13.976444001025543,24.59355599897446,China
7871,3,37.700001,13.496153442089025,24.203847557910976,China
7872,3,31.6,13.322226258129408,18.277773741870593,China
7873,3,26.8,13.24853975399071,13.55146024600929,China
7874,3,24.89,14.193238071410843,10.696761928589158,China
7875,3,33.800001,8.722796117757733,25.07720488224227,China
7876,3,30.525,10.00027782440945,20.524722175590547,China
7877,3,52.15,9.467252332265426,42.682747667734574,China
7878,3,43.512,9.136701279956336,34.375298720043666,China
7879,3,47.728571,9.241554174040656,38.487016825959344,China
7880,3,47.625,8.606233523923112,39.01876647607689,China
7881,3,54.353847,8.375896198923693,45.97795080107631,China
7882,3,53.985715,8.630261397489527,45.35545360251047,China
7883,3,23.3625,8.690016164710812,14.672483835289189,China
7884,3,23.375,9.132587297648644,14.242412702351356,China
7885,3,26.252174,8.562914548150712,17.68925945184929,China
7886,3,22.917391,10.093146245010661,12.824244754989337,China
7887,3,25.935714,10.081911456006631,15.85380254399337,China
7888,3,26.1,10.290352504710672,15.80964749528933,China
7889,3,26.246667,12.139989533658976,14.106677466341022,China
7890,3,22.25,10.182341272877949,12.067658727122051,China
7891,3,20.233334,9.250006963618889,10.98332703638111,China
7892,3,24.633333,9.343277635660757,15.290055364339244,China
7893,3,20.6,12.413958291768653,8.186041708231349,China
7894,3,21.099999,11.631990299373722,9.468008700626278,China
7895,3,32.093333,12.31271356369031,19.780619436309692,China
7896,3,23.058537,12.780432693530187,10.278104306469814,China
7897,3,27.873846,12.14170189298503,15.732144107014971,China
7898,3,27.82625,12.700440730104058,15.125809269895944,China
7899,3,29.56,13.14927562391621,16.410724376083788,China
7900,3,25.509091,12.978509178452123,12.530581821547878,China
7901,3,26.157576,12.849471140944301,13.308104859055698,China
7902,3,29.391429,8.028974125120182,21.362454874879816,China
7903,3,29.34,8.986851532577479,20.35314846742252,China
7904,3,23.9,8.38244063867921,15.517559361320789,China
7905,3,29.860784,8.17774581990555,21.68303818009445,China
7906,3,28.257895,11.247946080469353,17.00994891953065,China
7907,3,27.125,11.55990983510943,15.56509016489057,China
7908,3,25.0225,10.248732277974334,14.773767722025667,China
7909,3,25.7,10.75515123700052,14.944848762999479,China
7910,3,24.568182,10.718981655220027,13.849200344779973,China
7911,3,19.018966,12.655915847071368,6.363050152928631,China
7912,3,27.8,12.981949353102012,14.818050646897989,China
7913,3,24.175,11.85147831705384,12.323521682946161,China
7914,3,22.328205,12.07190898122923,10.25629601877077,China
7915,3,21.058333,12.21199231418393,8.84634068581607,China
7916,3,28.6,12.82214798613415,15.777852013865852,China
7917,3,23.875,12.842395994564818,11.032604005435182,China
7918,3,18.133333,9.368309468951434,8.765023531048566,China
7919,3,24.497826,9.61464630461002,14.88317969538998,China
7920,3,26.4,8.679699960698207,17.72030003930179,China
7921,3,24.304348,9.616750243891758,14.687597756108243,China
7922,3,19.44321,8.569144121649458,10.874065878350542,China
7923,3,25.962963,9.444961845955481,16.51800115404452,China
7924,3,25.055556,9.484019148698868,15.571536851301131,China
7925,3,24.582353,8.364579825148068,16.217773174851935,China
7926,3,26.033333,11.784314181827892,14.249018818172107,China
7927,3,27.892857,11.81409961953864,16.07875738046136,China
7928,3,25.12,10.901342433622462,14.218657566377539,China
7929,3,24.7,10.468693854393575,14.231306145606425,China
7930,3,26.725641,13.41685735912068,13.30878364087932,China
7931,3,24.84,14.765829921343533,10.074170078656467,China
7932,3,25.5875,14.707221499228826,10.880278500771173,China
7933,3,24.8375,14.892618884998775,9.944881115001223,China
7934,3,24.94,14.458432419620276,10.481567580379725,China
7935,3,27.883333,14.1600046921345,13.7233283078655,China
7936,3,25.55,14.285939288011239,11.264060711988762,China
7937,3,26.35625,14.468252328853003,11.887997671146996,China
7938,3,25.654839,14.586436904772325,11.068402095227674,China
7939,3,22.392308,14.162740726702067,8.229567273297933,China
7940,3,23.936364,8.871610727935373,15.064753272064628,China
7941,3,23.413044,8.237775732647156,15.175268267352843,China
7942,3,24.073333,7.8636408622621055,16.209692137737896,China
7943,3,23.261539,9.470638686204174,13.790900313795825,China
7944,3,22.891667,8.006510623129614,14.885156376870388,China
7945,3,23.280952,9.725366628796445,13.555585371203554,China
7946,3,24.4,9.521724834441894,14.878275165558104,China
7947,3,24.272414,7.982272150911214,16.290141849088787,China
7948,3,22.24,8.163340814892166,14.076659185107832,China
7949,3,25.073913,9.166030168116704,15.907882831883297,China
7950,3,24.433333,8.628823830636145,15.804509169363856,China
7951,3,21.545,7.305199353914542,14.23980064608546,China
7952,3,23.03913,8.366429569197496,14.672700430802504,China
7953,3,21.25,7.755766226999089,13.49423377300091,China
7954,3,24.325,8.78737776573826,15.53762223426174,China
7955,3,23.338461,8.120987712067155,15.217473287932844,China
7956,3,21.2125,9.401054269819625,11.811445730180374,China
7957,3,22.542857,9.692502539762506,12.850354460237496,China
7958,3,23.442857,14.369763636040435,9.073093363959565,China
7959,3,28.275758,14.333235778088579,13.942522221911421,China
7960,3,27.580952,14.32403113118373,13.25692086881627,China
7961,3,27.4,14.24263545154141,13.157364548458588,China
7962,3,27.675,14.093151291025986,13.581848708974015,China
7963,3,43.333333,14.107907539923538,29.225425460076465,China
7964,3,34.99,13.104849786677924,21.885150213322078,China
7965,3,38.799999,13.516558165410572,25.283440834589427,China
7966,3,38.955555,12.52670548511242,26.428849514887577,China
7967,3,28.35946,12.620875006198338,15.73858499380166,China
7968,3,35.049999,13.3897185902542,21.660280409745802,China
7969,3,40.199999,12.65676137980055,27.54323762019945,China
7970,3,39.415789,13.238265512553973,26.177523487446024,China
7971,3,37.547059,13.145904857322574,24.401154142677424,China
7972,3,41.061539,12.597998615943192,28.463540384056813,China
7973,3,39.7,12.897868003697587,26.802131996302414,China
7974,3,38.9,12.175203548704255,26.724796451295745,China
7975,3,42.547222,12.463266168461999,30.083955831538,China
7976,3,33.5,12.63798751520157,20.86201248479843,China
7977,3,25.76,13.777178196176179,11.982821803823823,China
7978,3,27.053846,12.359879875547318,14.693966124452682,China
7979,3,27.111111,13.748900489157403,13.362210510842598,China
7980,3,29.542308,12.642995492402896,16.899312507597102,China
7981,3,29.025,11.73282588106926,17.29217411893074,China
7982,3,26.783333,12.00512488621559,14.778208113784409,China
7983,3,25.846667,12.729575904309344,13.117091095690656,China
7984,3,26.69,12.84579008106902,13.84420991893098,China
7985,3,24.510345,12.768383033158694,11.741961966841307,China
7986,3,24.85,12.638146259353388,12.211853740646614,China
7987,3,24.01875,12.335760348825492,11.682989651174509,China
7988,3,26.722222,13.29636252942806,13.425859470571938,China
7989,3,26.565517,13.314918588650755,13.250598411349245,China
7990,3,28.611111,13.055977789407589,15.555133210592412,China
7991,3,26.121875,13.720108571215896,12.401766428784104,China
7992,3,25.0,14.336182942441166,10.663817057558834,China
7993,3,20.803571,13.921081871573442,6.88248912842656,China
7994,3,17.128571,13.987756130127812,3.140814869872189,China
7995,3,23.493333,13.920643518056192,9.572689481943808,China
7996,3,22.553571,12.563111985714503,9.990459014285499,China
7997,3,21.621428,12.195774291983767,9.425653708016235,China
7998,3,22.376923,7.930922602408467,14.446000397591535,China
7999,3,19.910526,8.537234899405894,11.373291100594107,China
8000,3,20.078261,9.086983481013672,10.99127751898633,China
8001,3,22.014286,7.995067654088372,14.019218345911627,China
8002,3,20.787097,10.140246492077893,10.646850507922107,China
8003,3,19.990476,9.965616061382935,10.024859938617066,China
8004,3,22.799999,7.852377411994812,14.947621588005187,China
8005,3,20.757143,8.59554983463707,12.161593165362929,China
8006,3,19.700001,9.28502561000187,10.41497538999813,China
8007,3,21.8,9.49516010978689,12.304839890213112,China
8008,3,23.5,10.006579219501038,13.493420780498962,China
8009,3,20.45,8.088896780814988,12.361103219185011,China
8010,3,22.184211,9.45386566447517,12.73034533552483,China
8011,3,21.9,10.288379201549711,11.611620798450287,China
8012,3,21.5,8.760934748726573,12.739065251273427,China
8013,3,20.727272,11.176182772075828,9.551089227924171,China
8014,3,4.3928,10.909387572147514,6.516587572147514,China
8015,3,11.36,11.492704017371143,0.13270401737114312,China
8016,3,21.222641,11.259245591931597,9.963395408068402,China
8017,3,19.439231,12.545005135695508,6.894225864304492,China
8018,3,18.313889,11.194544558153348,7.119344441846652,China
8019,3,19.941463,12.446039411386057,7.495423588613942,China
8020,3,8.936111,11.8981356853049,2.9620246853049004,China
8021,3,13.612963,7.689854336120396,5.923108663879605,China
8022,3,8.661364,7.536701083595696,1.1246629164043052,China
8023,3,2.697333,7.8015378084172475,5.104204808417247,China
8024,3,20.891892,8.196645873173988,12.69524612682601,China
8025,3,5.657143,7.550973867640653,1.893830867640653,China
8026,3,7.668571,7.921476550587467,0.25290555058746733,China
8027,3,11.622609,8.210486953820253,3.412122046179748,China
8028,3,12.469231,7.583073336332063,4.886157663667937,China
8029,3,2.519549,12.101790059749082,9.582241059749082,China
8030,3,23.076923,11.705530912167916,11.371392087832085,China
8031,3,7.054569,12.590120228142553,5.535551228142553,China
8032,3,43.2,13.695373051999738,29.504626948000265,China
8033,3,40.088889,12.086896296003092,28.001992703996912,China
8034,3,45.447369,12.614847981658869,32.83252101834113,China
8035,3,43.485714,13.085561361932495,30.400152638067507,China
8036,3,48.666667,12.66118815477026,36.00547884522974,China
8037,3,34.606452,12.546754492888525,22.059697507111473,China
8038,3,26.022857,9.000835374218232,17.02202162578177,China
8039,3,38.258824,9.644081458584678,28.614742541415318,China
8040,3,44.400002,8.967137311668186,35.43286468833182,China
8041,3,42.241667,9.795446459890343,32.44622054010966,China
8042,3,21.435294,8.64862922418733,12.78666477581267,China
8043,3,21.752941,8.580584184437903,13.172356815562097,China
8044,3,22.177273,7.971797024637967,14.205475975362033,China
8045,3,25.475,8.972175099026941,16.50282490097306,China
8046,3,23.146667,8.29645219682924,14.850214803170761,China
8047,3,22.235,8.569522913189065,13.665477086810935,China
8048,3,22.88125,8.239820701878923,14.641429298121079,China
8049,3,24.55,9.2763654664511,15.2736345335489,China
8050,3,23.485714,6.90615678153965,16.57955721846035,China
8051,3,21.923077,8.085125525591005,13.837951474408994,China
8052,3,23.261538,7.320229160641249,15.941308839358753,China
8053,3,21.513333,7.008176234170868,14.505156765829131,China
8054,3,12.85,7.1481942061172195,5.70180579388278,China
8055,3,9.653846,7.496227156849002,2.1576188431509973,China
8056,3,15.542368,7.839577798295137,7.702790201704863,China
8057,3,8.504762,6.648882196025028,1.8558798039749718,China
8058,3,4.595238,7.447809130173837,2.8525711301738372,China
8059,3,9.29589,6.654397654794607,2.6414923452053927,China
8060,3,10.940217,7.106440651625746,3.833776348374254,China
8061,3,15.0,7.044606631349666,7.955393368650334,China
8062,3,6.852632,8.543884207978621,1.6912522079786214,China
8063,3,7.609091,7.052666036779909,0.556424963220091,China
8064,3,6.972222,7.109871618105846,0.1376496181058453,China
8065,3,4.264,6.694441215175331,2.430441215175331,China
8066,3,7.82,7.917236019429808,0.09723601942980764,China
8067,3,22.9,6.7927692028970466,16.10723079710295,China
8068,3,23.200001,8.890217740269769,14.309783259730231,China
8069,3,21.9,9.123679885256573,12.776320114743426,China
8070,3,21.835714,11.423037395807334,10.412676604192665,China
8071,3,22.63125,9.841631380802703,12.789618619197299,China
8072,3,22.271428,10.905264347613489,11.366163652386511,China
8073,3,25.904348,10.78497578449956,15.119372215500439,China
8074,3,27.093103,10.509359329266406,16.583743670733593,China
8075,3,25.558333,11.474119276072072,14.08421372392793,China
8076,3,27.07619,12.717491829479014,14.358698170520986,China
8077,3,27.096,12.26658771854078,14.82941228145922,China
8078,3,25.341176,12.35372220715013,12.987453792849871,China
8079,3,24.291667,12.159614378736858,12.132052621263142,China
8080,3,52.525,12.401979915030417,40.12302008496958,China
8081,3,51.050001,12.485333929796992,38.56466707020301,China
8082,3,53.956249,11.719435345111567,42.23681365488844,China
8083,3,51.533333,11.377622948224673,40.15571005177533,China
8084,3,53.428571,11.684168593654247,41.74440240634575,China
8085,3,51.118181,11.719702856288622,39.39847814371138,China
8086,3,51.644445,11.636229223147971,40.008215776852026,China
8087,3,33.066667,11.558571688321368,21.508095311678634,China
8088,3,33.66,12.384057883633796,21.275942116366203,China
8089,3,33.585715,13.134414476632465,20.451300523367536,China
8090,3,33.566667,11.860393853238026,21.706273146761976,China
8091,3,33.487499,7.227689310602603,26.259809689397397,China
8092,3,34.22,11.934801832240773,22.285198167759226,China
8093,3,33.939999,10.286609890550253,23.653389109449748,China
8094,3,33.933333,8.59483213014508,25.33850086985492,China
8095,3,31.009524,7.423211147712067,23.586312852287932,China
8096,3,23.427778,10.906845319989188,12.520932680010812,China
8097,3,25.064286,8.04360259663022,17.02068340336978,China
8098,3,25.38,8.301475664586004,17.078524335413995,China
8099,3,22.895,9.318249492665256,13.576750507334744,China
8100,3,24.152381,8.370770265806572,15.781610734193427,China
8101,3,28.5,8.316722365448367,20.183277634551633,China
8102,3,28.5,9.466925603347423,19.033074396652577,China
8103,3,31.345454,8.450114332148079,22.89533966785192,China
8104,3,25.89375,9.234236021571576,16.659513978428425,China
8105,3,31.716666,9.41501625330185,22.30164974669815,China
8106,3,26.835714,8.177805855669138,18.65790814433086,China
8107,3,23.869231,9.365693248111029,14.50353775188897,China
8108,3,25.78,8.705032022467348,17.07496797753265,China
8109,3,25.895455,8.327020517986183,17.568434482013814,China
8110,3,26.633333,12.60436064994211,14.02897235005789,China
8111,3,25.294737,10.639166693677895,14.655570306322106,China
8112,3,24.747619,11.638603277711821,13.109015722288179,China
8113,3,25.544444,12.106122937901521,13.438321062098478,China
8114,3,26.02,10.739413526345416,15.280586473654584,China
8115,3,26.957143,12.136550645489102,14.820592354510897,China
8116,3,24.244445,10.507508417716952,13.736936582283047,China
8117,3,28.3,13.071401323886061,15.22859867611394,China
8118,3,41.299999,11.536602863931819,29.76339613606818,China
8119,3,28.569565,13.034668206003035,15.534896793996966,China
8120,3,36.799999,14.204491212704715,22.595507787295283,China
8121,3,32.1,13.75516511941461,18.344834880585392,China
8122,3,32.164,13.947589176855427,18.216410823144574,China
8123,3,35.368421,13.526098277653297,21.8423227223467,China
8124,3,34.715789,10.436409912818625,24.279379087181375,China
8125,3,41.0,10.53625801022282,30.46374198977718,China
8126,3,29.684616,10.472390817834366,19.212225182165632,China
8127,3,34.0625,9.929098833140984,24.133401166859016,China
8128,3,32.195833,10.635464248991957,21.560368751008042,China
8129,3,35.766667,10.258225621154784,25.508441378845212,China
8130,3,30.766667,9.11239273631547,21.65427426368453,China
8131,3,29.736363,8.35514959518349,21.38121340481651,China
8132,3,22.56,8.99226741705102,13.56773258294898,China
8133,3,36.975,10.37788279582491,26.597117204175092,China
8134,3,29.385,11.08754658054681,18.29745341945319,China
8135,3,26.3125,10.088305335362335,16.224194664637665,China
8136,3,27.15,10.671644337323833,16.478355662676165,China
8137,3,24.5,10.963491274363086,13.536508725636914,China
8138,3,22.616666,11.79877927778401,10.817886722215988,China
8139,3,22.200001,10.667758095781783,11.532242904218217,China
8140,3,26.299999,11.04286881195431,15.25713018804569,China
8141,3,20.5,10.78987421928195,9.71012578071805,China
8142,3,44.433333,12.477951045480777,31.95538195451922,China
8143,3,42.8125,12.349991407850053,30.462508592149945,China
8144,3,37.276923,10.04819803301298,27.228724966987016,China
8145,3,34.55,11.489744006994199,23.060255993005796,China
8146,3,42.370588,11.341962086277034,31.028625913722962,China
8147,3,39.611111,11.35665238546332,28.25445861453668,China
8148,3,43.636364,11.159549775410584,32.47681422458942,China
8149,3,40.378379,11.000815223740465,29.377563776259535,China
8150,3,43.749999,11.351027685631546,32.39897131436845,China
8151,3,46.185,12.135269957806852,34.04973004219315,China
8152,3,21.106667,12.198219811386789,8.908447188613213,China
8153,3,46.890909,11.66323187716068,35.227677122839324,China
8154,3,46.582609,12.735180547121978,33.84742845287802,China
8155,3,16.866666,13.101200786048278,3.765465213951721,China
8156,3,12.91,11.360182629793607,1.5498173702063927,China
8157,3,17.215385,11.053088771959894,6.162296228040107,China
8158,3,16.629412,12.302331000496078,4.32708099950392,China
8159,3,14.633334,11.857523871433862,2.775810128566137,China
8160,3,16.438889,10.892594736635822,5.546294263364178,China
8161,3,14.615385,12.346014429366232,2.269370570633768,China
8162,3,17.083333,11.134929997397393,5.948403002602607,China
8163,3,12.844444,11.88032273919417,0.9641212608058289,China
8164,3,13.571429,11.965354976805223,1.6060740231947772,China
8165,3,14.672,11.241179651304462,3.430820348695539,China
8166,3,15.236363,11.20179082983795,4.0345721701620505,China
8167,3,12.78,8.11164687619618,4.6683531238038185,China
8168,3,13.16,8.297045022229218,4.862954977770782,China
8169,3,15.4125,8.164158724432484,7.248341275567515,China
8170,3,17.192593,8.049908372550613,9.142684627449386,China
8171,3,32.610345,9.71787319823394,22.892471801766064,China
8172,3,24.867391,10.578886425063294,14.288504574936708,China
8173,3,29.28,9.650960859249922,19.62903914075008,China
8174,3,29.13871,9.055370839242393,20.083339160757607,China
8175,3,30.4325,10.219445652849378,20.213054347150624,China
8176,3,33.799999,9.531992463801943,24.268006536198058,China
8177,3,26.282353,9.213283865961643,17.069069134038358,China
8178,3,23.670588,9.63057409132286,14.040013908677139,China
8179,3,68.25,9.5594420175095,58.6905579824905,China
8180,3,67.75,10.095806633941393,57.65419336605861,China
8181,3,64.333333,9.972524113984921,54.36080888601508,China
8182,3,53.299999,9.606716854684423,43.69328214531558,China
8183,3,45.028572,10.573763929253095,34.4548080707469,China
8184,3,52.472728,9.468279331850708,43.00444866814929,China
8185,3,55.966668,9.86181326164235,46.104854738357645,China
8186,3,43.096429,9.943592862563445,33.15283613743655,China
8187,3,64.549999,9.574050388185697,54.9759486118143,China
8188,3,63.619999,11.992385130811329,51.62761386918867,China
8189,3,61.275,10.018932908583311,51.25606709141669,China
8190,3,67.900002,12.196081852941518,55.70392014705848,China
8191,3,61.525,10.660768479610294,50.86423152038971,China
8192,3,57.525,10.757733344913323,46.76726665508667,China
8193,3,71.100002,10.555180037162511,60.54482196283749,China
8194,3,61.1875,10.069051872250403,51.118448127749595,China
8195,3,50.655556,11.182016627338538,39.47353937266146,China
8196,3,65.600001,11.383440839692968,54.21656016030704,China
8197,3,63.34,10.330009658238028,53.00999034176198,China
8198,3,62.675,10.811323594201054,51.86367640579894,China
8199,3,69.533333,10.322000988136175,59.211332011863824,China
8200,3,31.366667,10.392128769240934,20.974538230759066,China
8201,3,31.790909,11.789300567520213,20.001608432479784,China
8202,3,30.46,12.04975535456114,18.41024464543886,China
8203,3,23.682645,12.103835971290733,11.578809028709268,China
8204,3,26.875,11.083142523773525,15.791857476226475,China
8205,3,27.119231,10.544769363468138,16.57446163653186,China
8206,3,20.397368,11.473105763437776,8.924262236562225,China
8207,3,25.558824,11.645178363229576,13.913645636770426,China
8208,3,35.033333,11.980223584469126,23.053109415530873,China
8209,3,28.684615,12.345446558396558,16.33916844160344,China
8210,3,35.514285,12.129459465065125,23.384825534934876,China
8211,3,34.821053,12.22302515376637,22.598027846233627,China
8212,3,35.570589,12.656851153977186,22.913737846022812,China
8213,3,25.745,12.683864364443036,13.061135635556965,China
8214,3,35.042857,13.772485381252377,21.27037161874762,China
8215,3,33.665,12.537751266429254,21.127248733570745,China
8216,3,32.0,10.169409635419425,21.830590364580573,China
8217,3,32.275,10.446459912582547,21.82854008741745,China
8218,3,34.5,11.012889122943342,23.487110877056658,China
8219,3,33.590323,10.494184356843865,23.09613864315613,China
8220,3,29.468182,10.448835472771206,19.01934652722879,China
8221,3,34.909091,10.741911733572524,24.167179266427475,China
8222,3,30.273333,10.70006483555729,19.57326816444271,China
8223,3,26.681081,10.842628570224921,15.838452429775078,China
8224,3,28.947143,10.631677156664715,18.315465843335286,China
8225,3,37.233334,10.569875985217175,26.663458014782826,China
8226,3,38.754054,11.168092610151936,27.58596138984806,China
8227,3,35.690909,11.055106156810954,24.635802843189044,China
8228,3,34.271429,10.400963747904902,23.870465252095094,China
8229,3,39.666668,11.260358654856448,28.406309345143555,China
8230,3,48.27,11.599035705014181,36.67096429498582,China
8231,3,49.8,10.491293414138774,39.30870658586122,China
8232,3,45.872727,11.459111681362181,34.41361531863782,China
8233,3,45.645833,10.356463521719668,35.289369478280335,China
8234,3,46.727273,11.623994148187036,35.10327885181296,China
8235,3,50.568,11.311823420916733,39.25617657908327,China
8236,3,49.616666,11.11995916976504,38.49670683023496,China
8237,3,53.983334,10.981527605515229,43.001806394484774,China
8238,3,46.164706,8.24961196632778,37.91509403367222,China
8239,3,53.83,8.551863265271082,45.27813673472892,China
8240,3,37.460869,9.58765721891707,27.873211781082933,China
8241,3,35.167857,8.006579933897095,27.161277066102905,China
8242,3,29.4375,7.696850675517086,21.740649324482913,China
8243,3,31.67,7.488683100968499,24.1813168990315,China
8244,3,25.55614,8.560121120026963,16.996018879973036,China
8245,3,34.582143,7.8436672277163195,26.73847577228368,China
8246,3,27.981482,8.702752966758883,19.278729033241117,China
8247,3,31.116129,8.239390985221391,22.87673801477861,China
8248,3,25.633846,8.504420929537405,17.129425070462595,China
8249,3,21.848077,8.51622911400983,13.33184788599017,China
8250,3,31.196552,8.127346272787891,23.069205727212108,China
8251,3,36.310204,8.233401495084573,28.076802504915428,China
8252,3,31.741667,9.270998463682957,22.470668536317042,China
8253,3,31.6,9.936206212633767,21.663793787366235,China
8254,3,30.916667,9.59831816809573,21.31834883190427,China
8255,3,31.608333,9.800839881532836,21.807493118467164,China
8256,3,30.535714,9.575741924191364,20.959972075808636,China
8257,3,20.551818,10.560680659057091,9.99113734094291,China
8258,3,21.240854,7.9265854845064485,13.31426851549355,China
8259,3,33.233099,7.178481267685168,26.054617732314835,China
8260,3,19.3,7.450527937201162,11.849472062798839,China
8261,3,22.726106,7.863104463403589,14.863001536596412,China
8262,3,30.212883,7.4482440259308245,22.76463897406918,China
8263,3,20.169014,8.540664305401028,11.628349694598972,China
8264,3,22.67,9.839439805636108,12.830560194363894,China
8265,3,28.95,8.595136952304548,20.354863047695453,China
8266,3,24.057895,8.743364659154409,15.31453034084559,China
8267,3,27.200001,8.805549683222884,18.394451316777115,China
8268,3,23.422222,12.592137218747572,10.83008478125243,China
8269,3,22.8,12.230551310016555,10.569448689983446,China
8270,3,26.3,12.721787388948144,13.578212611051857,China
8271,3,22.017647,12.47716537120844,9.54048162879156,China
8272,3,26.425,12.024510009139261,14.40048999086074,China
8273,3,58.936363,12.574108738677902,46.3622542613221,China
8274,3,53.606667,13.230702142523533,40.37596485747647,China
8275,3,55.52,13.1316631568804,42.3883368431196,China
8276,3,53.533334,12.523748239351034,41.00958576064897,China
8277,3,53.79,12.392268369364986,41.397731630635015,China
8278,3,55.564706,11.64091726445917,43.92378873554083,China
8279,3,44.75,12.054016762044132,32.69598323795587,China
8280,3,44.85,8.095460371994443,36.75453962800556,China
8281,3,42.508333,9.017461399898087,33.49087160010191,China
8282,3,44.275,9.277264093577237,34.99773590642276,China
8283,3,43.581818,8.7007543279408,34.8810636720592,China
8284,3,42.004762,8.620092958321058,33.38466904167894,China
8285,3,30.54,7.980827427057827,22.559172572942174,China
8286,3,43.35,8.626620203132319,34.72337979686768,China
8287,3,53.633334,8.809704697945891,44.82362930205411,China
8288,3,27.6,9.009999185431345,18.590000814568654,China
8289,3,54.8,7.74460507926256,47.055394920737434,China
8290,3,41.499999,13.216925107678051,28.28307389232195,China
8291,3,52.833333,12.862084247798293,39.97124875220171,China
8292,3,46.799999,14.299650434662704,32.5003485653373,China
8293,3,33.468182,14.387831843950893,19.080350156049107,China
8294,3,38.200001,13.062811618066243,25.13718938193376,China
8295,3,47.164286,11.1455982305602,36.018687769439794,China
8296,3,46.233334,10.468615460500276,35.764718539499725,China
8297,3,49.46,10.569876253439727,38.89012374656028,China
8298,3,46.74,10.476505635196718,36.263494364803286,China
8299,3,52.400002,10.128759597707917,42.27124240229208,China
8300,3,51.299999,10.972399629764503,40.3275993702355,China
8301,3,44.977777,9.82472903218729,35.15304796781271,China
8302,3,40.361538,8.570688097311825,31.79084990268818,China
8303,3,34.93125,8.780155779998216,26.15109422000178,China
8304,3,48.725,9.339657935957902,39.3853420640421,China
8305,3,42.905882,8.713562387296,34.192319612704,China
8306,3,48.40625,9.175563345276952,39.230686654723044,China
8307,3,50.700001,8.624568781629439,42.075432218370565,China
8308,3,52.383334,10.29007953270436,42.09325446729564,China
8309,3,54.199999,10.29082378425813,43.90917521574187,China
8310,3,52.639999,10.057471007081874,42.58252799291813,China
8311,3,45.82,11.620035084444297,34.199964915555704,China
8312,3,53.4,11.285245093369529,42.114754906630466,China
8313,3,44.952941,11.456764113447868,33.496176886552135,China
8314,3,51.52353,9.67110049452827,41.85242950547173,China
8315,3,48.658333,10.827463436496402,37.8308695635036,China
8316,3,28.826667,10.552411556779807,18.27425544322019,China
8317,3,23.541177,11.801707986977076,11.739469013022925,China
8318,3,27.31875,11.007150524179918,16.31159947582008,China
8319,3,21.666667,12.951819277748449,8.714847722251552,China
8320,3,23.145,11.427158774604699,11.7178412253953,China
8321,3,25.294445,12.145119124832405,13.149325875167595,China
8322,3,24.633333,13.893989400628351,10.739343599371649,China
8323,3,33.982222,8.14309213757761,25.83912986242239,China
8324,3,37.549999,8.97196882580647,28.57803017419353,China
8325,3,33.396667,10.261711203131114,23.134955796868887,China
8326,3,33.54,8.209590461635266,25.330409538364734,China
8327,3,36.232,10.549094386605224,25.682905613394773,China
8328,3,31.343333,9.187992278102463,22.155340721897538,China
8329,3,38.599998,10.129415872261776,28.470582127738226,China
8330,3,25.45,8.419215595146829,17.030784404853172,China
8331,3,26.7,8.290181645469278,18.40981835453072,China
8332,3,30.672,8.195064918765429,22.476935081234572,China
8333,3,24.186487,9.587115489675854,14.599371510324145,China
8334,3,28.933333,8.979424391276915,19.953908608723086,China
8335,3,32.329167,9.566902780088338,22.76226421991166,China
8336,3,26.353488,8.028710723614171,18.324777276385827,China
8337,3,13.083333,9.890233942024803,3.1930990579751963,China
8338,3,21.932,10.301797985352831,11.630202014647168,China
8339,3,27.9975,10.145154503826602,17.8523454961734,China
8340,3,28.927344,9.92485855677076,19.00248544322924,China
8341,3,26.08,9.569999457647466,16.510000542352532,China
8342,3,27.639216,10.125462535388978,17.51375346461102,China
8343,3,23.096703,9.850103458499113,13.246599541500888,China
8344,3,15.106915,10.026037595513595,5.080877404486406,China
8345,3,42.650002,9.426464561691569,33.22353743830843,China
8346,3,34.4,10.895951066551815,23.504048933448182,China
8347,3,28.75,10.574135388815453,18.175864611184547,China
8348,3,33.050001,10.115030750573197,22.934970249426804,China
8349,3,41.810001,10.409359475354421,31.40064152464558,China
8350,3,25.175,10.661874537513302,14.513125462486698,China
8351,3,24.864706,10.26250052135011,14.602205478649891,China
8352,3,25.22,10.20334468787258,15.016655312127419,China
8353,3,26.133333,9.386537815982244,16.746795184017756,China
8354,3,24.945834,9.58312192922681,15.362712070773192,China
8355,3,27.766667,10.067381592004034,17.699285407995966,China
8356,3,27.466667,9.302175012735072,18.16449198726493,China
8357,3,25.368182,9.688196063964947,15.679985936035054,China
8358,3,23.552631,9.720777182909844,13.831853817090158,China
8359,3,28.466667,9.609360569359456,18.857306430640545,China
8360,3,44.065333,8.531059322884387,35.534273677115614,China
8361,3,40.992265,9.334696760541,31.657568239459003,China
8362,3,40.337413,8.601968519158032,31.735444480841966,China
8363,3,27.114286,9.01104706402055,18.103238935979448,China
8364,3,26.366667,9.390930649483714,16.975736350516286,China
8365,3,28.54375,10.03118552344873,18.51256447655127,China
8366,3,27.705263,9.32118477629383,18.38407822370617,China
8367,3,46.078947,9.237367166445123,36.841579833554874,China
8368,3,47.166667,10.182674139514353,36.98399286048564,China
8369,3,46.655555,10.0654508710928,36.5901041289072,China
8370,3,48.666667,9.894043584744605,38.772623415255396,China
8371,3,44.326667,10.747355877950424,33.579311122049575,China
8372,3,49.82,10.126371542663518,39.69362845733648,China
8373,3,49.9,10.499986260492745,39.40001373950725,China
8374,3,39.542105,11.158192036255835,28.383912963744166,China
8375,3,47.541177,7.6731103948959225,39.868066605104076,China
8376,3,52.540909,8.327004698972091,44.21390430102791,China
8377,3,51.0,8.311058074834957,42.68894192516504,China
8378,3,43.394737,8.835762770134123,34.558974229865875,China
8379,3,41.25,8.493681172582415,32.75631882741759,China
8380,3,44.88,8.927046960484944,35.95295303951506,China
8381,3,60.770588,8.59853425147978,52.17205374852021,China
8382,3,54.133333,8.580249273229448,45.55308372677055,China
8383,3,45.331251,10.822765263619136,34.50848573638086,China
8384,3,51.34,10.833770835607508,40.506229164392494,China
8385,3,35.65,9.249326211871974,26.400673788128024,China
8386,3,39.528571,9.348354705676439,30.18021629432356,China
8387,3,49.972727,11.72963906644344,38.24308793355656,China
8388,3,56.37647,14.226241429766741,42.15022857023325,China
8389,3,41.600001,13.389122267926462,28.21087873207354,China
8390,3,25.888889,14.08639805958391,11.802490940416089,China
8391,3,29.400001,12.74645963703263,16.653541362967367,China
8392,3,30.75,13.127266400974344,17.622733599025658,China
8393,3,27.3,12.440845362645536,14.859154637354465,China
8394,3,26.8,12.661773458182441,14.13822654181756,China
8395,3,27.981818,12.738399694329004,15.243418305670996,China
8396,3,21.358823,12.163402783185608,9.195420216814393,China
8397,3,21.73,11.899787130084341,9.830212869915659,China
8398,3,22.737037,9.045178512477543,13.691858487522458,China
8399,3,28.125,9.116643050238158,19.00835694976184,China
8400,3,25.481633,8.75518413452823,16.726448865471767,China
8401,3,22.842424,7.721417546050045,15.121006453949956,China
8402,3,31.194737,7.753497248671003,23.441239751328997,China
8403,3,30.982609,7.89943764786032,23.08317135213968,China
8404,3,20.506977,8.297307498255378,12.20966950174462,China
8405,3,24.780769,10.848511558444638,13.932257441555361,China
8406,3,30.507143,10.693822862552626,19.813320137447374,China
8407,3,24.070588,9.872798009411307,14.197789990588694,China
8408,3,29.75,10.419634479611137,19.330365520388863,China
8409,3,27.890909,10.374874696319278,17.516034303680723,China
8410,3,29.433334,9.657867625610328,19.775466374389673,China
8411,3,18.453333,9.998650454001368,8.454682545998633,China
8412,3,23.128125,11.513883452733516,11.614241547266484,China
8413,3,19.361364,11.074615025005658,8.28674897499434,China
8414,3,25.185185,9.880376096908366,15.304808903091635,China
8415,3,15.696154,9.631219856162462,6.064934143837538,China
8416,3,26.5,10.302315758267834,16.197684241732166,China
8417,3,25.211111,11.343657824148213,13.867453175851786,China
8418,3,17.295238,10.985773944777023,6.309464055222978,China
8419,3,16.845385,11.91708745300987,4.92829754699013,China
8420,3,22.158974,12.860473007499818,9.298500992500182,China
8421,3,22.859375,10.953331819743324,11.906043180256676,China
8422,3,42.6,11.202353157587025,31.397646842412975,China
8423,3,40.768085,10.29355691362658,30.474528086373418,China
8424,3,40.7,10.703084231001766,29.996915768998235,China
8425,3,42.733334,11.789404664687252,30.943929335312745,China
8426,3,38.822222,11.672313458839481,27.149908541160514,China
8427,3,40.314286,10.726134372953315,29.588151627046688,China
8428,3,44.200001,10.165428644144212,34.034572355855786,China
8429,3,37.966667,8.29397438771423,29.672692612285772,China
8430,3,44.166665,8.60891700815148,35.55774799184852,China
8431,3,46.225,8.599111231409834,37.625888768590166,China
8432,3,41.875,8.50815620673442,33.36684379326558,China
8433,3,44.15,8.608045033006015,35.541954966993984,China
8434,3,43.0,9.85064111053108,33.14935888946892,China
8435,3,25.906897,12.674822644851693,13.232074355148308,China
8436,3,26.675,10.350468545301219,16.324531454698782,China
8437,3,24.616666,10.292825331483776,14.323840668516223,China
8438,3,28.427273,13.152228032360282,15.275044967639717,China
8439,3,27.451429,14.566744053052497,12.884684946947504,China
8440,3,26.396,12.552728014779953,13.843271985220047,China
8441,3,25.7125,12.442663226021846,13.269836773978152,China
8442,3,26.858333,13.71420484474827,13.144128155251728,China
8443,3,27.783333,12.198047065159786,15.585285934840213,China
8444,3,25.39,13.304746416388165,12.085253583611836,China
8445,3,22.99697,12.91070794705469,10.086262052945312,China
8446,3,44.991667,8.6718002071056,36.3198667928944,China
8447,3,46.525,9.03256473616247,37.49243526383753,China
8448,3,45.099998,8.802641116348427,36.297356883651574,China
8449,3,40.431579,8.130714860255049,32.30086413974495,China
8450,3,39.355556,8.19557659614487,31.159979403855132,China
8451,3,39.49375,7.781261394117973,31.712488605882026,China
8452,3,24.296154,7.732623032055148,16.563530967944853,China
8453,3,25.982,7.6769625227702,18.3050374772298,China
8454,3,25.295783,6.847862290799062,18.447920709200936,China
8455,3,22.524615,7.993784071546251,14.53083092845375,China
8456,3,38.607692,8.10878549115572,30.49890650884428,China
8457,3,62.200001,9.095152051736758,53.10484894826324,China
8458,3,36.769231,8.202466672933909,28.56676432706609,China
8459,3,32.057143,8.043844425792054,24.01329857420795,China
8460,3,59.200001,9.905391615108922,49.294609384891075,China
8461,3,53.422223,9.068997659212345,44.35322534078766,China
8462,3,61.6,11.257011070353348,50.34298892964665,China
8463,3,61.85,11.863078985040188,49.98692101495981,China
8464,3,53.950001,10.906977042908714,43.043023957091286,China
8465,3,34.411111,11.936641617345904,22.474469382654092,China
8466,3,52.150001,11.632466835479578,40.51753416452043,China
8467,3,36.900002,11.479785266217647,25.420216733782354,China
8468,3,36.200001,11.894565021149164,24.305435978850838,China
8469,3,35.700001,11.688869570147677,24.011131429852323,China
8470,3,21.848387,11.786692894709118,10.061694105290881,China
8471,3,23.066667,10.841326558205946,12.225340441794053,China
8472,3,28.311111,12.485810334815422,15.825300665184578,China
8473,3,31.816129,12.742968329296579,19.073160670703423,China
8474,3,29.028261,12.607452845789599,16.420808154210402,China
8475,3,32.585714,11.632346994160113,20.95336700583989,China
8476,3,12.330945,11.65153081425746,0.6794141857425391,China
8477,3,10.525,12.690208213689049,2.1652082136890485,China
8478,3,14.907317,11.650356062073707,3.2569609379262943,China
8479,3,18.599999,8.408375822064478,10.191623177935522,China
8480,3,17.496587,9.102480651617647,8.394106348382355,China
8481,3,14.686945,9.609089098592792,5.077855901407208,China
8482,3,15.965789,8.273441278184908,7.692347721815091,China
8483,3,11.879842,8.242035888676284,3.637806111323716,China
8484,3,12.010909,10.855103550745204,1.155805449254796,China
8485,3,15.267241,9.719329360666093,5.547911639333908,China
8486,3,14.589655,10.704695394246302,3.884959605753698,China
8487,3,14.459375,10.578644378027171,3.8807306219728286,China
8488,3,25.430769,10.965881789357592,14.46488721064241,China
8489,3,33.65,12.232840138622139,21.41715986137786,China
8490,3,30.015,9.89770341952806,20.11729658047194,China
8491,3,40.255555,10.088613283075237,30.166941716924764,China
8492,3,31.427273,9.172200804913967,22.255072195086033,China
8493,3,28.259091,8.625293267388374,19.633797732611626,China
8494,3,32.25,11.307041733675181,20.94295826632482,China
8495,3,27.9,12.096417784021975,15.803582215978023,China
8496,3,28.3,11.778977864201234,16.521022135798766,China
8497,3,34.6625,12.598200351697797,22.064299648302203,China
8498,3,42.727273,13.380497106069438,29.34677589393056,China
8499,3,45.81,12.840094854642896,32.9699051453571,China
8500,3,60.400001,13.027034588670926,47.372966411329074,China
8501,3,57.133333,13.35489360523395,43.77843939476605,China
8502,3,61.550001,12.361882228489643,49.18811877151036,China
8503,3,56.366667,13.199701626877108,43.16696537312289,China
8504,3,58.52,10.116506192129247,48.40349380787076,China
8505,3,26.331579,12.608487491365665,13.723091508634337,China
8506,3,29.9,9.521662996506722,20.37833700349328,China
8507,3,57.4375,9.44399155264888,47.99350844735112,China
8508,3,25.384848,10.920233957583406,14.464614042416596,China
8509,3,50.400001,9.10703326260544,41.29296773739456,China
8510,3,34.207693,9.012414072189207,25.19527892781079,China
8511,3,44.89,8.470727803233748,36.41927219676625,China
8512,3,35.858824,8.829411119594216,27.029412880405783,China
8513,3,50.2,13.643793591562469,36.55620640843753,China
8514,3,49.148,14.236129653802065,34.91187034619794,China
8515,3,48.52381,13.569082414100425,34.954727585899576,China
8516,3,41.79375,8.762489367071185,33.03126063292882,China
8517,3,41.450001,8.907091808602939,32.54290919139706,China
8518,3,42.614286,8.231626565570519,34.382659434429485,China
8519,3,39.335294,7.899688255471187,31.43560574452881,China
8520,3,46.6,8.003608182107538,38.59639181789247,China
8521,3,43.950001,7.626950658075022,36.323050341924976,China
8522,3,25.326667,8.011766336981298,17.314900663018705,China
8523,3,26.758823,8.343253318239245,18.415569681760754,China
8524,3,25.276923,9.156686308623218,16.120236691376782,China
8525,3,25.32,7.670265473400324,17.649734526599676,China
8526,3,27.2,7.679072386907106,19.520927613092894,China
8527,3,24.183333,7.704164897082528,16.479168102917473,China
8528,3,24.355556,10.813436867390017,13.542119132609983,China
8529,3,28.813334,11.599591718186042,17.213742281813957,China
8530,3,41.892308,11.449571677401822,30.44273632259818,China
8531,3,33.815,10.377365472474303,23.437634527525695,China
8532,3,47.788235,11.347484215164094,36.440750784835906,China
8533,3,40.941667,11.40793801271304,29.533728987286963,China
8534,3,44.6,12.023327586828511,32.576672413171494,China
8535,3,47.436364,9.574081631120466,37.862282368879534,China
8536,3,46.45,8.858509251623515,37.591490748376486,China
8537,3,39.8,10.610309019601722,29.189690980398275,China
8538,3,44.8375,12.5746978469085,32.2628021530915,China
8539,3,55.03,12.29529772291488,42.73470227708512,China
8540,3,54.75,11.195357570917627,43.55464242908237,China
8541,3,50.4,11.966816421844175,38.43318357815582,China
8542,3,56.733334,10.862774639101806,45.87055936089819,China
8543,3,55.57,12.146126285899555,43.423873714100445,China
8544,3,55.866667,11.404485832699715,44.46218116730029,China
8545,3,57.25,8.640715350236498,48.6092846497635,China
8546,3,30.838461,11.245794708086281,19.592666291913716,China
8547,3,32.942857,11.307995309336015,21.634861690663982,China
8548,3,30.09,11.765815287801079,18.32418471219892,China
8549,3,35.694737,12.702880398739644,22.99185660126036,China
8550,3,36.822222,13.070817392375558,23.751404607624437,China
8551,3,30.834615,13.069053156331444,17.765561843668557,China
8552,3,28.3,13.564045687107832,14.735954312892169,China
8553,3,27.404546,13.453233293296105,13.951312706703895,China
8554,3,29.55,13.736943830590644,15.813056169409357,China
8555,3,26.335294,14.463663457841275,11.871630542158726,China
8556,3,29.36875,12.114418635635072,17.254331364364926,China
8557,3,31.107143,13.994035430152218,17.113107569847784,China
8558,3,28.12,10.618393066725808,17.501606933274193,China
8559,3,35.355,11.950236860573662,23.404763139426336,China
8560,3,36.64,11.836893643306892,24.803106356693107,China
8561,3,27.080952,10.951485814527572,16.129466185472427,China
8562,3,38.703846,10.761870326996794,27.941975673003206,China
8563,3,40.8625,12.869919001337134,27.992580998662863,China
8564,3,44.861538,12.260197404818129,32.601340595181874,China
8565,3,41.43,11.833222116122545,29.596777883877454,China
8566,3,31.373684,12.293910674674313,19.07977332532569,China
8567,3,45.186666,13.047007546863654,32.13965845313635,China
8568,3,31.3375,12.311561056921045,19.025938943078955,China
8569,3,42.082353,12.338438562285077,29.74391443771492,China
8570,3,12.231034,13.022356401325693,0.7913224013256936,China
8571,3,13.886697,11.608234450884552,2.2784625491154475,China
8572,3,16.390345,11.686868951357564,4.703476048642436,China
8573,3,17.848214,11.050220205751453,6.797993794248546,China
8574,3,20.933334,11.969627539576612,8.963706460423387,China
8575,3,18.181395,10.492188340313833,7.689206659686166,China
8576,3,68.933332,11.619385082539065,57.313946917460925,China
8577,3,57.450001,11.765748120009823,45.684252879990176,China
8578,3,59.085714,10.993857963813461,48.09185603618654,China
8579,3,55.411111,10.589416507760308,44.821694492239686,China
8580,3,55.883333,12.545892398351265,43.33744060164874,China
8581,3,65.171428,13.416019287286666,51.75540871271334,China
8582,3,56.712501,11.70735729566686,45.00514370433314,China
8583,3,61.360001,11.630295589737818,49.72970541026218,China
8584,3,56.662499,12.757636413135426,43.90486258686457,China
8585,3,64.525001,13.583055340850116,50.94194565914989,China
8586,3,59.299999,12.623522818199401,46.676476181800595,China
8587,3,66.099998,12.461219888865973,53.63877811113403,China
8588,3,57.44,11.681020498206026,45.758979501793974,China
8589,3,62.124999,9.309468515974975,52.815530484025025,China
8590,3,56.154545,8.552541399490167,47.60200360050983,China
8591,3,56.563636,9.519553193030283,47.04408280696972,China
8592,3,57.466667,8.090502558073698,49.376164441926306,China
8593,3,48.078948,9.372252203692343,38.706695796307656,China
8594,3,56.975,8.381367401034558,48.59363259896544,China
8595,3,60.922223,7.497646418610331,53.42457658138967,China
8596,3,60.258333,8.853927222709533,51.404405777290464,China
8597,3,57.805,8.568648710009652,49.236351289990345,China
8598,3,51.094118,7.312051573365833,43.78206642663417,China
8599,3,60.147369,8.970112234749815,51.177256765250185,China
8600,3,51.57647,8.989558517424223,42.58691148257578,China
8601,3,56.471428,8.91771500253454,47.55371299746546,China
8602,3,55.383333,8.405111043411592,46.978221956588406,China
8603,3,55.622222,12.553062082569658,43.06915991743034,China
8604,3,52.7,11.44254769939392,41.25745230060608,China
8605,3,51.444445,12.621239134317776,38.823205865682226,China
8606,3,29.855,11.232812400850907,18.622187599149093,China
8607,3,22.290909,11.05357331432744,11.237335685672559,China
8608,3,36.72,11.807591630614443,24.912408369385556,China
8609,3,24.138095,10.421488301741025,13.716606698258975,China
8610,3,34.604348,11.886179161865003,22.718168838135,China
8611,3,28.168421,7.355139105233297,20.813281894766703,China
8612,3,23.477778,7.870863362697733,15.606914637302268,China
8613,3,23.672414,7.229153294118461,16.44326070588154,China
8614,3,24.513637,8.093061980238863,16.420575019761138,China
8615,3,25.25,7.748705437599883,17.50129456240012,China
8616,3,29.95,8.495051777457071,21.454948222542928,China
8617,3,22.858334,10.0039996544935,12.8543343455065,China
8618,3,24.525,10.471977161649129,14.05302283835087,China
8619,3,27.272727,11.126109916261095,16.146617083738903,China
8620,3,24.914286,10.14845810565585,14.76582789434415,China
8621,3,32.171428,10.799046577412566,21.37238142258743,China
8622,3,31.415789,10.930416249071198,20.485372750928803,China
8623,3,32.250001,10.375490371499762,21.874510628500236,China
8624,3,35.755555,10.725713864336335,25.029841135663666,China
8625,3,39.211765,10.91603295010116,28.295732049898838,China
8626,3,36.91,11.744789036796519,25.165210963203478,China
8627,3,28.7,10.404327879525118,18.295672120474883,China
8628,3,34.018182,10.590867156405974,23.42731484359403,China
8629,3,31.115,10.52932779028227,20.58567220971773,China
8630,3,35.914286,10.44213844112499,25.472147558875008,China
8631,3,34.200001,11.503213946215972,22.69678705378403,China
8632,3,37.483333,11.01443088638648,26.468902113613524,China
8633,3,33.125,10.804171757475874,22.320828242524126,China
8634,3,35.347619,10.286255414711405,25.061363585288596,China
8635,3,40.184615,10.716296489777788,29.46831851022221,China
8636,3,39.945455,12.027172145521199,27.918282854478804,China
8637,3,35.376923,10.907694090679744,24.469228909320254,China
8638,3,36.658333,12.218516098451795,24.439816901548205,China
8639,3,40.269231,12.133472904310297,28.135758095689702,China
8640,3,40.981818,12.247454319058939,28.73436368094106,China
8641,3,27.828572,13.229118652259102,14.5994533477409,China
8642,3,30.188571,14.130912074525698,16.0576589254743,China
8643,3,26.195238,12.893590373189411,13.301647626810588,China
8644,3,27.668182,12.27008525414947,15.398096745850532,China
8645,3,26.433333,13.140635973089461,13.29269702691054,China
8646,3,28.325,13.109481769409742,15.215518230590257,China
8647,3,29.094737,13.943124608005311,15.151612391994687,China
8648,3,23.9475,10.112221045720151,13.83527895427985,China
8649,3,31.686364,10.167436634643845,21.518927365356156,China
8650,3,30.965,11.859305498195354,19.105694501804646,China
8651,3,30.92,9.953702586416412,20.96629741358359,China
8652,3,25.85,12.39660117832548,13.453398821674522,China
8653,3,27.895833,12.009857052608384,15.885975947391616,China
8654,3,20.306024,8.584997430429441,11.72102656957056,China
8655,3,23.754546,11.184802676125692,12.56974332387431,China
8656,3,19.901818,12.282517366817885,7.619300633182114,China
8657,3,22.851852,13.08317417062765,9.76867782937235,China
8658,3,23.769231,12.432499087594886,11.336731912405115,China
8659,3,21.311458,11.456927993431481,9.854530006568517,China
8660,3,23.69375,11.923943292491987,11.769806707508014,China
8661,3,18.405263,12.647378000456765,5.757884999543236,China
8662,3,41.957143,12.534079244963404,29.423063755036598,China
8663,3,42.794737,9.22857440552489,33.56616259447511,China
8664,3,45.5,8.121432279647983,37.37856772035202,China
8665,3,43.2,9.48556242422079,33.714437575779215,China
8666,3,43.53,7.836538949570365,35.69346105042963,China
8667,3,25.332433,8.301062866090945,17.031370133909057,China
8668,3,45.200001,10.368819592601326,34.831181407398674,China
8669,3,42.042857,8.701022951966259,33.34183404803374,China
8670,3,38.7,8.21766622053913,30.482333779460873,China
8671,3,35.015385,8.217769379929683,26.797615620070317,China
8672,3,14.450617,8.5142076830395,5.9364093169605,China
8673,3,24.113333,7.754553066503629,16.358779933496372,China
8674,3,38.65102,7.697318845503092,30.953701154496912,China
8675,3,31.206522,11.003227605056772,20.203294394943228,China
8676,3,29.618033,11.491223526056144,18.126809473943858,China
8677,3,30.864286,10.483947363834718,20.380338636165284,China
8678,3,26.23945,12.448112193619338,13.791337806380664,China
8679,3,30.920879,12.733693334871193,18.18718566512881,China
8680,3,28.306897,11.516488845897854,16.790408154102145,China
8681,3,38.728572,11.609757451534024,27.118814548465977,China
8682,3,32.8,11.679349556901736,21.120650443098263,China
8683,3,26.999138,12.306113771157657,14.693024228842342,China
8684,3,38.844445,8.70589691290184,30.138548087098158,China
8685,3,41.28,8.847430239165588,32.43256976083441,China
8686,3,40.2,8.83264474495124,31.367355255048764,China
8687,3,38.133333,8.867638958189868,29.265694041810132,China
8688,3,39.8875,8.897777631893447,30.989722368106555,China
8689,3,36.015384,8.94493418164934,27.070449818350657,China
8690,3,34.915385,9.263446864073355,25.651938135926645,China
8691,3,40.030769,8.64458725399405,31.38618174600595,China
8692,3,35.863636,9.844494300231881,26.01914169976812,China
8693,3,36.575001,8.912902152788035,27.662098847211965,China
8694,3,36.530952,9.079421414081155,27.451530585918846,China
8695,3,29.232258,8.352255876447792,20.88000212355221,China
8696,3,48.39,8.884396298526694,39.505603701473305,China
8697,3,25.168182,8.631586890681964,16.536595109318036,China
8698,3,25.93,8.510573896887845,17.419426103112155,China
8699,3,36.818182,9.077705510166387,27.74047648983361,China
8700,3,37.431251,9.359656396646617,28.071594603353386,China
8701,3,48.358334,9.628442323459183,38.72989167654082,China
8702,3,28.788,8.057476401308273,20.730523598691725,China
8703,3,33.544827,8.99859427971545,24.54623272028455,China
8704,3,28.623529,7.546208241573016,21.077320758426985,China
8705,3,33.152632,12.880128285174402,20.272503714825596,China
8706,3,25.983333,13.080280406131282,12.903052593868717,China
8707,3,32.907143,11.434520450113018,21.472622549886978,China
8708,3,26.613333,12.234613054523068,14.378719945476933,China
8709,3,30.473334,12.605235616758142,17.868098383241858,China
8710,3,31.142106,9.841184786296452,21.300921213703546,China
8711,3,29.741667,10.20750126193089,19.53416573806911,China
8712,3,34.678571,9.253770439524002,25.424800560475994,China
8713,3,30.159091,10.725482805988841,19.433608194011157,China
8714,3,41.141667,8.835144466307682,32.306522533692316,China
8715,3,45.075,9.64488109136198,35.43011890863802,China
8716,3,33.916667,8.364748219063795,25.5519187809362,China
8717,3,42.016666,10.698050910999235,31.318615089000765,China
8718,3,43.983333,11.206511744703231,32.77682125529677,China
8719,3,32.738462,10.69274278828432,22.045719211715678,China
8720,3,29.578947,10.361850400037689,19.21709659996231,China
8721,3,23.502703,10.78143480034766,12.721268199652341,China
8722,3,30.12,10.74099282089907,19.37900717910093,China
8723,3,25.72963,10.442216168899249,15.287413831100752,China
8724,3,30.085714,10.18598760201381,19.89972639798619,China
8725,3,37.91875,10.668287888506521,27.250462111493484,China
8726,3,31.678788,10.101640329748125,21.577147670251875,China
8727,3,41.150001,12.869907377860699,28.280093622139304,China
8728,3,36.400002,12.757742328239917,23.642259671760083,China
8729,3,32.845833,13.61048743374757,19.235345566252427,China
8730,3,35.457895,14.448174886364747,21.009720113635254,China
8731,3,29.40625,14.015911346428213,15.390338653571787,China
8732,3,30.307143,13.722558890464327,16.584584109535673,China
8733,3,29.725,13.963233152902422,15.76176684709758,China
8734,3,38.618182,14.046536497439236,24.571645502560763,China
8735,3,35.40625,13.072277918988652,22.333972081011346,China
8736,3,31.272727,13.422452301619034,17.850274698380964,China
8737,3,35.288,14.721626030637537,20.56637396936246,China
8738,3,31.55625,13.52148995649447,18.03476004350553,China
8739,3,32.211111,13.860307289840547,18.350803710159454,China
8740,3,24.985507,11.881487633510478,13.10401936648952,China
8741,3,29.35,12.829489354394525,16.520510645605476,China
8742,3,28.178572,13.250170780161007,14.928401219838992,China
8743,3,31.252632,13.392977507457582,17.85965449254242,China
8744,3,25.192157,13.458832094261654,11.733324905738348,China
8745,3,30.591667,13.282834171327698,17.3088328286723,China
8746,3,31.428572,12.559472497711536,18.869099502288464,China
8747,3,28.038961,11.397842307824074,16.641118692175926,China
8748,3,31.117647,11.713433436798645,19.404213563201356,China
8749,3,34.283333,11.811692328147956,22.471640671852043,China
8750,3,28.4,11.610261550650842,16.78973844934916,China
8751,3,28.365,11.403556341292719,16.96144365870728,China
8752,3,26.228571,12.717719238588813,13.510851761411185,China
8753,3,27.453125,12.58480493769418,14.86832006230582,China
8754,3,26.891666,12.781553209577222,14.110112790422779,China
8755,3,26.88,12.226533014548993,14.653466985451006,China
8756,3,28.508334,12.804344760514052,15.70398923948595,China
8757,3,29.792857,12.56494104207964,17.22791595792036,China
8758,3,1.501418,11.788384917227962,10.286966917227963,China
8759,3,1.531304,11.288661256983673,9.757357256983672,China
8760,3,3.537281,11.613343314619707,8.076062314619707,China
8761,3,1.337584,11.866126628941728,10.528542628941729,China
8762,3,1.17193,7.9092280652724485,6.737298065272449,China
8763,3,2.53657,8.702692412163197,6.166122412163197,China
8764,3,20.6,9.621440379766693,10.978559620233309,China
8765,3,21.533333,9.170345779450003,12.362987220549996,China
8766,3,22.3,12.981745392037404,9.318254607962597,China
8767,3,20.62,12.389682704489843,8.230317295510158,China
8768,3,21.7125,12.033399386911782,9.679100613088217,China
8769,3,22.014286,9.280218767468376,12.734067232531622,China
8770,3,22.878947,8.23064844212546,14.64829855787454,China
8771,3,19.638462,7.940493324257195,11.697968675742805,China
8772,3,23.876,7.512249604646846,16.363750395353154,China
8773,3,43.893333,7.972832914753974,35.920500085246026,China
8774,3,44.22,12.697023241005127,31.522976758994872,China
8775,3,33.65,12.865869868402132,20.784130131597866,China
8776,3,31.481081,12.461735298896077,19.019345701103923,China
8777,3,44.453334,13.172646280838405,31.28068771916159,China
8778,3,38.5,11.755182963892755,26.744817036107243,China
8779,3,37.910714,12.901173939804531,25.00954006019547,China
8780,3,38.1,12.645009786599287,25.454990213400713,China
8781,3,39.366666,12.323552660216322,27.04311333978368,China
8782,3,27.204762,12.108184661318404,15.096577338681595,China
8783,3,28.207143,10.874138170912673,17.333004829087326,China
8784,3,26.622222,11.310473996431847,15.311748003568153,China
8785,3,27.055555,8.539190679424108,18.51636432057589,China
8786,3,28.483333,9.54266167133294,18.940671328667058,China
8787,3,56.200001,8.65539438493481,47.54460661506519,China
8788,3,57.061538,8.944847112151434,48.11669088784856,China
8789,3,46.73,9.02378097806011,37.70621902193989,China
8790,3,53.541667,9.47697582820997,44.06469117179003,China
8791,3,50.908333,9.911354916886356,40.996978083113646,China
8792,3,43.861539,9.168360147088318,34.693178852911686,China
8793,3,60.657143,9.45536617361199,51.201776826388006,China
8794,3,52.338461,9.521792745922161,42.81666825407784,China
8795,3,55.061538,9.560001474904691,45.501536525095304,China
8796,3,40.782353,9.475487434100366,31.306865565899635,China
8797,3,50.477778,13.116825183523625,37.36095281647638,China
8798,3,43.075,12.437666616379474,30.63733338362053,China
8799,3,60.642858,12.569741306356374,48.07311669364363,China
8800,3,50.6,12.283153082556012,38.31684691744399,China
8801,3,58.0,12.406897323888014,45.59310267611198,China
8802,3,61.84,12.180683424521638,49.659316575478364,China
8803,3,58.966667,8.60268591712559,50.36398108287441,China
8804,3,60.457142,8.363174986256201,52.09396701374379,China
8805,3,59.169231,7.653853812050643,51.51537718794936,China
8806,3,24.0,8.332536593381082,15.667463406618918,China
8807,3,21.851724,7.209631636113505,14.642092363886496,China
8808,3,26.175,7.258353839040224,18.91664616095978,China
8809,3,25.0,11.924697499123202,13.075302500876798,China
8810,3,23.62,13.090677902611835,10.529322097388166,China
8811,3,24.6375,11.919724272122153,12.717775727877846,China
8812,3,24.2125,12.179808499860025,12.032691500139974,China
8813,3,24.0,12.739199789248053,11.260800210751947,China
8814,3,18.0,13.609799612854355,4.390200387145645,China
8815,3,25.9625,12.6390446847887,13.323455315211298,China
8816,3,22.6,13.444034282693092,9.15596571730691,China
8817,3,22.791667,12.507472975730796,10.284194024269205,China
8818,3,24.854545,11.20079573159014,13.653749268409861,China
8819,3,29.5,9.97976486141386,19.520235138586138,China
8820,3,23.08421,9.907624652931187,13.176585347068812,China
8821,3,22.62,10.947517819702846,11.672482180297155,China
8822,3,23.8,10.578209813249282,13.221790186750718,China
8823,3,24.1,9.870802479707121,14.22919752029288,China
8824,3,23.641667,10.364624069455505,13.277042930544496,China
8825,3,32.049999,10.060131156227708,21.98986784377229,China
8826,3,31.33125,10.344162137685855,20.987087862314148,China
8827,3,25.257143,13.014186500438104,12.242956499561895,China
8828,3,26.175,11.75168243441592,14.42331756558408,China
8829,3,26.3,12.121019256398883,14.178980743601118,China
8830,3,20.616364,10.541342560744335,10.075021439255666,China
8831,3,20.090909,11.187898263132787,8.903010736867213,China
8832,3,18.265,11.285948373798021,6.979051626201979,China
8833,3,25.068421,11.631073193252538,13.437347806747463,China
8834,3,25.589474,10.8569395782068,14.732534421793199,China
8835,3,17.168421,10.808219309556513,6.3602016904434855,China
8836,3,25.700001,10.619474483670333,15.080526516329668,China
8837,3,25.15,10.943013100437673,14.206986899562326,China
8838,3,21.388889,10.945623565172681,10.443265434827318,China
8839,3,24.733334,10.819233510534808,13.914100489465191,China
8840,3,27.873529,11.587147655711691,16.28638134428831,China
8841,3,26.233334,10.993640312387429,15.23969368761257,China
8842,3,24.924138,11.686116407870841,13.238021592129158,China
8843,3,29.829412,9.699904342230758,20.129507657769246,China
8844,3,19.968085,10.87149586250294,9.096589137497059,China
8845,3,24.844827,10.510606718673275,14.334220281326724,China
8846,3,26.47561,11.616463177124439,14.85914682287556,China
8847,3,26.975556,11.579687344839854,15.395868655160147,China
8848,3,26.988889,11.595013413876892,15.393875586123109,China
8849,3,21.983333,12.638411200468894,9.344921799531104,China
8850,3,20.171905,11.172783376522545,8.999121623477453,China
8851,3,26.478572,11.030429760585587,15.448142239414413,China
8852,3,15.993333,12.711939153197312,3.281393846802688,China
8853,3,16.803333,13.763277559615057,3.0400554403849416,China
8854,3,36.62,11.691173556118335,24.92882644388166,China
8855,3,31.828572,11.463157911232082,20.36541408876792,China
8856,3,29.557143,12.804975214637603,16.752167785362396,China
8857,3,33.415,11.401899853483709,22.01310014651629,China
8858,3,25.665384,11.769160000463348,13.896223999536652,China
8859,3,24.72,12.91791453614232,11.80208546385768,China
8860,3,17.970588,10.84977356628566,7.12081443371434,China
8861,3,26.303125,10.396840686180278,15.906284313819723,China
8862,3,26.063158,9.91648001939572,16.14667798060428,China
8863,3,30.74,9.55948232080741,21.18051767919259,China
8864,3,31.0,9.572681083571778,21.42731891642822,China
8865,3,25.720833,11.882548553891123,13.838284446108876,China
8866,3,29.016667,9.90133149002578,19.115335509974223,China
8867,3,24.09,8.33269236881465,15.75730763118535,China
8868,3,26.2,8.671914432462886,17.52808556753711,China
8869,3,28.7,8.62103528467092,20.07896471532908,China
8870,3,45.15,9.720191868664214,35.42980813133578,China
8871,3,45.866667,12.112438330176591,33.754228669823405,China
8872,3,45.6,13.557830338983697,32.0421696610163,China
8873,3,41.008333,11.244974290519778,29.763358709480222,China
8874,3,46.400002,11.518510574644983,34.881491425355016,China
8875,3,45.6,7.787143545070828,37.812856454929175,China
8876,3,43.185714,7.517896271166727,35.66781772883327,China
8877,3,55.4,7.634721864483167,47.76527813551683,China
8878,3,50.454545,8.540103319258169,41.91444168074183,China
8879,3,57.799999,8.50471375803114,49.295285241968855,China
8880,3,59.566667,8.30308967305725,51.26357732694275,China
8881,3,59.75,9.338882548973757,50.41111745102624,China
8882,3,48.7,8.493017159126653,40.20698284087335,China
8883,3,55.699999,7.636126281027901,48.0638727189721,China
8884,3,58.785714,8.554917873239535,50.23079612676047,China
8885,3,58.099998,7.783626416466822,50.316371583533176,China
8886,3,55.575,8.368154290944938,47.20684570905507,China
8887,3,27.24,8.520501284983023,18.719498715016975,China
8888,3,26.123077,8.771186784931318,17.35189021506868,China
8889,3,26.375472,8.149724654469189,18.22574734553081,China
8890,3,27.482353,8.172905449124857,19.30944755087514,China
8891,3,35.133333,10.203181247085917,24.930151752914085,China
8892,3,34.588889,9.773853867868853,24.81503513213115,China
8893,3,35.816666,9.929747093253917,25.886918906746082,China
8894,3,38.599998,9.91342234823269,28.68657565176731,China
8895,3,35.080769,8.927664307412027,26.15310469258797,China
8896,3,37.35,13.25067513910241,24.09932486089759,China
8897,3,36.1,12.292885573715484,23.807114426284517,China
8898,3,39.26,12.85779795493884,26.40220204506116,China
8899,3,37.466667,13.272734799818476,24.193932200181525,China
8900,3,30.338462,13.681641746839714,16.656820253160284,China
8901,3,25.82381,13.255983359840155,12.567826640159847,China
8902,3,38.0,12.92893901023982,25.07106098976018,China
8903,3,33.378125,12.663047597779919,20.71507740222008,China
8904,3,37.18,13.392149610379038,23.787850389620964,China
8905,3,35.430769,12.097645140457734,23.333123859542262,China
8906,3,20.580645,13.227040046010446,7.353604953989555,China
8907,3,34.714286,13.208383861859925,21.505902138140076,China
8908,3,33.259259,12.179047560067959,21.080211439932043,China
8909,3,25.95,12.251505096054572,13.698494903945427,China
8910,3,31.207693,13.459218378358594,17.748474621641407,China
8911,3,35.54375,13.235361475934535,22.308388524065467,China
8912,3,26.184211,13.160309378338452,13.02390162166155,China
8913,3,36.64,13.348425517903586,23.291574482096415,China
8914,3,29.473077,12.156720899016548,17.31635610098345,China
8915,3,34.633333,11.602855755439123,23.030477244560878,China
8916,3,26.9,12.074669145186377,14.825330854813622,China
8917,3,23.651282,12.056456595525285,11.594825404474713,China
8918,3,28.435714,11.686127613465262,16.749586386534737,China
8919,3,25.178261,12.426688335216866,12.751572664783133,China
8920,3,24.4,11.529982227271546,12.870017772728453,China
8921,3,29.094117,12.958805630159166,16.135311369840835,China
8922,3,36.457143,12.647416443745495,23.809726556254507,China
8923,3,36.3375,11.968018629467618,24.36948137053238,China
8924,3,21.7,12.156507477329567,9.543492522670432,China
8925,3,23.9,12.547655980829155,11.352344019170843,China
8926,3,54.449999,11.188345461839797,43.2616535381602,China
8927,3,49.328571,12.108746364554934,37.219824635445065,China
8928,3,50.840001,12.040299132155202,38.7997018678448,China
8929,3,52.964706,12.974962665514933,39.98974333448507,China
8930,3,50.318182,12.87436447151666,37.443817528483336,China
8931,3,52.449999,11.3895332296827,41.0604657703173,China
8932,3,49.5875,12.624337065066365,36.963162934933635,China
8933,3,51.20625,9.338941407314408,41.86730859268559,China
8934,3,53.3,8.571597548573962,44.728402451426035,China
8935,3,49.466667,9.460140016290135,40.00652698370987,China
8936,3,27.1,9.874377880106447,17.225622119893554,China
8937,3,28.052174,14.223561571463105,13.828612428536896,China
8938,3,38.099998,12.776961336326544,25.323036663673456,China
8939,3,43.099998,14.686350234263866,28.413647765736133,China
8940,3,41.199999,13.655126966749007,27.54487203325099,China
8941,3,43.400002,13.500274032988052,29.89972796701195,China
8942,3,21.615789,13.648457126421702,7.967331873578297,China
8943,3,38.033333,14.520550294839502,23.512782705160497,China
8944,3,31.775,13.742963522751289,18.03203647724871,China
8945,3,35.885,13.159257934792358,22.72574206520764,China
8946,3,41.715385,12.929660224718612,28.785724775281388,China
8947,3,48.758334,13.50494638418435,35.25338761581565,China
8948,3,42.257895,12.606870298905914,29.651024701094084,China
8949,3,48.43125,13.374862978925185,35.05638702107481,China
8950,3,50.853334,14.35121270477684,36.502121295223155,China
8951,3,49.481818,13.223187437084283,36.25863056291571,China
8952,3,51.911111,12.396508551588264,39.514602448411736,China
8953,3,46.821428,11.37371112497045,35.44771687502955,China
8954,3,47.410526,14.131079754761679,33.27944624523832,China
8955,3,48.950001,13.405735380682456,35.54426561931754,China
8956,3,31.956,14.475355589651738,17.480644410348262,China
8957,3,33.542857,13.984890991311907,19.55796600868809,China
8958,3,31.523077,14.93693929473093,16.58613770526907,China
8959,3,32.66,14.194885477225444,18.465114522774552,China
8960,3,41.533333,13.010827537169906,28.522505462830093,China
8961,3,54.422223,13.767215071914269,40.65500792808574,China
8962,3,55.12,13.816600552288792,41.30339944771121,China
8963,3,50.266667,12.095496050808352,38.17117094919165,China
8964,3,40.382353,13.135468241142624,27.246884758857377,China
8965,3,53.025,13.495082047232689,39.529917952767306,China
8966,3,52.666667,13.154493754202356,39.51217324579764,China
8967,3,43.92,13.207421197031273,30.71257880296873,China
8968,3,43.566667,14.03219673108257,29.53447026891743,China
8969,3,38.892308,14.89132157537566,24.00098642462434,China
8970,3,42.766666,13.650973542987916,29.115692457012084,China
8971,3,39.735714,9.695915437083006,30.039798562916996,China
8972,3,41.75,9.644878925884237,32.105121074115765,China
8973,3,43.099998,9.665601637695357,33.43439636230464,China
8974,3,65.807142,11.95034268346075,53.85679931653925,China
8975,3,69.434999,13.478766050741394,55.95623294925861,China
8976,3,32.022222,13.870086249874486,18.152135750125513,China
8977,3,26.535,13.987882725628829,12.547117274371171,China
8978,3,23.947059,14.469041293829818,9.478017706170181,China
8979,3,24.55,14.057389427532733,10.492610572467267,China
8980,3,24.516666,13.82294239667531,10.69372360332469,China
8981,3,28.24375,14.103956916333917,14.139793083666081,China
8982,3,23.978261,14.203575117236193,9.774685882763807,China
8983,3,26.641379,13.9875267294052,12.6538522705948,China
8984,3,24.452,10.471976481492598,13.980023518507403,China
8985,3,30.976923,12.737716134061147,18.239206865938854,China
8986,3,24.621429,12.427692932420584,12.193736067579415,China
8987,3,25.424,12.534293303938735,12.889706696061264,China
8988,3,24.818919,11.917130727865601,12.9017882721344,China
8989,3,23.953334,12.468906929279107,11.484427070720894,China
8990,3,46.777778,10.62114157227091,36.15663642772909,China
8991,3,47.42,11.519174678157063,35.90082532184294,China
8992,3,47.823809,11.762391642004046,36.06141735799595,China
8993,3,48.771429,11.547617196143205,37.22381180385679,China
8994,3,25.790909,12.091180980790933,13.699728019209067,China
8995,3,25.284211,11.760059792173497,13.524151207826502,China
8996,3,23.31,11.696014910006884,11.613985089993115,China
8997,3,29.3,11.799248332839287,17.500751667160714,China
8998,3,26.722222,11.961516496261465,14.760705503738533,China
8999,3,25.735294,11.91178274913916,13.82351125086084,China
9000,3,30.47,14.264655422069243,16.205344577930756,China
9001,3,35.282608,13.787890939283141,21.494717060716862,China
9002,3,38.416667,13.109087764494525,25.30757923550547,China
9003,3,37.966666,13.454724360901784,24.51194163909821,China
9004,3,35.675,14.103160025054308,21.57183997494569,China
9005,3,31.903448,14.316010231740542,17.58743776825946,China
9006,3,36.945454,14.700143156226957,22.24531084377304,China
9007,3,54.06,13.223778040394915,40.83622195960508,China
9008,3,54.6375,9.726450854924504,44.911049145075495,China
9009,3,59.85,12.082957290690835,47.767042709309166,China
9010,3,59.474999,11.185536232979079,48.28946276702092,China
9011,3,59.814286,11.696164506451117,48.118121493548884,China
9012,3,59.4375,10.429428926226645,49.00807107377335,China
9013,3,61.783333,11.200666165057683,50.582666834942316,China
9014,3,56.56875,11.405012430741042,45.163737569258956,China
9015,3,32.676923,10.169037914176908,22.507885085823094,China
9016,3,33.07,13.240514737073315,19.829485262926685,China
9017,3,14.826144,13.818093761797794,1.0080502382022054,China
9018,3,27.079754,12.978509163521991,14.10124483647801,China
9019,3,25.626667,12.853937829900389,12.772729170099613,China
9020,3,25.25,12.751483180676928,12.498516819323072,China
9021,3,21.927273,14.056269709166106,7.871003290833894,China
9022,3,26.0,10.655118228326677,15.344881771673323,China
9023,3,23.9,10.65756552431523,13.24243447568477,China
9024,3,32.476471,14.230557838833388,18.24591316116661,China
9025,3,47.578572,12.20017185119243,35.37840014880757,China
9026,3,26.875,12.417542135665881,14.457457864334119,China
9027,3,26.9,12.453084272798696,14.446915727201302,China
9028,3,32.533333,13.948338820918993,18.584994179081008,China
9029,3,19.529412,13.580688261681146,5.948723738318854,China
9030,3,20.58,11.929583966455372,8.650416033544627,China
9031,3,26.218182,13.911530476081705,12.306651523918294,China
9032,3,26.88,13.402472728606693,13.477527271393306,China
9033,3,28.15,14.37552068265789,13.77447931734211,China
9034,3,28.37,12.228752242548593,16.14124775745141,China
9035,3,34.264286,14.092646613077502,20.171639386922497,China
9036,3,33.022222,14.017868618025684,19.004353381974315,China
9037,3,21.1,12.52208387136234,8.57791612863766,China
9038,3,44.777778,13.033206505502733,31.744571494497265,China
9039,3,15.454278,11.311837131913855,4.142440868086146,China
9040,3,11.948837,11.786102637902458,0.16273436209754166,China
9041,3,13.727273,12.063596645825069,1.6636763541749318,China
9042,3,16.0,10.179469775258847,5.8205302247411534,China
9043,3,15.362162,10.28118304236298,5.08097895763702,China
9044,3,16.75,10.673535107335843,6.076464892664157,China
9045,3,13.45,10.865483212967439,2.5845167870325607,China
9046,3,21.89,11.27399932868595,10.616000671314051,China
9047,3,12.759375,10.652784056147473,2.1065909438525274,China
9048,3,21.4,12.534110932982127,8.865889067017871,China
9049,3,18.0625,12.968485901081426,5.094014098918574,China
9050,3,11.4,13.509593981829976,2.109593981829976,China
9051,3,17.243478,12.941439961335007,4.302038038664993,China
9052,3,20.788889,13.527331025367557,7.261557974632444,China
9053,3,12.583333,13.248653918127685,0.6653209181276853,China
9054,3,15.5,13.527873162731336,1.9721268372686644,China
9055,3,14.983333,12.529996119974623,2.453336880025377,China
9056,3,14.383333,12.91106448706266,1.4722685129373403,China
9057,3,13.0725,10.83965830485752,2.232841695142479,China
9058,3,15.613333,10.700437903970993,4.912895096029008,China
9059,3,21.209091,11.666002055090003,9.543088944909998,China
9060,3,17.692857,12.457836882143754,5.235020117856246,China
9061,3,24.733334,11.951039335217557,12.782294664782443,China
9062,3,23.38,12.536881943721006,10.843118056278993,China
9063,3,44.741177,8.628340029889735,36.112836970110266,China
9064,3,37.057894,13.258566161295036,23.79932783870496,China
9065,3,13.908333,7.690230119576533,6.2181028804234675,China
9066,3,14.7,7.551796275374393,7.148203724625606,China
9067,3,14.857143,9.881981837719916,4.975161162280084,China
9068,3,14.83,9.5415167186221,5.2884832813779,China
9069,3,15.354545,9.763602889217555,5.590942110782445,China
9070,3,18.799999,9.036918472382721,9.763080527617278,China
9071,3,18.727778,8.238021498045187,10.489756501954814,China
9072,3,21.47,11.490514707985703,9.979485292014296,China
9073,3,19.208333,10.062413621782685,9.145919378217314,China
9074,3,19.475,8.826013878511294,10.648986121488708,China
9075,3,21.63421,9.339554848766898,12.294655151233101,China
9076,3,19.457143,13.010760290929174,6.446382709070825,China
9077,3,17.982759,8.613328794552622,9.36943020544738,China
9078,3,16.811111,8.378285487902033,8.432825512097967,China
9079,3,17.042857,8.688790860487247,8.354066139512755,China
9080,3,52.9375,9.228976614014348,43.70852338598565,China
9081,3,52.2625,9.744122341233583,42.51837765876642,China
9082,3,51.572728,9.386530690888277,42.18619730911172,China
9083,3,50.544445,13.666202427584562,36.878242572415445,China
9084,3,57.4,13.166951728183403,44.2330482718166,China
9085,3,57.099998,8.715410836116277,48.38458716388372,China
9086,3,57.0,12.224982382469479,44.77501761753052,China
9087,3,56.533333,10.27526764886873,46.258065351131265,China
9088,3,52.549999,10.78501887075143,41.76498012924857,China
9089,3,59.299999,11.082754146474777,48.21724485352522,China
9090,3,20.200001,9.130010415966433,11.069990584033567,China
9091,3,21.200001,8.849878265768956,12.350122734231045,China
9092,3,19.1,12.695931695674366,6.4040683043256355,China
9093,3,19.700001,12.423620471372244,7.276380528627756,China
9094,3,50.023077,8.328663846042323,41.694413153957676,China
9095,3,46.550001,8.372202112971928,38.177798887028075,China
9096,3,50.838462,8.084396070614492,42.754065929385504,China
9097,3,42.0,7.526911176997546,34.473088823002456,China
9098,3,12.125,7.650879956797272,4.474120043202728,China
9099,3,37.954545,8.220179160088431,29.734365839911572,China
9100,3,23.883333,6.927775918303155,16.955557081696846,China
9101,3,0.0,1.8144680503867727,1.8144680503867727,China
9102,3,0.0,3.6067213021297944,3.6067213021297944,China
9103,4,11.6750000517,12.268644154757034,0.5936441030570343,EU
9104,4,10.9748718115,11.909589553654266,0.9347177421542661,EU
9105,4,10.7559828758,11.784783156116799,1.0288002803167995,EU
9106,4,12.2000001272,13.00956861019666,0.8095684829966601,EU
9107,4,10.8099099065,11.524460161767392,0.7145502552673921,EU
9108,4,9.97916666004,12.455490260218369,2.476323600178368,EU
9109,4,9.81547620183,11.636663772945132,1.8211875711151322,EU
9110,4,10.8542857851,13.584623557607504,2.7303377725075038,EU
9111,4,10.4233333588,8.814515822161479,1.6088175366385222,EU
9112,4,9.16838709924,11.14096147432133,1.9725743750813294,EU
9113,4,9.38275856807,11.503677144260001,2.1209185761900002,EU
9114,4,10.0333331426,14.285344826394223,4.252011683794223,EU
9115,4,11.320512845,14.131625255874125,2.8111124108741254,EU
9116,4,11.2800000668,8.76140553612198,2.518594530678019,EU
9117,4,9.89999997616,13.06591597967908,3.1659160035190794,EU
9118,4,9.79555561278,9.290777141233518,0.5047784715464818,EU
9119,4,10.4444445151,10.204202158954509,0.24024235614549205,EU
9120,4,8.23921568253,10.350089957372438,2.1108742748424376,EU
9121,4,7.52909094204,12.745858105702347,5.216767163662347,EU
9122,4,8.26818185503,11.879046238920466,3.6108643838904655,EU
9123,4,19.7259037064,13.744696606505187,5.981207099894814,EU
9124,4,23.3741935255,11.089947738878319,12.284245786621682,EU
9125,4,19.7186046689,14.605132860492875,5.113471808407125,EU
9126,4,19.6157657477,10.786375961829842,8.829389785870157,EU
9127,4,20.7265432735,10.183034308996355,10.543508964503644,EU
9128,4,20.41129706,14.997155545870813,5.414141514129186,EU
9129,4,12.3666666349,12.706630870532415,0.33996423563241507,EU
9130,4,17.2527473366,11.337453013435631,5.9152943231643675,EU
9131,4,11.8411764327,9.748212118605844,2.0929643140941554,EU
9132,4,10.4286363775,13.845618776806985,3.4169823993069848,EU
9133,4,11.0778760868,12.013466895804779,0.9355908090047791,EU
9134,4,12.9094936999,9.866691088383599,3.042802611516402,EU
9135,4,14.9725664274,9.350360632970208,5.622205794429792,EU
9136,4,16.724242456,11.569753571976868,5.154488884023131,EU
9137,4,12.2872093057,13.573474709718685,1.2862654040186854,EU
9138,4,9.26436784898,9.585691236645335,0.32132338766533586,EU
9139,4,9.12777777324,11.488308091572733,2.3605303183327333,EU
9140,4,11.0430555344,13.784244886905737,2.741189352505737,EU
9141,4,9.13563220802,11.598582244820724,2.4629500368007236,EU
9142,4,9.88846155772,9.603804809626364,0.28465674809363506,EU
9143,4,9.67976192633,11.813980670339802,2.134218744009802,EU
9144,4,10.3639999771,12.466382955227187,2.1023829781271868,EU
9145,4,10.0877272909,9.286402796924403,0.8013244939755975,EU
9146,4,9.7264705984,9.922788038704837,0.19631744030483667,EU
9147,4,8.78349515072,12.183333642967654,3.399838492247653,EU
9148,4,8.66666664018,8.9466644641693,0.27999782398929973,EU
9149,4,9.34230770515,12.257103975938122,2.9147962707881216,EU
9150,4,8.59009902312,11.98125180018143,3.3911527770614303,EU
9151,4,9.4542553019,13.971303200553022,4.517047898653022,EU
9152,4,7.90303032326,14.501734433650158,6.598704110390158,EU
9153,4,9.62686572383,9.330844142021057,0.2960215818089438,EU
9154,4,10.9833333492,12.911092867601166,1.9277595184011656,EU
9155,4,8.1433333238,12.959159668566198,4.815826344766197,EU
9156,4,11.4836734558,12.25188568002711,0.7682122242271099,EU
9157,4,9.40476192747,11.067916890954155,1.6631549634841551,EU
9158,4,9.58055557807,8.999129885330076,0.5814256927399235,EU
9159,4,9.93032787667,11.41454314818268,1.4842152715126797,EU
9160,4,8.75309732741,11.417429416209913,2.664332088799913,EU
9161,4,10.9626903679,11.349889074918806,0.3871987070188059,EU
9162,4,10.3833333651,15.067119304320112,4.683785939220112,EU
9163,4,10.1899999619,16.1810961241709,5.9910961622709,EU
9164,4,9.10289859081,12.009818929137017,2.9069203383270175,EU
9165,4,9.2923076965,9.02158304954405,0.27072464695594967,EU
9166,4,8.65504588993,11.32274929735912,2.667703407429121,EU
9167,4,10.1335504886,12.596504253242573,2.462953764642574,EU
9168,4,9.083606505,9.495305225583785,0.4116987205837841,EU
9169,4,8.60769231961,12.268166503151978,3.660474183541977,EU
9170,4,8.49568969628,12.36046952428105,3.8647798280010512,EU
9171,4,9.07159087333,12.059074665581434,2.9874837922514335,EU
9172,4,8.42222225666,11.733822098360726,3.311599841700726,EU
9173,4,8.84628102011,11.631429581832887,2.7851485617228864,EU
9174,4,10.4280000076,12.516586955282339,2.088586947682339,EU
9175,4,9.62386358868,11.777531664420852,2.1536680757408515,EU
9176,4,12.4272726232,12.994033372995595,0.5667607497955949,EU
9177,4,8.26717325402,10.359920426806124,2.092747172786124,EU
9178,4,7.61296298769,13.158389520799727,5.545426533109727,EU
9179,4,10.9109243425,13.157153196287272,2.2462288537872723,EU
9180,4,7.78888894305,10.63608377819474,2.84719483514474,EU
9181,4,7.5274131252,13.191977729290015,5.664564604090015,EU
9182,4,9.05161290015,14.35430003049854,5.3026871303485414,EU
9183,4,8.32792795027,14.116794299834584,5.788866349564584,EU
9184,4,18.2575757479,13.448283807263444,4.809291940636555,EU
9185,4,14.7074829737,10.370935856274588,4.336547117425411,EU
9186,4,14.753846179,12.154526473842292,2.5993197051577077,EU
9187,4,13.1190184377,13.24797396484542,0.12895552714542013,EU
9188,4,17.4111842544,14.745438737619718,2.66574551678028,EU
9189,4,13.457894777,14.682462863934516,1.2245680869345161,EU
9190,4,12.6241829567,9.17057119421115,3.453611762488851,EU
9191,4,16.4777227864,13.734854746668526,2.7428680397314746,EU
9192,4,12.5301724467,11.824580997269594,0.7055914494304059,EU
9193,4,7.86115707445,13.79190788612266,5.9307508116726595,EU
9194,4,13.8736842306,14.010866316426334,0.13718208582633373,EU
9195,4,17.3965518228,12.500575417908593,4.895976404891407,EU
9196,4,14.8367088414,13.561256000474327,1.2754528409256736,EU
9197,4,16.3041666547,11.989962321825942,4.314204332874059,EU
9198,4,9.20828400561,13.020646291719531,3.812362286109531,EU
9199,4,7.13348017075,9.519900217835342,2.386420047085342,EU
9200,4,8.72659574417,13.729762803003702,5.003167058833702,EU
9201,4,9.21941748869,11.774129466127146,2.5547119774371456,EU
9202,4,5.12641510792,12.858613479288067,7.732198371368067,EU
9203,4,4.77727280964,12.653838764107883,7.876565954467883,EU
9204,4,3.97800503581,14.170024213640946,10.192019177830947,EU
9205,4,4.59185317807,14.48721350702837,9.89536032895837,EU
9206,4,5.40416662561,12.82381091911515,7.41964429350515,EU
9207,4,6.46736112458,12.73849557241386,6.271134447833861,EU
9208,4,8.23138077389,12.437843158456861,4.20646238456686,EU
9209,4,10.9169683322,12.958484780381934,2.041516448181934,EU
9210,4,11.7330508232,11.350555441207103,0.38249538199289645,EU
9211,4,13.6999998093,13.840238699834352,0.14023889053435212,EU
9212,4,12.0,14.165689709788891,2.165689709788891,EU
9213,4,10.06111115,12.479771474090205,2.4186603240902045,EU
9214,4,7.99682542256,13.612424664612721,5.615599242052721,EU
9215,4,7.79040156476,14.06095050739859,6.270548942638591,EU
9216,4,8.92619053523,11.230303223088725,2.3041126878587246,EU
9217,4,7.81111111293,13.696064155890772,5.884953042960772,EU
9218,4,9.52241377584,9.166620668459798,0.35579310738020276,EU
9219,4,7.2449019563,12.282087170465527,5.037185214165527,EU
9220,4,8.02411575716,12.262760669871465,4.2386449127114645,EU
9221,4,10.0863158276,13.609013857961141,3.5226980303611413,EU
9222,4,9.98461547265,13.960244228606099,3.975628755956098,EU
9223,4,9.8396067472,9.906967928853835,0.06736118165383509,EU
9224,4,9.09009707923,13.37092586383331,4.28082878460331,EU
9225,4,12.4333335029,13.681644031828085,1.2483105289280854,EU
9226,4,8.89732443928,12.982095642323944,4.084771203043944,EU
9227,4,7.79914894104,13.183958366825532,5.384809425785532,EU
9228,4,8.55396341551,12.256942901523454,3.7029794860134544,EU
9229,4,6.77828283262,11.877496036489587,5.099213203869587,EU
9230,4,7.10996678026,11.890764326148101,4.780797545888102,EU
9231,4,8.3686916026,11.825470708568101,3.456779105968101,EU
9232,4,9.7840764234,12.3331819448245,2.549105521424499,EU
9233,4,9.33939400105,12.593554830113906,3.254160829063906,EU
9234,4,7.71702131819,12.750963121619934,5.033941803429935,EU
9235,4,10.6947368823,11.805195960565651,1.1104590782656505,EU
9236,4,8.38937827343,13.002668973953355,4.613290700523356,EU
9237,4,7.80923081178,11.720194841672797,3.9109640298927966,EU
9238,4,9.92820513554,11.72768798187006,1.7994828463300596,EU
9239,4,9.76369864973,8.559318394048287,1.2043802556817127,EU
9240,4,8.75126583063,12.135854310133695,3.3845884795036945,EU
9241,4,8.37916670077,12.879730136118097,4.500563435348097,EU
9242,4,9.8243902156,11.790429104343229,1.9660388887432294,EU
9243,4,8.33890064574,11.465870865202428,3.126970219462427,EU
9244,4,8.63569938962,12.595120871438596,3.9594214818185964,EU
9245,4,14.3852234083,13.908625916719192,0.476597491580808,EU
9246,4,10.2564102564,11.813546905696912,1.5571366492969112,EU
9247,4,17.3488971135,11.957225344877632,5.39167176862237,EU
9248,4,10.9852459392,11.453884335237069,0.46863839603706836,EU
9249,4,12.5443478128,11.35164743563043,1.1927003771695706,EU
9250,4,12.3624999921,12.216299304337074,0.14620068776292605,EU
9251,4,11.6958333055,11.34258484329309,0.35324846220691164,EU
9252,4,8.33761065091,13.549905178660635,5.212294527750636,EU
9253,4,14.607058828,12.240615818356435,2.3664430096435645,EU
9254,4,14.9511521379,12.24135573728138,2.70979640061862,EU
9255,4,12.167153254,12.53783071100893,0.37067745700892907,EU
9256,4,12.8221374031,13.728148688715752,0.9060112856157527,EU
9257,4,15.3348101362,11.434550907362727,3.900259228837273,EU
9258,4,14.6361446323,12.484891460065345,2.1512531722346555,EU
9259,4,14.5291079938,13.265024290910947,1.264083702889053,EU
9260,4,6.81904765538,12.861965971617817,6.042918316237817,EU
9261,4,11.6999998093,6.616105802047425,5.0838940072525745,EU
9262,4,15.6602055932,13.296866550317263,2.363339042882737,EU
9263,4,14.3781481778,14.238871113201547,0.13927706459845268,EU
9264,4,16.9170798835,14.567228543093258,2.349851340406744,EU
9265,4,10.1478260911,11.267783473539158,1.119957382439157,EU
9266,4,10.0384615018,8.331280071283956,1.7071814305160444,EU
9267,4,10.6927536536,11.823338478317162,1.130584824717161,EU
9268,4,11.1791666746,12.005937630998268,0.8267709563982688,EU
9269,4,12.0999999046,10.351560854067131,1.7484390505328697,EU
9270,4,10.9891304141,10.868056116420236,0.12107429767976363,EU
9271,4,10.9833333833,13.390390850674336,2.4070574673743366,EU
9272,4,11.4799999619,14.684352246979993,3.2043522850799917,EU
9273,4,9.54374995828,11.853599530434257,2.309849572154258,EU
9274,4,9.51836735862,11.792356796757826,2.273989438137825,EU
9275,4,9.38108106562,10.97367331316866,1.5925922475486605,EU
9276,4,10.4514705574,8.337661781725657,2.113808775674343,EU
9277,4,11.4362744818,13.046880853540724,1.6106063717407242,EU
9278,4,12.6893616813,12.359011926097454,0.33034975520254584,EU
9279,4,11.3610526637,11.811135236829081,0.4500825731290803,EU
9280,4,12.2379235044,13.595084766616274,1.357161262216275,EU
9281,4,8.5617647171,11.899945027646442,3.3381803105464414,EU
9282,4,11.9212184874,13.089076854525759,1.1678583671257599,EU
9283,4,9.78710936569,13.464295396366389,3.6771860306763884,EU
9284,4,18.0281552667,14.528065761346896,3.5000895053531043,EU
9285,4,11.6158653956,14.07661505221539,2.4607496566153895,EU
9286,4,11.2509578581,12.592414556435923,1.3414566983359233,EU
9287,4,13.4228260413,15.615586991885529,2.1927609505855283,EU
9288,4,10.4798076611,11.028184422409716,0.548376761309715,EU
9289,4,10.8322709376,12.944447035162417,2.1121760975624166,EU
9290,4,8.68072291455,10.968626051835077,2.2879031372850775,EU
9291,4,13.8124514034,13.542568135410692,0.26988326798930906,EU
9292,4,10.9415094448,12.137058894160525,1.1955494493605254,EU
9293,4,11.1085714,11.5691793292607,0.46060792926069993,EU
9294,4,21.2783898257,11.677849326355666,9.600540499344334,EU
9295,4,17.1978354888,11.535121734308552,5.662713754491447,EU
9296,4,21.6868420952,11.489004723301957,10.197837371898043,EU
9297,4,18.4021084538,12.71498463599379,5.68712381780621,EU
9298,4,16.34383564,14.795395506068676,1.5484401339313258,EU
9299,4,15.4557339751,14.683303952512041,0.7724300225879581,EU
9300,4,15.3309227047,15.818614612011801,0.4876919073118007,EU
9301,4,17.1868217084,15.144765485000704,2.042056223399296,EU
9302,4,15.705679034,14.90440560247314,0.8012734315268588,EU
9303,4,18.3761903672,17.269945005337753,1.1062453618622463,EU
9304,4,14.4659259255,15.574306480939219,1.1083805554392185,EU
9305,4,17.2672645885,9.809413453363362,7.457851135136639,EU
9306,4,13.8033132725,10.054823433248337,3.748489839251663,EU
9307,4,16.2560166165,11.302498599369551,4.953518017130447,EU
9308,4,13.8749003885,10.5347811116173,3.3401192768827013,EU
9309,4,6.88289471049,14.932784203363923,8.049889492873923,EU
9310,4,7.1692307729,13.604686050461531,6.435455277561531,EU
9311,4,8.6071428912,13.686596933864331,5.079454042664331,EU
9312,4,6.39752322897,13.160605020035339,6.763081791065339,EU
9313,4,7.04733332793,11.693541214559527,4.6462078866295276,EU
9314,4,5.94285712923,12.72407110125436,6.78121397202436,EU
9315,4,4.11428577559,10.468048775714053,6.353763000124053,EU
9316,4,23.0606666946,11.185675157627612,11.874991536972386,EU
9317,4,13.9721311402,9.678800078079696,4.293331062120304,EU
9318,4,17.685641054,11.00178165581065,6.683859398189352,EU
9319,4,19.2398647747,11.998974995833857,7.240889778866142,EU
9320,4,15.9482353023,10.80661888919306,5.14161641310694,EU
9321,4,14.9333333036,11.824617356750938,3.1087159468490615,EU
9322,4,11.9171521116,9.564832154299275,2.3523199573007254,EU
9323,4,17.1300309981,10.566696555304166,6.563334442795835,EU
9324,4,19.0581967792,12.179470337226144,6.878726441973855,EU
9325,4,13.1129251792,14.360145314968907,1.2472201357689077,EU
9326,4,13.1173913375,13.703111288410827,0.5857199509108266,EU
9327,4,13.9526595765,14.157020304933006,0.2043607284330058,EU
9328,4,12.610000017,14.141954822491115,1.5319548054911145,EU
9329,4,15.202450972,13.411737613596713,1.790713358403286,EU
9330,4,15.9559585542,13.59043916095868,2.365519393241321,EU
9331,4,6.34359999466,13.269321800850987,6.925721806190987,EU
9332,4,4.60583089392,11.623462986760245,7.017632092840245,EU
9333,4,5.23555939857,12.84811039444576,7.612550995875759,EU
9334,4,3.79300932021,12.185496544410581,8.39248722420058,EU
9335,4,5.46880598282,12.336234457531658,6.867428474711658,EU
9336,4,5.22072072072,11.707804076091683,6.487083355371683,EU
9337,4,7.12705312489,13.826883710661647,6.699830585771648,EU
9338,4,6.48141265536,13.130134772085785,6.648722116725786,EU
9339,4,10.1542553293,11.70141191207188,1.5471565827718798,EU
9340,4,8.97835051153,13.873640933551119,4.8952904220211195,EU
9341,4,8.0087786467,13.90334323857647,5.89456459187647,EU
9342,4,8.18095239003,13.079260819182737,4.898308429152737,EU
9343,4,7.17765957751,11.666263616920125,4.4886040394101245,EU
9344,4,9.28695649686,9.04548887780533,0.24146761905467073,EU
9345,4,10.6263157568,11.891844593489127,1.2655288366891266,EU
9346,4,9.44339620842,11.942862704793473,2.499466496373474,EU
9347,4,10.0220930438,10.60555577218839,0.5834627283883904,EU
9348,4,9.59772723371,8.816494376143865,0.7812328575661347,EU
9349,4,9.6025640292,12.79402385539874,3.1914598261987397,EU
9350,4,9.75116283949,12.12602211931923,2.3748592798292307,EU
9351,4,10.8359999657,12.07513752402939,1.239137558329391,EU
9352,4,10.1406249106,13.730652985772984,3.5900280751729845,EU
9353,4,9.92222224341,15.352452629063354,5.4302303856533545,EU
9354,4,10.1150442647,10.801686168578165,0.686641903878165,EU
9355,4,11.3666666576,12.081486737377558,0.7148200797775583,EU
9356,4,11.2666666667,9.57583933296445,1.6908273337355517,EU
9357,4,9.76666673024,14.138089143158757,4.371422412918756,EU
9358,4,10.8890624195,11.505977841338984,0.6169154218389838,EU
9359,4,11.100000004,12.570048443557049,1.4700484395570488,EU
9360,4,9.64328353085,9.933444707845684,0.29016117699568333,EU
9361,4,9.95131576689,12.293521441347464,2.342205674457464,EU
9362,4,10.2499999749,8.780473687086978,1.4695262878130215,EU
9363,4,10.8174999595,9.86925215720326,0.9482478022967396,EU
9364,4,12.0200000763,14.351459736039184,2.331459659739183,EU
9365,4,10.1833333969,13.104816082507442,2.921482685607442,EU
9366,4,12.0,13.430719754091577,1.4307197540915766,EU
9367,4,11.8499999046,14.13621058268813,2.28621067808813,EU
9368,4,11.1159090779,10.294607655355406,0.8213014225445932,EU
9369,4,10.0716049289,11.522065455271232,1.4504605263712325,EU
9370,4,11.2166668574,13.74898504211029,2.53231818471029,EU
9371,4,9.24400001526,8.459519082462695,0.7844809327973046,EU
9372,4,10.1766467066,10.352441231122835,0.17579452452283562,EU
9373,4,9.63902436233,11.590447779648617,1.9514234173186171,EU
9374,4,8.76835440986,11.545246806692433,2.776892396832432,EU
9375,4,8.89157893532,12.368515390236098,3.476936454916098,EU
9376,4,10.6736841704,13.532163122804384,2.8584789524043845,EU
9377,4,9.59024392105,9.29985823880248,0.2903856822475195,EU
9378,4,6.66456310417,15.006064465761922,8.341501361591922,EU
9379,5,7.89999997616,11.879664348752172,3.979664372592172,USA
9380,5,6.63888888889,8.822163913562747,2.1832750246727466,USA
9381,5,7.09333333969,9.04497630252377,1.9516429628337697,USA
9382,5,7.84193552694,13.992551878842692,6.150616351902691,USA
9383,5,7.81111115879,11.12303712300482,3.3119259642148204,USA
9384,5,7.019047669,11.18557454009553,4.16652687109553,USA
9385,5,7.49333333969,9.972084781791226,2.4787514421012258,USA
9386,5,7.77368425068,14.44698657473127,6.67330232405127,USA
9387,5,5.22307694613,11.902811687496495,6.679734741366495,USA
9388,5,7.5312499702,10.963137927011127,3.431887956811127,USA
9389,5,6.61999998093,9.602708316867986,2.9827083359379856,USA
9390,5,7.6388888624,12.540081218118987,4.901192355718987,USA
9391,5,7.42800001144,11.108771024227599,3.6807710127875986,USA
9392,5,7.11428574153,10.086991213571533,2.9727054720415333,USA
9393,5,7.10714282308,11.27056011475695,4.16341729167695,USA
9394,5,7.8620689984,13.712734045191349,5.850665046791349,USA
9395,5,7.19473680697,10.567843367043348,3.3731065600733485,USA
9396,5,7.51111112701,11.490314337192725,3.9792032101827246,USA
9397,5,6.63333326976,10.855063468298876,4.221730198538877,USA
9398,5,7.64999997616,11.898237409425278,4.2482374332652775,USA
9399,5,7.55217388402,10.086533717475367,2.534359833455367,USA
9400,5,7.47407408114,10.454331334658772,2.9802572535187712,USA
9401,5,7.27272731608,10.21535703377392,2.9426297176939196,USA
9402,5,7.41333328883,9.818450094428247,2.4051168055982473,USA
9403,5,6.76000000636,10.136382132160175,3.376382125800175,USA
9404,5,7.45416669051,11.160533661411133,3.706366970901133,USA
9405,5,6.53684207013,10.522196498659085,3.985354428529085,USA
9406,5,7.50833332539,9.663729420488924,2.155396095098924,USA
9407,5,7.24848484271,10.501301987408706,3.2528171446987058,USA
9408,5,7.85000007493,10.939015217819641,3.0890151428896413,USA
9409,5,4.58714859265,10.497410252952896,5.910261660302896,USA
9410,5,6.61538460927,9.886995379090788,3.2716107698207875,USA
9411,5,4.42156972675,8.34364019286012,3.92207046611012,USA
9412,5,4.07727269693,8.804379795126527,4.7271070981965275,USA
9413,5,7.45648313246,9.020736420194151,1.564253287734151,USA
9414,5,7.64285717692,10.814229313055248,3.1713721361352487,USA
9415,5,7.59230760428,9.596848381549126,2.004540777269126,USA
9416,5,7.38235288508,10.657581730985616,3.275228845905615,USA
9417,5,7.16363629428,10.277779714931054,3.114143420651054,USA
9418,5,7.73571426528,8.726806771900797,0.991092506620797,USA
9419,5,7.00526315288,11.699257531718182,4.693994378838182,USA
9420,5,7.00000002649,9.85457642674401,2.85457640025401,USA
9421,5,7.4687500298,10.406836810529521,2.9380867807295212,USA
9422,5,7.28888895777,11.604657248929627,4.3157682911596265,USA
9423,5,7.48695647198,9.968555243450753,2.481598771470753,USA
9424,5,7.61818183552,9.789143288644805,2.1709614531248054,USA
9425,5,4.95612901565,9.116683752665534,4.160554737015533,USA
9426,5,7.66249996424,11.655753470374538,3.993253506134538,USA
9427,5,7.30000007153,11.565811346587768,4.265811275057768,USA
9428,5,7.28888893127,10.56181566440183,3.272926733131831,USA
9429,5,6.95454543287,9.868300650008603,2.913755217138603,USA
9430,5,7.50555557675,11.544004972907702,4.038449396157702,USA
9431,5,6.83666667938,11.97707620720873,5.14040952782873,USA
9432,5,7.52500000596,10.202511485446768,2.6775114794867685,USA
9433,5,7.9761904989,12.429098359566076,4.452907860666076,USA
9434,5,3.93116218986,10.933767980415848,7.002605790555847,USA
9435,5,14.1745989412,9.182284664819386,4.992314276380613,USA
9436,5,7.71999995708,11.584054983252276,3.8640550261722764,USA
9437,5,7.12499992847,10.319335828326166,3.1943358998561653,USA
9438,5,6.69375002384,13.050645526391284,6.356895502551284,USA
9439,5,6.55555552906,9.64503591756782,3.0894803885078206,USA
9440,5,7.26666666667,10.722047837854664,3.455381171184664,USA
9441,5,6.54374998808,8.972099174965454,2.4283491868854536,USA
9442,5,7.49411762462,11.02783630833079,3.5337186837107906,USA
9443,5,7.63749995828,10.263572984396852,2.6260730261168517,USA
9444,5,6.92857136045,12.516699239480754,5.588127879030754,USA
9445,5,7.4166667064,12.39392205400019,4.977255347600191,USA
9446,5,3.53983050187,7.921593385901426,4.381762884031426,USA
9447,5,4.03333330154,8.798703841052237,4.765370539512237,USA
9448,5,4.91220930196,22.426463628371387,17.514254326411386,USA
9449,5,4.70277775659,9.050589669996349,4.347811913406349,USA
9450,5,0.0,4.365717949089991,4.365717949089991,USA
9451,5,4.80129309667,11.340318786908952,6.539025690238952,USA
9452,5,3.67333332698,12.598313430037217,8.924980103057218,USA
9453,5,4.36267941991,12.98359889322112,8.62091947331112,USA
9454,5,7.14166669051,9.96078944121589,2.8191227507058905,USA
9455,5,6.24499995708,11.693021160941747,5.448021203861747,USA
9456,5,8.21875011921,9.493797540286868,1.2750474210768683,USA
9457,5,5.46500002146,11.07541962773851,5.61041960627851,USA
9458,5,5.40364960162,10.099809681589171,4.696160079969172,USA
9459,5,7.43666664759,11.536828457734345,4.100161810144344,USA
9460,5,7.69999996185,11.247693741812284,3.5476937799622847,USA
9461,5,6.23125004768,9.931518195064712,3.700268147384712,USA
9462,5,7.52941173666,8.223127806651501,0.6937160699915008,USA
9463,5,7.76000003815,9.774504420705146,2.0145043825551454,USA
9464,5,6.34000008901,11.06141445967868,4.72141437066868,USA
9465,5,7.64499993324,8.543359371047558,0.8983594378075574,USA
9466,5,7.96000003815,10.025587002688287,2.065586964538287,USA
9467,5,6.8909090649,11.070377528724563,4.179468463824564,USA
9468,5,7.98947379464,8.323012490829695,0.3335386961896951,USA
9469,5,6.91176470588,10.638906475512133,3.7271417696321336,USA
9470,5,6.37222223812,8.908767308534387,2.5365450704143866,USA
9471,5,7.01052633085,14.903963633480616,7.893437302630616,USA
9472,5,7.13571425847,8.536729593554169,1.4010153350841685,USA
9473,5,7.39047618139,8.848977666173306,1.458501484783306,USA
9474,5,7.68260881175,9.888174051020354,2.2055652392703538,USA
9475,5,8.00000002384,9.129778357983394,1.1297783341433938,USA
9476,5,7.63999996185,10.152322484902001,2.512322523052001,USA
9477,5,6.86428577559,8.719312360468157,1.855026584878157,USA
9478,5,5.6,11.50115294079284,5.901152940792841,USA
9479,5,6.89347828989,11.10932125661155,4.215842966721549,USA
9480,5,5.88823528851,22.7572512018278,16.8690159133178,USA
9481,5,7.33684208519,9.958747019989005,2.621904934799005,USA
9482,5,7.24499998093,10.236878400091495,2.9918784191614947,USA
9483,5,7.24166667461,9.569804422290016,2.3281377476800156,USA
9484,5,6.98571434475,11.129268407773797,4.143554063023797,USA
9485,5,6.28500001431,9.468149350585723,3.183149336275722,USA
9486,5,7.3866666158,8.849543627505046,1.4628770117050456,USA
9487,5,7.21363637664,9.047514541875234,1.8338781652352338,USA
9488,5,7.06666673024,11.043002437674827,3.976335707434828,USA
9489,5,6.13000001907,10.356073028579207,4.226073009509207,USA
9490,5,4.68214283671,14.552133346960577,9.869990510250577,USA
9491,5,7.36000000636,9.640276113748651,2.2802761073886515,USA
9492,5,7.74444444974,11.132867407255269,3.388422957515269,USA
9493,5,7.9,9.869783574847574,1.9697835748475736,USA
9494,5,7.7894737595,10.585900218165712,2.796426458665712,USA
9495,5,7.52000001272,8.902963952518862,1.382963939798862,USA
9496,5,5.81875002384,10.435128177453937,4.616378153613937,USA
9497,5,7.9133333842,8.321057626355547,0.40772424215554626,USA
9498,5,6.57333332698,9.272274431768992,2.6989411047889913,USA
9499,5,7.1555555426,21.68712006209688,14.53156451949688,USA
9500,5,5.96500003338,8.782290487256716,2.8172904538767165,USA
9501,5,5.95000004768,12.094089004546648,6.144088956866648,USA
9502,5,6.50555555026,11.360370253472405,4.854814703212405,USA
9503,5,8.1562499702,9.094260209487501,0.938010239287502,USA
9504,5,7.27857143538,8.883632246030167,1.6050608106501674,USA
9505,5,7.32499995828,8.590796347737722,1.265796389457722,USA
9506,5,7.84814820466,10.065848818413432,2.217700613753432,USA
9507,5,6.88800003052,9.296099581922,2.4080995514020005,USA
9508,5,7.61176482369,11.410208919049456,3.7984440953594563,USA
9509,5,8.07142860549,11.84396893795574,3.7725403324657396,USA
9510,5,7.81500003338,8.995467911326164,1.1804678779461648,USA
9511,5,7.21000003815,8.328154680023193,1.1181546418731934,USA
9512,5,7.02941176471,9.679350876177041,2.6499391114670416,USA
9513,5,6.51052630575,8.15363543596829,1.6431091302182903,USA
9514,5,6.91500005722,8.154482850954818,1.2394827937348172,USA
9515,5,5.89411769194,10.516033913114876,4.621916221174876,USA
9516,5,6.89999998533,9.103805464243925,2.2038054789139245,USA
9517,5,5.12040815061,12.416520097672212,7.2961119470622116,USA
9518,5,7.33000001907,9.672037617717226,2.3420375986472264,USA
9519,5,7.77692310627,8.76727854249833,0.99035543622833,USA
9520,5,7.99047626768,9.079392210332454,1.088915942652454,USA
9521,5,5.88636363636,10.34894031319618,4.462576676836181,USA
9522,5,8.30000005166,10.153874728697163,1.8538746770371635,USA
9523,5,7.96666666667,8.608573811818601,0.6419071451486014,USA
9524,5,5.87647053775,11.232596772374798,5.3561262346247975,USA
9525,5,5.49411762462,11.575117813768538,6.081000189148537,USA
9526,5,8.1409090649,8.722794417075093,0.5818853521750924,USA
9527,5,7.08666667938,10.014167914780064,2.9275012354000634,USA
9528,5,7.55624994636,9.234411487494917,1.6781615411349167,USA
9529,5,6.94117641449,9.832380683585374,2.8912042690953736,USA
9530,5,6.88461534794,8.937427839855129,2.0528124919151294,USA
9531,5,7.40952378228,10.41413222130503,3.00460843902503,USA
9532,5,7.78499999046,8.969568885646169,1.1845688951861684,USA
9533,5,7.58461545064,9.927086220868286,2.342470770228286,USA
9534,5,5.69310346143,15.314681756633355,9.621578295203356,USA
9535,5,6.37222226461,9.867055098984466,3.4948328343744652,USA
9536,5,7.9,8.525022031993984,0.6250220319939839,USA
9537,5,7.76153839551,8.870034584504007,1.1084961889940068,USA
9538,5,6.26842102252,10.665373351085593,4.396952328565593,USA
9539,5,6.27142851693,10.870834799543594,4.599406282613594,USA
9540,5,7.93846159715,10.50092251011623,2.5624609129662295,USA
9541,5,5.76764706654,11.539362563090425,5.771715496550424,USA
9542,5,7.21944447358,11.296820001454543,4.077375527874543,USA
9543,5,6.44510870006,23.40224201106548,16.957133311005478,USA
9544,5,6.38387097082,22.80926953592043,16.42539856510043,USA
9545,5,6.10384616485,14.607872473649714,8.504026308799713,USA
9546,5,4.04500000079,9.954043256433543,5.909043255643543,USA
9547,5,6.03478261699,9.738760483674808,3.7039778666848076,USA
9548,5,4.45833336645,9.742952462437879,5.284619095987879,USA
9549,5,4.68142855508,10.482850891954545,5.801422336874545,USA
9550,5,6.21999998093,21.307070294626193,15.087070313696193,USA
9551,5,4.83142854146,9.543401632424375,4.711973090964375,USA
9552,5,4.33902438675,12.393830241704899,8.0548058549549,USA
9553,5,5.58500000238,22.99714784487369,17.41214784249369,USA
9554,5,7.63009709756,9.442232348734612,1.8121352511746114,USA
9555,5,7.40000009537,13.678764486325644,6.278764390955644,USA
9556,5,5.57999999306,10.755338485404224,5.175338492344223,USA
9557,5,7.18536587459,14.538886216743686,7.353520342153685,USA
9558,5,7.15625,22.82472182531412,15.668471825314121,USA
9559,5,5.53604651052,10.038092664353865,4.502046153833865,USA
9560,5,7.98644067473,21.440795943176738,13.454355268446738,USA
9561,5,5.26666667726,11.387902419303245,6.121235742043245,USA
9562,5,5.18415093512,22.058202313356166,16.874051378236167,USA
9563,5,8.03823529973,11.566518739421804,3.528283439691805,USA
9564,5,5.59285712242,9.058958620441217,3.4661014980212173,USA
9565,5,6.14166673024,9.69214575785043,3.5504790276104297,USA
9566,5,6.81111110581,8.918738455500046,2.1076273496900457,USA
9567,5,4.80000000734,10.995002557569668,6.195002550229668,USA
9568,5,3.77647057702,10.324699161316483,6.548228584296483,USA
9569,5,4.18863638423,9.897066673174136,5.708430288944136,USA
9570,5,4.3222222858,9.50789940081823,5.185677115018231,USA
9571,5,7.80877195325,10.120136964089369,2.311365010839369,USA
9572,5,4.73603603861,23.2857254206267,18.5496893820167,USA
9573,5,7.14268291869,11.218255110488723,4.075572191798723,USA
9574,5,8.48947364406,23.146205402630493,14.656731758570492,USA
9575,5,6.89285715989,18.94924435116429,12.05638719127429,USA
9576,5,5.54749999046,13.291936722373825,7.744436731913824,USA
9577,5,5.00555560324,21.01013281968371,16.00457721644371,USA
9578,5,4.32040816424,10.721316240496662,6.400908076256663,USA
9579,5,5.20100001335,9.955085241942236,4.754085228592236,USA
9580,5,7.27037035536,17.663812864517215,10.393442509157214,USA
9581,5,7.0301886752,11.72635432349589,4.6961656482958904,USA
9582,5,7.33076921793,22.959562449418854,15.628793231488853,USA
9583,5,8.19411764893,12.889149382148755,4.695031733218755,USA
9584,5,7.37826090965,9.209281665161857,1.8310207555118572,USA
9585,5,5.69184466056,11.095363862584247,5.403519202024246,USA
9586,5,7.06388890743,10.01518568902398,2.95129678159398,USA
9587,5,5.87777778837,9.5436754414438,3.665897653073799,USA
9588,5,5.3630434793,10.682451083901153,5.319407604601153,USA
9589,5,5.27777775129,10.710567553942017,5.4327898026520165,USA
9590,5,5.18061223809,22.442632541248585,17.262020303158586,USA
9591,5,5.84347826502,11.724936269825045,5.8814580048050455,USA
9592,5,4.61976743853,21.79526918578171,17.175501747251708,USA
9593,5,5.91111107667,15.711405596820477,9.800294520150477,USA
9594,5,6.54814813755,19.696571987133,13.148423849583,USA
9595,5,5.18685713904,21.173843252181037,15.986986113141036,USA
9596,5,6.12820514043,11.31327939680752,5.185074256377519,USA
9597,5,5.00384615018,11.05428926181997,6.050443111639971,USA
9598,5,3.58666666879,9.82114953228034,6.23448286349034,USA
9599,5,4.06800001621,13.118163341906229,9.050163325696229,USA
9600,5,4.90000000454,9.433392930004864,4.533392925464864,USA
9601,5,4.67051281379,9.345075669993612,4.674562856203612,USA
9602,5,3.72622950546,12.502754864559135,8.776525359099136,USA
9603,5,3.91410257572,8.110157296072988,4.196054720352988,USA
9604,5,4.19999999801,9.312486454367798,5.112486456357798,USA
9605,5,4.09090905479,13.964336429198966,9.873427374408966,USA
9606,5,3.40238094897,11.573368652258203,8.170987703288203,USA
9607,5,4.1944444312,9.342862053872155,5.148417622672155,USA
9608,5,4.08750003576,11.734209100537313,7.646709064777314,USA
9609,5,3.98333330552,9.237533927303282,5.254200621783282,USA
9610,5,6.14210530331,9.348801693113678,3.206696389803678,USA
9611,5,5.74166667461,9.685986362962478,3.9443196883524774,USA
9612,5,5.33999999364,8.517519171699321,3.1775191780593213,USA
9613,5,3.26875001192,9.50851355228002,6.23976354036002,USA
9614,5,4.43333332627,11.48180885080441,7.0484755245344095,USA
9615,5,3.33684209594,9.006717550493867,5.669875454553868,USA
9616,5,3.55384613917,12.734578358394154,9.180732219224154,USA
9617,5,3.91034482265,11.991259573035407,8.080914750385407,USA
9618,5,4.33595506261,12.303995849291464,7.968040786681464,USA
9619,5,5.50000007947,9.861566955501084,4.361566876031084,USA
9620,5,6.99166671435,10.97757185818027,3.9859051438302693,USA
9621,5,4.64838712446,9.960340328467852,5.311953204007852,USA
9622,5,3.92631577191,8.705872156615024,4.779556384705025,USA
9623,5,4.03684209104,11.42905024173281,7.39220815069281,USA
9624,5,4.22307695792,9.503791930399256,5.280714972479256,USA
9625,5,3.74666666455,9.119187099087481,5.372520434537481,USA
9626,5,4.36212121357,8.674465413170317,4.312344199600317,USA
9627,5,4.11219516033,10.807631568240401,6.695436407910401,USA
9628,5,3.37450979738,13.441780890237183,10.067271092857183,USA
9629,5,3.39104477327,10.056517545682013,6.665472772412013,USA
9630,5,3.91111110316,11.175203233873338,7.264092130713339,USA
9631,5,3.90666666031,8.777463189985923,4.870796529675923,USA
9632,5,6.22666667302,12.712496520216316,6.485829847196316,USA
9633,5,6.41666668256,11.3389308389345,4.9222641563745,USA
9634,5,4.26111111376,10.412801284772398,6.1516901710123975,USA
9635,5,3.66451612083,10.520945926560259,6.856429805730259,USA
9636,5,3.74878047152,7.900922656715501,4.152142185195501,USA
9637,5,4.19230769231,9.8570931204144,5.664785428104399,USA
9638,5,4.34905662627,8.715638886798347,4.366582260528347,USA
9639,5,4.47714286532,12.635410309562905,8.158267444242906,USA
9640,5,4.75306119724,9.311783935503422,4.558722738263422,USA
9641,5,4.65714286623,10.976970535906073,6.319827669676073,USA
9642,5,3.43333333817,9.851097898603662,6.417764560433662,USA
9643,5,3.36551725453,9.847886213683594,6.482368959153595,USA
9644,5,6.43333337042,9.558616990121912,3.1252836197019125,USA
9645,5,4.22121211254,10.702559308960154,6.481347196420154,USA
9646,5,4.3904762041,10.17271208715212,5.782235883052121,USA
9647,5,3.63661970891,10.249098627301873,6.612478918391872,USA
9648,5,4.30952377168,9.582300618897827,5.272776847217827,USA
9649,5,5.95263154883,8.905695338363252,2.9530637895332514,USA
9650,5,5.42222224341,8.972255708232515,3.5500334648225147,USA
9651,5,4.13913043686,9.340698125652326,5.201567688792325,USA
9652,5,6.92500007153,10.783931833001297,3.858931761471297,USA
9653,5,4.45999994278,9.262734773357444,4.802734830577444,USA
9654,5,3.64615381681,9.891129199190853,6.244975382380853,USA
9655,5,3.35000000217,10.001661064111415,6.651661061941415,USA
9656,5,3.82323233046,10.164783498311657,6.341551167851657,USA
9657,5,3.80508474172,7.479934769729576,3.674850028009576,USA
9658,5,4.57499996821,11.38033263898978,6.805332670779779,USA
9659,5,4.19999998808,9.570535245648063,5.370535257568063,USA
9660,5,4.97433628656,8.859873565382108,3.885537278822108,USA
9661,5,7.5,9.23386281496049,1.7338628149604904,USA
9662,5,6.54761907033,8.891075202838461,2.3434561325084617,USA
9663,5,6.74666662216,8.336371077967627,1.5897044558076265,USA
9664,5,7.15789468665,8.097003610344059,0.9391089236940591,USA
9665,5,6.47142853056,15.162785836407945,8.691357305847944,USA
9666,5,6.01481478303,13.630338627663225,7.615523844633224,USA
9667,5,6.94800003052,9.834579433362954,2.886579402842954,USA
9668,5,6.79285720416,15.548439226133768,8.755582021973769,USA
9669,5,6.76923076923,8.922706809561868,2.153476040331868,USA
9670,5,6.39166669051,10.788522704291614,4.396856013781614,USA
9671,5,6.68421055141,13.450467636737354,6.7662570853273545,USA
9672,5,6.66250002384,8.708675249394398,2.046175225554398,USA
9673,5,7.37142859186,14.123891545211178,6.752462953351178,USA
9674,5,5.69600000381,9.095590587465216,3.3995905836552156,USA
9675,5,7.23076919409,19.693573121132186,12.462803927042186,USA
9676,5,5.47692306225,9.51859756020114,4.04167449795114,USA
9677,5,6.75384613184,8.86403883775491,2.11019270591491,USA
9678,5,7.33750006557,19.849739977359164,12.512239911789164,USA
9679,5,6.21333332062,15.117561631575915,8.904228310955915,USA
9680,5,6.7136363658,10.113679813543937,3.400043447743937,USA
9681,5,5.51499998569,8.4074166576159,2.8924166719259006,USA
9682,5,5.98888889949,13.246886094080587,7.257997194590587,USA
9683,5,7.40357143538,13.666806421043532,6.263234985663532,USA
9684,5,7.29090911692,14.225400313249079,6.934491196329079,USA
9685,5,7.42000007629,14.007029216172285,6.587029139882285,USA
9686,5,7.74166671435,10.675126427682596,2.9334597133325957,USA
9687,5,7.56666676203,11.075292652789692,3.508625890759692,USA
9688,5,5.81333328883,13.441118772602248,7.627785483772248,USA
9689,5,6.98461539929,19.659416630514826,12.674801231224826,USA
9690,5,5.87058821846,13.894998909405558,8.024410690945558,USA
9691,5,6.66153841752,13.170322990811691,6.508784573291691,USA
9692,5,6.87407403522,11.78168086187355,4.90760682665355,USA
9693,5,6.5555555114,15.318698601457285,8.763143090057286,USA
9694,5,7.02978721578,9.908836892580005,2.8790496768000056,USA
9695,5,5.38333332539,9.398340071093479,4.015006745703479,USA
9696,5,7.07500004768,11.604560292047854,4.529560244367854,USA
9697,5,6.83333325386,10.693780926962148,3.860447673102148,USA
9698,5,6.68947372938,18.856842938779174,12.167369209399173,USA
9699,5,7.29999995232,15.212481940388155,7.912481988068155,USA
9700,5,6.52857140132,11.268130787360114,4.739559386040114,USA
9701,5,5.65,15.118127061214953,9.468127061214952,USA
9702,5,8.0741935853,9.2180429851484,1.143849399848401,USA
9703,5,7.01739128776,10.406089731420526,3.388698443660526,USA
9704,5,6.37307695242,13.268946117162699,6.895869164742699,USA
9705,5,6.83333338632,15.533631954888008,8.700298568568009,USA
9706,5,6.5,10.091597298147569,3.591597298147569,USA
9707,5,7.64230766663,10.370026002448778,2.7277183358187784,USA
9708,5,7.04999995232,8.531311968355478,1.4813120160354778,USA
9709,5,7.38750004768,8.20287883782395,0.8153787901439511,USA
9710,5,6.50833328565,8.839617367863292,2.3312840822132923,USA
9711,5,6.8520000267,9.230283333675358,2.3782833069753577,USA
9712,5,6.3833334446,16.57902583993224,10.19569239533224,USA
9713,5,6.60357143198,15.413070186497444,8.809498754517445,USA
9714,5,7.2823529524,14.346710567329897,7.064357614929897,USA
9715,5,7.5444443844,13.096075882856596,5.5516314984565955,USA
9716,5,7.32499998808,9.862121002281881,2.5371210142018814,USA
9717,5,7.88750004768,11.011159390582758,3.1236593429027586,USA
9718,5,7.75000011921,10.763931466658033,3.0139313474480325,USA
9719,5,7.97500006358,10.608098799081908,2.6330987355019086,USA
9720,5,7.38235294118,14.09193707392862,6.70958413274862,USA
9721,5,6.25,17.324431552793424,11.074431552793424,USA
9722,5,7.21538466674,10.89240985371821,3.6770251869782093,USA
9723,5,7.06666668256,14.492803462974642,7.426136780414642,USA
9724,5,6.14666665395,10.95596159129656,4.809294937346561,USA
9725,5,6.89230775833,10.598328962952774,3.7060212046227736,USA
9726,5,7.31304359436,13.967621862180561,6.654578267820561,USA
9727,5,7.30588234172,15.186965364284047,7.881083022564047,USA
9728,5,7.23000001907,9.454814222347,2.224814203277,USA
9729,5,6.56170213983,13.079340639944583,6.5176385001145825,USA
9730,5,7.31200008392,8.761965992930511,1.449965909010511,USA
9731,5,6.89374998212,12.966134904953229,6.072384922833229,USA
9732,5,7.04375001788,9.69537114673997,2.6516211288599694,USA
9733,5,6.70588235294,14.644410111867643,7.938527758927643,USA
9734,5,7.01999998093,12.988608271992966,5.968608291062966,USA
9735,5,6.6499999894,9.743018967236353,3.093018977836352,USA
9736,5,7.27333335876,9.725784330250061,2.4524509714900606,USA
9737,5,7.73749995232,10.172076155948126,2.4345762036281258,USA
9738,5,7.14999997616,10.068068409408216,2.918068433248216,USA
9739,5,7.59333327611,12.48943594928733,4.89610267317733,USA
9740,5,7.64545453678,10.980802405863901,3.3353478690839014,USA
9741,5,6.75,12.610486152141414,5.860486152141414,USA
9742,5,6.65714284352,11.951114824609547,5.293971981089547,USA
9743,5,7.89999995913,10.837533423615735,2.9375334644857354,USA
9744,5,7.48571429934,9.172244938406344,1.6865306390663442,USA
9745,5,7.21250003576,10.635818257243214,3.423318221483214,USA
9746,5,7.43333323797,10.809813620008276,3.3764803820382756,USA
9747,5,6.74999989782,11.265713598860863,4.515713701040863,USA
9748,5,4.47272726984,9.916055583845193,5.443328314005193,USA
9749,5,7.42000007629,9.108044661974171,1.688044585684171,USA
9750,5,7.04285710199,9.541973986220444,2.4991168842304443,USA
9751,5,7.53333330154,10.652310203376969,3.1189769018369686,USA
9752,5,8.6250000596,9.398949943429297,0.7739498838292977,USA
9753,5,6.83529413448,10.775766622060011,3.9404724875800117,USA
9754,5,6.58461541396,9.929407797100968,3.344792383140968,USA
9755,5,7.0888888571,9.455057723048952,2.3661688659489526,USA
9756,5,7.77272731608,8.831790729980282,1.0590634139002821,USA
9757,5,7.71428564617,12.351581583342572,4.637295937172572,USA
9758,5,7.56923077657,10.454035183957986,2.8848044073879855,USA
9759,5,7.32222212685,10.618733162889228,3.2965110360392282,USA
9760,5,7.58571427209,10.446079672532424,2.860365400442424,USA
9761,5,6.74000002543,9.640312580454978,2.9003125550249784,USA
9762,5,7.04444445504,11.280834172587898,4.236389717547898,USA
9763,5,6.17000002861,12.018121093899783,5.848121065289783,USA
9764,5,7.12499988079,9.423398377610068,2.2983984968200684,USA
9765,5,6.92666660945,9.428688924409979,2.502022314959979,USA
9766,5,7.4375,10.204990950377162,2.7674909503771623,USA
9767,5,7.15,10.23557962081691,3.08557962081691,USA
9768,5,4.5186046556,11.450386993413925,6.931782337813925,USA
9769,5,6.65238089789,11.16731360533181,4.51493270744181,USA
9770,5,6.79999995232,11.376851414081614,4.576851461761613,USA
9771,5,6.90833338102,10.127419928842887,3.2190865478228865,USA
9772,5,7.23999991417,10.504800470732885,3.264800556562885,USA
9773,5,7.10000004768,11.131248087208213,4.031248039528213,USA
9774,5,8.05555566152,10.317263930573755,2.2617082690537558,USA
9775,5,8.17142868042,10.366555392694178,2.1951267122741775,USA
9776,5,6.90000005202,10.48198874023305,3.581988688213049,USA
9777,5,7.17777776718,11.667589635040297,4.489811867860297,USA
9778,5,7.14444441266,9.945395734254152,2.8009513215941517,USA
9779,5,4.99230764462,10.434813095159424,5.442505450539423,USA
9780,5,8.63999996185,10.862990089159346,2.2229901273093464,USA
9781,5,6.96666661898,10.067311291733928,3.100644672753928,USA
9782,5,7.30714283671,10.2071644555019,2.9000216187919,USA
9783,5,6.57142850331,9.65573774533491,3.0843092420249105,USA
9784,5,8.6,9.571880213051548,0.9718802130515485,USA
9785,5,6.5,9.857328548167311,3.3573285481673114,USA
9786,5,6.91111119588,11.366864295935857,4.455753100055857,USA
9787,5,7.17999992371,9.840894260685118,2.660894336975119,USA
9788,5,7.68333323797,10.54344271145613,2.86010947348613,USA
9789,5,7.25,10.057542200342041,2.8075422003420414,USA
9790,5,7.44444444444,10.581347936355314,3.136903491915314,USA
9791,5,7.65000003576,13.213761464755292,5.563761428995292,USA
9792,5,8.02857146944,10.327198703614709,2.2986272341747096,USA
9793,5,6.97500002384,10.536985382967968,3.561985359127968,USA
9794,5,7.71250003576,10.361971444034012,2.649471408274012,USA
9795,5,7.30000004768,9.424647522216741,2.124647474536741,USA
9796,5,7.77142858505,9.50252627387256,1.73109768882256,USA
9797,5,7.70909088308,11.03684398560637,3.327753102526369,USA
9798,5,6.4999999404,12.104070879349493,5.6040709389494925,USA
9799,5,7.15999994278,9.516730270599957,2.3567303278199576,USA
9800,5,7.4416667223,9.99749053610049,2.5558238138004894,USA
9801,5,6.63333330154,9.882422143380253,3.249088841840254,USA
9802,5,7.69230769231,10.206794865138017,2.5144871728280167,USA
9803,5,7.62500011921,15.04492747090256,7.419927351692561,USA
9804,5,7.44999992847,10.10908616359444,2.659086235124441,USA
9805,5,7.20000002119,11.39211430514361,4.192114283953609,USA
9806,5,7.83333357175,10.690483192475579,2.857149620725579,USA
9807,5,7.44285719735,10.421473815086948,2.9786166177369475,USA
9808,5,6.74999996594,11.213809339622816,4.463809373682817,USA
9809,5,7.19545453245,10.995582027621964,3.8001274951719637,USA
9810,5,6.84000005722,9.751017152483852,2.911017095263852,USA
9811,5,7.22999997139,10.10391170747482,2.8739117360848203,USA
9812,5,6.8833334446,9.99741139498148,3.11407795038148,USA
9813,5,6.625,10.676893079921054,4.051893079921054,USA
9814,5,7.14444435967,10.754485148447447,3.6100407887774475,USA
9815,5,7.16666658719,9.789686639309593,2.6230200521195934,USA
9816,5,7.56000003815,10.665266348724998,3.105266310574998,USA
9817,5,7.2333334287,9.970778641422916,2.737445212722916,USA
9818,5,8.0,10.048416059232867,2.048416059232867,USA
9819,5,6.64999985695,10.916824443286664,4.266824586336664,USA
9820,5,7.23636362769,10.885676376480074,3.6493127487900736,USA
9821,5,7.08888891008,9.589537812315267,2.500648902235268,USA
9822,5,7.42500001192,9.890925414619957,2.4659254026999573,USA
9823,5,6.85000002384,10.173547184080258,3.323547160240258,USA
9824,5,6.46666661898,10.674155290866857,4.207488671886857,USA
9825,5,2.8857142755,11.235004821384072,8.349290545884072,USA
9826,5,5.99687501788,13.970108722417303,7.973233704537303,USA
9827,5,4.01666666522,11.323772601524126,7.307105936304127,USA
9828,5,7.14444441266,11.42663682015353,4.282192407493529,USA
9829,5,7.68181818182,10.248653547090786,2.5668353652707863,USA
9830,5,7.21904763721,9.885410879518055,2.666363242308055,USA
9831,5,7.38888888889,9.31995076882031,1.9310618799303088,USA
9832,5,6.67999982834,10.51167333949308,3.831673511153081,USA
9833,5,7.78749996424,10.713989796616563,2.9264898323765625,USA
9834,5,6.79999989271,9.637486218586044,2.8374863258760445,USA
9835,5,7.42727266658,9.432266149771596,2.004993483191596,USA
9836,5,6.69999998808,10.6894705714966,3.9894705834165993,USA
9837,5,7.04999995232,9.616214559961069,2.5662146076410686,USA
9838,5,6.92500007153,10.235435187652826,3.310435116122825,USA
9839,5,7.01111110051,11.895327372770218,4.884216272260218,USA
9840,5,3.26818181303,9.785371728529089,6.517189915499089,USA
9841,5,6.8272727186,10.273930211497836,3.4466574928978364,USA
9842,5,7.26666665077,10.647365596060581,3.3806989452905807,USA
9843,5,6.94000005722,10.328490202158342,3.388490144938342,USA
9844,5,6.6999999455,10.328894383651217,3.6288944381512174,USA
9845,5,8.21999998093,13.49750311116544,5.27750313023544,USA
9846,5,8.57333339055,11.034356646284559,2.4610232557345597,USA
9847,5,7.27272722938,10.22313605925035,2.9504088298703506,USA
9848,5,7.30909104781,10.060681681426182,2.751590633616182,USA
9849,5,7.03333330154,9.55861915890724,2.5252858573672397,USA
9850,5,7.22500002384,11.323382648615961,4.098382624775962,USA
9851,5,7.15384611717,10.40565563119041,3.25180951402041,USA
9852,5,6.88000011444,10.960284335577457,4.0802842211374575,USA
9853,5,7.41666658719,10.666329079523504,3.2496624923335036,USA
9854,5,6.38333328565,11.06253178210681,4.679198496456809,USA
9855,5,7.07999992371,11.897093074821719,4.8170931511117185,USA
9856,5,7.10909089175,10.013499097350639,2.904408205600639,USA
9857,5,7.51249992847,10.672766272054073,3.160266343584073,USA
9858,5,2.85416667163,12.386447339613682,9.532280667983681,USA
9859,5,6.64545453678,11.64476240486638,4.9993078680863805,USA
9860,5,6.55625006557,11.246574777789455,4.690324712219455,USA
9861,5,6.71999998093,10.047902642280302,3.3279026613503024,USA
9862,5,7.38461538462,10.629672006576588,3.2450566219565875,USA
9863,5,7.83529416253,10.477429744275204,2.6421355817452037,USA
9864,5,7.34545469284,10.667720338170783,3.3222656453307833,USA
9865,5,7.3,13.465453808016079,6.165453808016079,USA
9866,5,8.3000000545,10.658007999035862,2.3580079445358617,USA
9867,5,6.51538467407,10.604047787328746,4.088663113258746,USA
9868,5,7.66923075456,10.848994578581864,3.1797638240218644,USA
9869,5,7.04545463215,12.423047315604153,5.377592683454153,USA
9870,5,7.32222223282,12.927911447744266,5.605689214924267,USA
9871,5,6.69999990463,11.96819530814529,5.26819540351529,USA
9872,5,7.0,11.013713927025876,4.013713927025876,USA
9873,5,7.19999988874,12.38345160671294,5.1834517179729405,USA
9874,5,7.09999990463,10.233179702282943,3.133179797652943,USA
9875,5,7.06818177483,10.206106635296024,3.1379248604660237,USA
9876,5,7.19999992847,11.710462408370665,4.510462479900665,USA
9877,5,4.39310346801,12.612229479992365,8.219126011982365,USA
9878,5,3.73376621828,9.001099478785271,5.267333260505271,USA
9879,5,7.25999994278,10.688845246231192,3.428845303451192,USA
9880,5,7.15000006131,10.374968202170006,3.224968140860006,USA
9881,5,6.78235292435,9.854264378532832,3.0719114541828327,USA
9882,5,7.70000012716,11.371940106082455,3.671939978922455,USA
9883,5,8.39999993642,11.388370275953342,2.9883703395333416,USA
9884,5,7.9333334287,9.998277474371761,2.064944045671761,USA
9885,5,7.17777782016,9.48861714813221,2.31083932797221,USA
9886,5,7.70999999046,10.39345925577151,2.6834592653115106,USA
9887,5,7.52857140132,9.743622830903323,2.2150514295833235,USA
9888,5,7.80000007153,9.773912803624597,1.9739127320945968,USA
9889,5,7.19090908224,11.050929956429806,3.8600208741898063,USA
9890,5,6.81818190488,10.629688859956966,3.8115069550769656,USA
9891,5,6.43333333333,10.941149250960784,4.507815917630784,USA
9892,5,7.16666671965,10.581551153487222,3.414884433837222,USA
9893,5,6.91428579603,9.495612994006056,2.581327197976056,USA
9894,5,7.62142852374,11.814326927928448,4.1928984041884485,USA
9895,5,2.30769228935,15.809451245234428,13.501758955884428,USA
9896,5,7.78571421759,9.992912949187815,2.207198731597815,USA
9897,5,4.47307693041,9.582405689602723,5.109328759192723,USA
9898,5,6.03658535422,9.289630975998557,3.2530456217785577,USA
9899,5,0.0,4.478417483947577,4.478417483947577,USA
9900,5,5.79508197503,12.022874008221628,6.227792033191627,USA
9901,5,3.68235294024,9.909168466384404,6.226815526144405,USA
9902,5,4.58947367417,10.007233780095316,5.417760105925316,USA
9903,5,5.22777777248,11.341941699028464,6.114163926548464,USA
9904,5,3.76811594203,10.365458298283894,6.597342356253893,USA
9905,5,4.45550458366,8.914688876073356,4.459184292413356,USA
9906,5,5.29302323696,9.959479475969419,4.666456239009419,USA
9907,5,3.52666667302,11.77502473658641,8.24835806356641,USA
9908,5,4.14999999745,11.40546047139876,7.25546047394876,USA
9909,5,8.35000014305,11.939393859685008,3.5893937166350085,USA
9910,5,7.60625001788,6.266185035250221,1.3400649826297792,USA
9911,5,3.81379310016,12.430250558556303,8.616457458396303,USA
9912,5,6.43157893733,9.066195477792236,2.634616540462236,USA
9913,5,4.50978263046,10.639612070335623,6.129829439875623,USA
9914,5,4.26666665872,8.733089647846404,4.466422989126404,USA
9915,5,3.56562497467,11.800235523385615,8.234610548715615,USA
9916,5,4.72799998283,9.434376923585837,4.706376940755837,USA
9917,5,7.31818181818,8.52104595450625,1.202864136326249,USA
9918,5,7.67500003747,9.434493870762237,1.759493833292237,USA
9919,5,7.59499998093,9.570872349974366,1.9758723690443656,USA
9920,5,8.0428571701,8.809702692263452,0.766845522163452,USA
9921,5,4.01702126205,9.608084781725353,5.591063519675353,USA
9922,5,4.32727272708,9.724847449235329,5.397574722155328,USA
9923,5,6.01499996185,11.740774932159503,5.725774970309503,USA
9924,5,4.1090909062,9.75209726595443,5.6430063597544295,USA
9925,5,4.31463413704,10.311401018834893,5.996766881794893,USA
9926,5,4.83809525626,15.633552052132549,10.79545679587255,USA
9927,5,7.35000014305,11.457741004394194,4.107740861344194,USA
9928,5,7.94000007629,8.592497281475907,0.6524972051859077,USA
9929,5,3.90200001717,10.306177568519995,6.404177551349996,USA
9930,5,4.22575758081,11.878881189156484,7.653123608346484,USA
9931,5,4.63888889551,11.39752039775638,6.758631502246381,USA
9932,5,3.41481480775,10.769712723284536,7.354897915534536,USA
9933,5,4.34285716783,10.605495916433123,6.2626387486031225,USA
9934,5,4.3529411905,11.482104358249842,7.129163167749842,USA
9935,5,4.10909089898,10.339047390443204,6.229956491463204,USA
9936,5,4.47333339055,9.1920616392409,4.7187282486908995,USA
9937,5,4.39230768497,10.617151367497257,6.224843682527258,USA
9938,5,4.07500000795,11.584801276799318,7.509801268849318,USA
9939,5,5.69999992847,9.711078452072694,4.011078523602695,USA
9940,5,3.88421051126,10.321762419851964,6.437551908591964,USA
9941,5,7.47600000381,9.409291768775699,1.9332917649656984,USA
9942,5,7.6249999404,12.136583476075481,4.511583535675481,USA
9943,5,7.52500003576,10.914570626918564,3.3895705911585647,USA
9944,5,7.55000004768,7.911186113673091,0.361186065993091,USA
9945,5,7.97500014305,10.920755159833364,2.945755016783364,USA
9946,5,8.04000015259,8.604446342875324,0.5644461902853237,USA
9947,5,7.72000001272,7.161282517775879,0.5587174949441209,USA
9948,5,7.87647070604,8.578846751627601,0.7023760455876014,USA
9949,5,8.06896556657,8.79069093169536,0.7217253651253603,USA
9950,5,7.82000007629,9.457167094891677,1.6371670186016765,USA
9951,5,7.24999996026,12.1102808767581,4.8602809164981,USA
9952,5,7.810526371,9.454737639056948,1.6442112680569476,USA
9953,5,8.05000019073,7.966832262987323,0.0831679277426769,USA
9954,5,7.80588234172,10.96714623416672,3.161263892446719,USA
9955,5,8.43333339691,10.264722093987043,1.8313886970770437,USA
9956,5,8.07000002861,9.013900027768422,0.9438999991584218,USA
9957,5,9.17199996948,8.668453449552484,0.5035465199275162,USA
9958,5,7.60909089175,9.180856664243022,1.5717657724930216,USA
9959,5,7.4529411933,8.76174864655086,1.3088074532508598,USA
9960,5,7.4157895038,8.899756423858076,1.4839669200580756,USA
9961,5,6.5888888571,8.759829509421744,2.170940652321744,USA
9962,5,7.79500000477,11.049233159965253,3.2542331551952524,USA
9963,5,8.14166669051,11.758603214672686,3.6169365241626856,USA
9964,5,7.18000001907,11.080471936928145,3.9004719178581446,USA
9965,5,7.60666662852,10.464099535116057,2.857432906596057,USA
9966,5,7.41052632583,7.921469942989962,0.5109436171599615,USA
9967,5,8.13333328565,7.625466322478523,0.5078669631714767,USA
9968,5,7.97857144901,7.96586055471734,0.01271089429266059,USA
9969,5,8.24666665395,14.218875380987301,5.972208727037302,USA
9970,5,7.77499997616,9.785879781553003,2.010879805393003,USA
9971,5,7.86315794995,9.371526102098187,1.5083681521481873,USA
9972,5,7.49500007629,8.37819024212913,0.883190165839129,USA
9973,5,7.6,9.731641093059343,2.1316410930593435,USA
9974,5,7.79999999205,8.75589631518866,0.9558963231386608,USA
9975,5,7.96363644166,8.976443595026861,1.012807153366861,USA
9976,5,8.13750010729,7.941569058010614,0.19593104927938576,USA
9977,5,7.90000004239,8.600944308260296,0.7009442658702953,USA
9978,5,7.57857135364,9.553295429792993,1.9747240761529925,USA
9979,5,6.53636364503,8.91883012856695,2.382466483536951,USA
9980,5,7.88000001907,8.872861293187247,0.9928612741172476,USA
9981,5,7.75263158899,8.156527259246202,0.403895670256202,USA
9982,5,7.51111112701,8.41640452704457,0.9052934000345694,USA
9983,5,7.26000003815,11.07393666662892,3.8139366284789205,USA
9984,5,7.64800001144,9.604171323484344,1.9561713120443445,USA
9985,5,7.16666666667,11.71044080750454,4.54377414083454,USA
9986,5,7.82000001272,8.55585396370649,0.7358539509864901,USA
9987,5,8.90000004239,8.29578755649635,0.6042124858936493,USA
9988,5,9.16666666667,8.462996349636098,0.703670317033902,USA
9989,5,6.99285718373,7.907696691107139,0.9148395073771391,USA
9990,5,8.08823529412,8.594761556631205,0.5065262625112048,USA
9991,5,8.70476200467,8.304146158177744,0.400615846492256,USA
9992,5,7.69999996821,7.744064416300944,0.044064448090943564,USA
9993,5,7.47142859868,8.95837203867523,1.4869434399952306,USA
9994,5,8.37000007629,9.779622427895642,1.409622351605643,USA
9995,5,7.59999995232,7.931100150035119,0.3311001977151191,USA
9996,5,7.7066666921,8.446622679241477,0.7399559871414771,USA
9997,5,7.60000000681,8.73460692194045,1.1346069151304503,USA
9998,5,7.97500011325,8.471460380981735,0.49646026773173535,USA
9999,5,7.1882352829,8.479916102763617,1.2916808198636174,USA
10000,5,7.64838707832,8.216814014442546,0.5684269361225462,USA
10001,5,8.0150001049,11.22223365650359,3.20723355160359,USA
10002,5,7.60526320809,7.836998686975068,0.23173547888506807,USA
10003,5,8.18333323797,8.024323662103589,0.15900957586641162,USA
10004,5,8.10000018279,9.416124942567869,1.3161247597778694,USA
10005,5,7.64285714286,10.873175371762825,3.230318228902825,USA
10006,5,7.84583340089,10.014758110675036,2.1689247097850357,USA
10007,5,7.64705879548,8.6453344480149,0.9982756525349004,USA
10008,5,7.8125,8.349505024699711,0.5370050246997113,USA
10009,5,8.05333328247,8.320485166540552,0.267151884070552,USA
10010,5,7.89166673024,8.050422731695328,0.15875600145532776,USA
10011,5,7.35217388817,7.954960350076583,0.6027864619065824,USA
10012,5,7.6875,9.074289776721782,1.3867897767217823,USA
10013,5,7.54999995232,8.566593289426834,1.0165933371068334,USA
10014,5,6.98333326976,10.498957840545375,3.5156245707853744,USA
10015,5,7.84814820466,8.926466790799525,1.0783185861395248,USA
10016,5,7.83666675886,7.617656211011576,0.21901054784842344,USA
10017,5,8.15714291164,12.313052259492192,4.155909347852193,USA
10018,5,7.54000005722,7.725322409988307,0.18532235276830633,USA
10019,5,7.52727274461,8.197579339712757,0.6703065951027565,USA
10020,5,8.64999995913,12.452962169850947,3.8029622107209473,USA
10021,5,8.01250006755,10.013270041076128,2.0007699735261273,USA
10022,5,8.74761903854,10.03266340453263,1.285044365992631,USA
10023,5,8.64166673024,8.080749115951301,0.5609176142886998,USA
10024,5,8.09999995761,7.6092686258901345,0.49073133171986605,USA
10025,5,8.64999997616,8.525796512868327,0.12420346329167309,USA
10026,5,7.70000004768,10.833079999457164,3.133079951777164,USA
10027,5,7.60588239221,10.243960273362507,2.6380778811525074,USA
10028,5,7.2642856666,9.954972088990843,2.6906864223908427,USA
10029,5,7.46666666667,8.713814641550327,1.2471479748803267,USA
10030,5,6.73076923077,12.013039063399463,5.282269832629463,USA
10031,5,7.54999998638,9.552837345359588,2.0028373589795887,USA
10032,5,8.75000015895,8.567999306563756,0.18200085238624375,USA
10033,5,8.375,8.249672794035172,0.12532720596482783,USA
10034,5,7.54444450802,9.359127039925461,1.8146825319054614,USA
10035,5,7.47999998728,9.644193590706038,2.164193603426038,USA
10036,5,8.27500003576,9.756155906499888,1.4811558707398884,USA
10037,5,7.6000000106,8.788242325546136,1.1882423149461365,USA
10038,5,8.17499998212,9.228805574060464,1.0538055919404652,USA
10039,5,7.93333335718,8.37444480395483,0.44111144677482983,USA
10040,5,7.61428571883,7.233549716391396,0.3807360024386037,USA
10041,5,7.59999994131,9.019178360548398,1.4191784192383983,USA
10042,5,7.58000001907,8.00483240867393,0.42483238960393077,USA
10043,5,8.170588297,8.637212692399403,0.46662439539940337,USA
10044,5,8.07000007629,9.844102569475776,1.7741024931857758,USA
10045,5,9.13571419035,9.270616797719477,0.1349026073694759,USA
10046,5,7.0777777036,7.811168254124903,0.733390550524903,USA
10047,5,7.375,8.914542863268963,1.539542863268963,USA
10048,5,8.51999988556,9.630866361162433,1.1108664756024318,USA
10049,5,7.74285711561,8.331337745106655,0.5884806294966554,USA
10050,5,7.09999990463,8.012652119724297,0.9126522150942975,USA
10051,5,8.59999998411,9.309924011016356,0.7099240269063571,USA
10052,5,7.72500008345,8.270865313078795,0.5458652296287951,USA
10053,5,7.00000006812,10.781666696317615,3.7816666281976143,USA
10054,5,8.14444435967,7.939130053118056,0.20531430655194427,USA
10055,5,6.05624997616,9.259103443494226,3.2028534673342257,USA
10056,5,7.88333336512,8.202039466397519,0.3187061012775185,USA
10057,5,8.04999995232,8.694775036295722,0.6447750839757216,USA
10058,5,8.93333339691,8.586313776114133,0.3470196207958658,USA
10059,5,7.63571422441,8.329436515695498,0.6937222912854981,USA
10060,5,8.54999990463,8.823333919269528,0.2733340146395271,USA
10061,5,6.97000012398,10.737878544846353,3.767878420866353,USA
10062,5,7.97500010331,7.8081308137692975,0.16686928954070268,USA
10063,5,8.16250014305,8.170560997208748,0.008060854158747688,USA
10064,5,6.91111108992,9.092837210493123,2.1817261205731224,USA
10065,5,6.8125,8.483878268683487,1.6713782686834868,USA
10066,5,8.36363636364,10.346817144309492,1.9831807806694925,USA
10067,5,8.48750007153,13.5346057871455,5.0471057156154995,USA
10068,5,7.12666660945,11.998333874880043,4.871667265430043,USA
10069,5,7.71666669846,9.523478186225866,1.8068114877658656,USA
10070,5,7.82307698176,9.806843874970959,1.9837668932109587,USA
10071,5,7.25882353502,13.199082442400234,5.940258907380234,USA
10072,5,7.14999997616,9.34430753996497,2.194307563804969,USA
10073,5,6.93000004292,9.710150029586,2.780149986666,USA
10074,5,8.2133333842,8.507818511360673,0.294485127160673,USA
10075,5,8.54166674614,8.174890524530568,0.3667762216094328,USA
10076,5,7.38666664759,10.961242912146748,3.5745762645567476,USA
10077,5,7.7,9.176142529140867,1.4761425291408665,USA
10078,5,8.75833320618,8.64513558186773,0.11319762431226899,USA
10079,5,8.46363644166,9.39811796863206,0.9344815269720605,USA
10080,5,7.84117650986,8.42595938806407,0.58478287820407,USA
10081,5,6.4789474136,8.177817256523566,1.6988698429235658,USA
10082,5,6.5933333079,8.518474053544562,1.925140745644562,USA
10083,5,7.20000001907,8.740232870819117,1.540232851749117,USA
10084,5,7.8833334446,11.805898587891532,3.922565143291532,USA
10085,5,8.43333318498,8.29469385337248,0.13863933160751962,USA
10086,5,7.58999991417,11.316824111817805,3.7268241976478054,USA
10087,5,9.43333339691,8.359416899212714,1.0739164976972848,USA
10088,5,7.46249997616,7.131489446642213,0.331010529517787,USA
10089,5,8.23333337572,9.916559097192271,1.6832257214722723,USA
10090,5,8.13529421301,8.281495936723593,0.14620172371359175,USA
10091,5,7.71250003576,8.212624112583146,0.5001240768231465,USA
10092,5,8.85000014305,10.18155770199182,1.331557558941821,USA
10093,5,8.21250003576,8.37473039741011,0.16223036165010996,USA
10094,5,7.29999990463,9.378602942305385,2.078603037675385,USA
10095,5,7.98888889949,7.52675722317815,0.46213167631185037,USA
10096,5,8.0624999404,8.819994696540018,0.7574947561400176,USA
10097,5,8.26250004768,10.225755418459793,1.9632553707797928,USA
10098,5,8.34166673819,8.517388434843696,0.17572169665369586,USA
10099,5,7.97777785195,8.36977419453468,0.3919963425846795,USA
10100,5,8.55714266641,9.090499235219125,0.5333565688091255,USA
10101,5,9.01666673024,9.050070819513627,0.033404089273625814,USA
10102,5,8.47000007629,9.404553311976318,0.9345532356863178,USA
10103,5,8.6714286123,7.8298816494763095,0.8415469628236902,USA
10104,5,9.73333334923,9.190779126545015,0.5425542226849842,USA
10105,5,8.75000011921,9.169086171214968,0.4190860520049675,USA
10106,5,6.55999996662,9.033909023686888,2.473909057066888,USA
10107,5,6.92666667302,8.300332521754658,1.3736658487346585,USA
10108,5,8.18333331744,8.750766088561733,0.567432771121732,USA
10109,5,7.07499996821,7.44129827249737,0.36629830428737,USA
10110,5,8.53333322207,8.45568863342545,0.07764458864455115,USA
10111,5,7.96666669846,12.261917469933607,4.295250771473607,USA
10112,5,7.28888887829,7.901132511746825,0.6122436334568251,USA
10113,5,7.66000013351,10.728244567828785,3.0682444343187854,USA
10114,5,7.07142850331,12.280656410911167,5.209227907601167,USA
10115,5,8.08000006676,8.172273563946135,0.09227349718613453,USA
10116,5,8.04615394886,11.038645618931017,2.9924916700710167,USA
10117,5,8.28181825985,7.199023711195384,1.0827945486546167,USA
10118,5,6.52000007629,8.480832137560734,1.9608320612707342,USA
10119,5,7.15333325068,8.185795257473043,1.0324620067930423,USA
10120,5,7.60833334923,7.774993140367446,0.16665979113744633,USA
10121,5,7.59090913426,8.141355375040245,0.5504462407802446,USA
10122,5,8.61250007153,9.363401775326611,0.750901703796611,USA
10123,5,7.91250011325,9.502311929285838,1.589811816035838,USA
10124,5,7.10833326976,7.746667944898736,0.6383346751387355,USA
10125,5,7.0111111535,10.092642495713239,3.081531342213239,USA
10126,5,8.044444561,11.50345079056461,3.4590062295646096,USA
10127,5,7.31818177483,8.240387849277909,0.9222060744479084,USA
10128,5,7.99166671435,8.462982385061014,0.47131567071101443,USA
10129,5,6.22499996424,11.604325556131373,5.379325591891373,USA
10130,5,7.57500004768,8.45400355796499,0.8790035102849902,USA
10131,5,7.61111116409,8.024585966352696,0.4134748022626953,USA
10132,5,7.64444441266,9.461025794104781,1.8165813814447809,USA
10133,5,7.53333330154,9.621022771455266,2.087689469915266,USA
10134,5,7.37500007947,8.76950063861551,1.3945005591455093,USA
10135,5,8.57500004768,8.720477962996435,0.1454779153164356,USA
10136,5,7.75,9.365276319433818,1.6152763194338178,USA
10137,5,8.26923084259,8.408539026753656,0.13930818416365653,USA
10138,5,8.74444431729,8.898355182270622,0.153910864980622,USA
10139,5,7.82105257637,9.381938603361537,1.560886026991537,USA
10140,5,5.90000001589,10.189059735827325,4.289059719937325,USA
10141,5,6.78999998569,9.425035492765659,2.635035507075659,USA
10142,5,6.82500008742,9.01617210616419,2.191172018744189,USA
10143,5,6.90000009537,8.328697140985394,1.4286970456153938,USA
10144,5,5.85333344142,9.4391596021064,3.5858261606864,USA
10145,5,6.99333333969,9.905421802415024,2.9120884627250234,USA
10146,5,6.09999997992,9.555170968026088,3.4551709881060884,USA
10147,5,7.03999996185,9.389765007946526,2.3497650460965254,USA
10148,5,6.5200000445,8.911053984380027,2.3910539398800275,USA
10149,5,6.625,10.130028762312339,3.505028762312339,USA
10150,5,6.55625000596,9.832544174031318,3.276294168071318,USA
10151,5,6.63749998808,9.710350113695121,3.072850125615121,USA
10152,5,7.24999992053,9.680889506017794,2.430889585487794,USA
10153,5,6.13999989827,9.404957235532994,3.2649573372629934,USA
10154,5,6.36666674084,9.256832131754251,2.890165390914251,USA
10155,5,7.45625001192,9.663993366637909,2.207743354717909,USA
10156,5,7.27499997616,12.113262892563823,4.8382629164038224,USA
10157,5,6.37272726406,10.218822443181676,3.8460951791216758,USA
10158,5,7.15483871583,13.18166449135703,6.026825775527029,USA
10159,5,6.7055555582,9.77722421193334,3.07166865373334,USA
10160,5,7.63333324591,8.886170762981918,1.2528375170719173,USA
10161,5,4.59583326181,9.696513583206592,5.100680321396592,USA
10162,5,6.66249999404,9.148596610339881,2.486096616299881,USA
10163,5,6.59999996821,8.66431627981762,2.0643163116076195,USA
10164,5,5.95833337307,8.679837610164116,2.7215042370941154,USA
10165,5,6.875,9.914944595051463,3.0399445950514625,USA
10166,5,7.50624999404,10.58421912912029,3.0779691350802905,USA
10167,5,6.61333335241,9.648069472421465,3.0347361200114653,USA
10168,5,6.32666664124,9.721724543670181,3.395057902430181,USA
10169,5,6.74705889646,8.851807674317081,2.1047487778570817,USA
10170,5,6.44666671753,10.176346252429413,3.7296795348994127,USA
10171,5,7.34400005341,8.797580761943978,1.4535807085339778,USA
10172,5,6.60999999046,10.357886628256024,3.7478866377960234,USA
10173,5,6.5,7.953726570274624,1.4537265702746236,USA
10174,5,6.44615386083,9.745608264973125,3.299454404143125,USA
10175,5,6.47333335876,8.94461911532014,2.4712857565601407,USA
10176,5,6.94666671753,9.30815753045194,2.3614908129219394,USA
10177,5,7.42727270993,10.139471713927676,2.712199003997676,USA
10178,5,6.83750003576,8.582158431952646,1.744658396192646,USA
10179,5,5.98000001907,8.796359460607057,2.816359441537057,USA
10180,5,6.28750008345,9.60030323337234,3.31280314992234,USA
10181,5,7.06666660309,12.103162457504421,5.036495854414421,USA
10182,5,6.5833332936,9.694810855239123,3.1114775616391226,USA
10183,5,6.23333330949,9.922283709314296,3.6889503998242965,USA
10184,5,6.64444441266,8.913834090517174,2.2693896778571734,USA
10185,5,6.29000000954,9.542911817129545,3.2529118075895447,USA
10186,5,6.15499994755,11.80521859622746,5.65021864867746,USA
10187,5,7.06111105283,8.950432381303518,1.8893213284735175,USA
10188,5,7.6411764762,7.847587823852974,0.2064113476529741,USA
10189,5,7.09000000954,8.825750501274708,1.7357504917347084,USA
10190,5,6.98124995828,9.550905524910867,2.5696555666308667,USA
10191,5,5.84000015259,9.912029774845532,4.072029622255532,USA
10192,5,6.60833330949,9.1262125691887,2.5178792596987005,USA
10193,5,6.46875,10.553803246809354,4.085053246809354,USA
10194,5,6.44545461915,10.049504103993971,3.604049484843971,USA
10195,5,6.31333341599,10.83122559106908,4.51789217507908,USA
10196,5,6.38750001788,9.859891609530454,3.472391591650454,USA
10197,5,6.17499988079,9.13300422193514,2.9580043411451404,USA
10198,5,7.21333328883,8.99938584581103,1.78605255698103,USA
10199,5,6.76999998093,8.927293598834742,2.1572936179047426,USA
10200,5,5.74761901583,8.579731318156337,2.8321123023263377,USA
10201,5,6.34000000954,8.804689643339783,2.4646896337997832,USA
10202,5,7.10499994755,10.405813556178877,3.3008136086288777,USA
10203,5,7.23000001907,10.144264890880027,2.914264871810027,USA
10204,5,6.72499996424,10.038313339918215,3.3133133756782147,USA
10205,5,8.08571440833,8.963990945545108,0.8782765372151076,USA
10206,5,6.04499998093,9.184973738722087,3.139973757792087,USA
10207,5,5.93333339691,8.137872383539108,2.2045389866291076,USA
10208,5,6.61249998212,8.091336062673435,1.4788360805534344,USA
10209,5,6.38666671117,9.305169173896585,2.918502462726585,USA
10210,5,7.24666662216,9.661684078329829,2.4150174561698288,USA
10211,5,7.11428574153,9.345624229348616,2.2313384878186158,USA
10212,5,6.13333336512,9.162993125479305,3.029659760359305,USA
10213,5,6.67999999523,9.598961804922155,2.9189618096921546,USA
10214,5,6.59000005722,8.683939013554635,2.093938956334635,USA
10215,5,6.32499998808,8.699608617023772,2.374608628943772,USA
10216,5,7.74999992053,8.529152496701245,0.7791525761712457,USA
10217,5,5.96000003815,9.58485867403107,3.62485863588107,USA
10218,5,6.44666665395,8.734794115703803,2.2881274617538025,USA
10219,5,6.06000000636,9.969930120597734,3.909930114237734,USA
10220,5,6.69166664282,9.30093826600198,2.6092716231819804,USA
10221,5,6.40689659119,8.698360000448742,2.2914634092587427,USA
10222,5,6.45000004768,8.887683797876862,2.4376837501968627,USA
10223,5,7.30000004015,8.895168920543169,1.5951688803931692,USA
10224,5,6.75999997457,9.981388175949185,3.2213882013791846,USA
10225,5,5.45000000561,8.093223206511583,2.6432232009015832,USA
10226,5,6.84166665872,8.799774435660426,1.9581077769404258,USA
10227,5,6.94615389751,8.668010655208732,1.721856757698732,USA
10228,5,6.22499998411,7.700639226949436,1.4756392428394358,USA
10229,5,6.98666664759,8.75741344152575,1.7707467939357509,USA
10230,5,6.70000002384,10.184278055736371,3.4842780318963706,USA
10231,5,6.34666671753,8.281449032949423,1.9347823154194232,USA
10232,5,6.33999996185,7.912025476936474,1.572025515086474,USA
10233,5,7.78000001907,8.529360567130965,0.7493605480609649,USA
10234,5,5.98000001907,10.205223670733428,4.225223651663428,USA
10235,5,6.53500001431,8.568222076247881,2.033222061937881,USA
10236,5,6.3999999894,7.6335552415964045,1.2335552521964042,USA
10237,5,5.27666662534,8.784575626158029,3.507909000818029,USA
10238,5,5.0470588067,8.470960661227428,3.4239018545274282,USA
10239,5,5.48571426528,10.54707213827474,5.061357872994739,USA
10240,5,5.54583330949,12.136447957503183,6.590614648013183,USA
10241,5,6.15499997139,8.73629270715591,2.58129273576591,USA
10242,5,6.57692304024,8.467346131333699,1.890423091093699,USA
10243,5,4.49999997195,10.303571944018959,5.8035719720689585,USA
10244,5,6.62499996026,10.293033457721814,3.6680334974618134,USA
10245,5,7.3714285578,9.218622384506425,1.847193826706425,USA
10246,5,6.38124999404,9.150222559913237,2.768972565873237,USA
10247,5,5.87222223812,8.11457707418633,2.2423548360663306,USA
10248,5,6.98750007153,9.658681149882188,2.6711810783521877,USA
10249,5,7.18666664759,9.7445214311701,2.5578547835800993,USA
10250,5,5.39374995232,10.543534076378158,5.149784124058158,USA
10251,5,5.76363637231,10.206048180205,4.442411807895001,USA
10252,5,6.95000004768,9.663903910152042,2.7139038624720424,USA
10253,5,6.7,9.741432472883371,3.041432472883371,USA
10254,5,6.90000002725,11.33216070714833,4.432160679898329,USA
10255,5,6.66111106343,9.852361841436814,3.191250778006814,USA
10256,5,6.1111111376,9.552350615366151,3.4412394777661515,USA
10257,5,4.97500002384,8.745218686217706,3.7702186623777063,USA
10258,5,7.0666667223,10.216853161841481,3.150186439541481,USA
10259,5,4.56666668256,9.896900622116618,5.330233939556618,USA
10260,5,7.325,8.803177845810332,1.4781778458103316,USA
10261,5,5.61999998093,9.623944005534714,4.0039440246047135,USA
10262,5,6.46250003576,10.259547859018339,3.797047823258339,USA
10263,5,5.82916669051,8.973030517420256,3.1438638269102555,USA
10264,5,5.72916668653,11.070761831899848,5.341595145369848,USA
10265,5,4.87142854077,10.2235612269879,5.3521326862179,USA
10266,5,4.95416667064,8.937257557793005,3.983090887153005,USA
10267,5,6.49090909958,10.087727455761017,3.596818356181018,USA
10268,5,6.6727272814,10.198048917502621,3.525321636102621,USA
10269,5,5.71363639832,9.731242757539809,4.017606359219808,USA
10270,5,5.49999997616,8.380305149770113,2.880305173610113,USA
10271,5,6.18181811679,8.814033744197964,2.632215627407964,USA
10272,5,5.7708333532,9.516003652226344,3.745170299026344,USA
10273,5,5.34999997616,9.50932684814343,4.15932687198343,USA
10274,5,5.5166666309,10.650409896445925,5.133743265545926,USA
10275,5,4.82499998808,9.156367632515844,4.3313676444358435,USA
10276,5,4.58285711833,8.957883265635083,4.375026147305083,USA
10277,5,4.46000003815,9.50962761717268,5.04962757902268,USA
10278,5,6.47500006358,9.026189186501496,2.551189122921496,USA
10279,5,7.64000005722,9.934483576236747,2.2944835190167474,USA
10280,5,5.17499995232,10.191698388666925,5.016698436346925,USA
10281,5,5.78,10.308791217835637,4.528791217835637,USA
10282,5,4.44400001526,10.429078835866456,5.985078820606455,USA
10283,5,5.94500005245,10.298473237897277,4.353473185447276,USA
10284,5,4.37000000477,8.968907962800255,4.598907958030256,USA
10285,5,5.5799999396,9.02062748114521,3.4406275415452097,USA
10286,5,5.77000002861,10.879953137450482,5.1099531088404815,USA
10287,5,5.61999998093,9.985160243445684,4.365160262515683,USA
10288,5,4.84999997616,9.564463383021195,4.714463406861195,USA
10289,5,6.3199999673,8.628108529267655,2.3081085619676545,USA
10290,5,4.93000000318,9.25890752792036,4.328907524740361,USA
10291,5,6.58749997616,9.843903647424789,3.2564036712647884,USA
10292,5,5.11785713264,10.666215266822444,5.548358134182444,USA
10293,5,4.19199993134,8.980379878451469,4.788379947111469,USA
10294,5,5.26499996185,9.809111084713589,4.544111122863589,USA
10295,5,6.49090901288,10.526184399806853,4.035275386926853,USA
10296,5,5.10344822653,8.361775357230607,3.258327130700607,USA
10297,5,6.375,8.209782025426962,1.8347820254269624,USA
10298,5,5.85555550787,8.98517343846861,3.1296179305986103,USA
10299,5,4.99375000596,9.733434655900478,4.739684649940478,USA
10300,5,5.44000002543,8.775630591307578,3.3356305658775787,USA
10301,5,6.54782608281,11.393690760462981,4.845864677652981,USA
10302,5,7.11666671435,8.84526507813971,1.7285983637897093,USA
10303,5,6.61999988556,10.07927437857147,3.4592744930114687,USA
10304,5,5.61666660839,8.756321678807662,3.1396550704176622,USA
10305,5,7.41874998808,8.114884566666031,0.6961345785860313,USA
10306,5,4.88666671117,9.194493389113761,4.307826677943761,USA
10307,5,5.21666665872,9.174743717201295,3.9580770584812948,USA
10308,5,6.58500006199,10.26209266474849,3.6770926027584903,USA
10309,5,6.46666663034,11.538256435214587,5.071589804874587,USA
10310,5,6.28000004292,10.401651298609771,4.121651255689771,USA
10311,5,5.69705883194,9.71302338214643,4.01596455020643,USA
10312,5,6.53846152012,10.554214596557523,4.015753076437523,USA
10313,5,5.32727278363,9.961933714067595,4.634660930437595,USA
10314,5,6.41428565979,8.181859666095237,1.767574006305237,USA
10315,5,5.90999999046,10.046516181833775,4.136516191373775,USA
10316,5,6.08571424938,10.362240605822008,4.276526356442008,USA
10317,5,5.02424234332,9.749132591963246,4.724890248643246,USA
10318,5,5.07999994755,11.628012109418677,6.548012161868677,USA
10319,5,5.366666703,9.7983588284524,4.4316921254524,USA
10320,5,6.16499993801,9.684893249335959,3.5198933113259585,USA
10321,5,5.87499998013,8.429726943723583,2.554726963593583,USA
10322,5,6.13500001431,8.771518519476887,2.6365185051668867,USA
10323,5,5.57714287894,9.111832683572564,3.5346898046325634,USA
10324,5,5.1799999555,9.032346176245651,3.852346220745652,USA
10325,5,5.46666667196,10.77605459574968,5.3093879237896795,USA
10326,5,5.72666665713,9.819295192844812,4.092628535714812,USA
10327,5,5.54500000477,10.18486805745719,4.6398680526871905,USA
10328,5,6.4375000596,9.393500938920832,2.9560008793208326,USA
10329,5,5.21538463006,8.9055200312109,3.6901354011508998,USA
10330,5,6.63666664759,9.039768983149603,2.403102335559603,USA
10331,5,5.37500003974,10.149372201442322,4.774372161702322,USA
10332,5,6.60769224167,8.786109316420973,2.178417074750973,USA
10333,5,6.45714286395,10.160559386254437,3.7034165223044377,USA
10334,5,6.37333335876,10.010065809627648,3.6367324508676475,USA
10335,5,6.45555559794,8.844892076394236,2.3893364784542364,USA
10336,5,6.75588233331,10.095916717670658,3.340034384360658,USA
10337,5,5.11333328883,8.488144554219687,3.3748112653896873,USA
10338,5,5.51500000954,9.139527472980165,3.624527463440165,USA
10339,5,6.23913039332,9.768354709111449,3.529224315791449,USA
10340,5,5.69999998808,9.662212966169477,3.962212978089477,USA
10341,5,6.56000003815,9.863096182039161,3.303096143889161,USA
10342,5,6.68333331744,10.787492815771442,4.104159498331442,USA
10343,5,6.55833335718,10.945881389151701,4.387548031971701,USA
10344,5,7.80000006069,11.12086786023048,3.320867799540479,USA
10345,5,6.13333320618,8.474708897894379,2.3413756917143793,USA
10346,5,6.58999996185,8.54170464955297,1.9517046877029705,USA
10347,5,6.77333339055,8.808961125276742,2.0356277347267415,USA
10348,5,6.53999996185,10.122456819421654,3.5824568575716533,USA
10349,5,7.03333335453,9.229640554262707,2.196307199732707,USA
10350,5,6.81428561892,11.004481249466018,4.190195630546018,USA
10351,5,6.34999998411,11.102241702827826,4.752241718717825,USA
10352,5,6.30000008477,9.06346831117651,2.763468226406511,USA
10353,5,8.36250001192,9.7365374343538,1.3740374224337994,USA
10354,5,6.37777778837,10.359905549981672,3.9821277616116717,USA
10355,5,6.41111108992,10.791207436139665,4.3800963462196645,USA
10356,5,6.80000007153,14.097760750686488,7.297760679156488,USA
10357,5,6.68125000596,8.152297425137887,1.4710474191778866,USA
10358,5,6.22499996424,8.07663524062605,1.85163527638605,USA
10359,5,7.03076923811,8.934515370498442,1.9037461323884415,USA
10360,5,6.64545445009,9.060275838119756,2.4148213880297558,USA
10361,5,6.36000013351,8.53712719358571,2.1771270600757093,USA
10362,5,7.94999996821,11.429338387234997,3.479338419024997,USA
10363,5,6.27500009537,10.033974434564968,3.7589743391949675,USA
10364,5,6.75714288439,10.679779316132505,3.9226364317425046,USA
10365,5,6.46000003815,9.393404963152353,2.9334049250023533,USA
10366,5,7.07368421555,9.872592830895266,2.7989086153452662,USA
10367,5,7.50476190022,11.555600616025774,4.050838715805774,USA
10368,5,7.93913036844,11.352898743477226,3.4137683750372263,USA
10369,5,6.47692309893,10.578301294871952,4.101378195941952,USA
10370,5,6.77333335876,10.331556044243952,3.558222685483951,USA
10371,5,6.57142850331,11.892867072632225,5.321438569322225,USA
10372,5,6.62499992053,9.517108400774209,2.892108480244209,USA
10373,5,6.66000003815,9.033062501291896,2.3730624631418964,USA
10374,5,6.76666667726,8.937174850225846,2.170508172965846,USA
10375,5,6.37000007629,8.592324350143356,2.2223242738533555,USA
10376,5,7.23333326976,13.609658792743478,6.376325522983477,USA
10377,5,6.56666668256,8.920313426735255,2.353646744175255,USA
10378,5,6.6571429457,8.53085853407905,1.8737155883790493,USA
10379,5,6.56666665607,8.100656033405537,1.533989377335537,USA
10380,5,8.70000009537,9.192542046043219,0.4925419506732194,USA
10381,5,7.71999988556,10.159560336074328,2.4395604505143282,USA
10382,5,7.02000007629,9.863528322325825,2.8435282460358255,USA
10383,5,6.33846158248,9.361481738280691,3.0230201558006913,USA
10384,5,6.37777789434,9.461661948827455,3.083884054487455,USA
10385,5,6.65999994278,10.346296011579637,3.6862960687996376,USA
10386,5,6.56363630295,8.383239293505746,1.8196029905557456,USA
10387,5,6.6875,8.244018904150833,1.556518904150833,USA
10388,5,6.47727274895,8.642959665311206,2.1656869163612065,USA
10389,5,6.62222215864,10.426050146954374,3.8038279883143744,USA
10390,5,6.72142856462,8.742487668888952,2.021059104268952,USA
10391,5,8.15263158397,8.744348244825806,0.5917166608558055,USA
10392,5,7.04193549002,10.781918105160745,3.739982615140745,USA
10393,5,7.06666660309,8.436205864351317,1.369539261261317,USA
10394,5,6.7722222805,8.438626091023991,1.666403810523991,USA
10395,5,6.64999997616,14.009109974618074,7.359109998458074,USA
10396,5,6.625,9.920955224210832,3.2959552242108323,USA
10397,5,7.8799999555,8.848157117554315,0.9681571620543155,USA
10398,5,7.16666666667,8.881907289058812,1.7152406223888121,USA
10399,5,6.19166664282,9.865393729276155,3.6737270864561555,USA
10400,5,7.06666669846,13.254220068760969,6.187553370300969,USA
10401,5,6.71428571429,9.170305154782374,2.4560194404923745,USA
10402,5,7.26666667726,9.003824164204508,1.7371574869445077,USA
10403,5,7.18000001907,9.829623286387205,2.649623267317205,USA
10404,5,8.85555553436,12.938301658263441,4.082746123903441,USA
10405,5,7.38999996185,9.782466857211297,2.392466895361297,USA
10406,5,6.72500002384,8.378306830099238,1.6533068062592378,USA
10407,5,6.86666663488,9.670940941161524,2.804274306281524,USA
10408,5,6.43636369705,8.804729934280473,2.3683662372304735,USA
10409,5,6.78000011444,9.331776552897225,2.5517764384572246,USA
10410,5,7.13333328565,11.98035509804981,4.8470218123998094,USA
10411,5,7.04666668574,8.136125996098835,1.0894593103588353,USA
10412,5,6.42857149669,9.908744332546217,3.4801728358562167,USA
10413,5,6.88000001907,12.831366245930154,5.951366226860154,USA
10414,5,6.80000003179,8.68054202625183,1.8805419944618302,USA
10415,5,6.64545453678,14.765725514038767,8.120270977258766,USA
10416,5,7.54999995232,9.882748950852825,2.332748998532825,USA
10417,5,6.58571420397,10.50781353127388,3.9220993273038802,USA
10418,5,7.07692304024,9.326203244971389,2.249280204731389,USA
10419,5,6.68571424484,9.504029212745973,2.818314967905973,USA
10420,5,6.55714280265,9.829454156687033,3.2723113540370337,USA
10421,5,6.46250003576,9.336362133689072,2.873862097929072,USA
10422,5,7.75555562973,12.075135556269538,4.3195799265395385,USA
10423,5,7.02999997139,8.709275191188354,1.6792752197983543,USA
10424,5,6.88181825118,8.709880417169108,1.8280621659891079,USA
10425,5,7.0,9.385788603335607,2.385788603335607,USA
10426,5,7.50869568535,12.958966466582094,5.450270781232094,USA
10427,5,8.85294117647,9.1718003049715,0.318859128501499,USA
10428,5,7.51999998093,8.24235096915239,0.7223509882223906,USA
10429,5,6.24615375812,8.272009972581834,2.025856214461834,USA
10430,5,6.97142859868,8.355911150568183,1.3844825518881825,USA
10431,5,7.34444443385,9.261492431366566,1.9170479975165664,USA
10432,5,7.55714287077,8.728858410268115,1.1717155394981154,USA
10433,5,6.47500002384,8.847215985318488,2.3722159614784886,USA
10434,5,6.33749997616,8.626372164255953,2.2888721880959526,USA
10435,5,6.61666659514,8.617360031369287,2.0006934362292874,USA
10436,5,7.0,12.828695679777868,5.8286956797778675,USA
10437,5,6.69999989596,8.74222972821335,2.0422298322533496,USA
10438,5,6.68571417672,9.8862929640098,3.200578787289799,USA
10439,5,6.82999992371,9.209054232008834,2.3790543082988336,USA
10440,5,6.71249997616,9.167939061443178,2.455439085283178,USA
10441,5,6.93846156047,8.6990968349585,1.7606352744884992,USA
10442,5,6.67777776718,9.231794124072309,2.5540163568923084,USA
10443,5,6.54999995232,8.249720734356325,1.6997207820363247,USA
10444,5,6.38000011444,9.10899745904983,2.72899734460983,USA
10445,5,6.38333336512,10.53004108721911,4.14670772209911,USA
10446,5,7.07777780957,9.322328716764012,2.2445509071940126,USA
10447,5,6.65555556615,8.859076621053344,2.2035210549033435,USA
10448,5,6.97777777248,10.087099976073572,3.109322203593573,USA
10449,5,6.5888888571,9.045215928655658,2.456327071555658,USA
10450,5,6.68333335718,9.371418419920946,2.688085062740946,USA
10451,5,6.53333330154,9.121920549731154,2.5885872481911543,USA
10452,5,6.86874997616,9.644963191193954,2.7762132150339536,USA
10453,5,7.43333331744,9.684445083665294,2.2511117662252937,USA
10454,5,6.68571424484,9.377666389041746,2.6919521442017462,USA
10455,5,7.18181822517,8.266558050406335,1.0847398252363352,USA
10456,5,6.50714278221,9.552013977446055,3.0448711952360554,USA
10457,5,7.20000004768,8.604036668175876,1.4040366204958765,USA
10458,5,6.97058826334,8.589989936769978,1.6194016734299783,USA
10459,5,6.86250001192,8.843791288002437,1.9812912760824375,USA
10460,5,8.05909098278,12.64201571233677,4.582924729556769,USA
10461,5,7.61000000636,10.569453911256772,2.9594539048967725,USA
10462,5,7.26875001192,13.750370251943433,6.4816202400234335,USA
10463,5,7.42105270687,10.352104570743222,2.931051863873222,USA
10464,5,7.32499989867,12.275912379886545,4.9509124812165455,USA
10465,5,7.03076923811,11.1443779058154,4.1136086677054,USA
10466,5,7.36111111111,13.247241137735742,5.886130026625742,USA
10467,5,4.67333339055,9.673325211279163,4.999991820729163,USA
10468,5,6.85833338896,11.389181666221948,4.530848277261947,USA
10469,5,8.63846155313,10.311270501093107,1.672808947963107,USA
10470,5,8.53333330154,9.613749031917024,1.0804157303770232,USA
10471,5,7.7333334287,11.32575491196092,3.592421483260921,USA
10472,5,7.61304353631,10.30379608761901,2.690752551309009,USA
10473,5,7.11578941345,15.012700238283335,7.896910824833335,USA
10474,5,4.12916663289,10.229840152512896,6.100673519622896,USA
10475,5,4.8714285578,11.770100614410728,6.898672056610728,USA
10476,5,7.89999993642,12.107405501548403,4.207405565128402,USA
10477,5,7.66923079124,13.05946606312828,5.3902352718882796,USA
10478,5,8.32222223282,12.857533402964762,4.535311170144762,USA
10479,5,7.03076923811,13.717740366339243,6.686971128229242,USA
10480,5,7.7222223017,11.423280986418415,3.701058684718416,USA
10481,5,3.663461527,9.753398922292824,6.089937395292824,USA
10482,5,3.87909085967,11.325568730078441,7.446477870408441,USA
10483,5,8.38333336512,10.412693325751313,2.0293599606313126,USA
10484,5,8.80000002682,11.262886316531503,2.462886289711504,USA
10485,5,4.38000008265,12.156451593443048,7.7764515107930485,USA
10486,5,7.99999996026,13.091810467808,5.091810507547999,USA
10487,5,7.36666669846,10.885642025123087,3.518975326663086,USA
10488,5,7.84375011921,11.148165389421585,3.304415270211585,USA
10489,5,7.70625001192,10.127294289974177,2.421044278054177,USA
10490,5,7.87894730819,9.641647742145452,1.7627004339554517,USA
10491,5,7.36875002086,12.146513629465968,4.777763608605968,USA
10492,5,9.35263146852,13.570224837221804,4.217593368701804,USA
10493,5,8.02916675806,13.401007643207363,5.371840885147362,USA
10494,5,7.42000007629,10.334228147751196,2.9142280714611957,USA
10495,5,4.22615381388,11.573700130217693,7.347546316337693,USA
10496,5,8.10000010899,9.409977040700026,1.3099769317100254,USA
10497,5,7.53000001907,14.421099864638753,6.891099845568753,USA
10498,5,8.83571440833,10.607050622281168,1.7713362139511677,USA
10499,5,7.40645162521,10.993837395724885,3.587385770514885,USA
10500,5,7.16499989033,11.2084996640156,4.0434997736856,USA
10501,5,4.39999995913,12.350621535853008,7.950621576723009,USA
10502,5,4.25454542854,11.27958235563875,7.02503692709875,USA
10503,5,3.80601503257,12.266197388413932,8.460182355843932,USA
10504,5,7.48181819916,10.159986567296237,2.6781683681362365,USA
10505,5,7.54999997881,10.791501243891712,3.2415012650817125,USA
10506,5,8.10000006358,12.00997294158883,3.90997287800883,USA
10507,5,7.12222221163,11.093420362146297,3.9711981505162974,USA
10508,5,7.68125000596,13.938557190895946,6.257307184935946,USA
10509,5,7.37692312094,13.844181287131748,6.4672581661917485,USA
10510,5,3.79795917686,13.913378430488017,10.115419253628016,USA
10511,5,7.7260869275,9.503563498689182,1.7774765711891822,USA
10512,5,7.37187504768,8.895421531085587,1.5235464834055872,USA
10513,5,9.2333334287,10.995118778257261,1.761785349557261,USA
10514,5,7.68888892068,14.045470165109968,6.356581244429968,USA
10515,5,7.7777777248,10.934473317277277,3.156695592477277,USA
10516,5,7.34166669846,12.153383919668777,4.811717221208776,USA
10517,5,7.73529425789,9.397121807906935,1.6618275500169348,USA
10518,5,8.16190474374,10.153959417457543,1.9920546737175435,USA
10519,5,7.67999992371,11.852526173147712,4.172526249437713,USA
10520,5,8.77500009537,13.155841828067388,4.380841732697387,USA
10521,5,7.90000007266,13.215350052303625,5.315349979643625,USA
10522,5,7.60416662693,10.629649443028498,3.0254828160984983,USA
10523,5,8.6718750596,12.995306706998674,4.3234316473986745,USA
10524,5,7.44999995828,9.44768929715573,1.9976893388757295,USA
10525,5,7.79999998212,8.662573993712545,0.8625740115925451,USA
10526,5,4.88400001526,9.777122923435481,4.8931229081754815,USA
10527,5,4.03043475358,12.471739563130482,8.441304809550482,USA
10528,5,6.64166665077,9.374165949037131,2.732499298267131,USA
10529,5,6.85833334923,8.289784836326497,1.4314514870964974,USA
10530,5,6.85,8.600018837081809,1.750018837081809,USA
10531,5,6.5461538755,9.7686891732147,3.2225352977146997,USA
10532,5,7.00526317797,10.61449051152923,3.6092273335592298,USA
10533,5,6.48666667938,9.612388152094985,3.125721472714985,USA
10534,5,3.95040001106,8.473275744647406,4.522875733587406,USA
10535,5,3.61604936623,11.491411712301597,7.875362346071597,USA
10536,5,5.18571429593,12.22857536578634,7.042861069856339,USA
10537,5,6.53000001907,11.318495715186714,4.788495696116714,USA
10538,5,6.87368418041,15.925416288208767,9.051732107798767,USA
10539,5,6.125,11.06750491271639,4.942504912716389,USA
10540,5,6.1999999455,10.421590633294677,4.221590687794677,USA
10541,5,6.09999995232,9.121747300597413,3.0217473482774126,USA
10542,5,6.73333334923,10.40528095634252,3.6719476071125197,USA
10543,5,6.59999998411,10.032208052648887,3.4322080685388867,USA
10544,5,6.23076930413,8.494335347186809,2.2635660430568088,USA
10545,5,6.6285714422,8.91628575588979,2.28771431368979,USA
10546,5,6.26363632896,9.1719323825218,2.908296053561801,USA
10547,5,6.42857149669,10.4975277777146,4.0689562810246,USA
10548,5,4.84166665872,8.470309717120452,3.628643058400452,USA
10549,5,5.35517238748,10.667294971203239,5.312122583723239,USA
10550,5,4.83333349228,8.667398165796284,3.8340646735162833,USA
10551,5,4.15000009537,10.6601547172627,6.510154621892699,USA
10552,5,6.56999993324,10.575649228483226,4.005649295243225,USA
10553,5,6.66666666667,8.78209422531515,2.11542755864515,USA
10554,5,5.8750000298,8.355477062997066,2.480477033197066,USA
10555,5,5.34736844113,9.375358891315093,4.027990450185093,USA
10556,5,5.53600000381,12.115435511511542,6.579435507701542,USA
10557,5,6.9545454112,9.787001312804414,2.8324559016044137,USA
10558,5,6.69285716329,10.033092340783291,3.340235177493291,USA
10559,5,6.86249995232,8.97154444578469,2.1090444934646904,USA
10560,5,5.59333340327,12.314079015197361,6.720745611927361,USA
10561,5,5.66315786462,12.001224744162553,6.338066879542553,USA
10562,5,7.01818180084,8.765050572059533,1.7468687712195328,USA
10563,5,5.52000007629,11.547186154463638,6.027186078173639,USA
10564,5,5.86923082058,11.388426872895186,5.519196052315186,USA
10565,5,5.56111115879,10.358185078250727,4.797073919460727,USA
10566,5,5.38444442749,12.084018620526251,6.699574193036251,USA
10567,5,5.18235293557,12.393226394459461,7.210873458889461,USA
10568,5,4.0333332936,12.316686761609041,8.283353468009041,USA
10569,5,6.46296296296,13.100922149043674,6.637959186083674,USA
10570,5,4.98888889949,12.823474500782755,7.834585601292755,USA
10571,5,5.0764706275,9.914396838813515,4.837926211313515,USA
10572,5,5.73750001192,8.407973994088088,2.6704739821680885,USA
10573,5,4.59199996948,7.2714539060534005,2.6794539365734007,USA
10574,5,6.66500000954,8.756890187171875,2.091890177631875,USA
10575,5,4.71999993324,7.880233259570128,3.160233326330128,USA
10576,5,6.87222223812,7.672238418693139,0.800016180573139,USA
10577,5,6.73888889949,7.379656847752491,0.6407679482624911,USA
10578,5,4.82727276195,7.415703632225387,2.5884308702753875,USA
10579,5,5.44000005722,7.714189555279374,2.274189498059374,USA
10580,5,7.38499999046,8.814091424489044,1.4290914340290444,USA
10581,5,6.26000000636,9.173542913247053,2.913542906887052,USA
10582,5,5.48125001788,10.855320243892749,5.374070226012749,USA
10583,5,5.16666663488,7.929004898973494,2.7623382640934935,USA
10584,5,5.61132075652,7.3575355210189155,1.7462147644989159,USA
10585,5,4.86000003815,10.640218227950399,5.780218189800399,USA
10586,5,5.85625001788,7.128584033608565,1.272334015728565,USA
10587,5,5.49199995041,7.480421006066084,1.988421055656084,USA
10588,5,5.58999998569,9.137555191924413,3.5475552062344136,USA
10589,5,5.48666667938,7.6043382496744005,2.1176715702944007,USA
10590,5,6.00399997711,7.159543455071772,1.1555434779617713,USA
10591,5,5.5583332777,8.891508297067794,3.3331750193677943,USA
10592,5,5.75833332539,7.2827203635910145,1.5243870382010147,USA
10593,5,6.4062500298,7.75831005197278,1.3520600221727799,USA
10594,5,4.98750001192,7.856696191820264,2.869196179900264,USA
10595,5,5.74166667461,8.37111480877164,2.62944813416164,USA
10596,5,6.63999998569,8.774138081661361,2.1341380959713607,USA
10597,5,4.98076926745,7.977255246550566,2.996485979100566,USA
10598,5,7.4352942074,7.835891775037677,0.40059756763767673,USA
10599,5,5.27692303291,8.121713500998053,2.8447904680880534,USA
10600,5,6.61999994914,9.24570253860861,2.6257025894686095,USA
10601,5,5.82666664124,7.640273707243841,1.8136070660038408,USA
10602,5,7.03499996662,7.7219806262251485,0.6869806596051484,USA
10603,5,5.21886792273,7.7841825473144475,2.565314624584447,USA
10604,5,5.97999997139,9.016959696087573,3.0369597246975735,USA
10605,5,6.64999995232,7.978791102157299,1.3287911498372988,USA
10606,5,6.51764701394,7.128739750101207,0.6110927361612077,USA
10607,5,6.32499994834,9.158526711522853,2.833526763182853,USA
10608,5,6.25833332539,7.466599412087598,1.2082660866975985,USA
10609,5,7.29999995232,7.807266092715105,0.5072661403951049,USA
10610,5,8.26666666667,7.304405974339446,0.9622606923305543,USA
10611,5,4.22903225499,10.435831767433442,6.206799512443442,USA
10612,5,6.23076919409,9.57904951641778,3.3482803223277795,USA
10613,5,4.60666668415,8.387993489938594,3.781326805788594,USA
10614,5,3.98048781186,8.070463009759788,4.089975197899788,USA
10615,5,6.70526318801,8.630929215104205,1.9256660270942048,USA
10616,5,7.13500001431,6.951282656082666,0.1837173582273337,USA
10617,5,4.23243241697,8.008785235001696,3.776352818031696,USA
10618,5,3.91290320889,7.9148863790932715,4.001983170203271,USA
10619,5,7.00000003974,7.860773008549595,0.8607729688095951,USA
10620,5,3.53529409801,8.535517016239677,5.000222918229676,USA
10621,5,7.38750004768,9.606148260449359,2.2186482127693594,USA
10622,5,5.64210522802,7.951544738314597,2.309439510294597,USA
10623,5,5.20000001004,7.13504280522735,1.93504279518735,USA
10624,5,5.70999996662,11.268476363824353,5.558476397204354,USA
10625,5,6.45000001788,9.522771126223848,3.072771108343848,USA
10626,5,6.22666664124,8.17568618789977,1.9490195466597697,USA
10627,5,5.49500000477,7.165101922476163,1.6701019177061633,USA
10628,5,5.08611113495,8.405136925260628,3.3190257903106275,USA
10629,5,4.78249998093,8.021494477687868,3.2389944967578685,USA
10630,5,5.3000000053,10.534009719588903,5.234009714288903,USA
10631,5,4.18709670344,9.080895458296963,4.893798754856963,USA
10632,5,4.791304381,8.4554124025191,3.6641080215191,USA
10633,5,4.80000004402,8.383994250287815,3.583994206267815,USA
10634,5,4.18888887432,8.818088387981868,4.629199513661868,USA
10635,5,4.57666667302,7.582851875116013,3.006185202096013,USA
10636,5,7.73333333333,8.985713262479726,1.2523799291497255,USA
10637,5,5.17500001192,8.064514536282456,2.889514524362456,USA
10638,5,5.46666665872,8.730098641683632,3.263431982963632,USA
10639,5,4.55757574602,8.454760360110106,3.897184614090105,USA
10640,5,6.59999998411,8.312757158888195,1.7127571747781944,USA
10641,5,5.72666664124,9.226341077188117,3.4996744359481173,USA
10642,5,5.68499999046,8.276943660065541,2.5919436696055413,USA
10643,5,5.39999996915,7.312706445528667,1.9127064763786672,USA
10644,5,5.28333324856,8.263829127096932,2.9804958785369315,USA
10645,5,8.52500009537,11.785990936569394,3.260990841199394,USA
10646,5,4.17083332936,10.9123523283594,6.741518998999401,USA
10647,5,7.12000002861,10.00173217199628,2.881732143386281,USA
10648,5,5.19230758227,7.649176622216974,2.456869039946974,USA
10649,5,5.1894736039,8.871839838005867,3.682366234105867,USA
10650,5,6.88888883591,8.531491667777095,1.6426028318670953,USA
10651,5,5.61111103164,9.159225947873107,3.548114916233107,USA
10652,5,5.88750002782,9.707163034078853,3.8196630062588532,USA
10653,5,5.07000000477,8.708008736419286,3.638008731649286,USA
10654,5,8.11428579262,8.682692170534617,0.5684063779146165,USA
10655,5,4.8050000906,8.210164791034135,3.4051647004341348,USA
10656,5,6.02499997616,7.72349453550167,1.69849455934167,USA
10657,5,4.11058817471,9.180649149734924,5.070060975024924,USA
10658,5,4.35362316906,8.211421622395413,3.8577984533354135,USA
10659,5,5.08666658401,8.370541941441955,3.2838753574319552,USA
10660,5,3.95192303566,11.351951694448239,7.400028658788239,USA
10661,5,6.3750000298,8.193441171636898,1.8184411418368986,USA
10662,5,6.22666667302,9.169394173667873,2.942727500647873,USA
10663,5,5.19411763023,8.594831615020714,3.4007139847907144,USA
10664,5,4.85692305932,7.569572621559169,2.7126495622391698,USA
10665,5,4.29999999567,8.3276170585884,4.0276170629184,USA
10666,5,5.50833332539,10.327195597229071,4.8188622718390715,USA
10667,5,5.76428570066,8.205162650604903,2.4408769499449026,USA
10668,5,5.1043478095,10.361508598574543,5.257160789074543,USA
10669,5,5.10769224167,8.519606761124887,3.4119145194548874,USA
10670,5,5.62499988079,8.7237752475784,3.0987753667884004,USA
10671,5,5.20952379136,7.87717483196667,2.6676510406066702,USA
10672,5,6.15555561913,8.336571204828626,2.181015585698626,USA
10673,5,5.38750004768,9.500099519531005,4.112599471851006,USA
10674,5,4.60499994755,6.819551453417537,2.2145515058675374,USA
10675,5,5.09444443385,8.091564168099122,2.9971197342491225,USA
10676,5,5.3166667223,8.02523217996626,2.7085654576662597,USA
10677,5,4.46000000636,8.961796817733994,4.501796811373994,USA
10678,5,6.31666668256,8.033645291535233,1.716978608975233,USA
10679,5,7.05833331744,7.350498147962078,0.2921648305220783,USA
10680,5,6.62222226461,7.952010020138109,1.329787755528109,USA
10681,5,6.34545458447,8.057491306934201,1.7120367224642017,USA
10682,5,5.16799991608,9.130476589041168,3.9624766729611673,USA
10683,5,4.02093019596,8.171045559476202,4.150115363516202,USA
10684,5,4.86874999106,8.111488208683037,3.242738217623037,USA
10685,5,3.99054724779,9.674072653293516,5.6835254055035165,USA
10686,5,5.99375000596,9.571467027908632,3.577717021948632,USA
10687,5,7.65999991099,9.714093489316966,2.054093578326966,USA
10688,5,6.57142853737,7.938419309923004,1.3669907725530042,USA
10689,5,7.06111102634,8.148370281757185,1.0872592554171847,USA
10690,5,7.06999993324,9.30517621724787,2.2351762840078706,USA
10691,5,6.90000003576,12.163528705429805,5.263528669669805,USA
10692,5,4.55135134104,9.821189536397723,5.269838195357723,USA
10693,5,6.35238095692,10.469264404065148,4.116883447145148,USA
10694,5,5.14666652679,8.062263893184602,2.9155973663946018,USA
10695,5,5.24375003576,8.461716513577246,3.217966477817246,USA
10696,5,4.79166665872,8.04283163681981,3.251164978099811,USA
10697,5,7.46666661898,11.379906746717545,3.913240127737545,USA
10698,5,5.09999990463,8.86923974785006,3.76923984322006,USA
10699,5,5.34000002543,7.837279275483397,2.4972792500533965,USA
10700,5,5.03749996424,8.780843377582293,3.743343413342293,USA
10701,5,6.17368417037,9.204188481896054,3.0305043115260544,USA
10702,5,5.53000006676,9.456494714925583,3.9264946481655825,USA
10703,5,6.95999991099,9.992301068279485,3.032301157289485,USA
10704,5,7.4520000267,12.768683140940826,5.316683114240826,USA
10705,5,7.74736841101,11.44003654368265,3.69266813267265,USA
10706,5,5.10909089175,9.084049067321558,3.974958175571558,USA
10707,5,4.40000001122,7.677835667542389,3.277835656322389,USA
10708,5,5.82222225931,8.290112404192206,2.4678901448822055,USA
10709,5,5.13499991894,8.117042186474393,2.9820422675343927,USA
10710,5,3.98369563662,7.680680692356336,3.6969850557363366,USA
10711,5,4.30000006236,8.481477506892343,4.1814774445323435,USA
10712,5,5.1684209924,9.335675555664231,4.1672545632642315,USA
10713,5,5.68333329095,8.180354056233377,2.4970207652833762,USA
10714,5,5.09999993112,8.551616657160006,3.4516167260400055,USA
10715,5,5.44444444444,9.341047093153303,3.896602648713303,USA
10716,5,4.96000003815,9.806570081416826,4.846570043266826,USA
10717,5,6.62631579449,12.314350421432513,5.688034626942513,USA
10718,5,5.51538463739,9.434062074803695,3.9186774374136943,USA
10719,5,4.43191489768,8.740514476588919,4.308599578908919,USA
10720,5,5.0937499553,9.75707891096065,4.663328955660651,USA
10721,5,6.47142853056,7.978858350215567,1.5074298196555675,USA
10722,5,5.06363630295,8.80212479237375,3.73848848942375,USA
10723,5,5.93333333333,8.28982873780255,2.3564954044725495,USA
10724,5,5.13333325159,9.698456646286184,4.565123394696184,USA
10725,5,4.67931033825,9.373543778427125,4.6942334401771255,USA
10726,5,4.45000004768,8.664937289400417,4.214937241720417,USA
10727,5,6.36250007153,7.883340189436375,1.5208401179063742,USA
10728,5,5.19166666269,9.185630734077634,3.9939640713876337,USA
10729,5,4.46578948121,10.410733608186387,5.944944126976387,USA
10730,5,5.26190480732,10.243532907238022,4.981628099918022,USA
10731,5,5.56666662958,9.197944487419905,3.6312778578399048,USA
10732,5,4.6133333842,9.955444309900567,5.342110925700568,USA
10733,5,5.0468749553,9.612857630653727,4.565982675353727,USA
10734,5,6.30000003179,7.963071463519441,1.663071431729441,USA
10735,5,5.23076919409,8.575442488265193,3.344673294175193,USA
10736,5,6.82105265166,8.387216874275564,1.5661642226155648,USA
10737,5,6.77857143538,12.835553165899718,6.056981730519718,USA
10738,5,5.50555552377,8.53945746040963,3.033901936639629,USA
10739,5,4.98124998808,11.335092355606179,6.353842367526179,USA
10740,5,3.72156860548,11.685679401340757,7.964110795860757,USA
10741,5,3.85211265591,10.876581901633948,7.024469245723948,USA
10742,5,5.53846150178,9.596433690181822,4.0579721884018225,USA
10743,5,4.48421054137,10.185487037446556,5.701276496076556,USA
10744,5,4.1288135173,8.524080533727647,4.395267016427646,USA
10745,5,6.51666669051,9.665799951728953,3.149133261218953,USA
10746,5,6.98000001907,11.078879627137784,4.098879608067784,USA
10747,5,7.33999999364,8.034711819819243,0.6947118261792431,USA
10748,5,8.45999994278,9.636132738576958,1.176132795796958,USA
10749,5,6.61999998093,11.720861444135474,5.100861463205474,USA
10750,5,6.5666667223,11.950980840661051,5.3843141183610514,USA
10751,5,8.39999996532,10.384464931733474,1.9844649664134746,USA
10752,5,7.70000000795,11.635041773920413,3.9350417659704133,USA
10753,5,8.58571434021,11.482231035740512,2.8965166955305115,USA
10754,5,7.53333330154,11.349494728507775,3.816161426967775,USA
10755,5,6.67499995232,10.059635317225965,3.3846353649059644,USA
10756,5,7.14444435967,11.803905411922255,4.659461052252255,USA
10757,5,7.78823543997,10.768618532856788,2.980383092886788,USA
10758,5,7.60869567291,10.767960742744824,3.1592650698348246,USA
10759,5,7.01176475076,10.517788914368563,3.5060241636085623,USA
10760,5,7.2352941457,11.383415778408054,4.148121632708054,USA
10761,5,7.85714295932,14.449789052376376,6.592646093056376,USA
10762,5,6.6249999702,12.000108941944916,5.375108971744916,USA
10763,5,6.63999996185,11.112573647221863,4.472573685371863,USA
10764,5,7.19999998808,10.257706061590083,3.057706073510083,USA
10765,5,6.4,11.134201864697662,4.734201864697662,USA
10766,5,6.40909095244,12.455206953364932,6.046116000924933,USA
10767,5,7.27222217454,9.251739179542065,1.979517005002065,USA
10768,5,7.42500003179,9.403208564723055,1.9782085329330554,USA
10769,5,6.90909090909,9.72153076092022,2.812439851830221,USA
10770,5,7.84545458447,10.605312464748874,2.759857880278874,USA
10771,5,8.18421052632,10.15556495533188,1.97135442901188,USA
10772,5,7.17058815676,11.652762223874602,4.4821740671146015,USA
10773,5,6.81481481481,8.943927462050217,2.129112647240217,USA
10774,5,6.27999998728,9.223920816191091,2.943920828911091,USA
10775,5,7.67857149669,11.369689480192028,3.6911179835020276,USA
10776,5,7.91875004768,11.914147884992692,3.9953978373126926,USA
10777,5,8.42999997139,14.840219638017425,6.410219666627425,USA
10778,5,7.55454540253,12.3120825238373,4.757537121307301,USA
10779,5,6.96666669846,9.620559140137106,2.6538924416771055,USA
10780,5,6.69166664282,9.591542182534113,2.899875539714113,USA
10781,5,7.61249995232,11.29899885696481,3.686498904644809,USA
10782,5,7.32500004768,9.724933365502515,2.3999333178225157,USA
10783,5,7.99411768072,8.619960191368886,0.6258425106488863,USA
10784,5,5.96842105765,10.325545873560515,4.357124815910515,USA
10785,5,6.75000009537,10.031618805121745,3.2816187097517453,USA
10786,5,7.10476189568,11.190376764247933,4.085614868567933,USA
10787,5,6.9333333515,13.908693635230378,6.975360283730378,USA
10788,5,7.2222222752,10.652719902875495,3.4304976276754946,USA
10789,5,7.83181821216,12.600894777729582,4.769076565569582,USA
10790,5,8.82307690841,9.194152748580397,0.37107584017039663,USA
10791,5,7.71428568023,9.737174233424684,2.022888553194684,USA
10792,5,8.24545444142,10.593130878946022,2.3476764375260224,USA
10793,5,6.66363638098,10.02684421682181,3.363207835841811,USA
10794,5,6.83571430615,10.646680246197768,3.810965940047768,USA
10795,5,7.92222234938,12.748830033808652,4.826607684428652,USA
10796,5,8.93124997616,12.67477854104286,3.74352856488286,USA
10797,5,8.61999998093,13.738893530989072,5.118893550059072,USA
10798,5,7.04999999205,10.988417599555135,3.9384176075051345,USA
10799,5,7.74761899312,11.797178240416947,4.049559247296948,USA
10800,5,7.62222226461,10.18883169495068,2.56660943034068,USA
10801,5,8.12000010808,9.76796686650669,1.6479667584266906,USA
10802,5,7.57647051531,8.355671282792933,0.7792007674829335,USA
10803,5,6.8294117591,9.489421837631108,2.6600100785311076,USA
10804,5,6.73749998212,11.986159837062356,5.248659854942356,USA
10805,5,7.6214285578,10.22445168986379,2.6030231320637895,USA
10806,5,7.42499999205,9.577685757187592,2.1526857651375915,USA
10807,5,7.31999998093,8.130158997369273,0.8101590164392736,USA
10808,5,6.55000001192,8.52825274190228,1.9782527299822803,USA
10809,5,6.5,10.104329842422075,3.604329842422075,USA
10810,5,7.9714286895,8.267006826154367,0.29557813665436683,USA
10811,5,6.83333341281,8.291430944178636,1.4580975313686357,USA
10812,5,6.51052633085,12.60396000148868,6.09343367063868,USA
10813,5,7.33200000763,10.520588706439966,3.1885886988099665,USA
10814,5,7.76875004172,10.796050958605061,3.0273009168850615,USA
10815,5,7.75454542854,10.089104795654748,2.334559367114748,USA
10816,5,8.09000003338,9.751824182675536,1.6618241492955352,USA
10817,5,6.64666662216,10.02431807369431,3.3776514515343106,USA
10818,5,7.95454549789,13.613772509428689,5.659227011538689,USA
10819,5,7.37647062189,10.063382285274146,2.686911663384146,USA
10820,5,7.25384613184,12.988800899243369,5.734954767403369,USA
10821,5,6.71578949376,9.375387277344318,2.659597783584318,USA
10822,5,7.5312499702,15.437616240851046,7.906366270651046,USA
10823,5,7.56923073989,8.564363227436889,0.995132487546889,USA
10824,5,7.1562500596,11.473843279410758,4.3175932198107585,USA
10825,5,6.52142865317,10.488063543223323,3.9666348900533226,USA
10826,5,6.93333333333,14.572539372718241,7.639206039388241,USA
10827,5,6.29999997616,10.567673060484278,4.2676730843242785,USA
10828,5,6.10588239221,8.750732991116859,2.644850598906859,USA
10829,5,6.72666664124,8.842467675237772,2.115801033997773,USA
10830,5,7.17000002861,8.336718733616944,1.1667187050069447,USA
10831,5,6.32500000795,11.012740764355812,4.687740756405812,USA
10832,5,6.23749992251,8.476493432645167,2.2389935101351677,USA
10833,5,6.30625003576,12.73511575191401,6.428865716154011,USA
10834,5,6.83000001907,11.069951808900079,4.239951789830079,USA
10835,5,6.70769229302,9.822901819276781,3.1152095262567814,USA
10836,5,6.83333335604,9.79502810362642,2.96169474758642,USA
10837,5,7.15500006676,9.165885835547005,2.0108857687870048,USA
10838,5,7.09285719054,7.6490095447420074,0.5561523542020073,USA
10839,5,7.08124998212,9.595467009001185,2.5142170268811848,USA
10840,5,6.39230775833,8.246974389065258,1.8546666307352577,USA
10841,5,6.71428578241,8.879563319518326,2.1652775371083255,USA
10842,5,4.2695652091,8.560431935434066,4.290866726334066,USA
10843,5,6.70434779706,8.20371388977445,1.4993660927144505,USA
10844,5,6.45384619786,8.679540285460542,2.2256940876005418,USA
10845,5,6.05999996185,10.337481000888864,4.2774810390388645,USA
10846,5,6.1888888677,8.502883444419467,2.313994576719467,USA
10847,5,6.01875001192,9.55474078873392,3.53599077681392,USA
10848,5,7.94375002384,10.805682580758385,2.8619325569183847,USA
10849,5,7.05294115403,9.621273841104657,2.5683326870746566,USA
10850,5,8.08571440833,8.78330388545522,0.69758947712522,USA
10851,5,6.45000004768,9.184895766671278,2.734895718991279,USA
10852,5,5.90000009537,9.430454613335755,3.5304545179657545,USA
10853,5,5.79047625405,9.181911040675383,3.391434786625383,USA
10854,5,4.74411763864,8.547520277806335,3.803402639166335,USA
10855,5,6.76842104761,8.487021676800786,1.718600629190786,USA
10856,5,6.49565217806,9.417789924637493,2.9221377465774925,USA
10857,5,6.33333345254,9.377530076820445,3.0441966242804455,USA
10858,5,6.81111110581,8.187413279486233,1.3763021736762324,USA
10859,5,6.29333327611,8.546041739828027,2.252708463718027,USA
10860,5,7.08095241728,9.250690789416586,2.169738372136586,USA
10861,5,8.23529420179,9.541005809740938,1.305711607950938,USA
10862,5,7.26000003815,10.029391149583017,2.7693911114330163,USA
10863,5,6.60000005364,9.904459106918345,3.3044590532783458,USA
10864,5,3.66094674161,10.659647826770856,6.998701085160856,USA
10865,5,6.64999995232,10.286341462303051,3.636341509983051,USA
10866,5,6.36666671435,10.155706263499262,3.789039549149262,USA
10867,5,5.96666669846,8.905423725817316,2.9387570273573163,USA
10868,5,7.14374995232,8.85225661376695,1.7085066614469504,USA
10869,5,5.76666665077,8.989792482045068,3.223125831275068,USA
10870,5,6.63076928946,10.289492848978341,3.658723559518341,USA
10871,5,7.46153846154,10.486229374996448,3.024690913456448,USA
10872,5,6.50000007947,10.1588529316756,3.6588528522056,USA
10873,5,4.57831323578,9.98185303657175,5.40353980079175,USA
10874,5,6.8315789825,8.674731400140063,1.8431524176400629,USA
10875,5,6.78823529973,8.997904932021967,2.209669632291967,USA
10876,5,6.71333332062,10.49051284022304,3.77717951960304,USA
10877,5,6.00999999046,8.198292648901777,2.1882926584417772,USA
10878,5,7.12777778837,9.400305148873727,2.2725273605037266,USA
10879,5,6.40714287758,9.37632007479283,2.9691771972128294,USA
10880,5,6.15714287758,8.067606968957207,1.9104640913772073,USA
10881,5,6.96428571429,8.66788930308078,1.7036035887907808,USA
10882,5,6.50666672389,8.868055389038618,2.3613886651486187,USA
10883,5,6.0933333079,8.615249286387188,2.521915978487188,USA
10884,5,5.92105270687,8.146883397449834,2.2258306905798335,USA
10885,5,6.51818180084,9.558236850769832,3.0400550499298324,USA
10886,5,6.0066666921,9.002119811024368,2.9954531189243685,USA
10887,5,6.77000005245,8.366322021695206,1.5963219692452055,USA
10888,5,6.54374998808,10.958182350883263,4.414432362803263,USA
10889,5,6.56666665607,10.530123182272021,3.9634565262020214,USA
10890,5,6.08461541396,9.318850104971919,3.2342346910119186,USA
10891,5,7.15000004768,12.231237409558938,5.081237361878938,USA
10892,5,6.30909096111,10.934989296676939,4.625898335566939,USA
10893,5,6.02272725105,7.96107970223296,1.9383524511829595,USA
10894,5,6.28800004959,11.113321925924437,4.825321876334437,USA
10895,5,7.64210527822,10.864066448524735,3.221961170304735,USA
10896,5,6.74736841101,11.487492278057154,4.740123867047154,USA
10897,5,6.86999998093,10.033177029815503,3.163177048885503,USA
10898,5,6.70714286395,9.103402548992632,2.396259685042632,USA
10899,5,6.77499997616,8.040523622459613,1.265523646299613,USA
10900,5,7.98666671117,10.262466661728332,2.2757999505583326,USA
10901,5,6.31500008106,8.204887108001378,1.889887026941378,USA
10902,5,6.83076928212,8.92665556142931,2.09588627930931,USA
10903,5,6.14705875341,8.949743650527122,2.802684897117122,USA
10904,5,7.0166666309,8.10624659138237,1.0895799604823697,USA
10905,5,4.73680001068,7.4193625764255415,2.682562565745542,USA
10906,5,4.10185186068,9.676115848684802,5.574263988004802,USA
10907,5,5.86428584371,8.298171077649613,2.4338852339396126,USA
10908,5,6.57368424064,8.515679953234365,1.9419957125943652,USA
10909,5,7.48571429934,9.658668968250065,2.172954668910066,USA
10910,5,6.94117647059,9.043637755085843,2.102461284495843,USA
10911,5,6.64999994636,9.12962533624036,2.4796253898803604,USA
10912,5,6.06874993443,8.653262468983396,2.5845125345533955,USA
10913,5,6.37500003974,8.971643524422468,2.5966434846824686,USA
10914,5,6.09999995761,8.134694743243186,2.034694785633186,USA
10915,5,6.34285715648,8.76243162828638,2.4195744718063805,USA
10916,5,5.25220587674,8.505812657847198,3.253606781107198,USA
10917,5,6.65333331426,9.654617195947328,3.0012838816873275,USA
10918,5,6.2933333079,8.550893596699812,2.2575602887998114,USA
10919,5,6.13043467895,9.18291799532207,3.0524833163720695,USA
10920,5,5.75454542854,9.682179983597074,3.9276345550570735,USA
10921,5,6.44666671753,9.027187040122845,2.580520322592845,USA
10922,5,6.49499998093,8.928572864274166,2.4335728833441657,USA
10923,5,6.55199996948,11.270814339086389,4.718814369606389,USA
10924,5,6.67692305492,9.577502961296062,2.9005799063760627,USA
10925,5,5.77500003576,11.2307866052939,5.455786569533901,USA
10926,5,7.347619034,8.631348966235791,1.283729932235791,USA
10927,5,6.61666667461,8.797138680698765,2.180472006088765,USA
10928,5,6.14999991655,8.9140401379497,2.7640402213997,USA
10929,5,3.81499999762,8.394486512066704,4.579486514446704,USA
10930,5,4.53124997516,11.317846871194298,6.786596896034299,USA
10931,5,4.71555554072,9.080510743301407,4.364955202581407,USA
10932,5,4.37105266044,8.683761236442978,4.3127085760029775,USA
10933,5,4.19799996376,8.834731265744018,4.636731301984018,USA
10934,5,6.61666663488,9.096205968432004,2.4795393335520046,USA
10935,5,7.10000002384,9.064490019660942,1.9644899958209425,USA
10936,5,7.36111111111,8.433465454725557,1.0723543436155571,USA
10937,5,6.85,8.670826780604283,1.8208267806042837,USA
10938,5,6.13571422441,9.23695511274902,3.101240888339021,USA
10939,5,5.92941180397,9.818540211658526,3.889128407688526,USA
10940,5,6.3125,9.623380498707835,3.310880498707835,USA
10941,5,4.0594594543,9.809732128656332,5.750272674356332,USA
10942,5,5.13980583543,10.722113555953499,5.582307720523499,USA
10943,5,3.91262133839,7.710344844129905,3.7977235057399046,USA
10944,5,3.81509434502,10.034678339656404,6.2195839946364035,USA
10945,5,5.13999999046,10.987857505371952,5.8478575149119525,USA
10946,5,4.24629626451,8.768952609863977,4.522656345353977,USA
10947,5,3.91944441862,9.836093081804972,5.916648663184972,USA
10948,5,5.40229886154,8.425865743906998,3.023566882366998,USA
10949,5,4.01874998957,10.214965757642013,6.196215768072013,USA
10950,5,4.4547619479,9.300102551483551,4.845340603583551,USA
10951,5,5.56521737057,10.993468713284772,5.428251342714772,USA
10952,5,4.00864198178,7.811520890715652,3.802878908935652,USA
10953,5,5.10869563144,8.635350544092057,3.5266549126520577,USA
10954,5,4.99210528324,8.095942760138486,3.1038374768984864,USA
10955,5,3.90731705107,9.604340369849695,5.697023318779694,USA
10956,5,5.20563377461,9.350491735306555,4.144857960696555,USA
10957,5,4.16603771246,9.321626504721129,5.155588792261129,USA
10958,5,5.00140846279,10.453971659736437,5.452563196946437,USA
10959,5,3.83928570577,8.879019416737336,5.039733710967336,USA
10960,5,4.83749997616,10.467626155962407,5.6301261798024065,USA
10961,5,4.60181817141,8.556435727262317,3.954617555852317,USA
10962,5,6.05957445185,9.484199005982516,3.4246245541325164,USA
10963,5,4.21948050833,8.697572884757662,4.478092376427662,USA
10964,5,4.22878781232,9.244024047766413,5.015236235446412,USA
10965,5,4.11538460621,9.640278514930067,5.524893908720067,USA
10966,5,3.90512819168,6.903854698410198,2.9987265067301982,USA
10967,5,4.11333325704,10.63315204008954,6.51981878304954,USA
10968,5,5.7720000267,6.894841413322178,1.122841386622178,USA
10969,5,4.19308173581,10.011569679853796,5.818487944043796,USA
10970,5,4.46470591601,8.556654134197048,4.091948218187048,USA
10971,5,6.09834709246,10.89194832027481,4.79360122781481,USA
10972,5,5.47380953176,9.587815504419833,4.114005972659833,USA
10973,5,4.81472391877,10.949776282173069,6.1350523634030685,USA
10974,5,3.9158415936,8.805232856569798,4.889391262969799,USA
10975,5,4.38717946639,9.857289037513599,5.470109571123599,USA
10976,5,4.43454546495,14.523535616551275,10.088990151601275,USA
10977,5,3.90980388136,8.526571774019006,4.616767892659006,USA
10978,5,6.3692307839,9.0580817103346,2.6888509264345997,USA
10979,5,4.46940296799,7.0438509363603465,2.5744479683703467,USA
10980,5,4.3074074027,11.012417119968495,6.705009717268495,USA
10981,5,4.11052630659,8.824257923768995,4.713731617178995,USA
10982,5,4.32499999139,8.957805363147001,4.632805371757001,USA
10983,5,4.29047614052,7.329606904222226,3.039130763702226,USA
10984,5,6.11158537574,8.766812279234298,2.655226903494298,USA
10985,5,5.27128713438,8.10822107525856,2.836933940878561,USA
10986,5,3.87391302897,8.48746827772054,4.61355524875054,USA
10987,5,4.34166669846,9.32526508642411,4.98359838796411,USA
10988,5,5.66470592162,8.662829992802214,2.9981240711822137,USA
10989,5,4.24242419908,9.15546662748954,4.91304242840954,USA
10990,5,6.82499996821,9.742106842776138,2.917106874566138,USA
10991,5,3.92162163838,9.730998250416828,5.809376612036829,USA
10992,5,4.27777779985,7.569081180203723,3.291303380353723,USA
10993,5,5.15000002281,8.236885046949666,3.086885024139667,USA
10994,5,5.11406245828,8.878328865567026,3.7642664072870256,USA
10995,5,4.80503146453,10.003486598235757,5.198455133705757,USA
10996,5,5.8050000906,8.993567472179897,3.1885673815798974,USA
10997,5,6.46250000596,8.973173128453126,2.5106731224931265,USA
10998,5,4.29285711902,9.42720208950236,5.134344970482361,USA
10999,5,6.17999989986,8.904691323378731,2.724691423518731,USA
11000,5,5.92000007629,9.232022192554487,3.3120221162644867,USA
11001,5,4.77999994755,8.996186614826502,4.216186667276502,USA
11002,5,3.96666669846,10.342264504869956,6.375597806409956,USA
11003,5,5.88333332539,10.549385851198139,4.666052525808139,USA
11004,5,6.46315790478,9.687963331636698,3.2248054268566984,USA
11005,5,4.62307686072,8.406643460257845,3.7835665995378447,USA
11006,5,4.99473684712,8.524450391378492,3.5297135442584917,USA
11007,5,4.80000007153,9.132455915460122,4.332455843930122,USA
11008,5,5.27326734467,9.508735312425525,4.235467967755525,USA
11009,5,3.93136093179,8.007217294249788,4.075856362459788,USA
11010,5,5.7812500298,8.682970862897632,2.901720833097632,USA
11011,5,5.23714288303,11.594165070242692,6.357022187212692,USA
11012,5,6.55714287077,9.794910502547841,3.2377676317778414,USA
11013,5,4.50952382315,10.405873605724251,5.896349782574251,USA
11014,5,6.07499996821,8.779542684470776,2.704542716260776,USA
11015,5,4.83124998212,9.671667900814782,4.840417918694782,USA
11016,5,4.63125002384,10.909701596753639,6.278451572913639,USA
11017,5,5.92500007153,7.917289233586345,1.9922891620563448,USA
11018,5,5.84166673819,9.614033234571199,3.772366496381199,USA
11019,5,5.79999996821,9.504632813911924,3.7046328457019237,USA
11020,5,5.99444450272,8.718603854566007,2.7241593518460068,USA
11021,5,5.40555561913,9.125464198961245,3.7199085798312446,USA
11022,5,5.55333328247,9.248354384090742,3.6950211016207426,USA
11023,5,5.05773199219,10.220117689811474,5.162385697621474,USA
11024,5,5.84999999735,10.079975720542226,4.229975723192226,USA
11025,5,4.64642861911,9.028955367925308,4.382526748815308,USA
11026,5,6.34444443385,7.633739094513819,1.2892946606638196,USA
11027,5,5.50833332539,10.422323823422023,4.913990498032023,USA
11028,5,6.48750004172,8.2423487298813,1.7548486881613004,USA
11029,5,5.67999989192,10.296097380544989,4.616097488624989,USA
11030,5,4.14509802239,8.08503612939101,3.9399381070010104,USA
11031,5,5.54666665395,9.82267522340289,4.276008569452889,USA
11032,5,6.01249998808,10.44602869737184,4.43352870929184,USA
11033,5,5.98750001192,9.56337331185051,3.5758732999305103,USA
11034,5,4.0844827356,8.531953407167496,4.447470671567496,USA
11035,5,5.31578943604,8.977974033596299,3.6621845975562985,USA
11036,5,4.2532109908,11.73715483052642,7.483943839726419,USA
11037,5,5.08831615874,12.116755169271052,7.028439010531052,USA
11038,5,4.38636363095,8.554826346068994,4.168462715118994,USA
11039,5,6.24799999237,9.965209866576547,3.7172098742065476,USA
11040,5,5.59230764096,9.539435535413535,3.9471278944535353,USA
11041,5,4.49999998013,8.61252539456034,4.11252541443034,USA
11042,5,4.22857141495,8.646082282877938,4.417510867927938,USA
11043,5,4.31904779162,9.139173817401957,4.820126025781957,USA
11044,5,5.31555553719,7.421328613991358,2.1057730768013583,USA
11045,5,4.83214284692,10.08323151776043,5.25108867084043,USA
11046,5,4.40833342075,8.104839622134214,3.6965062013842145,USA
11047,5,6.40000002201,9.318440201454948,2.9184401794449473,USA
11048,5,5.10645163444,8.267995804681044,3.1615441702410445,USA
11049,5,5.75333331426,8.972645117133277,3.2193118028732775,USA
11050,5,5.86923085726,9.141189374458138,3.2719585171981382,USA
11051,5,5.5842105213,9.616258020871925,4.032047499571925,USA
11052,5,4.84166663885,8.749598760719326,3.907932121869327,USA
11053,5,6.46666665872,8.895177400533708,2.4285107418137075,USA
11054,5,6.19374996424,8.761103448647633,2.567353484407633,USA
11055,5,6.16666666667,8.685490996786838,2.5188243301168374,USA
11056,5,5.91333335241,8.821127902301972,2.907794549891973,USA
11057,5,6.43000006676,8.87946811855104,2.4494680517910403,USA
11058,5,5.72000001272,9.431553229692579,3.711553216972579,USA
11059,5,5.86666676203,9.780996866991698,3.9143301049616976,USA
11060,5,4.58136644719,12.095365628765643,7.5139991815756435,USA
11061,5,4.98577406217,10.734379595395959,5.748605533225959,USA
11062,5,7.29999997881,10.403177241471077,3.1031772626610774,USA
11063,5,5.76000000636,10.256951015904965,4.496951009544965,USA
11064,5,5.0468749851,10.101162233952142,5.054287248852142,USA
11065,5,4.88999999591,9.304262628524736,4.414262632614736,USA
11066,5,4.28666664759,11.498353562310218,7.211686914720218,USA
11067,5,6.5,8.274193668250263,1.7741936682502626,USA
11068,5,5.70526318801,9.065781244211733,3.360518056201733,USA
11069,5,3.94714285306,8.642258859888472,4.695116006828472,USA
11070,5,4.14583321412,10.688367783540505,6.542534569420505,USA
11071,5,6.06500003338,8.679765290259782,2.6147652568797826,USA
11072,5,4.89444441266,9.062337356400525,4.167892943740524,USA
11073,5,4.09583332141,9.283164533766657,5.187331212356657,USA
11074,5,5.80000011738,9.285769876330358,3.485769758950358,USA
11075,5,6.43200004578,10.286746224497309,3.854746178717309,USA
11076,5,5.76999998093,7.788769787410329,2.0187698064803294,USA
11077,5,5.71499996185,7.6953723202226385,1.9803723583726383,USA
11078,5,6.18269228018,10.559431308845273,4.3767390286652725,USA
11079,5,5.65000005563,7.801731784459806,2.151731728829806,USA
11080,5,4.97500002384,8.51952125854153,3.5445212347015307,USA
11081,5,5.68999993801,9.10391547223981,3.413915534229811,USA
11082,5,5.76153843219,10.261919869642245,4.500381437452245,USA
11083,5,4.31428568136,8.88750028714613,4.57321460578613,USA
11084,5,7.34000000954,9.500210787057568,2.1602107775175687,USA
11085,5,6.79565222367,9.389744306119104,2.5940920824491034,USA
11086,5,4.56666667121,10.464215851984006,5.897549180774006,USA
11087,5,6.15833322207,8.440213080786918,2.281879858716919,USA
11088,5,6.30769230769,8.437684163239076,2.1299918555490764,USA
11089,5,6.7818182165,9.447055651738534,2.6652374352385344,USA
11090,5,4.20514402762,10.095484835469618,5.8903408078496176,USA
11091,5,6.1999999455,11.530360200505651,5.330360255005651,USA
11092,5,4.31004183063,11.796725233284732,7.486683402654732,USA
11093,5,4.34642856462,11.263161553750983,6.916732989130983,USA
11094,5,5.24074072308,10.684245266615559,5.443504543535559,USA
11095,5,5.13124999404,8.354477618013867,3.223227623973867,USA
11096,5,7.25714295251,7.693528410742289,0.436385458232289,USA
11097,5,5.06855345372,10.492705949761081,5.424152496041081,USA
11098,5,5.30714287077,11.09878950120521,5.791646630435211,USA
11099,5,4.99090903456,11.899399169113856,6.9084901345538565,USA
11100,5,4.9,10.412486160073664,5.512486160073664,USA
11101,5,6.11666665475,9.566389743087326,3.4497230883373255,USA
11102,5,5.6260869503,11.002916787798032,5.376829837498032,USA
11103,5,4.80344821667,11.443703874139047,6.640255657469047,USA
11104,5,4.81666670243,8.119996520107001,3.3033298176770014,USA
11105,5,5.09499998093,10.070661253854695,4.975661272924695,USA
11106,5,5.24999995232,8.02758894607746,2.77758899375746,USA
11107,5,5.49285718373,9.89478337260605,4.4019261888760495,USA
11108,5,6.81428582328,9.65968718009698,2.845401356816981,USA
11109,5,5.83750003576,8.27569965063232,2.438199614872321,USA
11110,5,6.34999998411,8.170266656798704,1.820266672688704,USA
11111,5,6.60000006358,9.367892210466053,2.7678921468860533,USA
11112,5,6.75555562973,8.948623456518927,2.193067826788927,USA
11113,5,7.69999980927,7.6910204084501,0.008979400819900007,USA
11114,5,6.17272723805,8.677678833643315,2.5049515955933144,USA
11115,5,6.43333331744,10.888683971837995,4.4553506543979955,USA
11116,5,6.64444446564,9.040109665804293,2.3956652001642924,USA
11117,5,5.96153846154,8.335910746971082,2.3743722854310825,USA
11118,5,6.59999990463,8.930398744232534,2.330398839602534,USA
11119,5,4.69230767397,12.79938501796008,8.107077343990081,USA
11120,5,4.49768784005,9.261737516074806,4.764049676024806,USA
11121,5,3.70571428026,11.360822434096292,7.6551081538362915,USA
11122,5,4.52346937754,9.854005609489157,5.330536231949157,USA
11123,5,2.88552633085,10.56789028980443,7.682363958954429,USA
11124,5,2.79298244861,11.318988684597326,8.526006235987325,USA
11125,5,5.13928573472,11.50991769601455,6.370631961294551,USA
11126,5,6.08333333333,9.117327010007017,3.0339936766770172,USA
11127,5,3.7986111078,10.601982824913879,6.803371717113879,USA
11128,5,4.20849056289,8.3196179631959,4.111127400305901,USA
11129,5,3.47524752947,9.020614144381522,5.545366614911522,USA
11130,5,3.14821428912,10.141547653816378,6.993333364696378,USA
11131,5,5.96875,8.266034758648296,2.2972847586482956,USA
11132,5,6.97000002861,8.47234318562389,1.5023431570138897,USA
11133,5,6.29999995232,8.445834891517924,2.1458349391979237,USA
11134,5,5.88666667938,11.59993713997113,5.71327046059113,USA
11135,5,6.36666668786,9.176229274449351,2.809562586589352,USA
11136,5,4.46380951972,10.352284235902333,5.888474716182333,USA
11137,5,5.64117639205,10.828388609094512,5.187212217044512,USA
11138,5,4.97291664779,10.768111367781497,5.795194719991497,USA
11139,5,3.98632477491,10.239431916558011,6.2531071416480115,USA
11140,5,4.73150684409,10.261774669085906,5.530267824995906,USA
11141,5,3.45222221745,10.680286285539815,7.2280640680898145,USA
11142,5,5.82666664124,9.938605586390505,4.111938945150505,USA
11143,5,5.30952378682,8.776408908409653,3.4668851215896535,USA
11144,5,5.78947370931,9.773455518900512,3.983981809590512,USA
11145,5,5.81379313305,8.212331016966026,2.398537883916026,USA
11146,5,4.59729730761,8.949480342781818,4.3521830351718185,USA
11147,5,5.52790695013,8.16264873782569,2.634741787695689,USA
11148,5,4.04685314552,8.317292849702135,4.2704397041821345,USA
11149,5,3.20888888571,10.275147340168445,7.0662584544584455,USA
11150,5,5.2503105365,10.688031458430046,5.437720921930047,USA
11151,5,3.97622377556,9.04109273616883,5.06486896060883,USA
11152,5,2.92180451594,10.932390166191873,8.010585650251873,USA
11153,5,3.3060606128,10.785600611245448,7.479539998445448,USA
11154,5,5.78235306459,11.287719027770315,5.505365963180315,USA
11155,5,7.45000004768,11.381028322618981,3.9310282749389813,USA
11156,5,5.67878791058,10.570411483792856,4.891623573212857,USA
11157,5,5.76315791983,6.87259650483807,1.1094385850080695,USA
11158,5,5.09999999404,7.670116135323635,2.570116141283635,USA
11159,5,3.84749999841,9.90987978766108,6.06237978925108,USA
11160,5,3.59677420124,12.215772921914546,8.618998720674545,USA
11161,5,4.13399999619,10.986069926467572,6.852069930277572,USA
11162,5,3.80877191142,10.980662385017801,7.171890473597801,USA
11163,5,5.90909082239,9.380262313407027,3.471171491017027,USA
11164,5,5.38636359301,7.969189926110136,2.5828263331001367,USA
11165,5,3.90000001589,12.366926351655717,8.466926335765717,USA
11166,5,3.05416668455,10.049937872201625,6.995771187651624,USA
11167,5,3.55477705427,11.181508480027636,7.626731425757637,USA
11168,5,3.4895833234,10.911121659754237,7.421538336354237,USA
11169,5,4.64642857441,10.326341992346311,5.679913417936311,USA
11170,5,4.38275859274,10.679155842135374,6.296397249395374,USA
11171,5,4.21017963444,13.023704122504302,8.813524488064303,USA
11172,5,5.49411765267,8.166721081217185,2.672603428547185,USA
11173,5,4.71562497318,6.344801791483928,1.629176818303928,USA
11174,5,5.0178571088,7.747129233586428,2.7292721247864273,USA
11175,5,4.64857138225,8.082968929753994,3.434397547503994,USA
11176,5,5.44090903889,9.479117073472514,4.038208034582514,USA
11177,5,5.43076929679,8.654198736065359,3.2234294392753586,USA
11178,5,5.65999994278,9.40010099755283,3.74010105477283,USA
11179,5,4.96842108275,7.838824497393979,2.870403414643979,USA
11180,5,8.10000038147,8.094374922199167,0.005625459270833133,USA
11181,5,5.42068969792,7.924547928913238,2.503858230993238,USA
11182,5,7.52499997616,8.501153931956722,0.9761539557967218,USA
11183,5,4.69375000596,8.998102265254605,4.304352259294605,USA
11184,5,5.52777775129,8.437684228612282,2.9099064773222816,USA
11185,5,5.61666659514,6.9940769823400935,1.3774103872000936,USA
11186,5,6.64166665077,7.691849062316509,1.0501824115465084,USA
11187,5,5.35714278902,9.900365862248615,4.5432230732286145,USA
11188,5,6.04615383882,15.506898254153551,9.46074441533355,USA
11189,5,7.20999994278,12.687686917243258,5.477686974463259,USA
11190,5,5.34000015259,8.752904195895454,3.4129040433054536,USA
11191,5,4.90465116501,7.457931286776823,2.5532801217668233,USA
11192,5,5.19375002384,6.852834352119784,1.6590843282797838,USA
11193,5,5.14545455846,8.559587427035645,3.4141328685756447,USA
11194,5,5.61249995232,8.152633115316208,2.5401331629962076,USA
11195,5,5.34999999633,7.798878985788878,2.448878989458878,USA
11196,5,5.69999990463,9.646398577130636,3.946398672500636,USA
11197,5,5.76829268293,7.813592765909846,2.0453000829798453,USA
11198,5,5.75199996948,9.159485806821214,3.4074858373412145,USA
11199,5,5.72727272727,7.317709667508792,1.5904369402387921,USA
11200,5,6.51249998808,12.23625224665496,5.72375225857496,USA
11201,5,5.60625004768,6.878151217562264,1.2719011698822644,USA
11202,5,5.44999996821,8.455477126694769,3.0054771584847684,USA
11203,5,5.12777776188,8.192262889301722,3.0644851274217215,USA
11204,5,6.17500003179,7.901107894959539,1.7261078631695392,USA
11205,5,5.457894777,7.880918958968666,2.4230241819686658,USA
11206,5,5.68571431296,11.452701558118438,5.766987245158438,USA
11207,5,5.77575761622,8.82861562318063,3.05285800696063,USA
11208,5,5.31538464473,8.243425541674586,2.9280408969445864,USA
11209,5,5.53750005364,7.480056607307535,1.9425565536675355,USA
11210,5,6.41666674614,9.001140506468193,2.5844737603281933,USA
11211,5,4.60800004959,6.986465733644833,2.3784656840548326,USA
11212,5,4.64909087961,6.984852637341856,2.3357617577318557,USA
11213,5,5.46250003576,9.903804221096527,4.441304185336527,USA
11214,5,5.77499997616,8.899766789099456,3.1247668129394555,USA
11215,5,5.36666671435,10.020019826384676,4.653353112034676,USA
11216,5,7.60000014305,6.944623322089392,0.6553768209606083,USA
11217,5,4.52972972715,9.758088125693686,5.228358398543685,USA
11218,5,5.5421052481,7.674422457752057,2.132317209652056,USA
11219,5,5.65714284352,8.817141480387301,3.159998636867301,USA
11220,5,5.58999996185,8.90434686900035,3.314346907150349,USA
11221,5,5.79999999342,7.406678122189209,1.6066781287692091,USA
11222,5,4.88000001907,9.292630684682258,4.412630665612259,USA
11223,5,6.5,7.376444926944558,0.8764449269445578,USA
11224,5,5.25714288439,11.129742005659844,5.872599121269844,USA
11225,5,6.16470589357,8.277126814366186,2.112420920796186,USA
11226,5,7.09999990463,12.2044689772971,5.104469072667101,USA
11227,5,5.72142853056,13.112726830264219,7.391298299704219,USA
11228,5,6.11428574153,8.815771453613202,2.701485712083202,USA
11229,5,4.83999996185,9.124691954756571,4.284691992906571,USA
11230,5,6.70909088308,11.198813551584966,4.489722668504966,USA
11231,5,6.44999996821,9.668557432311552,3.2185574641015515,USA
11232,5,5.41666674614,11.804656532076923,6.387989785936923,USA
11233,5,6.45555559794,13.087223094623727,6.631667496683727,USA
11234,5,4.53076922894,9.251599272542702,4.720830043602702,USA
11235,5,4.94339620842,10.063911683176977,5.120515474756977,USA
11236,5,4.57333334817,9.218993528078363,4.645660179908362,USA
11237,5,5.30800003052,11.854554498179539,6.546554467659539,USA
11238,5,5.21578944357,11.836596729602531,6.620807286032531,USA
11239,5,6.33846150912,12.616731160464191,6.278269651344191,USA
11240,5,6.74615383148,9.895976737238293,3.1498229057582927,USA
11241,5,7.11428569612,15.051091527015608,7.936805830895608,USA
11242,5,5.99000005722,14.54695273243934,8.55695267521934,USA
11243,5,5.63846147977,10.2654181621202,4.6269566823502,USA
11244,5,6.61666666137,13.022051063665753,6.405384402295753,USA
11245,5,5.25999994278,14.455953473094821,9.19595353031482,USA
11246,5,5.0625,11.48282776561159,6.4203277656115905,USA
11247,5,5.43333323797,10.867812295830667,5.434479057860667,USA
11248,5,5.85882355185,15.133615586910063,9.274792035060063,USA
11249,5,5.2083333532,10.102803023488995,4.894469670288996,USA
11250,5,4.92222234938,12.26836558823665,7.34614323885665,USA
11251,5,5.27999997139,8.999035788500436,3.719035817110436,USA
11252,5,4.05142855644,11.173711842143163,7.122283285703163,USA
11253,5,4.0545454242,9.425478804371012,5.370933380171013,USA
11254,5,6.27499997616,11.22858379481477,4.953583818654771,USA
11255,5,6.66250002384,15.01770751450495,8.35520749066495,USA
11256,5,6.32222223282,12.996585907916483,6.674363675096483,USA
11257,5,6.68999996185,10.720599505755253,4.030599543905253,USA
11258,5,5.08823526607,10.972388111016109,5.884152844946109,USA
11259,5,5.19090899554,10.15244290203313,4.96153390649313,USA
11260,5,5.83333341281,10.917779075615988,5.0844456628059875,USA
11261,5,5.8272727186,15.036963502899344,9.209690784299344,USA
11262,5,6.33333345254,11.301366027567493,4.968032575027493,USA
11263,5,7.53913050113,9.280425256547604,1.741294755417604,USA
11264,5,7.02222220103,9.73357768852842,2.7113554874984205,USA
11265,5,4.12058819042,12.305180285613872,8.18459209519387,USA
11266,5,4.22682927294,8.650790328438575,4.423961055498575,USA
11267,5,5.31999998093,10.23104579942385,4.91104581849385,USA
11268,5,5.36190473466,10.980796453377703,5.618891718717703,USA
11269,5,7.16666666667,12.165236683093829,4.9985700164238285,USA
11270,5,6.22380958285,13.906219102740707,7.682409519890706,USA
11271,5,6.80624997616,10.541572914336998,3.7353229381769975,USA
11272,5,6.59230764096,9.860654494112927,3.268346853152927,USA
11273,5,6.09090909091,8.252305312450572,2.1613962215405715,USA
11274,5,4.95,11.320137046353157,6.370137046353157,USA
11275,5,6.34000005722,9.547060198379238,3.2070601411592383,USA
11276,5,4.53225805683,8.932893900031683,4.400635843201683,USA
11277,5,6.15833322207,12.00390363294387,5.845570410873871,USA
11278,5,6.81052634591,12.096367158307572,5.285840812397573,USA
11279,5,6.57272733342,11.300233312385735,4.727505978965736,USA
11280,5,6.84615380947,9.000570030555028,2.154416221085029,USA
11281,5,6.46666669846,11.437682991029565,4.971016292569565,USA
11282,5,6.1777777142,11.975644222304492,5.797866508104492,USA
11283,5,5.84999998411,14.93020729041779,9.080207306307791,USA
11284,5,6.59999997616,10.501981879480468,3.9019819033204675,USA
11285,5,6.87777776188,11.689766724097211,4.811988962217211,USA
11286,5,6.1636363593,12.186024224681468,6.022387865381468,USA
11287,5,4.46274513357,13.014677589557259,8.55193245598726,USA
11288,5,5.5,18.997994170890706,13.497994170890706,USA
11289,5,4.90999999046,10.03177661411715,5.1217766236571505,USA
11290,5,7.15555556615,10.17175442073161,3.016198854581609,USA
11291,5,6.20000001362,11.606657154078327,5.406657140458327,USA
11292,5,7.26666663488,12.100055801426587,4.833389166546587,USA
11293,5,5.81000013351,12.099908687698472,6.289908554188472,USA
11294,5,5.37692304758,9.385529869726302,4.008606822146302,USA
11295,5,6.3124999404,10.391106436997312,4.0786064965973114,USA
11296,5,5.84545456279,14.213780148256557,8.368325585466557,USA
11297,5,5.22272727706,12.122895770627643,6.9001684935676435,USA
11298,5,6.57272720337,13.083413139222914,6.510685935852914,USA
11299,5,6.46000000636,14.7837336069993,8.3237336006393,USA
11300,5,6.41111108992,9.980901613349282,3.5697905234292815,USA
11301,5,6.39166665077,10.95415041531408,4.56248376454408,USA
11302,5,4.64130422343,11.035903005317127,6.394598781887128,USA
11303,5,4.66315788972,9.86438573139343,5.20122784167343,USA
11304,5,6.60999999046,11.906569528739066,5.296569538279066,USA
11305,5,7.09333333969,11.44918438832623,4.3558510486362305,USA
11306,5,6.11249995232,10.934903721448629,4.822403769128629,USA
11307,5,6.66666658719,13.244988211960287,6.578321624770287,USA
11308,5,5.89999990463,9.851768255816841,3.9517683511868418,USA
11309,5,6.80714290483,10.92020915282436,4.113066247994359,USA
11310,5,5.58000011444,9.677605199875487,4.097605085435487,USA
11311,5,5.20999999046,10.395239963003105,5.185239972543105,USA
11312,5,6.22592592239,12.886155799439878,6.660229877049878,USA
11313,5,6.0000000298,11.882251762783849,5.882251732983849,USA
11314,5,4.82499994681,8.659813239428793,3.834813292618793,USA
11315,5,4.76499994993,11.551401697726305,6.7864017477963055,USA
11316,5,6.49999988079,11.069944152757895,4.569944271967895,USA
11317,5,6.19999996821,10.952575336023001,4.752575367813001,USA
11318,5,5.53749990463,12.305846011393019,6.768346106763019,USA
11319,5,6.43846156047,11.269389840460079,4.830928279990078,USA
11320,5,5.37142857483,10.894301737503561,5.5228731626735605,USA
11321,5,5.61666667461,12.159424013495034,6.542757338885034,USA
11322,5,7.73076923077,10.978961119465367,3.2481918886953673,USA
11323,5,5.9909090779,9.590409074088509,3.5994999961885092,USA
11324,5,6.89166673024,9.55966093532713,2.6679942050871306,USA
11325,5,6.62999997139,11.22700611635537,4.597006144965369,USA
11326,5,6.40000002725,12.396664226752563,5.996664199502563,USA
11327,5,5.6333334181,12.780937785316386,7.147604367216386,USA
11328,5,6.53846157514,11.928015189142627,5.389553614002627,USA
11329,5,4.53448272574,10.155865261834325,5.621382536094325,USA
11330,5,4.37666676044,8.494235169458138,4.117568409018138,USA
11331,5,4.14193547157,7.769299459326467,3.6273639877564667,USA
11332,5,4.59531247616,9.77382612950717,5.178513653347169,USA
11333,5,8.04166666667,9.575208130969855,1.533541464299855,USA
11334,5,7.64545458013,9.350167784152063,1.7047132040220632,USA
11335,5,4.42857149669,7.940793773996781,3.5122222773067806,USA
11336,5,4.64285714286,9.42529125195783,4.782434109097831,USA
11337,5,4.50322580338,8.395347427238603,3.8921216238586025,USA
11338,5,4.5433333238,9.48478883981825,4.941455516018251,USA
11339,5,4.39253734475,9.801354833518857,5.408817488768857,USA
11340,5,4.64333327611,8.895741247869152,4.252407971759152,USA
11341,5,4.38135597261,10.83902664156864,6.457670668958641,USA
11342,5,4.07234041742,8.598775492227164,4.526435074807163,USA
11343,5,4.6828570979,9.178801294015601,4.495944196115601,USA
11344,5,4.89666665395,9.949602259643402,5.052935605693403,USA
11345,5,7.23076930413,8.345971870936388,1.1152025668063885,USA
11346,5,7.45999999046,11.458870395499503,3.9988704050395025,USA
11347,5,4.72812500596,8.047207546864477,3.3190825409044775,USA
11348,5,4.5937500447,8.717328843173236,4.123578798473236,USA
11349,5,4.81875003874,9.655515873331522,4.836765834591522,USA
11350,5,4.67241372733,8.551936095709246,3.879522368379246,USA
11351,5,4.62799993515,8.79663177122194,4.168631836071939,USA
11352,5,4.15116275189,7.968976133559877,3.817813381669877,USA
11353,5,4.32777783606,10.103625586918094,5.775847750858094,USA
11354,5,4.37500011921,10.40461572273372,6.02961560352372,USA
11355,5,8.44615386083,10.731455541470632,2.2853016806406323,USA
11356,5,7.0000000298,8.832988149209934,1.8329881194099338,USA
11357,5,8.16000008583,10.507310730529428,2.3473106446994283,USA
11358,5,4.43333339691,9.653495455757895,5.220162058847895,USA
11359,5,4.58444441689,9.29723760009961,4.71279318320961,USA
11360,5,4.3722222911,9.558031103299815,5.185808812199815,USA
11361,5,8.54444450802,8.769227823233985,0.2247833152139851,USA
11362,5,8.12000010808,10.854487515654812,2.7344874075748127,USA
11363,5,4.46000003815,7.906275408573009,3.4462753704230096,USA
11364,5,4.07333329519,9.26675139062092,5.1934180954309195,USA
11365,5,3.98269230127,8.43832935454951,4.455637053279509,USA
11366,5,4.24920633861,11.054899079205928,6.805692740595928,USA
11367,5,4.45641029798,9.082776563042742,4.626366265062742,USA
11368,5,6.64736840599,7.8097701873601455,1.1624017813701455,USA
11369,5,6.84545460614,7.956810311083476,1.1113557049434766,USA
11370,5,4.10967738398,8.039675788634327,3.9299984046543264,USA
11371,5,4.55074624873,8.031879290331581,3.4811330416015807,USA
11372,5,4.69032262987,9.254556984287582,4.564234354417582,USA
11373,5,4.15945946204,9.015366586310629,4.855907124270629,USA
11374,5,7.70000006602,7.799012932985352,0.09901286696535205,USA
11375,5,4.67777773186,8.543364813019558,3.865587081159558,USA
11376,5,4.67317063634,9.113902778312276,4.440732141972276,USA
11377,5,4.65416659911,8.896518157217784,4.242351558107784,USA
11378,5,4.91627910525,8.936297087401616,4.020017982151616,USA
11379,5,4.57647064153,8.99844331814643,4.42197267661643,USA
11380,5,4.61025640292,9.062894618575717,4.452638215655717,USA
11381,5,6.46000000636,8.493255516331986,2.033255509971987,USA
11382,5,7.55714293889,11.645426898852364,4.0882839599623635,USA
11383,5,7.97272734209,13.136087863301258,5.163360521211258,USA
11384,5,7.48571426528,8.599852198086852,1.1141379328068517,USA
11385,5,6.8200000445,9.839102924744054,3.019102880244054,USA
11386,5,7.49285721779,9.093489140427929,1.6006319226379286,USA
11387,5,6.90000004239,9.680145750713049,2.7801457083230483,USA
11388,5,8.06000001431,9.758395938616138,1.698395924306137,USA
11389,5,6.6999999193,7.492079432790785,0.7920795134907852,USA
11390,5,6.09230769598,9.221254303481158,3.1289466075011587,USA
11391,5,6.73888887299,10.234384060890058,3.495495187900058,USA
11392,5,6.23125004768,9.587354902270132,3.356104854590132,USA
11393,5,7.21250003576,8.096651075628241,0.8841510398682413,USA
11394,5,7.13999993006,8.028725650458535,0.8887257203985346,USA
11395,5,8.09230789771,8.966251451624887,0.8739435539148861,USA
11396,5,7.76153854223,7.897797847633242,0.13625930540324216,USA
11397,5,7.20666666031,10.181322524962468,2.974655864652468,USA
11398,5,8.33636344563,8.342930915199583,0.006567469569581874,USA
11399,5,8.35000014305,7.837694625220491,0.5123055178295086,USA
11400,5,7.97333339055,13.713413213980662,5.740079823430662,USA
11401,5,7.83846158248,11.43606694420258,3.5976053617225796,USA
11402,5,3.42000000477,10.401891777873448,6.981891773103449,USA
11403,5,7.76666673024,8.880695367184622,1.1140286369446217,USA
11404,5,7.51000003815,8.874460113049661,1.364460074899661,USA
11405,5,7.26999998093,8.104734216289955,0.8347342353599556,USA
11406,5,8.55833323797,12.209166816941016,3.6508335789710156,USA
11407,5,8.61999998093,10.011619136746546,1.3916191558165458,USA
11408,5,7.88333340486,10.256865558232882,2.3735321533728815,USA
11409,5,7.92307703312,9.841023887322446,1.9179468542024463,USA
11410,5,6.56470587674,9.646740154931631,3.0820342781916317,USA
11411,5,6.32916669051,8.031555313447763,1.7023886229377627,USA
11412,5,6.09677416278,7.971913716192315,1.875139553412315,USA
11413,5,5.88421051126,10.557611477742633,4.673400966482633,USA
11414,5,8.54374992847,7.62744882623147,0.9163011022385295,USA
11415,5,7.72999992371,8.493113219664385,0.7631132959543852,USA
11416,5,8.32142867361,7.9885093739291015,0.3329192996808992,USA
11417,5,7.95333347321,10.608237236751211,2.6549037635412116,USA
11418,5,7.5,12.994599480119092,5.494599480119092,USA
11419,5,7.60833330949,8.996171216107857,1.3878379066178574,USA
11420,5,7.8222222858,7.501624108654319,0.32059817714568073,USA
11421,5,8.29166658719,8.30849053116341,0.016823943973408362,USA
11422,5,7.90000009537,8.125096221668498,0.22509612629849762,USA
11423,5,7.27272731608,8.560171182839468,1.2874438667594683,USA
11424,5,7.45882354063,9.875209052845962,2.416385512215962,USA
11425,5,7.00000004768,8.21368887434677,1.21368882666677,USA
11426,5,7.48125007749,8.434821235122763,0.953571157632763,USA
11427,5,8.66875004768,9.072364144188018,0.4036140965080186,USA
11428,5,6.91666674614,11.10839935112664,4.1917326049866395,USA
11429,5,7.72500002384,8.648415095121528,0.9234150712815286,USA
11430,5,7.08333337307,11.646429557110196,4.563096184040195,USA
11431,5,7.4153846594,8.714542532960015,1.2991578735600156,USA
11432,5,7.275,9.639475612112799,2.3644756121127983,USA
11433,5,6.94736837086,9.164525757281329,2.217157386421329,USA
11434,5,4.86923072888,8.355557256838908,3.4863265279589086,USA
11435,5,8.29999999205,11.25348806821525,2.95348807616525,USA
11436,5,7.57857142176,8.8933468143788,1.3147753926187997,USA
11437,5,8.13333336512,12.166603307908577,4.033269942788577,USA
11438,5,7.85384621987,8.617093885127023,0.7632476652570226,USA
11439,5,7.62999992371,14.1042709719542,6.4742710482442005,USA
11440,5,6.95000008174,8.263338153261138,1.3133380715211382,USA
11441,5,5.0999999894,7.813686396470722,2.713686407070722,USA
11442,5,7.31666660309,8.615385210627345,1.298718607537345,USA
11443,5,7.70000002601,8.328090405835326,0.6280903798253261,USA
11444,5,6.92000007629,10.382116257221082,3.4621161809310816,USA
11445,5,7.25384613184,9.115476501027594,1.8616303691875942,USA
11446,5,7.65217395451,8.814547179572907,1.1623732250629066,USA
11447,5,7.78750008345,11.658359062128945,3.8708589786789442,USA
11448,5,8.41538458604,10.998636786120178,2.583252200080178,USA
11449,5,5.93513515833,9.261815174595649,3.326680016265649,USA
11450,5,7.99166675409,7.862698010024019,0.1289687440659808,USA
11451,5,8.24166679382,7.902132671761775,0.3395341220582253,USA
11452,5,6.76153846887,6.964727536543254,0.20318906767325373,USA
11453,5,7.92222219043,7.791216512984764,0.13100567744523595,USA
11454,5,7.80833335718,8.942689095206774,1.1343557380267733,USA
11455,5,8.45000009537,7.784291324286528,0.6657087710834713,USA
11456,5,7.50666672389,8.495968524785901,0.9893018008959018,USA
11457,5,7.7928571701,9.684924542692752,1.8920673725927522,USA
11458,5,8.3066666921,12.200492033949512,3.893825341849512,USA
11459,5,7.33999996185,9.868946248911934,2.5289462870619337,USA
11460,5,7.9076924324,9.684973192194423,1.7772807597944231,USA
11461,5,6.54000008901,9.610466056280416,3.0704659672704153,USA
11462,5,8.41666677263,8.820844580622701,0.404177807992701,USA
11463,5,7.04444442855,8.905821911893783,1.8613774833437828,USA
11464,5,6.53076920143,8.511010179092512,1.980240977662512,USA
11465,5,7.64166661104,11.298201796080804,3.656535185040804,USA
11466,5,8.03636373173,8.0303779715448,0.005985760185200917,USA
11467,5,6.23333336058,9.99257270359048,3.7592393430104796,USA
11468,5,6.92916665475,11.274272497854994,4.345105843104994,USA
11469,5,8.43333339691,8.351295009363353,0.08203838754664616,USA
11470,5,5.96470594406,9.794954574783912,3.8302486307239114,USA
11471,5,6.16666671965,9.727143568697345,3.560476849047345,USA
11472,5,6.90000001589,10.242609012261436,3.3426089963714363,USA
11473,5,5.96666663488,9.923973724559655,3.957307089679655,USA
11474,5,4.26136360385,11.049420004623666,6.788056400773667,USA
11475,5,7.17368422056,10.817745653704964,3.644061433144964,USA
11476,5,6.08999999364,10.312785527537098,4.222785533897098,USA
11477,5,5.39473681701,9.665129000890747,4.270392183880747,USA
11478,5,6.15714284352,10.829212872934747,4.672070029414747,USA
11479,5,4.84687497218,8.252759264835184,3.405884292655184,USA
11480,5,5.2343750298,21.090755404192727,15.856380374392728,USA
11481,5,6.89629628923,10.076372171964422,3.180075882734422,USA
11482,5,4.79999996634,9.378264199798968,4.5782642334589685,USA
11483,5,5.10740739328,10.248763779904017,5.141356386624017,USA
11484,5,6.11904761905,8.538232319305191,2.419184700255191,USA
11485,5,6.54000005722,12.127913764516986,5.587913707296986,USA
11486,5,7.20000001788,9.025830201479913,1.825830183599913,USA
11487,5,7.03043471212,9.383264926608824,2.352830214488824,USA
11488,5,4.74886363745,21.9312720278057,17.1824083903557,USA
11489,5,6.16666661368,9.319496126993648,3.152829513313648,USA
11490,5,6.77333334287,10.401616460868983,3.6282831179989827,USA
11491,5,7.00000002326,10.397936796493957,3.3979367732339565,USA
11492,5,6.71249997616,9.379351742837704,2.666851766677704,USA
11493,5,6.63508774941,9.3545768050446,2.7194890556345994,USA
11494,5,4.62647055177,8.553270752847668,3.9268002010776684,USA
11495,5,4.61449274809,9.366088144556658,4.751595396466658,USA
11496,5,4.93146853347,23.7007358148095,18.769267281339502,USA
11497,5,5.19130433124,9.321349635566175,4.130045304326176,USA
11498,5,6.48571431637,10.549685957880897,4.063971641510896,USA
11499,5,6.22272721204,8.593668702532078,2.3709414904920783,USA
11500,5,6.63749995828,9.329298325029189,2.6917983667491887,USA
11501,5,6.28000006676,8.884136834256674,2.6041367674966738,USA
11502,5,6.09999996424,8.627187138948692,2.5271871747086916,USA
11503,5,7.60666672389,9.153394829355584,1.5467281054655837,USA
11504,5,6.58125004172,9.054560003443413,2.4733099617234133,USA
11505,5,6.04666668574,9.195605549346869,3.148938863606869,USA
11506,5,7.1000000106,12.075440175307872,4.975440164707872,USA
11507,5,7.41875001788,10.304424017224978,2.885673999344978,USA
11508,5,5.71142853328,9.437750721500453,3.726322188220453,USA
11509,5,5.13600001335,9.293243724095303,4.157243710745303,USA
11510,5,6.01199996948,9.059899413845638,3.0478994443656386,USA
11511,5,5.3047618866,9.581719479366273,4.276957592766273,USA
11512,5,4.9638888571,9.06417619399246,4.1002873368924595,USA
11513,5,5.14666665395,10.249645107765788,5.102978453815789,USA
11514,5,5.68518522051,9.352101101633204,3.666915881123204,USA
11515,5,6.25,9.287753237247271,3.037753237247271,USA
11516,5,7.15000002861,11.553131339108715,4.403131310498715,USA
11517,5,6.44285716329,9.291725575866936,2.8488684125769357,USA
11518,5,7.71666669846,8.903348129276392,1.1866814308163915,USA
11519,5,6.18333333731,8.545576474856677,2.3622431375466775,USA
11520,5,5.30000000341,10.247393368601493,4.947393365191493,USA
11521,5,5.1952380907,10.378274837532395,5.183036746832395,USA
11522,5,6.78823529973,10.37125440022594,3.5830191004959397,USA
11523,5,6.07727274028,10.436444652773327,4.359171912493327,USA
11524,5,6.5111111535,12.286032841462038,5.774921687962038,USA
11525,5,7.60000002384,9.305867456690807,1.7058674328508072,USA
11526,5,4.57272726406,10.196661101534843,5.623933837474843,USA
11527,5,5.58695648028,8.954326795971301,3.3673703156913017,USA
11528,5,7.64666665395,9.159871226016174,1.513204572066174,USA
11529,5,5.15789478704,8.926917177925633,3.769022390885633,USA
11530,5,4.16190472103,22.352167065164597,18.190262344134595,USA
11531,5,4.70000001589,22.40317705902747,17.703177043137472,USA
11532,5,4.93006991006,22.94774210148708,18.01767219142708,USA
11533,5,6.82500004768,11.184596482746631,4.359596435066631,USA
11534,5,6.74999998297,9.119343024942765,2.3693430419727646,USA
11535,5,5.91052627563,8.504988161426109,2.5944618857961093,USA
11536,5,6.36666667461,9.034385442824048,2.6677187682140477,USA
11537,5,6.25882350697,9.17783220211838,2.9190086951483796,USA
11538,5,6.56249998808,9.460842032198453,2.8983420441184533,USA
11539,5,5.98333332936,11.153692171847366,5.170358842487366,USA
11540,5,6.95384616118,10.732922237072478,3.779076075892477,USA
11541,5,4.72608694823,10.21272363132471,5.48663668309471,USA
11542,5,6.11176476759,9.257955919898846,3.1461911523088455,USA
11543,5,6.66190476645,9.326059143733435,2.6641543772834346,USA
11544,5,7.22666664124,11.16739815094698,3.94073150970698,USA
11545,5,6.44999995232,10.814727504574,4.364727552254,USA
11546,5,5.33611116144,9.20306891975419,3.8669577583141894,USA
11547,5,5.05119050117,21.233002117699016,16.181811616529018,USA
11548,5,4.50999996185,11.997734749791729,7.487734787941728,USA
11549,5,4.5717391294,10.08895673266478,5.51721760326478,USA
11550,5,4.4276470577,11.003872479880048,6.576225422180048,USA
11551,5,4.3942856993,11.409962533011168,7.015676833711168,USA
11552,5,5.76363635063,23.803101172078286,18.039464821448284,USA
11553,5,4.63888885357,11.7074244091368,7.0685355555668,USA
11554,5,7.51428563254,10.989326062484059,3.475040429944059,USA
11555,5,7.67500004172,21.561319041582095,13.886318999862095,USA
11556,5,7.68181822517,11.30236191307703,3.6205436879070305,USA
11557,5,7.76250004768,10.223343339434948,2.460843291754948,USA
11558,5,7.5842104962,9.389636791857148,1.8054262956571483,USA
11559,5,6.96999998093,10.735651447042999,3.765651466112999,USA
11560,5,5.23513509132,9.63459890146151,4.39946381014151,USA
11561,5,5.23461534427,22.428580489744235,17.193965145474234,USA
11562,5,8.34545467117,14.856624551169586,6.511169879999587,USA
11563,5,6.97931036456,21.24477445356127,14.26546408900127,USA
11564,5,7.30000001192,8.4706566322667,1.1706566203466995,USA
11565,5,4.67894737344,9.457833382304926,4.7788860088649265,USA
11566,5,7.30833339691,9.443980799429369,2.1356474025193686,USA
11567,5,6.0303030014,7.833151312661347,1.8028483112613465,USA
11568,5,6.76470588235,9.30195331836826,2.5372474360182604,USA
11569,5,5.08917749909,22.23760714069965,17.148429641609653,USA
11570,5,4.90416661898,10.534112690798324,5.629946071818324,USA
11571,5,5.12765957954,10.248026926012795,5.120367346472794,USA
11572,5,4.69583334525,11.595610988337679,6.899777643087679,USA
11573,5,5.0474226696,11.520689401265194,6.473266731665194,USA
11574,5,5.14676258032,14.420301103736483,9.273538523416484,USA
11575,5,5.0441176681,22.348696523513397,17.304578855413396,USA
11576,5,5.33833335241,22.56836107896271,17.23002772655271,USA
11577,5,5.93809525172,22.761843547875927,16.823748296155927,USA
11578,5,5.16944445504,22.754046315390234,17.584601860350233,USA
11579,5,4.63333333333,21.629092556020225,16.995759222690225,USA
11580,5,4.40860213259,22.735843632988775,18.327241500398777,USA
11581,5,5.53333332804,9.737329329054017,4.2039960010140165,USA
11582,5,6.56923070321,10.148238208240109,3.579007505030109,USA
11583,5,7.08947372437,9.436933850252395,2.347460125882394,USA
11584,5,8.00000019073,8.66749984060795,0.66749964987795,USA
11585,5,6.59999997528,7.867342369449311,1.2673423941693107,USA
11586,5,6.96551724138,11.76595804772612,4.80044080634612,USA
11587,5,6.77037041276,12.370509205187183,5.600138792427183,USA
11588,5,6.14999995232,12.68189957422701,6.5318996219070105,USA
11589,5,7.73999996185,9.421335103902031,1.6813351420520313,USA
11590,5,6.31923077657,10.810123492706477,4.490892716136477,USA
11591,5,7.09199998856,8.299468997506008,1.207469008946008,USA
11592,5,7.53333334128,7.732300469872454,0.19896712859245458,USA
11593,5,7.11499993801,9.376357742814953,2.2613578048049527,USA
11594,5,7.25,9.922485835301126,2.672485835301126,USA
11595,5,6.16666671965,8.314071532926123,2.1474048132761228,USA
11596,5,5.95000004768,9.24586142235983,3.2958613746798306,USA
11597,5,5.52222220103,9.623971040659999,4.101748839629999,USA
11598,5,7.65454539386,8.742513124050062,1.0879677301900612,USA
11599,5,5.66923079124,8.280890724258715,2.6116599330187142,USA
11600,5,5.93636369705,11.893495698092604,5.957132001042604,USA
11601,5,6.94285712923,11.129193699629809,4.186336570399809,USA
11602,5,6.96428564617,8.467984421763946,1.5036987755939464,USA
11603,5,7.14411763584,8.529223436236334,1.3851058003963344,USA
11604,5,7.11666671435,8.947734627639923,1.8310679132899228,USA
11605,5,6.77500001589,8.036387299447146,1.2613872835571458,USA
11606,5,6.62941175349,8.030862409968986,1.4014506564789855,USA
11607,5,7.36666663488,8.394940276248395,1.0282736413683953,USA
11608,5,7.07333335876,13.202021820552758,6.128688461792758,USA
11609,5,6.45199998856,8.335773785669303,1.8837737971093036,USA
11610,5,6.71304350314,9.796602120961845,3.0835586178218453,USA
11611,5,6.31538464473,9.056060276922198,2.7406756321921977,USA
11612,5,6.6249999702,6.134783055450972,0.49021691474902784,USA
11613,5,7.7958333691,8.556392090977866,0.7605587218778656,USA
11614,5,6.47499998411,9.099220345520022,2.624220361410022,USA
11615,5,7.20909092643,10.476062754047742,3.266971827617742,USA
11616,5,7.09999990463,7.282402054210806,0.18240214958080614,USA
11617,5,6.03076920143,8.831898083943358,2.801128882513358,USA
11618,5,7.01000008583,10.3489300224823,3.3389299366523,USA
11619,5,6.0892856632,7.660505218087138,1.5712195548871382,USA
11620,5,7.11199996948,8.891123340352872,1.7791233708728713,USA
11621,5,6.5,9.06852369870344,2.5685236987034408,USA
11622,5,6.60000001467,11.460362264781887,4.860362250111887,USA
11623,5,7.22608698969,11.286234971090362,4.0601479814003625,USA
11624,5,6.08235289069,8.53732272663665,2.454969835946649,USA
11625,5,6.2068965024,8.834055479619783,2.627158977219783,USA
11626,5,6.01428570066,6.961770177768988,0.9474844771089881,USA
11627,5,6.59444443385,8.242988582104527,1.648544148254527,USA
11628,5,8.18666666349,9.111307437288412,0.9246407737984121,USA
11629,5,7.70384616118,11.747221908992246,4.043375747812246,USA
11630,5,7.16999998093,9.205105178418307,2.035105197488307,USA
11631,5,7.99000000954,8.16282804074218,0.17282803120218038,USA
11632,5,6.95999999046,8.268625273037191,1.3086252825771911,USA
11633,5,5.95000004768,9.37405213946811,3.424052091788111,USA
11634,5,6.83000001907,12.967177657648296,6.137177638578296,USA
11635,5,6.3714285578,9.951209282448563,3.579780724648563,USA
11636,5,7.0151515007,10.814406394475007,3.7992548937750072,USA
11637,5,6.59545454112,7.827813878574171,1.232359337454171,USA
11638,5,7.08181814714,12.418304637178137,5.336486490038137,USA
11639,5,6.43428570884,8.551860878414113,2.1175751695741125,USA
11640,5,6.18214285374,8.826914600120537,2.6447717463805365,USA
11641,5,6.09393936215,11.53443515236664,5.44049579021664,USA
11642,5,6.7928571701,8.223260056856617,1.4304028867566174,USA
11643,5,7.69333321253,8.009096487007955,0.3157632744779555,USA
11644,5,7.15454550223,10.861170714429427,3.7066252121994268,USA
11645,5,7.95185188011,8.631332693997576,0.6794808138875759,USA
11646,5,7.24615386816,9.490177682715334,2.2440238145553337,USA
11647,5,7.33333333333,10.07190073397933,2.7385674006493304,USA
11648,5,6.04166664018,8.810769030687208,2.769102390507208,USA
11649,5,5.99500000477,8.74581449380701,2.750814489037011,USA
11650,5,5.96666669846,13.544801561516334,7.578134863056333,USA
11651,5,6.27727274461,15.101762267891667,8.824489523281667,USA
11652,5,6.43333335718,10.654711305706225,4.221377948526225,USA
11653,5,6.27500000596,8.886722225205466,2.6117222192454657,USA
11654,5,6.24736846121,11.13459951221867,4.887231051008671,USA
11655,5,5.72222216924,10.215226724247243,4.493004555007243,USA
11656,5,6.50909094377,12.727864186399453,6.218773242629452,USA
11657,5,6.47500002384,9.125964827898114,2.6509648040581144,USA
11658,5,6.17058818481,11.089938684277055,4.919350499467055,USA
11659,5,5.46315787968,9.77559164138765,4.312433761707649,USA
11660,5,4.80892857483,7.770570904024995,2.9616423291949943,USA
11661,5,4.82878791925,8.453589167302326,3.624801248052326,USA
11662,5,4.83529412045,7.364981606186365,2.529687485736365,USA
11663,5,6.07333329519,10.541342233094499,4.468008937904498,USA
11664,5,5.50769237372,10.363100483270113,4.855408109550113,USA
11665,5,6.50769237372,10.096229389847167,3.588537016127167,USA
11666,5,6.87272724238,10.575173707477559,3.702446465097559,USA
11667,5,5.90909090909,7.640867417264305,1.7317765081743053,USA
11668,5,5.54000002543,9.75535521237208,4.21535518694208,USA
11669,5,6.44166664282,14.068560288684296,7.626893645864296,USA
11670,5,6.3736842306,10.137165947661323,3.763481717061323,USA
11671,5,6.20833337307,9.928793170649548,3.720459797579548,USA
11672,5,6.90000000867,12.116756528941016,5.216756520271016,USA
11673,5,6.39230761161,11.26832007407447,4.8760124624644705,USA
11674,5,6.5470588067,10.71733952716314,4.170280720463141,USA
11675,5,4.42000007629,11.025724824531574,6.605724748241574,USA
11676,5,4.92758612797,7.288876123841085,2.3612899958710853,USA
11677,5,5.93809525172,10.445097208939835,4.507001957219835,USA
11678,5,5.87826092347,9.928978020202788,4.050717096732788,USA
11679,5,6.77999994755,8.905444671464043,2.1254447239140424,USA
11680,5,6.49411768072,10.265531936959638,3.7714142562396384,USA
11681,5,4.61388887299,10.006111968630982,5.392223095640983,USA
11682,5,4.35714291164,11.281377097742913,6.924234186102914,USA
11683,5,4.48125007749,9.181866400277087,4.700616322787087,USA
11684,5,5.58260872053,10.644462657081831,5.061853936551832,USA
11685,5,6.47500002384,10.538791238806239,4.063791214966239,USA
11686,5,6.29285713605,10.457541727446626,4.164684591396626,USA
11687,5,5.38260872468,12.883879694265984,7.501270969585984,USA
11688,5,5.17619037628,12.392339602070077,7.216149225790077,USA
11689,5,4.3909090649,8.550352264075167,4.1594431991751675,USA
11690,5,4.36666676733,8.375630913203059,4.008964145873059,USA
11691,5,6.14666665395,10.976020776974085,4.8293541230240855,USA
11692,5,5.81764698029,10.572272162929776,4.754625182639776,USA
11693,5,6.83076924544,9.473668604336368,2.6428993588963676,USA
11694,5,6.40526317295,10.27856694568098,3.8733037727309805,USA
11695,5,5.66190476645,10.869213820260498,5.207309053810498,USA
11696,5,6.75263153879,8.899179305814435,2.146547767024435,USA
11697,5,6.36842105263,10.047372693054282,3.678951640424282,USA
11698,5,6.08181810379,12.332743487515474,6.250925383725474,USA
11699,5,5.90416661898,9.714247455793505,3.810080836813505,USA
11700,5,6.73157892729,11.11485720456214,4.38327827727214,USA
11701,5,4.39750009775,8.387562075439089,3.9900619776890887,USA
11702,5,5.0,9.196386646801116,4.196386646801116,USA
11703,5,5.16666671208,7.560328307657523,2.393661595577523,USA
11704,5,4.9266667366,8.127857474396578,3.201190737796578,USA
11705,5,5.58888888359,9.219910700907421,3.6310218173174214,USA
11706,5,6.95454545455,10.809714353294762,3.855168898744762,USA
11707,5,5.38500001431,8.338065720031668,2.9530657057216683,USA
11708,5,4.6859999752,8.318904272553592,3.6329042973535923,USA
11709,5,4.63999994451,8.488796701859789,3.8487967573497883,USA
11710,5,4.29999998212,8.47819611514319,4.17819613302319,USA
11711,5,4.48947366915,8.70879454850534,4.21932087935534,USA
11712,5,4.34925372565,9.760324791266122,5.411071065616122,USA
11713,5,6.94000000954,9.245879780388607,2.305879770848607,USA
11714,5,6.51250004768,11.393919220926012,4.881419173246012,USA
11715,5,5.29500002861,7.2762905900121915,1.9812905614021918,USA
11716,5,4.25272726579,8.389403415015346,4.136676149225346,USA
11717,5,4.41038962773,9.374314978279397,4.963925350549397,USA
11718,5,4.30454540253,10.130699100204918,5.826153697674918,USA
11719,5,4.84285713377,9.172930030300911,4.330072896530911,USA
11720,5,5.61176468344,7.944452095966291,2.3326874125262913,USA
11721,5,4.80158727131,11.428556883322024,6.626969612012024,USA
11722,5,7.41111119588,8.84626344205071,1.4351522461707091,USA
11723,5,4.95769234804,10.493402220554215,5.535709872514214,USA
11724,5,4.81500012875,7.688612943198329,2.873612814448329,USA
11725,5,4.47500006358,9.061910881014768,4.586910817434768,USA
11726,5,4.29487177042,7.70028612635155,3.4054143559315495,USA
11727,5,4.32608697725,6.980053724929064,2.653966747679064,USA
11728,5,6.85000004087,8.431257138403787,1.5812570975337863,USA
11729,5,5.1000000106,8.666540403006023,3.566540392406023,USA
11730,5,4.08358207034,8.481609390904357,4.398027320564356,USA
11731,5,4.52972972715,8.575634447610291,4.045904720460291,USA
11732,5,4.69999999266,9.277377108442417,4.577377115782418,USA
11733,5,4.34468082671,9.419384862684959,5.074704035974959,USA
11734,5,4.5566666921,9.976465256764829,5.419798564664829,USA
11735,5,4.60571425302,9.362068172584115,4.7563539195641145,USA
11736,5,5.32380946477,8.811771090952302,3.487961626182302,USA
11737,5,7.3749999404,10.69315401249324,3.3181540720932396,USA
11738,5,5.22058826334,9.171751282229577,3.951163018889577,USA
11739,5,5.05555550257,7.79419114767177,2.7386356451017697,USA
11740,5,5.16818183119,8.15870632388544,2.9905244926954397,USA
11741,5,4.74868421806,9.039995379077284,4.291311161017284,USA
11742,5,4.15925926338,9.10407719964621,4.944817936266211,USA
11743,5,4.69166670243,9.024284760443315,4.332618058013315,USA
11744,5,4.49361702736,9.948957574484371,5.455340547124371,USA
11745,5,5.22941177032,9.428726054273806,4.1993142839538065,USA
11746,5,6.23333333333,7.9309859939045335,1.6976526605745335,USA
11747,5,6.50833328565,8.196468930590592,1.6881356449405924,USA
11748,5,4.84411764145,9.701659231063967,4.857541589613968,USA
11749,5,4.42857149669,7.388984758645723,2.960413261955723,USA
11750,5,4.4111111429,8.033897091114653,3.622785948214653,USA
11751,5,6.3272727186,9.092358180935053,2.765085462335053,USA
11752,5,5.0,8.671046409118883,3.6710464091188832,USA
11753,5,5.05624994636,8.122179365676724,3.0659294193167232,USA
11754,5,4.80000007153,7.378342508723202,2.5783424371932018,USA
11755,5,4.38500001431,7.790357151222645,3.405357136912645,USA
11756,5,7.00714288439,9.560300896756347,2.553158012366347,USA
11757,5,6.44999996821,9.322163234938408,2.872163266728408,USA
11758,5,4.74166663488,7.56466702541047,2.8230003905304706,USA
11759,5,4.39166675011,8.6017013146939,4.2100345645839,USA
11760,5,4.47857144901,8.18877788347467,3.710206434464669,USA
11761,5,4.34761907941,7.850912979554005,3.503293900144005,USA
11762,5,4.66435642054,9.13059012005302,4.46623369951302,USA
11763,5,5.17272726695,7.998808075143467,2.826080808193467,USA
11764,5,6.49999996594,9.314889890741032,2.814889924801032,USA
11765,5,6.26999998093,12.266705236808836,5.996705255878836,USA
11766,5,6.37142862592,9.616722942266549,3.2452943163465484,USA
11767,5,6.61333332062,10.444902191242978,3.831568870622978,USA
11768,5,7.44999996821,9.514895603502968,2.0648956352929675,USA
11769,5,6.62222223812,9.932794179704963,3.3105719415849633,USA
11770,5,8.01052643123,10.076295986613463,2.065769555383463,USA
11771,5,6.64285714286,10.000118494676483,3.3572613518164838,USA
11772,5,4.328125,8.496481192259544,4.1683561922595445,USA
11773,5,6.70833333333,9.878707791249145,3.170374457919145,USA
11774,5,6.17500003179,9.787581270914028,3.6125812391240286,USA
11775,5,6.99999996594,9.750726238089321,2.750726272149321,USA
11776,5,6.43333326446,9.45351201346369,3.0201787490036907,USA
11777,5,7.68333335718,9.059258261725539,1.3759249045455384,USA
11778,5,6.74615375812,12.545512780153333,5.799359022033332,USA
11779,5,6.5631578596,8.277183518320248,1.7140256587202476,USA
11780,5,7.90000009537,10.119405231588463,2.2194051362184624,USA
11781,5,7.20000001362,9.748701584213133,2.548701570593133,USA
11782,5,6.19999980927,11.428160289712823,5.228160480442822,USA
11783,5,6.32142853737,11.245780386643904,4.924351849273904,USA
11784,5,7.42499989271,9.681304578183052,2.2563046854730526,USA
11785,5,7.65999999046,8.608724863654023,0.9487248731940232,USA
11786,5,6.08000001907,9.922127302572221,3.8421272835022213,USA
11787,5,6.05238099325,10.142052545019876,4.089671551769876,USA
11788,5,6.69473688226,9.008854013889573,2.3141171316295734,USA
11789,5,6.37500008941,10.724627825210717,4.349627735800717,USA
11790,5,6.42857149669,8.66904906240105,2.2404775657110507,USA
11791,5,6.60000000681,9.282371349072658,2.682371342262658,USA
11792,5,6.83076924544,10.383815187424325,3.553045941984325,USA
11793,5,6.69230769231,10.896533994552968,4.204226302242968,USA
11794,5,6.19999980927,9.919235811906095,3.7192360026360944,USA
11795,5,6.78571431977,8.938107992976898,2.1523936732068973,USA
11796,5,6.45384616118,13.635740925612613,7.181894764432612,USA
11797,5,7.70000004768,11.573524112744806,3.8735240650648066,USA
11798,5,6.59333337148,9.985297294075064,3.391963922595064,USA
11799,5,4.25499997139,10.577648722999783,6.3226487516097825,USA
11800,5,6.4222222964,9.721591222239352,3.299368925839352,USA
11801,5,6.64545458013,13.303410225933257,6.657955645803257,USA
11802,5,6.69999996821,8.46036053240575,1.7603605641957492,USA
11803,5,7.38000001907,8.057497638713926,0.6774976196439262,USA
11804,5,6.67142854418,9.755224879998943,3.083796335818943,USA
11805,5,6.00588234733,7.7005700565393145,1.6946877092093144,USA
11806,5,6.27272727273,10.282728185497596,4.010000912767596,USA
11807,5,7.02666670481,10.495959770489229,3.4692930656792287,USA
11808,5,6.73636358435,10.112787396404464,3.3764238120544636,USA
11809,5,6.90999999046,11.291683109225644,4.381683118765644,USA
11810,5,6.74000000954,8.725124812707001,1.9851248031670012,USA
11811,5,6.88571432659,11.797937223883592,4.912222897293592,USA
11812,5,6.76249998808,10.634599000476992,3.8720990123969923,USA
11813,5,6.9222222964,9.404654486365596,2.4824321899655954,USA
11814,5,6.58148147442,8.239330966440296,1.6578494920202953,USA
11815,5,7.32857145582,8.877762397580542,1.5491909417605418,USA
11816,5,5.08499996662,11.017618471590676,5.9326185049706766,USA
11817,5,6.54545454545,9.520365352138803,2.9749108066888033,USA
11818,5,6.74285704749,8.650954487831894,1.9080974403418942,USA
11819,5,7.32222217984,8.385729408410915,1.0635072285709155,USA
11820,5,6.71249997616,10.471694484053156,3.759194507893156,USA
11821,5,6.68571424484,11.544943774556144,4.859229529716144,USA
11822,5,6.32142860549,12.381809496572174,6.060380891082174,USA
11823,5,6.5888888571,11.270098053451019,4.681209196351019,USA
11824,5,6.89999997616,9.85186358366184,2.9518636075018403,USA
11825,5,6.40666662852,10.327239690555645,3.920573062035645,USA
11826,5,6.68571424484,8.518263495999001,1.8325492511590014,USA
11827,5,6.82307694508,8.858885710619,2.0358087655390005,USA
11828,5,6.9363636537,11.805915762355713,4.869552108655713,USA
11829,5,6.72000002861,9.174915700775044,2.4549156721650434,USA
11830,5,6.72499996424,10.007541616467233,3.2825416522272324,USA
11831,5,4.25333333015,10.266643274941655,6.013309944791655,USA
11832,5,6.42647058824,10.309413104645719,3.882942516405719,USA
11833,5,6.23478257138,9.698092692918967,3.4633101215389672,USA
11834,5,6.57142863955,9.894812564793831,3.3233839252438315,USA
11835,5,7.2499999404,11.129728729669313,3.879728789269313,USA
11836,5,7.30000000734,10.20157553103205,2.90157552369205,USA
11837,5,6.28571428571,9.719081964805278,3.4333676790952783,USA
11838,5,7.32666670481,10.065849391517082,2.739182686707082,USA
11839,5,6.5,9.218252424641367,2.718252424641367,USA
11840,5,6.22666664124,7.509260846177735,1.2825942049377357,USA
11841,5,6.23333326976,9.677203928495532,3.4438706587355314,USA
11842,5,6.20666666031,7.806343909637178,1.5996772493271783,USA
11843,5,7.34000000954,11.577116907884818,4.237116898344818,USA
11844,5,6.44999992847,10.091048732714697,3.641048804244697,USA
11845,5,7.81428582328,8.549374200386557,0.7350883771065577,USA
11846,5,6.46666673819,11.95365083445783,5.486984096267831,USA
11847,5,6.27499997616,9.882870390530943,3.607870414370943,USA
11848,5,7.21111112171,9.229303392680581,2.018192270970581,USA
11849,5,6.43333339691,8.58427606809149,2.1509426711814905,USA
11850,5,6.86000000636,11.258485010594164,4.398485004234164,USA
11851,5,7.23000001907,9.606319150420166,2.376319131350166,USA
11852,5,7.00909090042,9.590798742143257,2.581707841723256,USA
11853,5,7.06470590479,12.155808773896561,5.091102869106561,USA
11854,5,7.09285719054,10.056535090767438,2.963677900227438,USA
11855,5,6.76666673024,11.400306587737477,4.633639857497477,USA
11856,5,6.26666673024,8.840278983829984,2.5736122535899844,USA
11857,5,6.35500004292,9.60267862785006,3.2476785849300605,USA
11858,5,6.95333334605,10.56416962187263,3.6108362758226296,USA
11859,5,7.71111112171,11.598379329324517,3.8872682076145173,USA
11860,5,5.82999999523,9.162093400775815,3.332093405545815,USA
11861,5,6.3222222858,8.697697998562823,2.3754757127628237,USA
11862,5,4.51764707004,11.920119666683227,7.402472596643228,USA
11863,5,5.13913038503,10.470058033953174,5.330927648923175,USA
11864,5,3.08476190453,11.963879083280702,8.879117178750702,USA
11865,5,3.68533331871,11.063622134337905,7.378288815627904,USA
11866,5,4.82307696342,11.595319695910783,6.772242732490783,USA
11867,5,4.76666666402,9.863085595517056,5.096418931497056,USA
11868,5,5.02499997616,5.84656501981334,0.8215650436533402,USA
11869,5,4.74166663488,7.899612999049877,3.1579463641698773,USA
11870,5,4.69649123309,10.814213013662949,6.117721780572949,USA
11871,5,4.16885246605,9.676523193765444,5.507670727715444,USA
11872,5,4.88823531656,12.145044238049284,7.2568089214892835,USA
11873,5,4.51111110051,10.95273729432555,6.44162619381555,USA
11874,5,5.00000004768,7.140457791178951,2.140457743498951,USA
11875,5,4.40000000493,11.271138785190551,6.8711387802605515,USA
11876,5,5.79523810886,10.600321746783532,4.805083637923532,USA
11877,5,4.259090895,10.887487827602332,6.628396932602332,USA
11878,5,4.64166662594,11.39667788342792,6.7550112574879195,USA
11879,5,4.22399998665,11.67147071264164,7.447470725991639,USA
11880,5,4.75263158899,10.926034796599403,6.173403207609403,USA
11881,5,4.91904769625,7.41068135630862,2.4916336600586204,USA
11882,5,4.69999997956,8.18719396056115,3.487193981001149,USA
11883,5,4.76521742862,8.798636543904843,4.033419115284843,USA
11884,5,4.55621301634,12.521301569398755,7.965088553058755,USA
11885,5,4.33269229302,9.21695595073566,4.8842636577156595,USA
11886,5,4.10322579838,11.5670401578549,7.4638143594749,USA
11887,5,4.11388885313,11.675805625902743,7.561916772772744,USA
11888,5,5.1705882409,11.102645834289588,5.932057593389588,USA
11889,5,4.86400001526,8.06854483185435,3.2045448165943498,USA
11890,5,4.70952374595,8.502328328141068,3.792804582191068,USA
11891,5,5.04000002543,7.650621112327341,2.610621086897341,USA
11892,5,6.69230772899,9.305318504500203,2.6130107755102028,USA
11893,5,5.87647062189,8.028684637446307,2.152214015556307,USA
11894,5,6.06999993324,7.95044072482291,1.8804407915829096,USA
11895,5,6.19999995232,8.376108072675866,2.176108120355866,USA
11896,5,5.8166667223,9.977028182386015,4.160361460086015,USA
11897,5,5.95000004768,8.074949458018793,2.124949410338793,USA
11898,5,7.0,9.158921069319184,2.1589210693191845,USA
11899,5,6.15833328168,10.158311173141552,3.999977891461552,USA
11900,5,6.09999996424,8.43324326114088,2.3332432969008803,USA
11901,5,6.05238094784,10.67693106965048,4.624550121810481,USA
11902,5,6.45000004768,10.517750872446308,4.067750824766309,USA
11903,5,6.07999998728,9.883054208689021,3.8030542214090213,USA
11904,5,6.25555547078,9.711702944591858,3.456147473811858,USA
11905,5,6.14000005722,10.060810546338676,3.9208104891186757,USA
11906,5,6.19999991523,10.213377216570391,4.013377301340391,USA
11907,5,5.81111107932,8.869207053795186,3.0580959744751866,USA
11908,5,5.85000014305,9.031892354436057,3.1818922113860566,USA
11909,5,6.45384616118,12.406050844355072,5.952204683175071,USA
11910,5,6.17777782016,11.720111494196141,5.542333674036141,USA
11911,5,6.30000001192,8.394357232044213,2.0943572201242127,USA
11912,5,6.38000011444,9.633117852749042,3.253117738309042,USA
11913,5,4.58947367417,9.237504043221541,4.648030369051542,USA
11914,5,4.36739130124,9.62934402863008,5.26195272739008,USA
11915,5,5.21111109522,10.243560332251002,5.0324492370310026,USA
11916,5,4.36909090822,9.648638331469293,5.279547423249293,USA
11917,5,5.16999998093,13.481455191957489,8.31145521102749,USA
11918,5,4.41379315278,22.072934443242826,17.659141290462827,USA
11919,5,5.76428570066,10.009594723440168,4.245309022780168,USA
11920,5,5.5,10.065430907743348,4.565430907743348,USA
11921,5,6.59999995232,11.334008101935696,4.734008149615696,USA
11922,5,5.98000001907,10.410914231751768,4.430914212681768,USA
11923,5,5.85000002384,9.302387017782173,3.4523869939421736,USA
11924,5,5.96000013351,11.937362367002141,5.977362233492141,USA
11925,5,4.94615387917,9.940491028090296,4.994337148920296,USA
11926,5,4.56551721178,10.582548189457558,6.017030977677559,USA
11927,5,5.90625008941,9.39055035470135,3.48430026529135,USA
11928,5,6.1933333079,8.904664623570948,2.7113313156709484,USA
11929,5,6.48000011444,9.295278628566063,2.815278514126063,USA
11930,5,5.95454549789,9.624337991644616,3.669792493754616,USA
11931,5,6.55999994278,8.932563616055116,2.372563673275116,USA
11932,5,6.59999990463,13.907867818836268,7.307867914206268,USA
11933,5,5.6999999455,8.858549847692652,3.158549902192652,USA
11934,5,6.69999993931,9.220578089753069,2.520578150443069,USA
11935,5,6.50769230036,10.220211196450874,3.7125188960908746,USA
11936,5,6.02272725105,9.694241534083186,3.6715142830331864,USA
11937,5,6.22499990463,12.53335705206263,6.3083571474326305,USA
11938,5,6.59999990463,8.647619484594347,2.0476195799643477,USA
11939,5,6.36666668029,10.401186885586291,4.034520205296292,USA
11940,5,6.09999998411,12.162470914543015,6.062470930433014,USA
11941,5,6.69999996821,9.5008510827892,2.8008511145792,USA
11942,5,6.45999999046,9.052603394312792,2.5926034038527916,USA
11943,5,6.01111112701,10.59185563381308,4.580744506803079,USA
11944,5,5.96249997616,9.173030122471534,3.210530146311534,USA
11945,5,6.62727273594,8.848657991140042,2.221385255200042,USA
11946,5,6.36666663488,9.160297186547352,2.793630551667352,USA
11947,5,4.54861112105,9.417364723482608,4.868753602432608,USA
11948,5,6.48571429934,12.255209353924833,5.769495054584834,USA
11949,5,6.00555555026,12.592809752437375,6.587254202177375,USA
11950,5,5.92000002861,13.506617988272673,7.586617959662673,USA
11951,5,5.82500004768,10.145469161657346,4.320469113977346,USA
11952,5,6.23000006676,9.163523555885492,2.933523489125492,USA
11953,5,6.11333328883,9.285945118669716,3.172611829839716,USA
11954,5,6.1222221763,11.769435405068416,5.647213228768416,USA
11955,5,6.40000009537,9.285885681855834,2.885885586485834,USA
11956,5,6.1875,10.84811094240635,4.66061094240635,USA
11957,5,6.63846144309,11.502219473158497,4.863758030068498,USA
11958,5,6.26428573472,9.235449563113093,2.9711638283930935,USA
11959,5,6.04545450211,9.892980260482597,3.847525758372597,USA
11960,5,5.6214285578,10.645298599191634,5.023870041391634,USA
11961,5,5.91250008345,9.89134676917885,3.9788466857288505,USA
11962,5,5.82631577944,9.163682035353123,3.337366255913123,USA
11963,5,4.78333338102,11.858231239501988,7.074897858481988,USA
11964,5,5.55641023929,12.712588420978346,7.156178181688346,USA
11965,5,6.09999990463,9.508396988680218,3.4083970840502182,USA
11966,5,6.5,9.969239580688235,3.4692395806882352,USA
11967,5,6.69999980927,9.841505245545179,3.141505436275178,USA
11968,5,6.30833331744,13.772308619179633,7.463975301739633,USA
11969,5,6.12222226461,10.151608242963905,4.029385978353904,USA
11970,5,6.29999995232,9.7424353573163,3.4424354049962993,USA
11971,5,6.09999990463,10.388076686069741,4.288076781439742,USA
11972,5,6.03333330154,9.632299094403141,3.598965792863141,USA
11973,5,6.54999995232,9.193913586148291,2.6439136338282907,USA
11974,5,6.51176467596,9.993775743994568,3.482011068034568,USA
11975,5,5.45833330684,10.066369817172856,4.608036510332855,USA
11976,5,5.19777779579,10.248086031100906,5.050308235310905,USA
11977,5,3.98571426528,9.973432737121913,5.987718471841912,USA
11978,5,5.03928571088,9.560434810978238,4.5211491000982384,USA
11979,5,5.5408163168,23.261076565727997,17.720260248927996,USA
11980,5,4.172580669,10.251797081465536,6.079216412465536,USA
11981,5,5.50508474091,10.699709980458339,5.194625239548339,USA
11982,5,5.82000007629,9.833719178836365,4.013719102546364,USA
11983,5,6.69000000954,11.691895431049446,5.001895421509445,USA
11984,5,6.42222224341,10.009398901766291,3.5871766583562907,USA
11985,5,6.5,10.380978187166804,3.8809781871668037,USA
11986,5,5.85714292526,11.04148509805546,5.184342172795461,USA
11987,5,6.45384623454,9.190980507853494,2.737134273313494,USA
11988,5,6.66874992847,9.31853872420331,2.6497887957333113,USA
11989,5,5.92857149669,11.349856089991682,5.421284593301682,USA
11990,5,5.98750001192,10.472783024411555,4.485283012491555,USA
11991,5,7.08571440833,9.170314575150748,2.0846001668207474,USA
11992,5,5.90000009537,10.638794630274909,4.738794534904908,USA
11993,5,6.01999998093,11.315557042102398,5.295557061172398,USA
11994,5,6.50769230036,9.705256410792677,3.197564110432677,USA
11995,5,4.53571428997,10.356613644945098,5.820899354975098,USA
11996,5,4.74603171197,10.805340631119893,6.059308919149894,USA
11997,5,4.3923076703,9.19211093973515,4.79980326943515,USA
11998,5,4.57534246575,11.679071509780425,7.103729044030424,USA
11999,5,6.11764705882,10.125935626508513,4.0082885676885125,USA
12000,5,4.85185184302,9.974086354651226,5.122234511631225,USA
12001,5,4.80175439377,10.030179951749865,5.2284255579798655,USA
12002,5,4.37999998728,23.37450467420518,18.994504686925183,USA
12003,5,5.59057971706,21.569357535308775,15.978777818248776,USA
12004,5,6.64444446564,12.62441281233416,5.97996834669416,USA
12005,5,6.30000007153,10.465561478095777,4.165561406565777,USA
12006,5,6.53749996424,22.378680875349936,15.841180911109936,USA
12007,5,6.42941180397,18.380443796439664,11.951031992469664,USA
12008,5,6.23333332274,23.186597346757075,16.953264024017074,USA
12009,5,6.23571426528,22.273927788513884,16.038213523233885,USA
12010,5,7.70000004768,10.294674724758881,2.5946746770788813,USA
12011,5,6.62727269259,23.513624314191585,16.886351621601584,USA
12012,5,6.93333339691,22.88115539235044,15.947821995440439,USA
12013,5,6.25999999046,17.86055632263409,11.60055633217409,USA
12014,5,6.26666665077,9.570706338202736,3.304039687432736,USA
12015,5,6.3166667223,9.996758014012617,3.6800912917126167,USA
12016,5,6.76666662428,10.888889879124303,4.122223254844303,USA
12017,5,6.90000002725,10.981319897746152,4.081319870496152,USA
12018,5,6.43636361035,9.343425949742572,2.9070623393925725,USA
12019,5,6.55555550257,9.857089587567796,3.3015340849977957,USA
12020,5,6.89000000954,10.572053383518977,3.6820533739789774,USA
12021,5,5.42051282296,13.56145464543587,8.14094182247587,USA
12022,5,4.4453333346,23.336724452189358,18.891391117589357,USA
12023,5,6.22592594005,23.17640630588908,16.95048036583908,USA
12024,5,6.40000001122,10.941744458461773,4.541744447241773,USA
12025,5,6.85384614651,12.043474591794695,5.189628445284695,USA
12026,5,6.45000004768,7.756671398649008,1.3066713509690082,USA
12027,5,6.19333318075,10.65334565492018,4.46001247417018,USA
12028,5,6.46800006866,11.296208266676427,4.828208198016426,USA
12029,5,6.98000001907,9.536358482175498,2.5563584631054974,USA
12030,5,6.38666677475,11.265568869626767,4.878902094876767,USA
12031,5,4.87916668256,12.533338126082,7.654171443522,USA
12032,5,6.24615390484,23.482509247780605,17.236355342940605,USA
12033,5,7.75,22.514996129509875,14.764996129509875,USA
12034,5,6.33333325386,23.45616504339133,17.12283178953133,USA
12035,5,6.19285712923,21.805054131653904,15.612197002423905,USA
12036,5,4.66666671965,21.61082173369043,16.94415501404043,USA
12037,5,6.36666679382,23.023092569970228,16.65642577615023,USA
12038,5,6.76249998808,11.679952427650438,4.917452439570438,USA
12039,5,6.33636379242,10.548878952276233,4.212515159856233,USA
12040,5,6.14999993642,11.042743904069134,4.8927439676491336,USA
12041,5,6.36666668786,8.905341850117054,2.5386751622570545,USA
12042,5,6.05200008392,13.901998231501882,7.849998147581881,USA
12043,5,6.22499998978,9.801503403142299,3.576503413362299,USA
12044,5,6.78888893127,9.513840065597456,2.7249511343274566,USA
12045,5,6.35833334923,9.11933210672818,2.7609987574981805,USA
12046,5,6.98000001907,8.976772769033019,1.9967727499630188,USA
12047,5,4.3037038026,8.949558912211865,4.6458551096118645,USA
12048,5,5.89999999603,10.273749457866924,4.3737494618369235,USA
12049,5,6.34117648181,9.948686037353458,3.6075095555434578,USA
12050,5,6.89743588521,10.46280377966947,3.5653678944594693,USA
12051,5,5.52727274461,9.77907273075294,4.25179998614294,USA
12052,5,6.37600002289,9.479591836843749,3.1035918139537495,USA
12053,5,5.12758618388,9.651624880550257,4.524038696670257,USA
12054,5,6.61428574153,8.805096335503293,2.1908105939732936,USA
12055,5,4.1875000298,7.380562476336365,3.1930624465363655,USA
12056,5,6.13793093583,8.822399459039397,2.6844685232093974,USA
12057,5,7.30000001192,8.313427367531059,1.013427355611059,USA
12058,5,6.38124996424,8.437639005193942,2.056389040953942,USA
12059,5,6.07500002384,8.57298370899568,2.4979836851556803,USA
12060,5,6.80000003179,10.08875190141984,3.2887518696298406,USA
12061,5,6.56499998569,10.053281697187218,3.488281711497218,USA
12062,5,6.72222216924,8.904405729622324,2.182183560382324,USA
12063,5,6.45624998212,13.229625280214151,6.773375298094151,USA
12064,5,6.51538460071,9.800252552606437,3.2848679518964374,USA
12065,5,6.41428572791,10.286120297779517,3.8718345698695167,USA
12066,5,6.24375003576,10.715706012195156,4.471955976435156,USA
12067,5,6.6166665554,8.980788582217265,2.364122026817265,USA
12068,5,6.31428578922,11.628544771572125,5.314258982352125,USA
12069,5,6.1562499404,9.349428844821745,3.1931789044217442,USA
12070,5,7.15000003576,8.815804590144737,1.6658045543847368,USA
12071,5,4.24130432502,7.996935181832104,3.755630856812104,USA
12072,5,6.25238089334,11.49222458073967,5.23984368739967,USA
12073,5,7.26666662428,8.504685596194065,1.238018971914065,USA
12074,5,6.32499998808,11.950961576187677,5.6259615881076765,USA
12075,5,6.25,10.142213350737206,3.8922133507372063,USA
12076,5,5.6933333079,10.218936281789388,4.525602973889388,USA
12077,5,6.72352940896,8.640197048827766,1.9166676398677653,USA
12078,5,7.12499995232,8.234992596628626,1.109992644308626,USA
12079,5,6.12307682404,8.028587521152216,1.9055106971122164,USA
12080,5,6.29999993064,10.732911117999613,4.432911187359613,USA
12081,5,6.91666666667,8.732099203569343,1.8154325368993423,USA
12082,5,7.22499990463,9.094603278298553,1.8696033736685536,USA
12083,5,6.35000004768,9.183664232088493,2.8336641844084927,USA
12084,5,6.6,9.723087536395663,3.123087536395664,USA
12085,5,6.36999998093,9.049248904127234,2.6792489231972336,USA
12086,5,6.22999997139,8.589398796364774,2.3593988249747744,USA
12087,5,6.76249998808,9.433286965049088,2.6707869769690884,USA
12088,5,4.97692308059,11.356412513983294,6.379489433393294,USA
12089,5,6.13142847334,9.43669725523032,3.3052687818903195,USA
12090,5,6.4789473885,9.634800127521256,3.155852739021256,USA
12091,5,6.96250001589,9.08642674309917,2.1239267272091693,USA
12092,5,4.46190482094,11.159771441411653,6.697866620471653,USA
12093,5,6.95833339294,9.549291856032763,2.590958463092763,USA
12094,5,7.0066666921,10.442574684914469,3.435907992814469,USA
12095,5,6.42173912214,8.32425742948643,1.9025183073464298,USA
12096,5,5.3437500298,8.726979197061887,3.383229167261887,USA
12097,5,5.36666663488,9.567730242141938,4.201063607261938,USA
12098,5,5.58499996662,9.99449463973604,4.40949467311604,USA
12099,5,5.60769231503,9.853408531422112,4.245716216392111,USA
12100,5,6.375,8.949067539291931,2.5740675392919314,USA
12101,5,3.96548670372,9.666617316955554,5.701130613235554,USA
12102,5,4.35833335718,9.630012771881866,5.2716794147018655,USA
12103,5,4.03521126089,9.505262452600444,5.470051191710445,USA
12104,5,0.0,4.437842440103008,4.437842440103008,USA
12105,5,4.06470587674,8.679526197054594,4.614820320314594,USA
12106,5,7.98749995232,7.680946248164322,0.30655370415567873,USA
12107,5,6.26190478461,9.548349605974128,3.2864448213641273,USA
12108,5,7.54500005245,8.446639085293594,0.9016390328435939,USA
12109,5,6.3750000596,10.138212700364297,3.763212640764298,USA
12110,5,4.73781512565,8.934747383320781,4.196932257670781,USA
12111,5,4.33706897703,8.497573745907486,4.160504768877486,USA
12112,5,3.50285716057,8.385224062929266,4.882366902359266,USA
12113,5,0.0,4.3046769111057195,4.3046769111057195,USA
12114,5,6.34444445151,7.462718861175169,1.118274409665169,USA
12115,5,7.26249998808,8.099588751730064,0.8370887636500637,USA
12116,5,7.20000000795,8.351035183410447,1.1510351754604473,USA
12117,5,6.94166676203,9.170038250842829,2.2283714888128294,USA
12118,5,3.92644625656,10.932653468197438,7.006207211637438,USA
12119,5,3.51621621364,12.216875211791265,8.700658998151265,USA
12120,5,3.09758065593,12.36891598980402,9.27133533387402,USA
12121,5,5.97906975413,10.086907611902369,4.107837857772369,USA
12122,5,6.58666667938,9.268499533645528,2.6818328542655276,USA
12123,5,5.8384615458,9.02895877022254,3.190497224422539,USA
12124,5,4.83095236052,9.035426111901506,4.204473751381506,USA
12125,5,6.23749999205,8.917783191457804,2.6802831994078042,USA
12126,5,4.93066666921,7.247960502608898,2.3172938333988977,USA
12127,5,4.14833334287,11.022640134662696,6.874306791792696,USA
12128,5,3.29642857824,7.106054302238132,3.8096257239981317,USA
12129,5,4.20874999464,12.075260563905587,7.8665105692655874,USA
12130,5,5.60285714694,9.845509096473098,4.242651949533098,USA
12131,5,6.57894739352,7.759954326368824,1.181006932848824,USA
12132,5,5.64166669051,9.437182911882553,3.7955162213725533,USA
12133,5,6.47500002384,9.247088244681189,2.772088220841189,USA
12134,5,6.22499998978,9.382533188618648,3.1575331988386486,USA
12135,5,4.33055554165,8.53026043941216,4.19970489776216,USA
12136,5,0.0,5.468217626676838,5.468217626676838,USA
12137,5,0.0,5.125982362129967,5.125982362129967,USA
12138,5,0.0,4.756013939925014,4.756013939925014,USA
12139,5,6.46666666667,9.225585286430242,2.7589186197602418,USA
12140,5,6.31111115879,7.484683489477913,1.1735723306879127,USA
12141,5,6.83999996185,13.40904913485293,6.56904917300293,USA
12142,5,4.78888886505,9.873113157879128,5.084224292829129,USA
12143,5,6.2478260372,7.674591405610002,1.4267653684100017,USA
12144,5,6.4192307729,9.119601191306847,2.7003704184068473,USA
12145,5,4.69499995112,13.046395818090323,8.351395866970323,USA
12146,5,4.83666666349,8.467641131174224,3.630974467684224,USA
12147,5,0.0,4.4159614630871165,4.4159614630871165,USA
12148,5,5.79666668574,7.90614791190885,2.1094812261688496,USA
12149,5,6.12666664124,9.38938493973232,3.26271829849232,USA
12150,5,6.71199995041,9.840584872093125,3.1285849216831245,USA
12151,5,4.57096773578,9.264356734560174,4.693388998780174,USA
12152,5,5.07750000358,8.572076589233724,3.494576585653724,USA
12153,5,3.28695652623,7.811874029026853,4.524917502796853,USA
12154,5,0.0,8.49293123841677,8.49293123841677,USA
12155,5,6.11249991258,7.951178050276523,1.8386781376965233,USA
12156,5,4.96315787968,9.315776869957872,4.352618990277873,USA
12157,5,6.97916666667,9.976253673221064,2.997087006551064,USA
12158,5,7.33888883061,9.54217708765745,2.2032882570474497,USA
12159,5,6.0318182165,8.279646533486085,2.2478283169860855,USA
12160,5,3.34396135289,8.470430510866972,5.126469157976972,USA
12161,5,5.64411766389,11.874094231638418,6.229976567748418,USA
12162,5,3.86860465172,9.991013992652833,6.122409340932833,USA
12163,5,3.56578946831,9.98455475157741,6.418765283267409,USA
12164,5,3.62060606841,13.853599862041172,10.232993793631172,USA
12165,5,0.0,5.054413485954967,5.054413485954967,USA
12166,5,0.0,4.972894696096695,4.972894696096695,USA
12167,5,0.0,5.310522152162431,5.310522152162431,USA
12168,5,0.0,4.502211519559557,4.502211519559557,USA
12169,5,0.0,4.512445822135126,4.512445822135126,USA
12170,5,0.0,4.341637014931985,4.341637014931985,USA
12171,5,0.0,4.356331819936598,4.356331819936598,USA
12172,5,0.0,4.640707613088626,4.640707613088626,USA
12173,5,0.0,4.633290923482848,4.633290923482848,USA
12174,5,0.0,4.502211519559557,4.502211519559557,USA
12175,5,0.0,4.546142661806837,4.546142661806837,USA
12176,5,0.0,4.443440842240513,4.443440842240513,USA
12177,5,0.0,4.356331819936598,4.356331819936598,USA
12178,5,0.0,4.512445822135126,4.512445822135126,USA
12179,5,0.0,4.356331819936598,4.356331819936598,USA
12180,5,0.0,4.365717949089991,4.365717949089991,USA
12181,5,0.0,4.5247134753098255,4.5247134753098255,USA
12182,5,0.0,4.341637014931985,4.341637014931985,USA
12183,5,0.0,4.509084336059695,4.509084336059695,USA
12184,5,0.0,4.616082421660181,4.616082421660181,USA
12185,5,0.0,4.4653917234694696,4.4653917234694696,USA
12186,5,0.0,4.620664629088479,4.620664629088479,USA
12187,5,0.0,4.899247650406352,4.899247650406352,USA
12188,5,0.0,4.602405549567463,4.602405549567463,USA
12189,5,0.0,4.545240951987777,4.545240951987777,USA
12190,5,0.0,4.500052605087578,4.500052605087578,USA
12191,5,7.52500001589,10.993112716613973,3.4681127007239736,USA
12192,5,7.40000004239,9.834491902296763,2.434491859906763,USA
12193,5,6.76666673024,11.195000049134904,4.428333318894905,USA
12194,5,6.02916673819,8.52136465001375,2.49219791182375,USA
12195,5,6.10000000502,12.16412355749937,6.064123552479369,USA
12196,5,5.52307691941,10.697867353994088,5.174790434584088,USA
12197,5,4.50499997139,9.932744619693699,5.427744648303698,USA
12198,5,3.55833333068,14.728472442495343,11.170139111815343,USA
12199,5,8.68205126738,9.872750651995176,1.1906993846151757,USA
12200,5,5.98888889949,9.899101936226755,3.9102130367367547,USA
12201,5,6.3111111323,10.595701067638323,4.284589935338324,USA
12202,5,5.3,11.292975896609327,5.992975896609328,USA
12203,5,6.06000000636,12.121022919257717,6.061022912897717,USA
12204,5,6.29166662693,11.218913148378789,4.927246521448789,USA
12205,5,5.87999996185,10.09566745660122,4.215667494751219,USA
12206,5,6.26800008774,10.780090768056958,4.512090680316958,USA
12207,5,5.95555551847,9.73217362890901,3.77661811043901,USA
12208,5,6.35238095692,12.34420222166791,5.99182126474791,USA
12209,5,6.98800003052,8.94057467588615,1.95257464536615,USA
12210,5,6.8714285578,9.597824398420105,2.726395840620105,USA
12211,5,7.3086956273,10.563289946621747,3.2545943193217477,USA
12212,5,5.40400003433,9.001564848192661,3.597564813862661,USA
12213,5,6.15714287077,10.27651164535401,4.119368774584009,USA
12214,5,7.66129036873,12.349953014746724,4.6886626460167244,USA
12215,5,5.8322147907,11.604693666982818,5.772478876282818,USA
12216,5,6.18055555556,12.19883825121977,6.018282695659771,USA
12217,5,5.33750009537,10.191990122490111,4.854490027120111,USA
12218,5,6.675,10.48945399264147,3.8144539926414707,USA
12219,5,4.5150001049,9.37058673376958,4.855586628869579,USA
12220,5,6.91500008106,10.639400925575998,3.7244008445159986,USA
12221,5,7.17499999205,9.827292768125403,2.652292776075403,USA
12222,5,5.21999998093,10.154853533199883,4.9348535522698835,USA
12223,5,6.38461545797,9.795731887853098,3.411116429883098,USA
12224,5,5.87199998856,10.923977772783715,5.051977784223715,USA
12225,5,6.24444445857,10.846951488346079,4.602507029776079,USA
12226,5,5.68799995422,11.335322091836986,5.647322137616985,USA
12227,5,7.19130428978,9.887418728599703,2.696114438819704,USA
12228,5,6.83157895741,10.244958261330398,3.413379303920398,USA
12229,5,3.47872339918,16.210085272279372,12.731361873099372,USA
12230,5,5.48500001431,12.122269484558808,6.637269470248809,USA
12231,5,4.13199995041,10.51669630599734,6.384696355587341,USA
12232,5,8.16800001144,10.417700569234066,2.249700557794066,USA
12233,5,6.18125002086,11.96099754413564,5.77974752327564,USA
12234,5,4.75909094377,9.589661159409264,4.830570215639264,USA
12235,5,4.4789473885,10.52092746010153,6.041980071601531,USA
12236,5,6.31600000381,11.605186632224768,5.289186628414768,USA
12237,5,4.85666666031,10.141964888548888,5.285298228238887,USA
12238,5,6.10416668653,10.899959240498863,4.795792553968862,USA
12239,5,6.46666660309,9.972818514705214,3.5061519116152136,USA
12240,5,6.42592594359,10.040115710808735,3.6141897672187344,USA
12241,5,5.03600000381,9.82610324429788,4.79010324048788,USA
12242,5,5.92249999046,9.807766298898756,3.885266308438755,USA
12243,5,4.77624998689,8.808525504741255,4.032275517851255,USA
12244,5,4.10526314813,10.162397732053211,6.057134583923212,USA
12245,5,5.06857140405,9.849184929721472,4.780613525671472,USA
12246,5,5.29629626098,10.619939763214473,5.323643502234473,USA
12247,5,4.96600000143,10.125027038702981,5.159027037272981,USA
12248,5,6.52400001526,10.080370396107494,3.5563703808474934,USA
12249,5,4.61666669448,8.29728010096146,3.68061340648146,USA
12250,5,6.57619047165,10.737286027832928,4.161095556182928,USA
12251,5,5.48333334923,11.195156962269756,5.711823613039757,USA
12252,5,7.64285714286,9.794989614773566,2.152132471913567,USA
12253,5,6.38571432659,12.000429464993632,5.614715138403632,USA
12254,5,5.82500004768,9.863240216241412,4.038240168561412,USA
12255,5,5.56499998569,10.717705712273649,5.1527057265836484,USA
12256,5,6.91428576197,10.580841392483427,3.666555630513426,USA
12257,5,6.27916659911,10.20291492499583,3.923748325885831,USA
12258,5,5.58888891008,11.695565858340572,6.1066769482605725,USA
12259,5,4.75624996424,12.042742278142768,7.286492313902768,USA
12260,5,7.42999999523,11.033399686037402,3.603399690807402,USA
12261,5,4.85999997457,10.837646104741498,5.9776461301714985,USA
12262,5,6.52499997616,11.743853994531346,5.218854018371346,USA
12263,5,6.80000001192,10.86253471840055,4.06253470648055,USA
12264,5,4.20833333333,10.443382109158826,6.235048775828826,USA
12265,5,6.80833335718,9.514041594073888,2.705708236893887,USA
12266,5,3.96999999285,10.162562846512326,6.192562853662326,USA
12267,5,3.73888887299,9.519213720023695,5.780324847033695,USA
12268,5,5.55833333731,10.070687246672133,4.512353909362133,USA
12269,5,5.43548386328,9.39803349144458,3.962549628164579,USA
12270,5,4.825,12.078755130700184,7.253755130700184,USA
12271,5,6.14642857654,11.737832699389015,5.591404122849015,USA
12272,5,6.33142858233,9.885490095337506,3.5540615130075057,USA
12273,5,7.17058821285,9.995328774945454,2.824740562095454,USA
12274,5,6.6833332777,11.345848223507087,4.662514945807087,USA
12275,5,3.69062500633,9.45356843139747,5.762943425067469,USA
12276,5,4.35301204187,11.252684795887703,6.899672754017703,USA
12277,5,5.96399999619,10.511439372514822,4.547439376324822,USA
12278,5,8.79600000381,9.812376642513573,1.0163766387035729,USA
12279,5,3.43333332274,10.765367573005172,7.332034250265172,USA
12280,5,6.44761905216,10.198075376297922,3.7504563241379216,USA
12281,5,3.91000000238,11.181560981988206,7.271560979608205,USA
12282,5,6.72399997711,12.020811073806213,5.296811096696213,USA
12283,5,6.42105260648,11.906757104340851,5.485704497860851,USA
12284,5,6.00454547188,11.418602790145167,5.414057318265167,USA
12285,5,7.00000005298,11.174481889519672,4.174481836539672,USA
12286,5,5.62812495232,10.843881157736138,5.215756205416138,USA
12287,5,5.84000001907,12.462947451695953,6.622947432625954,USA
12288,5,5.05199996948,12.764080427365066,7.712080457885066,USA
12289,5,4.73750001192,13.433327491836252,8.695827479916252,USA
12290,5,4.41071429423,10.212627358809884,5.801913064579884,USA
12291,5,6.63913044722,10.922573476265722,4.2834430290457215,USA
12292,5,6.82666667302,11.160356269352487,4.333689596332487,USA
12293,5,5.63333328565,9.14788400660724,3.5145507209572404,USA
12294,5,5.11199996948,12.62352167547716,7.51152170599716,USA
12295,5,5.5625000298,8.733564756211095,3.171064726411095,USA
12296,5,7.18499994278,10.430482643334052,3.245482700554052,USA
12297,5,5.18400001526,10.14239331788242,4.95839330262242,USA
12298,5,4.57499995232,11.292804267255868,6.717804314935868,USA
12299,5,6.87500007947,10.431550114004935,3.5565500345349346,USA
12300,5,6.85466665904,10.60567675682405,3.7510100977840493,USA
12301,5,3.96956518422,11.884732474471658,7.915167290251658,USA
12302,5,6.51785721098,9.814610137466769,3.2967529264867688,USA
12303,5,7.0,9.746333797557284,2.746333797557284,USA
12304,5,6.41904762813,11.738778396482097,5.3197307683520965,USA
12305,5,5.46086960254,9.895343576684564,4.434473974144564,USA
12306,5,5.68000003815,10.792840974525348,5.112840936375347,USA
12307,5,6.54444445504,10.18763078337049,3.643186328330491,USA
12308,5,6.5000000298,9.38739808682215,2.8873980570221507,USA
12309,5,5.33693694209,9.798238104133606,4.461301162043606,USA
12310,5,6.34499998093,10.88546175269542,4.54046177176542,USA
12311,5,6.5631578847,12.411810849712456,5.848652965012456,USA
12312,5,6.31764712053,10.200074980383082,3.882427859853082,USA
12313,5,4.98500001431,13.082590303148887,8.097590288838887,USA
12314,5,4.22499997616,12.69148751817027,8.46648754201027,USA
12315,5,7.12500003406,9.874522683934513,2.749522649874513,USA
12316,5,6.58125004172,10.352630536780056,3.7713804950600567,USA
12317,5,7.5937500298,10.213769803131644,2.620019773331644,USA
12318,5,5.6249999702,9.66824672737882,4.04324675717882,USA
12319,5,8.61562503874,11.236653238509422,2.621028199769423,USA
12320,5,4.78000001907,10.497922507208422,5.717922488138422,USA
12321,5,7.09999999133,9.842992438175479,2.742992446845479,USA
12322,5,5.32222231229,10.495331068900034,5.173108756610034,USA
12323,5,6.03125,10.235156026299759,4.203906026299759,USA
12324,5,6.42500007153,10.70954438785622,4.284544316326219,USA
12325,5,3.54469696681,10.486538849562079,6.941841882752079,USA
12326,5,5.69411765828,9.753767504483301,4.0596498462033015,USA
12327,5,7.5428571701,11.953349419445539,4.410492249345539,USA
12328,5,6.90000000596,9.978474458414723,3.0784744524547234,USA
12329,5,4.71499993801,10.09036187931466,5.37536194130466,USA
12330,5,6.70967737321,9.975690708841054,3.2660133356310537,USA
12331,5,6.0433333238,9.86337759463009,3.820044270830091,USA
12332,5,6.01999998093,12.325425271578643,6.305425290648643,USA
12333,5,5.34210523806,12.9717939939481,7.6296887558881,USA
12334,5,7.47222216924,10.45176444582775,2.9795422765877504,USA
12335,5,5.72043011265,8.632836485766559,2.912406373116559,USA
12336,5,5.62399997711,12.200453314346356,6.576453337236356,USA
12337,5,4.30400000572,10.566706299373234,6.262706293653234,USA
12338,5,5.46999998093,9.091146949228355,3.621146968298355,USA
12339,5,5.84090911258,13.47728141824161,7.6363723056616095,USA
12340,5,4.49310342197,9.587630743179414,5.094527321209414,USA
12341,5,6.3592592522,9.696158360636725,3.3368991084367243,USA
12342,5,4.33000004292,10.021233414274189,5.691233371354189,USA
12343,5,5.84166667859,9.95358910646271,4.11192242787271,USA
12344,5,6.73499996662,11.17979466197911,4.444794695359111,USA
12345,5,4.49500000477,9.824718187077906,5.329718182307906,USA
12346,5,4.25600002289,9.634571892629104,5.378571869739104,USA
12347,5,4.78666667938,9.71332249527065,4.9266558158906495,USA
12348,5,6.4136363593,12.00923287081684,5.59559651151684,USA
12349,5,4.60312496126,12.302611613997808,7.699486652737808,USA
12350,5,6.86470592723,9.55899544932962,2.69428952209962,USA
12351,5,4.11499997377,11.25193756022664,7.13693758645664,USA
12352,5,5.48333334923,13.440966124670837,7.957632775440837,USA
12353,5,7.72500002384,9.141545066688836,1.4165450428488366,USA
12354,5,7.4538461245,9.348847681852769,1.895001557352769,USA
12355,5,4.46799999237,9.42509194093559,4.957091948565591,USA
12356,5,6.35238097963,11.162165345611804,4.809784365981804,USA
12357,5,4.39600004196,9.915476856234687,5.519476814274687,USA
12358,5,4.53111111323,10.782486866488743,6.251375753258743,USA
12359,5,4.48499999046,8.826794564620794,4.341794574160794,USA
12360,5,6.94615382415,10.3479214804496,3.4017676562996,USA
12361,5,4.05000001192,10.218880181506545,6.168880169586545,USA
12362,5,4.41500002146,9.382347136534175,4.967347115074175,USA
12363,5,7.22000005245,10.13507648067186,2.9150764282218598,USA
12364,5,7.00238097282,9.765355713140796,2.7629747403207956,USA
12365,5,6.00333329837,9.660577793687164,3.6572444953171637,USA
12366,5,4.80000001506,11.357579447495468,6.5575794324354675,USA
12367,5,6.90937501192,8.985369779646826,2.075994767726826,USA
12368,5,6.35199996948,11.33463594709537,4.98263597761537,USA
12369,5,6.88888887123,10.105520290141005,3.216631418911005,USA
12370,5,6.30434782609,10.340330959201044,4.035983133111044,USA
12371,5,6.88620687353,9.733858512000484,2.8476516384704844,USA
12372,5,7.51538456403,11.265422934078792,3.7500383700487925,USA
12373,5,6.32333334287,9.166985913497122,2.843652570627122,USA
12374,5,3.96800002098,11.728262532346772,7.760262511366772,USA
12375,5,7.4296296261,10.301735907754928,2.8721062816549283,USA
12376,5,5.62000000477,11.502931612931624,5.882931608161624,USA
12377,5,7.5000000298,10.330837899659214,2.830837869859214,USA
12378,5,5.40800004959,9.865697025608863,4.457696976018863,USA
12379,5,4.37083335718,10.516486896200078,6.145653539020078,USA
12380,5,7.36800001144,10.2844465300738,2.9164465186338004,USA
12381,5,7.00434780121,11.107404454029602,4.103056652819602,USA
12382,5,5.80333336194,10.636114509769033,4.832781147829033,USA
12383,5,6.43846156047,10.080804351796425,3.642342791326425,USA
12384,5,5.14166669051,8.981769225614869,3.8401025351048688,USA
12385,5,7.72666667302,11.2774854534579,3.550818780437899,USA
12386,5,6.68846152379,11.355220559812832,4.666759036022832,USA
12387,5,6.75,9.86436967611268,3.1143696761126805,USA
12388,5,6.42399999619,10.28075098701751,3.8567509908275106,USA
12389,5,6.14705882353,10.11103921797758,3.9639803944475807,USA
12390,5,6.60769231503,9.730646463479015,3.122954148449015,USA
12391,5,6.05714280265,9.81543494237233,3.7582921397223297,USA
12392,5,5.65416669846,7.940739489606607,2.2865727911466065,USA
12393,5,4.82500006755,10.471916955737939,5.646916888187938,USA
12394,5,4.16888887617,12.498097439918254,8.329208563748255,USA
12395,5,6.30434776389,12.591522372496136,6.287174608606136,USA
12396,5,6.30909096111,10.171423558351094,3.8623325972410942,USA
12397,5,8.4604651318,10.581145412575088,2.1206802807750886,USA
12398,5,7.4541666309,10.126880479098153,2.6727138481981534,USA
12399,5,6.57368424064,10.59722243747862,4.023538196838621,USA
12400,5,6.28750000397,9.444927156547589,3.157427152577589,USA
12401,5,4.61000003815,13.66970895943047,9.05970892128047,USA
12402,5,5.19583330552,10.634808404809426,5.438975099289427,USA
12403,5,5.39000003338,10.082311763143377,4.692311729763377,USA
12404,5,7.27727270126,10.24530956907718,2.9680368678171805,USA
12405,5,7.27466668447,11.209470098729852,3.9348034142598527,USA
12406,5,5.38,10.442374887688757,5.062374887688757,USA
12407,5,5.71111112171,12.657533710257475,6.946422588547475,USA
12408,5,4.42500002384,13.570333615918123,9.145333592078124,USA
12409,5,5.43333328338,9.447638230053567,4.014304946673567,USA
12410,5,4.42800001144,10.657741966983847,6.229741955543847,USA
12411,5,5.6249999404,9.418544058260837,3.7935441178608365,USA
12412,5,5.91249999404,9.108966751940091,3.196466757900091,USA
12413,5,4.64999999603,12.410642948463304,7.760642952433304,USA
12414,5,5.38484849352,10.550221220747483,5.165372727227483,USA
12415,5,6.13181816448,9.764936417378538,3.6331182528985373,USA
12416,5,7.10000002384,11.384735385242367,4.284735361402367,USA
12417,5,5.37272735076,9.377388323898675,4.004660973138675,USA
12418,5,5.38500001431,9.572701100195623,4.187701085885623,USA
12419,5,5.75833332539,10.829141549978615,5.070808224588616,USA
12420,5,7.03666664759,9.925014452383143,2.8883478047931437,USA
12421,5,7.22333335876,10.269257810005701,3.0459244512457015,USA
12422,5,4.44500002861,9.625755145589764,5.180755116979764,USA
12423,5,6.90740740741,11.96389196148671,5.056484554076709,USA
12424,5,4.74999997833,9.760176439317402,5.0101764609874015,USA
12425,5,6.08571429934,9.465708944858191,3.379994645518191,USA
12426,5,6.30312500894,12.563891013348918,6.260766004408918,USA
12427,5,6.78461536994,9.847756607003296,3.063141237063296,USA
12428,5,4.52399999619,10.627883142800195,6.103883146610196,USA
12429,5,6.67142854418,10.06106523013798,3.3896366859579805,USA
12430,5,4.77200000763,11.334921160009605,6.562921152379605,USA
12431,5,6.80624994636,10.38365067701071,3.5774007306507096,USA
12432,5,4.57500002782,12.705744022144478,8.130743994324478,USA
12433,5,5.96000003815,12.223292756792429,6.263292718642429,USA
12434,5,5.25499994755,9.757760505240611,4.502760557690611,USA
12435,5,7.34000002543,11.97636295274135,4.6363629273113505,USA
12436,5,6.57142857143,10.352671525060252,3.781242953630252,USA
12437,5,7.26250004768,10.377965517290399,3.115465469610399,USA
12438,5,8.1607143368,10.492537710718839,2.331823373918839,USA
12439,5,4.17722769067,10.463525406721349,6.286297716051349,USA
12440,5,3.23960396559,10.79075953913555,7.55115557354555,USA
12441,5,4.42799995422,9.895934470273243,5.467934516053243,USA
12442,5,7.27037035977,9.560887492274277,2.2905171325042772,USA
12443,5,7.23461534427,10.635326334605084,3.4007109903350843,USA
12444,5,4.26486485069,11.362689261606874,7.097824410916874,USA
