row_id,fold,y_true,y_pred,abs_error
0,4,16.06000004,12.257705749792342,3.802294290207657
1,4,0.0,1.623849407316582,1.623849407316582
2,4,0.0,1.2580869725382,1.2580869725382
3,4,13.81935486,11.98279138422715,1.8365634757728504
4,4,9.530000019,12.1340958062564,2.6040957872564015
5,4,9.100000381,12.864740108072937,3.7647397270729375
6,4,10.21034479,11.728573491133503,1.518228701133502
7,4,9.778048841,11.570254794196462,1.7922059531964614
8,4,12.55000019,10.866479460796024,1.6835207292039769
9,4,10.66874997,11.967086760109012,1.298336790109012
10,4,0.0,4.211380255666035,4.211380255666035
11,4,13.24444453,10.755195326663172,2.489249203336829
12,4,10.19999981,11.76500775901067,1.5650079490106705
13,4,19.13571419,12.611076123196769,6.524638066803233
14,4,10.89999962,14.177044083540478,3.277044463540479
15,4,17.10000038,13.49427358517307,3.6057267948269303
16,4,15.69999981,12.192773774695867,3.5072260353041322
17,4,0.0,4.609340860852156,4.609340860852156
18,4,11.07444442,12.178545019091066,1.1041005990910655
19,4,11.10000038,11.632187448150859,0.5321870681508578
20,4,10.93793103,10.93226822762827,0.005662802371729114
21,4,8.900000095,9.661513133691718,0.761513038691719
22,4,9.240000014,9.3937960252146,0.15379601121460063
23,4,0.0,2.9673768466857045,2.9673768466857045
24,4,13.51249981,14.694846889857299,1.1823470798572995
25,4,0.0,2.0508202956789585,2.0508202956789585
26,4,0.0,2.7341773844318142,2.7341773844318142
27,4,13.60000038,14.83986381708414,1.2398634370841393
28,4,0.0,1.4188479710149053,1.4188479710149053
29,4,0.0,2.5373737971839425,2.5373737971839425
30,4,13.10000038,3.0296570991991545,10.070343280800847
31,4,13.70000013,13.747211093602871,0.047210963602871914
32,4,13.10000038,13.541466533604812,0.4414661536048108
33,4,13.19999981,13.238748286052468,0.03874847605246856
34,4,0.0,2.5626409420252307,2.5626409420252307
35,4,0.0,3.067251579702959,3.067251579702959
36,1,10.5,11.141170250126711,0.6411702501267111
37,1,10.12631579,11.962426862412265,1.8361110724122653
38,1,10.2,13.185975126211238,2.9859751262112386
39,1,0.0,2.035015419720161,2.035015419720161
40,1,10.30000019,12.030130289505202,1.7301300995052014
41,1,5.994771244,8.811112757870939,2.816341513870939
42,1,9.23333327,13.322545321981107,4.089212051981107
43,1,9.044827659,10.022285249496715,0.9774575904967158
44,1,7.922222222,7.205735736772673,0.7164864852273274
45,1,8.035483853,7.684755530161264,0.35072832283873634
46,1,8.050000191,9.094679288261517,1.0446790972615165
47,1,7.398113206,7.707224428120196,0.3091112221201966
48,1,6.066265043,6.842591319130776,0.7763262761307761
49,1,10.25,11.77861478330539,1.5286147833053896
50,1,10.7826087,12.50186819152985,1.719259491529849
51,1,10.60000038,10.886628898914276,0.28662851891427543
52,1,11.1642858,11.044998151068013,0.11928764893198718
53,1,9.694805213,10.330668817007249,0.6358636040072483
54,1,10.06249994,11.71917248418106,1.6566725441810597
55,1,10.10000038,1.4051980199911747,8.694802360008826
56,1,0.0,12.505397132327792,12.505397132327792
57,1,9.153488414,10.908596856548131,1.7551084425481314
58,1,0.0,2.9684248223264738,2.9684248223264738
59,1,13.45064942,11.518746935169533,1.9319024848304664
60,1,11.73999996,10.888304484950163,0.8516954750498371
61,1,13.16250002,11.85776544132187,1.3047345786781293
62,1,15.0,13.91040346428004,1.0895965357199593
63,1,0.0,1.1991866353193907,1.1991866353193907
64,1,17.46666654,11.347497008976585,6.119169531023413
65,1,13.27894743,10.913430224649861,2.365517205350139
66,1,16.39999962,10.574466804686118,5.825532815313881
67,1,16.25,12.097656183061662,4.1523438169383375
68,1,16.20000076,11.91127157063806,4.288729189361941
69,1,18.5,11.972564037543192,6.527435962456808
70,1,7.271319305,10.98023912032989,3.7089198153298897
71,1,5.138248866,8.552810517020315,3.414561651020316
72,1,9.481739098,9.318451744315503,0.1632873536844972
73,1,6.661928949,8.204426063166327,1.542497114166327
74,1,9.897942408,12.777178017284225,2.8792356092842244
75,1,4.900000095,9.639151062907528,4.739150967907528
76,1,5.775550665,7.971166528639487,2.195615863639487
77,1,8.222000046,14.08729805376369,5.865298007763689
78,1,8.699999809,11.915885726587584,3.2158859175875847
79,1,0.0,1.3916057167685052,1.3916057167685052
80,1,8.349999905,10.040214499381591,1.6902145943815903
81,1,8.154054075,12.080333107046986,3.9262790320469865
82,1,8.533962304,11.878290670544748,3.344328366544749
83,1,8.543333364,9.149002770687549,0.6056694066875483
84,1,9.141176476,12.992395108365084,3.851218632365084
85,2,12.32500005,10.051048013246648,2.273952036753352
86,2,12.30000019,10.584687566475681,1.7153126235243192
87,2,13.98666662,13.968843757008298,0.017822862991701882
88,2,12.19523816,12.042343966387808,0.1528941936121928
89,2,12.69999981,10.049616923212266,2.6503828867877335
90,2,12.69999981,8.719123739053192,3.980876070946808
91,2,13.59000001,10.081063477268328,3.5089365327316724
92,2,0.0,-8.154929479209419e-05,8.154929479209419e-05
93,2,12.30000019,0.3554891156580391,11.94451107434196
94,2,12.5,9.998908382265716,2.501091617734284
95,2,0.0,0.02808499229618003,0.02808499229618003
96,2,0.0,0.3444201479757747,0.3444201479757747
97,2,0.0,0.6082996529418945,0.6082996529418945
98,2,13.0,11.123848257254458,1.8761517427455416
99,2,12.8499999,11.598560667494796,1.251439232505204
100,2,12.0999999,12.02808548606436,0.07191441393564091
101,2,12.30000019,11.545386797219692,0.7546133927803087
102,2,12.26666673,10.426878817351975,1.8397879126480259
103,2,13.0,8.138189055052512,4.861810944947488
104,2,12.13333332,10.235169380375712,1.898163939624288
105,2,11.60000038,9.182717092127827,2.4172832878721735
106,2,10.84459461,9.685390247393817,1.1592043626061823
107,2,0.0,0.7496314537536932,0.7496314537536932
108,2,10.0,10.977317752512397,0.9773177525123966
109,2,0.0,0.4335928567320531,0.4335928567320531
110,2,10.69999981,-1.2882344397897265,11.988234249789727
111,2,9.849999905,13.904340015739084,4.0543401107390835
112,2,0.0,-0.15587302381577112,0.15587302381577112
113,2,0.0,-0.47269326490690083,0.47269326490690083
114,2,9.75,13.378617949285287,3.628617949285287
115,2,10.80000019,12.41078568820097,1.6107854982009702
116,2,12.05000019,12.187694386802397,0.13769419680239636
117,1,12.0347827,14.379438067542964,2.3446553675429644
118,1,12.45000005,10.398608676802029,2.051391373197971
119,1,15.75,13.153053779341285,2.5969462206587153
120,1,14.07142854,15.046476380501414,0.9750478405014142
121,1,14.60000038,12.116705005008093,2.4832953749919078
122,1,0.0,2.5628099147570347,2.5628099147570347
123,1,13.73076916,11.623598899307444,2.1071702606925555
124,1,14.9,12.237311354330819,2.6626886456691814
125,1,0.0,1.7217642177125965,1.7217642177125965
126,1,16.06153855,14.919501994926009,1.142036555073993
127,1,14.94999981,12.775394845928187,2.174604964071813
128,1,0.0,2.3153719885114605,2.3153719885114605
129,1,12.23199989,13.998936110464118,1.7669362204641175
130,1,12.95000005,12.452190376385012,0.49780967361498796
131,1,13.0,11.771832891061335,1.2281671089386652
132,1,13.13225805,13.802831308799068,0.6705732587990667
133,1,0.0,12.303818397111414,12.303818397111414
134,4,0.0,1.062488298562995,1.062488298562995
135,4,0.0,0.4963247920603325,0.4963247920603325
136,4,8.021818248,9.775351550582178,1.753533302582177
137,4,5.875362334,8.458115478885947,2.582753144885947
138,4,5.133333365,7.9147668231648,2.7814334581647993
139,4,4.895661153,8.141456207730434,3.2457950547304337
140,4,7.300000191,11.421862578068994,4.121862387068995
141,4,7.437777752,6.85749645352569,0.5802812984743095
142,4,5.699999809,8.714591236423104,3.0145914274231034
143,4,5.719565231,7.829542695626023,2.1099774646260228
144,4,5.300000191,9.86611966976044,4.566119478760441
145,4,6.279591823,8.333574935708931,2.0539831127089316
146,3,10.80000019,15.021783007602487,4.221782817602486
147,3,11.06315783,13.306809289248765,2.243651459248765
148,3,11.17272724,10.734215394159808,0.43851184584019265
149,3,12.52727277,13.689138688346187,1.1618659183461872
150,3,10.54545453,15.111350911372499,4.565896381372498
151,3,0.0,2.4696991391627394,2.4696991391627394
152,3,8.727472499,11.128113365693507,2.4006408666935073
153,3,8.763636372,9.548512921511385,0.7848765495113845
154,3,9.513846148,10.045647529782649,0.5318013817826479
155,3,0.0,1.9406438265771802,1.9406438265771802
156,3,9.998360676,11.456041823217603,1.4576811472176026
157,3,9.25,10.922351923517352,1.6723519235173523
158,3,9.017857134,12.358367430316617,3.3405102963166176
159,3,10.30000019,10.036437040755219,0.2635631492447814
160,3,9.726923044,8.35118724781787,1.3757357961821288
161,3,10.48541667,8.912869264000372,1.572547405999627
162,3,10.69999981,10.06255031843637,0.6374494915636291
163,3,10.69999981,11.361599374433021,0.6615995644330219
164,3,10.89999962,9.00481574599063,1.8951838740093692
165,3,10.30714289,10.612833261061821,0.3056903710618215
166,1,0.0,1.998508662313315,1.998508662313315
167,1,13.32500005,12.49662478018155,0.8283752698184497
168,1,13.0,10.292042357084075,2.7079576429159253
169,1,13.19999981,11.489824537231957,1.7101752727680424
170,1,0.0,0.48818357797123857,0.48818357797123857
171,1,0.0,1.449499054087879,1.449499054087879
172,1,0.0,0.07702574163690333,0.07702574163690333
173,5,0.0,2.8823896870699284,2.8823896870699284
174,5,8.5,14.335921601489584,5.835921601489584
175,5,8.5,13.81528282580137,5.31528282580137
176,5,0.0,12.955603052704113,12.955603052704113
177,5,0.0,2.9839189949658786,2.9839189949658786
178,5,9.349999905,12.461311651518258,3.1113117465182576
179,5,8.399999619,3.447569210812267,4.952430408187734
180,5,8.200000286,13.629765928526572,5.429765642526572
181,5,9.100000381,11.524514573859333,2.424514192859334
182,5,9.615384689,12.46858153712715,2.8531968481271495
183,5,0.0,2.6748171439966897,2.6748171439966897
184,5,9.644444413,11.139611559503956,1.495167146503956
185,5,8.800000191,12.849517552889989,4.049517361889988
186,5,8.979999924,12.569788286797955,3.5897883627979557
187,5,8.100000381,13.216052739719663,5.116052358719664
188,5,0.0,2.1798822276394434,2.1798822276394434
189,5,8.169999933,14.026564496398523,5.856564563398523
190,5,7.5,13.22126233327461,5.721262333274611
191,5,8.0,13.306762948369242,5.306762948369242
192,5,0.0,2.3457661299774535,2.3457661299774535
193,3,5.900000095,9.192830305176711,3.292830210176711
194,3,5.639013449,8.435213156350004,2.796199707350004
195,3,6.320000076,11.265952251448581,4.945952175448581
196,3,6.815384617,6.970688902549428,0.15530428554942777
197,3,10.0,11.57567374128142,1.5756737412814203
198,3,0.0,1.3010778568200296,1.3010778568200296
199,3,10.83191488,13.973795106758114,3.141880226758115
200,3,9.052941098,8.632345430401172,0.42059566759882827
201,3,9.681818182,7.919011561141235,1.7628066208587656
202,3,7.805555529,10.292637444497798,2.4870819154977974
203,3,6.884374991,8.294621081619683,1.4102460906196832
204,3,0.0,1.299473281304527,1.299473281304527
205,3,0.0,0.022426253986368085,0.022426253986368085
206,3,0.0,-0.060465386673881454,0.060465386673881454
207,3,7.800000191,9.912033434454349,2.1120332434543494
208,3,7.617708365,8.24438883601199,0.6266804710119889
209,3,9.980000114,14.644802215451758,4.664802101451759
210,3,10.39999962,12.775513840331287,2.3755142203312882
211,3,13.09090913,13.686020295407745,0.5951111654077454
212,3,0.0,3.1630501450663466,3.1630501450663466
213,3,10.30000019,14.836786975495048,4.536786785495048
214,3,12.0,13.546991454407195,1.5469914544071948
215,3,10.33333333,14.052069168810878,3.7187358388108773
216,3,0.0,2.980215980701143,2.980215980701143
217,3,16.97142833,13.617560010854056,3.353868319145942
218,3,10.30000019,12.135675065300376,1.8356748753003753
219,3,10.0999999,11.584654083117343,1.4846541831173425
220,3,0.0,2.09270452673837,2.09270452673837
221,3,10.60000038,14.357556048638418,3.7575556686384175
222,3,9.950000048,13.586930637891083,3.636930589891083
223,3,10.61538476,12.759135728155044,2.143750968155045
224,5,12.83999996,13.811580908657623,0.971580948657623
225,5,12.5,14.004386484897948,1.5043864848979478
226,5,14.13181821,12.386586101262079,1.7452321087379215
227,5,13.13333321,13.210815391710538,0.077482181710538
228,5,13.5,12.552152654842612,0.9478473451573883
229,5,0.0,2.3658488533218995,2.3658488533218995
230,5,0.0,8.653788679892182,8.653788679892182
231,3,0.0,0.18419537890252433,0.18419537890252433
232,3,0.0,0.18419537890252433,0.18419537890252433
233,3,0.0,1.9041973310983475,1.9041973310983475
234,3,13.30000019,11.848145047486382,1.4518551425136188
235,3,0.0,0.9435544394075774,0.9435544394075774
236,3,0.0,0.18419537890252433,0.18419537890252433
237,3,0.0,0.7083972746563676,0.7083972746563676
238,3,0.0,0.18419537890252433,0.18419537890252433
239,3,0.0,0.16711319316534037,0.16711319316534037
240,3,0.0,1.537284083207162,1.537284083207162
241,3,0.0,0.18419537890252433,0.18419537890252433
242,4,0.0,1.2580869725382,1.2580869725382
243,4,0.0,1.2580869725382,1.2580869725382
244,4,0.0,1.4188479710149053,1.4188479710149053
245,4,0.0,1.4188479710149053,1.4188479710149053
246,4,13.19999981,13.14497279658559,0.055027013414409964
247,4,0.0,5.154017074502802,5.154017074502802
248,4,0.0,14.125167074213717,14.125167074213717
249,4,0.0,1.4121853976209513,1.4121853976209513
250,4,0.0,1.2580869725382,1.2580869725382
251,2,13.39999962,12.013607636358259,1.3863919836417402
252,2,0.0,0.36466536114683307,0.36466536114683307
253,2,0.0,-0.14090299103732096,0.14090299103732096
254,2,12.39999962,-1.3835528888969277,13.783552508896927
255,5,0.0,1.756149575727649,1.756149575727649
256,5,0.0,0.477746745512267,0.477746745512267
257,5,0.0,2.010489889841077,2.010489889841077
258,5,0.0,0.5393938754195757,0.5393938754195757
259,5,0.0,3.464750754510632,3.464750754510632
260,5,0.0,1.9826430087842395,1.9826430087842395
261,5,0.0,2.859430788562274,2.859430788562274
262,5,14.10000038,13.201957262234947,0.8980431177650541
263,5,0.0,2.195153314379339,2.195153314379339
264,5,14.60000038,12.366970739805812,2.2330296401941894
265,5,0.0,0.5990303519260247,0.5990303519260247
266,5,10.19999981,14.424440666027065,4.224440856027066
267,5,11.76666673,15.378035434158456,3.611368704158455
268,5,11.6500001,13.993163021428245,2.3431629214282452
269,5,13.2750001,14.99566940651053,1.7206693065105299
270,4,11.0,11.903668333902328,0.9036683339023277
271,4,12.69999981,13.890633195951915,1.1906333859519158
272,4,12.80000019,13.450945223784109,0.6509450337841081
273,4,0.0,1.0916693519057563,1.0916693519057563
274,4,12.60000038,11.69819139140538,0.9018089885946203
275,4,0.0,2.412632987240166,2.412632987240166
276,4,12.89999962,14.67052802337159,1.770528403371591
277,4,12.80000019,12.347508130413718,0.452492059586282
278,4,13.19999981,11.88946609959419,1.3105337104058101
279,4,0.0,1.4195545445109257,1.4195545445109257
280,4,0.0,2.600048868495414,2.600048868495414
281,4,0.0,1.5085504707919766,1.5085504707919766
282,3,0.0,0.14448236144845764,0.14448236144845764
283,2,12.80000019,10.313840286610713,2.4861599033892876
284,2,0.0,-0.01222662159489872,0.01222662159489872
285,2,0.0,0.6015496090380217,0.6015496090380217
286,2,13.60000038,11.489398771459687,2.110601608540314
287,2,0.0,0.2664926899367068,0.2664926899367068
288,2,14.10000038,8.971471127665932,5.128529252334069
289,2,0.0,0.36466536114683307,0.36466536114683307
290,2,0.0,0.3898007576483529,0.3898007576483529
291,2,0.0,0.36466536114683307,0.36466536114683307
292,2,13.0,9.649705306266082,3.350294693733918
293,3,0.0,1.0837500235841075,1.0837500235841075
294,3,0.0,1.4308352443671883,1.4308352443671883
295,3,0.0,0.903735725811136,0.903735725811136
296,3,4.900000095,8.06395912482762,3.1639590298276206
297,3,5.0,8.285057700087563,3.285057700087563
298,3,4.800000191,8.388075539606508,3.588075348606508
299,3,0.0,-0.2930116848572829,0.2930116848572829
300,3,4.699999809,6.678414921402839,1.978415112402839
301,3,5.136363636,7.917500564940681,2.7811369289406818
302,3,4.642857143,6.209821836684601,1.5669646936846018
303,3,4.777777725,7.756673491578316,2.978895766578316
304,3,4.836363619,7.371394920038119,2.535031301038119
305,3,4.382352969,8.298440023871652,3.916087054871652
306,3,4.711764672,8.466810678885805,3.755046006885805
307,3,4.699999952,7.919282154881942,3.219282202881942
308,3,0.0,7.149620478557805,7.149620478557805
309,3,4.182352964,6.058604639076534,1.8762516750765341
310,2,0.0,0.33995092350473305,0.33995092350473305
311,2,0.0,-0.005740701600989727,0.005740701600989727
312,2,4.099999905,6.271599160774194,2.1715992557741943
313,2,0.0,-0.08469056972980511,0.08469056972980511
314,2,4.228571347,6.496749590866296,2.268178243866296
315,2,4.300000191,10.09307100250578,5.793070811505781
316,2,4.328571456,10.17861481028995,5.850043354289951
317,2,4.088888857,9.914956361447464,5.826067504447464
318,2,4.819999981,7.034756086426412,2.214756105426412
319,2,4.950000048,10.965550967900692,6.015550919900692
320,2,4.4923077,6.3179916908434475,1.825683990843448
321,2,4.553968255,10.061656889212061,5.5076886342120615
322,4,4.800000032,7.978851199738012,3.178851167738012
323,4,4.733333302,8.904800808348963,4.171467506348963
324,4,4.462500036,7.500979591950784,3.038479555950784
325,4,6.0,8.353264161609761,2.3532641616097614
326,4,0.0,1.8659441077411225,1.8659441077411225
327,4,4.900000095,7.251015068423206,2.351014973423206
328,4,5.228571483,7.647297755061379,2.418726272061379
329,4,6.599999905,7.175180366031717,0.5751804610317173
330,4,0.0,1.8487123288166132,1.8487123288166132
331,4,0.0,2.174519097685688,2.174519097685688
332,4,0.0,2.809756768785603,2.809756768785603
333,4,0.0,2.452266583878266,2.452266583878266
334,4,5.699999809,5.755558772563555,0.05555896356355472
335,4,6.0,7.432810782999427,1.432810782999427
336,4,4.6,8.620872918257717,4.020872918257718
337,4,6.599999905,7.473882596977126,0.8738826919771263
338,4,0.0,1.842210833682686,1.842210833682686
339,4,0.0,2.7262819263803073,2.7262819263803073
340,4,5.5,7.597798208661909,2.097798208661909
341,4,0.0,2.2600324519385726,2.2600324519385726
342,5,7.281818151,9.21429272120681,1.9324745702068098
343,5,5.580952372,8.311360140246629,2.7304077682466295
344,5,4.560000038,9.564589467832755,5.004589429832755
345,5,8.614634084,11.109125602648051,2.4944915186480507
346,5,4.549999952,8.706092065878858,4.156092113878858
347,5,4.400000095,8.914444704413517,4.514444609413517
348,5,4.299999965,9.058347980338096,4.758348015338097
349,5,5.785714252,10.436698775000407,4.650984523000407
350,5,6.099999905,9.329046114695673,3.2290462096956736
351,5,6.404545502,8.737845569606382,2.3333000676063813
352,5,7.349999905,6.897218077026235,0.452781827973765
353,5,6.599999905,7.409098288810638,0.809098383810638
354,5,7.463157942,8.833584210765144,1.3704262687651445
355,5,6.319999981,11.210662551218128,4.890662570218129
356,5,9.876190492,9.560006464107083,0.3161840278929162
357,5,6.919999981,8.596905818279847,1.6769058372798469
358,5,7.0,10.02661837941199,3.0266183794119907
359,5,8.571014529,11.897685690646142,3.326671161646143
360,5,7.5,8.853991949386646,1.3539919493866464
361,5,6.985714231,10.048542877603003,3.062828646603003
362,5,7.666666667,9.375485374025166,1.7088187070251655
363,5,7.400000095,8.081328541067688,0.6813284460676874
364,1,7.9,7.327733829264333,0.5722661707356673
365,1,9.593333356,7.605177431556021,1.988155924443979
366,1,8.659999943,6.895232252861345,1.7647676901386555
367,1,7.966666698,7.133054093254354,0.833612604745646
368,1,11.36666679,8.174430115862807,3.1922366741371935
369,1,10.84935061,7.698510644840965,3.150839965159035
370,1,11.9000001,9.46524665456907,2.43475344543093
371,1,9.831034504,10.517708404743772,0.6866739007437719
372,1,11.33333333,6.977432124610888,4.355901205389112
373,1,7.700000029,8.736961367058147,1.0369613380581466
374,1,8.800000191,8.732485986151088,0.06751420484891213
375,1,7.316666683,7.734932155167667,0.41826547216766663
376,1,7.700000021,6.975253444368152,0.7247465766318477
377,1,8.5,8.68453944900535,0.18453944900534935
378,1,7.685714313,7.887223262016755,0.20150894901675453
379,1,9.311111238,6.491862780608302,2.8192484573916987
380,1,10.30000019,8.362106448550271,1.937893741449729
381,1,10.89999962,7.116442109011139,3.78355751098886
382,1,10.79999971,8.598443313709836,2.2015563962901634
383,1,9.900000095,8.512793149484116,1.3872069455158833
384,1,0.0,1.6295959860613844,1.6295959860613844
385,1,10.51785714,10.187157399675854,0.33069974032414606
386,1,11.24117638,7.225891413076004,4.015284966923996
387,1,10.48888899,9.10139943654675,1.3874895534532499
388,1,10.34444449,9.829301452070107,0.515143037929894
389,1,11.0,8.76748546801216,2.2325145319878406
390,1,9.052631579,8.517778260219531,0.5348533187804687
391,5,0.0,0.6702562436118502,0.6702562436118502
392,2,0.0,0.514854097079255,0.514854097079255
393,2,0.0,0.4427241793890087,0.4427241793890087
394,2,0.0,0.514854097079255,0.514854097079255
395,2,0.0,0.049279744861107096,0.049279744861107096
396,2,0.0,0.514854097079255,0.514854097079255
397,2,0.0,0.4709809218356871,0.4709809218356871
398,1,0.0,1.2679485816849871,1.2679485816849871
399,1,0.0,0.6026463259155103,0.6026463259155103
400,1,0.0,12.340354267369097,12.340354267369097
401,1,0.0,-0.26246016345361023,0.26246016345361023
402,1,0.0,-0.1616859346925254,0.1616859346925254
403,1,0.0,0.6051869858581821,0.6051869858581821
404,5,0.0,2.6443689855334243,2.6443689855334243
405,5,0.0,3.0361150245908757,3.0361150245908757
406,5,0.0,3.306059777139568,3.306059777139568
407,5,6.166666667,10.04012713951789,3.8734604725178903
408,5,5.333333333,10.754536751633177,5.421203418633177
409,5,0.0,2.784435255593147,2.784435255593147
410,5,0.0,8.478390690315507,8.478390690315507
411,5,0.0,2.800485745127534,2.800485745127534
412,5,4.960000038,9.810859866411827,4.850859828411826
413,5,5.25,9.913056385506248,4.663056385506248
414,5,0.0,0.7296127421379984,0.7296127421379984
415,5,0.0,2.4526747758527767,2.4526747758527767
416,5,5.099999905,8.818212111111889,3.7182122061118887
417,5,0.0,2.841429225858029,2.841429225858029
418,5,5.099999905,9.027134354442598,3.9271344494425984
419,5,0.0,0.6702562436118502,0.6702562436118502
420,4,0.0,1.8448153435880132,1.8448153435880132
421,4,5.5,7.500407480595611,2.0004074805956114
422,4,5.199999809,8.69691700763194,3.49691719863194
423,4,5.099999905,8.203544763937362,3.1035448589373624
424,4,4.774999976,8.291198856909345,3.5161988809093447
425,4,0.0,0.9615600107892895,0.9615600107892895
426,4,0.0,2.4520016696567426,2.4520016696567426
427,4,4.900000095,7.464102801729435,2.564102706729435
428,4,0.0,2.1400848645872523,2.1400848645872523
429,4,0.0,1.965196278574327,1.965196278574327
430,4,0.0,1.722705110585971,1.722705110585971
431,4,4.800000191,7.011604803881573,2.2116046128815734
432,4,5.800000191,6.63556930331455,0.8355691123145501
433,4,0.0,1.7257952930069733,1.7257952930069733
434,4,0.0,3.2086757222517885,3.2086757222517885
435,4,0.0,1.9183872679135305,1.9183872679135305
436,4,0.0,1.8485784373726748,1.8485784373726748
437,4,0.0,2.1807429008119015,2.1807429008119015
438,4,0.0,2.085504992008597,2.085504992008597
439,4,0.0,2.0032448568848573,2.0032448568848573
440,4,0.0,2.375155491898288,2.375155491898288
441,4,0.0,2.491368611531354,2.491368611531354
442,4,6.425000072,8.882860985794316,2.457860913794317
443,4,5.650000095,11.13022084072447,5.480220745724469
444,4,6.300000191,9.618530487498234,3.318530296498234
445,4,0.0,0.9615600107892895,0.9615600107892895
446,4,0.0,0.9783556957148949,0.9783556957148949
447,4,7.199999809,10.740951941097398,3.540952132097398
448,4,6.5,9.277545984762682,2.777545984762682
449,4,5.900000095,8.983770181544504,3.0837700865445035
450,4,7.387499928,8.47775452773026,1.09025459973026
451,5,6.700000048,9.815536362930992,3.115536314930992
452,5,0.0,1.9458583291782068,1.9458583291782068
453,5,7.433333238,8.833646472411761,1.4003132344117608
454,5,8.274999857,9.19660984700147,0.9216099900014711
455,5,0.0,1.7432746147788407,1.7432746147788407
456,5,0.0,1.9051268564194996,1.9051268564194996
457,5,0.0,3.0732033672191728,3.0732033672191728
458,5,8.0,8.451520823554233,0.4515208235542332
459,5,7.0,9.902310708274422,2.902310708274422
460,5,0.0,1.9903075705076332,1.9903075705076332
461,5,0.0,2.968676686036323,2.968676686036323
462,5,0.0,7.915643405558937,7.915643405558937
463,5,0.0,2.2065748558381535,2.2065748558381535
464,5,8.400000095,10.702003360529153,2.3020032655291534
465,5,0.0,0.6702562436118502,0.6702562436118502
466,5,8.600000381,4.987013631929798,3.612986749070201
467,5,0.0,2.3354544226411518,2.3354544226411518
468,5,0.0,2.026174667738506,2.026174667738506
469,5,0.0,0.6702562436118502,0.6702562436118502
470,5,0.0,0.6702562436118502,0.6702562436118502
471,5,0.0,2.0843798921128953,2.0843798921128953
472,5,0.0,0.7296127421379984,0.7296127421379984
473,5,0.0,2.5054568908250126,2.5054568908250126
474,5,0.0,0.6702562436118502,0.6702562436118502
475,5,0.0,3.3485736748466506,3.3485736748466506
476,5,0.0,2.253086385049432,2.253086385049432
477,1,0.0,7.775484522432494,7.775484522432494
478,1,5.149999857,7.617875500559861,2.4678756435598608
479,1,0.0,0.8243828296413224,0.8243828296413224
480,1,5.300000191,6.722464520137936,1.4224643291379362
481,1,0.0,0.852223028802789,0.852223028802789
482,1,4.900000095,7.533686002351489,2.633685907351489
483,1,5.0,5.877303408432667,0.8773034084326667
484,1,5.0,0.5157574902866613,4.484242509713338
485,1,0.0,1.3488373993812508,1.3488373993812508
486,1,0.0,0.08079361281238702,0.08079361281238702
487,1,5.400000095,6.75561382702729,1.3556137320272894
488,1,0.0,0.8988415698267602,0.8988415698267602
489,1,0.0,0.08079361281238702,0.08079361281238702
490,1,0.0,0.7937634988391443,0.7937634988391443
491,3,9.100000381,2.967729500155131,6.132270880844868
492,3,0.0,0.8086238302649372,0.8086238302649372
493,3,0.0,0.350918438607396,0.350918438607396
494,3,0.0,0.3484515868242769,0.3484515868242769
495,3,6.625,8.252481683230906,1.627481683230906
496,3,7.25,7.566125267937382,0.31612526793738205
497,3,0.0,0.25563113775560653,0.25563113775560653
498,3,0.0,0.22426107610951057,0.22426107610951057
499,3,0.0,0.20497065649894192,0.20497065649894192
500,3,8.0,8.221930696260618,0.22193069626061757
501,3,0.0,0.4254509814335559,0.4254509814335559
502,2,4.25,6.972723521937636,2.7227235219376356
503,2,4.585365912,6.942175364859634,2.3568094528596335
504,2,0.0,0.25821329157033074,0.25821329157033074
505,2,4.426666636,6.338373762597289,1.911707126597289
506,2,4.671171175,6.130187281878148,1.4590161068781482
507,2,4.293750033,6.174669335044084,1.8809193020440835
508,2,4.236666648,5.405859649788722,1.169193001788722
509,2,4.239285725,6.3116725160718,2.0723867910718
510,2,4.85000002,4.814181756201577,0.03581826379842301
511,2,0.0,-0.7800779251087528,0.7800779251087528
512,2,4.800000191,4.242588277243082,0.5574119137569173
513,2,4.539732161,3.739530793294412,0.8002013677055877
514,2,5.049999952,3.35560257549387,1.6943973765061302
515,2,4.800000191,3.982963649579145,0.8170365414208547
516,2,0.0,-0.5854524175982052,0.5854524175982052
517,2,4.932911372,5.807078349208794,0.8741669772087937
518,2,5.099999971,5.439367586141578,0.33936761514157787
519,2,5.199999809,8.188154344848895,2.988154535848895
520,2,5.150000095,4.425459323886675,0.7245407711133254
521,2,5.099999905,7.937318698962086,2.837318793962086
522,2,5.136842117,5.607254188020924,0.47041207102092475
523,4,5.149999857,6.161785474678582,1.0117856176785818
524,4,5.225000024,7.044872659684106,1.8198726356841064
525,4,4.931250006,6.351278794334736,1.4200287883347364
526,4,4.950000048,7.601350819475545,2.6513507714755455
527,4,4.813333321,7.9402080551712375,3.1268747341712375
528,4,6.099999905,6.200412173108368,0.1004122681083679
529,4,6.637499958,6.018700517330941,0.6187994406690596
530,4,5.560000038,5.370375780683757,0.18962425731624322
531,4,0.0,0.4808006051683869,0.4808006051683869
532,4,5.5,6.2947115316028475,0.7947115316028475
533,4,0.0,1.6198068763412856,1.6198068763412856
534,4,5.725000083,6.3049388423979655,0.5799387593979652
535,4,5.208333294,6.900434361167694,1.6921010671676937
536,4,0.0,0.7313471510879498,0.7313471510879498
537,4,5.599999905,6.395295953429478,0.7952960484294787
538,3,3.985714282,8.351709013128819,4.3659947311288185
539,3,4.0,7.750722562320997,3.7507225623209974
540,3,3.799999952,9.379685388642608,5.579685436642608
541,3,4.1253731,8.377535211851924,4.252162111851924
542,3,4.199999809,9.419500252915114,5.219500443915114
543,3,4.199999809,6.646889841253347,2.4468900322533464
544,3,4.440000021,6.539571255505224,2.0995712345052233
545,3,4.56521736,8.430471397413994,3.865254037413994
546,3,3.604999995,6.718346117615884,3.1133461226158836
547,3,4.666666667,8.585453664158399,3.9187869971583984
548,3,3.893939379,8.100797992005953,4.206858613005953
549,3,3.686956509,7.889845335275393,4.202888826275393
550,3,0.0,1.9550535921732346,1.9550535921732346
551,3,3.533333302,8.59485934753574,5.06152604553574
552,1,7.800000191,1.8466611565923523,5.953339034407647
553,1,0.0,1.8035492703044271,1.8035492703044271
554,1,0.0,2.41957334360576,2.41957334360576
555,1,0.0,1.9075025553055303,1.9075025553055303
556,1,0.0,1.666132687114523,1.666132687114523
557,4,0.0,1.0114318088106895,1.0114318088106895
558,4,0.0,1.100743142250998,1.100743142250998
559,3,0.0,-0.2799394492508518,0.2799394492508518
560,3,0.0,-0.2799394492508518,0.2799394492508518
561,3,7.199999809,5.962160438520259,1.2378393704797412
562,3,0.0,0.710241402980244,0.710241402980244
563,3,8.199999809,4.745980810549853,3.454018998450146
564,1,7.5,7.159987446335191,0.34001255366480887
565,1,0.0,1.2375734579944224,1.2375734579944224
566,1,0.0,10.206136599023168,10.206136599023168
567,1,0.0,1.4834784358280466,1.4834784358280466
568,2,0.0,0.32677514393890633,0.32677514393890633
569,2,8.800000191,9.624548385179068,0.8245481941790676
570,2,7.699999809,0.6540979683933393,7.045901840606661
571,2,0.0,0.19554409511355939,0.19554409511355939
572,2,0.0,-0.009303310665091402,0.009303310665091402
573,2,8.899999619,7.628775660129708,1.2712239588702925
574,2,8.300000191,9.07299891325945,0.7729987222594499
575,2,7.900000095,9.324411102188902,1.424411007188902
576,2,0.0,0.32677514393890633,0.32677514393890633
577,2,0.0,0.32677514393890633,0.32677514393890633
578,2,8.300000191,8.90199101116732,0.6019908201673196
579,2,0.0,1.1003810838287522,1.1003810838287522
580,2,8.172727325,8.936780812857046,0.764053487857046
581,2,8.546428612,8.962035830702607,0.41560721870260764
582,2,8.005882403,9.365311773771792,1.3594293707717924
583,2,8.800000191,8.508573372823431,0.29142681817656957
584,2,7.5,10.68623808816844,3.186238088168439
585,2,7.576543184,8.251568966460676,0.6750257824606756
586,2,7.425000072,9.531854226699021,2.106854154699022
587,2,8.425000032,9.613923485032032,1.1889234530320323
588,2,7.199999968,9.919299012037845,2.719299044037845
589,3,7.170408192,6.887833066442233,0.2825751255577673
590,3,5.85362319,6.7563851211481225,0.9027619311481221
591,3,8.933333185,6.202023832078292,2.7313093529217083
592,3,7.611728424,5.7792901616923,1.8324382623076998
593,3,6.232075484,6.6101519410481036,0.37807645704810344
594,3,7.0,6.888803598441306,0.11119640155869437
595,3,6.065160084,7.165988488011573,1.1008284040115726
596,3,6.800826459,5.287435608033317,1.5133908509666822
597,3,6.406896575,8.336032283045098,1.9291357080450977
598,3,7.213636333,7.266284747845274,0.05264841484527416
599,3,6.822500038,7.161089226015938,0.33858918801593774
600,3,7.462500036,8.390996937959727,0.9284969019597273
601,3,6.677358501,7.5262392413001615,0.8488807403001619
602,3,7.018181844,8.24878046852353,1.2305986245235294
603,3,8.473333454,9.002705136084638,0.529371682084637
604,3,7.662962984,8.223205877453157,0.5602428934531574
605,3,0.0,1.094840659997901,1.094840659997901
606,3,8.274999956,8.502745746419661,0.22774579041966092
607,3,8.199999809,8.175797739008424,0.024202069991575925
608,3,6.321301762,6.457778195574564,0.13647643357456385
609,3,6.207988977,6.467407101779328,0.25941812477932746
610,3,0.0,-0.8798123380693745,0.8798123380693745
611,3,6.616666595,8.295383562504703,1.6787169675047036
612,3,6.099999905,0.5157812351137993,5.584218669886201
613,3,6.100000143,8.159061505164313,2.0590613621643135
614,3,6.099999905,8.60007206998813,2.50007216498813
615,3,5.940000057,8.608588614619846,2.668588557619846
616,3,5.900000095,9.429937834916695,3.5299377399166945
617,3,0.0,0.4554203982654981,0.4554203982654981
618,3,6.900000095,8.136254079274579,1.2362539842745788
619,3,0.0,0.8847975758770599,0.8847975758770599
620,3,5.980000019,9.510674587612883,3.5306745686128824
621,3,6.704477595,7.672214265887378,0.967736670887378
622,3,6.397297344,6.486455178191774,0.08915783419177359
623,3,0.0,0.7577816144890379,0.7577816144890379
624,3,6.599999905,9.220079064271516,2.6200791592715165
625,3,6.039230761,7.121551730483671,1.0823209694836713
626,3,0.0,0.004972873795320841,0.004972873795320841
627,3,5.868571418,8.625439073755706,2.7568676557557055
628,3,5.903636369,8.692680982932476,2.789044613932476
629,3,0.0,-0.4996069552468261,0.4996069552468261
630,3,0.0,-0.2895460622386322,0.2895460622386322
631,3,0.0,-0.2799394492508518,0.2799394492508518
632,3,8.25,6.5914624215830235,1.6585375784169765
633,3,7.760000038,7.931981088308041,0.171981050308041
634,3,7.900000095,7.240947553464834,0.659052541535166
635,3,7.900000095,6.332298073092436,1.5677020219075644
636,3,7.5,7.43467625414994,0.06532374585006018
637,3,0.0,1.0253042754868265,1.0253042754868265
638,3,0.0,1.152896397769343,1.152896397769343
639,3,8.0,7.227230703448468,0.772769296551532
640,3,0.0,1.1112292402389439,1.1112292402389439
641,3,0.0,6.9607479439988085,6.9607479439988085
642,3,0.0,1.9817700844996873,1.9817700844996873
643,3,7.699999809,1.1968988438271637,6.503100965172837
644,3,7.300000191,7.798214312731277,0.49821412173127744
645,3,0.0,0.9875757558481588,0.9875757558481588
646,3,0.0,1.043108877502028,1.043108877502028
647,3,0.0,0.7288640670733263,0.7288640670733263
648,2,0.0,0.24432745135796713,0.24432745135796713
649,2,0.0,0.32677514393890633,0.32677514393890633
650,2,8.199999809,5.800323776071163,2.399676032928837
651,2,0.0,-0.025778470246961848,0.025778470246961848
652,2,0.0,0.5238062242853311,0.5238062242853311
653,2,7.639999986,8.173575360111661,0.5335753741116607
654,2,6.564705877,8.237415518497702,1.6727096414977023
655,2,7.242857184,7.687665258808159,0.44480807480815887
656,2,6.960000038,7.819802819005716,0.8598027810057154
657,2,6.920000076,6.819609247694914,0.10039082830508583
658,2,0.0,-0.214812382309542,0.214812382309542
659,2,0.0,-0.24225969773566755,0.24225969773566755
660,2,0.0,0.05952688882244244,0.05952688882244244
661,2,0.0,0.2011144421737492,0.2011144421737492
662,2,7.199999809,6.809524105294651,0.39047570370534945
663,2,7.5,7.767200486236862,0.2672004862368622
664,2,0.0,0.32677514393890633,0.32677514393890633
665,2,8.213333257,7.675880848082286,0.537452408917714
666,2,0.0,0.32677514393890633,0.32677514393890633
667,2,7.300000191,6.691747083120533,0.6082531078794666
668,2,0.0,-0.07544464719243953,0.07544464719243953
669,2,0.0,0.30209373767762,0.30209373767762
670,2,0.0,0.6978439423076831,0.6978439423076831
671,2,0.0,0.32677514393890633,0.32677514393890633
672,2,0.0,-0.14089928299704213,0.14089928299704213
673,2,0.0,-0.40993070791177333,0.40993070791177333
674,2,7.400000095,8.60824398072672,1.208243885726719
675,2,0.0,0.46919276201630816,0.46919276201630816
676,2,7.300000191,8.894323060017417,1.5943228690174172
677,2,7.599999905,8.528151161394367,0.9281512563943677
678,2,7.450000048,7.8536484060011,0.4036483580011003
679,2,0.0,-0.2559566329660671,0.2559566329660671
680,2,0.0,8.449681932342843,8.449681932342843
681,2,7.300000191,7.892408238044596,0.5924080470445965
682,2,7.5,0.21549025266789884,7.284509747332101
683,2,0.0,0.32677514393890633,0.32677514393890633
684,5,0.0,10.271784540765255,10.271784540765255
685,5,6.50737703,7.593809794858952,1.0864327648589525
686,5,6.247899152,6.873098546721534,0.6251993947215349
687,5,6.395604396,7.365277913305695,0.9696735173056945
688,5,6.549999969,6.624486012291739,0.07448604329173936
689,5,0.0,1.199496566003483,1.199496566003483
690,5,0.0,1.9370983197883975,1.9370983197883975
691,5,0.0,1.9860113131453476,1.9860113131453476
692,5,0.0,0.5864444168458484,0.5864444168458484
693,5,7.5,8.088454105733184,0.5884541057331845
694,5,6.910000038,9.564060114125157,2.654060076125157
695,5,7.523076938,8.697585292853093,1.174508354853093
696,5,7.311764661,8.503042948561838,1.191278287561838
697,5,0.0,0.5864444168458484,0.5864444168458484
698,5,7.099999984,10.029835953488446,2.9298359694884457
699,5,8.5,8.899443090762393,0.3994430907623929
700,5,6.977777746,9.28029300210993,2.3025152561099302
701,2,6.900000095,7.0366077589410105,0.13660766394101032
702,2,0.0,0.2794423749926917,0.2794423749926917
703,2,6.699999809,8.35801517143954,1.6580153624395395
704,2,0.0,0.3912712132272999,0.3912712132272999
705,2,6.350000143,9.187584050757094,2.837583907757094
706,2,6.800000191,6.40801545594572,0.39198473505427955
707,2,0.0,0.3084004555636925,0.3084004555636925
708,2,6.121428541,7.8398969010564885,1.7184683600564883
709,2,6.400000095,9.72472380018438,3.32472370518438
710,2,0.0,0.10765566524739081,0.10765566524739081
711,2,0.0,0.8412059160831474,0.8412059160831474
712,2,0.0,0.20308875576801305,0.20308875576801305
713,2,6.399999857,7.149740082684189,0.7497402256841887
714,2,0.0,0.5921669186605487,0.5921669186605487
715,4,0.0,1.4291750735079543,1.4291750735079543
716,4,6.75,7.135984585876231,0.38598458587623075
717,4,0.0,1.6169023217916634,1.6169023217916634
718,4,7.199999809,7.94060198421039,0.7406021752103893
719,4,0.0,1.7158284495987821,1.7158284495987821
720,4,0.0,1.0114318088106895,1.0114318088106895
721,4,0.0,1.0114318088106895,1.0114318088106895
722,1,6.586339377,9.255794442689961,2.669455065689961
723,1,5.927474391,7.951191897212661,2.0237175062126616
724,1,7.559999943,9.225494547986965,1.6654946049869652
725,1,5.821846847,8.399953601803638,2.5781067548036383
726,1,6.266460272,10.07781689446451,3.81135662246451
727,1,0.0,0.08684374469873592,0.08684374469873592
728,1,6.243191193,9.069577788522482,2.8263865955224814
729,1,6.709894745,8.952829036413288,2.242934291413288
730,1,5.899864679,7.746142295101264,1.846277616101264
731,1,5.861725076,7.705423008278177,1.843697932278177
732,1,6.931234372,7.852689175768024,0.9214548037680244
733,1,6.233562825,7.53372021664334,1.3001573916433404
734,1,5.773130183,7.645627013083514,1.8724968300835139
735,1,6.800000191,8.484054515575634,1.6840543245756345
736,1,0.0,1.1147410875126296,1.1147410875126296
737,1,0.0,1.486889513340157,1.486889513340157
738,1,6.900000095,8.000553421598894,1.1005533265988943
739,1,6.699999809,7.874480227791258,1.1744804187912576
740,1,6.519999981,8.689504814609919,2.1695048336099187
741,1,6.5,9.120916098346441,2.6209160983464415
742,1,6.400000095,8.73297490675624,2.33297481175624
743,1,6.299999905,7.542809500510378,1.2428095955103782
744,1,6.400000095,10.479595965006734,4.079595870006734
745,1,6.5,1.4231891071410014,5.076810892858998
746,1,0.0,1.4831494480220795,1.4831494480220795
747,1,6.400000095,8.671867811760249,2.271867716760249
748,1,0.0,2.2649186342030143,2.2649186342030143
749,1,6.475000024,8.197711426187107,1.722711402187107
750,5,6.850000143,7.593007809277721,0.7430076662777214
751,5,0.0,0.5762983925134842,0.5762983925134842
752,5,0.0,2.2018699893573195,2.2018699893573195
753,5,7.199999809,7.41127559629094,0.21127578729093965
754,5,6.599999905,8.328503049822006,1.7285031448220058
755,5,6.400000095,10.01852699295847,3.6185268979584704
756,5,6.966666659,8.569265189229784,1.6025985302297832
757,5,0.0,0.5489692628283023,0.5489692628283023
758,5,0.0,1.704315086806823,1.704315086806823
759,5,0.0,0.648204661172523,0.648204661172523
760,5,7.400000095,6.100040084906556,1.2999600100934439
761,5,6.950000048,7.879483386077553,0.9294833380775529
762,5,0.0,1.6671872046927765,1.6671872046927765
763,3,0.0,2.1700299627418453,2.1700299627418453
764,3,7.220930255,8.082884604439865,0.8619543494398654
765,3,7.0,8.26517001540861,1.2651700154086107
766,3,6.398813555,7.654303776513889,1.255490221513889
767,3,0.0,3.186225259663139,3.186225259663139
768,3,8.133333297,11.063693945825813,2.930360648825813
769,3,9.300000191,8.990224974993584,0.30977521600641644
770,3,7.400000095,10.398812253251993,2.998812158251993
771,3,0.0,3.5485425493456857,3.5485425493456857
772,3,0.0,-0.3160422945492168,0.3160422945492168
773,3,0.0,-0.2640068836536936,0.2640068836536936
774,3,7.049999952,10.535993677398881,3.485993725398881
775,3,7.970000029,9.731996238520889,1.7619962095208885
776,3,7.16470595,9.761279534108754,2.5965735841087536
777,3,8.800000191,8.406281846064457,0.39371834493554303
778,3,0.0,2.52202755565304,2.52202755565304
779,4,0.0,1.1154453804565678,1.1154453804565678
780,4,6.400000095,8.167375309858409,1.7673752148584088
781,4,0.0,3.6467288568187746,3.6467288568187746
782,4,0.0,1.0114318088106895,1.0114318088106895
783,4,0.0,2.1471909972014847,2.1471909972014847
784,4,0.0,2.2194790883669637,2.2194790883669637
785,4,5.776923106,8.391311240872461,2.6143881348724616
786,4,5.572222206,8.272598000197966,2.7003757941979663
787,4,0.0,1.0114318088106895,1.0114318088106895
788,4,0.0,2.1765363836201836,2.1765363836201836
789,4,5.900000095,7.524108067263894,1.6241079722638938
790,4,5.693750006,6.370849237883165,0.6770992318831652
791,4,5.625,7.232851140068386,1.6078511400683864
792,4,0.0,2.6396403932904744,2.6396403932904744
793,4,5.656410242,6.409076105413884,0.7526658634138839
794,4,5.952380975,7.474149221681002,1.5217682466810025
795,4,5.720202027,6.933329815444245,1.213127788444245
796,4,6.18750003,8.251834168239444,2.0643341382394444
797,4,6.033333302,8.899689702010706,2.866356400010706
798,4,6.710000038,7.3402623491165295,0.6302623111165291
799,4,5.800000191,6.8697545568861385,1.0697543658861388
800,4,0.0,1.2014986726241252,1.2014986726241252
801,4,5.904545481,7.638788519598732,1.7342430385987315
802,4,5.66428566,7.082948845353147,1.4186631853531466
803,4,6.599999905,8.629192591985195,2.029192686985195
804,4,6.900000095,7.368639538770188,0.4686394437701882
805,4,0.0,1.118982181409409,1.118982181409409
806,4,0.0,2.2087422573602313,2.2087422573602313
807,4,6.804000034,8.487845249039566,1.6838452150395655
808,4,0.0,2.078912710244675,2.078912710244675
809,4,6.0,9.016682873290902,3.016682873290902
810,4,6.074285712,8.06094874183464,1.9866630298346397
811,4,0.0,2.3050029789191147,2.3050029789191147
812,1,0.0,1.0517036730911884,1.0517036730911884
813,1,4.825000048,6.638745364176647,1.8137453161766475
814,1,4.900000095,7.679238500595529,2.779238405595529
815,1,5.0,6.624118969476467,1.6241189694764673
816,1,4.900000095,6.826324686049428,1.9263245910494282
817,1,4.900000095,8.075797495047034,3.175797400047034
818,1,4.833333492,7.496980455686537,2.6636469636865368
819,1,0.0,1.1213132264744046,1.1213132264744046
820,1,5.099999905,8.336583507581354,3.236583602581354
821,1,0.0,1.2093239268427127,1.2093239268427127
822,1,0.0,1.2356751522763598,1.2356751522763598
823,1,0.0,1.484543146509827,1.484543146509827
824,1,5.800000191,11.733928456462825,5.933928265462826
825,5,5.099999905,8.973239576112274,3.873239671112274
826,5,5.300000191,7.8806086870278955,2.580608496027896
827,5,5.0,7.176326197832602,2.1763261978326023
828,5,5.300000191,4.63818373737169,0.66181645362831
829,5,0.0,0.45519626638523575,0.45519626638523575
830,5,0.0,0.30682283662053794,0.30682283662053794
831,5,0.0,0.12067884406273072,0.12067884406273072
832,5,5.0,6.775364807553515,1.7753648075535153
833,5,5.599999905,6.8564106407571055,1.2564107357571057
834,5,0.0,0.4151472658437904,0.4151472658437904
835,5,0.0,0.26643026220013516,0.26643026220013516
836,5,0.0,0.4151472658437904,0.4151472658437904
837,5,0.0,0.41773593763135725,0.41773593763135725
838,5,0.0,0.4151472658437904,0.4151472658437904
839,5,5.400000095,6.586633178512068,1.186633083512068
840,5,0.0,1.0158134010822903,1.0158134010822903
841,5,5.900000095,6.398160768842351,0.4981606738423512
842,5,5.099999905,7.083971879546404,1.983971974546404
843,5,0.0,0.9701707636753043,0.9701707636753043
844,5,0.0,1.0084297589106412,1.0084297589106412
845,5,5.800000191,5.242913613252165,0.5570865777478344
846,5,5.199999809,7.360395646641694,2.160395837641694
847,5,4.900000095,7.154126325198208,2.2541262301982075
848,5,0.0,0.4151472658437904,0.4151472658437904
849,5,0.0,0.4151472658437904,0.4151472658437904
850,1,6.400000095,12.6025348622486,6.2025347672486
851,4,4.940000057,5.911720625284021,0.9717205682840211
852,4,5.354545377,6.02504276278124,0.67049738578124
853,4,4.900000095,6.201235672712148,1.3012355777121476
854,4,5.24999994,5.756103833303532,0.506103893303532
855,4,5.099999905,5.404308942158746,0.30430903715874624
856,4,0.0,0.6913536013148714,0.6913536013148714
857,4,5.800000191,8.43772926032173,2.63772906932173
858,4,5.543749988,6.087479214034991,0.5437292260349906
859,4,5.174576234,5.907689190036217,0.7331129560362175
860,4,5.518367359,4.528359887605103,0.9900074713948968
861,4,5.937931011,5.90018679497387,0.03774421602612943
862,4,5.451612919,5.940369909906457,0.48875699090645774
863,4,6.073333327,4.9764824406593755,1.0968508863406248
864,4,5.166666667,5.726637103616616,0.5599704366166156
865,4,5.5,7.698515518581727,2.1985155185817273
866,4,5.799999952,7.643847719190695,1.8438477671906943
867,4,5.162499964,5.803706142193047,0.6412061781930465
868,4,4.714999998,7.668792418754803,2.9537924207548034
869,3,5.066666762,11.119752200211526,6.053085438211526
870,3,4.946575348,6.077282452685217,1.130707104685217
871,3,5.356338014,7.105385580703031,1.7490475667030303
872,3,5.016363621,7.21608202301112,2.1997184020111202
873,3,0.0,0.49426771776371736,0.49426771776371736
874,3,4.989215679,7.657675512293257,2.668459833293257
875,3,5.439138817,7.196913385464174,1.757774568464174
876,3,0.0,0.9003067502493749,0.9003067502493749
877,3,5.217083783,7.593833367938545,2.376749584938545
878,3,6.199999809,8.552388714864039,2.3523889058640384
879,3,5.667588937,7.079888921174402,1.4122999841744024
880,3,7.216757671,6.73556520269509,0.4811924683049096
881,3,5.933333397,7.607563324677253,1.6742299276772528
882,4,4.633333365,7.795472368682082,3.162139003682082
883,4,4.104761907,11.145237435757215,7.040475528757215
884,4,4.75,8.292675957283,3.5426759572830004
885,4,4.816666722,12.252294012712008,7.4356272907120085
886,4,4.5,6.806766855408757,2.306766855408757
887,4,4.728571483,8.029428276857264,3.300856793857264
888,4,3.806666676,6.500824376729595,2.694157700729595
889,4,4.236956529,7.348613404254713,3.1116568752547122
890,4,3.950000048,13.957545138961235,10.007545090961235
891,4,0.0,11.697026838960161,11.697026838960161
892,4,4.193478294,4.6020322606025506,0.4085539666025504
893,4,4.305000043,12.311774024360918,8.006773981360919
894,4,4.674193551,5.853303812840629,1.1791102618406288
895,4,3.99565222,11.778929129174866,7.783276909174866
896,4,0.0,1.7747309551161439,1.7747309551161439
897,4,3.799999952,8.405933957453188,4.605934005453188
898,4,4.742857184,6.311763603634288,1.5689064196342883
899,4,0.0,1.8074821641316057,1.8074821641316057
900,4,4.956310705,9.572964962904036,4.616654257904036
901,4,5.300000191,7.295924574702943,1.9959243837029437
902,4,4.993478288,9.552816351926738,4.559338063926738
903,4,4.981818214,12.194703772988586,7.212885558988586
904,4,4.699999809,3.350138250102236,1.3498615588977643
905,4,5.16315784,10.10330114106456,4.940143301064559
906,4,0.0,-0.18089735973313278,0.18089735973313278
907,4,5.08888891,6.533953369039341,1.445064459039341
908,4,5.093975894,11.297045424329868,6.203069530329868
909,4,4.730769258,10.595255820053874,5.864486562053874
910,1,7.844444487,8.827771849659532,0.9833273626595327
911,1,8.015384711,8.702115689850533,0.6867309788505338
912,1,8.100000381,7.443569849031115,0.6564305319688843
913,1,9.200000286,9.06367269153619,0.13632759446380938
914,1,9.0,8.896850052259364,0.10314994774063635
915,1,8.360000038,7.816069983604227,0.5439300543957737
916,1,8.199999942,9.308748779169063,1.1087488371690633
917,1,8.133333524,8.01865577640133,0.11467774759866955
918,1,8.233333333,8.843259754395678,0.609926421395679
919,1,8.499999894,8.249457277653997,0.25054261634600294
920,1,9.199999809,8.4829105441037,0.7170892648963001
921,1,0.0,1.2402647532805595,1.2402647532805595
922,1,0.0,1.1853556390641578,1.1853556390641578
923,1,8.453658523,8.148360751067028,0.30529777193297214
924,1,8.123529322,8.107066875501346,0.016462446498653804
925,1,8.600000064,8.968992747232813,0.368992683232813
926,1,8.435789515,9.196427818020126,0.7606383030201265
927,5,8.000000106,11.02753783030507,3.02753772430507
928,2,0.0,-0.36890424252549964,0.36890424252549964
929,2,7.575000167,8.363264641753162,0.788264474753162
930,2,7.599999905,8.656140846999923,1.0561409419999235
931,2,0.0,-0.7350561361157038,0.7350561361157038
932,2,0.0,-0.4738318309199239,0.4738318309199239
933,2,7.550000191,7.90789684332131,0.35789665232131007
934,2,6.950000048,9.254178988594367,2.304178940594367
935,2,0.0,0.5972887384372498,0.5972887384372498
936,2,9.399999619,8.968228539203004,0.4317710797969969
937,2,0.0,-0.7119939868224856,0.7119939868224856
938,2,7.300000191,8.066237023609247,0.7662368326092475
939,2,0.0,-0.744681632993962,0.744681632993962
940,4,9.0,7.854779793299785,1.1452202067002153
941,4,0.0,1.728065930212039,1.728065930212039
942,4,8.699999809,9.171438367669117,0.4714385586691172
943,4,7.850000143,9.095939615928286,1.2459394729282858
944,4,9.199999809,8.255839100702302,0.9441607082976979
945,4,0.0,1.6254493623542337,1.6254493623542337
946,4,0.0,2.9312388610646716,2.9312388610646716
947,4,9.300000191,8.712637644312677,0.5873625466873236
948,4,0.0,1.9765047027264042,1.9765047027264042
949,4,8.5,10.297840543122977,1.7978405431229767
950,4,8.199999809,9.668334197935895,1.4683343889358955
951,4,0.0,1.9765047027264042,1.9765047027264042
952,4,0.0,1.532125291315059,1.532125291315059
953,4,0.0,2.0298179195562613,2.0298179195562613
954,4,0.0,1.9957496992424375,1.9957496992424375
955,4,8.600000381,9.277347134087549,0.6773467530875497
956,4,0.0,1.6837151298876034,1.6837151298876034
957,4,0.0,1.461853852421344,1.461853852421344
958,4,0.0,2.5367579478008797,2.5367579478008797
959,4,8.399999619,9.002568063116666,0.602568444116665
960,4,8.040000153,9.510983564653417,1.4709834116534175
961,4,0.0,2.7092162050275026,2.7092162050275026
962,4,0.0,1.9765047027264042,1.9765047027264042
963,4,0.0,2.69684380381309,2.69684380381309
964,4,0.0,2.712933402545904,2.712933402545904
965,4,9.600000381,9.386879693441815,0.21312068755818458
966,4,0.0,1.9765047027264042,1.9765047027264042
967,4,8.300000191,8.136386337793283,0.1636138532067175
968,4,0.0,2.7977048702237335,2.7977048702237335
969,4,0.0,2.765172198169216,2.765172198169216
970,4,0.0,2.023515284348767,2.023515284348767
971,4,7.972500026,11.277845735559708,3.3053457095597087
972,4,0.0,1.8086308784580758,1.8086308784580758
973,4,7.804999971,12.320070426299383,4.515070455299383
974,4,9.058108124,11.588325362613089,2.530217238613089
975,4,9.418181853,12.84680481147597,3.4286229584759695
976,4,9.319767442,5.999661441921601,3.3201060000783986
977,4,8.600000381,8.31616318251574,0.2838371984842585
978,4,7.5,9.759472944025438,2.259472944025438
979,4,8.146511599,10.718512417586632,2.5720008185866323
980,4,7.461538498,7.0944022199974635,0.3671362780025369
981,4,9.807142844,10.020049958940605,0.21290711494060588
982,4,9.449541271,4.497021355827928,4.952519915172071
983,4,7.569148967,7.169233863595415,0.39991510340458536
984,4,8.840217414,11.776426069933033,2.936208655933033
985,4,8.337007887,8.574101166612161,0.23709327961216076
986,4,6.655907166,4.400116497074057,2.2557906689259433
987,4,7.892857109,10.994753704498708,3.101896595498707
988,4,7.341176426,7.668753949533005,0.3275775235330052
989,4,8.384999967,10.274452084000615,1.889452117000614
990,4,9.059210583,7.6200635976259035,1.439146985374097
991,4,8.810181829,7.044710242475849,1.76547158652415
992,4,8.191304248,9.540241387241332,1.3489371392413325
993,4,8.966666857,6.465744278605879,2.500922578394121
994,4,8.992134844,6.759957583782941,2.2321772602170595
995,4,0.0,0.7992503131605657,0.7992503131605657
996,4,4.746178014,6.787338349816479,2.041160335816479
997,4,4.606443305,5.621893012350581,1.015449707350581
998,4,5.084654473,7.2703250657232905,2.185670592723291
999,4,5.140552013,7.359094202001583,2.2185421890015835
1000,4,4.62589207,6.3783224118560415,1.7524303418560416
1001,4,0.0,1.9065695018246043,1.9065695018246043
1002,4,0.0,-0.49546596483577565,0.49546596483577565
1003,4,5.252590088,6.99153767431833,1.7389475863183304
1004,4,5.96124031,7.494171458394647,1.5329311483946473
1005,3,7.259999943,8.373866481706024,1.1138665387060236
1006,3,7.008655626,7.638950928249634,0.6302953022496336
1007,3,8.699999809,6.766606006006839,1.9333938029931605
1008,3,6.395021096,6.152205490212976,0.24281560578702344
1009,3,0.0,0.16104889673422373,0.16104889673422373
1010,3,0.0,-0.12748218136227507,0.12748218136227507
1011,3,5.240407961,6.857185785590146,1.6167778245901463
1012,3,4.994124119,6.220374049781349,1.226249930781349
1013,3,0.0,0.9282048523388348,0.9282048523388348
1014,3,8.699999809,7.318066795259309,1.3819330137406904
1015,3,7.649999857,7.602048140924762,0.04795171607523763
1016,3,8.026315764,8.053194128370631,0.026878364370631402
1017,3,4.459107901,5.459676384896187,1.0005684838961866
1018,3,7.665296788,6.245595187028684,1.4197016009713161
1019,3,6.653497953,5.913918559458933,0.7395793935410664
1020,2,0.0,0.19149538681463377,0.19149538681463377
1021,2,4.549999952,6.954753997233831,2.4047540452338305
1022,2,0.0,0.2720651483190209,0.2720651483190209
1023,2,4.699999809,6.983159069854566,2.283159260854566
1024,2,0.0,0.6539153347196615,0.6539153347196615
1025,2,0.0,0.4038952862673202,0.4038952862673202
1026,2,0.0,0.2915495175815365,0.2915495175815365
1027,2,0.0,-0.1929491070465138,0.1929491070465138
1028,2,4.850000143,5.679956099871271,0.8299559568712711
1029,2,5.0,5.355769751242128,0.3557697512421276
1030,2,0.0,-0.09840523652174765,0.09840523652174765
1031,2,4.900000095,6.645756244019513,1.7457561490195124
1032,2,0.0,0.26522494972357075,0.26522494972357075
1033,2,4.625,7.206563222450101,2.581563222450101
1034,2,4.460000038,6.326846728889903,1.8668466908899024
1035,5,0.0,1.001724610867637,1.001724610867637
1036,5,0.0,1.248412485010998,1.248412485010998
1037,5,5.300000191,8.588692801508104,3.2886926105081047
1038,5,5.199999809,7.215478780662916,2.0154789716629153
1039,5,0.0,1.110272971374741,1.110272971374741
1040,5,0.0,0.6993583186881746,0.6993583186881746
1041,5,0.0,0.785235940358743,0.785235940358743
1042,5,5.0,7.613159458266164,2.613159458266164
1043,5,5.199999809,8.181182850808005,2.9811830418080048
1044,5,5.549999952,9.037168375315826,3.4871684233158255
1045,5,5.091999969,8.89077219487699,3.7987722258769896
1046,5,5.133333206,8.02218061098572,2.88884740498572
1047,5,4.800000032,6.192750603150099,1.3927505711500991
1048,5,5.08571434,7.379670946688121,2.2939566066881207
1049,5,5.564285789,7.368537776376297,1.804251987376297
1050,5,5.399999936,6.860749696802493,1.4607497608024929
1051,5,4.699999809,7.176880354530795,2.4768805455307943
1052,5,5.388679234,6.521539838714621,1.1328606047146215
1053,5,4.950000048,7.43673372517174,2.48673367717174
1054,5,5.331428541,7.759456657083993,2.4280281160839925
1055,5,5.847058773,7.310530159939424,1.4634713869394247
1056,5,5.522857148,7.425878580486705,1.903021432486705
1057,5,5.232499999,7.8620169523112615,2.6295169533112617
1058,5,4.976923062,7.181235655706598,2.2043125937065984
1059,5,5.180769242,7.3319065166956,2.1511372746956
1060,5,4.966666698,8.32912304591386,3.3624563479138603
1061,5,4.649999857,7.984787572434994,3.3347877154349943
1062,5,4.75000006,7.832602722096048,3.0826026620960487
1063,5,4.887499988,8.075973810372068,3.1884738223720674
1064,5,4.966666698,8.378308891967443,3.4116421939674426
1065,5,5.174193536,7.338624321629071,2.1644307856290714
1066,3,0.0,-0.5620664269737837,0.5620664269737837
1067,3,4.826666641,8.59057468552761,3.76390804452761
1068,3,0.0,-0.5620664269737837,0.5620664269737837
1069,3,0.0,-0.5269536779921186,0.5269536779921186
1070,3,0.0,0.4482849941997117,0.4482849941997117
1071,3,0.0,-0.5760675984025584,0.5760675984025584
1072,3,4.699999809,7.81336001066567,3.11336020166567
1073,3,0.0,-0.5246048426867477,0.5246048426867477
1074,3,4.900000095,9.092884823688621,4.192884728688621
1075,3,5.300000191,-0.21610650382965177,5.516106694829651
1076,3,4.75,7.43529086775615,2.68529086775615
1077,3,0.0,-0.1960552486712057,0.1960552486712057
1078,3,5.199999968,6.42326799111787,1.2232680231178694
1079,3,0.0,-0.3452691564233972,0.3452691564233972
1080,3,4.887499928,9.444539161205666,4.557039233205666
1081,3,4.699999809,5.416776032427473,0.7167762234274724
1082,3,3.936363654,6.558323584360007,2.621959930360007
1083,3,5.01428574,6.751602787651801,1.7373170476518007
1084,3,4.950000048,8.373020481158328,3.423020433158328
1085,3,5.055555476,8.245687617238717,3.190132141238717
1086,3,5.074999961,8.940276601942742,3.865276640942742
1087,4,0.0,-0.8764220908865301,0.8764220908865301
1088,4,8.199999809,6.7608537611848,1.4391460478151998
1089,4,7.400000095,7.884646493883917,0.4846463988839167
1090,4,8.71818187,6.875970732927197,1.8422111370728036
1091,4,8.100000381,7.193755170688127,0.9062452103118721
1092,4,7.44000001,9.616957329298092,2.1769573192980918
1093,3,5.900000095,9.552757280502906,3.6527571855029057
1094,3,0.0,-1.8163552737618036,1.8163552737618036
1095,3,5.81780822,5.647449940514482,0.17035827948551763
1096,3,6.150000095,8.941547381956134,2.791547286956134
1097,3,6.261369624,6.902133087438487,0.6407634634384864
1098,3,4.96876112,6.562074295798419,1.5933131757984187
1099,3,5.439999992,6.6711877036509515,1.2311877116509518
1100,3,6.576524392,6.94280540866821,0.36628101666821067
1101,3,6.643416371,8.645039987835872,2.0016236168358725
1102,3,6.433910048,8.885219162334444,2.4513091143344434
1103,3,5.733818196,9.868168276471149,4.134350080471149
1104,3,5.139842716,9.377314124123505,4.237471408123504
1105,3,5.138295174,7.426578077953705,2.2882829039537054
1106,3,5.478688537,10.234886701102761,4.756198164102761
1107,3,5.343424538,7.5859970119095115,2.2425724739095116
1108,5,12.39999962,8.18146396320329,4.218535656796709
1109,5,0.0,0.9761286210387308,0.9761286210387308
1110,5,0.0,-0.2227610980727813,0.2227610980727813
1111,5,13.39999962,9.311003247776585,4.088996372223415
1112,5,0.0,0.740719947062742,0.740719947062742
1113,5,0.0,-0.12836587953833845,0.12836587953833845
1114,5,13.19999981,1.563777438462698,11.636222371537302
1115,5,0.0,-0.24827251045903992,0.24827251045903992
1116,5,0.0,1.2875795732796562,1.2875795732796562
1117,5,0.0,0.6453863770037784,0.6453863770037784
1118,5,0.0,1.9725684576235183,1.9725684576235183
1119,5,0.0,-0.24827251045903992,0.24827251045903992
1120,5,0.0,-0.12836587953833845,0.12836587953833845
1121,5,0.0,1.0160874075362492,1.0160874075362492
1122,5,12.02000008,11.069236999315427,0.9507630806845739
1123,5,11.35833335,10.545596984309237,0.812736365690764
1124,2,37.0266667684,33.09495874279359,3.9317080256064116
1125,2,35.3000000196,26.750098719063505,8.549901300536494
1126,2,36.1424242655,32.14371861150388,3.9987056539961188
1127,2,35.092307751,32.33810573473554,2.7542020162644576
1128,2,36.1375002861,32.106588545624874,4.030911740475126
1129,2,29.08472236,28.097083412260467,0.9876389477395335
1130,2,36.5125002861,32.89803154405912,3.614468742040877
1131,2,33.0342105899,28.7773047345656,4.256905855334399
1132,2,32.0888888041,23.83636273309948,8.25252607100052
1133,2,28.4906976833,29.6811268186936,1.1904291353936003
1134,2,33.7590908137,31.653209916815996,2.1058808968840026
1135,2,31.3128570829,26.698805855563055,4.614051227336944
1136,2,36.2187497616,32.05562940438073,4.16312035721927
1137,2,35.514285678,31.60504840693356,3.9092372710664414
1138,2,29.9557692454,28.985352191912387,0.970417053487612
1139,2,35.8828572409,32.527395720028686,3.355461520871316
1140,2,29.181481538,30.296953769293346,1.1154722312933458
1141,2,34.0117647508,29.08978971828857,4.921975032511426
1142,2,34.4261538579,33.91651218559696,0.5096416723030401
1143,2,36.3058823978,31.2528993606546,5.052983037145399
1144,2,30.6993976501,28.59089712477989,2.1085005253201103
1145,2,36.0425532727,33.006401073268805,3.036152199431193
1146,3,11.1000000636,11.895537082409474,0.7955370188094744
1147,3,9.5,11.69974691058329,2.19974691058329
1148,3,10.0,15.01801334015024,5.01801334015024
1149,3,9.49999976158,9.828722707962399,0.3287229463823991
1150,3,7.55000019073,9.901525010720825,2.351524819990825
1151,3,7.09999990463,10.04349829941382,2.94349839478382
1152,3,10.3000001907,10.315930109766134,0.01592991906613328
1153,3,10.2749998569,11.904989477269991,1.629989620369992
1154,1,9.20000012716,12.036903570792802,2.836903443632803
1155,1,9.92500019073,10.224176011578857,0.2991758208488573
1156,1,10.3000001907,13.186595305708229,2.8865951150082285
1157,1,10.8999996185,11.806260684699962,0.9062610661999617
1158,1,9.06666660309,11.004173433931637,1.9375068308416363
1159,1,9.75,12.024607545856819,2.274607545856819
1160,1,10.625,17.061701974298856,6.436701974298856
1161,1,10.3000001907,11.14795475648413,0.8479545657841303
1162,1,11.1999998093,11.799740357508531,0.5997405482085316
1163,1,7.35714292526,10.999400255284952,3.642257330024952
1164,1,9.75,14.484743586473403,4.734743586473403
1165,1,11.1200000763,9.611706930748628,1.508293145551372
1166,1,10.1999998093,10.280766081703664,0.08076627240366463
1167,1,9.75,11.384862349301176,1.6348623493011765
1168,1,9.69999980927,11.905052086136505,2.205052276866505
1169,1,6.90000009537,9.82907465962661,2.9290745642566094
1170,1,10.1333332062,10.894645112318173,0.7613119061181735
1171,1,9.9249997139,10.934549645439951,1.0095499315399508
1172,5,11.6333332062,13.97682515355525,2.3434919473552505
1173,5,9.7999997139,15.463324995063084,5.663325281163084
1174,5,8.76666673024,13.451808010706769,4.685141280466768
1175,5,10.6499998569,13.933916562180293,3.2839167052802942
1176,5,10.9499998093,11.668938623661374,0.7189388143613744
1177,5,10.1999998093,14.861396485540089,4.66139667624009
1178,5,10.3000001907,15.826669724713677,5.526669534013676
1179,5,7.26666673024,10.83121474655779,3.564548016317791
1180,5,10.9749999046,15.884552659339912,4.909552754739911
1181,5,10.3999996185,15.782196401935156,5.382196783435155
1182,4,9.5,10.153278174147427,0.6532781741474274
1183,4,10.1000003815,12.079278956105117,1.979278574605118
1184,4,9.66666666667,11.755495419632629,2.0888287529626286
1185,4,7.70000004768,11.135105090973399,3.435105043293399
1186,4,10.4499998093,11.005264074400046,0.5552642651000461
1187,4,10.0,13.474992179132997,3.4749921791329967
1188,4,8.02499985695,10.30921160714991,2.28421175019991
1189,4,10.7999999523,9.166470838635458,1.633529113664542
1190,4,7.29999995232,9.861301366699392,2.5613014143793915
1191,4,9.69999980927,11.395766241291518,1.695766432021518
1192,4,10.7124999762,11.750204659320218,1.037704683120218
1193,4,9.69999980927,11.222608336810627,1.5226085275406263
1194,4,9.59999990463,10.219662830034693,0.6196629254046933
1195,4,9.80000019073,11.67487936137328,1.8748791706432808
1196,4,10.1999998093,10.341497985496364,0.1414981761963645
1197,4,11.0500001907,12.342438848748843,1.2924386580488427
1198,4,10.8999996185,11.181394325477427,0.2813947069774265
1199,4,11.2000001272,10.633478654314406,0.5665214728855936
1200,5,10.6999998093,12.857249331307226,2.157249522007227
1201,5,10.8999996185,14.997221231532576,4.097221613032575
1202,5,9.92500019073,13.010825508256813,3.0858253175268135
1203,5,11.0166665713,13.799458696558009,2.782792125258009
1204,5,11.1500000954,12.655473326096535,1.505473230696536
1205,5,8.09999990463,12.317569558792378,4.217569654162379
1206,5,10.3000001907,14.985101668735474,4.685101478035474
1207,5,7.79999987284,13.121428090728786,5.321428217888786
1208,5,6.85000014305,14.01597719452809,7.165977051478091
1209,5,8.10000022252,11.391466663287579,3.2914664407675787
1210,4,10.1999998093,9.734427773822054,0.4655720354779458
1211,4,11.2000002861,11.721370665708681,0.5213703796086815
1212,4,10.5999999046,10.253416064198241,0.3465838404017596
1213,4,8.39999985695,10.177849699781618,1.7778498428316176
1214,4,7.84999990463,11.980493023708846,4.130493119078846
1215,4,8.85000038147,10.422648640224109,1.5726482587541089
1216,4,10.5499997139,11.174847149147288,0.6248474352472879
1217,4,9.15000009537,10.24251107466686,1.0925109792968595
1218,4,6.80000019073,10.167906498900564,3.3679063081705642
1219,3,10.4499998093,12.145707643869944,1.6957078345699443
1220,3,11.1999998093,13.657254719952915,2.4572549106529156
1221,3,9.10000038147,11.051359932519173,1.9513595510491726
1222,3,11.8000001907,10.83592086099755,0.9640793297024501
1223,3,11.3600002289,13.020802428595967,1.6608021996959668
1224,3,8.83333333333,10.816295396763218,1.9829620634332183
1225,3,8.15000009537,9.625206050948655,1.4752059555786552
1226,3,7.80000019073,9.376516279262667,1.5765160885326672
1227,3,9.46666653951,11.463480220254372,1.9968136807443724
1228,3,7.80000019073,8.677064951011069,0.8770647602810691
1229,3,11.2333332698,10.184160697092327,1.049172572707672
1230,5,9.60000038147,14.099111491442608,4.499111109972608
1231,5,9.60000038147,17.092902364783257,7.492901983313256
1232,5,9.0,10.58024323710122,1.5802432371012198
1233,5,9.76000003815,13.632906900040375,3.8729068618903746
1234,5,10.9749999046,15.991484928858522,5.016485024258522
1235,5,10.6749999523,15.641583076574666,4.966583124274665
1236,3,16.4376811981,21.238672272604326,4.800991074504324
1237,3,16.3254237094,26.984240011938173,10.658816302538174
1238,3,16.9411762462,24.26051329837993,7.319337052179929
1239,3,17.1977272467,24.483294191892703,7.285566945192702
1240,3,16.4307692601,22.641468215587622,6.210698955487622
1241,3,17.6956692643,27.332504399419868,9.636835135119867
1242,3,16.4618181922,23.682544610639905,7.220726418439906
1243,3,17.9047619048,27.00918252173276,9.10442061693276
1244,3,15.9481080803,28.48522203867315,12.53711395837315
1245,3,17.5584415584,26.52848791541982,8.970046357019822
1246,3,17.435135197,26.608809406722735,9.173674209722734
1247,3,17.1361108886,24.0080841363413,6.871973247741298
1248,3,17.0750001272,24.460472410218294,7.385472283018295
1249,3,17.0925373248,28.24815821674662,11.155620891946622
1250,3,17.0981818112,24.796729149486897,7.698547338286897
1251,3,18.9555557039,25.863990708568483,6.908435004668483
1252,3,32.4437499841,29.75352538674785,2.6902245973521524
1253,3,29.9615384615,30.755010615375785,0.7934721538757827
1254,3,30.2210527721,30.486494529822036,0.26544175772203715
1255,3,32.3062499364,30.09731410799588,2.208935828404119
1256,3,32.6850220222,36.667628355837834,3.9826063336378326
1257,3,28.0748018909,31.413342774977874,3.3385408840778723
1258,3,31.7901639157,32.061762869068,0.2715989533679988
1259,3,27.3194165009,25.758518145709665,1.5608983551903357
1260,3,25.7755100873,31.478766791925942,5.703256704625943
1261,3,29.7633802924,32.48199290736131,2.718612614961309
1262,3,33.2169015374,29.76033252741907,3.456569009980928
1263,3,26.2842105062,29.331748587783107,3.047538081583106
1264,3,34.1225274055,36.86053451475718,2.7380071092571754
1265,3,32.225344319,28.85508951489999,3.3702548041000107
1266,3,29.5051281269,32.07886682682615,2.5737386999261496
1267,3,35.6334559497,33.65748310042356,1.9759728492764381
1268,4,32.6871921746,30.89085130258545,1.7963408720145502
1269,4,31.943749706,30.436200331977613,1.5075493740223855
1270,4,29.7652175737,29.83018075669865,0.06496318299864967
1271,4,33.2989339198,31.415508087638372,1.8834258321616275
1272,4,30.9305194508,30.984083188196628,0.05356373739662956
1273,4,30.6832000275,31.89667398464239,1.2134739571423907
1274,4,31.106153899,30.57238636165807,0.5337675373419302
1275,4,29.9161615661,30.07121500030019,0.15505343420018747
1276,4,28.3050846811,31.937854189404614,3.632769508304616
1277,4,34.85338343,33.471999937411084,1.3813834925889168
1278,4,29.0927082499,31.562803723988,2.4700954740880015
1279,4,28.3190477462,14.362834425242506,13.956213320957493
1280,4,28.2013512946,30.190472616656056,1.9891213220560573
1281,4,32.9509802239,31.059745628668537,1.8912345952314595
1282,2,25.2621622343,27.465795238670268,2.2036330043702677
1283,2,28.537389405,31.254165939798302,2.716776534798303
1284,2,32.0331249475,30.54308550076864,1.490039446731359
1285,2,31.5796459198,31.17330543601264,0.40634048378736054
1286,2,36.8742049928,34.86322012864774,2.010984864152263
1287,2,30.2754384091,30.36878124409733,0.09334283499732976
1288,2,31.9441176583,29.17126620858007,2.77285144971993
1289,2,27.7988889482,20.78281443007399,7.016074518126008
1290,2,33.7360200714,33.724648083766574,0.011371987633424396
1291,2,30.546043149,29.662409009672885,0.8836341393271141
1292,2,29.2086153588,30.345198970491037,1.1365836116910373
1293,4,22.1859649022,30.40689036150746,8.220925459307463
1294,4,29.5244443258,30.709326997284926,1.1848826714849245
1295,4,27.6528846239,29.91031385527137,2.2574292313713684
1296,4,33.7979532766,30.480771687744095,3.3171815888559024
1297,4,24.5795918679,30.11790652568879,5.538314657788792
1298,4,33.2256636718,30.133158241642754,3.092505430157246
1299,4,23.7518867727,28.64599815723385,4.894111384533851
1300,4,26.8361702371,27.35683642340704,0.5206661863070394
1301,4,27.8980315013,26.287078133062312,1.6109533682376878
1302,4,29.0831682564,30.959505494577435,1.8763372381774346
1303,4,27.1945434201,29.77575672522609,2.581213305126088
1304,4,30.118787858,30.971583084403875,0.8527952264038738
1305,4,23.4689654427,28.200243690878548,4.731278248178548
1306,4,26.1793100423,30.554339017107264,4.375028974807265
1307,4,30.1192309306,31.127489764819096,1.0082588342190952
1308,4,34.2562138772,30.614268556419564,3.641945320780433
1309,4,33.4168367678,31.343894754127064,2.072942013672936
1310,4,28.8040816638,30.455693560387942,1.6516118965879407
1311,4,31.7228915892,30.381427546843277,1.3414640423567228
1312,4,21.9431818355,28.30583899190297,6.362657156402971
1313,4,26.2039998627,30.67152013063775,4.467520267937747
1314,2,6.96000003815,12.145055149403658,5.185055111253659
1315,2,9.17499995232,10.666870880971773,1.4918709286517728
1316,2,10.0,10.021744894506474,0.02174489450647421
1317,2,10.7714285169,12.510707210468478,1.7392786935684779
1318,2,10.9500001272,11.311848376078977,0.36184824887897804
1319,2,8.90000009537,12.722815252821064,3.822815157451064
1320,2,10.4428570611,12.290691080220013,1.8478340191200129
1321,2,6.14166665077,9.565458092522032,3.423791441752032
1322,2,8.75,11.393015877162695,2.6430158771626946
1323,3,10.6000000636,10.095695672807198,0.504304390792802
1324,3,10.6999998093,9.133781343603651,1.5662184656963483
1325,3,8.5,9.682319475980064,1.182319475980064
1326,3,7.6933333079,9.967970306392356,2.2746369984923565
1327,3,8.67692323831,9.678493508627781,1.0015702703177816
1328,3,10.0749999682,11.368320788166994,1.2933208199669934
1329,3,6.54615383882,9.330296247894685,2.7841424090746854
1330,3,12.0,10.758647816305634,1.2413521836943655
1331,3,11.0,12.635394254663407,1.6353942546634066
1332,3,11.4000002543,10.806390508011162,0.5936097462888377
1333,3,10.0,11.020564841760935,1.020564841760935
1334,3,10.1666669846,12.449186165363825,2.282519180763824
1335,3,9.0,10.94050155145047,1.9405015514504704
1336,4,9.5333331426,11.274392795508444,1.7410596529084437
1337,4,7.3166667223,10.94358063586572,3.62691391356572
1338,4,10.9076921023,11.593518795264176,0.6858266929641754
1339,4,10.7999997139,11.580769033058738,0.7807693191587379
1340,4,7.44999992847,9.881539280385404,2.4315393519154043
1341,4,8.89999961853,11.311875365800914,2.411875747270914
1342,4,8.5,11.101419372204019,2.6014193722040186
1343,4,6.71923078023,9.427652623534902,2.708421843304902
1344,4,11.6124999523,10.53142750846438,1.0810724438356196
1345,4,10.6999998093,10.962480626558628,0.2624808172586288
1346,4,6.21182794981,8.177087265980303,1.965259316170303
1347,4,8.44615397087,11.05842851623342,2.6122745453634195
1348,4,8.6999999455,11.341180195390624,2.641180249890624
1349,3,7.10000003468,9.671954076974197,2.5719540422941973
1350,3,8.65000009537,10.689999290643515,2.0399991952735146
1351,3,7.63088234032,11.774595640328627,4.143713300008627
1352,3,8.125,9.98146692779112,1.8564669277911197
1353,3,8.0,10.790772736663788,2.7907727366637882
1354,3,11.0999999046,11.279604790866788,0.1796048862667874
1355,3,7.48823527729,10.2835740820261,2.795338804736099
1356,3,7.54999995232,10.041681921494387,2.491681969174387
1357,3,10.7199998856,11.8263415052848,1.1063416196848
1358,3,8.93749988079,10.153176266278678,1.2156763854886776
1359,3,9.50769226368,10.059512812521906,0.5518205488419063
1360,3,5.58717951408,8.580406518340832,2.9932270042608318
1361,3,8.60000006358,9.82418815941731,1.2241880958373113
1362,4,7.80000003179,9.749438565173445,1.9494385333834456
1363,4,9.83333317439,10.901995903838538,1.068662729448537
1364,4,5.05454544588,7.037228191821195,1.9826827459411955
1365,4,5.26666665077,9.052538729526566,3.785872078756565
1366,4,10.8666664759,10.939418393495869,0.07275191759586797
1367,4,5.98947369425,7.515847735270947,1.5263740410209472
1368,4,6.13000001907,9.95253219487409,3.82253217580409
1369,4,6.90952375957,11.111579978255635,4.202056218685636
1370,4,7.25,10.22451330105998,2.9745133010599805
1371,4,6.17878788168,7.708003833365787,1.5292159516857868
1372,4,8.36666679382,10.742307297174259,2.3756405033542585
1373,4,10.1000003815,11.566530536346876,1.4665301548468772
1374,4,9.14000015259,10.225295605424296,1.0852954528342966
1375,5,6.43333331744,11.706323889106763,5.272990571666763
1376,5,10.7200000763,12.744060932234122,2.024060855934122
1377,5,7.75714288439,12.622144474115895,4.865001589725895
1378,5,5.81739129191,11.827421763727232,6.010030471817232
1379,5,8.85999965668,13.703316359027939,4.8433167023479395
1380,5,8.34000015259,14.600344210532649,6.26034405794265
1381,5,10.933333079,12.68669569310049,1.7533626141004888
1382,5,7.81428575516,14.015792808554263,6.201507053394263
1383,5,7.74999992053,9.745126084067266,1.9951261635372664
1384,5,7.20000001362,13.367040777873896,6.167040764253896
1385,5,6.69166662296,10.447936748874117,3.756270125914117
1386,2,8.24067800328,9.753747962197881,1.5130699589178818
1387,2,5.79999990463,10.714907029148796,4.914907124518796
1388,2,8.57500004768,11.08190884736174,2.5069087996817405
1389,2,7.02727274461,10.542998450909025,3.5157257062990244
1390,2,11.5499999523,11.467882595228591,0.0821173570714091
1391,2,9.5499997139,10.329397306669158,0.7793975927691577
1392,2,5.82500004768,11.258360297797884,5.433360250117884
1393,2,7.41111103694,10.654625782198902,3.243514745258902
1394,2,11.0545455759,9.782320746129583,1.2722248297704173
1395,2,9.80370373196,10.119308653325476,0.315604921365475
1396,2,11.6500000954,10.109640875836309,1.5403592195636904
1397,2,11.6166666349,10.737467670002372,0.8791989648976273
1398,2,7.32857145582,10.47424571514364,3.1456742593236404
1399,2,6.99047624497,9.3058807800019,2.3154045350318997
1400,2,8.90000009537,11.424101379726396,2.524101284356396
1401,2,5.96190479824,9.210307709432072,3.2484029111920725
1402,2,6.93947368547,8.386783177322032,1.4473094918520317
1403,2,10.8399999619,11.663370834883063,0.8233708729830624
1404,2,6.69999996821,10.327304688330901,3.627304720120901
1405,2,9.77500009537,11.379849825711789,1.6048497303417886
1406,2,5.45000004768,9.916568110905182,4.466568063225182
1407,2,6.86666663488,10.111893493038433,3.245226858158434
1408,2,9.65200000763,10.278716052446176,0.6267160448161757
1409,2,11.0125000477,11.896788069007012,0.8842880213070128
1410,2,11.1000003815,12.06156697119209,0.9615665896920902
1411,4,8.39999993642,11.50235898417217,3.10235904775217
1412,4,6.70235296137,10.00358210013267,3.30122913876267
1413,4,10.0999999046,11.755697426705096,1.6556975221050951
1414,4,9.89999993642,11.394935303030799,1.4949353666107985
1415,4,11.2777777778,11.253694873420141,0.024082904379859826
1416,4,10.6000003815,10.466926463277773,0.1330739182222267
1417,4,8.0600001812,10.22712890392244,2.16712872272244
1418,4,6.7083332936,10.260313941377746,3.5519806477777456
1419,4,7.96249997616,12.243441386382905,4.280941410222905
1420,4,10.8666664759,12.607689304940969,1.7410228290409684
1421,2,6.75999994278,11.966078380480255,5.2060784377002545
1422,2,5.7409090779,10.46163535845691,4.72072628055691
1423,2,11.0500000318,10.660887889996598,0.3891121418034018
1424,2,6.94680852078,10.980865716956746,4.034057196176746
1425,2,6.47428571156,9.972058697211477,3.4977729856514763
1426,2,10.3500003815,12.820822846663903,2.470822465163904
1427,2,10.7199998856,11.479828040296528,0.7598281546965282
1428,2,6.44444439146,10.284169637973141,3.839725246513141
1429,2,9.69999980927,11.109506858711683,1.4095070494416824
1430,2,9.16326528666,9.0686909382391,0.09457434842089896
1431,1,8.89999985695,10.936417942901562,2.0364180859515617
1432,1,8.33333349228,9.519810173486206,1.1864766812062069
1433,1,6.72000017166,12.157014775500112,5.437014603840113
1434,1,9.80000019073,11.15171068295426,1.3517104922242602
1435,1,10.6000003815,11.408722683368952,0.8087223018689524
1436,1,7.50714281627,8.967797824358506,1.460655008088506
1437,1,9.44999986887,10.867163610608712,1.4171637417387117
1438,2,6.25999994278,10.84603290324708,4.5860329604670795
1439,1,8.90000000867,10.400733857573869,1.5007338489038684
1440,1,10.7055556509,11.617185176363739,0.9116295254637397
1441,1,8.53846161182,9.53922057466238,1.0007589628423794
1442,1,10.8333333333,11.715910386907682,0.8825770536076813
1443,1,5.59999995232,8.442297566702194,2.8422976143821943
1444,1,11.4700000763,13.926461585380007,2.4564615090800075
1445,1,10.4749999046,11.98821966734507,1.51321976274507
1446,1,9.0,11.427556136444657,2.4275561364446574
1447,4,8.5,10.720614900897912,2.220614900897912
1448,4,8.0876923341,12.156805270431981,4.069112936331981
1449,4,8.60000038147,11.095340471488791,2.495340090018791
1450,4,11.6000003815,11.109299450470552,0.4907009310294477
1451,4,5.70645158522,8.96405932232293,3.25760773710293
1452,4,9.72142853056,10.503520732892166,0.7820922023321657
1453,4,8.60000038147,11.795664459278447,3.1956640778084466
1454,4,9.30000019073,11.48204345378307,2.182043263053071
1455,4,6.88749992847,9.836781886956837,2.9492819584868375
1456,4,5.92727275328,9.611955814858442,3.6846830615784425
1457,4,7.85263154381,9.109919475016572,1.2572879312065712
1458,4,10.8000001907,11.65082316774582,0.8508229770458193
1459,4,11.295000124,11.020763583686776,0.27423654031322364
1460,1,6.33333317439,9.692308710817695,3.358975536427695
1461,1,8.32500004768,10.285481691561625,1.960481643881625
1462,1,8.5166665713,9.864807117081009,1.3481405457810087
1463,1,9.14444446564,9.700758919600766,0.5563144539607663
1464,1,6.52142865317,9.786238975712049,3.264810322542049
1465,1,5.44285719735,8.320727591576595,2.877870394226595
1466,1,10.0500000318,11.229542975299744,1.1795429434997438
1467,1,7.96000013351,10.104931984944328,2.144931851434327
1468,1,7.4833334287,8.886850590562801,1.4035171618628013
1469,1,8.80000019073,10.896130676226692,2.0961304854966922
1470,4,6.18125006557,9.199921450907219,3.0186713853372193
1471,4,7.95000004768,9.496933099947434,1.546933052267434
1472,4,5.7066666921,8.33840585382575,2.6317391617257497
1473,4,11.1000003815,11.325629922615644,0.22562954111564437
1474,4,5.4375,10.540659622074143,5.103159622074143
1475,4,7.74999988079,11.473164137963344,3.7231642571733445
1476,4,9.0428571701,11.537691065078405,2.494833894978406
1477,4,6.51538467407,11.766055409027848,5.250670734957848
1478,4,10.6000000636,12.633745760760576,2.033745697160576
1479,4,11.7333332698,11.877246225816796,0.14391295601679666
1480,4,8.89999961853,10.751573870587025,1.8515742520570253
1481,1,12.0407407195,11.977290749339891,0.063449970160109
1482,1,5.77499991655,9.041868438646125,3.266868522096125
1483,1,10.6500000954,11.63255194289796,0.9825518474979607
1484,1,8.38124990463,11.155626330459228,2.774376425829228
1485,1,8.42500007153,10.720580044901096,2.2955799733710958
1486,1,11.0,11.753372908348336,0.7533729083483358
1487,1,7.90000009537,10.918649034878925,3.0186489395089247
1488,1,8.01249992847,9.082111171722879,1.0696112432528793
1489,1,11.3157893733,11.991350275199787,0.6755609018997877
1490,1,7.30000003179,12.027342337060386,4.727342305270386
1491,1,6.56666676203,9.297793703504285,2.731126941474285
1492,5,8.18181839856,13.357562820016863,5.175744421456862
1493,5,8.60000038147,13.507328052292916,4.907327670822916
1494,5,9.11666663488,14.859680670844625,5.743014035964626
1495,5,8.71428585052,12.051479408103715,3.3371935575837153
1496,5,5.78888887829,9.48298121133138,3.6940923330413797
1497,5,8.36999988556,13.188456741638998,4.818456856078997
1498,5,7.65000009537,14.449657368999436,6.799657273629435
1499,5,7.20454543287,12.028751644689839,4.824206211819839
1500,5,9.0,12.874791063902972,3.874791063902972
1501,5,8.23846142109,13.617578786953608,5.379117365863609
1502,5,8.04999983311,12.45156100873906,4.401561175629059
1503,4,7.20000002934,9.380007932005954,2.1800079026659542
1504,4,8.36666647593,11.239796732058883,2.873130256128883
1505,4,8.48888895247,9.875214475163103,1.3863255226931024
1506,4,8.74166663488,11.252196463994077,2.510529829114077
1507,4,10.7999999707,11.22645397022096,0.42645399952096064
1508,4,8.625,10.445043654673992,1.8200436546739915
1509,4,10.6500000954,10.567237490330992,0.08276260506900712
1510,4,9.05714287077,10.275706018324167,1.2185631475541658
1511,4,12.0749998093,10.629349569628086,1.445650239671913
1512,4,10.5,11.25903175719009,0.7590317571900904
1513,5,10.8142856189,12.504934947075158,1.6906493281751587
1514,5,8.70000012716,12.849197349206333,4.149197222046334
1515,5,7.6,13.633932860596099,6.033932860596099
1516,5,7.80000019073,11.78525132012925,3.9852511293992503
1517,5,5.77692310627,11.356227374211931,5.579304267941931
1518,5,6.91829268525,11.98703811328434,5.06874542803434
1519,5,6.47777779897,11.388056878412055,4.910279079442055
1520,5,10.4388888677,12.32070856264417,1.88181969494417
1521,5,10.3714286259,14.40598963867743,4.034561012777431
1522,5,9.24500002861,13.034345242495911,3.7893452138859107
1523,5,8.6714286123,12.552583129733698,3.881154517433698
1524,5,8.2,11.972681446150006,3.7726814461500062
1525,3,9.08571415856,10.51610119939965,1.4303870408396495
1526,3,10.226315674,11.125520732004794,0.8992050580047941
1527,3,10.1000003815,10.385911097080372,0.28591071558037306
1528,3,8.79999987284,10.981421877506932,2.1814220046669313
1529,3,7.97500002384,9.833358309787243,1.8583582859472436
1530,3,8.67818181298,11.426920296588678,2.748738483608678
1531,3,7.38888888889,9.065602699404222,1.6767138105142214
1532,3,6.25,7.844502148731621,1.594502148731621
1533,3,8.03333361944,10.224800603648207,2.1914669842082066
1534,3,7.02499997616,9.09847695085929,2.0734769746992896
1535,3,9.8428572246,9.967874241976581,0.12501701737658166
1536,3,6.21428571429,9.459762762132577,3.245477047842577
1537,3,9.55999984741,10.833877087786776,1.2738772403767769
1538,3,7.84000005722,8.37316263770937,0.5331625804893703
1539,5,10.3666664759,13.155782068927108,2.789115593027107
1540,5,10.4249999523,13.253496731580157,2.8284967792801563
1541,5,11.0,13.962481921225724,2.9624819212257236
1542,5,8.21666661898,12.985654195001676,4.768987576021676
1543,5,7.40000009537,11.494505602062496,4.094505506692496
1544,5,8.69999999266,11.663457571658876,2.9634575789988755
1545,5,6.11250007153,12.539111621852223,6.426611550322223
1546,5,6.31428568704,12.180533584671116,5.866247897631116
1547,5,8.66285715103,14.295401021051502,5.632543870021502
1548,5,11.3666667938,12.264021981410998,0.897355187610998
1549,5,8.52499997616,13.456245220803327,4.931245244643327
1550,5,5.08571434021,9.891648378124176,4.8059340379141755
1551,5,9.95909088308,11.121803094450557,1.1627122113705575
1552,5,7.35000002384,13.526901223706078,6.176901199866078
1553,2,8.79999991826,10.639880790229956,1.8398808719699566
1554,2,11.4374998808,11.27628595397845,0.1612139268215511
1555,2,5.93333333333,9.653574429032162,3.7202410957021614
1556,2,7.03999996185,10.219530168400867,3.179530206550867
1557,2,8.38235299727,10.773354002861488,2.3910010055914874
1558,2,6.46800003052,9.595771991850162,3.127771961330162
1559,2,8.59499998093,11.109109084381448,2.514109103451448
1560,2,9.33999977112,12.196073288205477,2.856073517085477
1561,2,7.01999988556,11.48179470482128,4.4617948192612795
1562,2,8.82500004768,11.615349122496317,2.7903490748163176
1563,2,8.16000003815,10.592641324368788,2.4326412862187876
1564,4,7.93999996185,10.296698210470833,2.356698248620833
1565,4,5.38333328565,8.004579575726977,2.621246290076977
1566,4,7.30000001734,8.941311219002687,1.6413112016626865
1567,4,10.7428571156,10.943965829638735,0.20110871403873531
1568,4,10.9666668574,10.682021376335037,0.28464548106496323
1569,4,9.45833333333,10.359812297154207,0.9014789638242071
1570,4,8.10000004768,10.696095067463707,2.596095019783707
1571,4,10.4333333174,10.906928816166678,0.4735954987666773
1572,4,5.49473682203,7.9704366696758076,2.4756998476458074
1573,4,9.51304356948,11.931656884153009,2.418613314673008
1574,4,6.4,10.0575064732269,3.657506473226899
1575,4,8.17999997139,10.090301568910537,1.9103015975205366
1576,5,6.8749999702,11.119652602582027,4.244652632382027
1577,5,9.1999999455,13.556805158990953,4.3568052134909525
1578,5,11.0818181471,13.740676302483495,2.658858155383495
1579,5,9.5,13.11891827603797,3.61891827603797
1580,5,5.82903228268,10.827975315196156,4.998943032516156
1581,5,9.60000038147,11.535284352024119,1.935283970554119
1582,5,9.5,14.348888276804756,4.848888276804756
1583,5,9.19999980927,12.81175611526462,3.6117563059946196
1584,5,8.28000011444,12.419134386462678,4.1391342720226785
1585,5,11.3999998569,12.854947403144262,1.454947546244263
1586,5,8.85714299338,13.885167944471805,5.028024951091805
1587,5,11.4666665395,13.573708263850069,2.1070417243500685
1588,5,8.90000025431,13.929179604950747,5.029179350640748
1589,5,10.6599998474,13.586947446248256,2.9269475988482565
1590,5,8.97499990463,10.785283266221994,1.8102833615919938
1591,5,10.6250001192,13.303459741397656,2.678459622197657
1592,5,6.89000005722,11.619205629034052,4.729205571814052
1593,5,6.21666661898,11.534418624463218,5.317752005483218
1594,5,11.2000002861,14.25237553332198,3.0523752472219794
1595,5,11.0,13.192814315844656,2.1928143158446556
1596,5,5.34666670163,10.023196841847287,4.676530140217287
1597,5,11.1000003815,13.884754789982008,2.7847544084820086
1598,5,8.49230788304,13.233128501765622,4.740820618725621
1599,5,5.68695655076,10.784439998254289,5.097483447494289
1600,5,8.13333352407,12.366536282348733,4.233202758278733
1601,5,5.60000004768,10.89777330829986,5.297773260619859
1602,5,5.34499995708,10.599491078456007,5.254491121376007
1603,5,10.8666664759,13.54389927532434,2.67723279942434
1604,5,7.96666669846,12.583610796292701,4.616944097832701
1605,2,10.6166667144,10.792730292352681,0.17606357795268046
1606,2,11.9249999523,10.783221377323088,1.1417785749769127
1607,2,10.8000001907,13.149554944439522,2.349554753739522
1608,2,11.1000000636,10.35236510921791,0.7476349543820895
1609,2,7.19230765563,11.961166097750853,4.7688584421208535
1610,2,6.75789472178,10.082735311797295,3.3248405900172955
1611,2,5.73999996185,11.24458417898972,5.504584217139721
1612,2,10.0499999523,11.115359812408961,1.0653598601089609
1613,2,11.7999999523,10.598733070322202,1.2012668819777979
1614,2,7.90000009537,11.919797715363563,4.019797619993563
1615,2,6.57500004768,10.866891088268419,4.291891040588419
1616,2,10.875,11.071187198435123,0.19618719843512267
1617,2,9.98333326976,11.724011758833079,1.7406784890730798
1618,1,8.75000011921,10.975093489532114,2.2250933703221136
1619,1,9.02500021458,11.640071560220395,2.615071345640395
1620,1,9.15000009537,11.181543401884221,2.031543306514221
1621,1,11.0500000318,11.609710172472441,0.5597101406724416
1622,1,6.77000002861,10.159747439954174,3.3897474113441737
1623,1,8.53749990463,10.967894813464543,2.4303949088345433
1624,1,6.09999996821,10.031859281280187,3.9318593130701878
1625,1,7.34999990463,9.126138983002681,1.7761390783726814
1626,1,7.05999999046,11.343542137790129,4.283542147330129
1627,1,9.1,10.15661778243499,1.0566177824349907
1628,1,11.4749999642,9.969409535684777,1.505590428515223
1629,1,10.7363635843,11.296224968971304,0.5598613846713043
1630,1,11.5499997139,11.418316079146345,0.13168363475365474
1631,1,11.7499998808,12.076638299737114,0.32663841893711343
1632,5,6.56842111286,11.274699954498985,4.7062788416389845
1633,5,11.5,14.663518945933177,3.163518945933177
1634,5,7.32200000763,12.532331772109167,5.210331764479167
1635,5,11.8545455066,13.718036478413337,1.863490971813338
1636,5,5.30416665475,11.267440752037947,5.963274097287947
1637,5,11.0166665713,13.574552777464353,2.557886206164353
1638,5,10.8599999428,13.17160779016614,2.3116078473661403
1639,5,7.83333337307,12.620787374810835,4.7874540017408345
1640,5,6.63636367971,11.003454985799769,4.367091306089769
1641,5,6.86666671435,12.276893021840984,5.4102263074909835
1642,5,5.88333336512,10.886320364461637,5.002986999341637
1643,1,9.73333326976,11.746417396412673,2.0130841266526733
1644,1,9.66470600577,10.986097557000733,1.3213915512307324
1645,1,10.7388888995,12.136141202319802,1.397252302819803
1646,1,9.69999980927,10.523239936655877,0.8232401273858763
1647,1,9.66666666667,13.481046673051361,3.814380006381361
1648,1,11.3333333333,10.646325911224269,0.6870074220757321
1649,1,10.8749998808,11.932530058413025,1.0575301776130246
1650,1,7.33636370572,9.365629308195635,2.0292656024756344
1651,1,8.76666673024,10.050253627574257,1.2835868973342563
1652,1,10.6500000954,10.496539084246173,0.15346101115382638
1653,2,7.05714287077,10.26092587721506,3.20378300644506
1654,2,5.81333332062,9.35505361274953,3.541720292129529
1655,2,6.85961535344,10.78485304582695,3.9252376923869496
1656,2,11.5428573063,12.053301797211988,0.5104444909119881
1657,2,11.5999999046,10.480150571178166,1.1198493334218345
1658,2,5.70000004768,9.531932699436174,3.8319326517561745
1659,2,11.0499997139,12.098302142713568,1.0483024288135674
1660,2,9.66666666667,10.85618703617835,1.1895203695083492
1661,2,10.0,13.243399010531691,3.243399010531691
1662,2,10.5,12.242999550673812,1.7429995506738116
1663,2,7.40476195774,11.21336301641347,3.808601058673471
1664,2,11.5499997139,10.919128368648375,0.6308713452516255
1665,2,9.19999980927,11.237314111758208,2.037314302488207
1666,2,5.58000001907,9.49328155069553,3.91328153162553
1667,2,10.1500000954,11.544514594136619,1.3945144987366191
1668,2,7.21000003815,10.103846366939454,2.8938463287894542
1669,2,10.6500000954,11.390346283928283,0.7403461885282834
1670,2,7.5,11.807213096033927,4.3072130960339265
1671,2,11.5,10.585077344202794,0.9149226557972057
1672,2,10.1999998093,12.081538821578752,1.8815390122787523
1673,2,9.86000003815,11.395604819691886,1.5356047815418865
1674,2,10.0,11.174067266341964,1.1740672663419645
1675,2,10.7600000381,11.978701492766517,1.2187014546665171
1676,2,9.19999980927,11.708536443571198,2.5085366343011977
1677,2,10.2000000477,11.506544514213651,1.3065444665136514
1678,2,7.94444447094,11.964007680136115,4.019563209196115
1679,4,5.27499994636,9.346277324931227,4.071277378571227
1680,4,10.3000000715,9.967302534588768,0.3326975369112315
1681,4,6.41414141896,9.214002907644815,2.799861488684815
1682,4,5.95000004768,7.878192551833896,1.9281925041538965
1683,4,5.8333332936,7.865140002137745,2.0318067085377454
1684,4,12.1000001907,10.932913329203037,1.167086861496962
1685,4,10.9399999619,11.22424211028205,0.28424214838205053
1686,4,11.3000001907,10.17363382513843,1.1263663655615712
1687,4,8.60000038147,9.25027156591677,0.650271184446769
1688,4,5.91333332062,8.429439114656972,2.5161057940369727
1689,4,10.9800001144,11.64257472071891,0.6625746063189109
1690,4,7.29999997399,9.921586598888494,2.6215866248984936
1691,4,7.78888887829,10.76315903510953,2.9742701568195296
1692,4,6.44545455412,8.812046738435603,2.3665921843156026
1693,1,7.5769231136,11.139658556595295,3.5627354429952947
1694,1,5.5,9.871167873468352,4.371167873468352
1695,1,11.5500001907,11.970345485563223,0.4203452948632229
1696,1,8.17500030994,9.567543636926883,1.3925433269868837
1697,1,11.2285712106,11.49537312771797,0.2668019171179701
1698,1,7.28000001907,9.48360425485879,2.2036042357887897
1699,1,10.2666664124,10.016736327423132,0.2499300849768673
1700,1,11.0,11.977241127770537,0.9772411277705366
1701,1,9.10000038147,10.499357613692618,1.3993572322226182
1702,1,10.5,10.375490960088856,0.12450903991114437
1703,1,6.9529411933,9.659659828086827,2.706718634786827
1704,1,10.7777777778,12.426394069557125,1.6486162917571239
1705,2,9.37200004578,9.958824415418816,0.5868243696388156
1706,2,10.1285713741,11.98585567821372,1.8572843041137208
1707,2,7.94999980927,12.523114940720454,4.573115131450454
1708,2,8.2999997139,10.976002026097591,2.676002312197591
1709,2,6.89999997616,10.831725774474085,3.931725798314085
1710,2,7.32666667302,9.845969906072387,2.519303233052387
1711,2,6.71249997616,10.896821449491503,4.184321473331503
1712,2,5.79999998638,10.971734735762807,5.171734749382807
1713,2,6.78333330154,11.20748341925753,4.42415011771753
1714,2,10.6600000381,12.135041337248248,1.4750412991482484
1715,2,8.14285721098,11.197540353513599,3.054683142533598
1716,3,11.5333334605,10.839298410705004,0.6940350497949961
1717,3,11.5750000477,9.99153921716868,1.583460830531319
1718,3,11.3000001907,9.371367078517988,1.9286331121820126
1719,3,9.10000009537,10.884039831676347,1.7840397363063474
1720,3,10.1666666667,10.584007863946317,0.41734119724631746
1721,3,9.0499997139,9.36772621148698,0.31772649758698
1722,3,7.27142851693,8.872916080396285,1.6014875634662848
1723,3,8.09354835941,10.929692265876774,2.8361439064667735
1724,3,9.96666653951,9.384971881806052,0.581694657703947
1725,3,6.40400001526,9.666849504809445,3.2628494895494446
1726,3,9.14000015259,11.183109949620532,2.0431097970305316
1727,3,6.07857141041,8.235603852281294,2.1570324418712934
1728,4,8.55000019073,10.220875666470159,1.670875475740159
1729,4,10.6000003815,10.48631212670704,0.11368825479295985
1730,4,9.83333333333,9.45122959713775,0.38210373619224924
1731,4,9.68500003815,10.113046630678546,0.42804659252854727
1732,4,9.0904761269,10.588514190692466,1.4980380637924657
1733,4,11.1999998093,10.819852965115892,0.3801468441841074
1734,4,8.39999961853,10.494817646414148,2.0948180278841484
1735,4,9.47499990463,9.906936578227896,0.431936673597896
1736,4,9.82222239176,9.500337448222451,0.32188494353754926
1737,4,8.4500002861,10.649264381360455,2.199264095260455
1738,4,11.2999997139,10.649669202855597,0.6503305110444035
1739,3,9.83333333333,10.465502664193691,0.6321693308636913
1740,3,8.35000014305,9.597481958376166,1.2474818153261662
1741,3,11.2285713468,10.333060955376917,0.895510391423084
1742,3,11.75,10.224311506640593,1.5256884933594073
1743,3,8.98749995232,11.256422207429237,2.2689222551092367
1744,3,10.8000001907,11.020934724937108,0.22093453423710763
1745,3,9.44285692487,10.432923452570263,0.9900665277002627
1746,3,8.4,10.568042300084791,2.1680423000847906
1747,3,8.90000009537,11.699034690015088,2.7990345946450876
1748,3,8.75,10.721930874801696,1.9719308748016964
1749,3,10.6818181818,10.659519171909476,0.022299009890524246
1750,3,9.18333323797,13.653017419126703,4.469684181156703
1751,3,11.25,10.24361836283408,1.0063816371659193
1752,3,8.68333339691,11.46362920840451,2.7802958114945113
1753,3,10.3000001907,10.87922903148927,0.5792288407892698
1754,3,11.1000003815,10.290294336622793,0.8097060448772062
1755,3,9.32307690841,9.769512389125966,0.44643548071596584
1756,3,10.0714287077,9.657417870558092,0.4140108371419089
1757,3,11.600000109,10.560492801441642,1.0395073075583579
1758,3,8.98000011444,10.841820504395157,1.8618203899551578
1759,3,11.1727273247,9.045232758112626,2.127494566587375
1760,3,8.97499990463,11.231534966233793,2.2565350616037936
1761,3,11.3192308132,10.752042266718076,0.5671885464819244
1762,3,11.1999998093,11.03703524994826,0.1629645593517388
1763,2,10.5428571701,11.491367671930048,0.9485105018300484
1764,2,12.5500000318,11.424927879524958,1.1250721522750418
1765,2,8.38333320618,12.451634997253596,4.068301791073596
1766,2,8.66249990463,11.421571038433411,2.7590711338034115
1767,2,11.1000000636,12.957700691295852,1.857700627695852
1768,2,9.18571431296,12.156158750972804,2.9704444380128034
1769,2,9.25000023842,11.929771154920632,2.6797709165006314
1770,2,11.8428572246,11.683367744222071,0.15948948037792832
1771,2,9.95833317439,11.050949090716982,1.0926159163269809
1772,2,9.16000003815,11.238026881832736,2.0780268436827356
1773,2,11.25,10.940298745409844,0.30970125459015563
1774,2,11.6666666667,10.773825577592758,0.8928410891072414
1775,2,10.5999999046,11.571666710430948,0.9716668058309477
1776,5,11.4500001272,12.978042970339642,1.5280428431396427
1777,5,10.8619046892,13.562900585499257,2.7009958962992577
1778,5,8.70000008174,14.270069159742707,5.570069078002707
1779,5,10.9799999237,13.813447832200554,2.8334479085005544
1780,5,10.0333331426,10.294746523377684,0.26141338077768417
1781,5,10.1399999619,12.149628452199702,2.0096284902997024
1782,5,9.0,12.050730963771004,3.050730963771004
1783,5,10.3999996185,10.420845414219896,0.020845795719894866
1784,5,8.15000009537,13.33114154067127,5.18114144530127
1785,5,11.7199998856,14.084603822641045,2.3646039370410445
1786,5,10.8999996185,13.678234320699543,2.7782347021995424
1787,5,8.80000019073,10.55639844709378,1.7563982563637808
1788,5,11.3999996185,13.062652864415378,1.6626532459153776
1789,5,11.5333334605,12.649955513086097,1.1166220525860968
1790,5,12.2000001272,14.715215460960607,2.515215333760608
1791,5,10.6399999142,12.834748835727304,2.194748921527303
1792,5,8.69999980927,11.849147254160862,3.149147444890861
1793,5,12.1999998093,11.808350851241185,0.3916489580588145
1794,5,10.3999996185,13.42222608659573,3.022226468095729
1795,1,11.8599998474,11.585525980415184,0.274473866984815
1796,1,10.5,11.002752336194881,0.5027523361948809
1797,1,12.0500000715,11.946556312809033,0.10344375869096645
1798,1,10.0,11.497521414903098,1.4975214149030975
1799,1,10.8428572246,10.907160718958647,0.06430349435864713
1800,1,11.0333334605,10.804943942497232,0.22838951800276774
1801,1,10.3250000477,11.093695521600035,0.7686954739000349
1802,1,7.36666679382,11.207372420897537,3.8407056270775364
1803,1,9.30000006358,11.065822170661521,1.7658221070815205
1804,1,9.64000005722,11.880551563848416,2.2405515066284156
1805,1,10.6896551724,11.200332691100536,0.5106775187005361
1806,1,10.685714313,11.746712909634928,1.0609985966349278
1807,1,8.69999980927,11.716101833000767,3.0161020237307667
1808,1,12.0500001907,10.95544002673847,1.09456016396153
1809,1,11.1285713741,11.580366667387361,0.45179529328736123
1810,5,8.78333330154,11.41134970859487,2.6280164070548686
1811,5,11.4750000636,12.174030876789946,0.6990308131899461
1812,5,9.0499997139,10.04693505871094,0.9969353448109395
1813,5,10.1500000954,13.29284614210847,3.1428460467084705
1814,5,11.5249998569,13.19504327571912,1.6700434188191213
1815,5,10.4214285442,11.248480683612069,0.8270521394120696
1816,5,11.4799999237,12.042307331756813,0.5623074080568138
1817,5,9.47142873492,9.94308999371167,0.47166125879167
1818,5,12.0166665713,13.853100216265318,1.836433644965318
1819,5,9.99999986376,12.378695212809118,2.378695349049119
1820,5,9.73999977112,11.807142449362388,2.067142678242387
1821,5,9.65333328247,11.685777774656097,2.032444492186098
1822,2,9.01428563254,10.595523222075327,1.581237589535327
1823,2,9.28571455819,12.53735463991077,3.2516400817207707
1824,2,9.0499997139,11.856767831635754,2.8067681177357535
1825,2,8.5,12.65850385425915,4.15850385425915
1826,2,8.91428565979,11.005654603218352,2.0913689434283516
1827,2,8.96249997616,11.732175144214324,2.7696751680543237
1828,2,9.88333320618,11.187232479520569,1.3038992733405692
1829,2,12.0166667302,11.718284038419743,0.2983826917802581
1830,2,10.1000003815,11.666222300821046,1.5662219193210465
1831,2,10.2750000954,11.910864791969058,1.6358646965690582
1832,2,10.0600000381,11.23260954970425,1.17260951160425
1833,2,11.0999999046,10.389073597841191,0.7109263067588092
1834,3,10.816666762,10.058996037894815,0.7576707241051857
1835,3,8.53333324856,11.726113698195638,3.192780449635638
1836,3,11.3999996185,11.413855076819914,0.013855458319913083
1837,3,8.72000007629,10.960049474253777,2.2400493979637766
1838,3,10.5249998569,10.780085665522607,0.2550858086226082
1839,3,10.7399999619,10.009048725261763,0.7309512366382371
1840,3,8.5,11.137714099174106,2.637714099174106
1841,3,10.2125000954,10.210248712030822,0.0022513833691775176
1842,3,11.8285714558,10.859456054906355,0.9691154008936458
1843,3,10.2304347494,10.4812266494854,0.25079190008539953
1844,3,11.1000000636,11.543694739158814,0.4436946755588149
1845,3,10.5,10.320486229377039,0.17951377062296103
1846,1,12.0,10.760481856031564,1.2395181439684357
1847,1,8.2000002861,10.565778279629427,2.365777993529427
1848,1,11.9666665395,10.959883259684858,1.0067832798151422
1849,1,10.5111110475,11.873755246945736,1.362644199445736
1850,1,11.0833333333,11.429502599575553,0.34616926627555245
1851,1,9.67999973297,11.242761437274384,1.5627617043043838
1852,1,10.1499996185,12.602525318793687,2.4525257002936858
1853,1,10.1999998093,12.320022512050656,2.1200227027506564
1854,1,10.5,10.939438874392819,0.4394388743928186
1855,2,9.55000019073,10.45419523264635,0.9041950419163509
1856,2,10.5,12.835916121792646,2.3359161217926463
1857,2,9.84999990463,11.972070730991325,2.122070826361325
1858,2,9.83333333333,11.834175177839676,2.000841844509676
1859,2,9.35789479707,11.773032428325902,2.4151376312559023
1860,2,11.1200000763,11.16820356940701,0.04820349310701033
1861,2,10.8461539195,11.569600549935336,0.7234466304353351
1862,2,9.80000019073,11.929645072018948,2.1296448812889484
1863,2,10.4099999428,11.380940660162063,0.9709407173620619
1864,2,8.45000004768,11.861180271313058,3.4111802236330586
1865,2,10.0499999523,10.596582457990136,0.5465825056901359
1866,2,12.2000002861,10.996935593668722,1.203064692431278
1867,5,10.1857141767,13.135474204665444,2.9497600279654446
1868,5,9.0,14.259422255033435,5.259422255033435
1869,5,8.69999980927,13.962030367040926,5.262030557770926
1870,5,8.67999992371,11.768750381721988,3.0887504580119884
1871,5,9.75714274815,14.231732409199406,4.474589661049405
1872,5,11.1499999762,12.301916049981198,1.151916073781198
1873,5,10.1500000954,11.753300992378222,1.6033008969782223
1874,5,11.3346153773,11.555637201031523,0.22102182373152246
1875,5,9.33999977112,11.826419723238498,2.4864199521184975
1876,5,10.8000001907,12.643366517392332,1.8433663266923315
1877,5,12.3000001907,12.278800379954431,0.021199810745569536
1878,5,9.92857142857,11.395190131806212,1.466618703236211
1879,5,8.74545435472,13.424283855675721,4.678829500955722
1880,5,9.36666679382,13.974408061459535,4.607741267639534
1881,5,11.9971429007,12.342975803518351,0.34583290281835133
1882,5,11.0857143402,11.628433663919619,0.54271932371962
1883,5,8.88750016689,13.452281869813225,4.564781702923225
1884,5,11.2333332698,16.430636206472702,5.197302936672703
1885,5,10.0500001907,10.895651793019159,0.8456516023191583
1886,5,9.93333339691,11.496620074912592,1.5632866780025925
1887,5,10.6999998093,13.018417276069513,2.318417466769514
1888,5,10.8874999285,12.437044437333508,1.5495445088335078
1889,5,10.7333332698,12.376165169507908,1.6428318997079092
1890,5,11.7882352717,14.537492530463089,2.7492572587630892
1891,4,10.2461538315,9.604126295611557,0.6420275358884417
1892,4,9.26250004768,9.406639077455667,0.14413902977566728
1893,4,11.4882353614,10.113667131167755,1.374568230232244
1894,4,8.29999987284,9.865591331026689,1.565591458186688
1895,4,9.93030311122,11.351872245776399,1.4215691345563979
1896,4,11.6999998093,11.089473192737785,0.6105266165622147
1897,4,10.9333333969,11.954514455891653,1.0211810589916528
1898,4,9.98571436746,10.114685303868821,0.1289709364088214
1899,4,10.5,10.347575500645194,0.1524244993548063
1900,4,11.4500000477,12.655340795304697,1.2053407476046978
1901,4,8.39999961853,9.573114036941176,1.173114418411176
1902,4,11.0,10.600062004762147,0.39993799523785256
1903,4,11.1000003815,11.980044772340497,0.8800443908404976
1904,4,11.0199998856,10.163439716622559,0.8565601689774418
1905,4,12.5999999046,10.95542960549142,1.6445702991085813
1906,5,8.67499995232,12.305732845655731,3.630732893335731
1907,5,10.8181819049,14.635615090521677,3.8174331856216774
1908,5,11.0673912504,15.356493619972982,4.289102369572982
1909,4,9.08888891008,10.470616524474758,1.3817276143947588
1910,4,8.7000002861,9.862906931022847,1.1629066449228471
1911,4,8.29999995232,9.346814114937084,1.0468141626170837
1912,4,8.28000001907,9.963811689175706,1.6838116701057064
1913,4,6.89999993642,9.368203512669618,2.4682035762496177
1914,4,8.80000019073,9.709066215306414,0.9090660245764148
1915,4,5.95000004768,8.261108856687256,2.3111088090072567
1916,4,8.75,9.93937709988707,1.1893770998870696
1917,4,6.84285712242,7.551458831797424,0.7086017093774242
1918,4,7.09999990463,10.33843029540253,3.23843039077253
1919,4,8.45555559794,8.930457148012227,0.4749015500722269
1920,4,8.5428571701,9.499815914497733,0.956958744397733
1921,2,7.97500002384,9.623974705293605,1.6489746814536055
1922,2,9.30000019073,11.062793606652983,1.7627934159229834
1923,2,10.4500002861,10.920625707676342,0.4706254215763419
1924,2,7.33750003576,11.043920096991949,3.706420061231949
1925,2,5.80000019073,10.308300981588575,4.508300790858575
1926,2,7.51666665077,9.925564662421992,2.408898011651992
1927,2,7.92857159887,10.049968858190862,2.1213972593208625
1928,2,6.38000001907,8.978429792998313,2.598429773928313
1929,2,9.84999990463,10.886547305937059,1.0365474013070592
1930,2,10.8999996185,12.044611973357766,1.144612354857765
1931,2,8.19999985695,10.891480136662388,2.691480279712387
1932,1,11.1500000954,13.569316252966415,2.4193161575664153
1933,1,8.49047619956,8.554580058119353,0.06410385855935274
1934,1,6.33333333333,7.177904135775243,0.8445708024452436
1935,1,7.85000014305,8.538619113145625,0.6886189700956251
1936,1,9.44999980927,9.014846113590337,0.4351536956796629
1937,1,5.86666663488,7.708904334821682,1.8422376999416823
1938,1,6.80000019073,9.536537480716667,2.736537289986668
1939,1,11.5249998569,12.82784444881016,1.3028445919101603
1940,1,6.20000004768,7.753134664272892,1.5531346165928923
1941,1,11.3000001907,9.292139832060302,2.0078603586396984
1942,1,8.26666673024,8.560892027374004,0.2942252971340036
1943,1,7.0,9.628017994258293,2.6280179942582933
1944,1,8.39999961853,8.777596094014141,0.37759647548414144
1945,4,11.4199998856,11.431945126948856,0.011945241348856328
1946,4,6.66000003815,9.062464450235577,2.4024644120855774
1947,4,7.85000014305,9.55297705734872,1.70297691429872
1948,4,7.5,8.678196354085989,1.1781963540859888
1949,4,8.56000003815,9.740172940223587,1.180172902073588
1950,4,6.71999999682,7.994128885997437,1.2741288891774367
1951,4,8.59999990463,10.298332489340467,1.6983325847104673
1952,4,7.19999980927,5.976881457714504,1.2231183515554962
1953,4,7.44999980927,9.246168134667169,1.7961683253971685
1954,4,7.63333336512,9.41996519784974,1.7866318327297392
1955,4,8.1999999455,8.831596333070411,0.6315963875704114
1956,4,7.84000000954,8.834127438936994,0.9941274293969942
1957,4,7.96000003815,8.192481992695885,0.23248195454588583
1958,4,9.91428565979,10.5954080331971,0.6811223734070992
1959,4,7.29999983311,9.972348440642577,2.6723486075325766
1960,4,8.16666678588,8.824689223130965,0.6580224372509651
1961,1,8.17142854418,8.484219012612146,0.3127904684321461
1962,1,7.36666663488,7.893405092030063,0.5267384571500635
1963,1,7.86250007153,7.828487569477149,0.034012502052851445
1964,1,8.10000006358,7.550588357939527,0.5494117056404724
1965,1,7.48000001907,8.358689401086577,0.8786893820165771
1966,1,7.55999994278,7.2939744385313015,0.26602550424869875
1967,1,6.79999995232,8.208383438057526,1.4083834857375255
1968,1,6.73999996185,8.121527789631328,1.381527827781328
1969,1,8.67499995232,8.969154438926513,0.2941544866065122
1970,1,7.58333341281,7.9036788146709265,0.3203454018609264
1971,1,7.97500014305,8.747604975664728,0.7726048326147286
1972,1,8.00000011921,7.954128892070839,0.04587122713916081
1973,1,9.25,8.682586141927668,0.5674138580723316
1974,1,6.75000002384,8.53333835083063,1.7833383269906307
1975,1,8.00000015895,8.672724513411065,0.6727243544610655
1976,5,6.125,10.387218744164358,4.2622187441643575
1977,5,7.31666668256,14.91303810945928,7.596371426899279
1978,5,7.10000014305,13.287717240309698,6.187717097259698
1979,5,9.25,14.525181540050463,5.275181540050463
1980,5,6.06666660309,8.533676686641215,2.467010083551215
1981,5,8.29999987284,12.730874229078994,4.430874356238993
1982,5,7.77500009537,14.205902449017962,6.430902353647962
1983,5,5.79999995232,9.676184874048484,3.876184921728484
1984,5,6.30000019073,11.047263091075676,4.747262900345676
1985,5,11.3999996185,15.871703582852138,4.4717039643521375
1986,5,11.3285714558,14.064671105473643,2.7360996496736423
1987,5,12.1692307546,14.152660138473063,1.9834293838730641
1988,5,9.68124997616,14.688331347742553,5.007081371582553
1989,5,11.3200000763,13.555164163789131,2.2351640874891316
1990,5,11.6999998093,15.093933409443604,3.3939336001436047
1991,5,11.7000000817,14.939698105979259,3.2396980242792583
1992,5,11.1999998093,14.182316793757856,2.9823169844578565
1993,5,10.9000001907,13.068976105512322,2.1689759148123215
1994,5,8.91818178784,14.112734781862672,5.194552994022672
1995,5,7.50833340486,11.374577688925186,3.8662442840651856
1996,5,11.4300000191,13.482671023377026,2.052671004277027
1997,5,11.5333334605,15.483000299648047,3.9496668391480476
1998,4,11.2599999428,14.471997885739826,3.211997942939826
1999,4,11.3999996185,12.434274661684336,1.0342750431843353
2000,4,12.0300000191,12.509227996332488,0.47922797723248856
2001,4,11.5,15.29861481040105,3.79861481040105
2002,4,11.4833332698,14.278348692420769,2.7950154226207697
2003,4,11.7565216811,13.965684224650522,2.209162543550521
2004,4,12.7249997854,14.75732914601614,2.0323293606161403
2005,4,11.4499998093,13.443713248019662,1.993713438719663
2006,2,12.0599999905,12.75399179754242,0.6939918070424209
2007,2,12.5454544588,13.618677364208503,1.0732229054085032
2008,2,13.8240000153,14.08457860496273,0.26057858966272995
2009,2,11.5,13.634684031746131,2.134684031746131
2010,2,11.6000003815,12.895206215488264,1.2952058339882644
2011,1,12.8000000636,13.409144977597586,0.6091449139975857
2012,1,9.78333338102,12.070845375940834,2.287511994920834
2013,1,11.4199998856,12.245294172710198,0.8252942871101983
2014,1,12.6666666667,13.200523884902166,0.5338572182021668
2015,1,12.8923077217,11.97710839390219,0.9151993277978097
2016,1,11.3999996185,12.258546721983619,0.8585471034836178
2017,1,12.0692308132,12.077247286436563,0.008016473236562405
2018,1,11.3333333333,14.99025299162661,3.6569196583266095
2019,1,13.7272727273,12.452088203238612,1.2751845240613893
2020,1,12.1333333121,12.088517779363416,0.04481553273658356
2021,1,11.8000001907,12.036141308423662,0.23614111772366186
2022,1,7.09999990463,9.838447825449853,2.738447920819853
2023,2,9.06666670905,12.93613970259004,3.8694729935400396
2024,2,11.9000000954,13.533613342864566,1.6336132474645666
2025,2,11.1666666667,13.032505447458417,1.865838780758418
2026,2,13.6499999364,14.030046814759828,0.38004687835982764
2027,2,11.9736841101,13.379119558052242,1.4054354479522413
2028,2,12.3264706135,14.896430254123342,2.569959640623342
2029,2,11.0285713332,12.56658791611043,1.53801658291043
2030,2,11.3499999046,12.669944182394673,1.3199442777946722
2031,2,11.3000001907,12.24328993569882,0.94328974499882
2032,2,10.0750000477,12.86753107159372,2.792531023893721
2033,2,10.4714285987,12.845335746481004,2.3739071477810043
2034,2,10.9428571065,12.600434662458337,1.657577555958337
2035,2,11.6000003815,13.283046401009958,1.683046019509959
2036,2,7.65714297976,11.20748474539274,3.5503417656327407
2037,2,10.8999996185,12.570918628520161,1.6709190100201603
2038,2,10.8399999619,13.318254264665056,2.4782543027650554
2039,2,13.0333334605,13.53398893379549,0.50065547329549
2040,2,10.9064515637,12.826699665934918,1.9202481022349183
2041,2,11.4499998093,12.819090010038396,1.3690902007383965
2042,2,9.60169491525,12.344909911125477,2.7432149958754763
2043,2,10.5,12.427897471619435,1.9278974716194348
2044,2,11.0666666031,12.506358063730259,1.439691460630259
2045,2,13.8833333121,14.038710194317503,0.155376882217503
2046,2,10.9500000477,13.062994647387084,2.1129945996870845
2047,2,10.9000000954,13.240418720054043,2.3404186246540437
2048,2,9.75999984741,12.147182424370413,2.387182576960413
2049,2,11.9749999046,12.93075906239553,0.95575915779553
2050,2,11.3624999523,13.066646044532483,1.7041460922324827
2051,2,11.2937499881,12.724104990173325,1.430355002073325
2052,2,10.3826923187,12.781454231568052,2.3987619128680517
2053,2,10.9499998093,12.992559810176024,2.0425600008760245
2054,2,11.2702702703,12.722492519834596,1.4522222495345964
2055,2,11.0333334605,12.676577100866574,1.643243640366574
2056,2,11.6000000636,12.560794862458572,0.9607947988585721
2057,2,7.36666663488,10.962835150749218,3.596168515869218
2058,2,10.8499999046,13.28928950311201,2.43928959851201
2059,5,12.2800001144,14.471186272572886,2.1911861581728864
2060,4,7.18333323797,9.774650884625872,2.591317646655872
2061,5,12.2592591886,16.72288721957064,4.463628030970641
2062,5,10.8666667938,13.769257407760175,2.902590613960175
2063,5,11.9307692601,14.578941892148707,2.6481726320487073
2064,5,10.5,13.483441140729978,2.983441140729978
2065,5,11.5625000596,14.005489834280837,2.4429897746808376
2066,5,12.0,14.729214703702093,2.729214703702093
2067,5,11.3500001431,15.186695957465918,3.8366958143659176
2068,5,7.75161290938,11.016423118959109,3.2648102095791085
2069,4,8.90408167547,12.362217843184807,3.458136167714807
2070,4,10.5428573063,12.856301137247728,2.313443830947728
2071,4,10.9166665077,13.283217973829831,2.366551466129831
2072,4,11.1999998093,12.993530096713341,1.7935302874133416
2073,4,11.1000000636,11.892860723397964,0.7928606597979648
2074,4,10.591666619,12.758824330508864,2.167157711508864
2075,4,11.3428570884,16.57800628748238,5.235149199082381
2076,4,11.5,13.222055644038054,1.7220556440380541
2077,4,11.4038461538,12.995408676588594,1.5915625227885943
2078,3,12.4842105665,12.856172477763428,0.37196191126342804
2079,3,13.8285715921,12.529752119365849,1.2988194727341504
2080,3,11.6000003815,12.762406750396531,1.1624063688965318
2081,3,11.2999997139,12.059371795553925,0.7593720816539253
2082,3,7.33636361902,10.2219862542031,2.8856226351831005
2083,3,10.875,12.20999839433711,1.3349983943371093
2084,3,11.0,12.347499359663667,1.3474993596636669
2085,3,11.2749998569,13.623767146501466,2.348767289601467
2086,3,10.5600000381,12.014206261450385,1.4542062233503845
2087,3,7.36923074722,9.973779406958078,2.6045486597380787
2088,3,13.4285711561,12.329040974971958,1.099530181128042
2089,3,11.2299999237,12.355762244809625,1.125762321109626
2090,2,11.3400001526,13.287732335514331,1.947732182914331
2091,2,10.8918918919,12.09291887815483,1.2010269862548295
2092,2,11.0666666031,12.748711582572517,1.6820449794725167
2093,2,12.0000001362,13.291275362593305,1.2912752263933047
2094,2,11.8999998569,12.858962250998632,0.9589623940986325
2095,2,11.0846154873,13.300323089183852,2.2157076018838513
2096,2,10.6000003815,12.75047256305278,2.1504721815527805
2097,2,10.8999996185,12.807619912111198,1.9076202936111972
2098,2,11.4235294566,13.36786892475866,1.9443394681586597
2099,2,11.1000000238,13.037180600377415,1.9371805765774148
2100,5,12.0421053234,15.031302458920015,2.9891971355200155
2101,5,11.25,14.810278145218684,3.5602781452186836
2102,5,11.5275862464,15.004724577562024,3.477138331162024
2103,5,11.3000001907,14.966726504512417,3.6667263138124166
2104,5,12.9900001049,15.47681777022178,2.48681766532178
2105,5,11.5083333651,14.209254244292529,2.7009208791925285
2106,5,11.0,13.853937410708586,2.8539374107085855
2107,5,10.4470587338,15.469678225551776,5.022619491751776
2108,5,12.6380952805,16.119675067044863,3.481579786544863
2109,1,12.2,11.868677645202864,0.3313223547971358
2110,1,10.6999998093,11.825605074676982,1.1256052653769828
2111,1,11.5333331426,11.993670652186541,0.46033750958654096
2112,1,12.8702702909,12.107600980511055,0.7626693103889455
2113,1,10.9250001907,12.062404333448988,1.1374041427489878
2114,1,11.2000001272,11.955452054311454,0.755451927111455
2115,1,11.0562500656,12.087004653581838,1.0307545879818374
2116,1,11.0500001907,11.575920896790239,0.525920706090238
2117,1,7.07499998808,9.493395677940889,2.4183956898608887
2118,1,10.8374998569,12.631702313379495,1.7942024564794963
2119,1,11.1999998093,11.830499056205152,0.6304992469051527
2120,1,12.4555555979,12.256449261272815,0.19910633662718524
2121,4,13.1333332062,13.811621637254062,0.678288431054062
2122,4,10.2083332539,12.664937075725735,2.456603821825736
2123,4,10.0119998932,13.822060975313299,3.8100610821132985
2124,4,13.4506493482,14.670616051125341,1.2199667029253405
2125,4,11.7999998728,13.873039839783766,2.0730399669837656
2126,4,8.07083340486,12.368181774351058,4.297348369491058
2127,4,12.8230770184,14.103123558315941,1.2800465399159418
2128,4,12.188235339,13.733860678218786,1.5456253392187858
2129,4,10.7666665713,12.805766453414336,2.0390998821143356
2130,4,11.5625000397,11.925870586759673,0.36337054705967375
2131,4,11.6999998093,13.51207702295609,1.8120772136560905
2132,4,11.7857141495,13.433080876334298,1.6473667268342975
2133,3,12.4642856462,12.73258419810987,0.2682985519098704
2134,3,12.7263159501,13.058038272954782,0.3317223228547821
2135,3,10.9125001431,12.310992010121451,1.3984918670214501
2136,3,11.4999996821,13.783655350171392,2.2836556680713915
2137,3,11.3499999046,12.920893647474397,1.5708937428743965
2138,3,9.86913578599,11.90881992081587,2.039684134825869
2139,3,11.25,12.758582694531434,1.5085826945314338
2140,3,10.9249999523,12.162032976837466,1.2370330245374657
2141,3,13.1419354562,12.819476175046969,0.3224592811530318
2142,3,11.1333332062,12.70327555026678,1.5699423440667797
2143,3,10.4999997616,11.798428856126431,1.2984290945264316
2144,3,8.23157895239,10.876846909832544,2.6452679574425435
2145,3,11.7600000381,12.333959556758886,0.5739595186588868
2146,3,10.9333333969,14.256635024129357,3.323301627229357
2147,3,11.8777777354,12.994761585982188,1.1169838505821872
2148,3,10.5875000954,12.017368700810323,1.4298686054103236
2149,3,11.5,12.197182553047153,0.6971825530471527
2150,3,10.9749999046,12.844435298083802,1.8694353934838013
2151,3,9.70769229302,12.382234798521203,2.674542505501204
2152,3,11.9545453678,13.915313782205901,1.9607684144059014
2153,3,10.8750000795,12.221780155535404,1.3467800760354045
2154,3,10.6500000954,12.496105516946026,1.8461054215460262
2155,1,12.7666664124,11.744981714820941,1.021684697579058
2156,1,12.7000000212,11.787857570114816,0.9121424510851828
2157,1,11.2406250834,11.77802648428885,0.5374014008888501
2158,1,13.7600001335,13.466513018648095,0.2934871148519047
2159,1,11.0599998474,11.474285328028751,0.4142854806287506
2160,1,10.5799998283,11.907442879368167,1.3274430510681672
2161,2,11.1380952199,13.942351101964572,2.804255882064572
2162,2,12.7833334605,13.918183688507712,1.1348502280077124
2163,2,10.9100000381,13.209609081064134,2.299609042964134
2164,2,10.8818182512,12.659470015921979,1.7776517647219787
2165,2,9.76923073255,13.418549896797323,3.6493191642473235
2166,2,11.0384614651,12.652053799221868,1.6135923341218685
2167,3,10.9950000525,13.029725356100807,2.0347253036008066
2168,3,13.1399999619,12.36999268187462,0.7700072800253785
2169,3,13.4,14.659902001753103,1.2599020017531029
2170,3,7.33999996185,10.457918071578066,3.1179181097280653
2171,3,11.2250001431,12.928518544817297,1.7035184017172966
2172,3,12.7906250358,12.53610259424074,0.25452244155925996
2173,3,10.7333335876,13.060834088982801,2.3275005013828007
2174,3,10.8999996185,11.980940056760456,1.0809404382604555
2175,3,11.25,12.096957138643546,0.8469571386435462
2176,3,12.3150685193,13.564968528623385,1.249900009323385
2177,3,11.1428571429,12.324375129114387,1.181517986214386
2178,4,12.0600000381,12.57549936303558,0.515499324935579
2179,4,11.5,13.19317178382062,1.6931717838206204
2180,4,10.8874999285,12.923574843926602,2.0360749154266014
2181,4,12.5800000191,13.125770252046056,0.5457702329460563
2182,4,12.6249998808,13.261221887050391,0.6362220062503905
2183,4,11.0,13.271767105142217,2.2717671051422172
2184,4,13.507692337,15.055457769133127,1.5477654321331276
2185,4,10.0833334923,11.966575643217972,1.8832421509179724
2186,4,10.5833334923,12.799836505839911,2.2165030135399117
2187,4,10.8636363636,13.539214218398865,2.675577854798865
2188,4,12.0333334605,13.367782612614413,1.3344491521144128
2189,4,11.3000001907,13.527258470001296,2.227258279301296
2190,4,11.5999999728,13.365844202193733,1.7658442293937338
2191,4,7.37241383257,9.893063999897771,2.520650167327771
2192,4,10.7,13.402629500199474,2.7026295001994747
2193,3,8.66896556986,12.081339765214139,3.4123741953541398
2194,3,11.0333331426,12.092300890551533,1.0589677479515327
2195,3,11.9399999619,12.763692117155017,0.8236921552550172
2196,3,10.8600000381,11.600988845585391,0.7409888074853903
2197,3,13.4360000229,13.181625508897666,0.25437451400233435
2198,3,11.1999999682,12.256732622695635,1.0567326544956348
2199,3,11.0,12.28306169177836,1.2830616917783608
2200,3,12.0,13.55057933355248,1.5505793335524807
2201,3,11.3666664759,14.579667942730381,3.213001466830381
2202,3,12.2000000278,13.363838738670928,1.1638387108709285
2203,3,11.0349999428,12.202062359164291,1.1670624163642902
2204,3,7.35000002384,10.134411343592198,2.7844113197521985
2205,3,7.85000007493,10.00688437125305,2.1568842963230512
2206,1,10.5750000477,12.153458899825416,1.5784588521254168
2207,1,8.98000011444,10.921227595998541,1.941227481558542
2208,1,11.0333334605,11.79758840735497,0.7642549468549706
2209,1,11.4166665077,12.261193751408486,0.8445272437084856
2210,1,10.6,11.728103042312007,1.1281030423120075
2211,1,11.5,11.901126480767482,0.40112648076748236
2212,1,12.7875000238,12.240791945490178,0.5467080783098215
2213,1,11.3500000954,12.30358808117016,0.9535879857701595
2214,1,10.2428571156,12.287303520318583,2.044446404718583
2215,1,10.9666665395,11.93734552726694,0.9706789877669397
2216,1,10.8499997457,12.005820092216466,1.1558203465164656
2217,1,11.3999998093,13.527698344345097,2.1276985350450968
2218,3,10.7571428844,12.082520812401354,1.3253779280013536
2219,3,12.4142856598,12.3189920729432,0.09529358685680123
2220,3,8.3400001049,9.379313659525396,1.0393135546253962
2221,3,10.294736812,11.95309246727151,1.6583556552715102
2222,3,17.299999942,18.487680639624877,1.1876806976248773
2223,3,12.1666666667,13.73311408288377,1.5664474161837703
2224,3,10.6666666667,11.82298875531202,1.1563220886120202
2225,3,14.8699998856,15.353049584295377,0.4830496986953765
2226,3,12.685714313,13.348785693269132,0.6630713802691321
2227,3,17.1250004768,14.297189249191288,2.827811227608713
2228,3,14.3666664759,16.319454005354594,1.9527875294545929
2229,3,17.0124996901,14.509736988211309,2.5027627018886918
2230,3,9.7411110984,15.354828293894228,5.613717195494228
2231,3,15.0,16.943043935310367,1.9430439353103672
2232,3,15.8327869665,16.346700961943387,0.5139139954433869
2233,3,16.9714284624,14.669130145382471,2.3022983170175273
2234,3,12.3499999046,13.918490770588402,1.5684908659884016
2235,3,16.2249999046,14.302205418367288,1.9227944862327124
2236,3,16.0,17.21270902641328,1.212709026413279
2237,3,10.7642856325,12.495764921206165,1.731479288706165
2238,3,16.1629631254,14.949790158612782,1.2131729667872193
2239,2,16.4599996567,17.439637040563706,0.9796373838637074
2240,2,15.4571429661,16.223556661432504,0.7664136953325045
2241,2,17.0199996948,14.919231025100506,2.1007686696994927
2242,2,15.2333335876,15.007110736269736,0.22622285133026487
2243,2,17.4000005722,15.454089187769034,1.945911384430966
2244,2,11.8467290201,15.571941294800329,3.725212274700329
2245,2,10.7388888995,13.00163282100314,2.262743921503141
2246,2,14.6048780767,14.666398230438606,0.06152015373860564
2247,2,13.192307729,13.480006250796782,0.28769852179678246
2248,2,17.2999992371,15.202031720938123,2.0979675161618765
2249,2,13.6,14.625619537856144,1.0256195378561443
2250,2,11.0692306665,15.678792536807292,4.609561870307292
2251,2,15.3857142585,14.912249388368679,0.47346487013132155
2252,2,15.5500001907,16.824415401665217,1.2744152109652163
2253,2,15.4666668574,16.483580286324145,1.0169134289241448
2254,5,16.6185184761,18.227485762570154,1.608967286470154
2255,5,16.699999896,16.770893465060574,0.07089356906057276
2256,5,15.9333333969,17.857179840527603,1.9238464436276033
2257,5,11.5374999046,14.007089627634851,2.4695897230348507
2258,5,16.5285715376,17.583467281135142,1.0548957435351412
2259,5,11.6833333174,14.458919001282963,2.7755856838829622
2260,5,12.1928571974,16.462332729652765,4.269475532252764
2261,5,16.914285569,16.857928433484222,0.05635713551577837
2262,5,16.4166666667,17.270149791694703,0.8534831249947032
2263,5,14.4600002289,15.615313719614663,1.1553134907146632
2264,5,18.1000003815,16.024257865851283,2.0757425156487166
2265,5,16.3833335241,18.386613158321364,2.0032796342213643
2266,5,16.0250000954,18.051933942785656,2.0269338473856564
2267,5,15.2785715376,17.208497360754116,1.9299258231541163
2268,5,14.3285714558,16.854217329253064,2.5256458734530636
2269,5,14.5166667302,16.272751940808813,1.7560852106088127
2270,5,13.9192307546,19.464069047236094,5.544838292636095
2271,5,15.2400001526,17.20684566055529,1.9668455079552913
2272,4,12.8121951499,14.288805680247675,1.4766105303476742
2273,4,14.4333333969,12.616869175919481,1.816464220980519
2274,4,14.3000001907,14.314201124891863,0.014200934191862302
2275,4,15.8333332274,15.881658777452188,0.04832555005218708
2276,4,16.0588235014,15.87540586464424,0.18341763675575962
2277,4,12.8535714149,13.859818863931052,1.0062474490310525
2278,4,17.6615386376,17.038200160028317,0.6233384775716821
2279,4,13.770270296,14.431499020606504,0.6612287246065041
2280,4,11.9749999046,13.999521245733138,2.0245213411331378
2281,4,12.6888890266,14.13818627049211,1.4492972438921097
2282,4,15.9571426937,16.147509097090374,0.19036640339037447
2283,4,13.9000000703,14.658340783295083,0.7583407129950821
2284,4,15.2400001526,13.296217059691,1.9437830929090012
2285,4,16.4499998093,15.104850518752748,1.3451492905472513
2286,4,14.5,15.429435918112487,0.9294359181124872
2287,4,11.8499999046,12.728199907825418,0.8782000032254178
2288,5,14.9000000954,17.06387890820034,2.1638788128003412
2289,5,14.7863636017,19.242694749314435,4.456331147614435
2290,5,13.6461538902,17.35412979340714,3.7079759032071387
2291,5,14.0047619002,15.809478802005192,1.8047169018051914
2292,5,14.2000000337,16.12666551692658,1.9266654832265786
2293,5,13.486666743,18.19243152085676,4.705764777856761
2294,5,12.7199998856,16.322205170053035,3.602205284453035
2295,5,15.2285714831,17.043497014060726,1.8149255309607266
2296,5,14.0428570339,15.859997819456824,1.8171407855568233
2297,5,14.2000001272,15.983957915503268,1.783957788303269
2298,5,16.4500001272,17.33469833180701,0.8846982046070124
2299,5,13.6600000381,15.903868077123212,2.243868039023212
2300,5,13.2999999523,16.49310800883141,3.1931080565314094
2301,5,16.4285714286,16.968985787563152,0.5404143589631509
2302,5,15.4125001431,16.747560686956554,1.335060543856553
2303,5,13.7000002861,16.023365105388557,2.3233648192885568
2304,5,15.0416667461,16.24391157932008,1.20224483322008
2305,5,13.7999998728,15.799774729949156,1.9997748571491556
2306,1,14.1999999046,14.004306703692631,0.1956932009073693
2307,1,14.9111110899,14.21220007996045,0.6989110099395504
2308,1,16.4000000954,16.164520637950307,0.23547945744969212
2309,1,16.2000001272,16.23088895142586,0.03088882422586181
2310,1,16.8818182512,15.28720591370005,1.5946123374999477
2311,1,15.8124998808,13.844267200057546,1.9682326807424548
2312,1,14.6399998665,14.63779338851171,0.00220647798828999
2313,1,17.1700000127,15.616945630370022,1.5530543823299787
2314,1,12.933333238,14.045933006632044,1.1125997686320446
2315,1,15.2437499166,12.84698949797937,2.39676041862063
2316,1,16.7666664124,16.08853870822033,0.6781277041796692
2317,1,14.8499999046,15.97011902679193,1.1201191221919302
2318,1,15.5250000954,16.337277699220106,0.8122776038201067
2319,1,15.7300000191,16.889888059169838,1.1598880400698377
2320,1,16.2666664124,15.39290277332152,0.8737636390784793
2321,1,16.2000007629,15.896867519480711,0.30313324341928904
2322,1,15.7250001431,15.512544586110804,0.21245555698919638
2323,1,11.6166667144,13.06551321443924,1.4488465000392399
2324,1,15.8875000477,13.555606511206085,2.331893536493915
2325,1,15.0199999809,15.096128023340825,0.07612804244082483
2326,2,15.0,16.408573195794524,1.4085731957945242
2327,2,11.4785715512,14.968535987599465,3.4899644363994646
2328,2,14.9000000954,15.584344455053888,0.6843443596538883
2329,2,10.5666666031,12.654452936870257,2.087786333770257
2330,2,15.585714204,16.604452787517932,1.0187385835179317
2331,2,16.2499998093,15.236562314300292,1.0134374949997085
2332,2,15.8666667938,16.471713577481207,0.6050467836812068
2333,2,12.1800001144,14.351353009427376,2.1713528950273755
2334,2,16.5000003179,17.333475342873648,0.833475024973648
2335,2,12.052941154,14.396776059648529,2.343834905648528
2336,2,14.4,15.643394224547862,1.2433942245478615
2337,2,11.4000001907,14.078233904216207,2.6782337135162066
2338,2,13.262857151,15.821671268609693,2.5588141176096926
2339,2,15.1333332062,17.11513241970278,1.9817992135027787
2340,2,13.8499997457,13.845234582898556,0.004765162801444234
2341,2,16.4555557039,17.14035576205362,0.6848000581536198
2342,5,15.7833334605,17.196675291182213,1.4133418306822136
2343,5,14.7785714694,15.870745200639158,1.0921737312391588
2344,5,13.6500000954,15.138321322772216,1.4883212273722162
2345,5,13.1799999237,17.271953708160797,4.091953784460797
2346,5,11.3124998808,16.428552762379148,5.116052881579147
2347,5,15.9444445504,17.128986264168653,1.1845417137686525
2348,5,15.9599998474,18.555282586728055,2.595282739328054
2349,5,15.2000001272,19.06056779459797,3.8605676673979694
2350,5,14.6000003815,14.861659858951114,0.26165947745111495
2351,5,15.3499999046,18.87410966038525,3.5241097557852505
2352,5,11.8000001907,17.458990179282665,5.658989988582665
2353,5,12.060714313,16.821259632350504,4.760545319350504
2354,5,11.9727272554,16.704960817077783,4.732233561677782
2355,4,11.6833333969,14.1170111264438,2.433677729543799
2356,4,12.3250000477,12.167240960374874,0.15775908732512534
2357,4,16.45,14.785818581192018,1.6641814188079813
2358,4,15.3499999046,15.177059704458275,0.17294020014172595
2359,4,15.7400000254,16.5591011923226,0.8191011669226
2360,4,15.816666762,16.84208734314294,1.0254205811429387
2361,4,15.2999998728,14.95622572752657,0.3437741452734304
2362,4,14.8000000318,14.890453521357665,0.09045348955766563
2363,4,17.2999992371,15.90535295676381,1.3946462803361896
2364,4,15.0307692014,15.781760940642899,0.7509917392428989
2365,4,15.9250001907,16.31816014162008,0.3931599509200794
2366,4,13.9199998856,15.269354011548856,1.3493541259488566
2367,4,15.4333335029,15.746554259411175,0.31322075651117487
2368,5,15.4545453678,19.17562032485933,3.721074957059331
2369,5,14.8000001907,15.481298387283093,0.6812981965830929
2370,5,13.9600002289,16.297829171019583,2.3378289421195824
2371,5,14.5666666031,15.847615043253603,1.2809484401536029
2372,5,15.7750000954,17.8028665850196,2.0278664896196013
2373,5,15.6000000636,18.224026279479133,2.624026215879134
2374,5,13.9249999523,15.455058726239285,1.5300587739392846
2375,5,13.7307692308,15.540995554344908,1.8102263235449083
2376,5,12.8357143062,17.026547113298157,4.1908328070981575
2377,5,16.0000001589,17.851646842976272,1.8516466840762718
2378,5,15.8333333333,16.61355525866547,0.7802219253654705
2379,5,11.8619047801,16.64081056436524,4.778905784265239
2380,5,13.7000001907,15.841756140398394,2.1417559496983927
2381,5,15.5263157895,17.399362126911644,1.873046337411644
2382,5,16.8833332062,19.504486077225405,2.621152871025405
2383,2,17.008108139,15.068562289054224,1.9395458499457767
2384,2,16.0571430751,17.538965882666208,1.481822807566207
2385,2,11.5500000318,14.025089060591911,2.4750890287919116
2386,2,15.8249999285,14.676655857813545,1.1483440706864556
2387,2,11.1400000572,13.701234514092816,2.561234456892816
2388,2,14.1749999523,13.053841905354084,1.1211580469459168
2389,2,14.9400001526,15.410827487123512,0.4708273345235128
2390,2,13.3428570884,15.508952059065653,2.166094970665652
2391,2,15.7750003338,17.001806807136173,1.2268064733361737
2392,2,10.5999999728,12.691710714288233,2.0917107414882334
2393,2,11.6000000636,14.642798728298624,3.0427986646986245
2394,2,13.3363637057,16.346291932598938,3.0099282268989374
2395,2,11.411764762,14.820369926392253,3.4086051643922524
2396,2,16.9666662216,17.315661888392075,0.3489956667920744
2397,2,11.1266665141,13.738339303325896,2.6116727892258957
2398,1,16.6999996185,15.468592735991287,1.2314068825087148
2399,1,16.6375000477,15.815272337103307,0.8222277105966942
2400,1,14.9285713605,16.376882503740564,1.4483111432405646
2401,1,13.4416666031,13.410996056143272,0.030670546956727662
2402,1,11.5384614651,13.819374155032584,2.2809126899325847
2403,1,14.6500000954,15.362384919788044,0.7123848243880442
2404,1,14.7000001272,15.142418732262593,0.4424186050625938
2405,1,16.1600000381,15.340053556551323,0.8199464815486781
2406,1,15.3874999285,16.13787413662663,0.7503742081266278
2407,1,14.7999999523,14.228309677544685,0.5716902747553156
2408,1,18.2833331426,17.75304975959171,0.5302833830082889
2409,1,14.3000000545,14.975207471973652,0.6752074174736524
2410,1,12.5517241708,14.824485814531565,2.272761643731565
2411,1,15.0250000954,14.025021266537625,0.9999788288623748
2412,1,14.5,14.147783451433945,0.3522165485660551
2413,1,15.5000003179,16.25722677377643,0.757226455876431
2414,1,16.4249997139,16.60889016516641,0.1838904512664108
2415,1,13.9500000477,14.85889036915041,0.9088903214504107
2416,1,16.6142861503,16.25375845847182,0.3605276918281781
2417,1,14.3909091082,13.731681828316157,0.6592272798838437
2418,1,15.0666666826,16.369400480485623,1.3027337978856242
2419,1,12.399999891,14.22869696536479,1.82869707436479
2420,1,11.4142856598,12.522702177508792,1.1084165177087915
2421,2,11.1944443915,15.706276313470722,4.511831921970723
2422,2,13.707692293,14.295576842471892,0.5878845494718927
2423,2,12.0999998728,15.231532996883647,3.1315331240836475
2424,2,15.6666663488,16.31545971220324,0.6487933634032395
2425,2,17.2999998728,16.02312614961607,1.2768737231839324
2426,2,14.0259258835,17.064143622866112,3.0382177393661127
2427,2,15.3173912712,16.540828104809147,1.2234368336091475
2428,2,15.3900000572,16.45254566130036,1.0625456041003591
2429,2,11.6272727793,12.839477915843387,1.2122051365433872
2430,2,12.8166666826,14.168341851714803,1.3516751691148041
2431,2,13.8388889631,16.230498192104804,2.3916092290048034
2432,2,16.4625002146,17.184453376654712,0.7219531620547137
2433,2,17.7777777778,17.43804200757242,0.3397357702275805
2434,2,16.1333335241,16.454726786562635,0.3213932624626352
2435,5,16.7833333015,16.799792456467472,0.01645915496747108
2436,4,16.1444446246,16.723844627404176,0.5794000028041779
2437,4,21.4000000954,18.24702009702732,3.152979998372679
2438,4,15.0409836222,18.74337928489104,3.702395662691041
2439,4,27.9338028867,27.805003612879858,0.12879927382014245
2440,4,14.204255307,18.282795476231016,4.078540169231015
2441,4,17.9599998474,17.432504749576406,0.5274950978235928
2442,4,14.6242424647,19.277799910370042,4.653557445670042
2443,4,22.7312502861,19.093220585102472,3.638029700997528
2444,4,15.2833332221,19.85585918744994,4.572525965349941
2445,4,29.3095808315,33.5839949697977,4.274414138297701
2446,5,13.8631579081,18.122207240867354,4.259049332767354
2447,5,13.4285715648,17.278472109551053,3.849900544751053
2448,5,26.1416665713,23.667479862752717,2.4741867085472826
2449,5,22.5,23.084759226802774,0.5847592268027739
2450,5,33.92990203,31.07026648888536,2.859635541114642
2451,5,20.5874999166,18.634499891328563,1.953000025271436
2452,5,24.2297872178,22.212653018319063,2.0171341994809353
2453,5,13.801388873,18.9040803956122,5.102691522612201
2454,5,17.5416665872,17.817398090280335,0.27573150308033334
2455,5,26.3037036472,28.611985989662905,2.308282342462906
2456,3,24.0342995556,21.647923244840364,2.386376310759637
2457,3,15.3462962398,20.494648091040066,5.148351851240067
2458,3,25.1329113924,24.70078792952401,0.4321234628759889
2459,3,18.7299999237,21.121190138484184,2.391190214784185
2460,3,29.0947367685,27.41201640379865,1.6827203647013498
2461,3,19.3703705823,20.63323604961683,1.2628654673168285
2462,3,16.6777777884,18.50265958429231,1.8248817958923098
2463,3,27.9500000954,27.820723905436704,0.1292761899632957
2464,3,29.2233332952,29.45602144640461,0.23268815120460928
2465,1,19.7846152966,18.280375594416842,1.5042397021831562
2466,1,24.5757574024,26.634659556573087,2.0589021541730865
2467,1,14.6266666483,17.78431354600438,3.15764689770438
2468,1,26.8571428571,28.552588846024264,1.6954459889242628
2469,1,34.7862384341,31.413336453617156,3.372901980482844
2470,1,31.4779005209,29.04664970708578,2.43125081381422
2471,1,20.4375000397,22.416701466216402,1.9792014265164006
2472,1,29.2849999428,27.276515195511184,2.008484747288815
2473,1,31.7736841503,31.03019136302689,0.7434927872731087
2474,1,20.2770832777,17.72247358553034,2.5546096921696595
2475,1,23.7999998728,19.89033971000069,3.9096601627993124
2476,1,24.0636362596,20.883471404985187,3.1801648546148122
2477,1,22.9637681712,21.603880363435255,1.3598878077647463
2478,1,18.0199998856,19.701624611506862,1.681624725906861
2479,1,22.9437500238,25.597547556365573,2.653797532565573
2480,1,26.5500001907,21.015562254220498,5.534437936479502
2481,1,19.8142856462,23.168556134334178,3.35427048813418
2482,1,14.6718750596,19.944416716846646,5.272541657246647
2483,1,24.3333333333,22.22670265593044,2.106630677369562
2484,4,27.3742856707,28.5594508357374,1.1851651650374002
2485,4,14.1325000286,19.061112727024547,4.928612698424546
2486,4,26.8600002289,24.29283208362229,2.5671681452777086
2487,4,23.6137930771,21.720338539975234,1.8934545371247644
2488,4,24.0958334605,24.45326415828104,0.35743069778104086
2489,4,26.3675676294,26.575130596690208,0.20756296729020818
2490,4,16.5142857069,18.23178870796331,1.71750300106331
2491,4,18.3785716466,21.55756591243553,3.1789942658355272
2492,4,21.3900001526,18.65085906066789,2.739141091932108
2493,2,28.0,25.569625261813272,2.4303747381867282
2494,2,27.6302083929,28.821910824697056,1.191702431797058
2495,2,30.599999944,31.136436013320843,0.5364360693208425
2496,2,30.94,30.72932671220038,0.21067328779962224
2497,2,17.6368419246,16.90546563092897,0.7313762936710297
2498,2,23.6562501192,24.74503412522575,1.088784006025751
2499,2,23.072727319,22.570773816738257,0.5019535022617418
2500,2,19.7750000954,19.82163454397065,0.04663444857065002
2501,2,24.5020202097,29.09285794719751,4.590837737497509
2502,2,26.360000017,29.793659212283078,3.4336591952830773
2503,2,23.4000000424,23.83659755365427,0.43659751125426993
2504,2,21.2718750238,18.899458348184734,2.3724166756152663
2505,3,23.0181817141,21.646376977291517,1.3718047368084818
2506,3,20.6065219382,18.31237483343524,2.294147104764761
2507,3,30.2948717215,31.016293600704994,0.7214218792049927
2508,3,19.0999998728,23.042569371044905,3.9425694982449038
2509,3,27.502083381,26.856768471739702,0.6453149092602963
2510,3,27.5000001907,26.707444580173718,0.7925556105262821
2511,3,30.6650001049,26.10129389838302,4.563706206516979
2512,3,23.0294116525,23.255082311576622,0.22567065907662354
2513,3,24.4766665988,22.01534120211936,2.4613253966806425
2514,3,28.1999999455,30.09961338969704,1.8996134441970405
2515,3,22.6012658469,22.43019157339683,0.1710742735031694
2516,3,14.7470588404,18.2259451307306,3.4788862903306015
2517,3,23.7916668256,22.472498297637244,1.3191685279627556
2518,3,25.9789475893,26.772611617898175,0.793664028598176
2519,3,22.3764705097,25.48538920844456,3.10891869874456
2520,3,14.4854167104,16.85036492123078,2.364948210830782
2521,3,26.1833337148,25.784018355482225,0.3993153593177752
2522,3,28.0595745736,28.206063719513136,0.14648914591313655
2523,3,17.2921052732,15.553205385798737,1.7388998874012636
2524,3,14.8116279203,18.188774085243992,3.3771461649439924
2525,3,28.7225000381,26.673427213891472,2.0490728242085297
2526,3,19.2931706312,23.468636453638695,4.175465822438696
2527,3,15.6558823586,17.949932530107937,2.294050171507937
2528,3,24.5736000366,27.18212704895441,2.6085270123544113
2529,3,18.0777777566,23.05276075127425,4.974982994674249
2530,3,22.179310358,19.700374229931075,2.4789361280689235
2531,3,12.9409090389,16.435068485672023,3.4941594467720236
2532,3,12.5333333015,18.31614169603007,5.782808394530068
2533,3,29.533333381,23.342610282539265,6.190723098460733
2534,3,20.0911764818,19.645991095429995,0.4451853863700066
2535,3,25.0964285306,26.46692024326518,1.3704917126651779
2536,3,26.298039268,23.28950241318201,3.00853685481799
2537,3,22.9411763584,22.623739502048355,0.31743685635164454
2538,1,16.5050000985,19.244227839468284,2.7392277409682855
2539,1,17.6173911717,20.27333211656304,2.6559409448630404
2540,1,20.3397260953,20.78390693213908,0.4441808368390774
2541,1,27.1583334605,24.516216548288412,2.6421169122115877
2542,1,16.1926316512,18.971001264937197,2.7783696137371976
2543,1,12.3,16.914285953980702,4.614285953980701
2544,1,24.6799999237,24.06326961676453,0.6167303069354695
2545,1,33.9588235967,30.472755718121984,3.486067878578016
2546,1,16.6900001049,17.91604771940247,1.2260476145024697
2547,1,20.8066666921,17.236993775881633,3.569672916218366
2548,1,24.586666743,25.643668199722065,1.057001456722066
2549,1,23.8781249523,25.84795342760503,1.9698284753050324
2550,1,23.1021739296,25.686130414447423,2.5839564848474232
2551,1,21.5380952926,19.70876541950425,1.8293298730957517
2552,1,19.69411749,20.054951250841775,0.3608337608417749
2553,1,23.0875003338,22.789982995499265,0.2975173383007359
2554,1,16.4444443385,19.74383340565379,3.2993890671537898
2555,1,19.6428572172,18.42283766157766,1.2200195556223399
2556,1,19.6757142203,20.465062682938555,0.7893484626385536
2557,1,15.5800001144,19.558646437296016,3.978646322896015
2558,1,23.3948719807,21.822161514614763,1.572710466085237
2559,1,21.454838722,25.119303920292946,3.6644651982929446
2560,1,24.6545455239,23.49102182677303,1.1635236971269727
2561,1,17.6666673024,19.31679777114492,1.6501304687449192
2562,1,27.3147825822,24.842760320155797,2.4720222620442023
2563,1,17.100000088,18.277136015192923,1.1771359271929214
2564,1,24.4558823529,26.36886559992046,1.9129832470204597
2565,1,23.0480519827,26.704407893577486,3.656355910877487
2566,1,26.5722221269,28.731819792003098,2.159597665103096
2567,1,25.0500000156,27.22706241764909,2.177062402049092
2568,3,23.7861110369,23.05675124765972,0.7293597892402808
2569,3,26.4684210326,26.44656260169828,0.021858430901719572
2570,3,14.3800000054,17.848504306074126,3.4685043006741267
2571,3,12.8550001144,19.912760836079055,7.057760721679056
2572,3,23.6675674335,27.107207823661984,3.4396403901619834
2573,3,27.9933335622,26.918790999118222,1.0745425630817778
2574,3,19.8400001526,16.592238799174982,3.247761353425016
2575,3,23.2285714149,26.726906589966198,3.498335175066199
2576,2,31.1558557802,23.292871395676688,7.862984384523312
2577,3,20.9754099299,22.608461840353865,1.6330519104538652
2578,1,11.9300000191,13.447442546233253,1.5174425271332534
2579,1,13.6999999897,15.864849054099151,2.164849064399151
2580,1,14.5944443809,13.838372676681072,0.7560717042189289
2581,1,17.2499999205,14.244527196799133,3.0054727237008656
2582,1,11.4166667302,13.505803107672019,2.0891363774720197
2583,1,15.1545456106,14.424257130540692,0.7302884800593077
2584,1,16.3888889949,14.323705051401753,2.0651839434982477
2585,1,11.7153845934,13.375779913203939,1.6603953198039392
2586,1,19.1233333206,15.60105303237264,3.5222802882273605
2587,1,16.3461537728,14.194475417524645,2.1516783552753562
2588,1,13.5714286395,13.656608463241469,0.08517982374146804
2589,1,11.4999999523,13.530390514938924,2.0303905626389245
2590,3,13.2399998983,14.535504284068061,1.2955043857680604
2591,3,17.2651162702,14.659989063901158,2.6051272062988424
2592,3,19.6541667779,15.119629778794712,4.534536999105287
2593,3,18.1979165475,17.119624110375163,1.078292437124837
2594,3,12.2156862745,15.122082237004351,2.9063959625043516
2595,3,15.2375000715,15.069717520366057,0.1677825511339428
2596,3,13.0568628124,15.655064233247666,2.5982014208476656
2597,3,13.4704225433,14.606707197399375,1.1362846540993754
2598,3,18.2740741306,13.686719711217691,4.587354419382308
2599,3,11.109375,14.914111693429994,3.8047366934299944
2600,3,12.7777777778,15.483298546869573,2.7055207690695724
2601,1,15.280952272,14.186154444755262,1.0947978272447383
2602,1,14.8666665819,13.87939453990456,0.9872720419954408
2603,1,21.0559999847,16.077537459191458,4.978462525508544
2604,1,13.9916667144,14.41640741675599,0.4247407023559884
2605,1,15.4709089799,13.848189038770514,1.6227199411294873
2606,1,14.0500000715,14.249288606997034,0.1992885354970344
2607,1,16.891304099,13.942909765405354,2.9483943335946456
2608,1,14.4333333969,14.851084947576483,0.41775155067648306
2609,1,14.8342857633,14.46294320069838,0.3713425626016207
2610,1,15.1400001526,14.304936712738598,0.8350634398614023
2611,1,14.3000001907,13.887979240508573,0.4120209501914278
2612,1,13.148837267,14.133265177938387,0.984427910938388
2613,3,13.0333331426,14.391523656131247,1.3581905135312464
2614,3,16.4666666455,14.23247754178648,2.2341891037135184
2615,3,14.6884614871,14.473659581855813,0.21480190524418674
2616,3,11.2059999847,15.43623109221634,4.230231107516341
2617,3,14.9272727099,14.792764992611337,0.1345077172886633
2618,3,15.2550000191,15.764992381180727,0.5099923620807267
2619,3,14.0470587226,14.833549032435887,0.7864903098358873
2620,3,14.8499999046,15.550163421057732,0.7001635164577316
2621,3,13.9260870477,14.246371398912116,0.3202843512121163
2622,3,17.0411765155,14.272959929821665,2.768216585678333
2623,3,14.6176470588,14.431367291195532,0.18627976760446785
2624,3,14.6416666508,15.059244573323515,0.417577922523515
2625,3,23.6333332062,12.88775714914303,10.74557605705697
2626,3,15.6473684813,15.064101787359556,0.583266693940443
2627,3,16.3700000954,14.990528002279499,1.3794720931204996
2628,3,20.5844444699,16.221312173974685,4.363132295925315
2629,3,15.3000001907,15.282542864905608,0.01745732579439263
2630,3,14.893103468,15.07068015001422,0.1775766820142195
2631,3,16.8181818471,15.341163303583377,1.477018543516623
2632,5,14.1486485455,19.59488705719611,5.4462385116961105
2633,5,12.2846153944,18.116316780398755,5.831701385998755
2634,5,15.1555557251,18.350971974288754,3.1954162491887548
2635,5,12.4333333288,18.50873694070428,6.075403611904282
2636,5,11.4173913002,18.658837705795783,7.241446405595783
2637,5,14.8999999653,19.277081037206003,4.377081071906003
2638,5,14.433333238,18.972869787328666,4.539536549328666
2639,5,15.8795918056,18.381272404332297,2.501680598732296
2640,5,20.4079469845,18.642355663954948,1.7655913205450524
2641,1,12.4806666438,13.190469655135873,0.7098030113358735
2642,1,15.8142856325,14.798526498576733,1.015759133923268
2643,1,15.7437497973,13.814511275733114,1.9292385215668855
2644,1,16.4869564996,13.790724549563658,2.696231950036344
2645,1,14.4916667938,14.023973900037277,0.4676928937627238
2646,1,11.3545454372,13.336547398840352,1.9820019616403517
2647,1,14.5735293557,13.662173299395798,0.9113560563042018
2648,1,12.1071428912,14.730286770094196,2.6231438788941954
2649,1,15.5285715376,13.396589218417814,2.1319823191821854
2650,1,15.6521739545,13.40809878164214,2.24407517285786
2651,1,15.7361110846,15.172561761629112,0.5635493229708874
2652,1,14.8411765379,13.127485702243325,1.7136908356566742
2653,1,14.9300001144,13.471721658442684,1.4582784559573163
2654,1,15.7320001602,14.012884643153964,1.7191155170460366
2655,1,12.0784091191,12.127468414992354,0.049059295892353916
2656,1,14.2249999046,14.154819215181618,0.07018068941838251
2657,3,10.6555555132,14.280967030619147,3.6254115174191472
2658,3,11.7526315388,11.890648970039576,0.138017431239577
2659,3,11.0800001144,11.638070988181811,0.5580708737818103
2660,3,12.0,12.459050415934074,0.45905041593407425
2661,3,10.0428571701,9.965544853759603,0.07731231634039659
2662,3,7.76000008583,9.665927323110036,1.9059272372800367
2663,3,15.0799999237,15.884701815832166,0.8047018921321651
2664,3,13.1500000954,14.01128153028071,0.861281434880711
2665,3,6.74285711561,7.644026052590774,0.901168936980774
2666,4,7.07692300356,10.361102346229474,3.284179342669474
2667,4,9.01666673024,8.560203273199093,0.4564634570409076
2668,4,13.4499999682,14.8822543447647,1.4322543765646998
2669,4,13.0500001907,15.295668859424369,2.2456686687243685
2670,4,16.3999996185,16.561313277207624,0.16131365870762338
2671,4,12.5333333015,13.256210179586619,0.7228768780866179
2672,4,14.5999999576,14.835400453963864,0.23540049636386406
2673,4,13.8000001907,15.121315412935708,1.3213152222357074
2674,4,7.26842104761,9.010480909772768,1.742059862162768
2675,4,10.8999996185,9.717010093705628,1.1829895247943725
2676,4,14.2000001272,15.827235213080769,1.6272350858807698
2677,3,14.2333332698,15.077162050584823,0.8438287807848237
2678,3,12.8000001907,12.49094596513075,0.3090542255692501
2679,4,12.8000001907,12.753667799068419,0.04633239163158187
2680,3,12.933333079,13.388059076527192,0.45472599752719134
2681,3,10.2333335876,10.831790140887048,0.5984565532870469
2682,3,12.625,12.417015125205896,0.20798487479410355
2683,3,9.86666679382,10.323635946418152,0.45696915259815185
2684,3,17.566666921,15.343699535194602,2.222967385805397
2685,3,14.2333332698,13.962345692750434,0.27098757704956533
2686,3,9.10000038147,9.45766102980035,0.3576606483303504
2687,3,14.9600000381,14.42042076319216,0.5395792749078403
2688,2,11.5333334605,11.703765930951638,0.17043247045163845
2689,2,11.1999998093,12.803218079083235,1.6032182697832358
2690,2,9.69999980927,11.219993861782479,1.5199940525124784
2691,2,13.4000000954,14.497859666430692,1.0978595710306926
2692,2,6.30588239782,8.94767641130656,2.6417940134865603
2693,2,11.8904762268,14.434467816863778,2.5439915900637775
2694,2,13.25,13.729523128283558,0.47952312828355836
2695,2,13.4000000954,14.190249642784426,0.7902495473844269
2696,2,11.7999998728,14.494847449792385,2.694847576992384
2697,2,12.1666666667,14.549205219641786,2.382538552941787
2698,2,12.6333334181,15.63694159017839,3.0036081720783905
2699,2,15.8499999046,15.64415427881664,0.20584562578336119
2700,2,13.7333334287,14.389350810958131,0.6560173822581312
2701,2,15.0499997139,15.829167788119461,0.7791680742194611
2702,2,12.9000000954,14.015611630176853,1.1156115347768534
2703,2,8.80000019073,10.527276132148328,1.7272759414183287
2704,2,7.65952378228,11.597525321617784,3.938001539337784
2705,2,12.9499998093,13.615426025917213,0.6654262166172131
2706,2,8.16428583009,10.477363872478229,2.313078042388229
2707,2,7.80833335718,9.932467377754481,2.1241340205744805
2708,2,12.9800001144,15.679832057901189,2.6998319435011897
2709,4,9.44999980927,11.20268372570742,1.7526839164374195
2710,4,13.4909089695,14.688863912075366,1.1979549425753664
2711,4,7.60000009537,10.330862985694061,2.730862890324061
2712,4,12.3666667938,14.335086419178968,1.9684196253789672
2713,4,12.0,12.143416379255694,0.14341637925569373
2714,4,14.5199996948,14.718808233683824,0.19880853888382433
2715,4,11.7799999237,11.330800481645973,0.4491994420540273
2716,4,14.3000001907,15.498985481166173,1.1989852904661724
2717,3,11.8000001907,11.243395135350823,0.556605055349177
2718,3,13.933333079,14.434883661379528,0.5015505823795277
2719,3,12.1499996185,14.14812905740073,1.9981294389007296
2720,3,10.5333334605,10.375609481091153,0.1577239794088463
2721,3,11.7749998569,13.160808488745792,1.3858086318457925
2722,3,6.5,7.038231487008492,0.5382314870084919
2723,3,6.95000004768,9.60793706950671,2.6579370218267098
2724,3,7.13333320618,7.510664656801065,0.37733145062106566
2725,3,11.7999998728,14.764946147049763,2.964946274249762
2726,3,14.8499999046,14.85624189851059,0.006241993910588661
2727,3,13.0,14.630592630144132,1.6305926301441325
2728,3,10.625,12.236429416868722,1.611429416868722
2729,3,13.1857141767,14.59650489079243,1.41079071409243
2730,3,12.4000002543,15.165721383920062,2.7657211296200614
2731,3,7.70714291504,7.719460356408703,0.01231744136870283
2732,3,11.9000001483,13.046449800975155,1.1464496526751553
2733,3,13.6999998093,14.685134770911977,0.985134961611978
2734,3,13.6000003815,14.770067281404202,1.170066899904203
2735,3,11.1000003815,11.637935443417236,0.5379350619172367
2736,3,10.9600000381,10.254156121607089,0.7058439164929116
2737,3,15.1999998093,15.413941019920019,0.21394121062001936
2738,2,12.8571427209,14.705414006852969,1.8482712859529684
2739,2,11.4499998093,12.954064048498239,1.5040642391982395
2740,2,8.38888888889,11.587670638890259,3.1987817500002595
2741,2,6.53333331599,11.949379493624336,5.416046177634336
2742,2,15.0,15.933153430176857,0.9331534301768567
2743,2,15.4333333969,16.586593129070103,1.1532597321701026
2744,2,7.53571435383,9.514143006410228,1.9784286525802273
2745,2,12.8999996185,13.981625663705282,1.0816260452052813
2746,2,8.50454545021,11.356765592742565,2.852220142532566
2747,2,6.10909089175,9.790712801535511,3.6816219097855107
2748,2,10.3333336512,11.00027515654984,0.6669415053498398
2749,2,13.2000001272,15.188724977945787,1.988724850745788
2750,3,11.7400001526,13.557901411782725,1.8179012591827242
2751,3,14.7000000477,14.737141985789979,0.03714193808997912
2752,3,7.86428570747,9.129223693105851,1.2649379856358518
2753,3,11.1999998093,11.512514415109196,0.31251460580919677
2754,3,8.39767442748,12.729804695877798,4.332130268397798
2755,3,8.14062497765,9.387159854027361,1.2465348763773605
2756,3,9.85714285714,12.719857786620596,2.862714929480596
2757,3,15.0,15.304840583765806,0.3048405837658059
2758,3,13.6000001431,15.91681684751575,2.31681670441575
2759,3,6.71666669846,9.950523073641826,3.2338563751818254
2760,3,13.5,13.878584850589728,0.37858485058972846
2761,3,10.4499998093,12.020283867127258,1.5702840578272586
2762,1,12.3000001907,12.914058938176344,0.6140587474763439
2763,1,11.1000003815,12.230308970643861,1.130308589143862
2764,1,12.1999998093,12.608906459476216,0.40890665017621686
2765,1,16.2399999619,15.740235906819912,0.4997640550800888
2766,1,12.8999996185,14.253553730343691,1.3535541118436907
2767,1,14.2799999237,16.289235980611966,2.0092360569119663
2768,1,15.0500001907,15.484844548399717,0.43484435769971697
2769,1,13.2000001272,14.317783258447538,1.1177831312475384
2770,1,8.40000025431,12.898574706708247,4.498574452398248
2771,1,13.2666664124,14.104917449138235,0.8382510367382352
2772,4,15.1666668256,16.86023167402416,1.6935648484241597
2773,4,11.6133333206,13.631788871320541,2.0184555507205406
2774,4,6.36666679382,8.346921319185514,1.9802545253655133
2775,4,12.9800001144,15.316862832396989,2.33686271799699
2776,4,13.8666667938,15.485084490765901,1.618417696965901
2777,4,13.3000000173,14.611982466320608,1.3119824490206078
2778,4,13.3571428571,13.879462475706687,0.5223196186066872
2779,4,13.0625,14.93258054899281,1.87008054899281
2780,4,12.9000000954,14.371403828078671,1.471403732678672
2781,4,11.25,13.019820712515804,1.7698207125158039
2782,4,13.0333334605,13.846120365317786,0.812786904817786
2783,1,13.2666665713,13.892840144971833,0.6261735736718332
2784,1,8.19999980927,9.840175694708988,1.6401758854389872
2785,1,12.6000003815,12.843759109797256,0.24375872829725687
2786,1,8.76250004768,10.191325143191836,1.4288250955118365
2787,1,13.4666668574,14.304722471342648,0.8380556139426485
2788,1,11.1000003815,12.64906423499155,1.5490638534915515
2789,1,13.0600000381,14.109897836665475,1.0498977985654747
2790,1,10.25,10.839658179063985,0.589658179063985
2791,1,6.19000000954,7.335323990455911,1.1453239809159106
2792,1,14.2799999237,14.267694204996934,0.012305718703066404
2793,1,11.6499996185,12.240330626563928,0.5903310080639272
2794,5,7.60000003468,11.708670204255228,4.108670169575228
2795,5,13.3999996185,15.743909044770932,2.3439094262709315
2796,5,13.875,16.74833704154061,2.8733370415406085
2797,5,12.1333335241,15.115089811445413,2.981756287345414
2798,5,10.8299999237,14.079501291265531,3.2495013675655304
2799,5,8.13000020981,11.67683329182706,3.546833082017061
2800,5,14.5999999046,16.55954596488618,1.9595460602861792
2801,5,7.88928578581,11.57372789673422,3.684442110924219
2802,5,10.1999998093,13.532243370524473,3.332243561224473
2803,5,12.6400001526,15.719069263411575,3.0790691108115738
2804,3,12.4666668574,13.72259867412072,1.2559318167207199
2805,3,13.1666666667,14.190721258618934,1.0240545919189348
2806,3,11.9199998856,13.482158793527919,1.5621589079279197
2807,3,11.544444508,14.262203399412227,2.7177588914122275
2808,3,14.2222224341,14.217260702164344,0.0049617319356567435
2809,3,12.2749998569,14.610904143676898,2.3359042867768984
2810,3,12.2176471037,14.997342134869921,2.779695031169922
2811,3,13.2285714831,14.179746100555064,0.9511746174550648
2812,3,13.1666666667,14.482766186345934,1.3160995196459346
2813,3,13.1499996185,13.61456876883757,0.46456915033756907
2814,4,11.5749998093,15.19264487545082,3.6176450661508213
2815,4,13.6,14.900846392987924,1.3008463929879248
2816,4,12.8,13.929927549119187,1.129927549119186
2817,4,13.3500003815,13.525230925996087,0.17523054449608821
2818,4,13.5,13.328779023752421,0.1712209762475787
2819,4,7.66666666667,9.867805507063947,2.2011388403939467
2820,4,5.80000019073,7.877055390323448,2.077055199593448
2821,4,13.3000001907,15.240336760228235,1.9403365695282346
2822,4,12.0499997139,14.139659027444035,2.0896593135440344
2823,4,8.75,9.634887025209972,0.8848870252099719
2824,4,13.0666666031,14.468815617101976,1.4021490140019761
2825,4,14.0,15.15506707983023,1.1550670798302303
2826,2,9.80000019073,10.942273621726548,1.142273430996548
2827,2,6.57499998808,9.753063238543835,3.1780632504638344
2828,2,7.2607142755,12.179543569495076,4.918829293995076
2829,2,12.9000000954,14.190807515461206,1.2908074200612063
2830,2,12.8999996185,14.119118131556858,1.2191185130568574
2831,2,13.2999997139,15.937389684892311,2.637389970992311
2832,2,7.38333336512,10.244279969436883,2.860946604316883
2833,2,12.3428569521,14.501371152690748,2.158514200590748
2834,2,8.42499995232,11.46832236700124,3.0433224146812403
2835,2,12.4222222434,14.133004479197641,1.710782235797641
2836,2,6.38333328565,9.69633213840209,3.3129988527520897
2837,2,14.0999999046,15.86946578090589,1.7694658763058886
2838,4,12.6000000636,14.723573851032041,2.1235737874320417
2839,2,14.6846154286,15.672293688504128,0.9876782599041274
2840,2,9.65000009537,11.095548481847041,1.445548386477041
2841,2,10.4733332952,11.232263306324445,0.7589300111244448
2842,2,11.7999997139,12.841511830972307,1.0415121170723065
2843,2,13.2999998728,15.586091250378946,2.286091377578945
2844,2,13.6999998093,15.55291210113371,1.8529122918337109
2845,2,6.34545456279,10.002138046802685,3.656683484012685
2846,2,15.3499999046,15.926173197478347,0.5761732928783463
2847,2,13.1000000636,14.176006164124736,1.0760061005247366
2848,2,11.0999999046,12.469207749776384,1.3692078451763834
2849,2,14.0600000381,16.054839412626073,1.994839374526073
2850,2,13.5,15.22461392992496,1.7246139299249599
2851,2,9.32307690841,11.0335100065368,1.7104330981267992
2852,2,11.9000000954,14.3941398555813,2.4941397601813
2853,2,12.6000003815,15.153991649789086,2.553991268289087
2854,2,6.60476191839,9.336152058843519,2.7313901404535184
2855,2,9.02499997616,11.038885452164074,2.0138854760040736
2856,3,14.1000003815,14.779835259701338,0.6798348782013388
2857,3,8.7380952381,9.658737288337136,0.9206420502371362
2858,3,9.36000003815,10.973334922531086,1.6133348843810857
2859,3,10.7153845934,13.767963257045315,3.052578663645315
2860,3,11.0666666031,12.336591325908058,1.2699247228080583
2861,3,6.17500001192,8.025521501116614,1.8505214891966144
2862,3,13.8499999046,15.284057581688206,1.4340576770882052
2863,3,13.1000003815,14.515298707121563,1.4152983256215634
2864,3,13.1199998856,14.674299607917835,1.5542997223178343
2865,3,14.3499999046,15.406083909616973,1.056084005016972
2866,2,11.0999999046,10.955039715717897,0.14496018888210394
2867,2,8.88000011444,11.631920518399887,2.751920403959888
2868,2,7.0625000596,9.08870417336575,2.0262041137657505
2869,2,13.4800001144,15.069504962103148,1.5895048477031484
2870,2,7.23333326976,9.291104742928875,2.0577714731688745
2871,2,13.2000002861,15.732276099932431,2.532275813832431
2872,2,11.8000001907,14.247168356587743,2.447168165887742
2873,2,11.5666666031,14.675735738803327,3.1090691357033275
2874,2,13.3399999619,15.047698187538751,1.707698225638751
2875,2,8.60000038147,10.456248853153047,1.8562484716830472
2876,2,7.02499997616,9.747081203511714,2.7220812273517137
2877,2,9.41034491309,10.67899021233725,1.2686452992472503
2878,5,9.75,14.07313527056499,4.32313527056499
2879,5,13.0750000477,16.96261103658318,3.8876109888831802
2880,5,13.6384615531,15.854164666864436,2.2157031137644356
2881,5,15.5,16.49162821976728,0.9916282197672786
2882,5,13.0500001907,14.872508361531214,1.8225081708312132
2883,5,12.6000000636,15.5719214430468,2.971921379446801
2884,5,13.8000001907,16.05055843836564,2.2505582476656407
2885,5,8.43225806759,12.614606978422428,4.182348910832427
2886,5,12.25,14.824713459369352,2.5747134593693524
2887,5,11.3000001907,13.234454791757058,1.9344546010570571
2888,5,12.5999999046,16.34334598302404,3.7433460784240395
2889,1,13.2000001272,12.365686152634428,0.8343139745655712
2890,1,9.0,10.746179588672,1.7461795886719997
2891,1,11.0,10.950530286146495,0.049469713853504516
2892,1,12.1,13.746735361518242,1.6467353615182425
2893,1,7.0,11.907789731639332,4.9077897316393315
2894,1,15.6999998093,14.725054677596454,0.9749451317035458
2895,1,7.54285710199,9.67668227166577,2.13382516967577
2896,1,8.61428560529,10.41586330998058,1.8015777046905797
2897,1,9.94999980927,9.904670033845086,0.04532977542491423
2898,1,11.3500003815,11.935090408084209,0.5850900265842096
2899,1,12.3999996185,15.572216472075697,3.172216853575696
2900,4,13.6499996185,14.812907998696831,1.1629083801968303
2901,4,10.1666669846,10.532556314630702,0.3658893300307007
2902,4,12.2777777778,13.184185663553215,0.9064078857532145
2903,4,13.1666669846,12.863445819154858,0.30322116544514266
2904,4,13.8499999046,15.548934654008384,1.6989347494083837
2905,4,11.0666666031,15.144108862057266,4.077442258957266
2906,4,10.5,10.493052808996504,0.006947191003495945
2907,4,13.7599998474,15.239067486147379,1.4790676387473791
2908,4,10.7999998728,11.980643774285598,1.1806439014855972
2909,4,7.48000001907,9.714229699991069,2.234229680921069
2910,4,10.4000000954,12.076310459224812,1.676310363824813
2911,4,12.6500000954,14.572619121395276,1.9226190259952762
2912,4,12.5333334605,12.86683230278694,0.3334988422869394
2913,4,11.5555554496,14.724104619545049,3.1685491699450488
2914,4,12.7333332698,13.404193227368681,0.6708599575686822
2915,4,5.42777776718,8.838504117871356,3.4107263506913554
2916,4,15.4500000477,15.804578098897666,0.3545780511976666
2917,4,15.066666921,15.215186142627026,0.14851922162702635
2918,4,12.2999997139,12.958223180204245,0.6582234663042446
2919,4,12.5428570339,14.699815096445034,2.1569580625450335
2920,4,11.9125001431,15.131672434115869,3.2191722910158678
2921,4,11.625,12.713100631020557,1.0881006310205574
2922,2,14.8499999046,15.371182701725251,0.5211827971252507
2923,2,14.6500000954,17.549873307412266,2.8998732120122668
2924,2,14.1999998093,14.85652414209118,0.6565243327911805
2925,2,11.1666666667,13.438507599696052,2.271840932996053
2926,2,8.80000019073,10.56165188519242,1.7616516944624205
2927,2,7.625,10.486309735653675,2.861309735653675
2928,2,10.1285714422,11.677960003284847,1.5493885610848466
2929,2,11.1999998093,11.052432197567812,0.14756761173218713
2930,2,9.99999988079,10.880043979988388,0.880044099198388
2931,2,14.0333334605,13.041880034337398,0.991453426162602
2932,3,11.5499997139,12.145011638306604,0.5950119244066041
2933,3,13.9916667144,13.960268840260609,0.0313978741393921
2934,3,8.15161292784,13.289208531024506,5.137595603184506
2935,3,14.4000000954,14.985132112051511,0.5851320166515119
2936,3,11.1000000636,12.089845934714013,0.9898458711140137
2937,3,6.10000002384,7.340156500526469,1.2401564766864688
2938,3,7.5799999555,9.027646621856736,1.4476466663567358
2939,3,6.53599998474,8.128350000499259,1.5923500157592585
2940,3,7.6875,10.028964229567487,2.341464229567487
2941,3,8.04000005722,10.000228083742018,1.9602280265220173
2942,3,9.20000019073,9.963431849139308,0.7634316584093082
2943,3,8.89999961853,9.510827960507005,0.6108283419770046
2944,1,14.3999996185,13.603190823083414,0.7968087954165863
2945,1,6.79999995232,9.120429779378053,2.320429827058053
2946,1,6.46666669846,8.506630767785568,2.039964069325568
2947,1,13.8809524718,14.252166735956626,0.3712142641566256
2948,1,9.7999997139,10.486484987752341,0.686485273852341
2949,1,9.40000009537,9.597883173345672,0.19788307797567128
2950,1,5.4153846594,8.499759269355387,3.084374609955387
2951,1,7.09999990463,8.349125326136264,1.249125421506264
2952,1,8.89999961853,10.602160366847418,1.702160748317418
2953,1,13.5,13.954570236219363,0.45457023621936266
2954,1,14.0,15.363208638561119,1.3632086385611188
2955,1,10.75,10.705257528253561,0.04474247174643864
2956,1,9.41249990463,10.209673964933398,0.7971740603033979
2957,1,9.86818174882,11.841912920990252,1.9737311721702522
2958,1,7.10606063496,7.97318270836098,0.8671220734009797
2959,1,11.3000001907,13.780429116597906,2.4804289258979058
2960,5,10.4777779049,13.183945224281421,2.7061673193814215
2961,5,14.0142856325,15.087747384560338,1.0734617520603376
2962,5,11.6333335241,14.740041731251894,3.106708207151895
2963,5,7.45000004768,11.51431563041332,4.06431558273332
2964,5,14.1500000954,16.651265037860895,2.501264942460896
2965,5,12.8000001907,14.060433697796595,1.2604335070965949
2966,5,12.8999996185,16.30578948089692,3.4057898623969187
2967,5,10.2166665395,15.119615711883327,4.902949172383327
2968,5,14.3999999364,18.000721407632163,3.6007214712321627
2969,5,11.5666666031,14.636585378920202,3.0699187758202022
2970,5,12.1000000636,13.210910408804633,1.1109103452046334
2971,5,11.9749999642,15.114264319482041,3.139264355282041
2972,5,10.8250000477,12.816467814992661,1.9914677672926615
2973,5,14.8,15.560885775402511,0.7608857754025102
2974,5,12.5083333651,16.807771119552214,4.299437754452214
2975,5,7.01428576878,11.018811046891086,4.004525278111086
2976,5,5.85000014305,11.451727109023928,5.601726965973928
2977,5,12.9000003338,16.104566631955592,3.2045662981555925
2978,5,16.6000003815,19.91047345316533,3.3104730716653314
2979,4,13.1500000954,15.21775224434722,2.0677521489472213
2980,4,6.71999998093,7.701615689762451,0.9816157088324511
2981,4,12.0,14.648638875659561,2.648638875659561
2982,4,11.8999996185,12.304811336074563,0.404811717574562
2983,4,13.4499999682,14.245218001383266,0.7952180331832661
2984,4,13.3999996185,15.376751471951685,1.9767518534516846
2985,4,13.4399999619,14.92094823337689,1.4809482714768905
2986,4,10.4499998093,11.24777229575139,0.7977724864513913
2987,4,14.6999998093,16.207479415661496,1.5074796063614961
2988,4,6.90000002725,9.258437415318893,2.358437388068893
2989,4,12.914285796,14.90626148455312,1.9919756885531203
2990,4,12.7249999046,14.059224917443292,1.3342250128432909
2991,4,10.3571427209,10.63533063562936,0.2781879147293598
2992,2,10.8000001907,11.061396419850496,0.26139622915049543
2993,2,8.72500014305,10.710846499665305,1.9858463566153048
2994,2,9.89999961853,10.627134166340715,0.7271345478107154
2995,2,11.3500003815,13.592821482081533,2.2428211005815335
2996,2,13.3250000477,14.711963658209106,1.386963610509106
2997,2,15.6333332062,16.5842826059311,0.9509493997311012
2998,2,11.9499998093,15.30228145142294,3.352281642122941
2999,2,11.477777799,12.682816531942988,1.2050387329429881
3000,2,8.44999980927,10.575340659234657,2.1253408499646564
3001,2,13.120000267,14.114535044915549,0.9945347779155487
3002,1,7.79375004768,8.474201567429015,0.6804515197490151
3003,1,5.9888888465,11.230622281151433,5.241733434651433
3004,1,12.1500003338,13.09013461962894,0.9401342858289397
3005,1,8.00000023842,9.646453941605088,1.646453703185088
3006,1,13.0333334605,15.4821513883947,2.4488179278946998
3007,1,9.03181817315,9.468362897486468,0.43654472433646774
3008,1,13.1000003815,11.999684856599366,1.1003155249006333
3009,1,8.2916667064,11.319253856110194,3.027587149710195
3010,1,10.75,10.932152626030812,0.1821526260308115
3011,1,13.3000001907,15.413058707538319,2.1130585168383185
3012,5,12.6666666667,16.929485518517474,4.2628188518174746
3013,5,12.4000000954,18.379514424544908,5.979514329144909
3014,5,10.1,12.34275894557604,2.242758945576041
3015,5,6.25714288439,10.85722171350831,4.600078829118309
3016,5,12.2294117423,15.559755387429876,3.330343645129876
3017,5,12.9400001526,16.481343196129053,3.5413430435290536
3018,5,14.5500001907,17.92724064181974,3.3772404511197394
3019,5,11.7999997139,15.214488506947351,3.414488793047351
3020,5,14.3499999046,19.156360462811392,4.8063605582113915
3021,5,11.5750000477,14.453969063452407,2.878969015752407
3022,5,13.8499999046,14.882780036122934,1.0327801315229337
3023,5,6.07857145582,10.942131210339,4.863559754519
3024,5,8.70000012716,11.263698165375569,2.56369803821557
3025,5,12.5782609608,15.871030647502609,3.2927696867026093
3026,5,13.0,15.987708659630357,2.987708659630357
3027,5,12.6461538168,16.86602243362215,4.219868616822149
3028,5,12.6000000636,16.776758382813274,4.176758319213274
3029,5,10.7199999809,14.831384766300808,4.111384785400807
3030,5,7.98333338896,11.338349697891713,3.355016308931713
3031,5,13.8333336512,17.62646282887111,3.7931291776711085
3032,5,15.7666667302,18.042746614326227,2.2760798841262257
3033,5,11.1999998093,13.506491900570314,2.3064920912703144
3034,5,6.05217390475,10.748674465235082,4.696500560485082
3035,5,8.71999988556,13.20084484189961,4.4808449563396096
3036,5,5.9368421404,10.766651746079011,4.829809605679012
3037,5,6.46833333174,12.257227960558176,5.788894628818175
3038,5,14.1999998093,15.034603202572125,0.8346033932721255
3039,5,5.90000009537,11.446167428811911,5.546167333441911
3040,5,12.3999996185,15.126867175123497,2.726867556623496
3041,5,6.44999980927,11.681660124366356,5.231660315096356
3042,5,11.2999998728,13.956122209382922,2.6561223365829214
3043,5,7.14545449344,11.78141476068578,4.635960267245781
3044,5,9.38000011444,13.714398901479205,4.334398787039206
3045,5,6.95862071267,12.085087869511332,5.126467156841332
3046,5,13.1999998093,16.199453295950274,2.9994534866502747
3047,3,6.87142852374,7.791751087523359,0.9203225637833592
3048,3,10.0999999046,10.11954890273645,0.019548998136448503
3049,3,9.6033708058,12.607470005653902,3.0040991998539024
3050,3,7.74285718373,8.833263364388742,1.090406180658742
3051,3,8.39999993642,8.558705874906558,0.15870593848655723
3052,3,7.04999995232,7.896783978208281,0.8467840258882804
3053,3,7.5,9.922610005216152,2.4226100052161517
3054,3,6.88000011444,7.951161772008431,1.0711616575684317
3055,3,11.8999996185,12.227813001680158,0.32781338318015685
3056,3,14.2727272727,14.3066860975214,0.03395882482140067
3057,3,7.06666676203,8.245543744444992,1.1788769824149927
3058,3,14.0,14.683418431858685,0.6834184318586853
3059,3,5.93333334393,7.953495054727595,2.020161710797595
3060,1,7.68571438108,9.99072535293668,2.30501097185668
3061,1,10.3499999728,13.027995997156534,2.677996024356535
3062,1,13.25,13.633195509140858,0.3831955091408581
3063,1,6.95000004768,8.458827668063693,1.508827620383693
3064,1,13.0399999619,13.739188814592831,0.6991888526928314
3065,1,11.4000000272,13.210505812508222,1.8105057853082211
3066,1,10.1699999809,12.055347534743985,1.8853475538439852
3067,1,10.25,14.577220559449966,4.327220559449966
3068,1,10.3999999364,10.74375554785049,0.34375561145049005
3069,1,13.5,14.52543791008463,1.02543791008463
3070,1,12.6500000954,12.766711830316964,0.11671173491696507
3071,5,12.1999998093,13.892825556769548,1.6928257474695485
3072,5,8.26538471075,11.652521150007967,3.387136439257967
3073,5,12.8600000381,16.23298405266733,3.3729840145673293
3074,5,11.8499999046,12.948038755877478,1.0980388512774777
3075,5,7.03333330154,11.189433509106738,4.156100207566738
3076,5,12.9624999762,15.511688312092062,2.5491883358920617
3077,5,13.1749999523,16.758279366068166,3.5832794137681656
3078,5,14.1428570066,15.146789629759443,1.003932623159443
3079,5,12.6999999827,16.245441106515145,3.545441123815145
3080,5,5.76666673024,11.594072985155059,5.827406254915059
3081,5,13.0,14.766001888221098,1.7660018882210977
3082,5,5.94999992847,11.789445409139981,5.839445480669982
3083,5,12.8500001431,15.653805529558518,2.8038053864585173
3084,5,12.7399998665,14.806025084294207,2.0660252177942073
3085,5,7.10000006358,10.31717485732853,3.21717479374853
3086,1,14.8499999046,15.373466851890862,0.5234669472908617
3087,1,13.9400001526,13.906129931527447,0.03387022107255255
3088,1,7.94999996821,9.672843034609429,1.7228430663994283
3089,1,5.40000009537,9.039018506584359,3.6390184112143587
3090,1,5.70624992251,8.401965961281393,2.695716038771393
3091,1,12.6600000381,12.376577079133156,0.28342295896684355
3092,1,11.3999996185,11.498854733710548,0.09885511521054724
3093,1,8.52857153756,9.814486124366796,1.285914586806797
3094,1,13.1333332062,14.060686437421793,0.9273532312217938
3095,1,10.75,11.496728938058553,0.7467289380585527
3096,1,12.9499998093,15.332797397415725,2.382797588115725
3097,5,13.5222220951,15.318783311863022,1.7965612167630223
3098,5,11.6000003815,17.081774049778943,5.481773668278944
3099,5,13.0,16.729969201940815,3.729969201940815
3100,5,11.2999998728,14.418262040904418,3.118262168104417
3101,5,13.1000003815,16.54728467235658,3.4472842908565795
3102,5,11.8111111323,15.23856006859401,3.4274489362940095
3103,5,11.6999998093,15.542197633744946,3.8421978244449466
3104,5,8.0,11.060262456942962,3.0602624569429615
3105,5,8.4666668574,12.18816275682652,3.72149589942652
3106,5,11.6500000954,17.06315517652667,5.413155081126671
3107,4,9.80000019073,10.287394432198925,0.48739424146892496
3108,5,14.4000000954,15.86475975073267,1.4647596553326707
3109,5,5.87058821846,10.731120885595155,4.860532667135155
3110,5,12.25,15.335962207306835,3.085962207306835
3111,3,6.04999995232,7.339008394607555,1.289008442287555
3112,3,10.0,11.60011423681827,1.6001142368182695
3113,3,12.25,13.693091875143795,1.4430918751437947
3114,3,13.8624999523,14.535232078051296,0.6727321257512955
3115,3,6.39166673024,8.8994892190468,2.5078224888067995
3116,3,8.79999987284,10.595894655291996,1.7958947824519953
3117,3,13.2666667302,13.661051183323702,0.39438445312370085
3118,3,10.2666667302,9.905346024315472,0.3613207058845287
3119,3,7.61176479564,8.983759188546028,1.3719943929060276
3120,3,13.25,13.669466943424023,0.41946694342402324
3121,2,6.21666661898,9.295562783062909,3.0788961640829093
3122,2,12.8333330154,13.097059064743894,0.26372604934389443
3123,2,12.1,13.630627904544815,1.530627904544815
3124,2,5.5,9.688241219710463,4.188241219710463
3125,2,12.8999996185,13.462400461408304,0.5624008429083034
3126,2,12.5,13.96173674706183,1.4617367470618294
3127,2,8.36666663488,11.012652030974449,2.6459853960944493
3128,2,13.6999998093,15.36546750741528,1.6654676981152807
3129,2,5.57857148988,9.889259765495462,4.310688275615462
3130,2,11.9727271687,14.281013823525106,2.308286654825105
3131,2,5.64999995232,9.61514939030493,3.9651494379849304
3132,2,15.0249998569,15.59226094754114,0.567261090641141
3133,2,11.1727273247,14.53638533330798,3.3636580086079793
3134,2,7.5,10.260122748969279,2.7601227489692786
3135,2,13.4999998093,15.187361193020191,1.6873613837201908
3136,2,15.5750000477,16.470109955931573,0.8951099082315732
3137,2,6.93103444987,9.702487466585113,2.771453016715113
3138,2,6.74444447623,9.45512303210909,2.710678555879091
3139,2,10.3999999762,12.318028784996287,1.9180288087962865
3140,2,9.12499976158,11.274135345827785,2.1491355842477855
3141,2,11.0000002384,11.382058915684363,0.3820586772843626
3142,2,12.2499998411,13.496700193484541,1.2467003523845417
3143,1,9.52000017166,10.583312124775334,1.0633119531153348
3144,1,14.6749999523,15.083728209875137,0.4087282575751363
3145,1,8.75,10.79127233444436,2.0412723344443595
3146,1,7.8266667366,9.1704785331671,1.3438117965671008
3147,1,10.6999998093,10.169922782744267,0.5300770265557322
3148,1,8.87500023842,10.999414234964794,2.124413996544794
3149,1,13.6000000636,14.354064697764121,0.7540646341641217
3150,1,12.6500000954,13.673956127581118,1.0239560321811183
3151,1,12.4600002289,14.501185873502045,2.041185644602045
3152,1,7.09999995232,9.494360084222562,2.3943601319025616
3153,1,8.89999961853,10.36650126241816,1.4665016438881597
3154,1,11.625,11.752550607323798,0.12755060732379775
3155,1,12.6749999523,14.03788272938848,1.3628827770884797
3156,1,8.36666647593,11.068063717417553,2.7013972414875536
3157,5,13.3400000572,16.162051745868336,2.8220516886683367
3158,5,5.69999980927,10.838960772415598,5.138960963145598
3159,5,13.5499999523,16.2635132473948,2.713513295094801
3160,5,12.1999998093,14.62098039878074,2.42098058948074
3161,3,11.6999998093,12.595589132741903,0.8955893234419037
3162,5,7.96666663488,11.670962384517178,3.7042957496371782
3163,5,7.02500009537,10.276059955911778,3.251059860541778
3164,5,6.80000019073,11.543173770224927,4.743173579494927
3165,5,13.8000001907,16.008099060536225,2.208098869836224
3166,5,7.86111124357,12.086877129218266,4.225765885648266
3167,5,13.3000001907,16.831409252145725,3.531409061445725
3168,5,12.6000000636,16.19649112254987,3.5964910589498693
3169,5,10.8999996185,13.307917055618141,2.40791743711814
3170,5,11.6999998093,12.62995746217953,0.9299576528795299
3171,5,13.5,15.04330369076519,1.5433036907651907
3172,5,14.1999998093,16.436897865644138,2.2368980563441383
3173,1,15.1999998093,15.510909089814975,0.31090928051497535
3174,1,14.2499998411,13.93715618903608,0.3128436520639202
3175,1,8.0,9.96725500114013,1.9672550011401295
3176,1,6.70000004768,8.424599475476976,1.724599427796976
3177,1,7.94999996821,9.183634905051177,1.2336349368411765
3178,1,5.72857141495,8.068892442109664,2.340321027159664
3179,1,11.0714285714,11.69215193271086,0.6207233613108603
3180,1,13.9500002861,13.828010900537999,0.12198938556200112
3181,1,13.3000001907,14.345139680859107,1.045139490159107
3182,1,12.5666666031,11.754022587740643,0.812644015359357
3183,1,7.8,8.684740469722914,0.8847404697229146
3184,1,10.8599998474,11.583929735788413,0.7239298883884135
3185,5,11.2833334605,15.808752860744628,4.525419400244628
3186,5,10.0214285987,14.06163549008124,4.04020689138124
3187,5,14.2000000477,16.421318899351334,2.2213188516513345
3188,5,13.8749997616,17.415279972456126,3.5402802108561264
3189,5,10.4000001907,12.454643756213978,2.0546435655139774
3190,5,12.5,17.87119617195413,5.371196171954129
3191,5,12.2999999523,14.716851713899102,2.4168517615991014
3192,5,12.1666666667,15.439219608727797,3.2725529420277972
3193,5,9.89999961853,12.939363075409391,3.039363456879391
3194,5,14.433333238,18.072051106743974,3.6387178687439743
3195,5,6.09999990463,11.111300473517428,5.011300568887428
3196,1,11.1814815733,13.121793730485045,1.940312157185046
3197,1,11.3826086625,14.246084379951133,2.8634757174511343
3198,1,12.0,11.620344847907672,0.3796551520923277
3199,1,12.3499999046,12.625897188013921,0.2758972834139204
3200,1,8.09999990463,10.602530928971913,2.5025310243419128
3201,1,7.35714285714,8.528269160471014,1.1711263033310138
3202,1,8.89999993642,11.105112760140985,2.2051128237209845
3203,1,6.96153846154,10.077534677456061,3.115996215916061
3204,1,13.3999996185,12.515329722137913,0.8846698963620874
3205,1,11.3999996185,11.413075303422318,0.01307568492231681
3206,1,13.0666666031,13.098160220571629,0.03149361747162871
3207,2,13.1999998093,15.701003302850026,2.5010034935500265
3208,2,6.11875000596,9.003134058901848,2.884384052941848
3209,2,12.6000000636,15.27532407566615,2.6753240120661506
3210,2,10.875,13.246180938204573,2.3711809382045725
3211,2,14.3000001907,15.246451341232232,0.9464511505322317
3212,2,13.1999998093,14.309293999417134,1.1092941901171347
3213,2,10.9499998093,12.936656671087285,1.986656861787285
3214,2,12.1999998093,14.042817319027643,1.8428175097276434
3215,2,12.4619047982,15.036309813667145,2.5744050154671445
3216,2,12.75,15.179733465607555,2.429733465607555
3217,2,10.4000000954,10.879038268827149,0.47903817342714916
3218,1,8.33333333333,13.087362983248456,4.754029649918456
3219,1,13.3999996185,12.76349225142859,0.6365073670714114
3220,1,11.3000001907,12.121912541385111,0.8219123506851105
3221,1,14.3999996185,14.366540616939394,0.03345900156060644
3222,1,12.1666666667,13.977824840013302,1.8111581733133022
3223,1,13.9750001431,13.946329015635163,0.02867112746483791
3224,1,7.02222220103,8.476174561292746,1.453952360262746
3225,1,12.2333332698,12.819132505601177,0.5857992358011774
3226,1,14.2750003338,14.586003901379652,0.3110035675796521
3227,1,12.9399999619,12.106399640671123,0.833600321228877
3228,1,13.25,15.48619369941346,2.2361936994134606
3229,3,13.0999999046,15.129588874154035,2.029588969554034
3230,3,12.6000003815,13.621656065777367,1.021655684277368
3231,3,8.625,8.02931895102901,0.5956810489709898
3232,3,13.0,13.481776160104388,0.4817761601043884
3233,3,11.2200000763,12.330794018172266,1.1107939418722665
3234,3,13.7875000238,14.74505825775867,0.9575582339586699
3235,3,15.0999999046,15.113579893279244,0.013579988679243371
3236,3,15.0249998569,15.80474269179792,0.7797428348979203
3237,3,16.75,16.542975833379206,0.20702416662079415
3238,3,9.93333339691,8.908195046087773,1.0251383508222265
3239,5,11.2190475464,13.97615329801364,2.75710575161364
3240,5,11.3749997616,14.104558446006058,2.729558684406058
3241,5,7.02000007629,11.12349236558164,4.103492289291641
3242,5,7.36666663488,12.007719650866608,4.641053015986609
3243,5,5.96250009537,11.327387101848586,5.364887006478586
3244,5,12.1666666667,15.968266607812682,3.8015999411126824
3245,5,7.53333338102,12.512626668383543,4.979293287363543
3246,5,14.7250001431,16.227760659310142,1.5027605162101416
3247,5,12.4333333969,16.570810960760156,4.1374775638601555
3248,5,13.5499997139,15.530352842301628,1.980353128401628
3249,5,12.1853658397,15.435405614442892,3.250039774742893
3250,5,13.8666667938,16.796072445115126,2.9294056513151254
3251,4,13.2999999523,14.878781710854765,1.578781758554765
3252,4,12.5499997139,13.062544402755622,0.5125446888556215
3253,4,8.27999973297,9.803654039151429,1.5236543061814292
3254,4,10.5333331426,11.574513357269751,1.041180214669751
3255,4,10.7393939856,14.673970781207709,3.9345767956077093
3256,4,10.5,11.791466021215275,1.2914660212152747
3257,4,12.2250001431,13.149236692731757,0.9242365496317557
3258,4,13.0,13.988759782854528,0.9887597828545278
3259,4,12.3000001907,12.683430084418685,0.3834298937186844
3260,5,11.1999999682,13.457469798029,2.2574698298290006
3261,5,13.1999998093,13.588095391082476,0.3880955817824763
3262,5,10.8000001907,14.585323923177475,3.7853237324774742
3263,5,13.1199998856,15.365514147270398,2.2455142616703974
3264,5,8.65454543721,11.453867460866588,2.799322023656588
3265,5,14.2999997139,16.69805597999511,2.398056266095111
3266,5,7.86000000636,12.733387787178991,4.873387780818991
3267,5,6.23333332274,11.241575734736939,5.008242411996939
3268,5,11.1000003815,14.976887496216667,3.876887114716668
3269,5,12.6999998093,15.674524607323487,2.974524798023488
3270,5,11.6999998093,12.717924987163144,1.0179251778631446
3271,2,7.47999992371,9.788829770128052,2.3088298464180514
3272,2,11.1000003815,11.481163229857444,0.3811628483574445
3273,2,12.9500002861,14.367732698702053,1.417732412602053
3274,2,11.9000000954,13.393030413511386,1.493030318111387
3275,2,13.1000003815,14.281804367815226,1.1818039863152272
3276,2,12.2416665554,13.937878209293949,1.6962116538939487
3277,2,6.7074074392,9.479175364256859,2.771767925056859
3278,2,12.375,13.384106452684069,1.009106452684069
3279,2,13.066666921,14.210225640714306,1.1435587197143064
3280,2,13.2999999523,15.008995474739075,1.708995522439075
3281,4,9.03000001907,10.759774215865288,1.7297741967952884
3282,4,12.9666665395,14.85087171030991,1.88420517080991
3283,4,12.8000001907,12.273130269180411,0.5268699215195891
3284,4,11.7500002384,15.184704053933563,3.434703815533563
3285,4,12.6999998093,13.242510360312867,0.5425105510128674
3286,4,6.37142848969,8.97472305328611,2.6032945635961102
3287,4,7.58750003576,9.173304051102091,1.5858040153420916
3288,4,11.0499997139,15.218809438890753,4.168809724990753
3289,4,9.27142851693,10.908758271950857,1.6373297550208576
3290,4,12.9499999927,15.163901557993658,2.213901565293657
3291,3,6.56666668256,7.793045153616876,1.2263784710568757
3292,3,8.71249997616,8.298323620202886,0.4141763559571139
3293,3,13.3333333333,13.321941291151752,0.011392042148248294
3294,3,11.9499998093,12.343584446380554,0.39358463708055424
3295,3,13.6000000636,14.470065018834427,0.8700649552344277
3296,3,13.6999998093,13.908177153361498,0.20817734406149846
3297,3,7.25,10.005549185807372,2.7555491858073715
3298,3,11.0999999046,11.106605141212167,0.0066052366121667205
3299,3,10.1000003815,11.42088739701263,1.3208870155126302
3300,3,7.77826085298,8.682122290612517,0.9038614376325169
3301,3,7.25,8.059424779854577,0.8094247798545773
3302,3,12.9000000954,14.355953155880579,1.4559530604805797
3303,3,10.9499998093,14.682142112664563,3.7321423033645633
3304,3,12.7999997139,12.64672996757339,0.15326974632660928
3305,1,10.7750000954,10.792462442427306,0.017462347027306535
3306,1,8.17500007153,9.135807322017689,0.9608072504876883
3307,1,7.66666666667,10.310802285343751,2.644135618673751
3308,3,15.6666666667,14.920985273378273,0.7456813933217266
3309,3,15.0666666031,13.872187899077998,1.1944787040220017
3310,3,12.3666667938,14.015434223625078,1.648767429825078
3311,3,11.6000003815,12.317203933776302,0.7172035522763025
3312,3,9.32499980927,9.686341894947109,0.36134208567710857
3313,3,13.6000003815,14.652172060271822,1.0521716787718223
3314,3,12.75,14.657954761438,1.9079547614380008
3315,3,12.0333333545,14.058791582640538,2.025458228140538
3316,1,12.3999996185,13.767962968931041,1.3679633504310402
3317,1,12.3000001907,15.129023397185376,2.8290232064853758
3318,1,9.03636368838,10.0988708293461,1.0625071409660993
3319,1,14.6999998093,14.372650736391236,0.32734907290876336
3320,1,12.6000003815,13.485063667508774,0.8850632860087746
3321,1,10.8250000477,10.931793250592573,0.10679320289257355
3322,1,11.2999997139,11.7355488840444,0.43554917014439987
3323,3,11.1714285442,11.08923238745246,0.0821961567475391
3324,3,13.0499997139,13.416143763980072,0.3661440500800719
3325,3,12.7999999523,14.084937827796862,1.284937875496862
3326,5,13.1000003815,15.557078501435136,2.4570781199351366
3327,5,11.1999998093,15.077804891191779,3.877805081891779
3328,5,9.49999968211,12.967346199682995,3.467346517572995
3329,5,8.36666647593,12.265948817118911,3.8992823411889113
3330,5,12.6600000381,17.221212841763805,4.561212803663805
3331,5,6.63749998808,11.433529479589177,4.796029491509177
3332,5,8.33333365122,11.502248509845792,3.168914858625792
3333,5,14.4333333969,16.883591016007557,2.450257619107557
3334,5,13.0,17.393234914435034,4.393234914435034
3335,5,12.3999996185,15.522944354689006,3.1229447361890053
3336,1,11.5142856325,11.124541352421536,0.38974428007846385
3337,1,8.69999980927,11.613698736884267,2.9136989276142664
3338,1,6.5793103514,8.222869188756764,1.643558837356764
3339,1,12.5333334605,13.679836056520166,1.1465025960201665
3340,1,12.1111111111,12.911232161325092,0.8001210502250924
3341,1,12.4500002861,13.152408593368927,0.7024083072689269
3342,1,12.1999998093,13.233401104335291,1.0334012950352918
3343,1,9.89999961853,10.7710508880431,0.8710512695130994
3344,1,8.90000009537,10.958046765081255,2.0580466697112545
3345,1,9.95454554124,11.12561236365158,1.1710668224115803
3346,1,12.25,12.09392292577026,0.15607707422974038
3347,1,11.9249999523,12.451310736516117,0.5263107842161165
3348,2,8.86666647593,11.000751266055763,2.1340847901257636
3349,4,13.9500000477,15.149117030607476,1.1991169829074764
3350,4,12.8000001907,14.651428953079526,1.8514287623795251
3351,4,13.7999999523,15.245024255922901,1.4450243036229011
3352,4,7.1250000596,9.462656573588664,2.337656513988664
3353,4,6.0312500298,8.449239552767425,2.4179895229674253
3354,4,5.52000007629,8.368234040524474,2.848233964234474
3355,4,13.0538460658,15.573542838208844,2.519696772408844
3356,4,13.5,15.002646259744584,1.5026462597445835
3357,4,10.8999996185,10.454070271869856,0.4459293466301446
3358,4,6.27499997616,9.122003541214625,2.8470035650546244
3359,4,7.10666666031,9.455157170420536,2.348490510110536
3360,4,8.57500016689,10.267089876584718,1.6920897096947183
3361,4,13.0,15.083993671248335,2.0839936712483347
3362,4,11.6999998093,14.673528336229435,2.973528526929435
3363,4,14.0999997457,14.966224872964194,0.8662251272641939
3364,2,8.19999980927,10.297985774119024,2.0979859648490233
3365,2,11.1999998093,12.318330508116505,1.1183306988165054
3366,2,12.8999996185,15.752678809577228,2.852679191077227
3367,2,8.22499990463,10.55572795468916,2.330728050059161
3368,2,11.3000001907,10.84848074310817,0.4515194475918314
3369,2,7.7333334287,10.895923082331985,3.1625896536319846
3370,2,12.8000001907,16.20098872935367,3.400988538653671
3371,2,11.6999998093,12.975884900738341,1.275885091438342
3372,2,14.1000003815,15.97528321711745,1.8752828356174511
3373,1,7.70000004768,10.17956858746406,2.4795685397840597
3374,1,11.6000001431,10.69777943550686,0.9022207075931412
3375,1,7.69047623589,8.040808652147835,0.3503324162578343
3376,1,13.4277777672,14.435915584223878,1.0081378170238775
3377,1,14.1500000954,14.25848830211051,0.10848820671051129
3378,1,7.67500007153,10.29540816549644,2.6204080939664394
3379,1,12.3999999364,13.139443996479839,0.7394440600798386
3380,1,13.7250000238,15.40536176071962,1.68036173691962
3381,1,9.94999980927,10.476812067444326,0.526812258174326
3382,1,12.3999996185,14.828013866147574,2.428014247647573
3383,1,12.6999998093,13.822018310343486,1.1220185010434864
3384,1,13.8999996185,14.9552503729418,1.0552507544417988
3385,1,13.3333336512,13.94210446886462,0.6087708176646203
3386,1,13.6333332062,13.246932520488127,0.38640068571187314
3387,1,13.9666665395,15.222995503307034,1.256328963807034
3388,1,10.6000003815,10.859563754817863,0.2595633733178637
3389,1,11.3999996185,11.051197168702581,0.3488024497974198
3390,1,15.1999998093,15.637175410223888,0.4371756009238883
3391,1,13.1000003815,14.346110909409495,1.2461105279094955
3392,1,12.4500002861,13.345216311527976,0.8952160254279757
3393,1,15.0,15.850988475717958,0.8509884757179584
3394,1,8.65555551317,9.373609676063497,0.7180541628934964
3395,4,12.8999996185,12.891053208441225,0.008946410058776166
3396,4,10.1333335241,10.888133601425713,0.7548000773257133
3397,4,12.9000002543,14.369141833764498,1.4691415794644982
3398,4,12.6000003815,12.79427406884007,0.1942736873400701
3399,4,13.5,14.85517559018098,1.3551755901809805
3400,4,9.0,10.837852144390528,1.8378521443905278
3401,4,12.5333334605,14.569319817562725,2.0359863570627255
3402,4,11.8400000572,14.947779456220873,3.107779399020874
3403,4,7.69999980927,9.367101791714386,1.667101982444386
3404,4,15.3000001907,15.06600828383826,0.23399190686174087
3405,4,6.22500002384,8.928315911632145,2.7033158877921455
3406,5,13.5,15.932304237422528,2.432304237422528
3407,5,9.47777779897,13.599576360318682,4.121798561348683
3408,5,10.7999998728,14.741292111234792,3.941292238434791
3409,1,8.43999996185,8.948909954940435,0.5089099930904339
3410,5,13.25,14.832431749402712,1.582431749402712
3411,5,14.7500002384,16.31735085794646,1.5673506195464615
3412,5,14.1999998093,16.03043495701992,1.8304351477199212
3413,5,11.5999999046,14.623783385169384,3.0237834805693833
3414,5,10.9499998093,11.608204735802483,0.6582049265024832
3415,5,13.3000001907,16.56815897183107,3.2681587811310706
3416,5,13.1000003815,15.218434166476893,2.1184337849768937
3417,3,6.83636370572,8.778028108745735,1.9416644030257348
3418,3,10.0666666031,10.155546310568749,0.08887970746874885
3419,3,13.2166666985,15.290313131442502,2.0736464329425033
3420,3,13.375,14.337221458841265,0.962221458841265
3421,3,10.9749999046,11.815397310143348,0.8403974055433476
3422,3,10.2599998474,10.369305102956192,0.1093052555561922
3423,3,11.6000003815,11.932817746455598,0.33281736495559855
3424,3,7.68148150267,9.239596794799228,1.5581152921292283
3425,3,11.2235293108,14.031397968730882,2.8078686579308823
3426,2,12.8999996185,13.582017526608789,0.6820179081087883
3427,2,15.1999998093,16.134927755284227,0.9349279459842279
3428,2,14.75,16.55946081825081,1.809460818250809
3429,2,11.1999998093,12.429773043553048,1.2297732342530487
3430,2,13.1833333969,16.791536778133352,3.608203381233352
3431,2,9.75454547188,11.53658018346241,1.7820347115824102
3432,2,12.6600000381,15.423709079293403,2.763709041193403
3433,2,9.86666679382,10.591275313979033,0.7246085201590322
3434,2,12.1222222116,14.21549735565942,2.093275144059419
3435,2,7.43999996185,9.78889530969722,2.348895347847221
3436,2,14.8666664759,15.577253586804908,0.7105871109049069
3437,2,12.5999999046,13.852081214315678,1.2520813097156775
3438,1,6.41250002384,8.745818968825413,2.333318944985413
3439,1,11.0,11.332209045419159,0.33220904541915885
3440,1,13.8179486593,14.57877033606481,0.7608216767648095
3441,1,12.4371428626,14.090552936614232,1.6534100740142321
3442,1,7.23333326976,8.012510034811301,0.7791767650513011
3443,1,9.22876721212,11.537631400061837,2.308864187941838
3444,1,11.5333332486,12.418414369115276,0.8850811205152755
3445,1,8.31666684151,11.517915760312745,3.2012489188027455
3446,1,10.9500002861,17.003328425472976,6.053328139372976
3447,1,7.32352935567,9.1165177260403,1.7929883703703
3448,1,10.6000003815,11.137873312265484,0.5378729307654844
3449,1,13.8999998569,14.896261406864614,0.9962615499646148
3450,1,7.01999998093,9.002133066427168,1.9821330854971686
3451,1,13.2999998728,14.461559821795467,1.1615599489954658
3452,1,11.2166666985,13.029063423768717,1.8123967252687176
3453,1,7.86500008106,9.893513766238314,2.0285136851783143
3454,1,5.78333338102,8.424432206161077,2.6410988251410767
3455,4,10.4249999523,13.168967375240127,2.743967422940127
3456,4,5.9230768864,8.094559558763894,2.1714826723638945
3457,4,7.96666661898,9.428736967793471,1.4620703488134712
3458,4,13.6375001669,15.859730818245948,2.2222306513459475
3459,4,11.1999998093,11.369962509571277,0.16996270027127736
3460,4,11.1999998093,13.276631194314058,2.0766313850140588
3461,4,12.3500001431,14.345791219936437,1.9957910768364364
3462,4,6.06666668256,8.332236066526315,2.265569383966315
3463,4,12.2333332698,15.21741622224399,2.984082952443991
3464,4,10.5249998569,11.669910871145625,1.1449110142456256
3465,4,8.39999961853,10.07602197756438,1.6760223590343806
3466,4,12.4000000954,14.663386799595976,2.2633867041959768
3467,4,12.1999998093,12.837111814201911,0.6371120049019119
3468,4,13.5,14.974256115073022,1.4742561150730218
3469,1,17.0083332062,17.280476306374357,0.2721431001743575
3470,1,18.7499996821,18.720025519658247,0.02997416244175355
3471,1,16.4666668574,17.700890983206648,1.234224125806648
3472,1,16.9646153377,18.273714872021845,1.3090995343218452
3473,1,21.0540984107,22.29337907823011,1.2392806675301102
3474,1,18.8059458861,20.801585262952177,1.995639376852175
3475,1,18.1016891969,18.796321026894734,0.6946318299947336
3476,1,26.1719877078,25.411437496851473,0.7605502109485265
3477,1,16.8037037673,18.284818530207193,1.4811147629071932
3478,1,21.7177083294,22.331508912930833,0.613800583530832
3479,1,14.7888888253,16.937507306269797,2.1486184809697964
3480,1,16.2230769671,17.403162100131237,1.1800851330312376
3481,3,25.5087591297,22.144024135514275,3.3647349941857243
3482,3,18.5249999894,17.44932537942567,1.0756746099743317
3483,3,19.9545454545,17.66331806413677,2.291227390363229
3484,3,21.4720000458,23.61465509925493,2.142655053454927
3485,3,16.7714287894,17.92869594539579,1.1572671559957897
3486,3,16.6428571429,19.318552501669316,2.6756953587693175
3487,3,24.2297297813,22.222957030963002,2.0067727503369994
3488,3,16.5,15.542361867586488,0.9576381324135124
3489,3,19.3714285351,20.040449110345463,0.6690205752454617
3490,3,15.2799999237,17.537998808651114,2.257998884951114
3491,3,14.6941176022,17.797515254276185,3.1033976520761843
3492,3,21.1634615385,23.233469120277302,2.070007581777304
3493,3,17.929999733,19.59606478747442,1.6660650544744193
3494,3,20.5214286532,19.030634689717,1.490793963483
3495,3,17.8341773069,18.125421269555723,0.2912439626557237
3496,3,15.8749998808,17.208389083701018,1.3333892029010173
3497,5,15.1875000795,18.700412268152423,3.5129121886524235
3498,3,15.7600000381,20.709066649890296,4.949066611790297
3499,5,18.0916668574,18.085462383215436,0.006204474184563935
3500,5,20.660714422,27.216555077129893,6.555840655129892
3501,5,14.7999999523,19.1190206005891,4.319020648289099
3502,5,15.8083334366,18.013425045044674,2.2050916084446737
3503,5,15.5,20.07593416751472,4.5759341675147205
3504,5,15.8977777799,20.4015642570759,4.5037864771759
3505,5,15.8000001907,17.85486318522679,2.0548629945267898
3506,5,17.7520000458,19.769228722376386,2.017228676576387
3507,5,16.0285715376,18.093191698781883,2.0646201611818817
3508,5,22.020000049,24.26896149738289,2.2489614483828895
3509,5,19.9352943196,26.067393268078682,6.132098948478681
3510,5,17.1483872321,18.321956038256413,1.173568806156414
3511,5,20.2500004768,19.95463507558582,0.2953654012141804
3512,5,14.9600000381,16.067246776554484,1.1072467384544833
3513,5,18.0095238004,19.219853411932622,1.2103296115326216
3514,5,19.543478095,25.137550223202584,5.594072128202583
3515,5,21.5670103093,23.6234712839866,2.056460974686601
3516,5,18.3814814532,21.180614477066758,2.7991330238667587
3517,5,15.8357144764,16.472158843471583,0.6364443670715829
3518,5,19.6950819297,21.563106009227354,1.8680240795273555
3519,5,18.4112675358,20.446897567376826,2.035630031576826
3520,5,14.8714284897,17.656561357221555,2.785132867521556
3521,5,17.8071428026,18.4410647212138,0.6339219186137974
3522,5,15.8333333333,19.570406656348702,3.737073323048701
3523,5,16.897560957,18.099855690244475,1.2022947332444751
3524,5,15.6000000347,17.84823676913963,2.2482367344396277
3525,5,28.653386439,29.6118728824191,0.9584864434191012
3526,5,21.3734374344,24.821228503757172,3.447791069357173
3527,5,29.5099077928,23.782373313817313,5.727534478982687
3528,5,20.639999644,20.907571889169134,0.26757224516913425
3529,5,23.2044116749,24.57627500864402,1.3718633337440203
3530,1,16.8461536994,16.97221911719026,0.1260654177902616
3531,1,15.8250000477,17.585017966855737,1.7600179191557377
3532,1,14.5,15.579734665839668,1.079734665839668
3533,1,21.4560974865,22.354414130354847,0.898316643854848
3534,1,14.3571429934,14.971865423193677,0.6147224297936766
3535,1,14.6000000238,15.74607057708748,1.1460705532874798
3536,1,16.7999992371,18.919449206670492,2.1194499695704927
3537,1,21.3819445239,19.504130916219953,1.8778136076800465
3538,1,17.927272762,19.603901754106385,1.6766289921063837
3539,1,18.5285715376,17.626885409731983,0.9016861278680182
3540,1,18.1055555344,18.70101021862739,0.5954546842273878
3541,1,23.2257142748,21.682831207562803,1.5428830672371987
3542,1,18.6013792367,21.163821843627854,2.5624426069278528
3543,1,16.6862068176,18.951550163568374,2.2653433459683754
3544,1,16.0608695901,18.115551520333305,2.054681930233304
3545,1,20.8249999682,19.50023264063648,1.3247673275635208
3546,1,14.4000000954,17.333725450422982,2.9337253550229825
3547,1,30.0261681934,25.25226496758326,4.773903225816742
3548,1,21.8149605548,22.00977364332555,0.19481308852554946
3549,1,18.6306382687,19.47522724296301,0.8445889742630115
3550,1,18.1999999631,18.305027224797644,0.10502726169764287
3551,1,19.4900114824,19.183023994079207,0.30698748832079303
3552,1,15.3500001431,18.635047612770087,3.2850474696700864
3553,1,23.3881356352,23.577969321591617,0.18983368639161569
3554,1,21.3968749642,20.82741746171634,0.5694575024836581
3555,1,17.7624998093,19.982270659639273,2.2197708503392732
3556,1,16.9331250548,17.91008684943028,0.9769617946302773
3557,1,21.8339285851,21.57181072194266,0.2621178631573393
3558,1,19.8687500954,19.171591097127592,0.6971589982724069
3559,1,14.5799999237,16.90050072408912,2.3205008003891194
3560,1,18.3137932481,22.037168317801687,3.723375069701685
3561,1,24.8499999387,22.548784150321783,2.3012157883782187
3562,1,15.8892856666,18.515091100144357,2.6258054335443575
3563,1,19.0665048673,19.079277866001142,0.012772998701141347
3564,1,19.8371427536,19.33421287321485,0.5029298803851496
3565,2,20.654782685,16.846272908063565,3.808509776936436
3566,2,14.4000000954,15.876917333076237,1.476917237676238
3567,2,15.3000001907,16.215480081376516,0.9154798906765151
3568,2,19.357142789,18.63179673263306,0.7253460563669414
3569,2,19.2794117086,21.05182236150066,1.772410652900657
3570,2,18.8287879192,19.39813867620934,0.5693507570093388
3571,2,26.445613928,25.121721953695967,1.3238919743040327
3572,2,14.1000003815,14.603760189855373,0.5037598083553743
3573,2,14.5,18.551680361456402,4.051680361456402
3574,2,15.933333079,18.17204206518126,2.2387089861812584
3575,2,15.8777777354,19.137773490811266,3.259995755411266
3576,2,15.8333331744,16.631648207522552,0.7983150331225524
3577,2,15.4499999046,17.57080499864846,2.1208050940484586
3578,2,19.6297619456,19.147229738893248,0.48253220670675034
3579,2,15.3399999619,17.68354016429366,2.34354020239366
3580,2,20.0144330054,18.946389581024384,1.0680434243756167
3581,2,22.7103448013,22.670000954605868,0.04034384669413171
3582,2,13.8999996185,14.93133890707606,1.03133928857606
3583,4,15.6000003815,17.263424121870724,1.6634237403707246
3584,4,15.2,16.362143773830795,1.1621437738307954
3585,4,18.6750000318,20.58556047538863,1.9105604435886292
3586,4,15.9400000254,17.517055314117155,1.5770552887171547
3587,4,24.7395349187,26.723468752710684,1.983933834010685
3588,4,15.1666666667,17.08957923670224,1.9229125700022394
3589,4,18.2923076336,22.028095145445825,3.7357875118458246
3590,4,15.0,16.059715560379516,1.0597155603795159
3591,4,14.1499997775,13.439290610939123,0.7107091665608767
3592,4,19.0666664971,19.616541487128895,0.5498749900288935
3593,4,15.5444444021,17.2577004244988,1.7132560223988005
3594,4,16.8571429934,18.36845427188483,1.511311278484829
3595,4,18.9375,22.36135580646349,3.4238558064634894
3596,4,22.2058822728,22.80851867654955,0.6026364037495497
3597,4,14.4318181385,17.632742345041155,3.2009242065411545
3598,4,17.8257142203,17.70748416173823,0.11823005856177105
3599,4,15.0,16.877998347924393,1.8779983479243931
3600,4,20.764285905,22.055511581525945,1.2912256765259436
3601,5,17.0133332994,19.069533028775783,2.056199729375784
3602,5,15.1000000238,18.821402570545605,3.7214025467456047
3603,5,28.3719999313,27.38103118728576,0.9909687440142392
3604,5,23.9045453505,27.35219495855898,3.4476496080589776
3605,5,21.0533332825,20.284862462590493,0.7684708199095063
3606,5,17.0857143402,18.461862419745007,1.3761480795450076
3607,5,23.0844444063,26.53809271910855,3.45364831280855
3608,5,15.4749999046,18.391757439860047,2.9167575352600466
3609,5,15.1800000668,17.682050204100978,2.5020501373009782
3610,5,21.3521738467,20.556575528680206,0.7955983180197954
3611,5,18.9575759425,24.2522633932387,5.294687450738699
3612,3,9.0,10.069224619662885,1.0692246196628847
3613,3,7.69999980927,10.674733733183947,2.9747339239139468
3614,3,11.3666667938,10.731535997757648,0.6351307960423522
3615,3,11.8999996185,10.002153468989302,1.8978461495106984
3616,3,11.3000001907,11.967889629215186,0.6678894385151857
3617,3,11.5666666031,10.591430629970057,0.9752359731299425
3618,3,11.3999996185,11.411522438573494,0.011522820073492923
3619,3,9.40000009537,11.36517117517218,1.9651710798021789
3620,3,9.39999961853,10.432767945384896,1.032768326854896
3621,3,8.64999985695,9.630620026383014,0.9806201694330134
3622,3,10.9333333969,11.406727135697448,0.47339373879744784
3623,2,11.4333333969,11.996406504846433,0.5630731079464333
3624,2,12.0,12.65002181500972,0.6500218150097208
3625,2,8.39999961853,11.013483730550405,2.613484112020405
3626,2,11.6500000954,11.825876880924657,0.17587678552465746
3627,2,9.89999961853,12.133691655174973,2.233692036644973
3628,2,8.5,11.331387668536491,2.8313876685364914
3629,2,11.5,12.538647332759373,1.038647332759373
3630,2,11.1000003815,12.509531322380102,1.409530940880103
3631,2,11.2199998856,11.66879826935452,0.44879838375451975
3632,2,11.6999998093,11.967100090928637,0.26710028162863786
3633,2,11.0249998569,11.76837825518406,0.7433783982840616
3634,2,11.1999998093,12.581449232265104,1.3814494229651046
3635,5,8.63999977112,11.136991454360714,2.496991683240715
3636,5,8.69999980927,11.889608440155357,3.189608630885356
3637,5,8.39999961853,11.358723404825094,2.958723786295094
3638,5,11.8000001907,13.665038884665988,1.865038693965987
3639,5,8.60000038147,10.34940033808164,1.74939995661164
3640,5,8.60000038147,10.919526882048995,2.319526500578995
3641,5,8.19999980927,12.597841250228146,4.397841440958146
3642,5,11.433333079,14.292339761099104,2.8590066820991034
3643,5,11.6999998093,12.330132640915293,0.6301328316152937
3644,5,8.70000012716,11.400822786739306,2.7008226595793072
3645,5,8.30000019073,11.594876317578493,3.294876126848493
3646,4,9.30000019073,11.48354157917217,2.183541388442171
3647,4,11.1750001907,12.002913091431882,0.8279129007318815
3648,4,8.5,9.163759924446195,0.6637599244461949
3649,4,8.5,9.264705878959688,0.7647058789596883
3650,4,11.8000001907,11.28800812087002,0.5119920698299811
3651,4,8.7999997139,9.897130827954022,1.0971311140540223
3652,4,10.1999998093,10.758259898356737,0.5582600890567377
3653,4,8.51999988556,9.993994464796735,1.4739945792367344
3654,4,8.53333346049,9.583809010825778,1.0504755503357774
3655,4,10.8000001907,11.4122672415066,0.612267050806599
3656,4,9.72499990463,10.427093798145657,0.7020938935156575
3657,4,12.4000000954,10.714638111372192,1.6853619840278071
3658,4,10.4333335559,10.925889841784963,0.49255628588496414
3659,4,8.09999990463,10.521337430541113,2.421337525911113
3660,4,11.8499999046,11.66890465637197,0.18109524822803102
3661,4,8.29999995232,10.378671682916266,2.078671730596266
3662,4,8.38333328565,9.288177932118135,0.9048446464681348
3663,4,11.6999998093,11.536347451484072,0.16365235781592702
3664,4,8.20000019073,10.278435326233975,2.078435135503975
3665,4,8.13333336512,9.068642311920282,0.9353089468002818
3666,4,8.80000019073,9.813155261351177,1.0131550706211776
3667,4,9.89999961853,11.071470934955293,1.1714713164252935
3668,4,8.44999980927,9.204532489107507,0.7545326798375065
3669,4,10.1000003815,11.29763982189809,1.1976394403980901
3670,4,10.6000003815,10.695727103843282,0.09572672234328294
3671,5,10.8000001907,12.555444883646482,1.7554446929464813
3672,5,10.9399997711,14.245824201156527,3.3058244300565267
3673,5,10.1999998093,13.293882940991976,3.0938831316919764
3674,5,11.3000001907,11.623757409109501,0.3237572184095008
3675,5,8.0,12.93515538650442,4.9351553865044195
3676,5,11.75,14.32101675087504,2.5710167508750406
3677,5,8.7999997139,12.122287045534206,3.3222873316342056
3678,5,7.59999990463,12.164473046611748,4.564473141981749
3679,5,11.3000001907,12.783637021570964,1.4836368308709638
3680,5,8.19999980927,10.953528527611843,2.753528718341842
3681,3,12.1500000954,9.977807218774636,2.1721928766253633
3682,3,11.5,9.873187016484533,1.6268129835154674
3683,3,9.19999980927,8.586690989095917,0.6133088201740833
3684,3,11.7999997139,10.747677310074586,1.0523224038254142
3685,3,11.3999996185,12.066138759465465,0.6661391409654644
3686,3,11.0500001907,9.736194089821273,1.3138061008787272
3687,3,10.8600000381,11.314097007061735,0.4540969689617338
3688,3,8.10000038147,10.05321767020171,1.9532172887317092
3689,5,8.19999980927,11.498280690639618,3.2982808813696174
3690,3,9.19999980927,10.078306894541198,0.8783070852711976
3691,3,11.0,11.115229200056874,0.11522920005687354
3692,3,10.8000001907,10.834835236611594,0.03483504591159381
3693,3,8.10000002384,10.029190107886935,1.929190084046935
3694,3,10.0,10.062149392674952,0.0621493926749519
3695,3,11.3499999046,9.153181166199596,2.1968187384004043
3696,3,9.7000002861,10.613501551490435,0.9135012653904351
3697,3,8.39999961853,9.379924886489786,0.9799252679597856
3698,3,9.86666679382,11.297022871531999,1.4303560777119984
3699,3,10.8999996185,11.750979544512136,0.8509799260121351
3700,3,10.5333334605,9.673898569791849,0.859434890708151
3701,3,9.25,10.55558595166131,1.3055859516613104
3702,2,8.33333333333,10.866779811871018,2.533446478541018
3703,2,8.4500002861,10.476836751191838,2.0268364650918382
3704,2,10.3000001907,12.33162998401704,2.0316297933170393
3705,2,8.65000009537,10.639526908242862,1.989526812872862
3706,2,9.39999961853,10.879289552360511,1.4792899338305112
3707,2,10.9500002861,10.912272056868096,0.03772822923190411
3708,2,9.5,11.03816581741221,1.5381658174122101
3709,2,8.2000002861,11.975378081164465,3.7753777950644647
3710,2,8.00000023842,10.242993216901604,2.2429929784816043
3711,2,9.27499985695,10.951437416834825,1.6764375598848247
3712,2,8.5,11.318028586060242,2.818028586060242
3713,2,10.8999996185,11.319831299640503,0.4198316811405025
3714,2,8.89999961853,11.00321474006547,2.10321512153547
3715,2,11.8999996185,12.465274562469675,0.5652749439696745
3716,2,8.60000038147,11.530124700898437,2.9301243194284368
3717,2,8.5,9.966260138260234,1.4662601382602336
3718,2,8.5,12.17524814579247,3.6752481457924695
3719,2,10.5500001907,10.811391186774175,0.2613909960741747
3720,2,12.6999998093,12.405129024845136,0.29487078445486326
3721,2,8.5,12.164867433060639,3.664867433060639
3722,2,9.3666665819,12.655574750783028,3.2889081688830277
3723,2,11.3999996185,11.908499489047907,0.5084998705479062
3724,2,11.5500001907,12.454417807473241,0.904417616773241
3725,1,8.60000038147,10.299441354207897,1.6994409727378965
3726,1,8.80000019073,9.27426108455032,0.4742608938203201
3727,1,9.60000006358,11.069049581072042,1.4690495174920422
3728,1,8.5,9.67576242081639,1.1757624208163904
3729,1,11.4333337148,11.51874930471,0.08541558990999931
3730,1,9.10000038147,11.24027455886897,2.14027417739897
3731,1,10.0999999046,11.059898872952292,0.9598989683522916
3732,1,8.19999980927,11.589470058968622,3.389470249698622
3733,1,8.34000015259,9.713420732027947,1.3734205794379477
3734,1,8.53999996185,10.720749136199856,2.180749174349856
3735,1,10.1999998093,11.39440927536384,1.1944094660638402
3736,1,10.5249998569,11.115281553797523,0.5902816968975237
3737,1,8.66666666667,11.595747020387634,2.9290803537176338
3738,1,9.68333339691,11.969787074077429,2.2864536771674295
3739,1,10.6999998093,12.309767579529355,1.6097677702293556
3740,1,11.3999996185,12.535738718031302,1.1357390995313015
3741,1,11.5,12.864519391123501,1.3645193911235012
3742,1,8.55000019073,11.673392840562425,3.123392649832425
3743,3,11.8999998569,10.978977776565985,0.9210220803340139
3744,3,8.89999961853,10.302012560876724,1.4020129423467242
3745,3,8.3714285578,9.918431557867235,1.5470030000672352
3746,3,9.34999990463,9.20879170735362,0.141208197276379
3747,3,8.56666660309,10.378794142116753,1.8121275390267524
3748,3,12.0750000477,9.88628904302491,2.18871100467509
3749,3,11.9000000954,8.987000971492723,2.9129991239072766
3750,3,11.1999998093,10.412879711552787,0.7871200977472128
3751,3,8.55000019073,8.567191839393548,0.017191648663548165
3752,3,9.04999995232,11.047604556999396,1.9976046046793954
3753,2,8.89999961853,11.10086399514381,2.2008643766138096
3754,2,11.1000003815,12.593850038232603,1.4938496567326034
3755,2,11.9000000954,11.915268471104893,0.0152683757048937
3756,2,8.4500002861,10.528632847442301,2.0786325613423013
3757,2,8.89999961853,10.882135745873441,1.9821361273434412
3758,2,8.34999990463,11.879714513629429,3.529714608999429
3759,2,8.56666660309,11.469439151112047,2.902772548022046
3760,2,9.65999984741,11.837510328779528,2.177510481369527
3761,2,8.19999980927,10.426768526916476,2.2267687176464754
3762,2,8.47499990463,11.595391551969183,3.120391647339183
3763,2,8.55000019073,10.416819930296132,1.8668197395661323
3764,2,10.1999998093,10.323443412151233,0.12344360285123379
3765,2,8.5,10.034977824633653,1.5349778246336534
3766,2,8.84999990463,10.75640570436653,1.9064057997365307
3767,2,8.39999961853,10.38120231044507,1.9812026919150707
3768,2,10.5333334605,11.098749412004192,0.5654159515041925
3769,4,10.4750001431,11.940826649838048,1.465826506738047
3770,3,8.95000004768,9.96104598842219,1.011045940742191
3771,4,9.60000002384,11.454600468304832,1.8546004444648325
3772,4,8.375,9.121673128595912,0.7466731285959121
3773,4,8.10000038147,10.028436520995655,1.9284361395256546
3774,4,8.18000011444,9.634411183201921,1.454411068761921
3775,4,8.3,10.314952778630122,2.0149527786301213
3776,4,8.5,9.337011816250744,0.8370118162507438
3777,4,8.55000019073,8.808614108636746,0.2586139179067466
3778,4,8.69999980927,9.814565643618767,1.1145658343487668
3779,4,10.1333335241,11.038364010679997,0.9050304865799976
3780,4,10.8999996185,10.119564333387565,0.7804352851124357
3781,4,8.30000019073,9.559721072721008,1.259720881991008
3782,5,12.6999998093,12.895647244560314,0.19564743526031414
3783,5,9.0,12.311999488760879,3.311999488760879
3784,5,9.65000009537,12.426793885090222,2.7767937897202213
3785,5,10.6499998569,10.594464367665964,0.055535489234035396
3786,5,9.97142846244,13.193127720394884,3.2216992579548833
3787,5,10.8999996185,11.153983672466103,0.2539840539661018
3788,5,7.90000009537,12.216604289108911,4.316604193738911
3789,5,11.0,12.110180785004289,1.1101807850042889
3790,3,11.8000001907,10.976490506021634,0.8235096846783669
3791,3,11.1833333969,11.430872571424556,0.24753917452455632
3792,3,11.1333332062,11.231124848431183,0.09779164223118286
3793,3,8.74999976158,10.14078526157027,1.3907854999902707
3794,3,9.48333326976,9.184998468042885,0.2983348017171146
3795,3,11.3000001907,10.04759951060342,1.2524006800965797
3796,3,9.67499995232,10.178314534372868,0.5033145820528677
3797,3,8.59999974569,9.994730456152743,1.394730710462742
3798,3,10.1999998093,10.205882520387158,0.005882711087158654
3799,3,9.10000038147,9.556716495850596,0.4567161143805958
3800,3,9.05000019073,9.543494275507525,0.49349408477752554
3801,3,12.1000003815,9.667060827300073,2.432939554199926
3802,3,8.30000019073,7.683578823994219,0.6164213667357803
3803,3,8.7999997139,9.992620043937974,1.1926203300379736
3804,3,9.0,9.214107931419163,0.2141079314191625
3805,5,13.5999999046,17.61953289413386,4.019532989533861
3806,5,14.6692308279,16.93261415578182,2.2633833278818205
3807,5,12.2666667302,16.84890609830911,4.582239368109111
3808,5,14.0,18.16493247674921,4.164932476749211
3809,5,13.8500001431,15.794091874231784,1.944091731131783
3810,2,15.314285687,14.73282714118932,0.5814585458106798
3811,5,11.6999998093,15.987997466919301,4.287997657619302
3812,5,13.8200000763,16.513729781566457,2.693729705266458
3813,5,16.1799999237,17.022625920667696,0.8426259969676977
3814,5,13.9249999523,18.363695934467902,4.438695982167902
3815,5,12.5999999046,15.86795974914545,3.26795984454545
3816,1,13.7333332698,14.222376091427137,0.4890428216271374
3817,1,14.3000001907,14.704004690899213,0.4040045001992123
3818,1,14.3000001907,14.242100025663715,0.057900165036285145
3819,1,12.5,14.745823800899663,2.2458238008996627
3820,1,12.8285714558,14.321774031455126,1.4932025756551255
3821,1,13.9800001144,13.772660336598872,0.20733977780112767
3822,1,12.9499999682,14.309784246747299,1.3597842785472984
3823,1,12.7200000763,15.124520834777805,2.4045207584778048
3824,1,12.300000044,14.876462226671629,2.5764621826716283
3825,1,12.4000000954,13.954926180388416,1.5549260849884163
3826,1,12.8166666031,14.129401688265018,1.3127350851650181
3827,1,12.8999998569,17.358583215648338,4.4585833587483386
3828,1,12.5,14.06872239477031,1.56872239477031
3829,1,13.1799999237,13.994302320653473,0.8143023969534724
3830,3,14.7428569794,15.357504471931607,0.6146474925316063
3831,3,12.9800001144,14.319938434155647,1.3399383197556478
3832,3,12.6999998093,13.870269754025296,1.1702699447252964
3833,3,13.0500001907,14.7085361329523,1.6585359422522998
3834,3,14.25,15.746988153990879,1.4969881539908787
3835,3,12.8499999046,14.04391942539839,1.1939195207983886
3836,3,14.3999996185,15.831899414454913,1.4318997959549122
3837,3,14.0,14.741698612043345,0.7416986120433453
3838,3,13.1000003815,14.704808415502898,1.6048080340028985
3839,3,12.672727238,13.23147704685144,0.5587498088514398
3840,3,13.4500002861,14.725554081107084,1.2755537950070845
3841,3,14.25,14.828910498281434,0.5789104982814344
3842,3,12.2714286532,14.97462027749188,2.7031916242918808
3843,3,14.3500003815,14.6337608968285,0.2837605153285008
3844,3,12.7999999183,14.97856419385603,2.178564275556031
3845,3,13.2666664124,14.044937162971648,0.7782707505716484
3846,3,13.6333332062,14.50638689114012,0.8730536849401211
3847,3,12.3000001907,13.879810747500322,1.5798105568003216
3848,3,13.0999999046,14.81335060384477,1.713350699244769
3849,3,13.9500000477,14.78031295785046,0.8303129101504609
3850,3,14.1333332062,14.8867037676103,0.7533705614102999
3851,3,13.0,14.102009842275262,1.1020098422752618
3852,3,14.5749998093,13.82283430119225,0.7521655081077494
3853,3,13.4666665395,14.329638839595276,0.8629723000952758
3854,3,12.8000001907,14.878150681901152,2.0781504912011517
3855,3,14.3499999046,16.038743251006235,1.688743346406234
3856,3,12.6749999523,14.453620341095522,1.778620388795522
3857,3,13.1999998093,13.715710538513141,0.5157107292131418
3858,3,13.7625000477,13.986541868168507,0.22404182046850707
3859,3,11.8800001144,14.167918999464636,2.287918885064636
3860,5,12.5,15.981580358426843,3.481580358426843
3861,5,13.4333333969,15.612954681537733,2.179621284637733
3862,5,13.0,15.793346836737664,2.7933468367376637
3863,5,12.9999999046,17.844963360460746,4.844963455860746
3864,5,12.9000000954,17.09542554018129,4.195425444781289
3865,5,12.8166666031,17.800985890419398,4.984319287319398
3866,5,12.7833334605,16.09617429806396,3.312840837563961
3867,5,12.0923076776,15.620199415232651,3.527891737632652
3868,5,12.2399999619,15.043077346072653,2.803077384172653
3869,5,15.4599998474,16.963147780852292,1.5031479334522917
3870,5,14.7333332698,17.437301675724154,2.7039684059241544
3871,5,13.3400001526,16.25062446272545,2.910624310125451
3872,5,13.9749999046,15.895074610988512,1.9200747063885117
3873,5,13.7222222222,17.61276668563799,3.8905444634379904
3874,5,13.5913044473,17.46185524391058,3.87055079661058
3875,4,13.4333333969,14.722762941431455,1.2894295445314548
3876,4,13.8000001907,14.963172312769505,1.1631721220695042
3877,4,13.6083334287,15.814702857369888,2.2063694286698876
3878,4,14.3899999619,15.026010066639675,0.6360101047396753
3879,4,12.4888889525,15.673432556508281,3.1845436040082813
3880,4,13.4571426937,15.94196104294154,2.4848183492415394
3881,4,13.5,15.353999517096128,1.8539995170961276
3882,4,11.5333333015,14.65141344852969,3.118080147029689
3883,4,13.0499997139,14.95382482759249,1.9038251136924895
3884,4,13.3250000477,16.112711699787567,2.7877116520875678
3885,2,12.4833332698,15.245079661266539,2.7617463914665397
3886,2,13.0499997139,15.894257699062102,2.844257985162102
3887,2,12.3999996185,15.57269722309787,3.17269760459787
3888,2,14.0250000954,14.956137678550308,0.9311375831503081
3889,2,13.4800001144,15.47237855838047,1.9923784439804706
3890,2,12.4428571974,15.289085259064283,2.8462280616642825
3891,2,12.0999999728,15.086895753559672,2.9868957807596725
3892,2,12.75,15.533275334164152,2.783275334164152
3893,2,12.8692307105,14.964935671810009,2.095704961310009
3894,2,14.6000003815,15.684563971905126,1.0845635904051267
3895,2,13.4166668256,16.113121957724605,2.696455132124605
3896,2,12.7666667302,15.615465953356424,2.8487992231564228
3897,2,13.0,15.836985269474543,2.8369852694745425
3898,2,12.4799999237,16.710743918070207,4.230743994370208
3899,1,11.9333333969,14.148283124962152,2.2149497280621517
3900,1,14.8999999364,14.162605094105123,0.7373948422948775
3901,1,14.1000003815,14.502557639849961,0.4025572583499617
3902,1,13.7333332698,13.425936960508908,0.3073963092910912
3903,1,13.5999999046,15.33823774675213,1.7382378421521292
3904,1,14.4666665395,14.377617750730266,0.08904878876973399
3905,1,14.1000003815,15.575273696437625,1.4752733149376258
3906,2,14.9285714286,16.443190505103985,1.514619076503985
3907,1,12.8999996185,14.205333904219538,1.3053342857195371
3908,1,13.7000002861,14.903003711680524,1.2030034255805244
3909,1,16.3999996185,14.788663068513378,1.611336549986623
3910,1,14.0499997139,13.58612169291646,0.4638780209835396
3911,1,12.9750001431,13.97958907257665,1.0045889294766486
3912,1,13.0333334605,14.552750130087857,1.5194166695878568
3913,1,12.4399999619,13.968415199967467,1.528415238067467
3914,1,12.6999998093,13.993506751307383,1.293506942007383
3915,1,13.3999996185,13.321861184667316,0.07813843383268448
3916,1,13.4333333969,14.726260031501647,1.2929266346016473
3917,1,12.1000003815,16.07180798201198,3.97180760051198
3918,1,12.8666667938,14.408263708536044,1.5415969147360435
3919,1,12.5,14.520160987323639,2.0201609873236386
3920,1,13.6000003815,13.911089628586309,0.3110892470863096
3921,2,13.8999996185,15.168389764076297,1.268390145576296
3922,2,12.3999996185,14.951556270304136,2.5515566518041357
3923,2,14.5,16.178334546385475,1.678334546385475
3924,2,16.5833331744,14.160935166705586,2.4223980076944134
3925,2,12.4000000954,15.22312588957256,2.82312579417256
3926,2,14.9000000954,14.603799580298443,0.29620051510155676
3927,2,13.0142857688,15.908169181275303,2.8938834124753026
3928,2,12.2222222222,15.33338857829234,3.1111663560923404
3929,2,12.5,15.157563860494037,2.6575638604940366
3930,2,13.8166666031,15.914563955545173,2.097897352445173
3931,2,12.0,14.660995543988397,2.660995543988397
3932,2,13.0500001907,15.39873781057019,2.348737619870189
3933,2,16.2999998728,14.871658333347563,1.428341539452438
3934,2,12.3000000318,14.615769492825835,2.3157694610258357
3935,2,12.5499997139,15.535529074203392,2.985529360303392
3936,5,13.1000003815,15.836460936248,2.7364605547480014
3937,5,13.8999996185,15.51940833193116,1.6194087134311594
3938,5,12.8999999364,16.891670237106418,3.991670300706417
3939,5,13.5454546322,15.747226809902589,2.2017721777025887
3940,5,12.6464285851,17.626104930976442,4.979676345876442
3941,5,13.4749999642,16.832665168154875,3.357665203954875
3942,5,12.5099999428,16.493697323049187,3.983697380249186
3943,5,11.3749997616,15.51653431395941,4.14153455235941
3944,5,12.2888888253,17.658671468401174,5.369782643101173
3945,5,13.3999996185,16.861994693282174,3.4619950747821733
3946,5,12.6999998093,17.357585985315072,4.657586176015073
3947,5,14.5800001144,16.598428687958847,2.0184285735588468
3948,5,12.8000001907,17.202335805051185,4.402335614351184
3949,5,14.3000001907,17.35153362755536,3.051533436855358
3950,5,13.566666921,17.854806449775673,4.288139528775673
3951,5,12.6499999364,15.752388899447938,3.1023889630479378
3952,5,12.9333333969,15.844499915746646,2.9111665188466453
3953,5,13.2999997139,16.294312449927062,2.9943127360270623
3954,5,12.6499999762,15.278925952338934,2.628925976138934
3955,5,14.2666667302,16.237602583115205,1.9709358529152041
3956,5,14.5,17.566962345221825,3.0669623452218246
3957,5,12.9999999046,16.73390253999077,3.73390263539077
3958,5,12.7249999046,15.502255350514586,2.7772554459145855
3959,5,13.4000000954,16.91799290945179,3.517992814051791
3960,5,16.9250001907,17.97354412909219,1.0485439383921893
3961,5,14.3000001907,17.889911147165744,3.5899109564657437
3962,5,13.4000000954,17.240267782525933,3.840267687125934
3963,5,12.7500002384,16.659055814647118,3.909055576247118
3964,5,12.8000001907,16.34721768542637,3.547217494726368
3965,5,13.3499999046,16.715648952218373,3.3656490476183727
3966,5,12.6666668256,15.501714656678939,2.8350478310789384
3967,5,12.5500001907,16.821387643835152,4.2713874531351514
3968,5,14.3600000381,16.258509541798645,1.8985095036986444
3969,5,13.6000003815,18.44679191013562,4.84679152863562
3970,5,12.5500001907,18.188477164137684,5.638476973437683
3971,5,14.8142855508,19.018004668048505,4.2037191172485056
3972,5,12.9250001907,16.278565366090735,3.3535651753907345
3973,2,13.3769230476,16.523704210008855,3.146781162408855
3974,2,13.6500000954,14.70818003640302,1.0581799410030204
3975,2,13.25,16.12400165687016,2.87400165687016
3976,2,12.0,16.420498633711585,4.420498633711585
3977,2,14.5999999046,14.72399416147941,0.1239942568794099
3978,2,12.6000001431,15.361946417912115,2.7619462748121144
3979,2,13.6000003815,15.055364056915446,1.4553636754154464
3980,2,13.0500001907,14.272321078642381,1.2223208879423808
3981,2,14.6500000954,16.461494899278943,1.8114948038789436
3982,2,13.0999999046,16.1928993313286,3.0928994267286
3983,2,13.25,15.955932850423906,2.705932850423906
3984,2,13.8250000477,14.632963980688261,0.8079639329882617
3985,3,14.5,14.949276587716808,0.4492765877168079
3986,3,13.3499999046,14.676877178969603,1.3268772743696022
3987,3,13.25,14.536992435029292,1.2869924350292923
3988,3,13.4000000954,14.324284928462275,0.9242848330622753
3989,3,12.1399999619,14.373193519396374,2.2331935574963744
3990,3,13.8333333333,14.6394316107376,0.8060982774375987
3991,3,13.3000001907,14.156212615933622,0.8562124252336218
3992,3,13.9333333969,13.925593275523283,0.007740121376716758
3993,3,12.414285796,14.520008958320103,2.1057231623201034
3994,3,13.3999996185,14.394798100142783,0.994798481642782
3995,3,12.9250000318,14.822832716308247,1.8978326845082467
3996,3,12.8555555344,13.505413343818557,0.6498578094185561
3997,3,13.0,14.567932333366622,1.5679323333666222
3998,3,13.7000002861,13.967216608066767,0.26721632196676737
3999,3,12.9800001144,14.030855350256699,1.0508552358566998
4000,1,12.9400001526,13.748999804149314,0.8089996515493141
4001,1,12.8333333333,16.478206986164462,3.6448736528644616
4002,1,13.25,14.294209421121046,1.044209421121046
4003,1,12.3000001907,15.924833774381455,3.624833583681454
4004,1,13.1999998093,13.638650019447395,0.43865021014739547
4005,1,12.0899999619,13.92408314034762,1.834083178447619
4006,1,12.1499998569,13.548787293562372,1.3987874366623725
4007,1,15.5999999728,14.516824716336005,1.0831752564639938
4008,1,13.3000000318,14.517268665855797,1.217268634055797
4009,1,13.7,17.10294538366565,3.4029453836656494
4010,1,12.7000001272,13.161019561996314,0.4610194347963148
4011,5,13.5,16.395725627285756,2.8957256272857563
4012,5,14.0500001907,16.00177728826247,1.95177709756247
4013,5,13.2999999523,16.376216688693418,3.076216736393418
4014,5,11.3499999046,16.395133779578536,5.045133874978536
4015,5,15.0333331426,16.488901669446847,1.4555685268468466
4016,5,12.4666665395,15.851983166794652,3.3853166272946513
4017,5,12.5750000477,16.076397622601444,3.5013975749014445
4018,5,13.7999997139,18.458374095159176,4.658374381259176
4019,5,14.6799999237,15.589714717181671,0.9097147934816707
4020,5,14.3999996185,16.334152109718985,1.9341524912189847
4021,5,12.7000001272,15.743216667441411,3.0432165402414117
4022,5,12.3999996185,17.12532620936377,4.725326590863769
4023,5,14.9249997139,19.38476773726936,4.45976802336936
4024,5,16.2499995232,16.92379072987762,0.6737912066776204
4025,5,13.0,16.038862524602074,3.0388625246020737
4026,4,16.1000003815,15.924855424698585,0.1751449568014145
4027,4,13.8500003815,14.001265882461515,0.15126550096151625
4028,4,12.8888887829,14.681715105074627,1.7928263221746263
4029,4,13.0,14.855312320449487,1.855312320449487
4030,4,13.1500000954,14.931840702057247,1.7818406066572479
4031,4,12.8999996185,15.070435938215015,2.170436319715014
4032,4,13.5,16.511953920989622,3.0119539209896224
4033,4,14.625,15.188515551140052,0.5635155511400516
4034,4,13.1800001144,14.557429963949224,1.3774298495492232
4035,4,12.1749999523,15.630785787308819,3.455785835008818
4036,4,13.2999997139,14.275700828387327,0.9757011144873271
4037,4,13.3499999046,14.745010465503707,1.3950105609037067
4038,4,12.7909089002,14.846205168091629,2.055296267891629
4039,4,12.8999996185,15.458461336525549,2.558461718025548
4040,4,13.3999996185,15.012208914923072,1.612209296423071
4041,4,14.7666667302,15.797094219642538,1.0304274894425376
4042,4,12.9500002861,15.256992022307834,2.3069917362078343
4043,4,15.1333335241,14.720449270614377,0.41288425348562185
4044,4,12.6399999619,15.923779838776312,3.283779876876313
4045,4,13.1999998093,14.516370319281865,1.3163705099818657
4046,4,12.7571427936,14.23373861433372,1.4765958207337206
4047,4,13.6999998093,14.752729848459149,1.0527300391591492
4048,4,14.75,14.621212302413742,0.12878769758625808
4049,4,13.6999998093,14.71282329758042,1.0128234882804197
4050,4,12.0538461392,14.728568154707936,2.674722015507937
4051,4,13.0285713332,14.062754374133835,1.0341830409338346
4052,4,12.7571427482,14.195710596474564,1.4385678482745643
4053,4,14.9833332698,14.51931432227912,0.4640189475208789
4054,3,14.25,14.311719929623191,0.06171992962319095
4055,3,12.8999999364,14.975147023626887,2.0751470872268865
4056,3,14.4374998808,13.986976416557864,0.45052346424213674
4057,3,13.8000001907,13.960830808897622,0.1608306181976218
4058,3,12.1666665872,14.823323299905782,2.6566567127057823
4059,3,15.8000001907,15.150177519967748,0.6498226707322523
4060,3,12.0600000381,14.816841433357922,2.756841395257922
4061,3,12.75,13.402972712755366,0.652972712755366
4062,3,12.8999999364,13.911915283658212,1.0119153472582116
4063,3,12.7750000954,13.963912327794967,1.1889122323949675
4064,3,13.3999999364,14.359533916246162,0.959533979846162
4065,3,13.5499997139,14.276708735654694,0.7267090217546937
4066,1,14.25,14.407532230630789,0.15753223063078892
4067,1,12.6500000954,14.384073600801083,1.7340735054010832
4068,1,12.3999996185,17.913626036979174,5.5136264184791735
4069,1,11.8000001907,15.545394779055481,3.745394588355481
4070,1,12.6277778414,13.581932609810645,0.9541547684106444
4071,1,13.007692337,14.192446256695783,1.1847539196957833
4072,1,12.5,15.401127093959811,2.9011270939598113
4073,1,12.3214285714,13.689049689130044,1.3676211177300441
4074,1,12.8999996185,13.808302418259714,0.9083027997597135
4075,1,12.4750001431,13.434248481098107,0.9592483379981065
4076,1,14.2666667302,14.794844287512813,0.5281775573128122
4077,1,13.3368420852,14.699952137671715,1.3631100524717148
4078,1,14.5499997139,15.895944028025463,1.3459443141254628
4079,3,14.3999999364,13.268101998433647,1.1318979379663539
4080,3,13.0499997139,14.05748383649704,1.00748412259704
4081,3,12.2333332698,14.633096863481896,2.3997635936818966
4082,3,14.3000001907,14.49516523398447,0.1951650432844687
4083,3,12.8666664759,13.993083104045867,1.1264166281458667
4084,3,13.25,14.607428605478056,1.3574286054780558
4085,3,14.3999996185,13.589268028378473,0.8107315901215273
4086,3,12.6000003815,14.408161206909057,1.8081608254090575
4087,3,13.4200000763,14.143796657396374,0.7237965810963747
4088,3,12.929999876,14.622260264836966,1.6922603888369654
4089,3,14.4333333969,13.72382340847901,0.7095099884209901
4090,3,12.8000001907,15.20535389348765,2.40535370278765
4091,3,12.3999996185,13.75023307865427,1.3502334601542696
4092,3,15.3999996185,14.949982159440681,0.45001745905931934
4093,3,13.3714286259,13.62044327091069,0.24901464501068915
4094,5,15.316666921,15.691110832502428,0.3744439115024285
4095,5,13.1000000636,17.051019079662108,3.9510190160621086
4096,5,12.4333333969,15.807665317100781,3.374331920200781
4097,5,14.75,15.774070552338658,1.0240705523386584
4098,5,13.1999998093,18.53798006024226,5.337980250942259
4099,5,13.8000001907,16.807594529631718,3.0075943389317175
4100,5,14.4666665395,17.603262249403397,3.1365957099033963
4101,5,12.9200000763,15.764554020972081,2.8445539446720822
4102,5,12.0749998093,15.964227057092327,3.889227247792327
4103,5,12.835714204,16.392328189424536,3.5566139854245353
4104,5,12.8000000318,14.848053208777172,2.048053176977172
4105,5,14.2199998856,16.798115763112882,2.5781158775128823
4106,5,13.1666666667,17.80366101426632,4.636994347566322
4107,5,13.0600000381,15.8041936804418,2.7441936423418003
4108,5,13.1000003815,16.01763826217909,2.9176378806790915
4109,5,12.6428570066,16.003852375834686,3.3609953692346863
4110,5,12.6666666667,15.818437177860122,3.151770511160123
4111,5,12.7999999183,18.56897479929607,5.768974880996069
4112,5,13.4333335559,16.124927102412173,2.6915935465121734
4113,5,12.7249999046,17.068831948332324,4.3438320437323235
4114,5,12.6142856053,15.121439423051122,2.5071538177511226
4115,5,13.820000267,17.471890168856692,3.651889901856693
4116,5,12.7599998474,15.841210512704324,3.081210665304324
4117,5,13.0499997139,15.919935579188433,2.869935865288433
4118,5,13.1999998093,15.5377828690126,2.337783059712601
4119,5,12.75,16.54458058008813,3.7945805800881303
4120,4,13.5666666031,15.61106770182559,2.04440109872559
4121,4,13.6999998093,15.755367607339695,2.055367798039695
4122,4,13.1749999523,15.328950697512594,2.153950745212594
4123,4,12.8499999046,15.153590793098699,2.3035908884986984
4124,4,16.5,15.579362549340456,0.9206374506595445
4125,4,13.0499999523,15.022066703412298,1.9720667511122976
4126,4,13.75,14.566595139010161,0.8165951390101611
4127,4,14.3000001907,14.767847215484297,0.4678470247842963
4128,4,12.0250000954,14.158789186699403,2.1337890912994038
4129,4,13.8999999364,15.770217596756014,1.8702176603560137
4130,4,13.1500000954,14.737282455539276,1.5872823601392767
4131,1,13.8999996185,13.87590198418248,0.024097634317520544
4132,1,16.5000004768,15.503902936674283,0.9960975401257173
4133,1,12.5,14.711967866536694,2.2119678665366944
4134,1,13.9249999523,15.537365562906983,1.6123656106069824
4135,1,13.1000003815,13.79585355256141,0.69585317106141
4136,1,12.8000001907,13.951597917913709,1.1515977272137086
4137,1,13.7333332698,14.192426066153935,0.45909279635393574
4138,1,13.8333333333,14.5366870833789,0.7033537500789002
4139,1,14.1000000636,17.86147743092938,3.7614773673293804
4140,1,12.3714283534,14.44604580988559,2.074617456485589
4141,1,13.25,14.64415846229305,1.3941584622930492
4142,1,11.9000000954,14.268036935476085,2.368036840076085
4143,1,13.3499999046,14.53853632233588,1.1885364177358788
4144,1,13.2666667302,14.188753816292142,0.9220870860921409
4145,1,13.9333333969,13.805976179030996,0.12735721786900456
4146,1,13.7000001272,15.35615188984305,1.6561517626430504
4147,1,15.9199998856,14.548192315523936,1.3718075700760632
4148,1,12.2750000954,15.321564864026335,3.046564768626336
4149,1,15.3999996185,13.768544981020328,1.6314546374796723
4150,1,11.7555554708,17.307381091919517,5.551825621119518
4151,1,14.8999996185,14.241677388325588,0.6583222301744129
4152,1,13.3307691721,13.599116097920353,0.268346925820353
4153,1,15.7142857143,15.488152857852048,0.22613285644795234
4154,1,14.7000001272,13.537661923630488,1.1623382035695116
4155,1,13.7999997139,14.78476250636176,0.9847627924617601
4156,1,14.1666666667,14.575006058726311,0.40833939202631164
4157,1,13.25,13.702353892067933,0.45235389206793286
4158,1,14.1500000954,14.511796433331025,0.3617963379310254
4159,1,12.1166666349,13.870309919765392,1.753643284865392
4160,1,13.3000001907,15.044751501494403,1.7447513107944026
4161,1,12.8500003815,15.465465066177273,2.615464684677274
4162,1,14.3545455066,14.451630975461633,0.09708546886163383
4163,1,15.4000000954,14.918117685124914,0.4818824102750856
4164,1,13.1333335241,14.23117320451952,1.0978396804195203
4165,1,12.7200000763,14.590537292175354,1.8705372158753537
4166,1,12.4333333969,15.440991428000642,3.0076580311006413
4167,1,13.1000003815,14.30892968696522,1.2089293054652206
4168,1,12.4,13.92356829479718,1.5235682947971796
4169,1,12.6500000954,14.95075318368994,2.300753088289941
4170,1,13.4599998474,14.635312900736375,1.1753130533363745
4171,1,13.8249998093,14.71486559537226,0.8898657860722601
4172,5,13.0999998365,15.470431795740044,2.370431959240044
4173,5,13.0916667779,17.529690737169442,4.438023959269442
4174,5,13.9999997616,18.141000827452228,4.141001065852228
4175,5,12.320000267,16.500983799273076,4.180983532273077
4176,5,15.6499999364,16.478797827887306,0.8287978914873051
4177,5,12.9037036896,16.197559972004612,3.2938562824046116
4178,5,11.6857141767,15.60600855013092,3.92029437343092
4179,5,14.7499999046,16.763882561952816,2.0138826573528164
4180,5,12.5333334605,16.73531105024774,4.201977589747742
4181,5,13.7999999523,15.752575563772428,1.9525756114724278
4182,5,13.9499999682,17.385611986881404,3.435612018681404
4183,5,13.5714285714,16.451869449376108,2.880440877976108
4184,5,14.7333332698,17.207753186204894,2.4744199164048943
4185,5,12.3875001669,15.411674289802171,3.0241741229021706
4186,2,14.2399999619,15.513356688525722,1.273356726625721
4187,2,13.3833332856,14.547693863020903,1.1643605774209043
4188,2,12.914285796,14.845211668892038,1.930925872892038
4189,2,12.0,15.836869499476693,3.836869499476693
4190,2,13.1999998093,15.412213110551027,2.212213301251028
4191,2,12.2142857143,15.802962385587948,3.5886766712879474
4192,2,14.4799999237,15.621554389418039,1.1415544657180394
4193,2,13.2333335876,15.491898212674814,2.258564625074813
4194,2,12.2666664124,15.034661130711111,2.7679947183111118
4195,2,11.7333332698,15.880272453677858,4.146939183877858
4196,2,11.933333079,15.727211838730938,3.793878759730937
4197,2,13.0999999046,15.23228713028381,2.1322872256838092
4198,2,10.0500001907,13.663469509478979,3.6134693187789786
4199,2,9.25,11.667971719277146,2.417971719277146
4200,2,7.90909099579,10.587736407519554,2.678645411729554
4201,2,11.7000002861,11.54999159562837,0.1500086904716298
4202,2,11.0500001907,11.909424378185282,0.8594241874852813
4203,2,10.3333333333,11.884675451604192,1.5513421183041913
4204,2,10.6000003815,11.922096598881632,1.3220962173816329
4205,2,11.5,11.896503543308548,0.39650354330854753
4206,2,11.4999996821,12.051160005818518,0.5511603237185181
4207,2,12.1000003815,12.995736759255099,0.8957363777550995
4208,1,11.8999996185,11.21414286452487,0.6858567539751306
4209,1,10.5999999046,11.652797415686958,1.0527975110869576
4210,1,9.36470581503,11.882879913218936,2.5181740981889362
4211,1,9.5499997139,11.500340964976868,1.9503412510768676
4212,1,12.8000001907,10.7628049689491,2.037195221750901
4213,1,8.19999980927,11.215481425152996,3.0154816158829956
4214,1,11.3000001907,12.380580126870575,1.0805799361705741
4215,1,8.94375002384,11.389585660849358,2.445835637009358
4216,1,11.1200000763,12.270592531560537,1.1505924552605364
4217,1,8.90909090909,11.056115393104696,2.147024484014695
4218,1,11.9666665395,11.752337952321986,0.21432858717801473
4219,3,9.3866666158,11.024475745727296,1.6378091299272963
4220,3,10.316666762,10.735188575078862,0.41852181307886127
4221,3,12.7000002861,12.072979441571823,0.6270208445281771
4222,3,12.5333331426,11.09965376224269,1.4336793803573098
4223,3,11.1500000954,10.34761701634225,0.8023830790577495
4224,3,11.1166667938,10.949760342094637,0.16690645170536378
4225,3,10.0499999523,9.752062604266236,0.2979373480337646
4226,3,10.6666666667,13.018301309140346,2.351634642440347
4227,1,9.35000010899,11.493013876184238,2.143013767194237
4228,1,11.3499999046,11.644433005329773,0.2944331007297727
4229,1,10.75,12.02899251908728,1.2789925190872804
4230,1,12.1000003815,13.093042765036902,0.9930423835369027
4231,1,9.10000038147,10.974030982892513,1.874030601422513
4232,1,11.8499999046,12.49434816805969,0.6443482634596887
4233,1,11.1666663488,12.601028532931112,1.4343621841311123
4234,1,8.875,10.896836961333197,2.0218369613331966
4235,1,9.48749995232,11.616961982852748,2.129462030532748
4236,5,11.8000001907,15.649647105731898,3.8496469150318973
4237,5,11.6666666667,12.285620211459356,0.618953544759357
4238,5,12.6000003815,13.52529595336987,0.9252955718698708
4239,5,11.6500000954,14.59982653674817,2.9498264413481703
4240,5,11.3000001907,17.011749641023112,5.711749450323111
4241,5,11.6999998093,15.76505752067654,4.065057711376541
4242,5,10.8000001907,11.350312015714646,0.5503118250146457
4243,5,11.3000001907,14.482517330810893,3.1825171401108925
4244,5,12.3999996185,15.046735513869917,2.6467358953699165
4245,5,12.4666665395,15.363776255397875,2.8971097158978747
4246,4,11.3999996185,11.36144620904238,0.03855340945762009
4247,4,9.15000001589,10.50915260051602,1.3591525846260186
4248,4,8.72857138089,9.458353799626437,0.7297824187364377
4249,4,11.2333332698,11.314402248858475,0.08106897905847532
4250,4,9.24999990463,11.629853921107262,2.379854016477262
4251,4,11.1000003815,11.593827459252587,0.49382707775258794
4252,4,9.13750004768,10.422807965812314,1.2853079181323146
4253,4,9.30645158214,10.291616658989602,0.9851650768496025
4254,4,11.9000000954,12.35651060678613,0.4565105113861314
4255,4,10.9499998093,11.435869550978815,0.48586974167881536
4256,3,11.8666667938,9.715100943439502,2.151565850360498
4257,3,11.6999998093,11.463783722255064,0.23621608704493546
4258,3,10.0000002384,9.81185009881212,0.18815013958788107
4259,3,9.57500004768,9.203746765386791,0.37125328229320864
4260,3,12.3600002289,11.08424840960305,1.27575181929695
4261,3,9.98333326976,11.496238650185402,1.5129053804254031
4262,3,9.67777782016,8.764087450051491,0.9136903701085082
4263,3,11.1500000954,10.382873995572051,0.7671260998279479
4264,3,10.6000003815,11.189099857732657,0.5890994762326578
4265,3,9.24285711561,10.977485025597199,1.7346279099871982
4266,2,9.80000019073,11.660336422456405,1.8603362317264054
4267,2,10.0999999046,10.829703079253235,0.7297031746532348
4268,2,9.40000009537,11.324531621571374,1.924531526201374
4269,2,9.9500002861,11.285474861224763,1.3354745751247634
4270,2,9.38333336512,13.603121447293407,4.219788082173407
4271,2,8.73333326976,10.223954999365418,1.4906217296054187
4272,2,10.3444443809,10.941728481828145,0.5972841009281442
4273,2,10.8999996185,11.005451944339423,0.10545232583942266
4274,2,9.27999992371,13.104736144211962,3.824736220501963
4275,2,10.0999999046,12.625207738832524,2.525207834232523
4276,2,10.3666667938,11.476929622201272,1.1102628284012717
4277,2,11.5,13.604041142639135,2.1040411426391348
4278,5,10.6833333969,13.090131120498539,2.4067977235985385
4279,5,10.8333330154,11.544624249949951,0.711291234549952
4280,5,12.5,11.369391407883203,1.130608592116797
4281,5,12.0500001907,15.256757678204306,3.206757487504305
4282,5,12.5,13.533678637587382,1.033678637587382
4283,5,12.3000001907,13.47349729296602,1.173497102266019
4284,5,11.8999996185,14.714946732248332,2.8149471137483317
4285,5,11.8000001907,9.939084204405548,1.8609159862944527
4286,5,11.1000003815,13.361792354434845,2.261791972934846
4287,5,11.3999996185,16.567921709028603,5.167922090528602
4288,5,8.9615385349,12.24146177700626,3.2799232421062587
4289,5,11.3000001907,13.775316611977562,2.4753164212775616
4290,5,12.3000001907,14.356796633076051,2.0567964423760507
4291,3,11.5,12.599344313063554,1.099344313063554
4292,3,10.5499997139,10.08343375919305,0.46656595470695095
4293,3,11.3999996185,11.65682011284504,0.25682049434503895
4294,3,9.30000003179,8.937101564704127,0.3628984670858735
4295,4,9.42499995232,10.960321649286962,1.535321696966962
4296,3,10.8999996185,10.447568736039377,0.45243088246062335
4297,3,9.80000019073,11.230454777098327,1.4304545863683273
4298,3,12.25,12.548533360850382,0.2985333608503815
4299,3,9.12000007629,8.836969994577847,0.2830300817121518
4300,3,9.65882351819,9.530629203090635,0.12819431509936408
4301,1,11.8500003815,11.281723394426747,0.5682769870732525
4302,1,11.6000003815,11.350833472012,0.24916690948799847
4303,1,11.3999996185,12.273066914157296,0.8730672956572949
4304,1,10.7000001272,11.848644180683264,1.148644053483265
4305,1,9.65999999046,10.305473859180793,0.6454738687207939
4306,1,12.4500002861,11.897129583786949,0.5528707023130508
4307,1,10.9000000954,12.52934301332291,1.6293429179229104
4308,1,9.80000019073,11.472882012359229,1.672881821629229
4309,1,9.91428579603,11.686463098725367,1.7721773026953667
4310,1,10.3999999364,11.473476770801556,1.0734768344015553
4311,5,9.7,11.009636699935317,1.309636699935318
4312,5,8.39473682956,12.25935715932137,3.8646203297613706
4313,5,10.1999998093,12.2557936228136,2.055793813513601
4314,5,11.5500001907,14.679833036523162,3.1298328458231612
4315,5,12.1999998093,14.241770578582797,2.041770769282797
4316,5,11.75,15.364257420229714,3.6142574202297144
4317,5,9.10000038147,12.524029430653574,3.4240290491835736
4318,5,10.4499998093,12.048151260731219,1.5981514514312192
4319,5,11.6999998093,14.657382891907211,2.957383082607212
4320,5,11.4500002861,14.455361151757659,3.005360865657659
4321,5,9.33333333333,11.878382168909038,2.5450488355790384
4322,1,12.3000001907,12.412172060837039,0.112171870137038
4323,1,12.8000001907,16.688700893463313,3.8887007027633125
4324,1,9.67692301824,11.732984694270787,2.0560616760307866
4325,1,10.6000003815,11.818517884137265,1.2185175026372654
4326,1,11.1500000954,11.745850654794674,0.595850559394675
4327,1,9.25833328565,10.305669389141826,1.0473361034918263
4328,1,9.0,11.75319023817249,2.7531902381724898
4329,1,10.8000001907,11.513434671807067,0.7134344811070665
4330,1,8.6999999455,11.021170421693903,2.3211704761939025
4331,1,9.23703712887,10.426909556336732,1.1898724274667316
4332,1,11.8000001907,11.853387400803749,0.05338721010374847
4333,1,9.35000038147,10.22372410701505,0.8737237255450498
4334,1,11.6999998093,11.742433750098638,0.04243394079863805
4335,4,11.2333334287,10.773259270701594,0.460074157998406
4336,4,11.3666664759,11.977354220660377,0.6106877447603765
4337,4,12.1500000954,12.007817047178442,0.14218304822155758
4338,4,11.6999998093,11.084435195265293,0.6155646140347066
4339,4,8.97142859868,10.606502962589087,1.6350743639090872
4340,4,9.36666647593,11.503891847319753,2.1372253713897535
4341,4,10.8499999046,11.761837598431832,0.9118376938318313
4342,4,8.9791667064,10.894047310653189,1.9148806042531898
4343,4,9.7000001027,10.318030910213576,0.6180308075135752
4344,4,9.16190474374,11.467392684925956,2.305487941185957
4345,4,9.86666647593,10.957713258451182,1.0910467825211825
4346,4,8.80000019073,11.906995140054468,3.106994949324468
4347,4,12.6000003815,12.05544228343048,0.544558098069519
4348,4,9.25,11.142974640674101,1.892974640674101
4349,4,11.4499998093,11.3613353707264,0.08866443857360018
4350,4,9.91111119588,10.890662897117975,0.9795517012379751
4351,4,9.39999961853,10.02284013536515,0.6228405168351507
4352,1,11.3800001144,12.426035092778733,1.0460349783787333
4353,1,10.8999996185,11.413555969079965,0.5135563505799645
4354,1,10.0,11.83606521167413,1.8360652116741303
4355,1,11.0999999046,12.10745116170291,1.0074512571029093
4356,1,11.6999998093,13.631623225685361,1.9316234163853618
4357,1,11.1999998093,14.518339008903395,3.318339199603395
4358,1,9.70000012716,11.501875670551662,1.8018755433916631
4359,1,8.90000009537,11.393067928676578,2.4930678333065774
4360,1,9.88333352407,11.922856179250909,2.0395226551809085
4361,1,9.10000038147,11.163147663692245,2.0631472822222445
4362,2,10.0666666031,11.717454082534218,1.6507874794342179
4363,2,9.5,11.678847139450781,2.178847139450781
4364,2,12.1000003815,12.581977286648746,0.4819769051487466
4365,2,11.8999996185,12.6411140628462,0.7411144443461986
4366,2,12.3000001907,11.872750114425425,0.427250076274575
4367,2,11.2749998569,11.755813459085836,0.4808136021858367
4368,2,11.3000001907,14.009105590943387,2.709105400243386
4369,1,7.97272742878,9.173920656178758,1.2011932273987584
4370,1,9.89999961853,11.674964570647047,1.7749649521170472
4371,1,8.92499995232,10.939406298412496,2.014406346092496
4372,1,8.4500002861,10.382662409725068,1.932662123625068
4373,1,10.600000109,11.085835131934354,0.48583502293435465
4374,1,11.3111110263,12.941177436412218,1.6300664101122173
4375,1,8.37777776188,11.107219962197881,2.729442200317882
4376,1,10.6636362076,12.28348412560816,1.6198479180081602
4377,1,10.6000003815,11.109897988419945,0.5098976069199459
4378,1,6.86666679382,10.575243525571434,3.7085767317514335
4379,1,10.7600000381,10.045337257021119,0.7146627810788804
4380,1,9.55000019073,10.599536524394345,1.0495363336643457
4381,1,8.33333333333,9.853156513066576,1.5198231797365764
4382,3,9.90000009537,10.69845883222506,0.7984587368550589
4383,3,9.25333328247,9.753847200439052,0.5005139179690516
4384,3,6.37777773539,10.366458241711028,3.988680506321028
4385,3,9.38253967346,12.77676839521819,3.3942287217581892
4386,3,9.9500002861,10.214197375527029,0.2641970894270287
4387,3,11.4500000136,12.394655714318716,0.944655700718716
4388,3,7.91052630073,12.782399213860646,4.871872913130646
4389,3,10.1000003815,12.839899934756657,2.7398995532566577
4390,3,10.6769230916,11.901935014064573,1.2250119224645726
4391,3,7.625,7.791664370515457,0.16666437051545735
4392,3,8.36666679382,9.471296188853367,1.104629395033367
4393,3,10.685714313,11.906062261240065,1.2203479482400645
4394,3,9.23750007153,10.646959188313303,1.409459116783303
4395,3,8.22500014305,7.510953979391237,0.7140461636587627
4396,3,11.5999997457,12.381683531258812,0.7816837855588119
4397,3,8.59999990463,9.565615442087733,0.9656155374577331
4398,3,7.82444447411,9.986464457748818,2.1620199836388183
4399,3,9.06000003815,10.428230402638704,1.3682303644887046
4400,3,7.0,8.520138303410228,1.5201383034102278
4401,3,11.5999999046,12.95117879631801,1.3511788917180088
4402,3,10.0285714013,11.802052185600719,1.7734807843007179
4403,3,7.65,8.923791137112236,1.2737911371122355
4404,2,9.98000011444,11.084101330902381,1.1041012164623822
4405,2,9.55199993134,10.890137570110257,1.3381376387702577
4406,2,11.8,12.515857100640654,0.7158571006406529
4407,2,9.26000003815,10.775366647288442,1.5153666091384412
4408,2,10.6999998093,10.537206994920307,0.16279281437969217
4409,2,8.56666660309,11.093386591858867,2.526719988768866
4410,2,8.0624999404,10.353618095211996,2.291118154811995
4411,2,7.21999998093,9.185088343247132,1.9650883623171325
4412,2,8.89999993642,10.31775976397318,1.41775982755318
4413,2,11.4500000477,11.943399647442552,0.49339959974255265
4414,2,11.3600001017,12.253883804194322,0.8938837024943211
4415,2,9.21000003815,12.184390266317811,2.9743902281678114
4416,2,8.17027027543,10.181196889485692,2.010926614055693
4417,2,11.0199998856,12.054163310301867,1.034163424701866
4418,2,7.28749996424,11.53594105354971,4.2484410893097095
4419,2,7.46428574835,10.30391107433269,2.8396253259826905
4420,2,10.1000000636,10.63440059620204,0.5344005326020405
4421,2,8.125,9.248616300435605,1.1236163004356055
4422,2,9.95789487738,10.775882614541038,0.8179877371610385
4423,2,10.1800001144,11.127781277121745,0.9477811627217445
4424,2,9.45833341281,10.69986311842605,1.2415297056160508
4425,2,10.8999996185,12.373652956080779,1.473653337580778
4426,2,10.1333332062,9.958399719607065,0.17493348659293417
4427,2,11.1666666667,12.369726759489405,1.2030600927894053
4428,2,8.39999993642,11.073023023214752,2.6730230867947515
4429,2,8.28571428571,9.902405689079291,1.6166914033692912
4430,2,7.70000001362,9.610240786185209,1.9102407725652082
4431,2,7.08823532217,8.759991744809446,1.6717564226394455
4432,2,7.3653846704,11.162405145248664,3.7970204748486642
4433,1,7.27777777778,10.457533300150116,3.179755522370116
4434,1,7.78571421759,10.179613756766273,2.3938995391762727
4435,1,6.97142857597,10.056195615207487,3.0847670392374873
4436,1,8.28571430274,8.59725281192018,0.31153850918017945
4437,1,8.0,9.186044850771244,1.1860448507712444
4438,1,11.3499999046,9.497397404043383,1.8526025005566176
4439,1,11.4500002861,10.792688162748195,0.6573121233518044
4440,1,6.67777782016,8.74775239419393,2.069974574033929
4441,1,8.44999980927,10.794842298547165,2.3448424892771644
4442,1,6.80303034638,9.173192816462224,2.3701624700822244
4443,1,10.2249999046,10.352366962124002,0.12736705752400113
4444,1,9.64999993642,10.717719531642382,1.067719595222382
4445,1,8.75000011921,10.030310781547575,1.280310662337575
4446,1,10.1428570066,12.61741980599022,2.4745627993902204
4447,1,6.81666676203,8.96221848025634,2.14555171822634
4448,1,8.4571428299,9.830680594957071,1.3735377650570708
4449,1,8.29999987284,10.003668729889698,1.7036688570496974
4450,1,9.77857140132,11.016682178625452,1.238110777305451
4451,1,9.93333339691,9.820426768458299,0.11290662845170019
4452,1,9.75,10.242056143006637,0.49205614300663747
4453,1,8.35000038147,10.328131035228571,1.978130653758571
4454,1,8.38000011444,10.702270407065908,2.322270292625909
4455,1,8.71666669846,10.18666569675329,1.4699989982932902
4456,1,8.55000019073,9.714949133296349,1.1649489425663493
4457,1,8.3879999733,10.91410994613337,2.526109972833371
4458,1,11.125,11.175036693632714,0.050036693632714346
4459,1,7.7720000267,12.640915605847058,4.868915579147058
4460,1,9.65000009537,10.638930233880684,0.9889301385106837
4461,1,11.5500001907,10.470990585579637,1.0790096051203637
4462,1,8.97500002384,10.787820300742084,1.8128202769020838
4463,1,8.71999988556,10.695984573876059,1.9759846883160588
4464,1,7.98000001907,9.519710297317836,1.5397102782478358
4465,3,8.09999998411,9.419189121436386,1.3191891373263864
4466,3,8.56666660309,9.232036284351155,0.6653696812611543
4467,3,7.94000005722,8.451106204690104,0.5111061474701044
4468,3,8.38749998808,9.201028443980722,0.8135284559007214
4469,3,9.77500009537,11.763225135179814,1.988225039809814
4470,3,10.3000000318,12.438307555965554,2.1383075241655547
4471,3,10.2529411877,10.873306987080381,0.6203657993803819
4472,3,7.24615375812,7.428014615821537,0.18186085770153682
4473,3,10.2999998728,11.799033516013887,1.4990336432138864
4474,3,10.75,12.083977567342702,1.3339775673427017
4475,3,12.1499999364,12.338486427002842,0.18848649060284117
4476,3,9.49999988079,10.043427735307928,0.5434278545179279
4477,3,6.54545454545,10.39689840036778,3.85144385491778
4478,3,7.51000003815,9.01817618030449,1.5081761421544897
4479,3,12.5333331426,11.787817878647243,0.7455152639527576
4480,3,9.75,12.310549569778352,2.5605495697783525
4481,3,7.14545449344,7.4680533132694835,0.3225988198294836
4482,3,10.9399999619,12.38261635576281,1.44261639386281
4483,3,9.12857151031,11.314530733229772,2.185959222919772
4484,3,9.89999961853,11.952741042807958,2.052741424277958
4485,3,10.1111112171,10.89331890105827,0.782207683958271
4486,3,9.56666660309,10.753724636506208,1.187058033416207
4487,3,10.6400001526,11.686351258701464,1.0463511061014632
4488,3,11.3000001907,12.646165340084494,1.3461651493844933
4489,3,8.6285714422,9.864640935060372,1.2360694928603717
4490,3,8.10000038147,10.161162609809194,2.061162228339194
4491,3,10.4000000954,12.02285619904024,1.62285610364024
4492,3,8.42499995232,9.219193367896278,0.7941934155762773
4493,3,11.1333335241,12.853638959930416,1.7203054358304168
4494,3,12.2000000477,12.484158029694335,0.2841579819943352
4495,3,10.1999998093,11.647435529131872,1.4474357198318728
4496,3,10.3083334764,9.97166772738351,0.3366657490164897
4497,3,10.2599998474,12.421903280746001,2.1619034333460014
4498,3,8.86666679382,9.65514536068407,0.7884785668640699
4499,3,7.82000000477,12.711835954715298,4.891835949945298
4500,3,6.87368418041,10.908590747124022,4.034906566714022
4501,3,10.3000001907,12.26420445081646,1.9642042601164587
4502,3,10.2499997616,10.611641345944403,0.36164158434440274
4503,3,9.03333324856,11.31794704001276,2.2846137914527596
4504,3,12.3499999046,12.22532207073043,0.12467783386957088
4505,3,12.1666666667,12.083173546524778,0.08349312017522159
4506,3,11.7250001431,12.408901381589649,0.6839012384896481
4507,5,7.625,10.492323937349084,2.8673239373490844
4508,3,9.78333330154,10.425129385489772,0.641796083949771
4509,3,10.3499996662,11.877048521919217,1.527048855719217
4510,5,8.85454550656,12.560908160602093,3.7063626540420938
4511,5,9.89999961853,12.903822604426809,3.003822985896809
4512,5,8.20000004768,11.734953282266986,3.534953234586986
4513,5,8.14999997616,10.278075509186008,2.128075533026008
4514,5,8.17499989271,11.516369209361986,3.3413693166519867
4515,5,8.43529415131,12.04494273791022,3.609648586600221
4516,5,11.5428571701,13.910409467631629,2.3675522975316294
4517,5,8.23333326976,11.634083699012304,3.400750429252305
4518,5,6.87692304758,12.0165589629314,5.1396359153514
4519,5,10.3999996185,10.996012382161599,0.5960127636615979
4520,5,10.0250000954,13.621671542633587,3.5966714472335877
4521,5,8.28571442195,11.004126668976816,2.7184122470268157
4522,5,11.2000000477,13.585149179500718,2.385149131800718
4523,5,7.89375007153,11.464032907808896,3.5702828362788956
4524,5,8.54999995232,11.191120606691273,2.6411206543712726
4525,5,10.2166667779,13.427222168189948,3.2105553902899473
4526,5,7.61999988556,10.071753369432649,2.4517534838726487
4527,3,8.34999990463,10.435716887476927,2.085716982846927
4528,3,8.75555552377,10.111802998377767,1.356247474607768
4529,3,9.0933333079,10.157045868893707,1.0637125609937073
4530,3,10.0315789173,11.02847910911067,0.9969001918106706
4531,3,10.3777776294,12.59798775311482,2.2202101237148195
4532,3,12.5,12.510073464037474,0.010073464037473556
4533,3,11.1666667726,11.408171026827782,0.24150425422778277
4534,3,10.3999996185,12.142032676509478,1.7420330580094774
4535,3,7.21818174015,10.092739734447548,2.8745579942975477
4536,3,7.44999997616,11.524551224415308,4.074551248255308
4537,3,10.05,11.498591801757776,1.4485918017577752
4538,3,7.4157894787,10.10417507630208,2.688385597602081
4539,3,8.20000004768,8.96569146639421,0.7656914187142103
4540,3,10.5499999821,13.760207134095468,3.210207151995469
4541,4,8.67499995232,10.023116680787412,1.3481167284674118
4542,4,8.29999987284,8.753478158223066,0.4534782853830652
4543,4,9.77777788374,10.077401087097988,0.29962320335798687
4544,4,9.6891304099,11.189724538561412,1.5005941286614117
4545,4,7.70000007417,10.259784090040206,2.559784015870206
4546,4,9.26666641235,9.536619470338717,0.26995305798871705
4547,4,8.19999980927,9.75233776911212,1.55233795984212
4548,4,8.5,9.86807021577428,1.3680702157742797
4549,4,8.05000011126,8.522889529612216,0.4728894183522172
4550,4,7.22499990463,8.261958275417081,1.0369583707870813
4551,4,9.82499980927,11.071898712335415,1.2468989030654143
4552,4,7.38999991417,8.522426318039637,1.132426403869637
4553,4,8.96923079857,10.060000536815911,1.0907697382459105
4554,4,7.48461543597,10.658816649613424,3.174201213643424
4555,4,10.1000003815,10.595479177528881,0.49547879602888223
4556,4,8.80000019073,9.620807057697933,0.8208068669679331
4557,4,9.99999980927,8.632437701415771,1.3675621078542282
4558,4,10.3111110263,10.224822839593234,0.08628818670676708
4559,4,8.63333352407,9.593463383876056,0.9601298598060559
4560,4,10.8999996185,9.605594371940812,1.2944052465591884
4561,4,7.3428572246,8.467790692692798,1.1249334680927978
4562,4,10.4999996821,10.387874611415715,0.11212507068428579
4563,4,8.56666649712,9.57775779199398,1.0110912948739799
4564,4,8.75,9.763155375836348,1.013155375836348
4565,4,8.625,10.584111852840442,1.9591118528404419
4566,4,6.94000005722,8.744537198376028,1.804537141156028
4567,4,8.75,8.994455711861036,0.2444557118610362
4568,4,10.1999998093,12.036606817216619,1.8366070079166192
4569,4,8.28749990463,9.262619897314522,0.9751199926845224
4570,4,9.42820519667,10.788198334164834,1.3599931374948344
4571,4,10.720000267,11.216954392035019,0.49695412503501935
4572,4,7.32000000477,9.161448832814566,1.841448828044566
4573,4,7.22499996424,10.527588783071776,3.302588818831776
4574,4,9.43599990845,10.316987108012707,0.880987199562707
4575,4,9.60000010899,11.897113889801775,2.297113780811774
4576,4,8.30000003179,9.721915191871483,1.4219151600814826
4577,4,7.90000009537,9.299793480988242,1.399793385618242
4578,4,8.03333353996,10.646917459129819,2.6135839191698196
4579,4,8.39999961853,8.996026632260806,0.5960270137308061
4580,4,7.91538476944,8.269633552063922,0.35424878262392223
4581,4,9.59999974569,9.787087196819618,0.18708745112961722
4582,2,12.1090910651,13.962961149026537,1.8538700839265374
4583,2,12.6999999827,13.891930830617975,1.191930847917975
4584,2,9.83521125686,11.15099577091232,1.3157845140523214
4585,2,9.38181816448,11.577564148805706,2.195745984325706
4586,2,6.75,10.090336294699894,3.3403362946998936
4587,2,10.0,11.369429616280332,1.3694296162803319
4588,2,7.86666679382,9.835201467961456,1.9685346741414556
4589,2,8.89999961853,10.006937604737635,1.106937986207635
4590,2,8.34999990463,10.279481982401673,1.9294820777716737
4591,4,13.8799999237,17.341308686449633,3.461308762749633
4592,4,12.6000003815,12.33992619790822,0.2600741835917795
4593,4,10.7999999523,11.948903165273027,1.1489032129730266
4594,4,12.8999996185,14.964082176612731,2.0640825581127302
4595,4,9.60000038147,12.760936262081675,3.1609358806116745
4596,4,9.30000019073,11.814351639657824,2.5143514489278243
4597,4,12.8000001907,15.8580516706434,3.0580514799433995
4598,4,13.8500001431,15.5314516933173,1.6814515502172984
4599,4,17.2999992371,14.085416903572614,3.2145823335273853
4600,4,13.5,14.29134889633859,0.7913488963385902
4601,4,9.76000003815,10.952089647412183,1.192089609262183
4602,4,10.4500000477,14.285972595375707,3.8359725476757074
4603,4,13.7750002146,14.368152524395555,0.5931523097955544
4604,4,10.7400001526,11.777885295605264,1.0378851430052638
4605,3,9.07500000298,10.915929799840974,1.8409297968609746
4606,3,11.6499998569,13.38358766235923,1.73358780545923
4607,4,8.75,10.583233622144702,1.8332336221447019
4608,3,9.42000007629,9.44574654675766,0.02574647046765932
4609,3,12.25,12.969377531374178,0.7193775313741781
4610,3,10.7000000477,12.76797904654584,2.06797899884584
4611,3,9.375,11.535714264915729,2.160714264915729
4612,3,11.6999998093,14.377458688565817,2.677458879265817
4613,3,12.5333334605,13.86067634148691,1.32734288098691
4614,3,15.8000001907,16.648924414170306,0.8489242234703056
4615,3,13.1999998093,15.253175088008856,2.0531752787088564
4616,3,16.1000000636,13.294777204915102,2.805222858684898
4617,3,9.60000038147,12.212724987075305,2.6127246056053046
4618,3,15.2333335876,14.885799361616286,0.34753422598371486
4619,3,13.1000003815,14.713846876619867,1.6138464951198674
4620,3,10.0,9.13440707990836,0.8655929200916397
4621,3,11.4666668574,11.78025486603642,0.31358800863642067
4622,3,10.5400001526,10.227564958482814,0.31243519411718523
4623,3,13.5000003179,16.951971614399746,3.451971296499746
4624,3,14.6000003815,16.284441936834554,1.6844415553345549
4625,3,11.5500001907,10.963687553058241,0.5863126376417593
4626,3,10.5818180604,11.828340177033724,1.2465221166337237
4627,3,11.5,13.557416221050962,2.0574162210509623
4628,3,15.9749996662,12.92771913207693,3.04728053412307
4629,3,12.8249998093,14.907213103045482,2.0822132937454825
4630,3,11.3666664759,12.774883021824154,1.4082165459241534
4631,3,13.1999998093,13.327582813732668,0.1275830044326689
4632,3,16.7999992371,15.660126418781239,1.1398728183187607
4633,3,14.1333332062,14.811715860136236,0.6783826539362359
4634,1,11.5999999046,10.279097720948167,1.3209021836518335
4635,1,10.1999998093,10.185829977102905,0.014169832197094223
4636,1,12.5,15.46815103508826,2.96815103508826
4637,1,14.1749999523,13.52520251533844,0.6497974369615598
4638,1,15.2499997616,16.546927645962583,1.2969278843625833
4639,1,13.6999998093,14.758943897380313,1.0589440880803132
4640,1,13.5750000477,14.064495570374097,0.48949552267409757
4641,1,13.3000000545,15.163551325422796,1.8635512709227964
4642,1,13.8999999364,14.426442100675171,0.5264421642751707
4643,1,15.1571427754,14.442013320159559,0.7151294552404419
4644,2,13.9499999682,13.59909155846695,0.3509084097330497
4645,2,10.3000001907,10.879567114426585,0.5795669237265848
4646,2,12.6500000954,16.03686719612836,3.3868671007283595
4647,2,15.1999998093,14.91725405068829,0.2827457586117088
4648,2,9.38750004768,11.109394613489856,1.7218945658098566
4649,2,13.1909092123,15.087746805791324,1.896837593491325
4650,2,11.4750001431,13.022607672687426,1.5476075295874256
4651,2,13.6500000954,15.038184897656336,1.3881848022563368
4652,2,13.4666666985,14.565787858511179,1.0991211600111797
4653,2,10.1000003815,11.467964828521474,1.3679644470214747
4654,2,14.3166666826,16.101397364268156,1.7847306816681563
4655,2,10.5249999762,11.781900964402041,1.256900988202041
4656,2,12.4857142312,11.383747708957644,1.1019665222423551
4657,2,10.1499999762,12.649648697646121,2.499648721446121
4658,2,8.11000008583,10.973114629722158,2.8631145438921575
4659,2,17.2000007629,12.60176259153453,4.59823817136547
4660,4,7.93333315849,10.235307637956572,2.3019744794665717
4661,4,18.2000007629,14.741022003456115,3.4589787594438857
4662,4,10.9500002861,11.90584541892069,0.9558451328206896
4663,4,12.9666665395,14.858057592586832,1.8913910530868314
4664,4,9.09999990463,13.176533802256435,4.076533897626435
4665,4,11.0,13.787590420864909,2.787590420864909
4666,4,12.5750002861,14.069887131753195,1.4948868456531947
4667,4,10.6333335241,13.118195844810241,2.484862320710242
4668,4,14.4333333969,14.331912811067014,0.10142058583298663
4669,4,11.7111112807,12.975058125416588,1.2639468447165871
4670,4,13.0000003179,14.430965539175922,1.4309652212759225
4671,4,12.9000000954,14.920073278217915,2.0200731828179155
4672,4,15.4666666985,15.473651693650714,0.006984995150714823
4673,4,12.0600002289,12.490559258922278,0.4305590300222786
4674,4,13.4500002861,14.650367750153864,1.2003674640538637
4675,4,12.5181818008,14.407534259185859,1.8893524583858579
4676,4,9.89999961853,11.595329260211388,1.695329641681388
4677,4,13.4000001907,15.586401817685875,2.186401626985875
4678,4,13.4499998093,17.670120053775317,4.220120244475318
4679,1,8.55000003179,10.651896990658749,2.101896958868748
4680,1,8.18000016212,10.164696994876993,1.9846968327569918
4681,1,8.39999961853,10.072961535491517,1.6729619169615173
4682,1,8.80000019073,9.585556563682239,0.7855563729522395
4683,1,8.73333326976,9.963222317901899,1.2298890481418994
4684,1,8.10000006358,11.414464659184848,3.314464595604848
4685,1,8.05714300701,10.45496880816895,2.39782580115895
4686,1,8.46666653951,10.014791397874824,1.5481248583648242
4687,2,8.82857145582,9.357041325761868,0.5284698699418673
4688,2,7.65000009537,9.59591347529762,1.9459133799276191
4689,2,8.7000002861,10.393410287506875,1.6934100014068747
4690,2,9.30000019073,11.624828584970034,2.3248283942400345
4691,2,8.2666665713,8.826566531062484,0.5598999597624843
4692,2,10.5,10.652928687140557,0.15292868714055707
4693,2,9.20000012716,11.02874968184222,1.8287495546822203
4694,2,8.46666653951,11.045626083645079,2.5789595441350794
4695,2,10.3000001907,12.054696344164132,1.7546961534641312
4696,2,9.25,10.744915779095885,1.4949157790958854
4697,3,8.38888888889,8.875182587038976,0.4862936981489767
4698,2,8.27142838069,9.91664303486514,1.64521465417514
4699,3,9.75,9.701674794022225,0.048325205977775454
4700,3,9.13999996185,10.397771075981476,1.2577711141314758
4701,3,8.91428579603,8.666993757708642,0.24729203832135838
4702,3,8.60000038147,8.373111921034887,0.2268884604351129
4703,3,7.81666676203,8.279679707709379,0.46301294567937923
4704,3,7.89999997616,9.354595450269375,1.4545954741093752
4705,3,8.89999993642,9.299576016422627,0.39957608000262645
4706,3,10.1000003815,9.371857769390195,0.7281426121098047
4707,3,9.10000038147,10.88368609664212,1.783685715172119
4708,3,8.2000002861,8.697802247644923,0.49780196154492273
4709,3,9.21666653951,9.219699184183844,0.0030326446738442314
4710,3,8.60000038147,10.191364085576616,1.591363704106616
4711,3,9.0,9.637831776593815,0.6378317765938153
4712,3,8.59999990463,9.765424050576845,1.1654241459468455
4713,3,8.39999961853,9.978588911755061,1.5785892932250611
4714,3,9.33333333333,8.615295757232955,0.7180375760970445
4715,3,8.0,9.273690162309235,1.2736901623092347
4716,3,8.23999996185,8.371340340696603,0.13134037884660366
4717,3,8.5333331426,9.350648416550285,0.8173152739502854
4718,2,7.59999990463,11.210119238609721,3.6101193339797213
4719,2,9.10000038147,10.496948312059073,1.3969479305890733
4720,2,8.83333333333,9.139037796308553,0.3057044629785537
4721,2,9.2000002861,8.624681885232443,0.5753184008675571
4722,2,8.30000019073,11.109002142785245,2.8090019520552456
4723,2,9.40000009537,11.139292956107305,1.7392928607373044
4724,2,8.83333333333,10.222562387456225,1.3892290541262255
4725,2,8.39999961853,9.749951986794654,1.3499523682646544
4726,2,8.4500002861,10.09914365086564,1.6491433647656404
4727,5,9.69999980927,12.729749543122148,3.0297497338521477
4728,5,8.2,12.859299878978916,4.659299878978917
4729,5,8.5499997139,11.866558553459127,3.316558839559127
4730,5,11.3000001907,13.135122814816418,1.8351226241164174
4731,5,11.1000003815,13.449052662323425,2.3490522808234253
4732,5,9.05000019073,13.415522193991022,4.365522003261022
4733,5,8.7999997139,11.08074640920573,2.28074669530573
4734,5,8.15000009537,11.049234061222085,2.899233965852085
4735,5,8.6,12.965721265224378,4.365721265224378
4736,5,8.19999980927,11.553942203004853,3.3539423937348527
4737,1,8.71428571429,9.867212187471061,1.1529264731810613
4738,1,9.35000038147,12.24507732887882,2.8950769474088194
4739,1,11.0,10.594580746715277,0.40541925328472317
4740,1,10.3999996185,10.723342780880076,0.3233431623800751
4741,1,10.5,10.883846461828155,0.3838464618281545
4742,1,9.55000019073,11.233462825311213,1.683462634581213
4743,1,10.9000000954,11.473153205276784,0.5731531098767846
4744,1,8.67500019073,11.66152790111806,2.98652771038806
4745,1,10.3999996185,11.647905334867675,1.247905716367674
4746,1,8.0,10.251564420707359,2.251564420707359
4747,5,8.89999961853,12.485788174767249,3.585788556237249
4748,5,9.3,13.619272402618696,4.3192724026186955
4749,5,8.56250011921,11.432560896511028,2.8700607773010276
4750,5,8.69999980927,10.206740475214062,1.5067406659440614
4751,5,8.99999968211,11.416003765327918,2.416004083217919
4752,5,7.80000019073,12.650345276253116,4.8503450855231165
4753,5,8.5,10.143960785354706,1.6439607853547056
4754,5,8.7000002861,10.460602076000228,1.7606017899002282
4755,5,9.0499997139,12.943180467852732,3.8931807539527323
4756,5,11.1000003815,13.045113394951374,1.9451130134513743
4757,4,8.25999994278,8.818212460200213,0.5582125174202126
4758,4,8.69999980927,9.758247039143825,1.0582472298738246
4759,4,8.5,9.708802674804861,1.2088026748048613
4760,4,10.1000003815,9.901004801890577,0.19899557960942182
4761,4,8.5,8.402027434738818,0.09797256526118225
4762,4,8.30000019073,8.479994330430435,0.17999413970043499
4763,4,8.29999987284,9.07016450270116,0.77016462986116
4764,4,7.86666679382,10.108874821305927,2.242208027485926
4765,4,8.65000009537,10.058492099943109,1.4084920045731089
4766,3,9.0,12.348844395768037,3.3488443957680367
4767,2,8.7000002861,10.286436725573067,1.5864364394730668
4768,2,9.0,10.01582017494997,1.0158201749499707
4769,2,7.83333333333,9.667404504059485,1.8340711707294854
4770,2,9.0,10.760410336105984,1.7604103361059842
4771,2,8.25555557675,11.322827743626231,3.067272166876231
4772,2,9.30000019073,10.844673292961506,1.5446731022315063
4773,2,7.80000019073,9.20011279639019,1.4001126056601905
4774,2,8.80000019073,9.651575055332858,0.851574864602858
4775,2,9.03333346049,12.164194054353313,3.1308605938633125
4776,2,6.59999990463,9.200729271324303,2.6007293666943028
4777,2,7.86666647593,11.207515558654373,3.3408490827243735
4778,2,9.0,9.635751194706515,0.6357511947065149
4779,2,8.60000038147,10.115172342971565,1.515171961501565
4780,2,8.5,10.06615877479302,1.5661587747930206
4781,2,8.69999980927,10.227540480548708,1.5275406712787074
4782,2,9.70000012716,11.318678383496636,1.6186782563366364
4783,4,7.80000019073,9.18526737426093,1.3852671835309298
4784,1,9.80000019073,11.180453490425917,1.3804532996959171
4785,1,10.8833332062,11.470496973480998,0.5871637672809982
4786,2,9.60000038147,10.727842160719874,1.1278417792498736
4787,1,8.19090921229,9.903140276201514,1.7122310639115135
4788,1,8.43333339691,10.29996639974336,1.8666330028333604
4789,1,11.0250000954,11.117548581333622,0.09254848593362297
4790,1,8.19999980927,10.242710975088876,2.0427111658188757
4791,1,11.0,11.449766100304835,0.449766100304835
4792,1,8.82500004768,10.082547216024514,1.257547168344514
4793,1,8.80000019073,10.185427056911617,1.3854268661816178
4794,3,8.10000014305,10.231133170174424,2.1311330271244238
4795,3,8.34999990463,8.740116770085704,0.39011686545570434
4796,3,8.26666673024,12.238029020680763,3.971362290440762
4797,3,11.1333335241,9.72365198349298,1.4096815406070196
4798,3,8.30000019073,8.413164210135644,0.11316401940564447
4799,3,9.0,10.667373840994705,1.6673738409947045
4800,3,7.29999995232,8.965710536430926,1.6657105841109257
4801,3,10.0999999046,9.381035645148982,0.7189642594510186
4802,3,9.80000019073,9.080597779260351,0.7194024114696482
4803,3,8.59999990463,9.045272497487879,0.44527259285787935
4804,3,9.61428574153,10.564329748746374,0.9500440072163734
4805,4,8.5499997139,9.324613824816419,0.7746141109164189
4806,2,10.8499999046,10.56630531125617,0.2836945933438315
4807,4,6.73999996185,9.106351083790893,2.366351121940893
4808,4,8.24999992053,8.533180093378352,0.2831801728483523
4809,4,10.8000001907,11.231860699050602,0.4318605083506011
4810,4,8.25,8.26622872879545,0.016228728795450564
4811,4,10.8999996185,10.111942558720742,0.7880570597792591
4812,4,8.55000019073,9.391391914412255,0.8413917236822552
4813,4,8.73333326976,9.307006002161453,0.5736727324014534
4814,4,11.0000003179,10.664705490407624,0.33529482749237616
4815,4,8.76666673024,9.637948376897498,0.8712816466574971
4816,4,8.5,9.37875617520296,0.8787561752029607
4817,1,7.09999990463,9.309871785962544,2.2098718813325444
4818,4,8.5,8.32019947092163,0.17980052907837063
4819,4,7.38333336512,9.547252288248815,2.163918923128815
4820,4,8.36666679382,8.226840812089366,0.13982598173063465
4821,4,8.10000038147,8.86987998692488,0.7698796054548804
4822,4,8.3555554284,8.96471889216699,0.6091634637669898
4823,4,10.0,10.97174201078004,0.9717420107800407
4824,4,8.80000019073,9.885631832061694,1.0856316413316947
4825,4,8.39999961853,9.96953063987833,1.5695310213483307
4826,1,8.90666662852,9.88609770242159,0.9794310739015906
4827,1,9.53333346049,11.616356404599582,2.0830229441095813
4828,1,9.7666665713,11.674016623669084,1.9073500523690843
4829,1,10.9333333969,11.945543565914996,1.0122101690149954
4830,1,12.5499997139,13.53829838384552,0.9882986699455198
4831,1,9.79154927966,11.143149661325122,1.351600381665122
4832,1,11.6999998093,12.656063396696656,0.9560635873966561
4833,1,9.84999990463,11.69470501729759,1.8447051126675902
4834,1,12.125,12.511745693746018,0.3867456937460183
4835,1,9.90000009537,11.398694000466175,1.4986939050961752
4836,1,9.89999961853,14.718571555670463,4.818571937140463
4837,1,8.43333323797,11.345979298609242,2.9126460606392417
4838,1,11.3000001907,12.003493004814256,0.7034928141142558
4839,1,9.40000009537,11.268417675077563,1.8684175797075628
4840,1,9.66666666667,11.3200035302001,1.6533368635301002
4841,1,9.33333333333,11.865247396696796,2.5319140633667967
4842,1,10.2399999619,10.962270691588527,0.7222707296885265
4843,1,10.7749998569,12.147486749236737,1.3724868923367382
4844,2,10.5,12.81406865987248,2.314068659872479
4845,2,11.6999998093,12.109687265758534,0.4096874564585349
4846,2,9.92500019073,12.646194710340549,2.721194519610549
4847,2,9.44999980927,12.61934902160292,3.1693492123329197
4848,2,9.25217387987,11.686254477734906,2.434080597864906
4849,2,9.5,12.316369395756222,2.8163693957562224
4850,2,10.9666668574,13.372668883599426,2.4060020261994257
4851,2,9.7999997139,11.967388440151774,2.167388726251774
4852,2,8.42000001669,11.895153444224722,3.475153427534721
4853,2,9.60000038147,11.907893246897062,2.3078928654270623
4854,2,9.65000009537,12.922432489196702,3.2724323938267013
4855,2,10.0,12.06195823056404,2.0619582305640396
4856,2,8.59999990463,11.783068871591064,3.1830689669610646
4857,2,13.3000001907,13.411825905183568,0.11182571448356704
4858,2,11.4999998808,10.58163512545973,0.9183647553402707
4859,2,10.5499998728,11.734216719899978,1.184216847099977
4860,2,10.5,13.545050258167404,3.0450502581674037
4861,2,10.6999998093,12.964924350408262,2.264924541108263
4862,2,10.1600000381,11.756763947713976,1.5967639096139763
4863,5,9.33333333333,12.647698212134335,3.3143648788043354
4864,5,10.5,13.308196866207085,2.8081968662070853
4865,5,9.36000003815,13.814252591338171,4.454252553188171
4866,5,11.0,14.171381114260768,3.171381114260768
4867,5,12.0,14.490700271212738,2.490700271212738
4868,5,10.6750001907,14.265501881765482,3.590501691065482
4869,5,10.2800001144,14.161692434725913,3.8816923203259126
4870,5,9.30000019073,14.377615325428907,5.077615134698908
4871,5,9.15416661898,13.186980989486646,4.032814370506646
4872,5,10.1000003815,14.727908507594973,4.627908126094974
4873,5,10.5500001907,14.347881180260892,3.797880989560891
4874,5,9.7000002861,13.174137115433204,3.4741368293332044
4875,5,10.7066668193,12.237043525355986,1.5303767060559856
4876,5,11.0,13.731218733859365,2.7312187338593645
4877,5,11.6000003815,15.05200968346519,3.452009301965191
4878,5,10.1000003815,14.146285004542426,4.0462846230424265
4879,5,9.53750002384,12.943555660392539,3.406055636552539
4880,5,8.38461538462,12.82321691080601,4.438601526186011
4881,5,9.24347823599,11.902188709098093,2.6587104731080924
4882,4,9.4852940896,12.41517786195059,2.929883772350591
4883,4,9.60000038147,12.179548269406038,2.5795478879360374
4884,4,11.7000001272,12.275917651479249,0.5759175242792498
4885,4,12.3499999046,14.54445782449014,2.194457919890139
4886,4,9.29999995232,11.434518319218654,2.1345183668986536
4887,4,9.69999980927,12.258711528419672,2.558711719149672
4888,4,9.29000005722,12.942058925984902,3.652058868764902
4889,4,9.2666665713,11.504248240750169,2.2375816694501687
4890,4,11.9666668574,12.505608309800932,0.5389414524009322
4891,4,10.5,12.20391448169003,1.7039144816900293
4892,4,9.60000038147,14.622219443804166,5.022219062334166
4893,5,11.75,15.382368336109657,3.632368336109657
4894,5,10.0333334605,13.786834692712597,3.7535012322125976
4895,5,9.58571434021,13.22283867948806,3.63712433927806
4896,5,11.8000001907,14.524794501721598,2.724794311021597
4897,5,8.20000002119,11.596609974889084,3.396609953699084
4898,5,9.76666641235,13.15866107889333,3.3919946665433294
4899,5,8.23125012219,14.135649362803258,5.904399240613259
4900,5,10.4000000954,11.829698023081976,1.4296979276819766
4901,5,9.31999988556,13.308128310972856,3.9881284254128566
4902,5,10.5,12.034588953759378,1.5345889537593784
4903,5,8.78750002384,12.368769333288531,3.5812693094485315
4904,5,10.1000003815,13.541291441888596,3.441291060388597
4905,5,10.1000003815,13.91505826145885,3.81505787995885
4906,5,9.625,12.246190432426785,2.6211904324267845
4907,5,8.90000009537,12.208829090119494,3.3088289947494935
4908,5,9.7666665713,14.113983398608779,4.347316827308779
4909,5,9.5499997139,13.926476212546032,4.376476498646031
4910,5,9.69999980927,14.015556361694944,4.315556552424944
4911,5,9.5,14.057677862140421,4.557677862140421
4912,5,9.39999961853,13.232435505606894,3.832435887076894
4913,2,11.0799999237,13.279826642945622,2.199826719245621
4914,2,9.44000008901,13.406183912679161,3.9661838236691604
4915,2,9.69999980927,12.248587890424554,2.548588081154554
4916,2,7.79999995232,11.010751603225387,3.2107516509053866
4917,2,9.40000009537,12.285830725693287,2.8858306303232872
4918,2,8.7999997139,11.330341905734443,2.5303421918344426
4919,2,11.6000003815,12.690093925400507,1.0900935439005082
4920,2,10.2428572518,12.119433188557172,1.8765759367571722
4921,2,10.8500003815,12.341494506164592,1.4914941246645927
4922,2,9.57500004768,11.979017620273753,2.4040175725937534
4923,2,11.2000001272,14.333703986805387,3.1337038596053883
4924,2,9.25,12.457708118142296,3.207708118142296
4925,2,8.60000038147,12.16007749699612,3.56007711552612
4926,2,9.83333333333,11.899109291717469,2.0657759583874693
4927,2,9.39999961853,11.764756278723295,2.3647566601932954
4928,2,10.3000001907,13.281537860176805,2.981537669476804
4929,2,10.1333335241,12.153522832277359,2.0201893081773594
4930,2,10.6200000763,12.266818950434308,1.6468188741343077
4931,2,10.8000001907,12.670143489959814,1.870143299259814
4932,2,9.80000019073,12.588159585113463,2.788159394383463
4933,2,9.53333346049,12.299288130191142,2.7659546697011415
4934,2,11.1000003815,13.488579880589224,2.388579499089225
4935,2,11.4499998093,12.584283266755866,1.134283457455867
4936,2,9.39999961853,12.929972907867695,3.529973289337695
4937,2,9.39999961853,12.508778298804222,3.108778680274222
4938,2,9.72500014305,12.487516727366893,2.7625165843168933
4939,5,12.5333331426,15.797686732934103,3.264353590334103
4940,5,9.0,13.28066872704335,4.28066872704335
4941,5,10.3899998665,13.90308659053022,3.51308672403022
4942,5,10.4500002861,13.414177816266552,2.964177530166552
4943,5,10.3999996185,13.975408750932823,3.5754091324328225
4944,5,9.44999980927,13.745618625359356,4.295618816089355
4945,5,13.1000001431,15.529285123740262,2.4292849806402614
4946,5,11.7500002384,14.597041155331977,2.8470409169319773
4947,5,9.35714258466,12.492823172637463,3.135680587977463
4948,5,11.1500000954,14.230640275908701,3.080640180508702
4949,5,9.60000038147,13.981587314734908,4.381586933264908
4950,5,8.65833338102,12.934899826072972,4.276566445052971
4951,5,8.86,13.019838319124199,4.1598383191242
4952,5,10.8000001907,13.427041139044544,2.6270409483445434
4953,5,9.69999980927,13.594759097182537,3.894759287912537
4954,5,13.2333332698,13.806137395737473,0.5728041259374734
4955,5,9.89999961853,13.901319231026676,4.001319612496676
4956,5,11.0749998093,13.068133511298319,1.9931337019983193
4957,5,9.80000019073,13.999367812083403,4.199367621353403
4958,5,8.65882346209,13.120606892685739,4.461783430595739
4959,5,10.3999996185,14.162367817769885,3.7623681992698845
4960,5,11.0333334605,14.072469040249139,3.0391355797491393
4961,5,10.6999998093,13.682000920533607,2.9820011112336076
4962,5,9.89999961853,13.973203361371612,4.073203742841612
4963,3,10.0750000477,11.566994770813507,1.491994723113507
4964,3,9.5499997139,11.942394357493407,2.3923946435934074
4965,3,11.3999999364,11.527708556369898,0.1277086199698978
4966,3,11.4800001144,13.199007843801308,1.7190077294013086
4967,3,9.72857121059,11.388335815019603,1.6597646044296042
4968,3,13.3000001907,13.590108455783218,0.29010826508321763
4969,3,9.51428563254,11.722529162687412,2.2082435301474117
4970,3,9.89999961853,11.540223086014919,1.640223467484919
4971,3,11.0,12.568417962216596,1.5684179622165964
4972,3,10.5,11.39491242663698,0.8949124266369797
4973,3,10.9249999523,11.816820751314657,0.8918207990146563
4974,3,9.5,11.7321207262289,2.2321207262288993
4975,3,9.65000009537,11.595793758214583,1.9457936628445829
4976,3,9.69999980927,11.726642729505903,2.0266429202359024
4977,3,11.1999998093,11.587168676741863,0.3871688674418632
4978,3,10.3000001907,12.263667059427652,1.9636668687276515
4979,3,9.43333307902,11.480477480317985,2.0471444012979845
4980,3,9.89999961853,11.907891540480326,2.0078919219503266
4981,3,9.35714299338,11.853098821700812,2.4959558283208114
4982,3,9.85999984741,11.058231277238153,1.1982314298281533
4983,3,10.0,12.183595110753117,2.1835951107531173
4984,3,10.1399999619,11.23408430566996,1.0940843437699606
4985,3,11.75,13.506021731092613,1.7560217310926127
4986,3,11.8166666031,11.86789378889004,0.05122718579004015
4987,3,9.89999961853,11.86075164382761,1.9607520252976105
4988,3,10.1599998474,11.736522198758614,1.576522351358614
4989,3,9.39999961853,11.259030118894524,1.8590305003645238
4990,3,9.89999961853,11.906223385344767,2.0062237668147667
4991,5,11.5285714013,14.969895719753378,3.4413243184533773
4992,5,8.65000009537,12.074960604204472,3.424960508834472
4993,5,9.2000002861,13.479796702540712,4.279796416440712
4994,5,9.40000009537,12.912727851134987,3.5127277557649865
4995,5,8.81999988556,12.467150023247184,3.647150137687184
4996,5,9.39999961853,12.926747834663589,3.526748216133589
4997,5,10.6999998093,11.279340124658336,0.579340315358337
4998,5,9.69999980927,14.10938421038247,4.409384401112469
4999,5,11.4000000954,14.309643007644429,2.909642912244429
5000,3,8.06470607309,10.612688190435557,2.5479821173455566
5001,5,12.5500001907,14.908852767597613,2.358852576897613
5002,5,8.28750008345,12.412097214942534,4.124597131492534
5003,5,11.7999997139,15.088084840219624,3.288085126319624
5004,5,9.89999961853,12.577791843924283,2.677792225394283
5005,5,9.42499995232,13.691718053255903,4.266718100935902
5006,5,9.39999993642,13.763705213233107,4.363705276813107
5007,5,9.57499980927,13.495963027039199,3.9209632177691986
5008,4,10.2857142857,11.369564395855535,1.0838501101555362
5009,4,11.0875002146,11.97878136004203,0.8912811454420293
5010,4,9.60000038147,12.79423010368299,3.19422972221299
5011,4,11.4333333969,12.76616698100638,1.33283358410638
5012,4,11.3999996185,13.684352839142718,2.2843532206427177
5013,4,9.47999973297,12.55102265436635,3.0710229213963487
5014,4,9.80000019073,12.36385109296979,2.563850902239791
5015,4,12.0500001907,15.216645268001843,3.166645077301842
5016,4,9.90000009537,11.716029970460218,1.8160298750902175
5017,4,10.6272727793,11.876298697850181,1.2490259185501813
5018,4,9.40000009537,12.323077685640325,2.9230775902703243
5019,4,10.9636363983,11.582526227733087,0.6188898294330869
5020,4,9.60000038147,12.387633761032566,2.787633379562566
5021,4,11.5,12.363615947975587,0.8636159479755872
5022,4,9.59999990463,12.006546697379013,2.4065467927490136
5023,4,9.60000038147,11.065091026351194,1.4650906448811938
5024,4,11.1000003815,12.01009955034449,0.910099168844491
5025,4,9.97499990463,12.575856665156293,2.600856760526293
5026,4,9.9500002861,11.74710146676641,1.7971011806664094
5027,5,8.90000011921,12.090564923244198,3.1905648040341976
5028,5,9.43999996185,12.058666548821964,2.6186665869719636
5029,5,8.96249985695,13.307330764005954,4.344830907055954
5030,5,10.0,11.672382283766396,1.672382283766396
5031,5,10.7083332539,13.123939607085632,2.415606353185632
5032,5,9.83750015497,12.500577146106801,2.6630769911368013
5033,5,9.39999961853,14.593746896190027,5.193747277660027
5034,1,11.9344827718,11.595246878959045,0.33923589284095534
5035,5,10.0,13.531543584839381,3.5315435848393815
5036,1,11.2899999619,9.702767096939581,1.5872328649604182
5037,5,9.26999998093,13.323306325797981,4.0533063448679805
5038,5,9.27499985695,13.085617367115157,3.810617510165157
5039,5,10.8999996185,13.686190553957243,2.786190935457242
5040,5,8.43636369705,12.438635873909249,4.002272176859249
5041,5,10.9333333969,14.165553489543615,3.2322200926436153
5042,5,9.69999980927,15.184391104842684,5.484391295572683
5043,5,10.8764706219,12.134658949303075,1.2581883274030758
5044,5,10.566666921,13.870140411735164,3.303473490735165
5045,5,9.80000019073,13.703224395073665,3.9032242043436653
5046,5,9.66363638098,10.94278412607379,1.2791477450937894
5047,5,9.72857161931,12.753675028410214,3.0251034091002147
5048,5,10.1000003815,14.523114560854141,4.423114179354142
5049,5,9.66666666667,13.566253545042576,3.899586878372576
5050,5,11.0499997139,14.078908824673983,3.0289091107739825
5051,5,9.12000007629,12.98489329405212,3.86489321776212
5052,2,10.1666663488,15.468993107999339,5.302326759199339
5053,2,9.25,12.10414869427719,2.8541486942771908
5054,2,9.56666692098,12.095480950279697,2.5288140292996975
5055,2,9.89999961853,12.84216360190562,2.94216398337562
5056,2,10.3000001907,12.493480286754622,2.1934800960546212
5057,2,10.0399999619,12.500245453662567,2.460245491762567
5058,2,11.8999996185,14.223885253174187,2.323885634674186
5059,2,9.39999961853,11.999668925723464,2.599669307193464
5060,2,9.15000009537,11.862595836758883,2.712595741388883
5061,2,10.2000000477,12.50568908353927,2.3056890358392703
5062,2,9.69999980927,12.602968002904683,2.902968193634683
5063,2,10.2000002861,12.270172013480227,2.0701717273802274
5064,2,7.90000009537,11.901065408400886,4.001065313030885
5065,2,9.0,12.469780304187669,3.469780304187669
5066,2,11.5733332952,10.2284704488771,1.3448628463228989
5067,2,9.32727267525,11.97756024743256,2.6502875721825596
5068,2,10.0000002384,12.845633924667116,2.8456336862671154
5069,2,9.89999961853,12.066355477993207,2.1663558594632075
5070,2,11.2399999619,12.727502877223102,1.4875029153231019
5071,2,9.44999980927,13.287575293633926,3.837575484363926
5072,2,9.5,12.24447395881195,2.74447395881195
5073,2,10.3999996185,12.465919680488092,2.0659200619880913
5074,3,9.80000019073,12.615328111852396,2.815327921122396
5075,3,11.8999996185,12.838722628721282,0.9387230102212811
5076,3,9.5,11.142600174394252,1.6426001743942518
5077,3,9.30000019073,11.785039454566345,2.485039263836345
5078,3,9.5,11.445037250074895,1.9450372500748951
5079,3,9.44999980927,11.292659567910839,1.8426597586408384
5080,3,9.2000002861,11.698294816043646,2.498294529943646
5081,3,9.56666660309,12.011731695711104,2.4450650926211033
5082,3,10.9333333969,12.432455432374883,1.4991220354748833
5083,3,9.39999961853,11.761847055120688,2.361847436590688
5084,3,10.3333333333,11.932948443986838,1.5996151106868375
5085,3,10.6000003815,11.64357354362919,1.0435731621291904
5086,3,9.73333326976,11.675790393247823,1.9424571234878236
5087,3,9.44999980927,12.2168857939844,2.766885984714399
5088,3,13.0500001907,13.257883178916416,0.20788298821641504
5089,3,11.1999998093,13.170564739041485,1.9705649297414851
5090,3,10.8000001907,12.244444118563473,1.4444439278634729
5091,3,10.0000001589,11.527991460531137,1.5279913016311362
5092,3,9.70000012716,11.913133983374479,2.2131338562144798
5093,3,11.0909092643,11.676013176467803,0.5851039121678028
5094,3,10.7090910131,12.162983722970827,1.4538927098708267
5095,3,12.6000003815,13.091786609191633,0.4917862276916338
5096,3,10.6500003338,12.03274956240974,1.3827492286097396
5097,3,9.68571417672,11.14167409942017,1.4559599227001705
5098,2,9.39999961853,12.106607373696761,2.706607755166761
5099,2,10.0,11.98180606162631,1.98180606162631
5100,2,10.1000003815,13.032398546379408,2.932398164879409
5101,2,9.2000002861,13.095510391598394,3.895510105498394
5102,2,9.22500014305,12.11027840930652,2.8852782662565204
5103,2,10.0999999046,12.691650599241896,2.5916506946418956
5104,2,9.62857123784,11.962556361083688,2.3339851232436892
5105,2,10.1500000954,13.261234547686506,3.1112344522865065
5106,2,10.1999998093,12.907730181723887,2.707730372423887
5107,2,8.22500006358,12.47154282865187,4.246542765071871
5108,2,8.34285708836,11.348485524213602,3.005628435853602
5109,2,10.6500000954,12.84825738331113,2.1982572879111313
5110,2,8.51250004768,11.097395427201363,2.584895379521363
5111,2,9.30000019073,12.23976180381305,2.93976161308305
5112,2,10.1499998569,12.185766213553451,2.0357663566534523
5113,2,10.0166665713,12.029159734493344,2.0124931631933443
5114,2,8.09473680195,11.109021359471681,3.0142845575216803
5115,2,9.39999961853,12.882450789831559,3.482451171301559
5116,2,12.1500000954,12.995139451674646,0.8451393562746468
5117,2,8.23823537546,11.132119910422636,2.893884534962636
5118,2,11.3999996185,12.534530184340644,1.1345305658406435
5119,2,9.67999992371,12.569198064318835,2.889198140608835
5120,2,9.7999997139,12.080935593743696,2.280935879843696
5121,2,10.816666762,11.593360040115247,0.7766932781152462
5122,5,12.5333334605,12.675718535019259,0.1423850745192592
5123,5,13.0,13.675031036937341,0.6750310369373409
5124,5,12.7999997139,12.971663720715684,0.17166400681568383
5125,5,12.3999996185,11.727224471612098,0.6727751468879024
5126,5,9.75,13.81056223103542,4.060562231035419
5127,5,9.83333333333,13.695475083405936,3.8621417500759367
5128,5,9.5,13.37055317320638,3.87055317320638
5129,5,8.97419360376,12.048381187047443,3.0741875832874435
5130,5,9.90000009537,13.63301852150638,3.733018426136379
5131,5,10.0,11.957332734132143,1.9573327341321427
5132,5,10.3333333333,13.83878804232041,3.505454709020409
5133,5,11.4333333969,14.827397282632477,3.3940638857324767
5134,5,9.80000019073,14.074372322644747,4.274372131914747
5135,5,10.2333333757,13.118842461924924,2.885509086224925
5136,5,12.1999998093,14.37212679665583,2.1721269873558313
5137,5,10.2740739893,12.95815739254787,2.68408340324787
5138,5,9.72777769301,13.92923973134104,4.201462038331041
5139,5,9.25,12.01703742859793,2.7670374285979307
5140,5,10.0,15.855850794706116,5.855850794706116
5141,5,11.6000003815,14.645327858980426,3.045327477480427
5142,5,12.125,13.911555140076862,1.786555140076862
5143,2,8.90000009537,12.601748953201026,3.701748857831026
5144,2,10.3599998474,12.512470785193607,2.1524709377936073
5145,2,10.5,12.961482843045461,2.461482843045461
5146,2,11.9333333969,13.276230535232305,1.3428971383323045
5147,2,9.04999996367,12.829816046817434,3.779816083147434
5148,2,11.0,12.839940727945509,1.8399407279455087
5149,2,10.1999998093,12.294163805904262,2.0941639966042622
5150,2,10.5399999619,12.562724323742872,2.0227243618428723
5151,2,11.8999996185,13.57655512670231,1.6765555082023091
5152,2,10.1999998093,13.334689108262392,3.1346892989623925
5153,2,9.47499990463,11.992361283285168,2.5173613786551687
5154,5,8.4564516006,13.185955409867658,4.7295038092676585
5155,2,10.4750000238,13.340176406074827,2.865176382274827
5156,2,9.39999961853,12.101310502334487,2.701310883804487
5157,2,9.82000007629,12.082112879497243,2.262112803207243
5158,2,9.01999998093,10.664130179921667,1.6441301989916663
5159,2,9.78571428571,11.591666159791055,1.805951874081055
5160,2,9.10000038147,12.427463061546598,3.3274626800765983
5161,5,12.1199998856,12.620754023474815,0.5007541378748144
5162,5,9.69999980927,13.89859994242045,4.19860013315045
5163,5,10.6541666985,12.803669283398774,2.1495025848987748
5164,5,8.18000005086,12.99498943803303,4.81498938717303
5165,5,10.1375000874,12.716676884429658,2.5791767970296586
5166,5,11.1111112171,14.275598727436185,3.164487510336185
5167,5,8.91818185286,12.858393672484995,3.940211819624995
5168,5,11.1687499285,12.449840926504686,1.2810909980046858
5169,5,9.5,13.6784046585528,4.1784046585528
5170,5,9.5499997139,13.982687476022079,4.432687762122079
5171,5,11.3199998856,14.42052449980794,3.1005246142079397
5172,5,12.1000000636,14.636312980522725,2.536312916922725
5173,5,9.5,13.668517731798763,4.168517731798763
5174,2,11.482352958,12.228095266643358,0.7457423086433579
5175,2,9.45833337307,11.318826944779108,1.8604935717091085
5176,2,8.99354836249,11.646989689378296,2.653441326888297
5177,2,9.14583333333,11.180488882349866,2.034655549019867
5178,2,9.17499995232,11.500415172693474,2.3254152203734737
5179,2,9.5,12.164636314678216,2.6646363146782157
5180,2,9.55000019073,12.411216642578301,2.8612164518483016
5181,2,10.8999996185,12.854453515007634,1.9544538965076335
5182,2,9.69999980927,12.294820436843974,2.5948206275739736
5183,2,11.625,10.516548643492607,1.108451356507393
5184,2,9.86666647593,12.038184337304706,2.1715178613747064
5185,2,9.13636363636,12.502860977207785,3.3664973408477845
5186,2,9.69999980927,11.559291830581095,1.859292021311095
5187,2,8.72105272193,11.168886380070038,2.4478336581400377
5188,2,11.2333332698,12.662101469222753,1.4287681994227537
5189,4,9.39999993642,12.560574459374452,3.1605745229544517
5190,4,11.8000001907,13.826813127363545,2.0268129366635446
5191,4,9.63333336512,12.021446324141538,2.3881129590215373
5192,4,10.8090907877,12.61913395308842,1.8100431653884197
5193,4,11.6200000763,12.071588774909694,0.45158869860969375
5194,4,11.9000000954,12.71839479918965,0.8183947037896502
5195,4,10.8999996185,11.842481185020356,0.942481566520355
5196,4,9.38749992847,11.720390801325971,2.3328908728559714
5197,4,10.3999996185,12.677896408906127,2.2778967904061265
5198,4,9.52083333333,12.148069746599672,2.6272364132696726
5199,4,10.0999999046,11.56705478552012,1.46705488092012
5200,4,9.55000019073,11.769688603548715,2.2196884128187158
5201,4,11.8000001907,13.022155102029362,1.222154911329362
5202,4,9.60000038147,12.489617351469834,2.8896169699998335
5203,4,9.33636370572,10.873578147151285,1.537214441431285
5204,4,9.39999961853,12.918092762988211,3.518093144458211
5205,1,10.1666666667,11.865821161040845,1.6991544943408456
5206,1,11.2999997139,12.79263586478439,1.4926361508843904
5207,1,9.5,11.563820756897158,2.063820756897158
5208,1,10.0,11.392108563119939,1.3921085631199386
5209,1,11.6500000954,12.438557011888337,0.7885569164883375
5210,1,9.0,11.004035846365028,2.004035846365028
5211,1,9.69999980927,11.379463326125077,1.6794635168550762
5212,1,9.80000019073,11.860913349678192,2.0609131589481926
5213,1,9.87499976158,12.058514590127116,2.183514828547116
5214,1,8.89999993642,11.391170775757187,2.4911708393371867
5215,1,11.5,12.327635354586679,0.827635354586679
5216,1,11.0,11.806610235846803,0.8066102358468026
5217,1,9.60000038147,11.350390538628984,1.750390157158984
5218,1,9.2,11.30469028496548,2.1046902849654803
5219,1,9.69999980927,13.137280429611357,3.4372806203413564
5220,1,9.29999976688,11.320437675679436,2.020437908799437
5221,1,10.1000003815,11.633917350642962,1.5339169691429628
5222,1,9.69999980927,12.313459651466788,2.6134598421967876
5223,2,9.80000019073,12.511404612827981,2.7114044220979814
5224,2,10.1333334181,11.546482357845525,1.4131489397455255
5225,2,8.97500014305,12.052018998442984,3.077018855392984
5226,2,10.3499999046,12.764837501802122,2.414837597202121
5227,2,11.8499999046,14.908701838229945,3.058701933629944
5228,2,11.0166667302,10.843924071897609,0.17274265830239166
5229,2,12.3499999046,13.592682697126302,1.2426827925263009
5230,2,10.0999999046,12.379426661933694,2.2794267573336935
5231,2,10.4000000954,13.333083712841715,2.9330836174417154
5232,2,9.60000038147,12.398286527480618,2.798286146010618
5233,2,12.9000000954,13.387598162534262,0.4875980671342628
5234,2,9.0,12.038652294397215,3.038652294397215
5235,2,10.8999996185,12.462419830984722,1.5624202124847208
5236,2,10.6500000954,11.837805019864826,1.1878049244648263
5237,2,10.0,13.86060653172405,3.8606065317240503
5238,2,10.1000003815,12.371064168871655,2.2710637873716557
5239,2,10.5,12.353730265884629,1.8537302658846286
5240,2,9.15000009537,13.080463597815113,3.9304635024451127
5241,2,12.1399999619,14.784363910576909,2.6443639486769097
5242,2,9.83333301544,12.195064497427552,2.361731481987553
5243,2,10.25,12.513100324564286,2.2631003245642862
5244,2,12.0333334605,12.841048164139545,0.8077147036395456
5245,2,10.5500001907,12.4130879106247,1.8630877199246996
5246,4,10.2250000238,11.4487558112279,1.2237557874278995
5247,4,12.6500000954,12.670777101258018,0.020777005858018782
5248,4,9.40000009537,11.573205783248717,2.173205687878717
5249,4,9.39999961853,12.675612018266383,3.2756123997363833
5250,4,10.3650001049,12.804177192626218,2.439177087726218
5251,4,10.1000003815,12.898235623544615,2.7982352420446155
5252,4,12.3499999046,13.132955163825818,0.7829552592258171
5253,4,8.59999990463,11.572418044971425,2.972418140341425
5254,4,11.5,12.708306066098269,1.2083060660982685
5255,4,9.69999980927,12.37223634831318,2.6722365390431797
5256,4,10.1500000954,11.883599728017096,1.7335996326170964
5257,4,10.5090909438,11.649977327470404,1.140886383670404
5258,4,9.77142860776,13.223794160057212,3.452365552297211
5259,4,9.34999990463,12.198879357692562,2.848879453062562
5260,4,9.30000019073,12.835920758574941,3.5359205678449417
5261,4,9.75,12.307086712069502,2.557086712069502
5262,4,9.5,11.73167682268042,2.23167682268042
5263,4,9.98749995232,11.815963423718722,1.828463471398722
5264,4,9.84999990463,12.891738847358583,3.0417389427285837
5265,4,9.53333346049,12.775693894319161,3.2423604338291607
5266,4,9.69999980927,12.117059730156507,2.4170599208865067
5267,4,9.96666653951,11.458339328690162,1.4916727891801624
5268,3,9.35833334923,9.746664511286518,0.3883311620565184
5269,3,12.6500000954,13.720230026574791,1.0702299311747918
5270,3,9.7999997139,12.396383051580248,2.5963833376802476
5271,3,9.80000019073,11.74227938502419,1.9422791942941906
5272,3,9.65000009537,11.886498675676512,2.2364985803065114
5273,3,8.84999990463,10.267867641298107,1.4178677366681072
5274,3,12.1999998093,13.323044130299165,1.1230443209991652
5275,3,9.44999980927,11.873934878832173,2.423935069562173
5276,3,12.6000003815,13.378659660980254,0.7786592794802552
5277,3,11.0,11.804098260183736,0.8040982601837356
5278,3,10.1000003815,12.220758076952848,2.1207576954528484
5279,3,12.0,10.578884493859574,1.421115506140426
5280,3,34.5271184242,32.455775789294584,2.071342634905413
5281,3,34.2000001477,33.01167489425077,1.1883252534492357
5282,3,37.3318184939,36.21796206864197,1.1138564252580352
5283,3,34.7400003052,31.66042699236042,3.079573312839578
5284,3,36.2615383833,35.50709689902856,0.7544414842714389
5285,3,38.6359999084,35.7866147255786,2.8493851828214005
5286,3,31.4222223494,29.993677215272854,1.4285451341271447
5287,3,36.0187497139,35.62114897227896,0.39760074162104075
5288,3,33.1999998382,31.219812224592616,1.9801876136073844
5289,3,38.2862068702,35.14553761339244,3.1406692568075556
5290,3,37.0526317797,35.772941877797734,1.279689901902266
5291,3,33.9000002543,32.5593797360715,1.3406205182284978
5292,3,32.9857145037,30.19119833320963,2.794516170490372
5293,3,31.6068180691,34.8188015749472,3.2119835058472006
5294,3,31.9916664759,30.190919703263404,1.8007467726365967
5295,3,31.6159999847,30.36089835371275,1.2551016309872516
5296,3,36.8878050083,30.460381196746333,6.427423811553666
5297,3,36.1969695814,36.599580254137855,0.40261067273785756
5298,3,32.8200000286,31.663464369237445,1.1565356593625538
5299,1,36.6622221205,31.03756870350127,5.624653416998726
5300,3,38.0183574842,29.70165891143294,8.316698572767063
5301,1,36.4272731434,32.73724528062272,3.690027862777278
5302,3,35.3772726926,35.13464956746354,0.24262312513646123
5303,3,33.9946428708,35.54107551778955,1.546432646989551
5304,3,35.991549371,35.58298931386825,0.40856005713175136
5305,1,33.6374998093,32.74319768342761,0.8943021258723931
5306,1,36.3899993896,28.2240598519624,8.165939537637598
5307,1,37.1416660945,33.81319246308972,3.328473631410283
5308,3,34.0333328247,30.864631725105355,3.1687010995946423
5309,3,40.2064934272,32.67525836477381,7.531235062426191
5310,1,35.2800010681,30.270607502360647,5.009393565739352
5311,3,33.300000327,30.61970760438431,2.6802927226156896
5312,3,34.6062502861,35.42891950017776,0.822669214077763
5313,1,32.6608694325,31.261709876805096,1.3991595556949044
5314,3,32.1775510749,31.39057598132699,0.7869750935730124
5315,1,34.8479999924,25.82797620287328,9.020023789526718
5316,3,38.6165492635,34.46539894725435,4.151150316245648
5317,3,33.9058824427,34.05976508693634,0.15388264423634013
5318,1,32.5200004578,26.813684202460163,5.706316255339839
5319,3,35.9083328247,34.53015702834236,1.3781757963576382
5320,3,33.0166664124,30.256934204557144,2.7597322078428554
5321,3,33.2272727273,30.52355871160977,2.7037140156902275
5322,1,32.4666671753,26.962304622219193,5.50436255308081
5323,1,35.6568182165,28.222994843721377,7.4338233727786225
5324,3,35.3193547649,34.64131265318084,0.678042111719158
5325,1,35.4363632202,30.47500296962183,4.961360250578171
5326,1,34.7833334605,31.931590394757464,2.8517430657425393
5327,1,35.0052630776,30.5266821366864,4.478580940913599
5328,1,34.6999994914,33.02150115421617,1.6784983371838322
5329,1,34.9346153553,31.399250464832694,3.535364890467303
5330,1,34.611111535,32.4890213763657,2.1220901586343004
5331,3,32.4396039755,30.970366099503337,1.4692378759966616
5332,2,20.7473684247,21.849319321376598,1.1019508966765983
5333,2,17.2521367562,18.11214461007976,0.8600078538797611
5334,2,21.0222222222,14.543780518589767,6.478441703610233
5335,2,20.4014286314,16.437234616928453,3.9641940144715484
5336,2,22.3714285956,12.456562037972446,9.914866557627555
5337,2,24.7091145913,18.86367389323986,5.845440698060141
5338,2,20.1735294192,16.764052613944727,3.4094768052552737
5339,2,23.0391304182,20.866381524179037,2.1727488940209625
5340,2,22.1161615969,19.447025070629024,2.669136526270975
5341,2,15.6896552053,17.64158433435819,1.9519291290581897
5342,2,14.9562500119,16.260833584519265,1.304583572619265
5343,2,24.6505535309,17.798247101309627,6.852306429590374
5344,2,21.26764707,16.48269821097259,4.784948859027409
5345,2,21.8416668574,16.544236269497144,5.297430587902856
5346,2,15.8588235659,17.695290811669075,1.8364672457690752
5347,5,10.5,14.65106901722051,4.151069017220509
5348,5,11.3888887829,15.011740847343695,3.622852064443695
5349,5,11.5499997139,16.12172706690775,4.5717273530077485
5350,5,11.8000001907,16.420597127475855,4.620596936775854
5351,5,11.6692308279,13.982141451574917,2.3129106236749166
5352,5,11.8999996185,15.374021468871538,3.474021850371537
5353,5,9.5333331426,14.075092343412361,4.541759200812361
5354,5,9.82857145582,14.107993938856309,4.279422483036308
5355,5,11.0,15.400770108065652,4.400770108065652
5356,5,12.4500002861,15.143205530411253,2.693205244311253
5357,5,9.76000003815,14.828367908012998,5.068367869862998
5358,5,10.5199998856,14.160655209827215,3.6406553242272146
5359,5,8.9833334287,14.437017434077221,5.453684005377221
5360,5,9.80000019073,14.071421743064674,4.271421552334674
5361,5,11.4499998093,14.922545973036991,3.4725461637369914
5362,5,11.1000003815,15.455332358680103,4.355331977180104
5363,5,13.2750000954,14.957147633961728,1.682147538561729
5364,5,11.5999999046,13.182853264280583,1.5828533596805823
5365,5,8.75,13.58706628443405,4.83706628443405
5366,5,11.6999998093,14.739834731998808,3.039834922698809
5367,5,11.3000001907,15.494157970447004,4.1941577797470035
5368,5,11.8499999046,17.39582075178519,5.54582084718519
5369,5,11.3000001907,16.024057234628817,4.724057043928816
5370,5,11.25,17.82660997158856,6.57660997158856
5371,5,12.0,11.748488148111171,0.25151185188882863
5372,1,13.0999999046,12.963866233933265,0.13613367066673554
5373,1,12.8000001907,16.0206162206548,3.220616029954801
5374,1,11.0499997139,11.117135467751748,0.06713575385174764
5375,4,12.3000001907,12.474136171742737,0.17413598104273653
5376,1,9.89999961853,12.885958236354929,2.985958617824929
5377,1,12.6999998093,13.079963146405907,0.3799633371059077
5378,1,12.8000001907,13.093049134635827,0.29304894393582614
5379,1,12.6000003815,12.465655381494129,0.13434500000587057
5380,1,12.6166666349,13.993402432051042,1.376735797151042
5381,1,12.0250000954,13.134751013448538,1.1097509180485385
5382,1,10.5250000954,11.972048122624694,1.4470480272246942
5383,1,11.8799999237,15.945711306030203,4.065711382330203
5384,1,10.75,12.239445452481721,1.4894454524817213
5385,1,8.88888888889,11.78201702784341,2.8931281389534114
5386,1,10.0454544588,11.828442697983352,1.7829882391833518
5387,1,11.1999998093,11.760466238749236,0.560466429449237
5388,1,9.0,11.22876177015278,2.2287617701527793
5389,1,11.8000001907,12.589651805629625,0.7896516149296247
5390,1,11.0,12.649373271410983,1.6493732714109832
5391,1,11.8000001907,13.115267814775262,1.3152676240752612
5392,2,12.1666666667,13.4667861773958,1.3001195106958008
5393,2,12.1999998093,14.084449618293847,1.884449808993848
5394,2,12.25,13.967060960168912,1.7170609601689115
5395,2,11.5,12.091368583128743,0.5913685831287427
5396,2,11.8000001907,14.767749448771905,2.9677492580719047
5397,2,10.4666667514,13.104020584991577,2.637353833591577
5398,2,12.1000001431,13.378696132039153,1.2786959889391518
5399,2,10.6133333206,13.61145020936636,2.9981168887663596
5400,2,11.1999998093,13.160041825160963,1.9600420158609637
5401,2,12.836363619,14.220578532415278,1.3842149134152777
5402,2,10.2461539782,12.713797354585106,2.467643376385105
5403,2,10.3999996185,13.224317842737214,2.8243182242372136
5404,2,9.40000009537,12.451706539974147,3.0517064446041466
5405,3,11.4500002861,11.664850157352365,0.21484987125236543
5406,3,12.0,13.307850388247955,1.3078503882479549
5407,3,10.5499997139,11.311599770362042,0.7616000564620418
5408,3,10.5499999523,11.579003449098549,1.0290034967985484
5409,3,10.3999996185,12.264576646167894,1.8645770276678935
5410,3,11.433333238,13.055326215281374,1.6219929772813746
5411,3,9.60000038147,11.941664479292264,2.341664097822264
5412,3,10.8777777354,13.790890097046484,2.9131123616464834
5413,3,11.3999996185,12.530293748096893,1.1302941295968925
5414,3,11.6666666667,13.793984083722847,2.127317417022848
5415,3,11.6500000954,11.715687280394873,0.06568718499487325
5416,3,12.1200000763,13.140440074583214,1.020439998283214
5417,3,10.4500002861,12.768226735345154,2.318226449245154
5418,3,12.2000002861,12.228649869009782,0.028649582909782367
5419,3,11.5111110475,12.147415060318849,0.6363040128188491
5420,3,12.7666667302,13.10687141292976,0.3402046827297589
5421,5,13.0333334605,14.56298574141358,1.5296522809135809
5422,5,11.9499998093,15.425069665677968,3.475069856377969
5423,5,11.9249999523,14.970144758340883,3.0451448060408826
5424,5,11.3000001907,15.408092769195214,4.108092578495214
5425,5,12.1000003815,14.617116616172734,2.5171162346727343
5426,5,10.6000003815,14.464113157268455,3.864112775768456
5427,5,11.4000002543,15.115583773694215,3.7155835193942153
5428,5,12.6999998093,15.728446588149076,3.0284467788490765
5429,5,11.3333333333,12.887482763429777,1.554149430129776
5430,5,11.6000003815,15.365284770722784,3.765284389222785
5431,5,11.9000000954,12.789544348527283,0.8895442531272835
5432,5,11.6199998856,14.36959576723104,2.7495958816310395
5433,5,11.1999998093,14.292540737183094,3.0925409278830944
5434,5,11.1666666667,16.186539466520276,5.019872799820277
5435,5,10.3499999046,12.999650606481296,2.6496507018812956
5436,5,12.5571429389,15.566852667822067,3.0097097289220667
5437,5,12.1749999523,16.075580889169583,3.9005809368695825
5438,5,11.6999998093,13.085660148578766,1.3856603392787665
5439,5,8.84999990463,13.56591883820587,4.715918933575871
5440,5,9.10000038147,13.104020379008608,4.004019997538608
5441,5,11.3000001907,15.960748156724266,4.660747966024266
5442,5,12.8999996185,15.481289513678549,2.581289895178548
5443,5,13.1999998093,16.791018220134504,3.5910184108345042
5444,5,13.0999999046,16.189656523110855,3.0896566185108547
5445,5,11.75,14.975976698832449,3.225976698832449
5446,5,10.9499998093,16.400471327068207,5.450471517768207
5447,5,11.1000003815,14.777740463065099,3.6777400815650996
5448,5,11.1999998093,14.96194469388379,3.761944884583791
5449,5,11.7666667302,16.496615522910936,4.729948792710935
5450,4,10.3500003815,13.459562713642912,3.1095623321429127
5451,4,12.0999999046,13.119614994693231,1.0196150900932306
5452,4,9.01999988556,12.372066767516875,3.3520668819568744
5453,4,9.30000019073,12.415435089180274,3.1154348984502747
5454,4,10.6999998093,12.615452463103392,1.915452653803392
5455,4,11.6999998093,15.48176303511091,3.781763225810911
5456,4,11.25,13.047296093789825,1.797296093789825
5457,4,10.1999998093,12.918281038692747,2.7182812293927476
5458,4,12.75,13.088984993080338,0.3389849930803379
5459,4,11.2000001272,13.507353798535563,2.307353671335564
5460,4,11.1666666667,13.67816343405733,2.5114967673573307
5461,4,12.6000003815,13.594303097244383,0.994302715744384
5462,4,11.0499997139,13.022513052610535,1.9725133387105345
5463,4,12.3199998856,13.815024930351742,1.495025044751742
5464,4,10.8999996185,12.270375906812601,1.3703762883126007
5465,4,12.7083334128,14.183646134508859,1.4753127217088586
5466,4,12.2999998728,13.292832725122793,0.9928328523227918
5467,4,11.8000001907,15.445775069677937,3.645774878977937
5468,4,13.0999999046,14.688753343338787,1.5887534387387863
5469,4,14.0,13.583703576255898,0.41629642374410203
5470,4,10.7999998728,12.820302739584774,2.020302866784773
5471,4,11.0500001907,13.362777712275888,2.312777521575887
5472,4,10.7399999619,13.55747376198367,2.81747380008367
5473,4,10.1250002384,12.649684951696134,2.524684713296134
5474,4,12.4799999237,15.811157745644614,3.3311578219446147
5475,4,11.6000003815,12.352007014989491,0.7520066334894917
5476,5,11.0333331426,16.175022952196873,5.141689809596873
5477,5,12.5800000191,15.36090340596874,2.78090338686874
5478,5,11.9499998093,14.509497811836075,2.559498002536076
5479,5,11.3999996185,14.891786004094168,3.4917863855941675
5480,5,10.2759999466,13.688606564132204,3.4126066175322034
5481,5,10.5,12.871555921693206,2.371555921693206
5482,5,11.6000003815,15.051808283248034,3.451807901748035
5483,5,9.10000038147,14.272126474895703,5.172126093425703
5484,5,11.7666666243,14.291964275248178,2.5252976509481773
5485,5,10.25,14.642235619872226,4.392235619872226
5486,5,11.0499997139,14.598742910777531,3.548743196877531
5487,5,11.6999998093,15.806048451395002,4.106048642095002
5488,1,12.2999998728,12.95050240609304,0.6505025332930394
5489,1,11.0500001907,12.870560170781912,1.8205599800819119
5490,1,11.9499998093,12.380463698607409,0.43046388930740953
5491,1,13.5363636884,14.599500567214605,1.0631368788146052
5492,1,10.4000002543,11.881601906400766,1.4816016521007658
5493,1,12.5250000954,13.3183137346837,0.793313639283701
5494,1,11.8999996185,12.504049263998809,0.604049645498808
5495,1,12.2000002861,13.77082614905323,1.57082586295323
5496,1,11.6000003815,12.070222676594694,0.47022229509469504
5497,1,12.75,12.651889681657579,0.09811031834242101
5498,1,12.5000003179,13.162931326254546,0.6629310083545459
5499,1,12.0333334605,12.256740740783748,0.22340728028374812
5500,1,12.1500000954,14.171047883425635,2.0210477880256352
5501,1,11.8999996185,13.48823217655576,1.5882325580557595
5502,3,12.6500000954,13.372750640746796,0.7227505453467966
5503,3,11.4000000954,11.709092067610714,0.30909197221071416
5504,3,12.3799999237,15.940195326906275,3.5601954032062757
5505,3,9.60000038147,12.462011536858316,2.8620111553883163
5506,3,10.1500000954,11.4842941559709,1.334294060570901
5507,3,11.8999996185,14.338768936074649,2.438769317574648
5508,3,11.8000001907,12.405632050176278,0.6056318594762775
5509,3,11.0,12.63459808391497,1.6345980839149696
5510,3,10.4000000954,12.197263792805154,1.797263697405155
5511,3,11.5,12.543705318027737,1.0437053180277367
5512,3,8.93333323797,12.060919775709236,3.1275865377392353
5513,3,11.685714313,13.471344741952281,1.785630428952281
5514,3,10.5500001907,11.749975986908371,1.1999757962083706
5515,3,11.0,11.746828089828107,0.7468280898281066
5516,3,11.1999998093,12.417061255095348,1.2170614457953484
5517,3,10.0833334923,11.947613971886257,1.8642804795862578
5518,3,9.99999976158,10.72084360604021,0.7208438444602105
5519,4,13.0,13.069895337607136,0.06989533760713584
5520,4,11.6000000636,14.727015682284009,3.127015618684009
5521,4,11.9999996821,13.946442662039823,1.9464429799398228
5522,4,12.6666667726,14.282690211743702,1.616023439143703
5523,4,12.9499998093,13.232835134317426,0.2828353250174267
5524,4,10.8999996185,12.502035492527881,1.6020358740278802
5525,4,11.6333332062,13.190948240780239,1.5576150345802393
5526,4,8.93333339691,13.127940035464992,4.194606638554992
5527,4,9.19999980927,13.347433496032842,4.147433686762842
5528,4,12.8999996185,13.977735869452532,1.0777362509525314
5529,4,9.89999961853,12.433544232034244,2.533544613504244
5530,4,10.875,13.09266025278711,2.2176602527871108
5531,1,10.5,13.073084421987996,2.5730844219879963
5532,1,11.6000003815,12.775617889136615,1.1756175076366162
5533,1,12.1000003815,13.015897204906178,0.9158968234061788
5534,1,11.8400001526,12.749648893169743,0.9096487405697431
5535,1,12.0000003179,13.063403944069314,1.0634036261693147
5536,1,11.7714286532,12.572665264167622,0.8012366109676226
5537,1,11.0,13.493501071905706,2.4935010719057065
5538,1,12.5777778625,14.176541076642794,1.598763214142794
5539,1,12.0500001907,13.120000983905149,1.070000793205148
5540,1,9.89999993642,12.489879918860481,2.589879982440481
5541,4,11.8666664759,13.642094681180643,1.775428205280642
5542,4,10.7999998728,12.37653329560635,1.5765334228063494
5543,4,11.5,13.743865383495816,2.243865383495816
5544,4,9.26666673024,12.805851477937425,3.5391847476974245
5545,4,11.8333333333,13.453476644204413,1.620143310904412
5546,4,12.2666664124,14.452034950634378,2.1853685382343784
5547,4,12.0499997139,14.16746083452242,2.117461120622419
5548,4,11.8000001907,13.690167971806883,1.8901677811068822
5549,4,12.0,14.730417595245829,2.7304175952458287
5550,4,8.84999990463,13.569246564496224,4.719246659866224
5551,3,12.285714422,13.969875345456936,1.6841609234569361
5552,3,9.84999990463,14.202522355015978,4.352522450385978
5553,3,12.5,12.610089337265395,0.1100893372653946
5554,3,12.1999998093,13.865339959805652,1.6653401505056529
5555,3,12.4333333969,13.001200785178296,0.5678673882782963
5556,3,12.3000001907,14.037424711603249,1.7374245209032484
5557,3,11.4499998093,13.101012924131982,1.6510131148319829
5558,3,11.6999998093,12.035666398642185,0.3356665893421855
5559,3,12.2222222222,14.065885870728625,1.8436636485286257
5560,3,12.6999998093,12.635581466438298,0.06441834286170156
5561,3,9.10000038147,12.062963810845288,2.9629634293752876
5562,3,11.1999998093,11.876638847637619,0.6766390383376191
5563,3,12.2285713468,12.576073609294943,0.34750226249494176
5564,3,11.6999998093,12.490629248187108,0.7906294388871089
5565,3,11.3999996185,12.705573474344067,1.3055738558440666
5566,3,9.75,11.41078179717656,1.6607817971765595
5567,3,12.3,13.299462033858113,0.9994620338581122
5568,3,11.5500001907,12.01478204555379,0.46478185485378987
5569,3,8.82500004768,11.656598819968853,2.831598772288853
5570,2,11.6999998093,14.234543742215653,2.5345439329156534
5571,2,11.9999996821,13.490741982047918,1.490742299947918
5572,2,11.0333331426,13.715590712480592,2.6822575698805924
5573,2,13.6749999523,14.569959698474703,0.8949597461747025
5574,2,11.0,12.98039215070375,1.98039215070375
5575,2,12.8999996185,13.405397817764575,0.5053981992645742
5576,2,12.6500000954,14.265865865002901,1.6158657696029017
5577,2,10.9499998093,12.701396509648209,1.7513967003482094
5578,2,9.15000003576,12.994980136239485,3.8449801004794857
5579,2,10.1999998093,13.68213555128145,3.48213574198145
5580,2,13.0333334605,13.470309687900086,0.4369762274000859
5581,2,10.955555492,13.276469195470368,2.3209137034703673
5582,2,11.75,12.835298448769331,1.085298448769331
5583,1,9.19999980927,13.140498896371527,3.940499087101527
5584,1,8.76666641235,11.459698009197378,2.693031596847378
5585,1,12.3000001907,12.846872360662509,0.5468721699625085
5586,1,12.8499999046,12.357203430689765,0.49279647391023573
5587,1,9.60000038147,12.281245987299643,2.681245605829643
5588,1,12.0,12.862195033853874,0.8621950338538742
5589,1,12.0,12.835717989534047,0.8357179895340465
5590,1,11.0500001907,13.065028363085217,2.0150281723852164
5591,1,11.6000003815,13.464353755991876,1.864353374491877
5592,1,9.53333346049,14.196718785521634,4.6633853250316335
5593,1,11.3000001907,12.32740802651045,1.0274078358104504
5594,1,11.6999998093,12.95831180537238,1.258311996072381
5595,1,12.1571427754,12.807318393322847,0.6501756179228462
5596,1,11.2666664124,13.035386735323803,1.7687203229238033
5597,1,11.8000001907,12.931332975837751,1.1313327851377508
5598,5,11.3666667938,14.540573119434754,3.1739063256347535
5599,5,9.83333333333,14.096738089676233,4.263404756346233
5600,5,12.3000001907,16.67520273471566,4.375202544015661
5601,5,12.1750001907,15.166639109121222,2.9916389184212218
5602,5,14.0000002384,16.850977746011075,2.8509775076110753
5603,5,9.34999990463,13.851547168532866,4.501547263902866
5604,5,9.5,14.204055893951926,4.704055893951926
5605,5,11.3999996185,15.30460894711101,3.9046093286110093
5606,5,11.8999996185,14.895031124374514,2.995031505874513
5607,5,9.55000019073,12.200280579024493,2.650280388294494
5608,5,12.8999996185,15.1484648602528,2.2484652417527986
5609,5,11.5,14.564255199238541,3.0642551992385414
5610,5,11.75,16.559144406223623,4.8091444062236235
5611,5,9.125,14.353660990349713,5.228660990349713
5612,5,9.64999985695,14.097439813771853,4.447439956821853
5613,5,9.39999961853,13.889038994082602,4.489039375552602
5614,5,10.7999998093,14.620129144047203,3.820129334747204
5615,5,11.8000001907,14.790195076548834,2.990194885848833
5616,5,10.6749999523,15.154330774424729,4.479330822124728
5617,5,11.5399999619,17.696513024131715,6.156513062231715
5618,5,12.0666666031,14.914383233982674,2.8477166308826742
5619,5,12.0,15.0288797989891,3.0288797989891005
5620,5,11.1749999523,16.02304326910354,4.848043316803539
5621,5,11.0,14.63820144240775,3.63820144240775
5622,5,11.3499999046,14.85762653635763,3.5076266317576295
5623,5,10.3999996185,14.808107491315598,4.408107872815597
5624,3,14.0333334605,14.646108818032761,0.6127753575327617
5625,3,16.2000007629,15.468754924301482,0.7312458385985181
5626,3,18.8600002289,17.973394862639765,0.886605366260234
5627,3,17.7999992371,14.83438221916099,2.9656170179390102
5628,3,13.9249999523,16.34583526110686,2.4208353088068595
5629,3,15.6666665607,17.878389560988612,2.211723000288613
5630,3,12.6999998093,13.871601153390532,1.1716013440905328
5631,3,15.1666666667,16.658757996406777,1.4920913297067777
5632,2,15.7833333015,16.428248842776192,0.6449155412761911
5633,2,14.6666669846,15.305402704024587,0.6387357194245862
5634,2,13.5250000954,14.46822592997281,0.9432258345728108
5635,2,11.9000000954,14.460163986000435,2.5601638906004354
5636,2,13.0500001907,17.120553012023397,4.070552821323396
5637,2,12.1999998093,15.523106019270168,3.3231062099701685
5638,2,18.2000007629,18.496569473812304,0.29656871091230386
5639,2,19.4499998093,19.374956634449706,0.07504317485029333
5640,2,13.9000000954,14.853896329227894,0.9538962338278942
5641,2,16.2749998569,16.170794170965067,0.10420568593493229
5642,1,17.3500003815,15.731245316339105,1.6187550651608937
5643,1,13.8222222858,14.862697563720628,1.0404752779206277
5644,1,16.8375000954,15.57916603153163,1.2583340638683698
5645,1,19.9857145037,15.375148840781918,4.610565662918081
5646,1,12.4666668574,13.66717429840266,1.2005074410026602
5647,1,12.1500000954,16.881355546971818,4.731355451571819
5648,1,12.6999998093,14.255715469582235,1.5557156602822353
5649,1,15.4888890584,16.06286672243866,0.5739776640386598
5650,1,16.9499998093,18.221028396635962,1.2710285873359624
5651,1,14.7,14.684659089086374,0.01534091091362555
5652,1,15.6999998093,15.900175108412824,0.20017529911282494
5653,4,16.3999996185,18.081364681220034,1.6813650627200332
5654,4,15.0500001907,16.8195517022088,1.7695515115087979
5655,4,13.8000001907,14.46226791873092,0.662267728030919
5656,4,18.3500001431,17.296743858582843,1.0532562845171576
5657,4,22.5857140677,16.558847755416043,6.026866312283957
5658,4,13.6333332062,15.593533851679425,1.960200645479425
5659,4,14.8999999364,16.681136893412177,1.7811369570121762
5660,4,12.3000001907,15.698306516317599,3.3983063256175985
5661,4,17.0,16.410921619956635,0.5890783800433645
5662,4,18.8999996185,18.04010848421794,0.8598911342820621
5663,4,15.1999998093,16.427700019939607,1.2277002106396075
5664,4,12.6999998093,14.886305184186616,2.186305374886617
5665,3,13.0750000477,16.065551868294033,2.9905518205940336
5666,3,14.4249999523,16.550081712416613,2.125081760116613
5667,3,13.2249999046,14.310981328591874,1.085981423991873
5668,3,13.7000001272,16.29683669135019,2.596836564150191
5669,3,15.6500000954,15.321797709238478,0.32820238616152153
5670,3,15.6727273247,17.787745703717125,2.1150183790171244
5671,3,15.8999996185,16.154960126191845,0.25496050769184464
5672,3,13.5,15.902294330219098,2.4022943302190978
5673,3,14.8000001907,15.062274408741459,0.26227421804145834
5674,3,13.6,14.12213908376114,0.5221390837611395
5675,4,14.1000003815,17.397374407041244,3.297374025541245
5676,4,16.3499994278,14.634634270669764,1.7153651571302362
5677,4,16.4400001526,16.305963672634597,0.13403647996540258
5678,4,19.8999996185,18.627879246199836,1.272120372300165
5679,4,15.1333335241,16.263123859005496,1.129790334905497
5680,4,14.477777693,16.83846494990267,2.3606872569026685
5681,4,15.3846153846,16.894780897148145,1.510165512548145
5682,4,18.1000003815,18.23486038206764,0.1348600005676417
5683,4,16.5,16.31373900531009,0.18626099468990986
5684,4,12.1000003815,14.780764705298996,2.6807643237989964
5685,4,17.3125,16.90165252656734,0.4108474734326606
5686,2,13.9000002543,17.205812312214736,3.3058120579147356
5687,2,16.6799999237,17.093671568790434,0.4136716450904352
5688,2,14.5999999046,15.591981163753521,0.9919812591535209
5689,2,14.3999996185,16.616618973229357,2.2166193547293567
5690,2,17.5500001907,18.975484675951396,1.4254844852513955
5691,2,14.1399999619,14.419281504995086,0.27928154309508635
5692,2,16.9499993324,17.900675811800554,0.9506764794005527
5693,2,18.2428569794,17.601295043325017,0.6415619360749822
5694,2,18.1499996185,16.670429780995736,1.4795698375042647
5695,2,16.7166665395,17.2747564679098,0.5580899284097995
5696,1,16.7333335876,20.15784901147489,3.4245154238748903
5697,1,14.9000000954,14.848294692160103,0.0517054032398967
5698,1,12.3999996185,12.914278731410883,0.5142791129108826
5699,1,17.5,18.92168540990662,1.421685409906619
5700,1,16.2000001907,16.223306606870242,0.023306416170242983
5701,1,17.1000003815,15.059532404851874,2.0404679766481255
5702,1,17.3181817315,16.767184489729683,0.5509972417703182
5703,1,15.2200000763,16.85190644326765,1.6319063669676517
5704,1,14.6000003815,13.506233911132021,1.093766470367978
5705,1,14.8000001907,13.703543967645379,1.0964562230546218
5706,1,16.9333337148,19.65748901152966,2.724155296729659
5707,1,18.2181819569,17.115508823485946,1.1026731334140543
5708,5,15.8400000572,16.560692131503867,0.7206920743038676
5709,5,14.9749999046,16.984461696072994,2.0094617914729938
5710,5,15.2999997139,19.278081487822778,3.978081773922778
5711,5,13.75,17.7122755481567,3.9622755481567005
5712,5,15.5,19.05109746931228,3.5510974693122783
5713,5,13.0599998474,17.608505522058685,4.548505674658685
5714,5,11.7999997139,15.77559935478823,3.9755996408882304
5715,5,15.2249999046,16.180993645459804,0.9559937408598032
5716,5,15.1125000715,16.59089410312544,1.4783940316254398
5717,5,13.1500000954,15.049167924640866,1.8991678292408665
5718,3,11.8400001526,13.651776369680194,1.8117762170801939
5719,3,16.2000007629,17.368557533147904,1.1685567702479034
5720,3,15.8600000381,17.62742876386999,1.7674287257699888
5721,3,16.2999992371,16.278283720225854,0.021715516874145635
5722,3,16.9000001635,17.07808184474076,0.17808168124075863
5723,3,16.1500000954,17.12078134729692,0.9707812518969199
5724,3,16.7142854418,20.814669806105154,4.100384364305153
5725,3,14.5,17.914384637782618,3.414384637782618
5726,3,14.0500001907,16.34760802656051,2.2976078358605108
5727,3,11.7333332698,15.261969386942159,3.5286361171421596
5728,3,15.3272726753,15.94906330626468,0.6217906309646803
5729,3,13.1000003815,16.86123717629955,3.761236794799551
5730,5,13.5,18.321688997953682,4.821688997953682
5731,5,16.6928571974,18.635927008919253,1.9430698115192548
5732,5,15.8499999046,20.105858441378448,4.255858536778447
5733,5,19.4500002861,19.705068143313966,0.25506785721396597
5734,5,14.4500000477,19.591603563555704,5.141603515855705
5735,5,13.375,15.949468859337822,2.5744688593378218
5736,5,18.1500002543,18.487956316001846,0.33795606170184556
5737,5,14.6500000954,17.692119243031073,3.042119147631073
5738,2,13.7000000817,14.989294765595366,1.2892946838953652
5739,2,17.25,16.147137785055065,1.1028622149449347
5740,2,16.8999996185,16.199084099853767,0.7009155186462337
5741,2,15.6999998093,15.95210152934461,0.2521017200446103
5742,2,14.9749999046,16.87029874899633,1.8952988443963292
5743,2,17.2999992371,20.310723805813293,3.010724568713293
5744,2,17.25,18.348701976543644,1.0987019765436443
5745,2,20.8999996185,18.150947909776143,2.749051708723858
5746,5,16.1500005722,19.227229748474056,3.077229176274056
5747,2,14.3666667938,14.95652009615347,0.58985330235347
5748,5,16.4249997139,19.510474024035375,3.0854743101353748
5749,5,15.2857142857,17.42048568488812,2.1347713991881214
5750,5,19.6000003815,20.21159939773674,0.6115990162367417
5751,5,18.4666665395,17.4998376542699,0.9668288852301004
5752,5,23.6499996185,17.96359999057673,5.686399627923272
5753,5,14.4000000954,17.968836646129656,3.5688365507296567
5754,5,13.8333336512,17.89330741821255,4.059973767012551
5755,5,19.4333337148,17.891157773647404,1.5421759411525962
5756,5,13.9749999046,15.853850377900669,1.878850473300668
5757,2,16.9749994278,18.485854153631788,1.5108547258317877
5758,2,19.0333328247,18.944598830954536,0.08873399374546409
5759,2,13.3333336512,16.342688480292946,3.0093548290929455
5760,2,13.0,14.844792438074613,1.844792438074613
5761,2,12.8750002384,16.988039754982555,4.113039516582555
5762,2,20.25,21.449742355815,1.199742355815001
5763,2,11.2999999183,16.033903649483236,4.733903731183236
5764,2,19.2714287894,17.31447604374174,1.9569527456582598
5765,2,12.6999998093,14.310028924570725,1.6100291152707253
5766,2,15.6999998093,16.4395270740417,0.7395272647416995
5767,1,18.4666665395,21.663426049484983,3.1967595099849824
5768,1,18.6333335241,18.232398333808337,0.400935190291662
5769,1,13.3000001907,14.079142264727903,0.7791420740279023
5770,1,17.7000007629,16.58387681362962,1.1161239492703814
5771,1,13.0499999523,14.845395056559912,1.795395104259912
5772,1,13.6500000954,14.386249621339887,0.736249525939888
5773,1,12.1333335241,13.337655636502435,1.2043221124024353
5774,1,16.6176470027,15.61030255460355,1.0073444480964504
5775,1,17.1000003815,18.503621533271687,1.403621151771688
5776,1,16.7999992371,16.606645431184287,0.19335380591571294
5777,3,18.8000001907,20.480907979981005,1.6809077892810045
5778,3,13.1999998093,13.943857351794444,0.7438575424944442
5779,3,19.9499998093,17.87550331518957,2.0744964941104307
5780,3,18.2999998728,17.294997642335737,1.0050022304642638
5781,3,13.6000003815,16.854863672584212,3.254863291084213
5782,5,18.6000003815,19.174371493919086,0.5743711124190867
5783,3,13.2750000954,15.151672824428738,1.8766727290287388
5784,3,12.8999996185,13.854468253883745,0.9544686353837442
5785,3,11.8,14.119553069371976,2.3195530693719757
5786,3,13.7999999523,15.664933877294123,1.8649339249941228
5787,3,15.9499998093,17.244519763722646,1.294519954422647
5788,3,13.1333332062,14.790683736008594,1.6573505298085944
5789,3,13.0,14.163848258110617,1.163848258110617
5790,3,14.6999998093,14.691237983277329,0.008761826022670505
5791,3,13.7800001144,14.689657369823276,0.9096572554232765
5792,3,14.0999999046,15.129258196950612,1.0292582923506117
5793,3,14.0333331426,16.39932512912126,2.3659919865212586
5794,3,14.3000001907,17.99783709090011,3.697836900200109
5795,3,15.3000001907,20.31180591828896,5.0118057275889605
5796,3,14.4499998093,14.770433451924807,0.320433642624808
5797,3,12.9000000954,15.954219091959665,3.0542189965596656
5798,3,12.9999997616,14.29493812772724,1.2949383661272407
5799,3,14.6500000954,14.629620401440686,0.020379693959313272
5800,3,18.25,17.0244648000355,1.2255351999645008
5801,3,14.3800001144,15.15252892465117,0.7725288102511705
5802,4,14.1999998093,15.506840327753677,1.3068405184536775
5803,4,14.8999996185,15.461691753475188,0.5616921349751873
5804,4,15.1999998093,16.26641450760598,1.0664146983059801
5805,4,13.3999999364,14.827170743020389,1.4271708066203885
5806,4,15.2699999809,16.615164647047717,1.345164666147717
5807,4,15.5750002861,15.98218795897144,0.40718767287144075
5808,4,15.4333333969,16.455953507937732,1.0226201110377318
5809,4,17.1666666667,17.83317610625813,0.6665094395581299
5810,4,13.3999997775,15.346798033955148,1.946798256455148
5811,4,15.1500000954,15.4812376342353,0.3312375388353015
5812,4,12.6000003815,15.228738590942715,2.628738209442716
5813,4,13.6399999619,16.55341750009883,2.913417538198832
5814,4,14.8999999364,14.159006026355762,0.7409939100442386
5815,4,14.7666664124,15.59469505278678,0.8280286403867798
5816,4,12.433333238,17.891819524951874,5.458486286951874
5817,4,16.1500000954,15.92578418855881,0.22421590684118975
5818,4,18.1499996185,18.048854640171783,0.10114497832821812
5819,4,15.0,16.74995793011036,1.7499579301103587
5820,4,19.6666673024,16.636259475208245,3.0304078271917554
5821,4,12.9000000954,15.636304285399618,2.7363041899996183
5822,5,12.2333332698,16.7503876793432,4.517054409543199
5823,5,18.2999992371,18.400179278728054,0.10018004162805383
5824,5,17.2000007629,19.965492181593273,2.765491418693273
5825,5,16.0,17.95924055814124,1.9592405581412393
5826,5,12.2333332698,15.970583526136098,3.7372502563360985
5827,5,15.4500000477,17.220017126727072,1.7700170790270722
5828,5,19.4749999046,20.311363250376033,0.8363633457760322
5829,5,16.3000005086,19.434876474404692,3.1348759658046923
5830,5,12.1999998093,16.9321100692522,4.732110259952201
5831,5,16.5500001907,19.96102201164062,3.4110218209406185
5832,5,17.327272762,19.19608546822169,1.8688127062216893
5833,5,14.875,19.68938887967218,4.81438887967218
5834,5,12.5000002384,16.43947062435634,3.939470385956339
5835,2,15.4499998093,17.35840833314918,1.9084085238491788
5836,2,14.0500001907,16.127173177826414,2.0771729871264135
5837,2,17.7631577944,16.656525744817333,1.106632049582668
5838,2,17.5,16.10887838563678,1.3911216143632217
5839,2,14.4600000381,14.51756445781779,0.057564419717788695
5840,2,14.9249999523,18.475694013363928,3.5506940610639273
5841,2,16.2666670481,18.960940032937174,2.6942729848371734
5842,2,12.3999996185,15.684934347562857,3.284934729062856
5843,2,13.2749998569,14.592643363082814,1.3176435061828151
5844,2,13.5,15.838615000551858,2.338615000551858
5845,2,15.5,18.418035503715412,2.918035503715412
5846,3,16.2999992371,17.400876145911226,1.1008769088112267
5847,3,19.7000007629,16.428688851081137,3.271311911818863
5848,3,14.6000003815,14.604665372468164,0.0046649909681644175
5849,3,16.1888889737,16.023840345850065,0.16504862784993435
5850,3,16.7750000954,17.107982085205897,0.3329819898058979
5851,3,25.0,19.109805373136133,5.890194626863867
5852,3,16.1666673024,15.811696054405122,0.3549712479948788
5853,3,13.5333331426,13.957115869656787,0.4237827270567873
5854,3,13.8999999364,15.76127456459726,1.8612746281972594
5855,3,15.3222221798,17.21395743251805,1.8917352527180498
5856,3,16.5200000763,16.838703524724306,0.318703448424305
5857,5,16.3500003815,19.13973588520551,2.7897355037055114
5858,5,19.8142858233,21.61510652823083,1.8008207049308282
5859,5,15.3000001907,19.136304572429164,3.836304381729164
5860,5,17.1000003815,21.254940320982506,4.154939939482507
5861,5,15.7058823529,19.234003689562833,3.5281213366628332
5862,5,14.6411764481,18.974241859925936,4.333065411825936
5863,5,17.7599998474,19.53641909471401,1.77641924731401
5864,5,15.25,17.69175200925791,2.441752009257911
5865,5,16.3888892068,18.882452887651073,2.493563680851075
5866,5,13.3500001431,16.807444818757084,3.457444675657083
5867,1,13.6500000954,14.352970237233073,0.7029701418330738
5868,1,16.3999996185,20.384539777181534,3.9845401586815328
5869,1,14.4000000424,16.104829471189795,1.704829428789795
5870,1,18.9000005722,16.82403664936963,2.0759639228303683
5871,1,15.5500001907,17.462566881415526,1.9125666907155257
5872,1,16.400000052,15.956440489764017,0.4435595622359827
5873,1,18.4666665395,16.078637468016073,2.3880290714839276
5874,1,13.4500002861,14.493479839901871,1.0434795538018715
5875,1,17.6000003815,16.438907597009333,1.1610927844906662
5876,1,16.2999997139,17.253039316725783,0.9530396028257826
5877,5,16.5500001907,19.83746664064944,3.287466449949438
5878,5,16.3200000763,19.99131596437818,3.6713158880781798
5879,5,16.7333335876,19.127694415541622,2.3943608279416217
5880,5,17.049999555,20.611814665665317,3.561815110665318
5881,5,13.9666665395,18.35659227132885,4.38992573182885
5882,5,16.3999996185,16.568384998911785,0.16838538041178452
5883,5,16.0666666031,19.374852464596263,3.3081858614962627
5884,5,19.0,21.00822181243765,2.0082218124376503
5885,5,12.9500002861,18.081282715724427,5.131282429624427
5886,5,12.6000003815,19.581780525949803,6.981780144449804
5887,3,18.1500000954,17.6106284538036,0.5393716415964
5888,3,15.0999999046,17.178163376677634,2.078163472077634
5889,3,18.7857142857,18.41065459376623,0.375059691933771
5890,3,15.8000001907,17.03282871333596,1.232828522635959
5891,3,14.3000001907,15.636784924336268,1.336784733636268
5892,3,12.6500000954,14.889554612124568,2.239554516724569
5893,3,15.8444443809,15.223693909718914,0.6207504711810863
5894,3,15.7499995232,16.963226273956426,1.2132267507564265
5895,4,13.5800001144,15.580497086303057,2.000496971903056
5896,4,17.3499997457,17.08254206757168,0.26745767812832
5897,4,19.25,19.33585585806229,0.08585585806228835
5898,4,11.3000001907,15.558325836083961,4.258325645383961
5899,4,18.0333328247,16.652109341882376,1.3812234828176244
5900,4,14.1799999237,14.835464509384876,0.6554645856848751
5901,4,19.4500002861,17.207650586354124,2.2423496997458763
5902,4,18.0875000954,17.688240895695017,0.39925919970498214
5903,4,20.0199996948,17.189839003634546,2.830160691165453
5904,2,16.0,18.394468923546427,2.3944689235464267
5905,2,15.4499998093,16.74921128349543,1.299211474195431
5906,2,11.6499998569,15.196484945792417,3.5464850888924175
5907,2,14.6999998093,15.786065334775428,1.0860655254754281
5908,2,15.8999996185,18.91827399320714,3.01827437470714
5909,2,13.875,14.928613584405378,1.0536135844053778
5910,2,12.9499998093,15.94567186238214,2.9956720530821404
5911,2,19.6600002289,17.46422274065594,2.195777488244058
5912,2,14.3000001907,15.269333848466951,0.9693336577669509
5913,2,12.1499996185,15.556667977623883,3.4066683591238824
5914,2,12.4,14.611741189949052,2.211741189949052
5915,1,20.25,18.245167753723155,2.0048322462768446
5916,1,14.8999996185,14.354272425846135,0.5457271926538656
5917,1,12.6500000954,12.875424724003178,0.2254246286031787
5918,1,14.9666665395,14.391436025591439,0.5752305139085614
5919,1,16.2500004768,16.838130131184315,0.5881296543843142
5920,1,13.9499998093,20.103812524185717,6.153812714885717
5921,1,14.2666667302,15.717161948521804,1.4504952183218034
5922,1,11.5666666031,13.103566820633162,1.5369002175331623
5923,1,13.0499998728,15.043879697211713,1.993879824411712
5924,1,16.6000003815,16.48876230588964,0.11123807561035903
5925,1,13.3499999046,13.806198858828923,0.4561989542289222
5926,3,12.4199999809,15.161035672153828,2.7410356912538276
5927,3,12.3000001907,14.677640187905412,2.377639997205412
5928,3,12.8555554284,13.847260338127018,0.9917049097270176
5929,3,17.9000005722,16.902690580079256,0.9973099921207442
5930,3,16.0500001907,15.806217794448647,0.243782396251353
5931,3,14.1999998093,14.400494368477545,0.200494559177546
5932,3,13.5,15.180081800823686,1.680081800823686
5933,3,16.1714285442,17.345421785078372,1.1739932408783709
5934,3,18.5500001907,18.320113954283688,0.22988623641631278
5935,4,12.5999999046,14.89360957815482,2.293609673554819
5936,3,18.1222224765,18.12765028130973,0.0054278048097309295
5937,4,13.8833333651,14.673678523443687,0.7903451583436869
5938,4,11.7000001272,14.472798103389417,2.772797976189418
5939,4,15.8000001907,16.719434641741785,0.9194344510417842
5940,4,14.6999998093,15.499001538831441,0.799001729531442
5941,4,17.0888889101,17.088604785015974,0.0002841250840255327
5942,4,16.4571428299,18.59025279971973,2.1331099698197313
5943,4,19.3714286259,16.86315023718536,2.50827838871464
5944,4,17.6999994914,16.05792959870282,1.6420698926971795
5945,3,15.1000003815,14.996734826992508,0.10326555450749098
5946,3,21.3999996185,18.809771122968325,2.590228495531676
5947,3,14.5,16.206110165049942,1.7061101650499424
5948,3,15.7333335876,16.603299200360002,0.8699656127600015
5949,3,15.3000001907,15.084362757117674,0.21563743358232657
5950,3,16.6999998093,15.556413048488903,1.1435867608110968
5951,3,13.9000000954,14.159025538510953,0.25902544311095355
5952,3,17.2999998728,18.528872356429424,1.2288724836294236
5953,3,13.0333331426,16.536529260412774,3.5031961178127737
5954,3,17.4333333969,16.582386143313297,0.8509472535867033
5955,2,15.6999998093,16.533542167349818,0.8335423580498187
5956,2,19.0,16.622968663694955,2.377031336305045
5957,2,13.3333333333,14.850351167845846,1.517017834545845
5958,2,12.7250001431,14.767311174082659,2.042311030982658
5959,2,12.8666667938,15.181739182939854,2.3150723891398535
5960,2,13.0333333015,16.475871129949205,3.442537828449204
5961,2,14.5999999046,16.436356783864344,1.8363568792643434
5962,2,16.2000007629,16.130142090675573,0.06985867222442721
5963,2,14.7666667302,15.484813035133422,0.7181463049334216
5964,2,15.6499996185,15.920316544213279,0.2703169257132778
5965,2,16.2000007629,15.866704874212338,0.3332958886876618
5966,2,14.9000000954,16.859068174556167,1.959068079156168
5967,2,13.1000003815,14.168473523332464,1.068473141832465
5968,2,14.3999996185,14.990123888236207,0.5901242697362061
5969,2,18.1000003815,17.299907420224837,0.8000929612751619
5970,1,14.4399999619,15.16626017515716,0.7262602132571594
5971,1,13.3000001907,15.101657925383783,1.8016577346837828
5972,1,13.4000000954,14.97565445713225,1.5756543617322514
5973,1,18.25,21.549820105988275,3.2998201059882746
5974,1,16.5,16.653419690825373,0.15341969082537332
5975,1,16.285714422,16.15721558428981,0.12849883771019321
5976,1,17.6999994914,18.462032218805653,0.7620327274056535
5977,1,12.1333332062,14.273947265064606,2.1406140588646068
5978,1,13.9000000954,15.425284429792514,1.5252843343925147
5979,1,15.0428570339,16.578260020083125,1.535402986183124
5980,3,15.0500001907,15.597956749952886,0.547956559252885
5981,3,12.3000001907,15.256572186039875,2.956571995339875
5982,3,14.9000000954,15.71077922713962,0.8107791317396202
5983,3,17.7500004768,17.50945684506504,0.24054363173496185
5984,3,12.1999998093,14.974555148139254,2.7745553388392548
5985,3,13.25,14.654666120470187,1.4046661204701874
5986,3,14.6500000954,16.90048760961256,2.250487514212562
5987,3,12.8499999046,13.732247276442147,0.882247371842146
5988,3,14.1000003815,13.933810647227666,0.16618973427233286
5989,3,13.7000002861,13.755334684015596,0.0553343979155958
5990,4,14.8666666349,15.727687319944632,0.8610206850446325
5991,4,16.8999996185,17.71893928263509,0.8189396641350903
5992,4,12.4999996821,14.673747525832129,2.1737478437321283
5993,4,13.2166665395,16.134807340249065,2.9181408007490646
5994,4,13.3333333333,15.539521829107821,2.2061884958078206
5995,4,12.8285715921,15.524489570758938,2.6959179786589385
5996,4,13.6333334181,16.276261434332817,2.6429280162328173
5997,4,16.7999992371,15.750288748412013,1.049710488687987
5998,4,16.4555555979,16.074568876215725,0.3809867216842733
5999,4,13.5999999046,14.607935035020366,1.0079351304203659
6000,3,12.7000002861,14.495882506057546,1.7958822199575462
6001,3,15.0,16.16863596976637,1.1686359697663704
6002,3,17.0,16.924249214691347,0.07575078530865298
6003,3,12.8999996185,13.826336361008435,0.9263367425084343
6004,3,14.7800001144,16.343603214588057,1.5636031001880575
6005,3,14.9749999046,13.666619728553382,1.3083801760466187
6006,3,18.1999998093,19.354714091690237,1.1547142823902377
6007,3,14.0999999046,15.70070531219988,1.6007054075998788
6008,3,14.5999999728,15.767760631487997,1.1677606586879978
6009,3,17.0571430751,17.364441091539586,0.3072980164395851
6010,3,14.8999996185,15.67567407700945,0.7756744585094495
6011,3,12.9249999523,13.539535372307734,0.6145354200077335
6012,1,13.7800001144,15.52169313876421,1.74169302436421
6013,1,17.5,16.881968031210466,0.6180319687895341
6014,1,12.9000000954,14.399136597648925,1.4991365022489251
6015,1,18.7,18.53755880918522,0.16244119081477848
6016,1,15.6285713741,14.470359865239812,1.1582115088601874
6017,1,14.2444444233,14.744604177011713,0.5001597537117135
6018,1,16.8499994278,17.701524788252744,0.8515253604527437
6019,1,19.0500001907,16.23990961897767,2.8100905717223306
6020,1,14.3999996185,13.909426878921437,0.49057273957856395
6021,1,16.4,16.478962376430395,0.07896237643039683
6022,1,16.4666666985,15.407387037427329,1.0592796610726705
6023,1,13.6000000636,14.691628874804724,1.0916288112047248
6024,1,16.8999996185,19.749367943069117,2.8493683245691166
6025,1,14.8000001907,16.059537907599005,1.259537716899004
6026,1,12.0,13.423737597014595,1.4237375970145951
6027,1,13.4000000954,19.41198076497518,6.0119806695751805
6028,1,14.6200000763,16.612237524487718,1.9922374481877174
6029,1,20.3545454199,17.483210737971493,2.8713346819285057
6030,1,15.0999999046,15.968716357978563,0.8687164533785623
6031,1,14.0142857688,14.927956585784338,0.9136708169843377
6032,3,16.3999996185,17.17882996889355,0.7788303503935481
6033,3,16.3999996185,17.141010034580624,0.7410104160806235
6034,3,13.8000001907,14.026680096805562,0.2266799061055611
6035,3,19.6400005341,18.818053018587367,0.8219475155126332
6036,3,14.4500002861,16.98312213348835,2.533121847388351
6037,3,17.0999994278,17.08314283530672,0.016856592493279976
6038,3,15.6999998093,15.137935475850343,0.5620643334496567
6039,3,12.066666921,14.75239254699179,2.6857256259917897
6040,3,15.1999998093,15.541656661875296,0.3416568525752961
6041,1,12.75,13.539621278749017,0.7896212787490171
6042,1,15.3999996185,14.846152092642422,0.553847525857579
6043,1,18.1333332062,22.29464098454932,4.161307778349322
6044,1,13.3499999046,13.811221052564543,0.46122114796454206
6045,1,15.0,13.80796283206447,1.1920371679355295
6046,1,14.1999998093,13.70557600128838,0.49442380801161967
6047,1,16.1333332062,15.634908271680114,0.49842493451988545
6048,1,17.3249998093,17.574870040970882,0.24987023167088296
6049,1,19.0,20.606920484932232,1.6069204849322318
6050,1,13.1999998093,13.239145892290427,0.039146082990427544
6051,1,16.0750005245,15.02224192093227,1.052758603567728
6052,1,18.5500001907,17.016518936403042,1.5334812542969587
6053,4,21.4499998093,21.534134390418163,0.08413458111816396
6054,4,17.5500001907,16.34952002066922,1.2004801700307794
6055,4,13.7000002861,16.302964697080522,2.6029644109805226
6056,4,11.9666667514,13.876094028111767,1.9094272767117673
6057,4,12.2000000694,14.885764722001884,2.6857646526018844
6058,4,12.0499999523,14.981196935447505,2.9311969831475047
6059,4,12.2499998808,14.613924414084352,2.363924533284351
6060,4,15.2375000715,15.787484673072907,0.5499846015729073
6061,4,15.8999996185,15.162082707164735,0.7379169113352653
6062,4,12.4666666985,15.719741246445537,3.2530745479455376
6063,4,13.6999998093,15.247959178468646,1.5479593691686464
6064,4,13.0999997457,15.282015226892817,2.182015481192817
6065,2,11.7999997139,14.88989042310925,3.08989070920925
6066,2,19.6499996185,19.406095720655706,0.24390389784429445
6067,2,12.7285713468,14.472189858325839,1.7436185115258382
6068,2,11.6999998093,16.358709526189166,4.658709716889167
6069,2,12.1666666667,15.52607985415827,3.359413187458271
6070,2,14.7200000763,16.53801699024657,1.8180169139465718
6071,2,17.950000445,16.029872769221814,1.9201276757781862
6072,2,16.3499994278,17.15224237300364,0.8022429452036413
6073,2,15.1333335241,17.676185450536078,2.5428519264360787
6074,2,17.7000001272,18.189712824393826,0.48971269719382704
6075,1,15.1142857415,15.584458753996895,0.470173012496895
6076,1,13.7000002861,17.028380161605394,3.3283798755053944
6077,1,11.5999999046,14.169540197522831,2.569540292922831
6078,1,13.0,13.416051686280104,0.41605168628010425
6079,1,16.1500005722,15.827172296694242,0.3228282755057581
6080,1,17.3500003815,19.601335488840707,2.251335107340708
6081,1,18.4400001526,19.749019939809195,1.3090197872091949
6082,1,14.1999998093,17.258695585010045,3.0586957757100457
6083,1,19.1333332062,16.51466214324576,2.6186710629542382
6084,1,13.8999999364,13.657886687095603,0.24211324930439737
6085,1,21.8999996185,19.264784124629365,2.6352154938706356
6086,3,20.2000002861,19.436728563820242,0.7632717222797574
6087,3,14.0800001144,13.684108500272787,0.39589161412721374
6088,1,13.1666666667,15.209222053935372,2.0425553872353728
6089,3,13.4285712923,13.560686800666073,0.13211550836607344
6090,3,13.6000003815,14.707275545125489,1.1072751636254896
6091,3,14.9000000954,14.47890509112464,0.42109500427535984
6092,3,13.5,14.166974394294854,0.6669743942948543
6093,3,16.1999994914,15.542411626050905,0.657587865349095
6094,3,13.0500001907,14.96309139256124,1.9130912018612403
6095,3,16.4999993642,16.208123175731885,0.291876188468116
6096,3,18.2666664124,17.58460244099923,0.682063971400769
6097,4,14.6333332062,15.765490822845383,1.132157616645383
6098,4,14.3999996185,15.157869970913623,0.7578703524136223
6099,4,19.1000003815,16.92266170084425,2.1773386806557475
6100,4,16.8999996185,20.360964671543236,3.4609650530432354
6101,4,16.1749999523,16.899428808992976,0.7244288566929775
6102,4,13.2000002861,17.48766738819016,4.287667102090161
6103,4,12.6249997616,15.27099576045546,2.6459959988554598
6104,4,16.8000001907,16.57730435839037,0.22269583230962908
6105,4,13.0499997139,15.07567081567151,2.0256711017715094
6106,4,18.7999992371,18.436361908499585,0.3636373286004151
6107,5,13.75,19.785970398919225,6.0359703989192255
6108,5,13.1000003815,16.75163664192968,3.6516362604296795
6109,5,18.9499998093,20.495844341084002,1.5458445317840024
6110,5,17.6000003815,16.88769832331836,0.7123020581816384
6111,5,19.4666665395,20.83362834651017,1.3669618070101706
6112,5,13.5727272901,17.959585311922954,4.386858021822954
6113,5,18.2000007629,18.9280061415638,0.7280053786637986
6114,5,13.0,17.546287915642903,4.546287915642903
6115,5,26.0,19.32974146771427,6.670258532285729
6116,5,14.5500001907,18.821838771150777,4.271838580450776
6117,5,19.2999992371,20.058083015603337,0.7580837785033374
6118,3,18.4000005722,17.812832301611458,0.5871682705885419
6119,3,13.6999998093,14.13010533971507,0.43010553041507116
6120,3,12.9333333969,14.387016368937735,1.4536829720377344
6121,3,18.3857143947,18.18534887104104,0.20036552365895943
6122,3,18.0999997457,18.528000306972732,0.4280005612727322
6123,3,12.6000003815,13.958939838108984,1.3589394566089847
6124,3,12.6000003815,14.236378596559181,1.6363782150591817
6125,3,16.2000007629,15.301547103734032,0.898453659165968
6126,3,11.7200000763,13.442597887384563,1.7225978110845634
6127,3,19.5,19.754138355016902,0.2541383550169023
6128,3,14.9333333969,15.977280038549338,1.0439466416493381
6129,4,18.1000003815,16.99088367848227,1.1091167030177296
6130,4,14.300000104,14.035950152704462,0.2640499512955383
6131,4,17.7999992371,16.968486411997834,0.8315128251021662
6132,4,13.8999996185,16.98826590771248,3.0882662892124806
6133,4,13.6000003815,14.45866110248547,0.8586607209854709
6134,4,13.6999998093,13.311271496951694,0.38872831234830585
6135,4,21.0999994278,19.821084838191243,1.2789145896087568
6136,4,13.9000000954,15.747304429188446,1.847304333788447
6137,4,18.2999998728,19.02230696087273,0.7223070880727285
6138,4,18.6624999046,17.15507206480274,1.5074278397972591
6139,5,13.0,16.76492379886875,3.7649237988687503
6140,5,18.1200000763,18.235323455478024,0.11532337917802593
6141,5,14.1000003815,15.835794106503112,1.7357937250031128
6142,5,14.3500003815,16.23348992620289,1.8834895447028899
6143,5,14.6000003815,14.761054550104513,0.1610541686045135
6144,5,17.3000005086,19.726426458433238,2.426425949833238
6145,5,16.7999998728,20.78392580983109,3.9839259370310884
6146,5,12.5250000954,16.755533432124242,4.230533336724243
6147,5,17.433333079,18.129357436105664,0.6960243571056637
6148,5,15.2250001431,17.587859075579306,2.3628589324793055
6149,5,13.6299998283,19.520841821871716,5.890841993571716
6150,5,18.5,20.039499741157158,1.539499741157158
6151,2,11.6499999364,16.16708754783545,4.51708761143545
6152,2,20.6142856053,19.01595402428925,1.5983315810107506
6153,2,16.3624999523,16.87332547156937,0.5108255192693711
6154,2,17.1142858097,20.298202915893565,3.183917106193565
6155,2,18.6599998474,17.958733511797597,0.7012663356024049
6156,2,11.8333331744,15.180069187634334,3.3467360132343345
6157,2,16.566666921,18.19386382703213,1.627196906032129
6158,2,14.3666667938,17.712452838831027,3.3457860450310264
6159,2,16.4000005722,17.46510161256486,1.065101040364862
6160,2,18.2000002861,17.166237154364,1.0337631317359985
6161,3,20.2999992371,18.814903717713417,1.485095519386583
6162,3,15.8999999364,16.054057121596724,0.15405718519672362
6163,3,13.3000001907,15.255485744873784,1.9554855541737837
6164,3,14.8000001907,14.412765289780811,0.38723490091918933
6165,3,18.133333842,19.048442710064492,0.9151088680644932
6166,3,15.8500003815,16.52656174485958,0.676561363359582
6167,3,18.0,17.58015381329043,0.4198461867095702
6168,3,17.9400001526,18.191692609077165,0.25169245647716565
6169,3,17.8111110263,16.034229493259545,1.7768815330404557
6170,3,16.0499997139,16.534892714051523,0.4848930001515228
6171,5,11.7999997139,16.4437914736056,4.6437917597056
6172,5,14.5333331426,20.166856186611295,5.6335230440112944
6173,5,16.5200000763,20.632427906416783,4.112427830116783
6174,5,13.3249998093,15.583502383340932,2.258502574040932
6175,5,13.8999999364,15.654546277831672,1.7545463414316718
6176,5,16.6000003815,19.46890568741884,2.8689053059188403
6177,5,16.0999997457,18.504660030696922,2.404660284996922
6178,5,16.75,20.329047190318253,3.579047190318253
6179,5,12.7599998474,15.152643962912736,2.392644115512736
6180,1,13.7999997139,15.527050373038719,1.727050659138719
6181,1,16.6000003815,17.236931527894022,0.6369311463940228
6182,1,16.5999994278,18.355991860691617,1.7559924328916168
6183,1,17.9799999237,16.40381375604978,1.5761861676502207
6184,1,14.5750000477,15.046284237203574,0.4712841895035744
6185,1,17.3999996185,17.37476289488969,0.025236723610309042
6186,1,16.6500005722,17.282975941384997,0.6329753691849973
6187,1,16.179999733,18.199155196260808,2.019155463260809
6188,1,14.5333334605,16.01262551999209,1.4792920594920886
6189,1,15.3000001907,15.69432810463347,0.3943279139334699
6190,1,12.3499999046,13.65499309601384,1.304993191413839
6191,1,14.2666667302,17.44719856605945,3.1805318358594477
6192,4,16.3799999237,16.891784607961263,0.5117846842612614
6193,4,12.5499999523,15.892117564333425,3.342117612033425
6194,4,14.2999999523,16.860411080552794,2.5604111282527935
6195,4,12.7599999746,15.611354667349435,2.8513546927494353
6196,4,17.0999994278,17.322843400232642,0.2228439724326421
6197,4,18.7666670481,17.334963074440147,1.4317039736598538
6198,4,15.1000003815,16.886007122078194,1.7860067405781948
6199,4,17.4000000954,15.627378491668557,1.7726216037314426
6200,4,13.7000002861,14.366269415898904,0.6662691297989038
6201,4,11.6399999619,14.693087728933897,3.0530877670338974
6202,4,12.8499999046,14.49724226039246,1.647242355792459
6203,4,15.1000003815,14.977445779610916,0.12255460188908351
6204,4,13.1500000954,13.768847650458554,0.6188475550585544
6205,4,16.25,15.836768168915647,0.413231831084353
6206,4,12.9000000954,15.448362125431016,2.548362030031017
6207,4,12.4666665395,15.648417386840872,3.181750847340872
6208,4,15.9000000954,15.834702091952595,0.06529800344740444
6209,4,15.0,16.729767513370536,1.7297675133705361
6210,4,12.8499999046,14.091684147996352,1.2416842433963513
6211,4,14.1000003815,17.517878776794724,3.417878395294725
6212,1,16.133333842,15.822475791748833,0.3108580502511664
6213,1,13.5,14.435308770727275,0.9353087707272749
6214,1,16.0500001907,19.973625153127628,3.9236249624276276
6215,1,14.9714287349,15.408462692796421,0.4370339578964213
6216,1,15.0,15.737876033297946,0.7378760332979457
6217,1,17.6499996185,16.314302935085298,1.335696683414703
6218,1,15.5,21.57135345197372,6.071353451973721
6219,1,12.1500000954,13.438299227889203,1.288299132489204
6220,1,17.3500003815,20.1392332971883,2.7892329156883022
6221,1,16.0,19.549702749026107,3.549702749026107
6222,5,16.9499998093,20.435811114815863,3.4858113055158633
6223,5,13.8600000381,18.276388903735544,4.416388865635543
6224,5,15.6999998093,16.733196428591473,1.0331966192914734
6225,5,8.89999961853,11.525969435020345,2.625969816490345
6226,5,9.33333333333,14.173209667374943,4.839876334044943
6227,5,7.59999990463,14.375139612764466,6.775139708134466
6228,5,8.86666679382,13.323862262044706,4.457195468224706
6229,5,9.39999961853,11.850179306541335,2.4501796880113353
6230,5,7.5,9.79717157079773,2.2971715707977296
6231,5,9.59999990463,10.881128036750923,1.281128132120923
6232,5,7.04999995232,8.871219294755656,1.821219342435656
6233,2,9.30000019073,10.526638795410976,1.2266386046809767
6234,2,10.9874998331,10.603159393988923,0.3843404391110763
6235,2,8.73333326976,11.002895090791519,2.2695618210315196
6236,2,10.9142855236,10.934287070900734,0.020001547300733336
6237,2,8.80000019073,11.045913350969123,2.245913160239123
6238,2,9.65000009537,11.70495504278309,2.0549549474130906
6239,1,8.30000019073,8.4448621581194,0.14486196738940116
6240,1,8.28000011444,8.973178704219354,0.6931785897793539
6241,1,10.3000001907,9.485314642879597,0.8146855478204031
6242,1,10.75,10.517337487910394,0.23266251208960576
6243,1,10.0499998728,9.372783239577217,0.677216633222784
6244,1,6.90000009537,12.31563599666181,5.415635901291809
6245,1,9.69999980927,10.16982390743974,0.4698240981697399
6246,1,8.06666660309,7.798367934788031,0.2682986683019699
6247,1,10.0,9.919091101806927,0.08090889819307279
6248,5,9.77999992371,13.639538406123217,3.8595384824132175
6249,5,9.69999980927,13.438500467121145,3.7385006578511444
6250,5,8.39999975477,13.668434763723942,5.268435008953942
6251,5,7.86666679382,12.987391260317242,5.120724466497242
6252,5,7.67499995232,13.094063221913558,5.419063269593558
6253,5,10.3000000545,15.075356848373884,4.775356793873884
6254,5,8.59999990463,9.275968104476997,0.6759681998469969
6255,5,10.5999999046,15.041956014708475,4.441956110108475
6256,5,8.60000038147,14.400854435502486,5.800854054032486
6257,5,9.0,14.501406169468535,5.501406169468535
6258,4,9.89999961853,10.623266008412957,0.7232663898829568
6259,4,10.9000000954,9.724422798599278,1.1755772968007214
6260,4,8.60000038147,8.875142435398404,0.27514205392840374
6261,4,7.60000014305,9.769858252308943,2.169858109258943
6262,4,10.7333332698,13.774868527103301,3.041535257303302
6263,4,10.6200000763,10.909259038963212,0.2892589626632116
6264,4,9.87999992371,10.00845368797096,0.1284537642609589
6265,4,9.30000019073,9.196593221427342,0.10340696930265736
6266,4,8.10000038147,9.19041459796493,1.0904142164949295
6267,4,6.66666682561,8.637475954428522,1.970809128818522
6268,1,10.8000001907,9.527448160819317,1.2725520298806838
6269,1,6.80000019073,8.42013727445428,1.6201370837242806
6270,1,11.163636381,8.849221719340859,2.314414661659141
6271,1,11.0,10.482904755672497,0.5170952443275034
6272,1,11.0714285714,9.020024644482906,2.0514039269170947
6273,1,8.60000038147,8.898663693121462,0.2986633116514614
6274,1,10.6000002225,10.413955545776968,0.18604467672303215
6275,5,10.5,14.909212667437945,4.409212667437945
6276,5,7.69999980927,14.36986320618613,6.66986339691613
6277,5,9.15000009537,15.008960702791184,5.858960607421183
6278,5,8.09999990463,12.91231600011646,4.8123160954864606
6279,5,7.90000009537,10.16078104283578,2.260780947465779
6280,5,7.40000009537,10.148866190031963,2.748866094661963
6281,5,8.00000015895,9.917157377151973,1.9171572182019734
6282,5,10.3000001907,13.881396829219524,3.5813966385195233
6283,5,8.80000019073,10.414444222119545,1.6144440313895458
6284,4,10.8399997711,11.031892991992468,0.1918932208924673
6285,4,9.09999990463,10.141583688101893,1.0415837834718928
6286,4,10.75,12.51036527767131,1.7603652776713101
6287,4,10.1333332062,10.63602550995719,0.5026923037571898
6288,4,8.5,9.785334199603108,1.285334199603108
6289,5,16.1999999215,15.066804909923992,1.13319501157601
6290,5,15.5999999046,19.727370833339755,4.127370928739754
6291,5,13.5727272901,14.520240431393525,0.9475131412935252
6292,5,9.75757572868,13.30684526631656,3.5492695376365617
6293,5,11.9700000763,14.949665453065357,2.9796653767653574
6294,4,17.5090907704,19.293387841700646,1.7842970713006459
6295,4,16.6750006676,20.607973411891354,3.932972744291355
6296,4,12.7777778837,14.844728632534409,2.066950748834408
6297,4,17.2600000381,19.24337816595518,1.983378127855179
6298,4,17.9521739794,14.916260930265901,3.0359130491341
6299,1,12.6261905261,14.655833124979013,2.029642598879013
6300,1,16.5484850334,19.667538492654707,3.119053459254708
6301,1,17.5142854963,18.711417229566013,1.197131733266012
6302,1,17.5571428935,18.74436633369793,1.1872234401979291
6303,1,16.863636537,17.84109974115261,0.9774632041526097
6304,1,8.32200003624,11.955669599697282,3.633669563457282
6305,1,17.5499997139,18.673489261075048,1.1234895471750477
6306,1,7.54000005722,10.779230729878355,3.239230672658355
6307,1,16.5,17.96868113737031,1.4686811373703108
6308,1,14.9499998774,16.983779833614165,2.0337799562141647
6309,1,16.2285712787,15.735171751695061,0.4933995270049376
6310,1,14.1124999523,17.240766481364375,3.1282665290643745
6311,1,15.1999999682,16.5601908309141,1.3601908627140986
6312,1,16.1555557251,17.451877956474394,1.2963222313743934
6313,1,13.6166666349,15.646295631728497,2.0296289968284977
6314,1,15.0199998856,16.163904725341094,1.1439048397410936
6315,1,13.6266665777,15.723435018654037,2.096768440954037
6316,1,17.8500003815,18.073905837977936,0.22390545647793658
6317,1,16.6000003815,18.128201931684732,1.5282015501847326
6318,1,12.3749999659,15.63365539114241,3.2586554252424094
6319,1,13.2700000763,14.798428904406883,1.5284288281068825
6320,1,16.7000001272,18.215734516782355,1.5157343895823558
6321,1,17.8999996185,18.818606975792626,0.9186073572926254
6322,1,18.8714284897,16.077672384894807,2.793756104805194
6323,5,12.3399999619,15.96535599459062,3.62535603269062
6324,2,11.1785714286,12.779457797912992,1.6008863693129918
6325,5,15.9400001526,16.00165937532623,0.06165922272623092
6326,2,15.7428571156,17.816514669681325,2.0736575540813256
6327,4,15.8000000715,17.48451837722928,1.684518305729279
6328,2,7.56666660309,11.358700883196635,3.792034280106635
6329,2,8.96956526715,12.33274889262967,3.363183625479671
6330,5,16.9416664441,17.40513433258421,0.4634678884842103
6331,5,15.9214285442,16.214704574131964,0.293276029931965
6332,5,14.3714286259,15.212988130397001,0.8415595044970008
6333,5,15.4846153259,18.73389592655162,3.2492806006516215
6334,5,9.28461536994,14.595017657387114,5.310402287447115
6335,5,16.3124997616,18.99576397306516,2.6832642114651577
6336,5,16.0333332062,18.931005976025336,2.8976727698253377
6337,5,14.7259259401,18.099458677302266,3.3735327372022663
6338,5,18.9250001907,18.660913222445934,0.2640869682540661
6339,5,14.1333332062,16.46854165924456,2.3352084530445616
6340,5,12.650000155,15.062741338672522,2.412741183672521
6341,5,14.5666667091,19.560847467338448,4.994180758238448
6342,1,15.9380530973,15.006993364986611,0.931059732313388
6343,1,16.2153847034,16.335676528924303,0.12029182552430129
6344,4,13.5897959106,16.21955644722081,2.629760536620811
6345,4,15.2399999619,17.342346642754013,2.102346680854012
6346,4,13.0411764594,15.833851476430072,2.7926750170300707
6347,4,13.0142856325,13.393009835398143,0.3787242028981428
6348,1,13.4344827718,14.43955885201106,1.0050760802110599
6349,1,16.4499998093,14.623149649106532,1.8268501601934677
6350,1,14.9333333969,16.829098395320003,1.8957649984200025
6351,3,16.4666665395,16.02076141464829,0.4459051248517092
6352,3,11.1526315589,12.9233294280681,1.7706978691681012
6353,3,16.4749999046,16.126271653419565,0.34872825118043593
6354,3,18.0295454047,13.743724527430183,4.285820877269815
6355,3,10.1000000636,12.593676928064268,2.493676864464268
6356,3,14.8000001907,16.33028208054107,1.5302818898410706
6357,3,7.45000004768,11.66045410099042,4.2104540533104196
6358,3,10.9500000043,13.142765464072859,2.1927654597728594
6359,3,16.4000002543,18.8230038848053,2.423003630505299
6360,3,17.1947366815,14.786665037093298,2.408071644406702
6361,3,9.55128210019,11.295246419681462,1.743964319491461
6362,3,16.1799999237,17.027669900385273,0.8476699766852747
6363,1,14.7043478593,15.916502598113308,1.2121547388133074
6364,1,15.600000109,15.412844037356791,0.18715607164320858
6365,1,12.2033334414,12.745186427794984,0.5418529863949839
6366,1,15.5111109416,14.075308574668368,1.4358023669316324
6367,1,17.4375,18.45238675239574,1.0148867523957392
6368,5,10.4730770405,12.988149621112981,2.5150725806129817
6369,5,16.0499999523,19.969791671194738,3.9197917188947393
6370,5,15.1666665077,18.6521946800331,3.485528172333101
6371,1,14.75,15.652818567275004,0.9028185672750038
6372,1,10.2200000286,12.212279876419348,1.9922798478193489
6373,1,8.84999998411,11.080362913636407,2.2303629295264074
6374,1,14.4666665395,14.882263886985942,0.41559734748594224
6375,1,13.6388890478,15.143505115311969,1.5046160675119697
6376,1,14.7818181731,16.802709064091086,2.0208908909910868
6377,1,15.3999999364,17.550497601865032,2.150497665465032
6378,1,10.4846153993,13.716384648514094,3.231769249214093
6379,4,14.8899999619,16.52773976415245,1.637739802252451
6380,4,10.0442105544,11.729803298198012,1.6855927437980132
6381,4,17.0583333174,17.259604040668986,0.20127072326898698
6382,4,14.1000000106,16.53830426360319,2.4383042530031904
6383,4,12.251162773,14.896035504302262,2.644872731302261
6384,4,16.3999998093,15.609777489762402,0.7902223195375964
6385,1,10.658333381,10.74841493076128,0.09008154976127969
6386,1,17.0285714013,17.036869101983708,0.008297700683709053
6387,1,18.5870587181,17.217140529005153,1.3699181890948466
6388,1,8.34285715648,11.339258085039425,2.996400928559426
6389,1,9.86000002081,12.32837158129881,2.4683715604888103
6390,4,9.56666660309,11.607335027194775,2.0406684241047746
6391,4,13.8108108366,17.1911865601978,3.3803757235977994
6392,4,17.0250000954,17.666364664962927,0.6413645695629278
6393,4,15.4000000954,16.528548164038504,1.128548068638505
6394,4,14.4249999523,15.57437336249316,1.14937341019316
6395,4,12.3166666031,15.131279621139637,2.814613018039637
6396,4,17.0,18.329507375139375,1.3295073751393751
6397,4,8.98333326976,15.39129231564991,6.4079590458899105
6398,4,14.4857143675,15.478991887620042,0.9932775201200421
6399,4,11.2215685938,14.437492212261528,3.2159236184615274
6400,4,17.7000007629,17.684431968002475,0.015568794897525606
6401,4,14.0758620295,15.05655076237661,0.9806887328766098
6402,4,17.7400000254,18.302290762043842,0.5622907366438419
6403,4,13.5399999619,15.482522434765063,1.942522472865063
6404,4,15.4629629276,15.85933782072591,0.3963748931259108
6405,4,11.7866666794,12.696933550309357,0.9102668709093571
6406,1,11.1600002289,12.41484759244094,1.2548473635409412
6407,2,16.0999994278,19.673245252603508,3.5732458248035073
6408,2,17.1181815754,18.882111553067492,1.763929977667491
6409,2,9.54999992583,11.68698737991446,2.1369874540844584
6410,2,16.9666671753,18.171948250768665,1.2052810754686654
6411,2,11.7583334446,14.499846115518551,2.741512670918551
6412,2,18.2333329519,18.631159979131745,0.39782702723174523
6413,2,11.633333297,12.499519161075073,0.8661858640750726
6414,2,11.4200000763,14.022555017594687,2.602554941294688
6415,2,16.433333079,18.194585010276807,1.7612519312768065
6416,2,12.2714283807,13.783122292151678,1.5116939114516779
6417,1,14.9749999046,16.25692998489067,1.281930080290671
6418,2,8.03888903724,13.517617822999748,5.478728785759747
6419,2,8.21250009537,10.570380604737904,2.357880509367904
6420,2,11.5428571701,14.263534149291194,2.720676979191195
6421,1,13.6739130435,16.150582634916795,2.476669591416794
6422,1,15.9111111959,18.73369290109392,2.8225817051939206
6423,1,14.2666665713,16.107801400609418,1.8411348293094179
6424,1,14.3285713196,17.521588109386062,3.1930167897860624
6425,4,16.0699997902,18.85022766019961,2.78022786999961
6426,4,17.4375,17.788363730690172,0.35086373069017185
6427,1,7.689899,14.388944813506805,6.699045813506806
6428,1,16.217949,19.457397666372547,3.239448666372546
6429,1,11.115,9.722904306511778,1.3920956934882227
6430,1,10.590196,21.829614818918923,11.239418818918923
6431,1,18.673585,19.764877962335685,1.091292962335686
6432,1,22.778571,23.511890022862307,0.7333190228623074
6433,1,11.245455,14.441099972139307,3.1956449721393074
6434,1,23.283784,21.46745163229179,1.8163323677082097
6435,1,4.693548,19.978135970463757,15.284587970463758
6436,1,12.308,17.358132969072557,5.050132969072557
6437,1,17.67284,16.29016854422014,1.3826714557798603
6438,1,20.662745,23.048780851455895,2.386035851455894
6439,1,26.862162,22.822958237693967,4.039203762306034
6440,4,64.528289,36.670920822716134,27.857368177283867
6441,4,69.340141,35.49109727878623,33.849043721213775
6442,4,38.056897,36.8440914750696,1.2128055249304026
6443,4,52.251579,34.286095669433365,17.965483330566634
6444,4,46.932051,31.031822145648945,15.900228854351056
6445,4,66.758382,36.7268407765915,30.031541223408496
6446,4,41.701299,34.435301641709366,7.265997358290633
6447,4,34.709375,33.439313559132884,1.2700614408671171
6448,4,52.242857,35.77577611584315,16.46708088415685
6449,5,27.943857,23.39226316724307,4.551593832756932
6450,5,26.762905,25.763117494488263,0.9997875055117369
6451,5,32.295474,27.222383904519994,5.073090095480005
6452,1,11.831746,31.172272778945416,19.340526778945417
6453,1,13.787131,30.99036690135531,17.203235901355306
6454,1,11.902041,32.89345312239664,20.991412122396643
6455,1,17.513793,35.01341454078245,17.49962154078245
6456,1,14.685083,36.277795826656714,21.592712826656715
6457,1,2.557407,13.843941207306905,11.286534207306905
6458,1,6.196532,22.355809637656368,16.159277637656366
6459,1,3.697043,9.632848299737557,5.935805299737557
6460,1,3.869635,12.537756005564306,8.668121005564306
6461,1,13.583871,24.311935833094307,10.728064833094306
6462,1,3.59494,13.193275497140677,9.598335497140678
6463,1,14.847845,26.30376579221627,11.455920792216272
6464,2,38.934483,41.566886310529966,2.6324033105299662
6465,2,39.48,41.97619531466862,2.4961953146686255
6466,2,40.266667,39.39211812640766,0.8745488735923388
6467,2,29.528,24.182085979737366,5.345914020262633
6468,1,26.978571,34.00967149323227,7.03110049323227
6469,1,28.124242,34.488447525960815,6.364205525960816
6470,1,29.223077,28.102022296022515,1.1210547039774852
6471,1,25.725,25.315892690440812,0.4091073095591895
6472,1,22.965218,26.402784933983003,3.4375669339830033
6473,1,29.353333,32.134832550172305,2.781499550172306
6474,1,27.508333,23.984028911539447,3.5243040884605534
6475,1,20.121429,17.534440948428298,2.5869880515717014
6476,1,24.3375,26.948112384599835,2.610612384599836
6477,1,21.317647,27.59812808794415,6.28048108794415
6478,2,41.406667,38.516756857573085,2.8899101424269134
6479,2,35.40625,26.893326944397533,8.512923055602467
6480,2,38.727273,36.681097244481485,2.0461757555185116
6481,2,32.266667,23.143255831850766,9.123411168149232
6482,2,40.428571,28.803376333388428,11.62519466661157
6483,2,40.646154,37.772998865748846,2.8731551342511565
6484,2,41.974999,43.66373529270174,1.6887362927017406
6485,2,23.55,24.184560268619606,0.6345602686196052
6486,2,42.147058,38.69738928681037,3.449668713189631
6487,3,24.435714,30.063583293937207,5.627869293937206
6488,4,22.255555,29.887072251726124,7.631517251726123
6489,4,21.166666,31.127269540077663,9.960603540077663
6490,4,20.646667,29.571100079439805,8.924433079439805
6491,4,22.7,27.729098530136667,5.029098530136668
6492,4,22.145454,29.63212475196975,7.486670751969751
6493,4,61.783332,42.209149741896795,19.574182258103207
6494,2,56.37647,35.412741422692285,20.963728577307712
6495,2,45.142857,29.010242111768413,16.132614888231586
6496,2,62.925,35.592658107827816,27.33234189217218
6497,2,59.025,36.786600979827035,22.238399020172963
6498,2,61.76,35.9858358560298,25.774164143970197
6499,2,66.349998,34.333481671293065,32.016516328706935
6500,2,31.842857,38.048806162636765,6.205949162636767
6501,2,29.934615,28.779641399607005,1.1549736003929958
6502,2,26.623106,37.975558184647525,11.352452184647525
6503,4,21.927309,40.89229361450285,18.964984614502846
6504,4,28.792857,29.41649960602494,0.6236426060249372
6505,4,30.269231,50.12551562815857,19.856284628158566
6506,4,43.920588,38.818509794529476,5.1020782054705265
6507,4,32.616927,31.6444256867507,0.9725013132492961
6508,4,39.568613,29.272712776548826,10.295900223451174
6509,4,51.931646,29.23401328188557,22.69763271811443
6510,5,44.310457,26.704281256359536,17.606175743640463
6511,5,53.881219,21.51996746367951,32.361251536320495
6512,5,42.166862,24.702696269204587,17.464165730795415
6513,5,56.464806,36.956492206308305,19.5083137936917
6514,5,42.811538,34.733536162204125,8.078001837795874
6515,5,27.295652,26.491336185309457,0.8043158146905434
6516,5,23.360606,32.57024996272682,9.209643962726819
6517,5,29.3,33.025158034869875,3.7251580348698745
6518,5,25.073684,31.23155754686836,6.157873546868359
6519,1,25.615517,20.297324833970066,5.3181921660299345
6520,1,24.50625,19.684417854805407,4.821832145194595
6521,1,24.04,22.305348731701166,1.7346512682988333
6522,1,25.46,20.179648656563344,5.2803513434366565
6523,1,24.305085,40.60327043884691,16.298185438846915
6524,1,26.09375,24.431734373196758,1.6620156268032424
6525,1,19.124,32.59299973378045,13.468999733780453
6526,1,20.689394,25.716435807090452,5.027041807090452
6527,1,24.192857,22.6760066224192,1.5168503775807984
6528,3,24.77027,33.903567662557485,9.133297662557485
6529,3,20.76129,25.592848053787705,4.831558053787706
6530,3,28.4,25.095741015765952,3.304258984234046
6531,3,26.425926,40.37382885373515,13.947902853735147
6532,3,26.666071,33.14893046507412,6.4828594650741245
6533,3,28.415254,35.17426860767021,6.759014607670206
6534,3,29.165,35.48226950368993,6.3172695036899285
6535,3,24.779167,37.469446317338985,12.690279317338984
6536,3,25.711111,28.463186394506394,2.752075394506395
6537,3,21.468182,28.217854303933677,6.749672303933679
6538,3,23.178947,33.57194995175488,10.39300295175488
6539,5,22.609677,33.08873189010693,10.479054890106926
6540,5,27.052381,31.592002591566807,4.539621591566807
6541,5,25.88,35.9347363456562,10.054736345656199
6542,5,26.592,33.389944307724264,6.797944307724265
6543,5,24.276596,28.642072154242925,4.3654761542429235
6544,5,26.190476,35.247718818378765,9.057242818378764
6545,5,23.692,28.346483543662117,4.654483543662117
6546,5,27.235294,28.919814138005727,1.6845201380057269
6547,5,47.0,31.056828387358195,15.943171612641805
6548,5,48.2,39.12962659098419,9.070373409015815
6549,5,49.291304,31.69980861132907,17.59149538867093
6550,5,50.200001,36.540144138004315,13.659856861995685
6551,4,45.5,35.821510227720985,9.678489772279015
6552,4,44.786667,40.36585553372028,4.420811466279723
6553,4,47.599998,43.236647337457555,4.3633506625424445
6554,4,21.825,32.54218793696042,10.717187936960418
6555,4,18.885027,31.552325552314656,12.667298552314655
6556,4,38.599998,22.24422400504164,16.35577399495836
6557,4,25.153704,41.518988389641464,16.365284389641463
6558,2,36.925,32.339244850882444,4.585755149117553
6559,2,39.900002,44.162605358130776,4.262603358130775
6560,2,27.433333,46.24696112127142,18.813628121271417
6561,2,33.644,38.977527227120945,5.333527227120946
6562,2,60.816667,41.90838257723463,18.90828442276537
6563,2,57.4,31.3383745622536,26.0616254377464
6564,2,57.400002,39.66420482922367,17.73579717077633
6565,2,60.299999,43.18058251893605,17.11941648106395
6566,2,53.650001,40.90719428129395,12.742806718706056
6567,1,59.821429,35.4238185712982,24.397610428701803
6568,1,37.288,39.15772635560165,1.8697263556016566
6569,1,53.36,28.46981234945669,24.89018765054331
6570,1,60.733333,38.086436877106124,22.646896122893878
6571,1,55.3,39.65045683179501,15.649543168204985
6572,1,58.5,41.23538359299319,17.264616407006812
6573,1,54.14,33.85179367897043,20.28820632102957
6574,1,55.25,40.96689263231464,14.28310736768536
6575,1,50.337499,42.03438858515328,8.30311041484672
6576,1,47.964706,38.48019987534751,9.48450612465249
6577,1,57.599998,38.97927652966783,18.62072147033217
6578,1,58.550001,42.044751167916786,16.505249832083216
6579,1,58.466667,37.79300446294714,20.673662537052863
6580,1,53.188889,43.69589997451368,9.492989025486324
6581,1,39.942857,39.375235598467526,0.5676214015324703
6582,1,33.1,31.61370888387386,1.486291116126143
6583,1,27.244,32.6437722772954,5.399772277295398
6584,1,52.414285,30.53493102135025,21.87935397864975
6585,1,61.371429,37.781053574702504,23.590375425297495
6586,1,22.178788,37.66085416427555,15.482066164275547
6587,1,23.737037,24.82493790920319,1.0879009092031886
6588,1,20.534884,31.063305825463093,10.528421825463091
6589,1,21.5,23.829062730964424,2.3290627309644236
6590,1,22.237255,28.512037786128793,6.274782786128792
6591,5,30.873077,29.75904147687029,1.1140355231297079
6592,5,22.063333,43.22952730724436,21.16619430724436
6593,5,38.241666,19.569747942458783,18.67191805754122
6594,5,49.033333,45.659084848188044,3.3742481518119547
6595,5,41.3,35.25338592518502,6.0466140748149755
6596,1,26.319048,39.633283887784245,13.314235887784246
6597,1,38.81,33.433166033029,5.376833966970999
6598,1,30.044445,36.100003314980746,6.055558314980747
6599,1,25.364,31.708835967163903,6.3448359671639025
6600,1,32.4,31.51378392454095,0.8862160754590498
6601,1,41.9,47.159552112450115,5.259552112450116
6602,1,24.323529,40.88705136605745,16.563522366057448
6603,1,26.700001,30.8931438041507,4.1931428041507
6604,1,27.471428,32.47258840067497,5.001160400674973
6605,1,26.275,34.73398675601324,8.458986756013239
6606,1,26.466667,45.18601021337275,18.719343213372746
6607,1,34.507142,27.390315931386034,7.1168260686139675
6608,4,46.625001,31.34109980185073,15.283901198149266
6609,4,48.772727,33.07856014766463,15.694166852335371
6610,4,38.580953,31.53934116591901,7.041611834080992
6611,4,46.200001,35.60421661345883,10.595784386541169
6612,4,38.575,34.50469536308706,4.070304636912944
6613,4,27.108695,34.18692463806602,7.078229638066016
6614,4,26.91875,26.422289240993038,0.4964607590069612
6615,4,38.788889,37.948780753527494,0.8401082464725036
6616,4,41.5,30.047106099833126,11.452893900166874
6617,4,43.163636,35.688538555566026,7.47509744443397
6618,4,47.409091,36.449840329046985,10.959250670953011
6619,4,31.8,34.23632213544499,2.4363221354449927
6620,4,25.5,25.16089932228939,0.33910067771061136
6621,4,28.311429,26.67282861263741,1.6386003873625903
6622,4,25.448572,26.67611604548517,1.2275440454851712
6623,4,32.925,23.05510971309712,9.869890286902876
6624,4,30.133334,35.82917703145045,5.695843031450448
6625,4,33.066666,26.160132974749217,6.906533025250781
6626,1,37.4,42.082891194496156,4.6828911944961575
6627,1,26.422581,42.06342457459019,15.640843574590185
6628,1,25.590322,32.06573911219977,6.4754171121997715
6629,1,22.37931,32.60210983802874,10.222799838028738
6630,1,26.5,34.260887469257334,7.760887469257334
6631,1,24.508696,37.837015690125035,13.328319690125035
6632,5,25.1625,33.20925554972559,8.046755549725589
6633,5,18.637037,30.410038775997183,11.773001775997184
6634,5,21.75,31.014939773286923,9.264939773286923
6635,5,50.966667,26.587668033646263,24.378998966353738
6636,5,52.199999,34.743159841258354,17.456839158741644
6637,5,51.885714,35.91043160015196,15.97528239984804
6638,5,47.02,40.24829032326704,6.771709676732961
6639,5,48.98,37.31531616864255,11.664683831357443
6640,2,46.0875,36.93019330324723,9.15730669675277
6641,2,54.381818,30.550643623167193,23.83117437683281
6642,2,25.759524,35.16642928544162,9.406905285441624
6643,2,26.39661,27.66242569530319,1.2658156953031927
6644,2,21.801539,24.29873807156118,2.4971990715611803
6645,2,51.875,26.32040283363051,25.55459716636949
6646,2,49.75625,35.32167968838674,14.434570311613264
6647,5,51.8625,47.257171291410465,4.605328708589532
6648,5,48.199999,48.14127695724466,0.05872204275533477
6649,5,57.414286,37.26848006401838,20.14580593598162
6650,5,47.095653,37.97521391541439,9.120439084585605
6651,5,47.950001,36.05393658255636,11.89606441744364
6652,5,50.616667,38.276499403361704,12.340167596638295
6653,5,52.344445,37.21872033353122,15.125724666468777
6654,5,61.354546,37.322952988916384,24.031593011083615
6655,5,62.1,35.31071281993669,26.78928718006331
6656,5,51.95,39.29703472905595,12.652965270944051
6657,5,54.561538,39.43756753330429,15.12397046669571
6658,5,48.47,40.94260827018546,7.527391729814539
6659,5,51.549999,34.99702343988494,16.55297556011506
6660,5,2.935652,40.77730406903645,37.84165206903645
6661,5,1.669136,43.00477308850918,41.33563708850918
6662,5,2.068421,18.484907735447344,16.416486735447343
6663,5,1.868224,23.944613523495036,22.076389523495035
6664,5,1.302632,21.880468170943335,20.577836170943336
6665,5,2.019298,28.851872765728384,26.832574765728385
6666,5,1.689844,13.82141536492646,12.131571364926462
6667,5,1.495238,26.392751986074035,24.897513986074035
6668,5,2.162338,28.181849908361098,26.019511908361096
6669,5,4.278704,19.41856659959438,15.13986259959438
6670,5,4.409174,18.085502878636763,13.676328878636763
6671,5,39.871111,23.899444676043856,15.971666323956143
6672,5,33.103093,14.191513946293368,18.91157905370663
6673,5,37.490385,27.598934292833388,9.891450707166616
6674,5,33.535051,21.515373124428407,12.019677875571595
6675,5,33.07757,21.245310659167696,11.832259340832305
6676,5,27.329252,26.590487083709036,0.7387649162909646
6677,3,26.771354,38.475054259260986,11.703700259260987
6678,3,45.044444,27.016549973727802,18.027894026272197
6679,3,40.673913,36.97498659713362,3.698926402866377
6680,3,41.1,37.68073527480258,3.419264725197422
6681,3,41.22,46.933094496424815,5.713094496424816
6682,3,40.633334,47.15728349201793,6.523949492017934
6683,3,30.897059,33.34968621969006,2.452627219690058
6684,1,34.192308,36.872797536510824,2.6804895365108266
6685,1,43.550001,30.29545262231535,13.254548377684653
6686,1,41.347619,38.37273247734891,2.97488652265109
6687,1,45.433333,35.38480847946039,10.048524520539608
6688,1,43.323076,37.064597097388734,6.258478902611266
6689,1,44.975,34.147075304770205,10.827924695229797
6690,1,45.5,43.40857661435542,2.091423385644582
6691,1,41.440001,38.84559054175705,2.5944104582429546
6692,1,34.356322,47.9724576159191,13.616135615919099
6693,4,35.130303,29.358643787766102,5.771659212233896
6694,4,33.303448,42.19232637514827,8.888878375148266
6695,4,38.256604,32.056253438411595,6.200350561588408
6696,4,39.468421,35.36065122246711,4.107769777532887
6697,4,38.985714,29.701306133058196,9.284407866941805
6698,4,45.0,41.67946643059103,3.3205335694089726
6699,2,43.776923,52.84820951987391,9.071286519873915
6700,2,44.299999,57.60123648405943,13.301237484059428
6701,2,46.099998,55.897900700731846,9.797902700731846
6702,2,31.897826,54.47085651255522,22.573030512555224
6703,4,37.44,39.499134731858646,2.0591347318586486
6704,4,38.909091,26.81197925441061,12.097111745589388
6705,4,42.799999,37.18001266454956,5.619986335450442
6706,4,29.67,39.98610246633006,10.316102466330058
6707,4,45.199999,39.858846079786765,5.341152920213233
6708,4,38.863637,42.04945955376929,3.1858225537692917
6709,4,41.116667,47.437174611885474,6.320507611885475
6710,4,30.428572,27.25688178161525,3.17169021838475
6711,4,40.569231,37.8220978340038,2.7471331659962033
6712,1,37.868,25.967694394605076,11.900305605394927
6713,1,40.11,28.348825535540175,11.761174464459824
6714,1,38.158824,32.65056231128113,5.508261688718875
6715,1,41.221428,35.35881970974325,5.862608290256752
6716,1,29.67551,31.375404976416107,1.6998949764161075
6717,1,29.136957,41.72441709299825,12.587460092998253
6718,1,27.107407,31.859400061282656,4.751993061282658
6719,1,28.295833,32.250683593407004,3.9548505934070057
6720,1,26.16875,35.220863926090125,9.052113926090126
6721,1,30.9,33.90019376442603,3.0001937644260295
6722,1,31.45,30.65713850002634,0.792861499973661
6723,1,26.333333,36.263809047377784,9.930476047377784
6724,1,24.278571,43.90737347161762,19.628802471617618
6725,3,29.200001,42.21269559631516,13.012694596315157
6726,3,29.284615,38.24716407748497,8.962549077484969
6727,3,27.36,44.317525603418034,16.957525603418034
6728,3,20.8,27.853338225161842,7.053338225161841
6729,3,30.775,39.55358414538053,8.778584145380535
6730,3,32.814286,29.947642626993407,2.866643373006596
6731,3,29.8,37.05758872811742,7.2575887281174225
6732,3,22.05,30.02350137729921,7.973501377299208
6733,3,27.508334,38.51988188246974,11.011547882469738
6734,3,27.563158,26.838110960715493,0.7250470392845081
6735,5,27.778948,46.24774029304749,18.468792293047493
6736,5,24.3375,36.216176023513505,11.878676023513506
6737,5,43.700001,35.16381294366327,8.536188056336734
6738,5,31.2,27.775762714031345,3.4242372859686547
6739,5,29.983333,42.61616520282186,12.632832202821863
6740,5,28.607692,39.51107506080195,10.90338306080195
6741,5,44.400002,42.257843712531624,2.1421582874683764
6742,5,34.388889,46.582914808527164,12.194025808527165
6743,5,41.299999,43.57519893030995,2.2751999303099524
6744,5,37.16,41.71713921814349,4.55713921814349
6745,5,31.385714,38.86338148438618,7.477667484386181
6746,2,32.6,39.958645499789306,7.358645499789304
6747,2,40.075001,44.38356707320396,4.308566073203963
6748,2,43.5,42.84125382512784,0.6587461748721566
6749,2,37.87,39.983777542381716,2.113777542381719
6750,2,37.200001,38.878180107432556,1.6781791074325554
6751,2,42.700001,41.483516924486075,1.2164840755139252
6752,2,42.82,39.162467061952434,3.6575329380475665
6753,2,37.95,40.28765493903769,2.3376549390376837
6754,2,31.727273,42.07353993530291,10.34626693530291
6755,2,39.5,38.51943067437992,0.9805693256200811
6756,2,26.104651,39.04021172175135,12.935560721751347
6757,2,19.1,39.22662469310453,20.12662469310453
6758,2,26.836842,37.06634359069741,10.229501590697406
6759,2,20.371186,28.080780884097447,7.709594884097445
6760,2,25.067647,31.7227800746563,6.655133074656298
6761,2,25.569231,23.151691513756635,2.4175394862433635
6762,2,29.3,39.214233161998585,9.914233161998585
6763,2,32.833334,29.280432939798793,3.552901060201208
6764,2,17.183,38.06190637138431,20.87890637138431
6765,2,29.269697,34.6096715537523,5.339974553752299
6766,2,26.849999,24.677588610316423,2.172410389683577
6767,2,31.190625,28.25422118001614,2.9364038199838625
6768,2,32.886363,24.647209549683325,8.239153450316678
6769,2,30.383334,32.620250518299436,2.2369165182994344
6770,2,24.841667,28.53153967693111,3.6898726769311097
6771,2,15.331333,30.083526793636395,14.752193793636394
6772,2,23.520879,24.997542581563582,1.4766635815635816
6773,2,15.130974,23.481991792869895,8.351017792869895
6774,2,12.868571,27.885720040418317,15.017149040418317
6775,2,25.825,35.46866538287666,9.643665382876659
6776,4,25.032432,26.43702270761946,1.4045907076194588
6777,4,14.558019,42.380733605942005,27.822714605942004
6778,4,14.043478,36.739144557056335,22.695666557056335
6779,4,27.195349,24.85827438449341,2.337074615506591
6780,4,21.345763,29.387565140605332,8.04180214060533
6781,4,18.974803,31.01780130826163,12.04299830826163
6782,4,28.06,43.8088611955748,15.7488611955748
6783,4,26.133333,27.843079081807865,1.7097460818078645
6784,4,28.113636,37.58270485272632,9.469068852726323
6785,4,27.371428,27.12029086778605,0.25113713221395173
6786,4,26.87,28.038079144143843,1.1680791441438423
6787,4,27.46,31.679807958464327,4.219807958464326
6788,4,27.128571,30.967930413555113,3.839359413555112
6789,4,25.433333,34.58679137887532,9.153458378875317
6790,4,42.510345,39.555204973787674,2.9551400262123266
6791,4,42.010527,28.811190556604323,13.19933644339568
6792,3,40.33077,24.727822264738517,15.602947735261484
6793,3,42.949999,37.08230678716414,5.8676922128358555
6794,3,39.022727,37.584686484009744,1.4380405159902594
6795,3,36.95,47.40958630758896,10.459586307588957
6796,3,40.46875,26.258916755896788,14.209833244103212
6797,3,41.094117,33.156217509651704,7.937899490348293
6798,3,18.2575,32.99686462653176,14.73936462653176
6799,5,15.55,31.537269412295053,15.987269412295053
6800,5,18.805714,27.6663657432413,8.860651743241302
6801,5,16.757143,24.907830648570577,8.150687648570578
6802,5,17.561111,32.92358546574685,15.362474465746846
6803,5,20.123529,28.11983261228422,7.996303612284219
6804,5,16.379167,29.5412110099783,13.162044009978302
6805,5,16.335294,21.89584796053957,5.560553960539568
6806,5,16.026316,28.16590149789417,12.139585497894167
6807,4,19.694118,28.95885414632728,9.26473614632728
6808,4,36.620834,30.605764645775157,6.0150693542248455
6809,4,34.97,35.977696289680026,1.0076962896800268
6810,4,36.070001,40.51955783168979,4.44955683168979
6811,4,33.394737,31.614327026900707,1.7804099730992924
6812,4,39.32,33.613206076469574,5.706793923530427
6813,4,25.3075,41.142030607980374,15.834530607980373
6814,4,31.689743,40.909153076975834,9.219410076975834
6815,4,17.919048,32.073910810237464,14.154862810237464
6816,4,17.4375,32.041475279974435,14.603975279974435
6817,2,16.390909,27.367828945432446,10.976919945432446
6818,2,15.604762,36.57251445612187,20.96775245612187
6819,2,15.38,25.0293526999109,9.649352699910898
6820,2,18.3,25.93502321121428,7.635023211214278
6821,2,20.485714,27.384116763997707,6.898402763997705
6822,2,18.604762,25.98577388090642,7.381011880906421
6823,2,16.652381,27.631059179068817,10.978678179068819
6824,4,17.54375,32.8029059446143,15.259155944614303
6825,4,18.311539,31.49141771846134,13.179878718461339
6826,4,17.3575,30.86224674453735,13.50474674453735
6827,4,30.866666,31.12814180151913,0.26147580151913274
6828,4,34.36,32.93176576587872,1.4282342341212768
6829,4,34.405882,36.25231716992761,1.8464351699276094
6830,4,34.674999,39.610642261668396,4.935643261668396
6831,4,33.98,40.298144022537,6.318144022537005
6832,4,34.228947,44.62132908149175,10.392382081491753
6833,4,32.279487,33.28156865385429,1.0020816538542903
6834,4,26.066667,30.587831476579872,4.521164476579873
6835,4,23.847143,30.470533404382476,6.6233904043824765
6836,3,25.016667,29.649607095559194,4.632940095559192
6837,3,30.146809,20.77249072068122,9.374318279318782
6838,3,33.203333,26.221583662706692,6.981749337293309
6839,3,31.082353,22.114052360636276,8.968300639363726
6840,3,28.527273,25.1220638621582,3.4052091378418012
6841,3,30.309091,39.858884616980774,9.549793616980775
6842,3,27.667857,25.038155458872755,2.629701541127247
6843,2,27.038889,30.08471275965932,3.045823759659317
6844,2,28.15,27.461637885203128,0.6883621147968704
6845,2,28.955556,31.99059070077918,3.0350347007791783
6846,2,27.64,41.595780902993944,13.955780902993943
6847,2,12.447381,31.59359033796926,19.14620933796926
6848,1,11.612551,28.892850865852576,17.280299865852577
6849,1,11.796791,33.676235437757846,21.879444437757847
6850,1,35.709091,27.17990792439293,8.529183075607072
6851,1,28.038596,32.397833904878176,4.359237904878178
6852,1,24.144928,38.213626550246836,14.068698550246836
6853,1,28.1,33.172194662188836,5.072194662188835
6854,1,27.971428,29.999607972485553,2.028179972485553
6855,1,34.650002,43.363648060919644,8.713646060919643
6856,1,29.618182,38.119706793166415,8.501524793166414
6857,1,35.511765,53.25817948466849,17.74641448466849
6858,1,31.639131,31.922985406369953,0.2838544063699544
6859,2,39.425,22.198354155913595,17.226645844086402
6860,2,26.763158,29.20084432626897,2.4376863262689703
6861,2,39.675,31.593281836524653,8.081718163475344
6862,2,37.58,30.28925137255852,7.290748627441477
6863,2,30.461538,42.56204296756902,12.10050496756902
6864,2,30.800001,40.35300594023927,9.55300494023927
6865,3,32.452381,41.370648062394146,8.918267062394143
6866,3,37.066667,34.13668882473913,2.929978175260871
6867,3,54.385714,47.81585012265317,6.569863877346833
6868,3,50.783333,45.962038346983825,4.821294653016174
6869,3,54.2,43.44027833679178,10.759721663208225
6870,5,52.925,40.99684793060515,11.928152069394848
6871,5,51.375,36.87996485740543,14.495035142594567
6872,5,53.97,36.504194738458075,17.465805261541924
6873,5,56.666666,36.404623227818064,20.262042772181935
6874,5,49.1,46.38839887563068,2.7116011243693237
6875,5,53.9,41.469875494149306,12.430124505850692
6876,1,54.157143,40.59788367816528,13.559259321834716
6877,1,56.122222,36.48818195427577,19.634040045724234
6878,1,11.226087,36.42397651526802,25.197889515268024
6879,1,15.578378,37.267229595366686,21.688851595366685
6880,1,12.239048,24.09385299162737,11.854804991627368
6881,1,24.75641,26.062966952508745,1.3065569525087461
6882,1,27.768966,24.797253435501325,2.9717125644986737
6883,1,26.027273,33.72500594755295,7.69773294755295
6884,1,25.125,34.45327282167038,9.328272821670382
6885,1,22.965,25.954655729861074,2.9896557298610738
6886,1,21.979167,27.550208874205904,5.571041874205903
6887,3,20.209091,30.82259135366271,10.613500353662708
6888,3,46.764285,28.06873804672046,18.695546953279543
6889,3,50.121429,25.420387288186607,24.701041711813392
6890,2,44.422727,42.64931158069656,1.77341541930344
6891,2,46.27,42.32262900708241,3.947370992917591
6892,2,47.25,26.80630186245046,20.44369813754954
6893,2,28.634783,38.29513965426342,9.660356654263424
6894,2,26.777778,42.64106039373233,15.86328239373233
6895,2,22.082609,40.47477796420118,18.39216896420118
6896,2,22.856542,31.256519007097136,8.399977007097135
6897,1,21.478049,44.655732731905225,23.177683731905226
6898,1,23.960204,25.672129976513173,1.7119259765131716
6899,1,23.393277,27.226688132779444,3.8334111327794425
6900,1,20.48125,25.494080656779047,5.012830656779048
6901,1,25.05625,26.63170240070825,1.5754524007082509
6902,4,39.94,29.553730501696847,10.38626949830315
6903,2,43.08,43.734932492396034,0.6549324923960356
6904,2,37.999999,43.39189027182487,5.391891271824868
6905,2,25.853125,40.73814405282202,14.885019052822024
6906,2,25.372222,33.63774856139594,8.265526561395937
6907,2,23.237037,35.432219110224494,12.195182110224493
6908,2,23.858333,31.463390486162538,7.60505748616254
6909,2,26.015385,29.974453203008974,3.959068203008975
6910,2,25.791304,28.520360591460957,2.7290565914609566
6911,5,25.316667,29.690841347688604,4.374174347688605
6912,5,24.442857,31.102338845426,6.659481845426001
6913,5,26.04,31.64999558297929,5.609995582979291
6914,3,25.421052,29.129794466832685,3.7087424668326854
6915,3,26.933333,31.949950647334074,5.016617647334073
6916,3,26.7,30.557382466752603,3.857382466752604
6917,3,30.077778,29.11351482084666,0.9642631791533383
6918,3,32.56,28.262728397783455,4.297271602216547
6919,3,32.15,42.476025646937345,10.326025646937346
6920,3,30.414286,43.250515715125104,12.836229715125103
6921,3,31.4,39.90041803867722,8.500418038677225
6922,1,23.2,42.65219346824707,19.45219346824707
6923,1,20.175,43.537464011977036,23.362464011977035
6924,1,19.95,45.66530666630955,25.715306666309548
6925,1,20.4,35.32373360716422,14.923733607164223
6926,5,19.90909,35.16043834738208,15.251348347382084
6927,5,19.4,46.61530382601357,27.215303826013574
6928,5,21.199999,38.921312622871,17.721313622871
6929,5,19.715789,25.775892708806282,6.060103708806281
6930,5,20.845455,43.46729732218935,22.62184232218935
6931,4,17.266666,25.71853380039664,8.451867800396638
6932,4,19.147619,20.393347903877135,1.2457289038771364
6933,4,40.5,22.597454545690955,17.902545454309045
6934,4,32.16,22.66031378479654,9.499686215203457
6935,4,29.367442,30.266584268707287,0.899142268707287
6936,4,40.550001,28.54189058776458,12.008110412235421
6937,4,27.18,23.939090615019136,3.2409093849808635
6938,4,28.769231,31.246208334657933,2.4769773346579314
6939,4,29.85,23.787811584578755,6.062188415421247
6940,4,23.764286,32.43058106700452,8.66629506700452
6941,4,27.7,27.20290110012738,0.49709889987261846
6942,4,26.772727,27.541476813901294,0.7687498139012945
6943,2,23.394117,34.8250959703793,11.4309789703793
6944,2,30.405,35.667187279498215,5.262187279498214
6945,2,25.4,27.646066900546725,2.246066900546726
6946,2,24.505555,35.74564144830482,11.240086448304822
6947,2,23.94,27.251890582247256,3.311890582247255
6948,1,22.71,24.909354029582143,2.1993540295821425
6949,1,31.763636,23.909170264423327,7.8544657355766745
6950,1,34.799999,28.851759812234246,5.948239187765754
6951,1,36.700001,31.589430359772695,5.110570640227305
6952,1,33.799999,47.06859010738052,13.268591107380523
6953,1,36.015789,32.65671336943917,3.359075630560831
6954,1,45.726316,35.199027390302994,10.527288609697003
6955,1,49.385714,31.874854018992266,17.510859981007734
6956,1,48.231579,41.83370175584463,6.397877244155374
6957,1,47.888888,37.731501388457346,10.157386611542655
6958,1,47.285715,33.45850221999941,13.827212780000593
6959,5,48.7,26.516140695460095,22.183859304539908
6960,5,46.77,32.07185484391574,14.698145156084266
6961,5,47.840001,35.10962722354649,12.730373776453511
6962,5,16.936957,33.16847614506368,16.23151914506368
6963,5,20.511111,33.552202728302674,13.041091728302675
6964,5,14.234884,22.51286655642221,8.277982556422211
6965,5,8.248352,26.42026833295544,18.17191633295544
6966,1,17.450769,19.185352403087737,1.7345834030877363
6967,1,20.051724,26.106731629643352,6.055007629643352
6968,1,18.394,22.21826587462598,3.8242658746259828
6969,1,3.572857,26.128090825545595,22.555233825545596
6970,1,2.107143,22.111742107098955,20.004599107098954
6971,1,11.725581,22.70367162224234,10.97809062224234
6972,1,7.678125,25.45492799914149,17.776802999141488
6973,1,6.535938,18.71239754635769,12.17645954635769
6974,1,1.750459,27.024736488836126,25.274277488836127
6975,1,8.65,29.422795583009584,20.772795583009582
6976,1,2.05303,28.24097225233945,26.18794225233945
6977,1,13.451515,29.849606483813496,16.398091483813495
6978,1,14.877143,26.32791484949929,11.45077184949929
6979,1,4.101538,30.547496997363048,26.44595899736305
6980,1,3.765116,28.723263889135758,24.95814788913576
6981,4,2.53253,17.918642751513815,15.386112751513815
6982,4,1.429493,18.75257890814779,17.32308590814779
6983,4,6.095918,19.981981371668162,13.886063371668161
6984,4,2.971591,21.91100328316492,18.93941228316492
6985,4,7.075,17.92347695522206,10.848476955222061
6986,4,21.025,18.82371607660442,2.2012839233955788
6987,4,22.757143,21.030469971433316,1.7266730285666831
6988,4,23.06,25.331921447992087,2.2719214479920886
6989,4,25.461538,27.32555391310257,1.8640159131025698
6990,4,23.45,26.691304068783904,3.2413040687839043
6991,4,25.673077,23.325000396072003,2.3480766039279963
6992,4,23.158333,30.14333995002412,6.985006950024122
6993,4,24.9,30.699127517555976,5.799127517555977
6994,4,27.888235,26.068518530434154,1.8197164695658472
6995,4,24.213513,28.007917928683174,3.794404928683175
6996,4,25.457143,41.19616378530726,15.739020785307265
6997,4,23.782609,27.054324558185186,3.2717155581851856
6998,4,24.786667,27.765334855421973,2.978667855421971
6999,2,22.885714,31.488926328167004,8.603212328167004
7000,2,25.996154,34.6086318958046,8.612477895804599
7001,2,24.486207,31.412099756086942,6.925892756086942
7002,2,22.04,32.04637716316844,10.006377163168438
7003,2,24.862963,30.730319768975498,5.8673567689754975
7004,2,28.975,25.131635093669615,3.843364906330386
7005,2,26.575,31.519473401036997,4.944473401036998
7006,2,25.632,35.08604905523731,9.45404905523731
7007,2,26.54375,35.64539240385302,9.101642403853024
7008,2,26.593333,33.620818572163316,7.0274855721633145
7009,2,24.8,31.576174288289995,6.776174288289994
7010,2,32.235714,33.725426499967064,1.4897124999670623
7011,2,32.88,34.8981110029352,2.0181110029352
7012,2,32.831579,46.89383254033677,14.06225354033677
7013,2,32.766667,42.16334051811192,9.396673518111925
7014,2,32.306667,48.7699973824499,16.463330382449904
7015,2,27.840909,41.3539004178075,13.512991417807502
7016,2,20.86875,37.46893378519916,16.600183785199164
7017,1,26.754839,41.82804600364738,15.07320700364738
7018,1,22.80625,33.82567912271417,11.019429122714172
7019,1,21.0,24.101907561709314,3.1019075617093144
7020,1,22.582758,35.23862703542993,12.65586903542993
7021,1,24.9,23.85359932906148,1.0464006709385174
7022,4,29.783333,44.45649192048103,14.673158920481029
7023,4,25.03,44.541696010854004,19.511696010854003
7024,4,30.5,46.63836776828054,16.13836776828054
7025,4,31.1,27.69762378669897,3.4023762133010322
7026,4,30.55,45.57654266906055,15.02654266906055
7027,1,29.58,33.09838719828077,3.51838719828077
7028,1,31.799999,30.949846694456728,0.850152305543272
7029,1,30.0,39.77857249477163,9.77857249477163
7030,1,29.6,34.4071377136494,4.8071377136493965
7031,1,27.157143,36.426875438559414,9.269732438559412
7032,1,28.695454,34.462196540552725,5.766742540552723
7033,1,29.571429,40.905772569873115,11.334343569873116
7034,3,29.89375,27.797623249778873,2.096126750221128
7035,3,30.105263,22.926120296390668,7.179142703609333
7036,3,29.16087,28.002327096486635,1.1585429035133643
7037,3,27.127273,29.775107444835644,2.6478344448356452
7038,3,29.342857,32.730893417237546,3.3880364172375472
7039,3,33.0,32.29678922031368,0.703210779686323
7040,3,33.086842,24.839285965604773,8.247556034395224
7041,3,33.200001,35.833496059382774,2.633495059382774
7042,3,29.82,28.68799427829045,1.1320057217095503
7043,3,31.1,33.43995944682394,2.33995944682394
7044,3,30.442857,26.228710530923365,4.214146469076635
7045,2,28.472,30.015917845757322,1.5439178457573206
7046,2,29.717647,33.7089721435865,3.9913251435865007
7047,2,31.34,25.671913717919274,5.668086282080726
7048,2,30.0,25.21521664439298,4.7847833556070185
7049,2,29.348718,48.07867634183934,18.72995834183934
7050,2,28.444444,40.45004582455593,12.005601824555928
7051,2,30.99,30.816742078416386,0.17325792158361253
7052,2,26.866667,30.17706601866211,3.3103990186621104
7053,2,24.888889,28.856480072301192,3.967591072301193
7054,2,24.527778,39.153482848884906,14.625704848884904
7055,2,26.0,29.48071577520539,3.4807157752053897
7056,2,23.933333,26.42268387624035,2.489350876240348
7057,2,25.44,31.757134402879974,6.317134402879972
7058,2,25.77,30.951375168046177,5.181375168046177
7059,2,25.14,34.92249036969786,9.782490369697861
7060,2,27.700001,32.41640764855386,4.716406648553857
7061,2,3.327119,28.407246490886198,25.0801274908862
7062,2,1.547143,40.87008554632454,39.32294254632454
7063,2,3.158571,26.62591611492065,23.46734511492065
7064,2,4.958333,22.693381822341795,17.735048822341795
7065,2,3.156198,28.101720620184558,24.94552262018456
7066,2,3.747328,23.198331480826408,19.451003480826408
7067,4,38.376471,31.40653233613748,6.969938663862521
7068,4,34.519445,27.360619542787546,7.158825457212451
7069,4,35.867391,33.15241370692409,2.7149772930759113
7070,4,41.12,26.942932692772114,14.177067307227883
7071,4,40.95,28.018415858433436,12.931584141566567
7072,4,31.211765,40.127238514419574,8.915473514419574
7073,4,37.730769,41.108767296063576,3.3779982960635735
7074,4,32.819445,27.340582000189304,5.478862999810698
7075,4,41.099998,39.76879695181244,1.331201048187559
7076,1,41.099998,29.10380396273589,11.996194037264111
7077,1,31.377,44.620487107799015,13.243487107799016
7078,1,39.210811,43.88431370390793,4.673502703907928
7079,1,39.9,21.05722021599506,18.84277978400494
7080,1,29.344776,32.568468701628646,3.2236927016286465
7081,1,34.052326,38.35887345472022,4.306547454720217
7082,2,41.666665,27.835118582548553,13.831546417451449
7083,2,33.01579,25.16524620693419,7.850543793065814
7084,2,28.62931,44.78136491950161,16.152054919501612
7085,2,19.844498,31.259373126585256,11.414875126585255
7086,2,32.261111,29.66024744818663,2.6008635518133687
7087,2,20.807762,20.163233900592413,0.6445280994075873
7088,2,12.997561,27.54107526434327,14.54351426434327
7089,2,16.453658,18.929617484551546,2.475959484551545
7090,2,19.5875,22.337345694310894,2.7498456943108955
7091,2,14.504196,23.874627276371612,9.370431276371612
7092,2,26.86,27.449500547718007,0.5895005477180071
7093,2,26.413333,29.749918191889318,3.3365851918893163
7094,2,26.658334,38.15550588678636,11.497171886786358
7095,2,26.17,41.96825158295948,15.79825158295948
7096,2,29.9,32.08076961585804,2.18076961585804
7097,2,22.644444,36.84870774981546,14.20426374981546
7098,2,16.433333,29.24923374107664,12.81590074107664
7099,2,14.54,27.578640448319632,13.038640448319633
7100,3,13.928571,36.72957212599313,22.801001125993132
7101,3,16.975,23.117731655086747,6.142731655086745
7102,3,24.157576,30.219725354667563,6.062149354667564
7103,5,15.85,27.715213440342648,11.865213440342648
7104,5,9.857447,28.229121798172784,18.371674798172783
7105,5,8.127869,24.782972889649002,16.655103889649002
7106,5,12.019424,28.832341431065387,16.812917431065387
7107,2,10.160802,28.13093297838612,17.97013097838612
7108,2,8.839832,23.91386832747849,15.07403632747849
7109,2,11.981609,23.34945106429893,11.367842064298928
7110,2,12.217886,29.401150544268063,17.183264544268063
7111,2,59.216667,21.475199373269486,37.74146762673051
7112,2,60.05,23.675731279342887,36.37426872065711
7113,3,64.366666,40.29019895484517,24.07646704515483
7114,3,61.55,41.909978698300215,19.640021301699782
7115,3,60.466666,39.78098602506257,20.68567997493743
7116,3,60.0,40.19289196733916,19.807108032660842
7117,3,65.0,40.52025344337881,24.479746556621187
7118,3,60.099999,43.69703012563915,16.402968874360845
7119,3,59.18,41.231533531900574,17.948466468099426
7120,3,60.866667,46.69604219563877,14.170624804361232
7121,5,60.275001,45.77855799061109,14.496443009388912
7122,5,57.200001,42.63927882975167,14.560722170248333
7123,5,58.049999,39.37105182032378,18.67894717967622
7124,5,40.913333,42.584187443743275,1.6708544437432735
7125,5,58.475,49.84461985743115,8.630380142568853
7126,4,51.988235,32.898835382468015,19.08939961753199
7127,4,63.89,45.52901342267782,18.36098657732218
7128,4,30.895455,44.96581060395324,14.070355603953239
7129,4,26.733333,43.02014626897892,16.28681326897892
7130,4,36.48,31.47917747908631,5.000822520913687
7131,4,22.110526,29.396534894662686,7.286008894662686
7132,4,21.05,34.88252132718697,13.83252132718697
7133,4,26.345454,26.751049779089186,0.405595779089186
7134,4,24.856667,36.99768895725515,12.141021957255148
7135,4,20.706452,34.8625958368478,14.156143836847804
7136,4,26.851724,31.5646808898853,4.712956889885298
7137,4,31.77931,32.31397780736442,0.5346678073644178
7138,4,23.163636,33.44625707708341,10.282621077083409
7139,4,37.200001,31.53852009443239,5.661480905567611
7140,4,22.621951,33.58682289988647,10.964871899886472
7141,4,28.6,39.236682414300176,10.636682414300175
7142,4,26.642857,27.74622063392534,1.1033636339253405
7143,2,41.950001,27.693364680178913,14.256636319821087
7144,2,24.575862,25.95521161841869,1.37934961841869
7145,2,25.944444,38.704244302725186,12.759800302725186
7146,2,35.5,21.30094714764015,14.199052852359848
7147,2,37.06,27.886095017775695,9.173904982224308
7148,2,35.883334,39.91881359027591,4.035479590275912
7149,2,52.82,34.71987677911596,18.100123220884043
7150,2,58.727273,37.293326642796806,21.43394635720319
7151,2,54.427778,40.85046434527271,13.577313654727291
7152,2,54.975,38.46012685991404,16.51487314008596
7153,2,52.991666,34.01974910416862,18.971916895831384
7154,3,59.1,39.767090588514456,19.332909411485545
7155,3,54.98,43.49009704584861,11.48990295415139
7156,3,58.825,42.926080063149975,15.898919936850028
7157,3,56.96,36.82923929068652,20.130760709313478
7158,3,55.459937,43.84506659989752,11.614870400102475
7159,3,93.533333,40.83860132890614,52.69473167109386
7160,3,18.529227,21.389548104269593,2.8603211042695946
7161,3,84.114789,45.117061449880474,38.99772755011953
7162,3,56.143478,16.211337131059175,39.93214086894083
7163,3,81.996169,29.711004507127008,52.28516449287299
7164,3,48.883375,22.71310769585772,26.170267304142282
7165,2,62.994416,25.160004216473055,37.834411783526946
7166,2,45.900002,19.79274118652046,26.10726081347954
7167,2,43.641667,21.740959916751976,21.900707083248022
7168,2,40.347059,35.91983732014427,4.427221679855734
7169,2,42.009091,30.466164516376658,11.54292648362334
7170,2,40.490909,32.659303950089736,7.831605049910266
7171,2,42.247619,39.23985639774041,3.0077626022595894
7172,2,45.900002,34.13668113805796,11.763320861942042
7173,2,44.1,30.103406707299612,13.996593292700389
7174,2,46.299999,39.06534178643966,7.2346572135603395
7175,2,24.6125,33.4340609198791,8.8215609198791
7176,2,24.632,37.861916873083295,13.229916873083294
7177,2,23.313043,25.837471221912253,2.5244282219122525
7178,2,24.586111,35.217681140047254,10.631570140047256
7179,2,23.2875,29.536188682984385,6.248688682984383
7180,2,24.512195,25.862169796664165,1.349974796664167
7181,2,24.123809,34.0432953764277,9.919486376427699
7182,1,25.991666,30.80805830386483,4.816392303864831
7183,1,23.108572,22.98469822190555,0.123873778094449
7184,1,23.721429,22.185389176560328,1.5360398234396726
7185,1,26.539394,24.00461898863552,2.5347750113644807
7186,1,23.963889,26.217744416322883,2.2538554163228817
7187,1,24.528572,22.959218089917247,1.5693539100827536
7188,1,24.815789,24.056499356476714,0.7592896435232852
7189,1,23.044827,24.898330511622763,1.8535035116227618
7190,1,23.7,27.45787601729862,3.7578760172986208
7191,2,21.663637,24.693629827221248,3.029992827221246
7192,2,59.13,37.50971562136748,21.620284378632526
7193,2,55.749999,23.903953203164107,31.846045796835895
7194,2,20.505455,33.189985123591704,12.684530123591703
7195,2,19.545122,36.86777223469981,17.322650234699807
7196,2,21.695,28.414423489766207,6.719423489766207
7197,2,27.831818,27.03546691396098,0.7963510860390173
7198,2,30.576923,42.17477658098245,11.597853580982452
7199,2,27.241379,29.799056849798873,2.557677849798875
7200,2,30.346667,38.50986664641825,8.163199646418253
7201,2,13.768889,26.558277358735005,12.789388358735005
7202,3,21.690909,26.02607547611137,4.335166476111368
7203,3,15.190674,22.99104323170878,7.80036923170878
7204,3,15.12,21.834989542256668,6.714989542256669
7205,3,19.466355,12.759367527620892,6.706987472379108
7206,3,14.833971,24.699624614243753,9.865653614243753
7207,3,64.771429,14.00733526473542,50.76409373526458
7208,1,52.5125,19.29516662491144,33.21733337508856
7209,1,55.727272,48.45617136476371,7.271100635236287
7210,5,56.9,48.940482254377244,7.959517745622755
7211,5,53.372727,46.19965736127295,7.17306963872705
7212,5,63.7,40.38524266600726,23.314757333992745
7213,2,57.453847,46.89086155373938,10.562985446260626
7214,2,56.08,36.08897934640796,19.991020653592038
7215,2,55.8,39.22316914257114,16.57683085742886
7216,2,54.922223,39.426160524333206,15.496062475666797
7217,3,56.02,36.085137372779826,19.934862627220177
7218,3,34.116666,43.8780888262656,9.761422826265601
7219,3,36.458824,44.1849182950738,7.7260942950738
7220,3,36.556,30.054236541010056,6.501763458989942
7221,3,39.1,39.018771940986554,0.08122805901344776
7222,3,38.385,47.033878383506355,8.648878383506357
7223,1,37.699999,34.728949340985885,2.9710496590141133
7224,1,36.042858,33.44485649761888,2.5980015023811234
7225,1,41.950001,37.179484043610834,4.770516956389166
7226,1,41.099998,36.557168646689256,4.542829353310744
7227,1,40.300001,36.64556961109071,3.6544313889092948
7228,1,32.107692,35.71919902013032,3.6115070201303183
7229,1,25.95,34.82023162217605,8.870231622176053
7230,1,39.018181,39.46662328461034,0.4484422846103442
7231,1,25.62353,27.223008344053405,1.5994783440534057
7232,1,23.742424,25.44164999335658,1.6992259933565812
7233,1,34.354838,26.230475487384282,8.124362512615718
7234,3,21.952941,38.56024356542764,16.60730256542764
7235,3,30.053571,27.327175755265017,2.7263952447349844
7236,3,25.847619,34.309732209202565,8.462113209202563
7237,3,22.316667,27.123523099786667,4.806856099786668
7238,3,31.84,31.249283471828694,0.5907165281713063
7239,3,22.825926,36.31844183280256,13.492515832802564
7240,3,32.328572,24.37193065314081,7.95664134685919
7241,3,21.44,31.219960371346378,9.779960371346377
7242,3,26.956757,26.074539775498824,0.8822172245011757
7243,3,31.05,27.44258932199741,3.6074106780025907
7244,3,26.341935,30.22140077285843,3.879465772858431
7245,3,31.408333,48.14165730587757,16.733324305877574
7246,3,32.806896,33.09045478336529,0.2835587833652866
7247,3,31.32,46.402316718397195,15.082316718397195
7248,3,23.114,46.87050447479553,23.75650447479553
7249,3,29.314286,42.09544929926163,12.781163299261632
7250,3,36.699999,42.11681187875929,5.416812878759295
7251,3,13.361482,41.03800102287557,27.676519022875567
7252,3,18.769159,38.99333233569137,20.224173335691372
7253,3,15.006684,23.854598632646287,8.847914632646287
7254,3,13.231825,29.276328317501285,16.044503317501285
7255,3,15.670485,26.442604107364048,10.772119107364048
7256,3,14.545802,23.20459004013618,8.658788040136178
7257,3,21.021052,21.869455207160353,0.8484032071603522
7258,3,16.5375,27.464251822188483,10.926751822188482
7259,4,15.040945,46.68239049498202,31.641445494982023
7260,4,13.635294,47.821810340530654,34.18651634053065
7261,4,13.850209,36.6580478711541,22.807838871154104
7262,4,14.788081,37.57308486725218,22.78500386725218
7263,4,12.937313,32.783032175136334,19.845719175136335
7264,4,27.408571,30.693551574970133,3.2849805749701346
7265,4,35.155555,31.774843870043014,3.3807111299569854
7266,4,42.199999,31.966928913839066,10.233070086160932
7267,4,32.24,43.30943757608976,11.069437576089761
7268,2,30.810345,48.98129167071338,18.17094667071338
7269,2,34.533334,34.05416315463826,0.47917084536174315
7270,2,26.706667,47.18631609311729,20.479649093117292
7271,2,34.586667,34.01109927193773,0.5755677280622677
7272,2,36.611112,24.85804743364755,11.75306456635245
7273,2,40.366666,36.644623568936886,3.722042431063116
7274,2,36.383333,37.99702934726359,1.6136963472635912
7275,2,30.322222,37.94727386842199,7.625051868421988
7276,2,31.416667,35.06503846611699,3.6483714661169877
7277,2,29.62,39.845455080514014,10.225455080514013
7278,2,30.545833,40.86727644359337,10.32144344359337
7279,2,30.025,38.911522795409525,8.886522795409526
7280,2,29.628571,35.40291073124159,5.774339731241589
7281,5,29.363158,28.663542382343838,0.6996156176561605
7282,5,27.0,38.12657093237898,11.126570932378982
7283,5,30.014286,29.696896397890974,0.31738960210902434
7284,5,29.468421,32.808979372243684,3.3405583722436845
7285,5,28.17193,31.07878136132947,2.906851361329469
7286,5,28.66129,33.38685932405628,4.725569324056281
7287,3,42.76875,30.96370880294381,11.805041197056187
7288,3,42.89,32.769402099042296,10.120597900957705
7289,3,45.846154,38.72211716364375,7.124036836356247
7290,3,42.658333,34.525084814456456,8.133248185543543
7291,3,41.878571,42.80946991868788,0.9308989186878804
7292,3,45.825,43.41519504211762,2.409804957882386
7293,3,40.084615,41.22477850777619,1.1401635077761938
7294,3,50.450001,46.20742729742196,4.242573702578042
7295,3,55.599998,44.055504294870055,11.544493705129945
7296,3,49.730769,44.257650162868,5.473118837131999
7297,3,45.4,49.87847693000931,4.478476930009315
7298,3,48.47,49.69289035225327,1.2228903522532732
7299,3,49.700001,42.98289182783078,6.7171091721692235
7300,3,48.599998,37.717787681067186,10.882210318932813
7301,3,34.813333,46.53283556101754,11.719502561017542
7302,3,41.164706,47.74020199895146,6.57549599895146
7303,3,39.049999,44.2187152833915,5.168716283391497
7304,2,26.819047,34.35355569435764,7.534508694357637
7305,2,30.305714,34.484588468749585,4.178874468749587
7306,2,35.399999,41.30505559152479,5.90505659152479
7307,2,37.992308,40.64977398167041,2.6574659816704056
7308,2,24.75,29.9006638409728,5.1506638409728005
7309,2,31.409524,35.94110614217111,4.531582142171107
7310,2,32.7,38.92412369986122,6.224123699861217
7311,3,10.364615,44.356811135816734,33.992196135816734
7312,3,24.085715,29.109465569347865,5.023750569347865
7313,3,18.77,44.52181554683683,25.751815546836827
7314,3,13.19697,44.99199047243187,31.795020472431872
7315,3,23.793333,29.521629793597125,5.728296793597124
7316,3,24.06,28.063805608333897,4.003805608333899
7317,3,24.947619,17.152686118334444,7.794932881665556
7318,3,22.200001,14.489257522671092,7.710743477328908
7319,3,21.69,18.37676098557123,3.3132390144287704
7320,3,22.115,33.43513578321192,11.32013578321192
7321,3,23.933333,26.10057884867747,2.1672458486774673
7322,3,37.028572,28.759500212065912,8.269071787934084
7323,3,42.549999,22.896301417140375,19.653697582859625
7324,3,33.948276,26.101510321057756,7.846765678942244
7325,3,24.772,28.186084840852004,3.4140848408520057
7326,3,23.807692,39.1734573321546,15.365765332154599
7327,3,20.97,39.95263590155437,18.982635901554374
7328,3,22.99,45.12484436461471,22.13484436461471
7329,3,23.133333,34.3590367085749,11.225703708574898
7330,3,27.799999,36.228267719614074,8.428268719614074
7331,5,27.0,27.499910143333135,0.49991014333313544
7332,5,25.171429,38.19448797071659,13.023058970716587
7333,5,22.84537,35.08868373432105,12.243313734321053
7334,5,26.8275,25.911478059189324,0.9160219408106762
7335,2,27.3,37.19094476703792,9.890944767037919
7336,2,25.866667,27.75637484077492,1.8897078407749213
7337,2,26.64,30.49120278837628,3.8512027883762805
7338,2,25.885526,23.72782262866511,2.1577033713348897
7339,2,28.3,31.769453654530412,3.4694536545304118
7340,2,30.61,28.19198532606293,2.418014673937069
7341,2,29.936364,22.759426244363212,7.176937755636789
7342,3,33.58,32.87870470435959,0.7012952956404064
7343,3,23.338462,28.039309629445604,4.7008476294456045
7344,3,27.85,29.709587830165862,1.8595878301658608
7345,3,24.514815,24.36751469068208,0.14730030931792015
7346,3,27.526087,26.73980568766861,0.7862813123313899
7347,3,26.882353,21.945174518550598,4.937178481449401
7348,3,31.816666,31.681210978114564,0.1354550218854378
7349,3,32.39,22.739635628986488,9.650364371013513
7350,3,27.142308,26.571892222099972,0.5704157779000276
7351,3,27.947369,29.60257454470148,1.6552055447014808
7352,3,36.3,23.770123871521967,12.52987612847803
7353,3,33.6875,27.565223025493278,6.122276974506722
7354,3,28.9,20.750929674918392,8.149070325081606
7355,3,32.833333,25.465445943549835,7.367887056450169
7356,3,30.762791,40.80388420260371,10.041093202603712
7357,3,30.836538,39.103784514836114,8.267246514836113
7358,3,31.059259,37.727061015611746,6.667802015611745
7359,4,26.638571,38.82739836229171,12.188827362291711
7360,4,27.231944,23.162485517870152,4.069458482129846
7361,4,48.436364,21.829753831204687,26.60661016879531
7362,4,56.050001,27.10821453723575,28.941786462764252
7363,4,55.916666,34.11023516171902,21.80643083828098
7364,4,43.607693,22.41854163461104,21.18915136538896
7365,4,49.849998,43.01750436812622,6.832493631873781
7366,4,54.6875,32.940915274302704,21.746584725697296
7367,4,54.781818,40.74035665442871,14.041461345571292
7368,4,47.400002,36.158389429765286,11.241612570234714
7369,4,56.4,37.97571094927445,18.424289050725548
7370,4,50.041176,40.033327115877974,10.007848884122026
7371,4,58.781818,35.62674874441208,23.155069255587918
7372,1,64.15,44.106790437301726,20.04320956269828
7373,1,60.6625,47.11305142879054,13.54944857120946
7374,1,55.442857,41.8837391850564,13.559117814943598
7375,1,56.888889,44.97045527856053,11.91843372143947
7376,1,61.144444,39.39386369687307,21.75058030312693
7377,1,62.85,42.659614273516986,20.190385726483015
7378,1,52.366667,44.27572676318995,8.090940236810049
7379,1,55.45,43.074259880109366,12.375740119890636
7380,1,56.736363,40.4258649166341,16.3104980833659
7381,4,50.72,41.617209841202715,9.102790158797283
7382,4,39.6,44.95168550008069,5.351685500080691
7383,4,39.171428,36.44747342586662,2.72395457413338
7384,4,35.82,40.65399063060512,4.833990630605122
7385,4,36.071427,44.73701065259455,8.665583652594549
7386,4,35.15,39.708095236679966,4.558095236679968
7387,4,38.3875,28.737815958599032,9.64968404140097
7388,4,20.793333,43.009156088106245,22.215823088106244
7389,4,22.260204,43.582361405909104,21.322157405909103
7390,4,27.036842,42.9531532063115,15.916311206311498
7391,4,24.86,41.83539786869517,16.97539786869517
7392,4,20.343421,36.418715282635524,16.075294282635525
7393,4,26.6,34.256761636373795,7.656761636373794
7394,4,26.124138,41.88409604340307,15.75995804340307
7395,4,29.708163,38.28274269707765,8.574579697077652
7396,4,27.25,28.99871243614513,1.74871243614513
7397,4,28.8,37.77303440932515,8.973034409325148
7398,4,30.6,23.740172251152718,6.859827748847284
7399,4,29.314286,28.454087080844108,0.8601989191558914
7400,4,30.05,30.60482099215902,0.5548209921590193
7401,4,26.046429,36.70088451371669,10.654455513716687
7402,4,28.62,26.360797386601696,2.2592026133983047
7403,4,58.78,33.579655656311274,25.200344343688727
7404,4,50.97,38.47115242537409,12.498847574625906
7405,4,58.400002,35.73085752605171,22.669144473948293
7406,4,59.64,33.731183801200565,25.908816198799435
7407,4,58.74,34.82184375949284,23.91815624050716
7408,3,60.616667,47.819881831331855,12.796785168668144
7409,3,58.625,50.19537044377634,8.42962955622366
7410,3,56.287499,48.70829451610052,7.579204483899474
7411,3,54.099998,51.166637883716895,2.9333601162831044
7412,3,21.891667,46.23723854228383,24.34557154228383
7413,3,29.483333,48.10984912301396,18.62651612301396
7414,3,25.675,46.79926793540142,21.124267935401416
7415,3,24.125,38.08377412517615,13.958774125176149
7416,3,29.0,48.185545240737994,19.185545240737994
7417,3,24.486207,42.19311986760166,17.70691286760166
7418,4,22.010417,33.209028771062236,11.198611771062236
7419,4,25.282353,27.51251957040552,2.230166570405519
7420,4,27.96,28.950195904301246,0.9901959043012454
7421,4,30.514286,22.84334462085102,7.670941379148978
7422,4,22.163636,26.801711623726753,4.638075623726753
7423,4,28.116667,28.869275308168188,0.7526083081681882
7424,4,24.092857,33.074088094636984,8.981231094636986
7425,1,29.815384,29.97354173154664,0.1581577315466376
7426,3,26.511111,36.951275113213356,10.440164113213356
7427,1,36.847369,26.41917352397445,10.42819547602555
7428,1,37.279311,40.18690117755006,2.9075901775500625
7429,1,38.909375,30.48954685391546,8.419828146084537
7430,1,43.224999,37.98547973992225,5.239519260077749
7431,1,34.870833,31.59839518855997,3.272437811440028
7432,1,49.099998,41.95613418095175,7.143863819048249
7433,1,42.59,42.915047378447305,0.3250473784473016
7434,1,29.482353,27.842177231354363,1.640175768645637
7435,1,39.532,34.78828304986099,4.743716950139003
7436,5,39.21,38.10463747908145,1.105362520918554
7437,5,44.03,26.798656315596446,17.231343684403555
7438,5,29.395455,25.61609067324231,3.779364326757687
7439,5,44.522223,40.46535329416908,4.05686970583092
7440,5,43.245454,39.18597985456689,4.059474145433114
7441,2,44.727273,27.225433173988048,17.50183982601195
7442,2,45.2875,31.176379489235327,14.111120510764675
7443,2,37.469565,33.4963125713788,3.973252428621201
7444,2,41.941666,36.164588589599596,5.777077410400402
7445,2,31.372223,38.65675015157997,7.284527151579969
7446,2,41.725,33.038212950290514,8.686787049709487
7447,2,37.766667,35.25044376217292,2.5162232378270772
7448,2,31.140909,35.13445873755471,3.9935497375547087
7449,2,47.075,40.17174548771378,6.9032545122862246
7450,2,52.5,32.17782331691258,20.32217668308742
7451,5,41.075757,28.510835848589412,12.56492115141059
7452,5,47.895,39.70966770181498,8.185332298185024
7453,5,48.706977,35.04741875086807,13.659558249131933
7454,5,44.886364,31.956080829276218,12.930283170723783
7455,5,46.391667,35.606652154492345,10.785014845507654
7456,5,46.125807,29.392805032604702,16.7330019673953
7457,4,44.809091,41.36910267714092,3.4399883228590795
7458,4,45.249999,39.80646000142862,5.443538998571384
7459,4,46.6,39.64711127985219,6.952888720147811
7460,4,43.200001,39.652386087825626,3.5476149121743745
7461,4,41.245,41.717902932059054,0.472902932059057
7462,4,28.38,42.86560002982025,14.485600029820251
7463,2,26.007143,42.98600947359092,16.97886647359092
7464,2,27.565,35.23281205286047,7.667812052860466
7465,2,31.8625,32.51019934168032,0.647699341680319
7466,2,38.263636,25.8124938597199,12.451142140280098
7467,2,36.083335,25.564012051813467,10.519322948186531
7468,2,36.9,29.643088071300724,7.2569119286992745
7469,2,33.7,42.0739603886544,8.373960388654396
7470,2,33.638462,38.298655308597176,4.660193308597179
7471,2,30.238461,43.2369087663253,12.998447766325299
7472,2,27.478788,29.600211435637142,2.1214234356371406
7473,2,35.050001,27.611358832387477,7.4386421676125245
7474,5,29.133333,31.224766763203384,2.0914337632033835
7475,5,30.822222,30.90761231702258,0.08539031702257915
7476,5,27.381063,41.743221759626955,14.362158759626954
7477,5,35.74375,30.970448697271866,4.773301302728132
7478,5,29.812851,37.21145352386151,7.398602523861509
7479,1,31.008671,24.285760959222127,6.722910040777872
7480,1,23.67242,25.482589444100014,1.8101694441000156
7481,1,28.961538,21.462521684115295,7.499016315884706
7482,1,29.019858,26.092664222738325,2.9271937772616745
7483,1,76.681865,24.546470729105803,52.135394270894196
7484,1,80.15,30.889294008319112,49.260705991680894
7485,1,88.134862,19.59843531822775,68.53642668177224
7486,1,74.166316,27.302043467546437,46.864272532453555
7487,3,65.605714,44.86156891188718,20.744145088112823
7488,3,87.752175,33.969021183244834,53.78315381675516
7489,3,8.94263,27.817053911379684,18.874423911379687
7490,3,28.698976,35.03660182617394,6.337625826173944
7491,2,70.194285,28.49520262778373,41.69908237221627
7492,2,87.127273,29.041591555278597,58.0856814447214
7493,2,79.745454,37.07024631461149,42.67520768538851
7494,2,80.833846,33.7719154425331,47.061930557466894
7495,2,58.799999,36.03905303182117,22.76094596817883
7496,2,57.933333,36.32773895542715,21.605594044572847
7497,2,56.142858,37.70490504540765,18.437952954592348
7498,2,53.772727,40.77388743260315,12.99883956739685
7499,2,54.000001,28.778044015999793,25.221956984000204
7500,2,53.523077,44.47617688840698,9.046900111593018
7501,2,55.046667,34.936762160706714,20.109904839293286
7502,2,24.201111,34.311488195083435,10.110377195083434
7503,3,30.416535,42.12413128747344,11.70759628747344
7504,3,23.727016,40.136074849781245,16.409058849781246
7505,3,49.130061,27.093168056129922,22.036892943870075
7506,3,28.422727,12.966038185568143,15.456688814431855
7507,3,22.022222,10.008951223055206,12.013270776944793
7508,3,23.383333,23.428834589505833,0.045501589505832385
7509,3,20.494118,16.341766632274556,4.152351367725444
7510,5,18.728571,35.257167997372214,16.528596997372215
7511,5,24.314286,41.74692901512748,17.43264301512748
7512,5,21.836364,37.55326163794541,15.716897637945412
7513,5,16.765,34.933977242165184,18.168977242165184
7514,5,21.535294,41.596317299870975,20.061023299870975
7515,5,22.445454,33.832523515915426,11.387069515915424
7516,5,18.970588,28.952288810836222,9.981700810836223
7517,5,22.522222,30.91404384355438,8.391821843554382
7518,5,22.115385,40.93904217472255,18.823657174722552
7519,5,8.966667,29.94267357975827,20.97600657975827
7520,5,5.575,38.808160883602625,33.23316088360262
7521,5,2.098901,37.79287689527286,35.693975895272864
7522,4,4.666667,28.873002382347895,24.206335382347895
7523,4,4.085714,30.176868267020733,26.091154267020734
7524,4,2.560377,39.84653692745531,37.28615992745531
7525,4,3.483871,21.259265284571082,17.77539428457108
7526,4,8.15625,30.71142473360617,22.55517473360617
7527,4,51.740909,24.777598505440263,26.96331049455974
7528,4,32.071428,32.100293975590944,0.02886597559094639
7529,2,28.522727,36.49133578112763,7.968608781127632
7530,1,31.24,41.11386473169225,9.873864731692255
7531,1,32.142857,35.024794135880974,2.8819371358809747
7532,1,28.395,32.265752302737226,3.870752302737227
7533,1,30.7,39.92049939038049,9.220499390380493
7534,2,36.099998,32.81662221725485,3.2833757827451464
7535,2,34.900002,34.32225336648102,0.5777486335189792
7536,2,30.204167,27.87241740743542,2.331749592564581
7537,2,32.35,35.48295770486088,3.1329577048608783
7538,2,29.0,32.82543545321192,3.8254354532119166
7539,2,33.1,37.78059734940275,4.6805973494027455
7540,2,27.442623,38.19668264649893,10.754059646498927
7541,2,28.084848,30.32323661169218,2.23838861169218
7542,2,48.185715,25.959435444547335,22.226279555452667
7543,2,57.9125,26.432071000925085,31.480428999074917
7544,2,47.15,38.91788536655426,8.23211463344574
7545,2,58.7875,38.272022230745605,20.515477769254396
7546,2,50.425,39.097249931053156,11.327750068946841
7547,3,47.22,34.992961316308815,12.227038683691184
7548,3,48.133333,37.11055720180715,11.022775798192853
7549,3,60.554546,35.88720105866977,24.667344941330235
7550,3,47.439999,37.94994225050651,9.49005674949349
7551,3,48.814286,42.320066141351546,6.4942198586484565
7552,3,27.22,41.19305945761511,13.973059457615108
7553,3,33.058333,40.44101186730418,7.382678867304179
7554,3,35.7125,21.37883730260312,14.333662697396878
7555,1,25.92,40.509581882660896,14.589581882660895
7556,3,35.611111,48.968687142749594,13.357576142749593
7557,3,29.1,28.589724532616724,0.510275467383277
7558,3,36.64,42.697352832615856,6.057352832615855
7559,3,38.114286,24.644705657489492,13.469580342510508
7560,3,39.749999,51.53958692715499,11.78958792715499
7561,3,33.584615,49.55476949845488,15.970154498454882
7562,5,37.757143,37.45750937849949,0.29963362150051154
7563,5,13.058333,38.052591144746565,24.994258144746567
7564,5,16.371428,35.38555325074852,19.01412525074852
7565,5,12.698148,39.48776801990684,26.789620019906838
7566,5,14.904348,32.87414922157738,17.969801221577384
7567,5,13.636842,34.52651747762116,20.88967547762116
7568,5,19.031579,35.1629541992693,16.1313751992693
7569,5,23.521429,34.20772455043304,10.68629555043304
7570,3,20.225806,27.77766792081639,7.551861920816393
7571,3,22.266667,31.693663221259367,9.426996221259365
7572,3,18.342105,25.31134490424999,6.969239904249989
7573,3,21.342857,37.263495311453795,15.920638311453796
7574,3,19.709524,26.823096324611225,7.113572324611226
7575,3,21.1375,31.791958657681885,10.654458657681886
7576,3,22.366666,20.226089745736694,2.140576254263305
7577,3,42.825,28.69722451212253,14.127775487877472
7578,3,44.1,35.03891726586893,9.06108273413107
7579,3,46.242857,35.931279829991524,10.311577170008476
7580,4,15.155556,26.46313575966809,11.30757975966809
7581,4,15.933333,38.33559277865132,22.40225977865132
7582,4,24.025,33.86495358639769,9.83995358639769
7583,4,16.446429,27.096592512343836,10.650163512343838
7584,4,15.237778,28.068696407840587,12.830918407840587
7585,4,19.107143,35.664992509342106,16.557849509342105
7586,4,27.552,33.73850040518706,6.186500405187061
7587,4,22.925,42.91256491516986,19.98756491516986
7588,4,17.15,37.49778985054066,20.347789850540664
7589,4,11.04,32.86588331216311,21.825883312163114
7590,4,17.006667,27.35532964065161,10.348662640651611
7591,4,13.853846,30.885559026307565,17.031713026307564
7592,4,15.930769,35.449240711609335,19.518471711609337
7593,4,15.038095,35.02851280752605,19.99041780752605
7594,4,13.10641,30.16005120290485,17.05364120290485
7595,4,19.585,31.407552700042693,11.822552700042692
7596,3,15.35,22.312749321010305,6.962749321010305
7597,3,57.242857,25.702793405668874,31.540063594331126
7598,3,60.514286,29.613869206348927,30.900416793651072
7599,3,54.500001,40.755635364572434,13.744365635427563
7600,3,59.354546,43.64732330009264,15.707222699907362
7601,3,55.166667,39.905466295477524,15.261200704522473
7602,3,62.409999,45.46557113471986,16.94442786528014
7603,3,55.554546,41.59562740729445,13.958918592705551
7604,3,65.061539,43.10071293834319,21.960826061656803
7605,2,42.086666,41.151473897023436,0.9351921029765649
7606,2,31.733334,34.46443384264726,2.731099842647261
7607,2,32.5,46.96021332372779,14.460213323727793
7608,5,35.818518,41.44785063545202,5.629332635452023
7609,5,41.5,42.01927956685302,0.5192795668530223
7610,5,31.685185,42.70352555327677,11.018340553276769
7611,5,32.84,42.31661453198432,9.476614531984318
7612,5,33.833335,46.32937540656694,12.49604040656694
7613,5,3.246753,30.648272809547613,27.401519809547615
7614,5,9.521453,30.500494365719646,20.979041365719645
7615,5,2.041322,39.71546635673255,37.67414435673255
7616,5,7.4675,21.345295524381854,13.877795524381852
7617,5,3.868293,19.7039717659917,15.8356787659917
7618,5,6.62093,26.013633926945612,19.39270392694561
7619,5,10.505498,24.466757479279963,13.961259479279963
7620,5,28.378261,21.216141637677502,7.162119362322496
7621,5,20.790323,23.713100306729043,2.922777306729042
7622,5,26.825,21.172524772035565,5.652475227964434
7623,5,24.086957,33.06543783772591,8.978480837725908
7624,5,26.1,30.036139338579947,3.9361393385799452
7625,1,23.810714,24.573813257106536,0.7630992571065356
7626,1,22.393548,24.691551955738987,2.298003955738988
7627,1,28.021739,28.442235538478634,0.4204965384786341
7628,1,39.711764,24.01624646009187,15.695517539908131
7629,1,31.72,26.13171811857241,5.588281881427587
7630,1,42.257143,26.47125989789366,15.78588310210634
7631,1,40.833333,29.152923703528426,11.680409296471577
7632,1,41.56,24.635288177856562,16.92471182214344
7633,5,51.307142,40.749610552311744,10.557531447688255
7634,5,56.199999,42.41876771087357,13.781231289126431
7635,5,45.075,33.54087983247401,11.534120167525991
7636,5,31.81875,34.65991349657755,2.8411634965775505
7637,5,31.946667,39.54558275003061,7.59891575003061
7638,5,58.3,30.443092120149995,27.856907879850002
7639,5,58.03,31.934092314615143,26.09590768538486
7640,4,38.595238,29.508792794188217,9.086445205811785
7641,4,48.892857,47.199911454701855,1.6929455452981443
7642,4,40.646154,47.82804829267984,7.181894292679836
7643,4,32.375,31.55458546859549,0.8204145314045093
7644,4,30.706667,40.45037869289236,9.743711692892358
7645,4,29.128572,40.8139026558443,11.685330655844304
7646,4,31.366667,35.2451986899875,3.878531689987497
7647,4,27.1,28.37390854288551,1.2739085428855077
7648,4,32.299999,27.837496036645714,4.462502963354286
7649,4,28.005556,29.801371349621004,1.7958153496210052
7650,4,58.852631,38.79601053755733,20.056620462442673
7651,4,53.383334,35.57067608356312,17.812657916436876
7652,4,53.3375,44.55078473619591,8.78671526380409
7653,4,56.7,42.226975465611005,14.473024534388998
7654,4,47.4375,43.77746345155885,3.6600365484411483
7655,4,54.875,41.75236692490223,13.122633075097767
7656,4,44.482353,43.08816768934405,1.3941853106559563
7657,4,48.416667,43.30246235065172,5.114204649348274
7658,4,49.693333,42.70351810564353,6.989814894356471
7659,2,43.06,27.919567618541155,15.140432381458847
7660,2,53.684616,37.161290324539316,16.523325675460683
7661,2,47.09375,28.86299319306357,18.23075680693643
7662,2,34.900002,30.309301190192343,4.590700809807657
7663,2,35.700001,34.15435250792502,1.5456484920749816
7664,2,31.38421,31.91095622711377,0.5267462271137688
7665,2,31.266667,40.54171515285606,9.275048152856055
7666,2,35.599998,37.10536362168906,1.5053656216890587
7667,2,31.206667,35.778756879863415,4.572089879863416
7668,2,27.7,35.089138789776335,7.389138789776336
7669,2,26.419048,38.36150089014018,11.942452890140178
7670,2,28.656522,33.85897419600619,5.202452196006188
7671,2,34.099998,28.651805309653092,5.448192690346907
7672,2,41.681081,28.840505238043843,12.840575761956156
7673,2,23.16,39.950618362764324,16.790618362764324
7674,2,36.788889,37.90558340790961,1.1166944079096126
7675,2,23.833333,26.122321668481842,2.288988668481842
7676,4,44.048148,17.455634763905827,26.59251323609417
7677,4,32.785,32.54815571426809,0.2368442857319053
7678,4,35.111765,27.63745710538384,7.474307894616157
7679,4,22.727778,29.0105168667261,6.282738866726099
7680,4,20.936842,34.664066895488844,13.727224895488845
7681,1,24.369697,33.56266640668247,9.192969406682469
7682,1,23.975,26.253795245726348,2.2787952457263465
7683,1,22.068965,30.966709815409338,8.89774481540934
7684,1,21.516,33.34149499617083,11.825494996170832
7685,1,22.177273,32.1749017968695,9.997628796869499
7686,1,22.013043,25.456191165171663,3.4431481651716638
7687,1,21.625,25.230163957279395,3.6051639572793945
7688,1,22.31,25.473651341808065,3.163651341808066
7689,1,21.433333,22.421290037781677,0.9879570377816762
7690,1,22.111111,36.030463166057906,13.919352166057905
7691,1,22.036,21.47180060783634,0.5641993921636619
7692,1,18.837037,26.7601352718879,7.923098271887902
7693,1,21.673809,36.08002631256946,14.40621731256946
7694,1,21.492308,31.595760846124897,10.103452846124895
7695,1,20.359184,20.850101225789384,0.490917225789385
7696,1,19.620455,18.221448698253482,1.3990063017465175
7697,1,20.794444,29.551881828723985,8.757437828723987
7698,1,20.0625,23.95990551101044,3.89740551101044
7699,1,38.4,24.989812499312183,13.410187500687815
7700,1,34.452632,25.86264483988371,8.58998716011629
7701,1,36.600001,29.079986521522482,7.520014478477517
7702,1,37.464706,43.34786444953182,5.88315844953182
7703,4,28.571429,44.35846228881615,15.78703328881615
7704,4,46.930769,42.01100756414205,4.91976143585795
7705,4,34.205,41.70064646689244,7.495646466892438
7706,4,33.292308,30.464697146663937,2.8276108533360613
7707,3,30.621429,42.9581323405119,12.336703340511903
7708,4,31.596774,38.607278232760166,7.010504232760166
7709,4,32.073333,26.545015692527,5.528317307472999
7710,4,30.722222,29.33771107222542,1.3845109277745777
7711,4,48.416667,32.64155647585486,15.775110524145134
7712,4,43.35,44.21339439125891,0.8633943912589075
7713,4,29.145454,32.41449477766573,3.2690407776657295
7714,3,30.033333,46.02527071404281,15.991937714042813
7715,3,28.1,37.26082252359609,9.160822523596089
7716,3,33.7,25.190588694237693,8.50941130576231
7717,3,55.522222,25.016267741614747,30.505954258385252
7718,3,36.585714,22.388453652755445,14.197260347244558
7719,3,46.763636,22.770921312023837,23.99271468797616
7720,3,49.022222,42.767858852966796,6.254363147033203
7721,2,41.973333,30.230717184639452,11.742615815360544
7722,2,53.014285,42.29209279517222,10.722192204827778
7723,2,29.803333,31.694254405554155,1.890921405554156
7724,2,24.6375,28.08903831251317,3.451538312513172
7725,2,45.333333,25.76911264439432,19.564220355605684
7726,2,39.62,27.21932164483797,12.400678355162029
7727,2,43.40625,27.11710553049784,16.28914446950216
7728,2,44.049999,33.34927103114703,10.700727968852966
7729,2,22.264706,25.27781767401958,3.01311167401958
7730,5,24.117241,39.01401975308311,14.896778753083112
7731,5,25.245455,40.11091309681807,14.865458096818067
7732,5,25.566666,37.99920829901149,12.43254229901149
7733,5,24.578571,30.95035637960711,6.371785379607111
7734,3,22.495454,37.5010445732137,15.005590573213698
7735,3,23.4125,43.5981790997447,20.185679099744696
7736,3,21.977777,29.892259299782292,7.914482299782293
7737,3,22.833333,28.917841776359573,6.0845087763595735
7738,3,22.252174,38.2461857388284,15.994011738828402
7739,3,21.791667,36.66002194609758,14.868354946097579
7740,3,23.175,39.310860746161076,16.135860746161075
7741,3,23.147368,33.756412568058856,10.609044568058856
7742,3,33.439999,30.21157753570805,3.2284214642919515
7743,3,35.05,27.885353628654165,7.164646371345832
7744,3,28.6375,35.43117721385114,6.793677213851144
7745,3,34.38,35.97057626698618,1.5905762669861758
7746,3,35.175,37.14891679316727,1.9739167931672696
7747,2,34.033333,26.241422236163658,7.791910763836341
7748,2,33.39091,35.198003763587224,1.8070937635872255
7749,2,25.071429,37.55092334089456,12.479494340894565
7750,2,36.974999,32.83614346248293,4.138855537517067
7751,2,28.075,35.86088024371796,7.785880243717958
7752,2,22.527273,23.30519283998468,0.7779198399846798
7753,2,30.730769,30.687876075064906,0.042892924935092225
7754,2,30.707143,37.10910587852349,6.401962878523495
7755,2,32.79,25.274926227129978,7.515073772870021
7756,2,29.746667,35.19633426722634,5.449667267226342
7757,5,27.985714,27.94430430794255,0.04140969205745293
7758,5,20.772152,40.19586223580626,19.42371023580626
7759,5,28.09375,30.74557164975638,2.6518216497563785
7760,5,27.909756,35.53858292687493,7.628826926874929
7761,3,23.826667,15.750479630914342,8.076187369085659
7762,3,25.7775,17.55578703784781,8.22171296215219
7763,3,22.48,17.71283980390347,4.76716019609653
7764,3,1.451429,15.1764179238641,13.7249889238641
7765,3,1.143158,22.581345065838956,21.438187065838957
7766,2,1.396498,27.97451032213765,26.57801232213765
7767,2,1.215315,26.782405949818262,25.56709094981826
7768,2,1.367213,23.743879763532384,22.376666763532384
7769,2,1.432468,25.672113770302555,24.239645770302555
7770,2,2.080055,17.660782414263974,15.580727414263974
7771,2,1.052874,25.402537447153573,24.349663447153574
7772,2,1.234025,19.47726652037432,18.243241520374323
7773,2,1.3,22.782477736719,21.482477736718998
7774,1,28.214286,23.435649626348322,4.778636373651679
7775,1,36.799999,21.709814836221067,15.090184163778932
7776,1,29.758823,18.628623689171853,11.130199310828147
7777,1,33.8,26.16340277569076,7.636597224309238
7778,1,30.799999,38.602236449097276,7.802237449097277
7779,1,29.15,33.316065983902085,4.166065983902087
7780,3,33.405263,53.51517091823624,20.10990791823624
7781,3,34.442857,46.44089405318837,11.998037053188376
7782,3,33.541667,45.409257061778234,11.867590061778237
7783,3,32.575,45.313285967300146,12.738285967300143
7784,3,32.753846,48.318308258589674,15.564462258589671
7785,3,35.500001,50.04118408397184,14.541183083971845
7786,3,33.66,32.19403868043198,1.4659613195680166
7787,3,29.641177,37.336889371038666,7.695712371038667
7788,3,30.646666,45.94378744125558,15.29712144125558
7789,5,30.163158,38.16851664894257,8.005358648942572
7790,5,42.800001,32.294735643431146,10.505265356568856
7791,5,43.577777,31.358283362475916,12.219493637524081
7792,5,42.223529,26.42581299856816,15.79771600143184
7793,5,41.446666,43.21758573996876,1.770919739968761
7794,5,40.525,29.763185814638565,10.761814185361434
7795,5,41.650002,36.79908755192088,4.8509144480791235
7796,3,42.199999,38.54743385479322,3.652565145206779
7797,3,41.93,40.114106959930304,1.815893040069696
7798,3,30.114286,37.29922790715895,7.184941907158951
7799,3,30.080645,38.25423579260362,8.173590792603623
7800,3,28.227273,28.144542965833466,0.08273003416653424
7801,3,27.416667,34.10213503959095,6.685468039590948
7802,3,27.633333,35.721649978962674,8.088316978962673
7803,3,26.016667,36.34798632459923,10.331319324599232
7804,3,28.314286,36.658670952338014,8.344384952338014
7805,3,28.85625,26.917194110051792,1.9390558899482073
7806,3,28.028571,28.93472060051322,0.9061496005132206
7807,3,30.6,33.053745312661896,2.453745312661894
7808,3,28.185714,25.14637229486215,3.0393417051378506
7809,3,28.263636,41.84533953851816,13.581703538518159
7810,3,21.828571,41.07560440940263,19.24703340940263
7811,3,21.6125,33.99734424484283,12.384844244842828
7812,3,19.905406,35.53146034120767,15.62605434120767
7813,3,22.235714,35.68229839710823,13.446584397108225
7814,5,21.95,19.116057333828365,2.833942666171634
7815,5,22.252632,21.06058095860543,1.192051041394567
7816,5,20.822222,21.713381926361176,0.8911599263611762
7817,5,21.808,20.478272571216504,1.329727428783496
7818,5,21.507407,26.44937948867695,4.941972488676949
7819,5,17.584615,23.03219404530222,5.44757904530222
7820,5,35.894445,20.862490198693397,15.0319548013066
7821,5,36.809091,24.3072516743299,12.501839325670101
7822,5,32.190909,22.588057559462733,9.602851440537265
7823,5,29.166667,37.95568087910193,8.789013879101926
7824,5,33.716666,38.402495505074796,4.6858295050748
7825,5,37.9,27.118478792770155,10.781521207229844
7826,5,47.14,32.03102542839614,15.10897457160386
7827,5,48.944,27.863044173898047,21.080955826101956
7828,5,39.633333,36.85789743401569,2.77543556598431
7829,5,35.752,36.55529224508574,0.8032922450857356
7830,5,50.036364,40.851811877704165,9.184552122295834
7831,2,45.379167,37.06086684465439,8.31830015534561
7832,2,35.242105,28.559463962399573,6.68264103760043
7833,2,28.409091,39.57769601091924,11.16860501091924
7834,2,48.958333,31.64980021346228,17.30853278653772
7835,2,45.2625,29.348814631450292,15.91368536854971
7836,2,35.840741,22.894652523738323,12.946088476261679
7837,2,33.483333,45.01370470365281,11.530371703652811
7838,2,38.3,41.39235570577209,3.0923557057720927
7839,2,38.525,27.863950346425185,10.661049653574814
7840,2,40.336363,40.089528117768076,0.24683488223192285
7841,2,34.641177,38.94880435837857,4.307627358378568
7842,2,22.533333,44.5911106491574,22.0577776491574
7843,1,31.800001,32.479972498001196,0.6799714980011942
7844,1,23.153846,36.51964748647489,13.365801486474886
7845,1,30.200001,35.55049608722062,5.350495087220622
7846,1,23.135294,37.8969726253314,14.761678625331403
7847,1,22.538461,27.7418984430529,5.2034374430528985
7848,1,27.492308,44.415262473677075,16.922954473677073
7849,1,30.0,30.761694393656246,0.7616943936562457
7850,1,25.418182,31.72520047458304,6.307018474583039
7851,1,22.3125,31.135986845828448,8.823486845828448
7852,1,22.915385,39.33437930035784,16.418994300357838
7853,2,19.373913,36.57707979271582,17.20316679271582
7854,2,20.35,38.07867059255213,17.728670592552128
7855,2,17.184615,24.59092412648561,7.40630912648561
7856,2,19.327273,19.38825197606187,0.060978976061868195
7857,2,21.918182,26.25730655362751,4.33912455362751
7858,2,18.527273,23.953141232188642,5.425868232188641
7859,4,21.016667,34.36135506934537,13.34468806934537
7860,4,18.395833,24.829110044244306,6.433277044244306
7861,4,15.01,38.676848805843925,23.666848805843927
7862,4,17.054762,25.985539615793762,8.930777615793762
7863,4,19.711111,28.130035057455398,8.4189240574554
7864,4,28.6,35.23009172720014,6.6300917272001385
7865,4,17.847059,33.27910519058293,15.43204619058293
7866,4,20.025,31.15814948952077,11.133149489520772
7867,4,25.9,36.071983167675505,10.171983167675506
7868,4,17.489286,28.2695351178699,10.7802491178699
7869,4,39.3875,37.917556815286304,1.4699431847136992
7870,5,38.57,35.09413954781938,3.475860452180619
7871,5,37.700001,28.730096784343115,8.969904215656886
7872,5,31.6,37.073935605779106,5.473935605779104
7873,5,26.8,44.33342060416689,17.53342060416689
7874,5,24.89,39.00554126468631,14.115541264686307
7875,1,33.800001,44.23055411836289,10.430553118362887
7876,1,30.525,29.872204131750703,0.6527958682492958
7877,1,52.15,47.1303778659207,5.019622134079299
7878,1,43.512,43.38671899737963,0.125281002620369
7879,1,47.728571,47.97431265417181,0.24574165417180893
7880,1,47.625,46.774987156070004,0.8500128439299957
7881,1,54.353847,40.42815420114346,13.925692798856545
7882,1,53.985715,44.371032519506066,9.614682480493933
7883,1,23.3625,51.33339738363971,27.970897383639713
7884,1,23.375,41.00077028850835,17.62577028850835
7885,1,26.252174,37.260694549910596,11.008520549910596
7886,1,22.917391,45.00981134401048,22.09242034401048
7887,1,25.935714,27.388872949159722,1.4531589491597217
7888,1,26.1,29.131379018865886,3.0313790188658842
7889,1,26.246667,30.565536227517068,4.3188692275170695
7890,1,22.25,30.441140629434106,8.191140629434106
7891,1,20.233334,41.04557795755818,20.81224395755818
7892,1,24.633333,26.561757130837126,1.9284241308371257
7893,2,20.6,32.267876661767815,11.667876661767814
7894,2,21.099999,24.249920311922725,3.149921311922725
7895,2,32.093333,34.366040752488736,2.272707752488735
7896,2,23.058537,29.067863909430603,6.009326909430602
7897,2,27.873846,29.821409206873074,1.947563206873074
7898,2,27.82625,26.896375334992843,0.9298746650071585
7899,2,29.56,25.584111475961016,3.9758885240389823
7900,2,25.509091,28.555365929546724,3.0462749295467226
7901,2,26.157576,26.366312539375436,0.2087365393754368
7902,4,29.391429,26.94551215783315,2.4459168421668487
7903,4,29.34,27.97814854962766,1.3618514503723382
7904,4,23.9,34.31200310536707,10.41200310536707
7905,4,29.860784,31.387063255047547,1.5262792550475481
7906,1,28.257895,37.997494680209684,9.739599680209682
7907,1,27.125,36.9836463483926,9.858646348392597
7908,1,25.0225,27.56441331747123,2.5419133174712307
7909,1,25.7,29.814277584854718,4.114277584854719
7910,1,24.568182,31.713353271883477,7.145171271883477
7911,5,19.018966,26.10654077157407,7.087574771574072
7912,5,27.8,27.038960332922585,0.7610396670774158
7913,5,24.175,22.587519415303394,1.587480584696607
7914,5,22.328205,32.60864429867049,10.28043929867049
7915,5,21.058333,38.194328535068806,17.135995535068805
7916,5,28.6,22.178756551416736,6.421243448583265
7917,5,23.875,23.094972621511758,0.7800273784882421
7918,4,18.133333,39.50212350226892,21.368790502268922
7919,4,24.497826,39.9046826861131,15.406856686113098
7920,4,26.4,34.08113204136157,7.681132041361572
7921,4,24.304348,36.444183287601085,12.139835287601084
7922,4,19.44321,31.658941117827087,12.215731117827087
7923,4,25.962963,31.875719254637577,5.9127562546375785
7924,4,25.055556,31.609808564298465,6.554252564298466
7925,1,24.582353,21.899253424213356,2.6830995757866454
7926,1,26.033333,31.492954715198515,5.459621715198516
7927,1,27.892857,26.70415178620463,1.1887052137953695
7928,1,25.12,25.1931486190106,0.07314861901059899
7929,1,24.7,26.22472058840098,1.5247205884009816
7930,4,26.725641,34.48862848884347,7.762987488843468
7931,4,24.84,34.20564169755359,9.365641697553588
7932,4,25.5875,29.356784796417745,3.7692847964177467
7933,4,24.8375,29.536229533150646,4.698729533150647
7934,4,24.94,28.909665205871832,3.9696652058718307
7935,4,27.883333,28.520274983275595,0.6369419832755945
7936,4,25.55,31.241756273845557,5.691756273845556
7937,4,26.35625,28.746955554666553,2.390705554666553
7938,4,25.654839,28.66604890362689,3.0112099036268916
7939,4,22.392308,33.10779087105966,10.715482871059663
7940,4,23.936364,35.42919834706575,11.492834347065749
7941,4,23.413044,35.49209889576229,12.07905489576229
7942,1,24.073333,29.88455198924256,5.811218989242558
7943,1,23.261539,25.748391619943742,2.4868526199437433
7944,1,22.891667,32.438605919262464,9.546938919262463
7945,1,23.280952,42.048492312816826,18.767540312816827
7946,1,24.4,29.639439947193374,5.239439947193375
7947,1,24.272414,27.57656417763332,3.3041501776333178
7948,1,22.24,33.23991130451218,10.999911304512178
7949,1,25.073913,30.279424005494644,5.2055110054946425
7950,1,24.433333,26.191519083618314,1.7581860836183125
7951,1,21.545,30.805809831464128,9.260809831464126
7952,1,23.03913,29.25289215434551,6.21376215434551
7953,1,21.25,28.808736054723067,7.558736054723067
7954,1,24.325,27.257103819236217,2.932103819236218
7955,1,23.338461,33.53671336474359,10.198252364743592
7956,1,21.2125,26.978282358810308,5.765782358810309
7957,1,22.542857,27.097554710088886,4.554697710088885
7958,2,23.442857,29.148637823822316,5.705780823822316
7959,2,28.275758,26.399382674664032,1.8763753253359674
7960,2,27.580952,30.780297670986922,3.199345670986922
7961,2,27.4,27.364383758353036,0.035616241646962976
7962,2,27.675,29.837892078597665,2.1628920785976646
7963,2,43.333333,23.39092346243337,19.942409537566633
7964,2,34.99,26.916113276830814,8.073886723169188
7965,2,38.799999,33.85107741943093,4.9489215805690705
7966,2,38.955555,32.186305320708286,6.769249679291711
7967,2,28.35946,32.97124813577793,4.611788135777928
7968,2,35.049999,37.94460117605103,2.8946021760510305
7969,2,40.199999,36.96890379888617,3.231095201113831
7970,2,39.415789,29.302473559130434,10.113315440869563
7971,2,37.547059,34.07595892950437,3.4711000704956305
7972,2,41.061539,39.471191745928984,1.5903472540710197
7973,2,39.7,37.96605730493147,1.733942695068535
7974,2,38.9,34.65359755359428,4.2464024464057175
7975,2,42.547222,35.91458493518138,6.632637064818617
7976,2,33.5,38.338333602912485,4.838333602912485
7977,2,25.76,41.106190242558306,15.346190242558304
7978,2,27.053846,33.888477400551146,6.834631400551146
7979,2,27.111111,40.542550814798815,13.431439814798814
7980,2,29.542308,24.57803075550253,4.964277244497467
7981,2,29.025,24.212831633922487,4.812168366077511
7982,2,26.783333,30.964949288167936,4.1816162881679375
7983,2,25.846667,27.14771672019401,1.3010497201940083
7984,2,26.69,34.98584638897241,8.29584638897241
7985,2,24.510345,30.685726559317196,6.175381559317195
7986,2,24.85,31.86553722051734,7.015537220517338
7987,2,24.01875,30.371158921453826,6.352408921453826
7988,2,26.722222,24.538006836777146,2.184215163222852
7989,2,26.565517,25.841657313649304,0.7238596863506963
7990,2,28.611111,29.701005796318945,1.0898947963189443
7991,2,26.121875,27.174168659302964,1.0522936593029648
7992,2,25.0,26.066904480677735,1.066904480677735
7993,2,20.803571,25.937002047169816,5.133431047169815
7994,3,17.128571,24.74407051819853,7.615499518198529
7995,3,23.493333,26.402955351607343,2.909622351607343
7996,3,22.553571,48.2403552042006,25.686784204200595
7997,3,21.621428,21.113941625651954,0.5074863743480478
7998,4,22.376923,31.039713630445917,8.662790630445915
7999,4,19.910526,24.973152527656737,5.062626527656736
8000,4,20.078261,30.675899308874566,10.597638308874565
8001,4,22.014286,31.30059149106299,9.28630549106299
8002,4,20.787097,30.748990993290235,9.961893993290236
8003,4,19.990476,45.45815083156256,25.46767483156256
8004,4,22.799999,33.05198152186416,10.251982521864157
8005,1,20.757143,30.933294682539522,10.176151682539523
8006,1,19.700001,18.56861775360908,1.1313832463909215
8007,1,21.8,34.800754510705666,13.000754510705665
8008,1,23.5,43.518252460103284,20.018252460103284
8009,1,20.45,30.234658611770502,9.784658611770503
8010,1,22.184211,43.10926179902709,20.925050799027087
8011,1,21.9,37.301279931305544,15.401279931305545
8012,1,21.5,39.82179141878674,18.321791418786738
8013,3,20.727272,39.47980085495734,18.75252885495734
8014,3,4.3928,43.032862796759275,38.640062796759274
8015,3,11.36,42.13131055990453,30.771310559904528
8016,3,21.222641,31.226225100566655,10.003584100566655
8017,3,19.439231,8.30936461139648,11.129866388603519
8018,3,18.313889,8.05700200398493,10.25688699601507
8019,3,19.941463,13.873342204534527,6.068120795465472
8020,3,8.936111,6.270758599027274,2.6653524009727265
8021,2,13.612963,19.0365886695677,5.4236256695676985
8022,2,8.661364,17.159204018649316,8.497840018649315
8023,2,2.697333,20.79461692526965,18.09728392526965
8024,2,20.891892,15.470903486429837,5.420988513570162
8025,2,5.657143,16.932803295721712,11.275660295721712
8026,2,7.668571,16.19095832048285,8.52238732048285
8027,2,11.622609,15.209451746415082,3.5868427464150816
8028,2,12.469231,17.1218350561667,4.652604056166698
8029,3,2.519549,23.54765334286321,21.02810434286321
8030,3,23.076923,23.929806210066463,0.8528832100664623
8031,3,7.054569,22.273681247650355,15.219112247650354
8032,3,43.2,21.30412526371734,21.895874736282664
8033,3,40.088889,15.016121651543898,25.072767348456104
8034,3,45.447369,22.322210740176683,23.12515825982332
8035,3,43.485714,45.730311379426546,2.244597379426544
8036,3,48.666667,40.902513602863536,7.764153397136461
8037,3,34.606452,43.77663257994204,9.170180579942041
8038,5,26.022857,40.14867541754763,14.125818417547631
8039,5,38.258824,39.41991370676117,1.1610897067611745
8040,5,44.400002,35.06708911060138,9.33291288939862
8041,5,42.241667,22.392878805662303,19.848788194337697
8042,5,21.435294,39.55731653430125,18.12202253430125
8043,5,21.752941,30.63198780073471,8.87904680073471
8044,5,22.177273,19.20466278163512,2.9726102183648813
8045,5,25.475,20.861355522002032,4.613644477997969
8046,5,23.146667,20.49213917442147,2.65452782557853
8047,5,22.235,37.09479145453208,14.859791454532079
8048,5,22.88125,17.447505223385345,5.433744776614656
8049,5,24.55,25.46375740299501,0.9137574029950102
8050,3,23.485714,16.309346076805618,7.176367923194384
8051,3,21.923077,28.253046008337126,6.329969008337127
8052,3,23.261538,31.660523183286177,8.398985183286175
8053,3,21.513333,21.514703248940137,0.0013702489401374862
8054,3,12.85,23.62749020904277,10.777490209042769
8055,3,9.653846,21.090735181594944,11.436889181594944
8056,3,15.542368,26.395738450363872,10.853370450363872
8057,3,8.504762,16.80260203866269,8.297840038662692
8058,3,4.595238,23.875234701378982,19.279996701378984
8059,3,9.29589,18.221647406750865,8.925757406750865
8060,3,10.940217,15.968717293703161,5.028500293703161
8061,3,15.0,17.722901936012008,2.7229019360120077
8062,3,6.852632,18.355629181919458,11.502997181919458
8063,3,7.609091,13.058192749395541,5.449101749395541
8064,3,6.972222,17.44848631727792,10.476264317277918
8065,3,4.264,13.932456948851359,9.668456948851357
8066,3,7.82,14.959316101246358,7.139316101246358
8067,3,22.9,13.95615112615807,8.943848873841928
8068,5,23.200001,21.454343322796237,1.7456576772037629
8069,5,21.9,29.32610481500058,7.426104815000581
8070,5,21.835714,34.2529042665403,12.417190266540299
8071,5,22.63125,33.62869463680912,10.99744463680912
8072,2,22.271428,26.372385624610633,4.100957624610633
8073,2,25.904348,28.46259725911524,2.5582492591152395
8074,2,27.093103,28.208113723151666,1.1150107231516664
8075,2,25.558333,26.913626124608694,1.3552931246086928
8076,2,27.07619,26.389920185817516,0.6862698141824843
8077,2,27.096,26.249498666754782,0.846501333245218
8078,5,25.341176,30.087851898803443,4.746675898803442
8079,5,24.291667,33.224240969115876,8.932573969115875
8080,5,52.525,30.858386352733532,21.666613647266466
8081,5,51.050001,32.24623522932648,18.80376577067352
8082,5,53.956249,46.95586124783033,7.000387752169672
8083,5,51.533333,40.7232542394333,10.810078760566697
8084,5,53.428571,40.73720401805733,12.691366981942672
8085,5,51.118181,46.86172257500266,4.256458424997341
8086,5,51.644445,42.771786054942176,8.872658945057822
8087,5,33.066667,34.388339570270816,1.3216725702708132
8088,5,33.66,40.45764224652223,6.79764224652223
8089,5,33.585715,45.57729079785793,11.991575797857926
8090,2,33.566667,52.8128062530396,19.246139253039594
8091,2,33.487499,31.23396850341291,2.2535304965870893
8092,2,34.22,30.857357974325545,3.362642025674454
8093,2,33.939999,42.417238069868105,8.477239069868105
8094,2,33.933333,33.529623088463254,0.40370991153674396
8095,2,31.009524,39.68493262550288,8.675408625502882
8096,2,23.427778,37.38694787009377,13.95916987009377
8097,2,25.064286,34.88418975217776,9.819903752177762
8098,2,25.38,24.059173398077796,1.320826601922203
8099,2,22.895,32.7208595709258,9.825859570925804
8100,2,24.152381,28.817145481909296,4.664764481909298
8101,2,28.5,25.29841578462603,3.2015842153739698
8102,2,28.5,29.5614652037084,1.0614652037084014
8103,5,31.345454,32.260718079602654,0.9152640796026539
8104,5,25.89375,39.56146412258749,13.667714122587487
8105,5,31.716666,35.462080455097784,3.7454144550977837
8106,5,26.835714,30.73078280142327,3.895068801423271
8107,2,23.869231,36.36408464029885,12.49485364029885
8108,2,25.78,25.462345131089425,0.3176548689105765
8109,2,25.895455,23.45100823212947,2.4444467678705273
8110,1,26.633333,38.006515768523364,11.373182768523364
8111,1,25.294737,36.840493899594044,11.545756899594043
8112,1,24.747619,45.66954427880325,20.92192527880325
8113,1,25.544444,28.54326570364506,2.99882170364506
8114,1,26.02,29.795547394826688,3.775547394826688
8115,1,26.957143,33.255568795842585,6.298425795842586
8116,1,24.244445,22.067718787959844,2.1767262120401547
8117,5,28.3,41.55163354008941,13.251633540089411
8118,5,41.299999,26.046475163591506,15.253523836408494
8119,5,28.569565,36.11119895546387,7.541633955463869
8120,5,36.799999,39.2187533762318,2.418754376231803
8121,5,32.1,30.33909921582291,1.7609007841770925
8122,5,32.164,39.8713313399865,7.707331339986496
8123,5,35.368421,30.846294725560487,4.522126274439511
8124,2,34.715789,31.09434068657497,3.621448313425031
8125,2,41.0,34.76816024121339,6.231839758786613
8126,2,29.684616,40.555119267370884,10.870503267370886
8127,2,34.0625,29.24708175775929,4.81541824224071
8128,2,32.195833,34.9791934135711,2.7833604135711028
8129,2,35.766667,28.070340907464132,7.696326092535866
8130,2,30.766667,31.55670797371376,0.7900409737137579
8131,2,29.736363,30.92984519316783,1.1934821931678279
8132,3,22.56,38.47535442083371,15.915354420833712
8133,4,36.975,29.226332298188606,7.748667701811396
8134,4,29.385,34.3518853620536,4.966885362053599
8135,4,26.3125,27.17595835299663,0.8634583529966307
8136,4,27.15,27.89013314180202,0.7401331418020227
8137,4,24.5,37.12527971617234,12.625279716172336
8138,4,22.616666,36.34383642335374,13.727170423353744
8139,4,22.200001,28.764216799727695,6.564215799727695
8140,4,26.299999,33.69186591001416,7.3918669100141585
8141,4,20.5,38.464805906625045,17.964805906625045
8142,4,44.433333,40.91123838419619,3.522094615803809
8143,4,42.8125,36.04535747632402,6.767142523675979
8144,4,37.276923,37.367876531712646,0.09095353171264975
8145,5,34.55,29.67100877013066,4.878991229869339
8146,5,42.370588,34.73070551419683,7.63988248580317
8147,5,39.611111,35.71634743192442,3.8947635680755823
8148,5,43.636364,45.74286219723998,2.106498197239979
8149,5,40.378379,43.458935210447954,3.080556210447952
8150,5,43.749999,36.036027262842666,7.713971737157337
8151,5,46.185,42.55712191539069,3.627878084609314
8152,5,21.106667,42.993964234814875,21.887297234814874
8153,5,46.890909,19.64473335516288,27.24617564483712
8154,5,46.582609,37.90101156650567,8.681597433494325
8155,5,16.866666,36.349323728925626,19.482657728925627
8156,5,12.91,22.89071108791926,9.98071108791926
8157,5,17.215385,28.30828621460166,11.09290121460166
8158,5,16.629412,25.320682500393133,8.691270500393134
8159,5,14.633334,24.17256288033947,9.53922888033947
8160,5,16.438889,22.997363741831922,6.5584747418319225
8161,5,14.615385,38.24815231437835,23.632767314378352
8162,5,17.083333,22.719232717805742,5.635899717805742
8163,5,12.844444,28.76040105713928,15.91595705713928
8164,5,13.571429,22.46837712936458,8.89694812936458
8165,5,14.672,19.974763084391356,5.302763084391355
8166,5,15.236363,20.521915224133473,5.285552224133472
8167,1,12.78,24.31182018901435,11.531820189014352
8168,1,13.16,30.47717348749785,17.31717348749785
8169,1,15.4125,19.182628715361957,3.770128715361958
8170,1,17.192593,25.960069766039645,8.767476766039646
8171,1,32.610345,26.200134811418636,6.410210188581367
8172,1,24.867391,29.841721562014133,4.974330562014131
8173,5,29.28,26.258261475551937,3.0217385244480646
8174,5,29.13871,34.86737452332057,5.728664523320571
8175,5,30.4325,27.847336618841656,2.5851633811583454
8176,5,33.799999,28.571561988722152,5.2284370112778475
8177,5,26.282353,36.577445778942135,10.295092778942134
8178,5,23.670588,29.657501045904255,5.986913045904256
8179,4,68.25,35.28255322579182,32.96744677420818
8180,4,67.75,39.59737641069247,28.15262358930753
8181,4,64.333333,46.62245237040791,17.710880629592083
8182,4,53.299999,47.333876965421275,5.966122034578724
8183,4,45.028572,41.93592236294736,3.092649637052638
8184,4,52.472728,47.74359722252558,4.729130777474417
8185,4,55.966668,49.01403754657192,6.952630453428078
8186,4,43.096429,45.84755636631227,2.751127366312268
8187,4,64.549999,46.80513832208945,17.74486067791055
8188,3,63.619999,34.39624503021712,29.223753969782877
8189,3,61.275,44.29851813478264,16.97648186521736
8190,3,67.900002,40.488543337357505,27.411458662642495
8191,3,61.525,38.94718572322975,22.577814276770248
8192,4,57.525,48.95284993427291,8.572150065727087
8193,4,71.100002,51.57094152040912,19.529060479590882
8194,4,61.1875,38.14346248966102,23.04403751033898
8195,4,50.655556,40.28954032245265,10.366015677547345
8196,4,65.600001,33.28375288237886,32.31624811762114
8197,4,63.34,37.869438989898455,25.470561010101548
8198,4,62.675,33.99908321819427,28.675916781805725
8199,4,69.533333,37.752215929793174,31.781117070206825
8200,4,31.366667,36.899621994979775,5.532954994979775
8201,4,31.790909,39.17803010336663,7.387121103366631
8202,4,30.46,52.74510774979495,22.285107749794946
8203,4,23.682645,51.80793486179919,28.12528986179919
8204,4,26.875,16.439167252937533,10.435832747062467
8205,4,27.119231,30.695333828687293,3.5761028286872936
8206,4,20.397368,26.64142909278259,6.244061092782591
8207,4,25.558824,16.895686896319205,8.663137103680796
8208,1,35.033333,22.25569238163393,12.777640618366068
8209,1,28.684615,42.659200647732696,13.974585647732695
8210,1,35.514285,37.07045524340685,1.5561702434068465
8211,1,34.821053,36.98152004058993,2.1604670405899284
8212,1,35.570589,46.04487282875678,10.474283828756782
8213,1,25.745,30.39068846203189,4.645688462031888
8214,1,35.042857,27.111583907108106,7.931273092891892
8215,1,33.665,33.672951875127595,0.007951875127595542
8216,4,32.0,25.209751374741032,6.790248625258968
8217,4,32.275,33.91884730609627,1.6438473060962693
8218,4,34.5,32.338365971387326,2.1616340286126743
8219,4,33.590323,35.94204516313309,2.35172216313309
8220,4,29.468182,27.631103384479715,1.8370786155202836
8221,4,34.909091,29.83366586147368,5.075425138526317
8222,4,30.273333,29.17919948804817,1.0941335119518314
8223,4,26.681081,34.83046777132381,8.149386771323812
8224,4,28.947143,26.667609854205843,2.279533145794158
8225,4,37.233334,28.733293982913615,8.500040017086384
8226,4,38.754054,40.87648136574165,2.1224273657416504
8227,4,35.690909,42.26165982005421,6.570750820054215
8228,4,34.271429,38.071234789931324,3.7998057899313267
8229,4,39.666668,44.48151846837303,4.814850468373031
8230,4,48.27,38.66023785736509,9.609762142634914
8231,4,49.8,45.69968393178809,4.10031606821191
8232,4,45.872727,42.33744040326933,3.535286596730664
8233,4,45.645833,26.358338389470504,19.2874946105295
8234,4,46.727273,32.38489680910461,14.342376190895386
8235,4,50.568,37.239353305769015,13.328646694230983
8236,4,49.616666,29.10266325687337,20.514002743126632
8237,4,53.983334,30.65751675636519,23.32581724363481
8238,2,46.164706,28.128927214270238,18.035778785729764
8239,2,53.83,23.934776124515444,29.895223875484554
8240,2,37.460869,24.07808749025334,13.382781509746664
8241,4,35.167857,38.63374991406629,3.465892914066295
8242,4,29.4375,29.88685107273,0.44935107272999986
8243,4,31.67,31.944090399766694,0.2740903997666919
8244,4,25.55614,36.14285760653145,10.586717606531451
8245,4,34.582143,29.64050708586782,4.941635914132181
8246,4,27.981482,33.417087430884735,5.435605430884735
8247,4,31.116129,30.540144316542328,0.5759846834576727
8248,4,25.633846,31.10278361518194,5.468937615181943
8249,4,21.848077,36.85737090410152,15.009293904101522
8250,4,31.196552,32.10724639239572,0.9106943923957225
8251,4,36.310204,25.916723756501877,10.393480243498121
8252,2,31.741667,37.5467475006584,5.8050805006583985
8253,2,31.6,44.93843321239535,13.338433212395351
8254,2,30.916667,45.959813148574206,15.043146148574206
8255,2,31.608333,43.12262181339382,11.514288813393822
8256,2,30.535714,39.55177261132027,9.016058611320268
8257,2,20.551818,43.934884595298826,23.383066595298825
8258,2,21.240854,24.892373927903613,3.651519927903614
8259,2,33.233099,23.665297603406206,9.567801396593797
8260,2,19.3,28.72310191224956,9.42310191224956
8261,2,22.726106,28.265952637501112,5.53984663750111
8262,2,30.212883,24.294906076953403,5.917976923046599
8263,4,20.169014,23.930206471286503,3.7611924712865026
8264,4,22.67,25.750766565230233,3.080766565230231
8265,4,28.95,28.337823096337875,0.6121769036621245
8266,4,24.057895,42.75889033110828,18.700995331108285
8267,4,27.200001,33.455662481043625,6.255661481043624
8268,1,23.422222,34.514780156448325,11.092558156448323
8269,1,22.8,28.543236214763017,5.743236214763016
8270,1,26.3,27.773046913061815,1.4730469130618147
8271,1,22.017647,34.842125487404736,12.824478487404736
8272,1,26.425,16.750088320757104,9.674911679242896
8273,5,58.936363,28.912379435870157,30.023983564129843
8274,5,53.606667,36.45793515652626,17.14873184347374
8275,5,55.52,32.300062869854486,23.219937130145517
8276,5,53.533334,31.59505896357208,21.938275036427925
8277,5,53.79,29.71656256358134,24.073437436418658
8278,3,55.564706,37.355219400630276,18.209486599369725
8279,3,44.75,38.80991103318834,5.940088966811658
8280,4,44.85,36.21460595989809,8.635394040101914
8281,4,42.508333,39.88757707278603,2.6207559272139704
8282,4,44.275,45.30176463896558,1.026764638965581
8283,4,43.581818,43.40265145209292,0.1791665479070801
8284,4,42.004762,43.434386405306135,1.4296244053061358
8285,4,30.54,28.94326587701615,1.5967341229838503
8286,4,43.35,43.28854118764348,0.06145881235651984
8287,4,53.633334,45.64940885036006,7.983925149639937
8288,4,27.6,42.45565637708627,14.85565637708627
8289,4,54.8,30.679489324918855,24.120510675081142
8290,5,41.499999,37.28136264837574,4.218636351624262
8291,5,52.833333,34.141944904103966,18.691388095896038
8292,5,46.799999,39.22657532762504,7.5734236723749575
8293,5,33.468182,31.299949782789902,2.1682322172100967
8294,5,38.200001,45.17773120110588,6.977730201105878
8295,5,47.164286,47.72669288490683,0.5624068849068351
8296,5,46.233334,47.90023212595264,1.6668981259526419
8297,5,49.46,42.011476955846206,7.448523044153795
8298,5,46.74,45.71826976362459,1.0217302363754115
8299,5,52.400002,44.312160847712825,8.087841152287176
8300,5,51.299999,36.906966593462194,14.393032406537806
8301,5,44.977777,37.0137047737576,7.964072226242401
8302,2,40.361538,37.17399513562677,3.187542864373235
8303,2,34.93125,33.33084357298269,1.6004064270173117
8304,2,48.725,32.877433200979866,15.847566799020136
8305,2,42.905882,42.659040217198054,0.24684178280194402
8306,2,48.40625,37.11492526202822,11.291324737971777
8307,2,50.700001,37.03441371568442,13.665587284315578
8308,2,52.383334,47.90547007353288,4.477863926467116
8309,2,54.199999,40.74378140296174,13.456217597038261
8310,2,52.639999,40.72423927872443,11.91575972127557
8311,5,45.82,37.37561532508106,8.444384674918943
8312,5,53.4,31.44626512491298,21.95373487508702
8313,5,44.952941,32.908810257007666,12.044130742992337
8314,5,51.52353,35.155761051978,16.367768948022004
8315,5,48.658333,33.71845979824302,14.939873201756981
8316,5,28.826667,38.184175603607294,9.357508603607293
8317,1,23.541177,33.67037118721172,10.12919418721172
8318,1,27.31875,31.252059087708687,3.933309087708686
8319,1,21.666667,27.461905859965594,5.795238859965593
8320,1,23.145,27.128471201696737,3.9834712016967373
8321,1,25.294445,27.454444785733617,2.1599997857336177
8322,1,24.633333,26.410510144676998,1.7771771446769975
8323,1,33.982222,31.670569145748615,2.311652854251385
8324,1,37.549999,35.42034952281465,2.129649477185353
8325,1,33.396667,38.067404255376154,4.670737255376153
8326,1,33.54,34.556349341848566,1.0163493418485672
8327,1,36.232,39.77639735693887,3.544397356938873
8328,1,31.343333,36.74226190927704,5.398928909277039
8329,1,38.599998,33.22825417921769,5.3717438207823065
8330,1,25.45,30.269254474943498,4.819254474943499
8331,1,26.7,36.81356741123203,10.11356741123203
8332,1,30.672,28.04644860414145,2.625551395858551
8333,1,24.186487,33.77211358732295,9.585626587322949
8334,1,28.933333,26.341986668063843,2.5913463319361583
8335,1,32.329167,27.57775706588279,4.751409934117209
8336,1,26.353488,34.49160725656812,8.138119256568125
8337,1,13.083333,27.372883895455058,14.289550895455058
8338,1,21.932,30.162097654870227,8.230097654870228
8339,1,27.9975,28.27663823469446,0.27913823469446086
8340,1,28.927344,34.8688565127396,5.941512512739596
8341,1,26.08,26.095556971332158,0.01555697133215972
8342,1,27.639216,24.79361949107054,2.845596508929461
8343,1,23.096703,24.19214809178951,1.0954450917895073
8344,4,15.106915,27.847662507987902,12.740747507987901
8345,4,42.650002,24.172781744390388,18.477220255609613
8346,4,34.4,42.150037965404834,7.750037965404836
8347,4,28.75,29.068837557955046,0.318837557955046
8348,4,33.050001,31.6686490722424,1.3813519277576027
8349,4,41.810001,39.03437972457372,2.775621275426282
8350,4,25.175,41.296855498071565,16.121855498071564
8351,5,24.864706,25.625941891495145,0.7612358914951436
8352,4,25.22,21.975252570330007,3.2447474296699923
8353,4,26.133333,23.115714471915386,3.017618528084615
8354,1,24.945834,29.242707282048855,4.296873282048853
8355,1,27.766667,31.13094229224044,3.364275292240439
8356,1,27.466667,30.563181655617292,3.096514655617291
8357,1,25.368182,30.090448122229166,4.722266122229165
8358,1,23.552631,28.88026368150446,5.327632681504458
8359,1,28.466667,30.908322099233157,2.441655099233156
8360,1,44.065333,30.26149422728129,13.803838772718713
8361,5,40.992265,27.972787692929675,13.019477307070328
8362,5,40.337413,24.248364167065766,16.089048832934232
8363,5,27.114286,30.314710779111813,3.2004247791118132
8364,5,26.366667,39.55921368070808,13.192546680708084
8365,5,28.54375,39.09517157823831,10.551421578238308
8366,5,27.705263,42.8952216082685,15.189958608268501
8367,5,46.078947,39.436777952194475,6.642169047805524
8368,1,47.166667,41.51081437776067,5.65585262223933
8369,1,46.655555,44.678648925447284,1.9769060745527156
8370,1,48.666667,42.13837475479538,6.528292245204618
8371,1,44.326667,44.15791601825474,0.16875098174526215
8372,1,49.82,47.93308370174238,1.886916298257617
8373,1,49.9,43.08955204976829,6.810447950231712
8374,1,39.542105,48.51907301585657,8.97696801585657
8375,1,47.541177,31.355987889962385,16.185189110037612
8376,1,52.540909,35.64035353529215,16.90055546470785
8377,1,51.0,36.50242510878272,14.497574891217283
8378,1,43.394737,38.40925859177005,4.985478408229952
8379,1,41.25,30.899986410920036,10.350013589079964
8380,1,44.88,27.486403806134362,17.39359619386564
8381,1,60.770588,29.633038354815238,31.13754964518476
8382,1,54.133333,39.15550757884174,14.977825421158258
8383,2,45.331251,30.037880198962316,15.293370801037685
8384,2,51.34,39.324654093067906,12.015345906932097
8385,2,35.65,33.453844111628364,2.196155888371635
8386,2,39.528571,27.80117701488508,11.727393985114919
8387,3,49.972727,37.92028988787927,12.052437112120728
8388,2,56.37647,37.76283607445608,18.613633925543915
8389,2,41.600001,34.67012046037254,6.929880539627462
8390,2,25.888889,37.452782882023634,11.563893882023635
8391,2,29.400001,40.531669729553165,11.131668729553166
8392,2,30.75,43.480110259568846,12.730110259568846
8393,2,27.3,34.924312590726366,7.624312590726365
8394,2,26.8,32.53649394208596,5.736493942085961
8395,2,27.981818,32.47954189602222,4.497723896022219
8396,2,21.358823,26.573209551956154,5.214386551956153
8397,2,21.73,29.763938095136275,8.033938095136275
8398,4,22.737037,43.45931452729262,20.72227752729262
8399,4,28.125,46.93569794951408,18.81069794951408
8400,4,25.481633,33.64110591230915,8.159472912309152
8401,3,22.842424,27.974165037957793,5.1317410379577915
8402,3,31.194737,26.269039336911916,4.9256976630880835
8403,3,30.982609,21.676562382085763,9.306046617914237
8404,3,20.506977,26.80431325690837,6.29733625690837
8405,5,24.780769,29.723304462188224,4.942535462188225
8406,5,30.507143,29.120489474015006,1.3866535259849933
8407,5,24.070588,28.223005184351923,4.152417184351922
8408,5,29.75,42.61846511780379,12.868465117803787
8409,5,27.890909,28.65310925152925,0.7622002515292507
8410,5,29.433334,33.921891241528,4.488557241528003
8411,5,18.453333,29.928048216379192,11.474715216379192
8412,5,23.128125,42.392389359640156,19.264264359640155
8413,5,19.361364,29.80901439465047,10.447650394650474
8414,5,25.185185,33.05183907337995,7.8666540733799515
8415,5,15.696154,34.316732605925786,18.620578605925786
8416,5,26.5,33.374369241067356,6.874369241067356
8417,5,25.211111,38.46350139780075,13.252390397800749
8418,5,17.295238,30.659003977190203,13.363765977190202
8419,5,16.845385,26.820400710552274,9.975015710552274
8420,5,22.158974,34.54370556427997,12.384731564279967
8421,5,22.859375,35.78589013949548,12.926515139495478
8422,5,42.6,36.586686591283076,6.013313408716925
8423,5,40.768085,34.52887266943543,6.23921233056457
8424,5,40.7,32.99492062007477,7.70507937992523
8425,5,42.733334,40.73842297354025,1.9949110264597465
8426,5,38.822222,35.451573038848224,3.3706489611517725
8427,5,40.314286,32.90317847065612,7.41110752934388
8428,2,44.200001,46.370883930817065,2.170882930817065
8429,2,37.966667,33.16410958802443,4.80255741197557
8430,2,44.166665,39.5791630567346,4.587501943265401
8431,2,46.225,39.469547260142626,6.755452739857375
8432,2,41.875,32.46099930504504,9.414000694954957
8433,2,44.15,47.46254620679923,3.312546206799233
8434,2,43.0,32.002913640595715,10.997086359404285
8435,2,25.906897,32.45956045951307,6.55266345951307
8436,2,26.675,42.437823817839565,15.762823817839564
8437,2,24.616666,35.808515193412205,11.191849193412207
8438,2,28.427273,24.088565092322636,4.338707907677364
8439,2,27.451429,33.1131100156559,5.661681015655898
8440,2,26.396,25.04533089788067,1.3506691021193298
8441,2,25.7125,26.631847620202866,0.919347620202867
8442,2,26.858333,37.59262428967143,10.734291289671429
8443,2,27.783333,34.99145333971348,7.208120339713481
8444,2,25.39,24.73468383206359,0.6553161679364123
8445,2,22.99697,17.687243207690845,5.3097267923091565
8446,1,44.991667,40.571860012394815,4.419806987605185
8447,1,46.525,43.73348545436178,2.791514545638222
8448,1,45.099998,49.475579259102496,4.375581259102496
8449,5,40.431579,42.49383803265608,2.0622590326560797
8450,5,39.355556,38.859721074696765,0.49583492530323525
8451,5,39.49375,38.71306735903934,0.7806826409606558
8452,5,24.296154,29.310602445717134,5.014448445717132
8453,5,25.982,31.067115914656505,5.085115914656505
8454,5,25.295783,24.182781708657163,1.1130012913428367
8455,5,22.524615,24.48786739139119,1.9632523913911903
8456,5,38.607692,36.29488862929087,2.3128033707091333
8457,5,62.200001,36.425550062304254,25.774450937695747
8458,5,36.769231,36.85015053916787,0.08091953916787276
8459,5,32.057143,37.275485775291244,5.218342775291241
8460,5,59.200001,35.48618737467069,23.71381362532931
8461,5,53.422223,42.04957203021269,11.372650969787315
8462,1,61.6,46.39424468324362,15.205755316756381
8463,1,61.85,39.366403315514894,22.483596684485107
8464,1,53.950001,37.435736708928644,16.514264291071356
8465,4,34.411111,32.0076511162534,2.4034598837465992
8466,4,52.150001,36.92734524349092,15.222655756509084
8467,4,36.900002,43.5957061648376,6.695704164837601
8468,4,36.200001,43.0550132630106,6.8550122630106
8469,4,35.700001,28.616728560070822,7.083272439929178
8470,4,21.848387,30.605318922780807,8.756931922780808
8471,4,23.066667,28.867574362105284,5.800907362105285
8472,4,28.311111,32.33199674572694,4.02088574572694
8473,1,31.816129,25.254106110088347,6.562022889911653
8474,1,29.028261,27.9356061137972,1.0926548862028014
8475,1,32.585714,26.53934912949581,6.046364870504192
8476,1,12.330945,33.508234645143354,21.177289645143354
8477,1,10.525,15.703305464585439,5.1783054645854385
8478,1,14.907317,28.666422900323717,13.759105900323716
8479,3,18.599999,22.769200582586564,4.169201582586563
8480,3,17.496587,18.785679925170992,1.2890929251709906
8481,3,14.686945,21.975083850438224,7.288138850438225
8482,3,15.965789,15.192112467182097,0.7736765328179018
8483,3,11.879842,19.24195562956087,7.36211362956087
8484,4,12.010909,42.424120710100006,30.413211710100008
8485,4,15.267241,40.44899798056231,25.181756980562312
8486,4,14.589655,39.53211638934981,24.94246138934981
8487,4,14.459375,43.16233889238455,28.702963892384545
8488,4,25.430769,42.04924140734602,16.618472407346015
8489,4,33.65,29.686670755741194,3.963329244258805
8490,4,30.015,46.363013337509884,16.348013337509883
8491,4,40.255555,30.05373889602552,10.20181610397448
8492,4,31.427273,28.59397942841706,2.8332935715829386
8493,4,28.259091,36.45842974277769,8.199338742777687
8494,3,32.25,35.32804902627036,3.0780490262703566
8495,3,27.9,43.70838795123604,15.808387951236043
8496,3,28.3,33.17442568503397,4.874425685033966
8497,3,34.6625,44.04920342618046,9.38670342618046
8498,3,42.727273,40.171335153294606,2.5559378467053904
8499,3,45.81,43.802316470350014,2.007683529649988
8500,3,60.400001,49.93254388613281,10.46745711386719
8501,3,57.133333,46.93726873330974,10.196064266690257
8502,3,61.550001,46.861976761092905,14.688024238907097
8503,3,56.366667,46.68209852494258,9.684568475057418
8504,3,58.52,27.07281248026022,31.44718751973978
8505,3,26.331579,44.189294978831505,17.857715978831504
8506,5,29.9,42.12988338852686,12.229883388526865
8507,5,57.4375,32.118073935478016,25.319426064521984
8508,5,25.384848,42.393969372841575,17.009121372841573
8509,5,50.400001,39.048324887982346,11.351676112017657
8510,5,34.207693,37.4558458595018,3.2481528595018005
8511,5,44.89,29.46550018642939,15.424499813570609
8512,5,35.858824,41.19582042036218,5.336996420362183
8513,4,50.2,41.27635505617996,8.923644943820044
8514,4,49.148,37.81577159774477,11.332228402255232
8515,4,48.52381,35.52551010028534,12.99829989971466
8516,3,41.79375,36.72255169625682,5.071198303743181
8517,3,41.450001,41.057101092136435,0.39289990786356555
8518,3,42.614286,36.05390252522743,6.560383474772571
8519,3,39.335294,36.850101997561175,2.485192002438822
8520,3,46.6,39.85706167500327,6.742938324996729
8521,3,43.950001,22.082780168386,21.867220831614
8522,3,25.326667,24.774928117783986,0.5517388822160143
8523,3,26.758823,25.199505322597528,1.559317677402472
8524,3,25.276923,25.764212125324697,0.4872891253246969
8525,3,25.32,22.416958022250665,2.9030419777493357
8526,3,27.2,23.621181181717404,3.5788188182825955
8527,3,24.183333,26.21069065182658,2.0273576518265806
8528,5,24.355556,34.947733162158116,10.592177162158116
8529,3,28.813334,41.96896710339998,13.155633103399982
8530,3,41.892308,37.2224962452967,4.6698117547032965
8531,3,33.815,40.47275379128956,6.657753791289565
8532,3,47.788235,45.11407203427109,2.674162965728911
8533,3,40.941667,41.707802628651045,0.7661356286510426
8534,3,44.6,44.914211391741084,0.3142113917410825
8535,2,47.436364,41.789550952536125,5.646813047463873
8536,2,46.45,42.915706784821154,3.534293215178849
8537,2,39.8,39.96094048990575,0.16094048990575516
8538,2,44.8375,36.52508221688604,8.312417783113958
8539,2,55.03,36.73800137745599,18.291998622544014
8540,2,54.75,33.44121672770754,21.30878327229246
8541,2,50.4,40.732852924804625,9.667147075195373
8542,2,56.733334,35.396276315541364,21.337057684458635
8543,2,55.57,37.8942252725273,17.6757747274727
8544,2,55.866667,41.120552429288296,14.746114570711704
8545,2,57.25,37.747129897417565,19.502870102582435
8546,2,30.838461,35.05388218520962,4.215421185209625
8547,2,32.942857,28.838213151539474,4.1046438484605225
8548,2,30.09,28.95348773137527,1.136512268624731
8549,3,35.694737,33.876668886164325,1.818068113835679
8550,3,36.822222,33.58383265350093,3.238389346499069
8551,3,30.834615,41.133578909802445,10.298963909802445
8552,3,28.3,29.523420948710566,1.2234209487105652
8553,3,27.404546,25.90890187698641,1.4956441230135908
8554,3,29.55,27.016349697539447,2.533650302460554
8555,3,26.335294,27.339682759301066,1.0043887593010652
8556,3,29.36875,31.612293624600593,2.243543624600594
8557,3,31.107143,26.269236185376247,4.837906814623754
8558,2,28.12,30.170802631047735,2.050802631047734
8559,2,35.355,38.00407105389495,2.64907105389495
8560,2,36.64,19.687875472404468,16.952124527595533
8561,2,27.080952,31.981150402727252,4.900198402727252
8562,2,38.703846,26.706891068316665,11.996954931683334
8563,5,40.8625,38.463805287681076,2.398694712318921
8564,5,44.861538,41.66095317061003,3.2005848293899746
8565,5,41.43,37.24438845384196,4.185611546158043
8566,5,31.373684,41.28616844734833,9.91248444734833
8567,5,45.186666,36.02524131358356,9.161424686416446
8568,5,31.3375,38.420292244951554,7.0827922449515555
8569,5,42.082353,27.995714928516918,14.08663807148308
8570,5,12.231034,33.75913104051909,21.528097040519086
8571,3,13.886697,26.04604669326971,12.159349693269709
8572,3,16.390345,30.612910363438676,14.222565363438676
8573,3,17.848214,38.511937076481345,20.663723076481347
8574,3,20.933334,28.410138676927723,7.476804676927724
8575,3,18.181395,41.08878317706406,22.90738817706406
8576,3,68.933332,45.530810900453005,23.402521099546988
8577,3,57.450001,43.81029733690279,13.639703663097208
8578,4,59.085714,41.76298527777204,17.322728722227964
8579,4,55.411111,45.14043634991056,10.27067465008944
8580,3,55.883333,45.72577631153679,10.15755668846321
8581,3,65.171428,47.612721240153284,17.55870675984672
8582,3,56.712501,46.572714370716675,10.139786629283329
8583,3,61.360001,46.99910799211878,14.360893007881216
8584,3,56.662499,51.52776625918218,5.134732740817817
8585,3,64.525001,49.497990104857486,15.027010895142517
8586,3,59.299999,45.965427762305055,13.334571237694945
8587,4,66.099998,38.48168198570739,27.61831601429261
8588,4,57.44,38.30777545759625,19.132224542403748
8589,3,62.124999,39.648248362901356,22.476750637098647
8590,3,56.154545,39.973350201045356,16.181194798954643
8591,3,56.563636,42.807298571487806,13.756337428512197
8592,3,57.466667,31.029166670640286,26.437500329359715
8593,3,48.078948,35.68297307093258,12.395974929067414
8594,3,56.975,38.84109033392151,18.133909666078495
8595,3,60.922223,38.5782809996988,22.343942000301205
8596,3,60.258333,35.076996498112074,25.181336501887927
8597,3,57.805,42.00680817080057,15.798191829199432
8598,3,51.094118,30.926606939787625,20.167511060212377
8599,3,60.147369,46.93799588617406,13.20937311382594
8600,3,51.57647,36.79841413805465,14.778055861945347
8601,3,56.471428,41.72973147368699,14.741696526313014
8602,3,55.383333,47.45186844063003,7.931464559369971
8603,5,55.622222,37.256643864039184,18.365578135960817
8604,5,52.7,37.034717981843464,15.665282018156539
8605,5,51.444445,33.087547141917895,18.356897858082107
8606,5,29.855,32.6804515010807,2.825451501080696
8607,5,22.290909,32.51837882846262,10.227469828462624
8608,5,36.72,34.14813493455849,2.571865065441507
8609,5,24.138095,25.34608203051469,1.2079870305146905
8610,5,34.604348,32.01851755117804,2.585830448821959
8611,2,28.168421,27.62324807509317,0.5451729249068293
8612,2,23.477778,30.217872823824532,6.740094823824531
8613,2,23.672414,24.694986144733047,1.0225721447330471
8614,2,24.513637,23.914886993210295,0.5987500067897038
8615,2,25.25,26.296940750527806,1.0469407505278063
8616,2,29.95,44.069475758333915,14.119475758333916
8617,4,22.858334,36.590218400743886,13.731884400743887
8618,4,24.525,34.43800664677598,9.913006646775983
8619,4,27.272727,35.75740142680544,8.484674426805437
8620,4,24.914286,29.980630880946162,5.066344880946161
8621,4,32.171428,41.230386025154424,9.058958025154425
8622,4,31.415789,32.96725060397025,1.5514616039702496
8623,4,32.250001,32.8419684301534,0.591967430153403
8624,4,35.755555,46.28981089400452,10.534255894004517
8625,4,39.211765,38.668112584260335,0.5436524157396647
8626,4,36.91,37.17291731445288,0.2629173144528849
8627,4,28.7,36.19765572278944,7.4976557227894425
8628,4,34.018182,41.399894060030796,7.381712060030793
8629,4,31.115,44.34370542168953,13.22870542168953
8630,4,35.914286,36.66009511197782,0.7458091119778203
8631,4,34.200001,37.48720173961187,3.287200739611869
8632,4,37.483333,46.04555986481863,8.562226864818626
8633,4,33.125,25.58566761444342,7.53933238555658
8634,4,35.347619,28.618631985705637,6.728987014294365
8635,4,40.184615,44.595647503919366,4.411032503919365
8636,5,39.945455,27.446593180497253,12.49886181950275
8637,5,35.376923,33.49149347013253,1.8854295298674657
8638,5,36.658333,38.00011519161299,1.3417821916129924
8639,5,40.269231,26.617064305005453,13.652166694994545
8640,5,40.981818,29.130145610103366,11.851672389896631
8641,5,27.828572,27.969206752007413,0.14063475200741138
8642,5,30.188571,25.86480269110862,4.323768308891381
8643,1,26.195238,23.04810065761901,3.14713734238099
8644,1,27.668182,35.480492682018784,7.812310682018783
8645,1,26.433333,24.787904739819155,1.6454282601808465
8646,1,28.325,29.223677872755935,0.8986778727559361
8647,1,29.094737,25.35746500886827,3.7372719911317276
8648,2,23.9475,20.813333823359333,3.1341661766406688
8649,2,31.686364,28.258157676313445,3.428206323686556
8650,2,30.965,28.672838686881633,2.292161313118367
8651,2,30.92,27.588035033375547,3.3319649666244544
8652,2,25.85,22.68143939687808,3.1685606031219216
8653,2,27.895833,26.206268445934338,1.6895645540656616
8654,2,20.306024,27.12008239762788,6.814058397627878
8655,2,23.754546,21.52930837685529,2.225237623144711
8656,2,19.901818,30.156575964380504,10.254757964380506
8657,2,22.851852,25.55303608418555,2.701184084185549
8658,2,23.769231,33.58048821429072,9.811257214290716
8659,2,21.311458,28.607979075848668,7.29652107584867
8660,2,23.69375,26.12893493574385,2.435184935743848
8661,2,18.405263,21.168926114094603,2.7636631140946015
8662,2,41.957143,33.75824600205026,8.198896997949745
8663,4,42.794737,33.651813380476014,9.142923619523984
8664,4,45.5,39.55659686048795,5.94340313951205
8665,4,43.2,30.778060969262047,12.421939030737956
8666,4,43.53,32.223678407889366,11.306321592110635
8667,4,25.332433,28.71062140024444,3.37818840024444
8668,4,45.200001,30.116401534107673,15.083599465892327
8669,4,42.042857,35.46838740212628,6.5744695978737155
8670,4,38.7,32.53619275900661,6.163807240993393
8671,4,35.015385,27.943051846977674,7.072333153022328
8672,4,14.450617,27.479956996824885,13.029339996824886
8673,4,24.113333,26.25384233912922,2.1405093391292205
8674,4,38.65102,22.44221072716554,16.20880927283446
8675,5,31.206522,23.869515558820666,7.337006441179334
8676,5,29.618033,20.975369014642492,8.642663985357508
8677,5,30.864286,21.679903288700206,9.184382711299794
8678,5,26.23945,23.339356705752436,2.900093294247565
8679,5,30.920879,23.314322350761298,7.606556649238701
8680,5,28.306897,21.603101657210356,6.703795342789643
8681,5,38.728572,36.954476730748596,1.7740952692514043
8682,5,32.8,24.89748194546024,7.902518054539758
8683,5,26.999138,22.666187262781072,4.332950737218926
8684,3,38.844445,49.99084454859675,11.146399548596747
8685,3,41.28,46.177098227467035,4.897098227467033
8686,3,40.2,44.50230284558915,4.302302845589146
8687,3,38.133333,35.32509011381165,2.808242886188353
8688,3,39.8875,46.701224188878676,6.813724188878673
8689,3,36.015384,41.593655547835674,5.578271547835676
8690,3,34.915385,33.41068503960734,1.5046999603926636
8691,3,40.030769,30.387779108289134,9.642989891710865
8692,3,35.863636,41.42975042077823,5.566114420778227
8693,3,36.575001,27.534967894031862,9.040033105968138
8694,3,36.530952,44.09641333871932,7.565461338719324
8695,3,29.232258,34.62166553107469,5.3894075310746885
8696,3,48.39,43.43758906398624,4.952410936013763
8697,2,25.168182,30.490684986006645,5.3225029860066435
8698,2,25.93,28.73288696452191,2.8028869645219103
8699,2,36.818182,49.946577809595354,13.128395809595354
8700,2,37.431251,33.493115412599394,3.938135587400609
8701,2,48.358334,40.93330810759803,7.425025892401969
8702,2,28.788,47.03450005592535,18.24650005592535
8703,2,33.544827,44.041635792741516,10.496808792741518
8704,2,28.623529,30.566154177182266,1.942625177182265
8705,3,33.152632,35.47173087210679,2.3190988721067924
8706,3,25.983333,22.083424580009222,3.8999084199907763
8707,3,32.907143,30.65798118464148,2.2491618153585193
8708,3,26.613333,24.766629664522934,1.8467033354770663
8709,3,30.473334,27.83401393378115,2.6393200662188505
8710,5,31.142106,22.500972899393663,8.641133100606336
8711,4,29.741667,29.856712380002016,0.11504538000201592
8712,4,34.678571,43.19105900088364,8.512488000883643
8713,4,30.159091,36.792337650165756,6.633246650165756
8714,4,41.141667,46.8997482809908,5.758081280990801
8715,1,45.075,34.90635090556929,10.168649094430712
8716,1,33.916667,45.159901433041384,11.243234433041387
8717,5,42.016666,47.25613082934921,5.23946482934921
8718,5,43.983333,44.87282504987725,0.8894920498772478
8719,5,32.738462,42.59515629182577,9.856694291825768
8720,5,29.578947,46.86344237789067,17.28449537789067
8721,5,23.502703,50.47792585503748,26.975222855037483
8722,5,30.12,41.107845799484785,10.987845799484784
8723,5,25.72963,44.33124186124164,18.601611861241636
8724,5,30.085714,29.24008998093996,0.8456240190600397
8725,5,37.91875,41.785079320300824,3.866329320300821
8726,5,31.678788,33.87075232575633,2.1919643257563273
8727,5,41.150001,34.4042082740014,6.745792725998605
8728,5,36.400002,37.550536561708604,1.1505345617086036
8729,5,32.845833,28.88983506471414,3.9559979352858576
8730,5,35.457895,30.523111188449008,4.934783811550993
8731,5,29.40625,25.120876358561507,4.285373641438493
8732,5,30.307143,29.511074370054892,0.7960686299451076
8733,5,29.725,26.596072936388047,3.128927063611954
8734,5,38.618182,40.593992593823636,1.9758105938236383
8735,5,35.40625,34.37663062070944,1.0296193792905584
8736,5,31.272727,28.043457642713093,3.2292693572869062
8737,4,35.288,41.45763188319503,6.169631883195031
8738,4,31.55625,27.331691855792133,4.224558144207865
8739,4,32.211111,30.49502909754079,1.7160819024592122
8740,4,24.985507,30.230810717514085,5.245303717514087
8741,4,29.35,37.9699644790461,8.619964479046097
8742,4,28.178572,34.17605245193395,5.997480451933949
8743,4,31.252632,29.106666021403534,2.1459659785964647
8744,4,25.192157,30.46942000278487,5.277263002784867
8745,4,30.591667,33.22613076746659,2.634463767466592
8746,2,31.428572,30.949509576131177,0.4790624238688217
8747,2,28.038961,35.428589614607304,7.389628614607304
8748,2,31.117647,28.014973039995656,3.1026739600043456
8749,2,34.283333,34.47972052239282,0.19638752239281843
8750,2,28.4,28.22864575770091,0.17135424229908836
8751,2,28.365,30.76224101419826,2.3972410141982614
8752,2,26.228571,29.565115763973882,3.336544763973883
8753,2,27.453125,30.04921999838237,2.5960949983823696
8754,2,26.891666,31.80365512703018,4.9119891270301785
8755,2,26.88,28.299174121718913,1.419174121718914
8756,3,28.508334,27.047397298647702,1.4609367013522991
8757,3,29.792857,34.69007844967605,4.897221449676049
8758,3,1.501418,26.553753562257224,25.052335562257223
8759,3,1.531304,27.35669025144727,25.82538625144727
8760,3,3.537281,26.434689906275356,22.897408906275356
8761,3,1.337584,26.877866501093806,25.540282501093806
8762,4,1.17193,19.99523130946657,18.82330130946657
8763,4,2.53657,19.535128785264096,16.998558785264095
8764,4,20.6,39.73757237690164,19.137572376901637
8765,4,21.533333,30.268590964870032,8.735257964870033
8766,5,22.3,40.246828456405034,17.946828456405033
8767,5,20.62,38.37498052650665,17.754980526506646
8768,5,21.7125,31.026474350674505,9.313974350674506
8769,5,22.014286,27.433569552562563,5.419283552562565
8770,5,22.878947,25.883987460470628,3.005040460470628
8771,5,19.638462,29.754317222120058,10.115855222120057
8772,5,23.876,31.508631199660087,7.632631199660086
8773,5,43.893333,27.395040317887904,16.498292682112094
8774,5,44.22,41.096796611572074,3.1232033884279247
8775,5,33.65,35.53100249002544,1.8810024900254447
8776,5,31.481081,29.011191525806435,2.4698894741935646
8777,5,44.453334,36.816217160214066,7.637116839785932
8778,5,38.5,41.87260403558397,3.3726040355839686
8779,5,37.910714,41.70376847725728,3.7930544772572787
8780,5,38.1,42.07073956880314,3.9707395688031397
8781,5,39.366666,38.83988502507669,0.5267809749233123
8782,5,27.204762,31.005045815997594,3.800283815997595
8783,5,28.207143,31.034233389989335,2.827090389989337
8784,5,26.622222,43.90936391460252,17.287141914602522
8785,3,27.055555,36.75887613482689,9.703321134826894
8786,3,28.483333,42.64192977432332,14.158596774323325
8787,3,56.200001,44.31995547845145,11.880045521548553
8788,3,57.061538,43.14577909541197,13.915758904588031
8789,3,46.73,48.75484478201442,2.0248447820144264
8790,3,53.541667,45.664215464609114,7.8774515353908825
8791,3,50.908333,37.23277269531245,13.67556030468755
8792,3,43.861539,38.197728231660406,5.663810768339594
8793,3,60.657143,44.079669937667056,16.577473062332942
8794,3,52.338461,42.729771945434585,9.608689054565417
8795,3,55.061538,45.40617688130408,9.655361118695922
8796,3,40.782353,40.126649707745074,0.6557032922549269
8797,4,50.477778,31.344688749337518,19.133089250662483
8798,4,43.075,25.582845937255776,17.492154062744227
8799,4,60.642858,26.939943074910662,33.70291492508933
8800,4,50.6,31.769042332652194,18.830957667347807
8801,4,58.0,29.766351248511185,28.233648751488815
8802,4,61.84,37.50724810390405,24.332751896095957
8803,3,58.966667,44.98859745719394,13.978069542806061
8804,3,60.457142,38.64774310931429,21.809398890685706
8805,3,59.169231,38.06212140384291,21.107109596157095
8806,3,24.0,35.94748234180109,11.947482341801091
8807,3,21.851724,25.020791794952544,3.169067794952543
8808,3,26.175,33.16239930576307,6.987399305763066
8809,1,25.0,32.259543876218416,7.259543876218416
8810,1,23.62,41.26372353835281,17.643723538352805
8811,1,24.6375,29.78326736981691,5.145767369816912
8812,1,24.2125,30.729604957125744,6.517104957125746
8813,1,24.0,36.97941130274105,12.979411302741049
8814,1,18.0,36.19205797215148,18.19205797215148
8815,1,25.9625,37.6501065470372,11.687606547037198
8816,1,22.6,37.698291643667176,15.098291643667174
8817,1,22.791667,33.232080668350825,10.440413668350825
8818,5,24.854545,45.24382953442242,20.389284534422416
8819,5,29.5,38.68694259809206,9.18694259809206
8820,5,23.08421,31.563057771707452,8.478847771707454
8821,5,22.62,27.88306138115731,5.263061381157311
8822,5,23.8,38.92026268703574,15.120262687035737
8823,5,24.1,34.066674254369,9.966674254368996
8824,5,23.641667,35.66392450559922,12.022257505599217
8825,5,32.049999,39.21874780756536,7.168748807565358
8826,5,31.33125,38.39990225409804,7.068652254098037
8827,3,25.257143,22.874227407810494,2.382915592189505
8828,3,26.175,29.353032608716603,3.1780326087166024
8829,3,26.3,30.83918203275159,4.53918203275159
8830,3,20.616364,22.61711888824265,2.00075488824265
8831,3,20.090909,22.993826667865928,2.9029176678659283
8832,2,18.265,25.334353096284573,7.069353096284573
8833,2,25.068421,37.84277131047954,12.77435031047954
8834,2,25.589474,32.54987656515519,6.960402565155189
8835,2,17.168421,23.90708904574154,6.738668045741541
8836,2,25.700001,36.392659133543994,10.692658133543993
8837,2,25.15,41.06364954477452,15.913649544774522
8838,2,21.388889,28.59057564862548,7.201686648625483
8839,2,24.733334,29.903839051630534,5.170505051630535
8840,2,27.873529,31.833410417681197,3.9598814176811956
8841,2,26.233334,37.273882641601084,11.040548641601085
8842,2,24.924138,40.5546349140792,15.630496914079202
8843,2,29.829412,26.763440394277897,3.0659716057221047
8844,2,19.968085,27.114925449525387,7.1468404495253886
8845,1,24.844827,30.206895747404737,5.362068747404738
8846,1,26.47561,28.414712209344824,1.9391022093448242
8847,1,26.975556,25.965142475483937,1.0104135245160641
8848,1,26.988889,26.6975415142926,0.29134748570740143
8849,1,21.983333,25.974998331149113,3.9916653311491146
8850,1,20.171905,22.51593956257164,2.3440345625716397
8851,3,26.478572,21.662463650167517,4.816108349832483
8852,3,15.993333,22.80286047942216,6.809527479422162
8853,3,16.803333,37.6572923881834,20.8539593881834
8854,3,36.62,31.113892251919054,5.506107748080943
8855,3,31.828572,32.52593040824497,0.6973584082449662
8856,3,29.557143,37.106990473518074,7.549847473518074
8857,3,33.415,22.021438445386885,11.393561554613115
8858,3,25.665384,23.342049755972436,2.3233342440275635
8859,3,24.72,31.469834000977546,6.749834000977547
8860,4,17.970588,25.547491075927443,7.576903075927444
8861,4,26.303125,27.748038792527286,1.4449137925272844
8862,4,26.063158,31.923838042121165,5.860680042121164
8863,4,30.74,30.25906329406477,0.4809367059352283
8864,4,31.0,31.868716221833708,0.8687162218337079
8865,4,25.720833,29.514815264260115,3.7939822642601158
8866,4,29.016667,28.665432729931762,0.3512342700682396
8867,4,24.09,18.04365181047926,6.046348189520739
8868,4,26.2,17.290188987257782,8.909811012742217
8869,4,28.7,29.259743950156356,0.5597439501563564
8870,4,45.15,34.20643503885044,10.943564961149562
8871,2,45.866667,37.974247581482345,7.892419418517655
8872,2,45.6,39.75914560817457,5.840854391825431
8873,2,41.008333,31.544565849549905,9.463767150450096
8874,2,46.400002,35.28952671770106,11.110475282298943
8875,4,45.6,43.992993051260406,1.6070069487395955
8876,4,43.185714,37.63572248903184,5.549991510968155
8877,4,55.4,40.75453806755103,14.645461932448967
8878,4,50.454545,45.89153076455789,4.563014235442111
8879,4,57.799999,30.746036585254735,27.053962414745264
8880,4,59.566667,41.96277977620149,17.603887223798516
8881,4,59.75,41.716534489995375,18.033465510004625
8882,4,48.7,40.223924943997964,8.476075056002038
8883,4,55.699999,42.72550711464146,12.974491885358539
8884,4,58.785714,42.10663055562157,16.679083444378428
8885,4,58.099998,40.9325143013911,17.167483698608898
8886,4,55.575,39.532804656253155,16.042195343746847
8887,4,27.24,36.44209997527565,9.202099975275654
8888,4,26.123077,27.58853707599872,1.4654600759987204
8889,4,26.375472,40.17229202189748,13.796820021897485
8890,4,27.482353,39.03656800955218,11.554215009552177
8891,2,35.133333,40.368198338557164,5.234865338557164
8892,2,34.588889,42.458912630088946,7.870023630088944
8893,2,35.816666,41.772606272003,5.955940272003005
8894,2,38.599998,46.17421334841352,7.574215348413517
8895,2,35.080769,49.15611982885273,14.075350828852734
8896,1,37.35,37.00072962573484,0.34927037426515994
8897,1,36.1,37.71693820795114,1.6169382079511365
8898,1,39.26,38.763306295740044,0.49669370425995396
8899,1,37.466667,44.00701649159843,6.540349491598427
8900,1,30.338462,29.07199448199259,1.2664675180074099
8901,1,25.82381,29.117575419787247,3.2937654197872455
8902,1,38.0,36.951868532773716,1.048131467226284
8903,1,33.378125,34.86248674492834,1.4843617449283428
8904,1,37.18,33.139322100163035,4.040677899836965
8905,1,35.430769,33.69168729610409,1.7390817038959057
8906,1,20.580645,23.503511062034782,2.9228660620347817
8907,1,34.714286,31.228858447200203,3.4854275527997984
8908,1,33.259259,29.14238120098072,4.1168777990192815
8909,1,25.95,31.525094729423365,5.575094729423366
8910,1,31.207693,31.530576996572215,0.3228839965722159
8911,1,35.54375,28.556089615292706,6.987660384707297
8912,1,26.184211,22.741806458246963,3.4424045417530387
8913,1,36.64,33.34647045635151,3.2935295436484893
8914,1,29.473077,27.785526557489362,1.6875504425106378
8915,2,34.633333,36.27070961125605,1.6373766112560517
8916,2,26.9,33.66715731641609,6.767157316416089
8917,2,23.651282,29.647132231888385,5.995850231888387
8918,2,28.435714,28.283747827567346,0.15196617243265464
8919,2,25.178261,28.073807486236074,2.895546486236075
8920,2,24.4,27.44057201862809,3.0405720186280902
8921,2,29.094117,32.41225265639942,3.3181356563994164
8922,2,36.457143,33.74179612300346,2.7153468769965414
8923,2,36.3375,31.70564081084858,4.63185918915142
8924,2,21.7,31.560019893215713,9.860019893215714
8925,2,23.9,30.051202948251003,6.151202948251004
8926,2,54.449999,32.5557969846785,21.894202015321497
8927,2,49.328571,30.704486616219583,18.624084383780414
8928,2,50.840001,35.213250776867106,15.626750223132895
8929,2,52.964706,35.81219640837981,17.152509591620188
8930,2,50.318182,33.769485953976755,16.548696046023245
8931,2,52.449999,34.757330984397655,17.692668015602344
8932,2,49.5875,32.76171557257899,16.825784427421006
8933,3,51.20625,29.488660674538735,21.71758932546126
8934,2,53.3,32.49138036667999,20.808619633320006
8935,2,49.466667,26.47714856946351,22.989518430536492
8936,2,27.1,33.09188812365076,5.99188812365076
8937,3,28.052174,29.78631526801086,1.734141268010859
8938,3,38.099998,42.709176648326256,4.609178648326257
8939,3,43.099998,44.66668690821424,1.566688908214239
8940,3,41.199999,42.64036055344729,1.4403615534472891
8941,3,43.400002,42.80530506194819,0.5946969380518112
8942,3,21.615789,29.756500833648083,8.140711833648083
8943,3,38.033333,46.37504982829111,8.341716828291112
8944,3,31.775,34.1440259988334,2.3690259988334006
8945,3,35.885,42.153878639314705,6.268878639314707
8946,3,41.715385,37.21951580636837,4.495869193631627
8947,3,48.758334,37.90340704931233,10.85492695068767
8948,3,42.257895,40.372194104926415,1.8857008950735832
8949,3,48.43125,42.58420098230597,5.847049017694026
8950,3,50.853334,40.10169452750846,10.75163947249154
8951,3,49.481818,40.27395186414859,9.207866135851404
8952,3,51.911111,34.702412810198105,17.208698189801893
8953,4,46.821428,43.07234044285963,3.7490875571403706
8954,4,47.410526,44.68047172733506,2.730054272664937
8955,4,48.950001,42.45250664961334,6.49749435038666
8956,4,31.956,33.15139203853441,1.1953920385344112
8957,4,33.542857,41.199398408729024,7.656541408729026
8958,4,31.523077,35.17497796127188,3.6519009612718776
8959,4,32.66,43.21452557576129,10.554525575761296
8960,3,41.533333,45.31097285734045,3.7776398573404535
8961,4,54.422223,46.73513072845537,7.6870922715446355
8962,3,55.12,43.02824840908207,12.09175159091793
8963,4,50.266667,44.49899387011234,5.767673129887655
8964,4,40.382353,45.20978733656358,4.827434336563577
8965,4,53.025,41.683547004832214,11.341452995167785
8966,4,52.666667,43.26407116919497,9.402595830805026
8967,4,43.92,42.34615357217963,1.5738464278203708
8968,4,43.566667,44.33814159138129,0.7714745913812848
8969,4,38.892308,37.533089245055166,1.359218754944834
8970,3,42.766666,32.54576798684703,10.220898013152969
8971,3,39.735714,34.30684629867805,5.428867701321948
8972,3,41.75,40.316082765069886,1.4339172349301137
8973,3,43.099998,37.4459921964589,5.6540058035410965
8974,3,65.807142,25.02649774798276,40.78064425201724
8975,3,69.434999,22.65112467026924,46.783874329730764
8976,3,32.022222,27.459738251495427,4.562483748504572
8977,3,26.535,30.06238279006393,3.5273827900639283
8978,3,23.947059,28.30905845062605,4.361999450626051
8979,3,24.55,30.90735787698365,6.357357876983649
8980,3,24.516666,31.522290271977685,7.005624271977684
8981,3,28.24375,31.690675254063077,3.4469252540630784
8982,3,23.978261,29.858625281944693,5.8803642819446935
8983,3,26.641379,29.465446296478234,2.8240672964782334
8984,2,24.452,29.01202349382761,4.560023493827607
8985,5,30.976923,33.32709471981917,2.3501717198191727
8986,5,24.621429,33.19547701662446,8.57404801662446
8987,5,25.424,32.7257974489745,7.301797448974497
8988,5,24.818919,27.96828640738974,3.1493674073897395
8989,5,23.953334,32.8914540826365,8.938120082636498
8990,5,46.777778,39.713348839220735,7.064429160779262
8991,5,47.42,41.681989221757775,5.738010778242227
8992,5,47.823809,35.72372124474858,12.100087755251415
8993,5,48.771429,40.53347743143647,8.237951568563531
8994,2,25.790909,26.18499861069691,0.3940896106969092
8995,2,25.284211,26.5955980313885,1.3113870313885023
8996,2,23.31,17.440536166426398,5.869463833573601
8997,2,29.3,31.635859108792104,2.3358591087921035
8998,2,26.722222,28.476014146208385,1.7537921462083865
8999,2,25.735294,25.032323494897557,0.7029705051024422
9000,2,30.47,27.163499404346464,3.306500595653535
9001,2,35.282608,37.143319157318516,1.8607111573185122
9002,2,38.416667,35.94473846142722,2.471928538572776
9003,2,37.966666,33.664618580465934,4.3020474195340626
9004,3,35.675,40.846953210265475,5.171953210265478
9005,3,31.903448,27.3756842025578,4.527763797442201
9006,3,36.945454,39.50325656149981,2.5578025614998126
9007,3,54.06,38.81890565448069,15.241094345519315
9008,2,54.6375,34.57891161253788,20.058588387462123
9009,2,59.85,36.89000137921169,22.959998620788312
9010,2,59.474999,36.13774470883961,23.337254291160384
9011,2,59.814286,39.8289971215575,19.985288878442503
9012,2,59.4375,31.522531863942024,27.914968136057976
9013,2,61.783333,33.54696804607745,28.236364953922546
9014,2,56.56875,33.021208071312635,23.547541928687366
9015,2,32.676923,33.237209698853405,0.5602866988534032
9016,4,33.07,46.846669082768315,13.776669082768315
9017,4,14.826144,26.527380362626953,11.701236362626954
9018,4,27.079754,30.05904426478116,2.9792902647811594
9019,4,25.626667,26.501349297308607,0.8746822973086061
9020,4,25.25,34.15010484409334,8.900104844093342
9021,4,21.927273,39.22837116933313,17.30109816933313
9022,4,26.0,23.813522943506282,2.186477056493718
9023,4,23.9,38.0200209056459,14.120020905645902
9024,1,32.476471,38.0932460246448,5.616775024644802
9025,1,47.578572,37.329281600293335,10.249290399706666
9026,1,26.875,39.98605817975671,13.11105817975671
9027,1,26.9,47.35099003333288,20.45099003333288
9028,1,32.533333,28.445498808419323,4.087834191580676
9029,1,19.529412,24.663805072666403,5.134393072666402
9030,1,20.58,19.984142355707636,0.5958576442923622
9031,1,26.218182,25.820598619247125,0.3975833807528737
9032,1,26.88,25.328169767473607,1.5518302325263917
9033,1,28.15,24.452458059983297,3.697541940016702
9034,1,28.37,42.721431933870356,14.351431933870355
9035,1,34.264286,29.11903487745805,5.14525112254195
9036,1,33.022222,42.91347104746926,9.891249047469259
9037,1,21.1,43.85872032717046,22.758720327170458
9038,5,44.777778,37.115003088236385,7.662774911763613
9039,5,15.454278,24.4602979575175,9.0060199575175
9040,5,11.948837,20.09286660170801,8.144029601708011
9041,5,13.727273,20.987827898203367,7.260554898203367
9042,5,16.0,31.74611053014668,15.74611053014668
9043,5,15.362162,36.03657806386016,20.674416063860164
9044,5,16.75,45.24124017466176,28.491240174661762
9045,5,13.45,49.00979634385874,35.559796343858736
9046,5,21.89,47.24627122315033,25.35627122315033
9047,5,12.759375,32.32065920442976,19.56128420442976
9048,4,21.4,37.67749679043263,16.27749679043263
9049,4,18.0625,37.01795440479093,18.955454404790927
9050,4,11.4,44.42609373854013,33.02609373854013
9051,4,17.243478,29.261376013911388,12.017898013911388
9052,4,20.788889,47.80210861971078,27.013219619710778
9053,4,12.583333,42.956029698681284,30.372696698681285
9054,4,15.5,42.8150522836134,27.315052283613397
9055,3,14.983333,36.25542069249555,21.272087692495546
9056,3,14.383333,41.89120590932184,27.50787290932184
9057,3,13.0725,29.74208421168752,16.66958421168752
9058,3,15.613333,37.771604046326075,22.158271046326075
9059,3,21.209091,45.13541603149108,23.926325031491082
9060,3,17.692857,46.255177331123335,28.562320331123335
9061,3,24.733334,46.27478026713993,21.541446267139932
9062,3,23.38,47.49101382426912,24.11101382426912
9063,2,44.741177,35.13869249191306,9.602484508086938
9064,3,37.057894,39.03834256549279,1.980448565492793
9065,3,13.908333,21.722830405089802,7.814497405089801
9066,5,14.7,25.15893316648583,10.458933166485831
9067,5,14.857143,16.384531904804213,1.5273889048042122
9068,5,14.83,17.651492116967226,2.8214921169672262
9069,5,15.354545,15.720404500151227,0.3658595001512275
9070,2,18.799999,30.27762918859343,11.47763018859343
9071,2,18.727778,25.4629222447383,6.735144244738301
9072,5,21.47,18.28257709597006,3.1874229040299404
9073,2,19.208333,26.561885503094356,7.353552503094356
9074,5,19.475,21.5490107854917,2.074010785491698
9075,2,21.63421,22.33050464527577,0.6962946452757706
9076,3,19.457143,31.186246942865168,11.72910394286517
9077,1,17.982759,26.845900319054905,8.863141319054904
9078,2,16.811111,18.46600990891646,1.6548989089164614
9079,4,17.042857,19.569342272155424,2.5264852721554227
9080,4,52.9375,39.50644055058178,13.431059449418221
9081,4,52.2625,38.619604250483356,13.642895749516647
9082,2,51.572728,37.64494243930545,13.927785560694545
9083,3,50.544445,45.20971435995126,5.33473064004874
9084,3,57.4,46.069842633630095,11.330157366369903
9085,2,57.099998,34.01576968869391,23.08422831130609
9086,3,57.0,45.277859085913164,11.722140914086836
9087,1,56.533333,36.69068013564429,19.842652864355706
9088,1,52.549999,42.50082940990065,10.049169590099346
9089,4,59.299999,50.02741109051884,9.27258790948116
9090,5,20.200001,39.374109287779454,19.174108287779454
9091,5,21.200001,39.52057780690541,18.320576806905407
9092,5,19.1,38.99250632311797,19.89250632311797
9093,5,19.700001,40.05487332924239,20.35487232924239
9094,1,50.023077,41.83109732963004,8.19197967036996
9095,1,46.550001,47.44242530614155,0.8924243061415496
9096,1,50.838462,48.70414394916344,2.134318050836562
9097,1,42.0,28.549901773499194,13.450098226500806
9098,1,12.125,30.31055766394239,18.18555766394239
9099,1,37.954545,39.8585929008175,1.9040479008174955
9100,1,23.883333,29.73047351442956,5.847140514429558
9101,1,0.0,5.470216451693029,5.470216451693029
9102,3,0.0,0.6798722817924393,0.6798722817924393
9103,4,11.6750000517,12.35437634354446,0.679376291844461
9104,3,10.9748718115,13.686294928553425,2.7114231170534246
9105,4,10.7559828758,11.495346701067946,0.7393638252679473
9106,4,12.2000001272,13.897418436767088,1.6974183095670892
9107,3,10.8099099065,13.061882450935183,2.2519725444351835
9108,1,9.97916666004,11.57999787819589,1.6008312181558892
9109,1,9.81547620183,10.718378215196864,0.9029020133668642
9110,4,10.8542857851,10.80912616498317,0.04515962011683072
9111,4,10.4233333588,7.81997964214415,2.6033537166558505
9112,1,9.16838709924,11.176028588183113,2.007641488943113
9113,1,9.38275856807,11.673929162188509,2.2911705941185083
9114,4,10.0333331426,12.252193033839985,2.218859891239985
9115,4,11.320512845,8.592292181122323,2.7282206638776767
9116,4,11.2800000668,10.2492987512314,1.0307013155685993
9117,5,9.89999997616,19.569716674709547,9.669716698549546
9118,5,9.79555561278,16.152873774317463,6.357318161537464
9119,4,10.4444445151,9.989368424423901,0.45507609067609955
9120,5,8.23921568253,14.040375525520904,5.801159842990904
9121,5,7.52909094204,17.60167095490385,10.072580012863849
9122,5,8.26818185503,14.132633931010949,5.864452075980948
9123,4,19.7259037064,14.727302838671552,4.998600867728449
9124,4,23.3741935255,13.02516559224967,10.349027933250332
9125,4,19.7186046689,22.158706750629158,2.440102081729158
9126,4,19.6157657477,14.018373161113919,5.59739258658608
9127,4,20.7265432735,13.113900498555608,7.612642774944391
9128,4,20.41129706,21.97329662361636,1.5619995636163608
9129,3,12.3666666349,13.028453452211913,0.6617868173119135
9130,4,17.2527473366,11.68427951733114,5.568467819268859
9131,3,11.8411764327,13.487087199244106,1.645910766544107
9132,3,10.4286363775,17.160955119564846,6.732318742064846
9133,3,11.0778760868,14.072556002361265,2.9946799155612656
9134,3,12.9094936999,14.041577815659911,1.1320841157599109
9135,3,14.9725664274,14.351367687148846,0.6211987402511543
9136,3,16.724242456,14.071778154227063,2.6524643017729357
9137,3,12.2872093057,15.707761433560105,3.4205521278601054
9138,4,9.26436784898,9.555108631291827,0.2907407823118273
9139,4,9.12777777324,10.992937759627061,1.8651599863870612
9140,1,11.0430555344,11.400240051837272,0.35718451743727186
9141,2,9.13563220802,13.109573543347162,3.9739413353271615
9142,1,9.88846155772,9.120970721190705,0.7674908365292943
9143,4,9.67976192633,10.447587796232613,0.7678258699026124
9144,4,10.3639999771,14.618151873095297,4.254151895995296
9145,2,10.0877272909,12.339774165281748,2.2520468743817474
9146,3,9.7264705984,10.91515543954248,1.1886848411424786
9147,1,8.78349515072,9.625779646777803,0.8422844960578022
9148,2,8.66666664018,12.85269490327338,4.1860282630933785
9149,1,9.34230770515,10.041543393452162,0.6992356883021618
9150,2,8.59009902312,13.537296781354591,4.947197758234591
9151,1,9.4542553019,9.91751072016626,0.46325541826625916
9152,5,7.90303032326,19.549101360974266,11.646071037714265
9153,1,9.62686572383,10.032441671071686,0.4055759472416849
9154,1,10.9833333492,10.356715635187495,0.6266177140125055
9155,2,8.1433333238,16.83202201968931,8.688688695889311
9156,4,11.4836734558,12.288723467099766,0.805050011299766
9157,1,9.40476192747,9.614182484120922,0.2094205566509224
9158,2,9.58055557807,14.040438982848093,4.459883404778093
9159,2,9.93032787667,15.279186527483102,5.348858650813101
9160,2,8.75309732741,15.237249676628933,6.484152349218933
9161,2,10.9626903679,13.172795116239378,2.2101047483393774
9162,1,10.3833333651,14.628402567040313,4.2450692019403125
9163,4,10.1899999619,14.721100141878633,4.531100179978633
9164,5,9.10289859081,13.02473657669665,3.9218379858866506
9165,5,9.2923076965,14.712344893793167,5.420037197293167
9166,5,8.65504588993,13.891502118989044,5.236456229059044
9167,2,10.1335504886,13.678946951443674,3.5453964628436747
9168,1,9.083606505,9.76115318894148,0.677546683941479
9169,1,8.60769231961,11.274683527035624,2.666991207425623
9170,4,8.49568969628,9.725650669669097,1.2299609733890975
9171,2,9.07159087333,14.699043210392649,5.627452337062648
9172,4,8.42222225666,10.154385411577826,1.732163154917826
9173,2,8.84628102011,14.85934503009066,6.01306400998066
9174,2,10.4280000076,14.853316207954236,4.425316200354237
9175,2,9.62386358868,13.251093986026474,3.627230397346473
9176,3,12.4272726232,12.381759634640039,0.04551298855996144
9177,2,8.26717325402,15.235821359105605,6.968648105085606
9178,2,7.61296298769,15.265742837350794,7.652779849660795
9179,2,10.9109243425,15.055785799713592,4.144861457213592
9180,2,7.78888894305,13.665759748042174,5.876870804992174
9181,2,7.5274131252,17.44094879017698,9.91353566497698
9182,2,9.05161290015,15.065245829920931,6.013632929770932
9183,2,8.32792795027,18.466290952033635,10.138363001763635
9184,3,18.2575757479,17.051154716166867,1.2064210317331323
9185,3,14.7074829737,14.146365045700344,0.5611179279996552
9186,3,14.753846179,12.515187336133371,2.238658842866629
9187,3,13.1190184377,10.621607354952541,2.4974110827474583
9188,3,17.4111842544,20.474350470576002,3.063166216176004
9189,3,13.457894777,9.70700652358776,3.7508882534122403
9190,3,12.6241829567,7.927537636706754,4.696645319993246
9191,3,16.4777227864,21.48251134966029,5.004788563260288
9192,3,12.5301724467,9.473938516055455,3.056233930644545
9193,2,7.86115707445,14.546004619909093,6.6848475454590925
9194,5,13.8736842306,22.547517196749773,8.673832966149773
9195,3,17.3965518228,6.536849686594824,10.859702136205176
9196,3,14.8367088414,7.658982426306598,7.177726415093402
9197,3,16.3041666547,9.941753357152301,6.3624132975477
9198,2,9.20828400561,14.088279348267305,4.879995342657304
9199,1,7.13348017075,15.770734357544459,8.637254186794458
9200,2,8.72659574417,14.583455418617495,5.856859674447495
9201,2,9.21941748869,14.161752086402045,4.942334597712044
9202,1,5.12641510792,13.768949715247125,8.642534607327125
9203,4,4.77727280964,9.469948530692427,4.692675721052427
9204,1,3.97800503581,12.543325583899707,8.565320548089707
9205,1,4.59185317807,16.553232198583647,11.961379020513647
9206,1,5.40416662561,13.181591247804718,7.777424622194718
9207,1,6.46736112458,12.608683304129634,6.141322179549634
9208,5,8.23138077389,15.968026367831518,7.7366455939415175
9209,1,10.9169683322,10.530363441084424,0.38660489111557617
9210,1,11.7330508232,10.066858056236391,1.6661927669636079
9211,1,13.6999998093,13.284711127282275,0.4152886820177244
9212,1,12.0,12.012840032595152,0.012840032595152095
9213,5,10.06111115,16.667884594437798,6.606773444437797
9214,5,7.99682542256,14.45446985638814,6.457644433828141
9215,1,7.79040156476,12.442970149410796,4.652568584650796
9216,4,8.92619053523,11.223226864456063,2.297036329226062
9217,1,7.81111111293,11.475265321569701,3.664154208639701
9218,5,9.52241377584,13.138291297913671,3.6158775220736707
9219,4,7.2449019563,8.490015619432128,1.2451136631321287
9220,3,8.02411575716,7.351114256602432,0.6730015005575689
9221,3,10.0863158276,10.863843620397203,0.7775277927972031
9222,2,9.98461547265,18.801560677761174,8.816945205111173
9223,3,9.8396067472,10.495702471305997,0.656095724105997
9224,1,9.09009707923,8.35830913670184,0.731787942528161
9225,2,12.4333335029,18.61849012787519,6.185156624975191
9226,1,8.89732443928,8.324818215957496,0.5725062233225042
9227,4,7.79914894104,8.885921556616822,1.0867726155768214
9228,1,8.55396341551,8.175287921994526,0.37867549351547325
9229,4,6.77828283262,8.96222985556247,2.183947022942469
9230,1,7.10996678026,8.207562958527882,1.0975961782678825
9231,3,8.3686916026,7.093046517269118,1.2756450853308818
9232,1,9.7840764234,8.884424326687853,0.8996520967121473
9233,2,9.33939400105,10.705114810987668,1.3657208099376685
9234,3,7.71702131819,7.544079489208744,0.17294182898125587
9235,5,10.6947368823,12.818051268027073,2.123314385727072
9236,1,8.38937827343,8.70522215830026,0.31584388487025983
9237,2,7.80923081178,10.623061237101139,2.8138304253211386
9238,3,9.92820513554,11.322253336306774,1.3940482007667736
9239,3,9.76369864973,10.860885414376506,1.0971867646465068
9240,3,8.75126583063,7.332821580933877,1.4184442496961234
9241,2,8.37916670077,10.261228708095285,1.8820620073252847
9242,3,9.8243902156,8.213683133212024,1.6107070823879752
9243,3,8.33890064574,7.561727066355082,0.777173579384919
9244,3,8.63569938962,11.322025491462947,2.6863261018429476
9245,5,14.3852234083,20.540040700478862,6.154817292178862
9246,5,10.2564102564,12.508972621456309,2.252562365056308
9247,5,17.3488971135,19.84982143613324,2.5009243226332387
9248,5,10.9852459392,16.463196375813315,5.477950436613314
9249,5,12.5443478128,15.0830644630954,2.5387166502954006
9250,5,12.3624999921,16.430506714350575,4.0680067222505745
9251,5,11.6958333055,13.596510885993363,1.9006775804933618
9252,3,8.33761065091,10.935835057377263,2.5982244064672635
9253,5,14.607058828,16.382697116663465,1.7756382886634654
9254,5,14.9511521379,14.441952505456909,0.5091996324430905
9255,1,12.167153254,11.667577353482422,0.49957590051757883
9256,1,12.8221374031,12.58110934091048,0.24102806218951933
9257,5,15.3348101362,20.953648940456368,5.618838804256368
9258,1,14.6361446323,13.059411713053032,1.5767329192469681
9259,5,14.5291079938,15.296926522851258,0.767818529051258
9260,2,6.81904765538,18.392714228594055,11.573666573214055
9261,2,11.6999998093,9.036056240136997,2.6639435691630027
9262,2,15.6602055932,14.165868795994738,1.4943367972052624
9263,2,14.3781481778,17.095242621629232,2.7170944438292324
9264,2,16.9170798835,21.409311499095175,4.492231615595173
9265,2,10.1478260911,15.167757626998645,5.019931535898644
9266,1,10.0384615018,9.31414403853453,0.7243174632654696
9267,2,10.6927536536,11.955422160659616,1.2626685070596153
9268,2,11.1791666746,18.320420480893905,7.141253806293905
9269,2,12.0999999046,12.386982923911253,0.28698301931125236
9270,5,10.9891304141,16.26000184842155,5.270871434321549
9271,5,10.9833333833,19.820895740755518,8.837562357455518
9272,5,11.4799999619,18.591493578261286,7.111493616361285
9273,3,9.54374995828,9.173127040761953,0.37062291751804644
9274,3,9.51836735862,10.62494438229591,1.106577023675909
9275,3,9.38108106562,8.506078802489206,0.8750022631307939
9276,1,10.4514705574,9.443357663078968,1.008112894321032
9277,4,11.4362744818,16.216665448546777,4.780390966746777
9278,4,12.6893616813,11.529825839206731,1.159535842093268
9279,4,11.3610526637,14.759392686210946,3.3983400225109452
9280,1,12.2379235044,20.040175436156066,7.802251931756066
9281,5,8.5617647171,18.607593796421643,10.045829079321642
9282,4,11.9212184874,13.0844397869618,1.1632212995618012
9283,1,9.78710936569,14.267162285724027,4.480052920034026
9284,2,18.0281552667,18.64417966549388,0.6160243987938792
9285,5,11.6158653956,15.34048464815384,3.7246192525538397
9286,1,11.2509578581,10.495370813033547,0.7555870450664521
9287,2,13.4228260413,19.69182391318559,6.26899787188559
9288,5,10.4798076611,13.188432086907666,2.708624425807665
9289,4,10.8322709376,11.175553885480724,0.34328294788072355
9290,2,8.68072291455,14.145747079506874,5.4650241649568745
9291,2,13.8124514034,16.075233637297757,2.262782233897756
9292,5,10.9415094448,12.905274722029361,1.9637652772293617
9293,2,11.1085714,10.493898859045785,0.6146725409542153
9294,2,21.2783898257,18.007024775201565,3.271365050498435
9295,2,17.1978354888,17.1264450270012,0.07139046179879927
9296,3,21.6868420952,14.748490178923399,6.9383519162766
9297,2,18.4021084538,18.0194468003473,0.38266165345270053
9298,2,16.34383564,19.621898035084303,3.2780623950843015
9299,1,15.4557339751,11.435806072119846,4.019927902980154
9300,1,15.3309227047,13.499637950540357,1.8312847541596433
9301,5,17.1868217084,20.428822061775474,3.2420003533754738
9302,1,15.705679034,10.818795308091648,4.886883725908351
9303,5,18.3761903672,22.532741146869842,4.156550779669843
9304,1,14.4659259255,15.686390895762845,1.220464970262844
9305,1,17.2672645885,14.707227649502506,2.560036938997495
9306,4,13.8033132725,12.87346349937389,0.9298497731261097
9307,4,16.2560166165,17.06548903170459,0.809472415204592
9308,4,13.8749003885,12.57970338435214,1.2951970041478607
9309,2,6.88289471049,20.013833091017652,13.130938380527652
9310,2,7.1692307729,16.188670998978072,9.019440226078071
9311,2,8.6071428912,11.577836471560046,2.970693580360045
9312,2,6.39752322897,17.166294241256086,10.768771012286086
9313,2,7.04733332793,15.129723209663904,8.082389881733905
9314,3,5.94285712923,11.330083246761184,5.387226117531184
9315,1,4.11428577559,10.531154153556027,6.416868377966027
9316,3,23.0606666946,14.238606009016959,8.82206068558304
9317,5,13.9721311402,16.81970449432291,2.8475733541229094
9318,5,17.685641054,17.206284003970275,0.4793570500297264
9319,1,19.2398647747,18.336806989697916,0.9030577850020833
9320,4,15.9482353023,16.344203171757425,0.395967869457424
9321,1,14.9333333036,13.984269223397563,0.9490640802024366
9322,5,11.9171521116,16.598724413369872,4.681572301769872
9323,1,17.1300309981,14.404621754483227,2.725409243616774
9324,4,19.0581967792,17.228372256499625,1.829824522700374
9325,5,13.1129251792,25.22948999676704,12.11656481756704
9326,1,13.1173913375,15.734869638713217,2.6174783012132163
9327,1,13.9526595765,20.576970510169648,6.624310933669648
9328,5,12.610000017,25.553271305603353,12.943271288603352
9329,1,15.202450972,21.657811350227192,6.455360378227192
9330,1,15.9559585542,21.29786023098555,5.3419016767855485
9331,2,6.34359999466,14.703229999975056,8.359630005315056
9332,1,4.60583089392,9.669280364751017,5.063449470831017
9333,1,5.23555939857,8.968322299429312,3.7327629008593117
9334,1,3.79300932021,12.028514605014744,8.235505284804743
9335,2,5.46880598282,15.811219942786657,10.342413959966656
9336,2,5.22072072072,14.665613638881704,9.444892918161703
9337,2,7.12705312489,15.410941667515935,8.283888542625935
9338,2,6.48141265536,12.888038743550691,6.406626088190691
9339,5,10.1542553293,14.099836129838556,3.945580800538556
9340,2,8.97835051153,13.427830908860187,4.449480397330188
9341,4,8.0087786467,12.290007670860302,4.281229024160302
9342,4,8.18095239003,9.40093368421473,1.2199812941847288
9343,4,7.17765957751,10.18548226923043,3.0078226917204303
9344,3,9.28695649686,8.790355654239185,0.49660084262081483
9345,5,10.6263157568,13.886700088221934,3.2603843314219336
9346,3,9.44339620842,9.109802586087135,0.3335936223328648
9347,5,10.0220930438,16.300901504439373,6.2788084606393735
9348,3,9.59772723371,7.950826510471816,1.6469007232381836
9349,5,9.6025640292,12.75292800313005,3.15036397393005
9350,5,9.75116283949,14.487319953810875,4.736157114320875
9351,5,10.8359999657,14.570703848466733,3.734703882766734
9352,5,10.1406249106,19.127799483909033,8.987174573309034
9353,5,9.92222224341,20.163138706942263,10.240916463532264
9354,1,10.1150442647,10.149877061370342,0.03483279667034189
9355,1,11.3666666576,9.619708245132278,1.7469584124677215
9356,1,11.2666666667,9.428641181431264,1.8380254852687372
9357,3,9.76666673024,11.357948465971731,1.5912817357317302
9358,4,10.8890624195,11.032218769928443,0.143156350428443
9359,1,11.100000004,9.921687840163163,1.1783121638368375
9360,4,9.64328353085,8.647274759904874,0.9960087709451262
9361,3,9.95131576689,9.170110754141362,0.7812050127486376
9362,2,10.2499999749,11.338954384739656,1.0889544098396566
9363,4,10.8174999595,9.186915974482053,1.630583985017946
9364,2,12.0200000763,15.392592364946545,3.372592288646544
9365,2,10.1833333969,13.509139152944321,3.3258057560443213
9366,2,12.0,12.225120274686585,0.22512027468658502
9367,2,11.8499999046,12.917370553439063,1.0673706488390629
9368,2,11.1159090779,11.586697286199792,0.4707882082997923
9369,3,10.0716049289,9.547741986276023,0.5238629426239765
9370,2,11.2166668574,15.027070217812293,3.810403360412293
9371,3,9.24400001526,8.834320228911588,0.40967978634841096
9372,2,10.1766467066,12.39674411650709,2.2200974099070905
9373,2,9.63902436233,11.541246841589334,1.9022224792593345
9374,2,8.76835440986,10.607973533986131,1.8396191241261306
9375,5,8.89157893532,10.88954965002456,1.9979707147045591
9376,5,10.6736841704,16.686908527681616,6.013224357281617
9377,5,9.59024392105,14.321368240580666,4.731124319530666
9378,4,6.66456310417,6.884340679767154,0.2197775755971536
9379,5,7.89999997616,13.356593914180099,5.456593938020099
9380,5,6.63888888889,18.87890194018898,12.24001305129898
9381,5,7.09333333969,10.062974094891587,2.9696407552015867
9382,5,7.84193552694,16.540448840219227,8.698513313279227
9383,5,7.81111115879,13.812310450292976,6.001199291502976
9384,5,7.019047669,10.622454491072522,3.6034068220725226
9385,5,7.49333333969,19.04816969648481,11.554836356794809
9386,5,7.77368425068,18.69341818324501,10.919733932565013
9387,5,5.22307694613,8.81456166380239,3.5914847176723903
9388,5,7.5312499702,20.240804039206147,12.709554069006145
9389,5,6.61999998093,9.90195175118016,3.28195177025016
9390,5,7.6388888624,16.068186979656353,8.429298117256353
9391,5,7.42800001144,10.255924113681445,2.827924102241445
9392,5,7.11428574153,17.205762538384676,10.091476796854675
9393,5,7.10714282308,20.98351052044817,13.87636769736817
9394,5,7.8620689984,15.23796628129191,7.375897282891911
9395,5,7.19473680697,19.49090823300228,12.29617142603228
9396,5,7.51111112701,20.34320650375701,12.83209537674701
9397,5,6.63333326976,10.074715055896396,3.4413817861363967
9398,5,7.64999997616,12.625059268846993,4.975059292686993
9399,5,7.55217388402,9.518956203047932,1.9667823190279314
9400,5,7.47407408114,10.135533777800536,2.6614596966605353
9401,5,7.27272731608,8.589722123842318,1.3169948077623177
9402,5,7.41333328883,10.431282797216097,3.0179495083860974
9403,5,6.76000000636,8.888020230729062,2.1280202243690614
9404,5,7.45416669051,11.491393962993348,4.037227272483348
9405,5,6.53684207013,10.734585914278478,4.197743844148478
9406,5,7.50833332539,9.935532080135834,2.4271987547458345
9407,5,7.24848484271,10.096961287729115,2.8484764450191156
9408,5,7.85000007493,12.276291043315252,4.426290968385253
9409,5,4.58714859265,9.297185553878148,4.710036961228147
9410,5,6.61538460927,10.539800362907055,3.9244157536370547
9411,5,4.42156972675,8.814374441026994,4.392804714276994
9412,5,4.07727269693,6.569239640951407,2.4919669440214074
9413,5,7.45648313246,6.9887670228110546,0.4677161096489453
9414,5,7.64285717692,10.037098878889564,2.3942417019695643
9415,5,7.59230760428,10.22463832768357,2.6323307234035696
9416,5,7.38235288508,9.675914279325506,2.293561394245505
9417,5,7.16363629428,11.547786572869002,4.3841502785890025
9418,5,7.73571426528,9.499167207800149,1.7634529425201482
9419,5,7.00526315288,12.055297236916672,5.050034084036673
9420,5,7.00000002649,10.071058466562585,3.0710584400725844
9421,5,7.4687500298,9.146263266683732,1.6775132368837324
9422,5,7.28888895777,15.238028258858959,7.949139301088959
9423,5,7.48695647198,9.852059828940389,2.3651033569603888
9424,5,7.61818183552,9.550433663895289,1.9322518283752892
9425,5,4.95612901565,9.461183577726976,4.5050545620769755
9426,5,7.66249996424,10.589594428146667,2.9270944639066663
9427,5,7.30000007153,14.03349185522627,6.7334917836962696
9428,5,7.28888893127,10.504962763798895,3.2160738325288953
9429,5,6.95454543287,11.029238157713424,4.074692724843424
9430,5,7.50555557675,13.660211854095575,6.154656277345575
9431,5,6.83666667938,11.807691063510457,4.971024384130457
9432,5,7.52500000596,10.433744402623132,2.908744396663132
9433,5,7.9761904989,14.97836325903381,7.002172760133809
9434,5,3.93116218986,6.792561298634617,2.8613991087746165
9435,5,14.1745989412,10.09670625151333,4.077892689686669
9436,5,7.71999995708,10.894737504221311,3.1747375471413113
9437,5,7.12499992847,20.632579575298788,13.507579646828788
9438,5,6.69375002384,19.573270536629135,12.879520512789135
9439,5,6.55555552906,19.68616250108334,13.13060697202334
9440,5,7.26666666667,21.21999293586824,13.953326269198241
9441,5,6.54374998808,9.47704409925373,2.93329411117373
9442,5,7.49411762462,12.774815008154908,5.280697383534908
9443,5,7.63749995828,10.326169459413709,2.6886695011337087
9444,5,6.92857136045,12.243932110804915,5.315360750354914
9445,5,7.4166667064,14.210924736367613,6.7942580299676125
9446,3,3.53983050187,9.318536347642485,5.778705845772485
9447,3,4.03333330154,7.767371693436214,3.734038391896214
9448,3,4.91220930196,10.621810962351043,5.709601660391043
9449,3,4.70277775659,7.902170114818275,3.199392358228275
9450,3,0.0,1.2645534914394998,1.2645534914394998
9451,3,4.80129309667,10.799984438359575,5.998691341689574
9452,3,3.67333332698,17.31835323689654,13.645019909916542
9453,3,4.36267941991,9.60373700590574,5.2410575859957405
9454,3,7.14166669051,8.618720712093857,1.4770540215838572
9455,3,6.24499995708,10.97171490121004,4.72671494413004
9456,3,8.21875011921,13.593274683292224,5.374524564082224
9457,3,5.46500002146,7.119423908974805,1.6544238875148052
9458,3,5.40364960162,7.644950378740135,2.241300777120135
9459,3,7.43666664759,11.81963613764191,4.382969490051909
9460,3,7.69999996185,8.573944704482509,0.8739447426325091
9461,3,6.23125004768,15.034033760251823,8.802783712571824
9462,3,7.52941173666,8.468266116816888,0.9388543801568883
9463,3,7.76000003815,13.5040631284608,5.744063090310799
9464,3,6.34000008901,8.826558018139654,2.4865579291296536
9465,3,7.64499993324,7.503138809398741,0.14186112384125948
9466,1,7.96000003815,18.489070247232387,10.529070209082388
9467,1,6.8909090649,10.588285556545365,3.6973764916453655
9468,1,7.98947379464,17.441783500742655,9.452309706102655
9469,1,6.91176470588,19.74830144809101,12.83653674221101
9470,1,6.37222223812,8.901387263768328,2.529165025648328
9471,1,7.01052633085,21.375509709208213,14.364983378358213
9472,1,7.13571425847,10.92205978835704,3.786345529887039
9473,1,7.39047618139,9.527183233547975,2.1367070521579743
9474,1,7.68260881175,10.416410712822623,2.7338019010726233
9475,1,8.00000002384,8.918708001665893,0.9187079778258926
9476,1,7.63999996185,11.023236678971386,3.3832367171213864
9477,1,6.86428577559,9.466582421692065,2.602296646102065
9478,1,5.6,18.430177178225875,12.830177178225876
9479,1,6.89347828989,11.177625953490729,4.284147663600729
9480,1,5.88823528851,10.976030947460183,5.087795658950183
9481,1,7.33684208519,10.685680808783617,3.3488387235936177
9482,1,7.24499998093,9.364380947099935,2.1193809661699348
9483,1,7.24166667461,10.56148302259765,3.3198163479876506
9484,1,6.98571434475,11.934362137974253,4.948647793224253
9485,1,6.28500001431,10.558673348211519,4.2736733339015185
9486,1,7.3866666158,10.02283667928501,2.63617006348501
9487,1,7.21363637664,11.266577192698087,4.052940816058086
9488,1,7.06666673024,10.617381599364132,3.550714869124132
9489,1,6.13000001907,9.009060348434298,2.8790603293642985
9490,1,4.68214283671,12.994653787148785,8.312510950438785
9491,1,7.36000000636,11.421887921714584,4.061887915354584
9492,1,7.74444444974,9.28078933898195,1.536344889241951
9493,1,7.9,8.689913582296624,0.7899135822966237
9494,1,7.7894737595,18.916879134125452,11.127405374625452
9495,1,7.52000001272,17.921164387045838,10.401164374325838
9496,1,5.81875002384,17.69745325293014,11.878703229090139
9497,1,7.9133333842,8.312807934596503,0.39947455039650226
9498,1,6.57333332698,9.95926662213563,3.3859332951556294
9499,1,7.1555555426,24.048812724729068,16.89325718212907
9500,1,5.96500003338,9.214503798635837,3.249503765255837
9501,1,5.95000004768,11.46845362369393,5.518453576013931
9502,1,6.50555555026,11.333179581473475,4.827624031213475
9503,1,8.1562499702,9.91252674652239,1.756276776322391
9504,1,7.27857143538,10.373881572911975,3.0953101375319747
9505,1,7.32499995828,10.37844409099961,3.0534441327196093
9506,1,7.84814820466,10.034555620631961,2.186407415971961
9507,1,6.88800003052,9.458097602443836,2.570097571923836
9508,1,7.61176482369,10.49186024619597,2.8800954225059696
9509,1,8.07142860549,11.234501404389134,3.163072798899133
9510,1,7.81500003338,10.599328554221833,2.784328520841833
9511,1,7.21000003815,11.050875456448194,3.840875418298195
9512,1,7.02941176471,10.533727564123145,3.5043157994131455
9513,1,6.51052630575,10.717863898047153,4.2073375922971525
9514,1,6.91500005722,9.61775876743303,2.702758710213029
9515,1,5.89411769194,9.652984546005243,3.758866854065243
9516,1,6.89999998533,9.996333291719369,3.0963333063893685
9517,1,5.12040815061,9.77330565162447,4.65289750101447
9518,1,7.33000001907,19.382419960068198,12.052419940998199
9519,1,7.77692310627,18.532687754965412,10.755764648695411
9520,1,7.99047626768,9.010637653703679,1.0201613860236787
9521,1,5.88636363636,10.096218085860261,4.209854449500262
9522,1,8.30000005166,10.315075854123993,2.0150758024639934
9523,1,7.96666666667,10.003757086832756,2.037090420162756
9524,1,5.87647053775,18.888783877948935,13.012313340198935
9525,1,5.49411762462,11.883049721308273,6.388932096688273
9526,1,8.1409090649,9.550822034666785,1.4099129697667845
9527,1,7.08666667938,10.840395536908707,3.7537288575287064
9528,1,7.55624994636,10.898082106036375,3.3418321596763745
9529,1,6.94117641449,18.785956046722482,11.844779632232482
9530,1,6.88461534794,9.692704898756274,2.808089550816274
9531,1,7.40952378228,11.28369608694781,3.87417230466781
9532,1,7.78499999046,9.951863897526403,2.1668639070664026
9533,1,7.58461545064,11.508384283926405,3.923768833286405
9534,1,5.69310346143,10.708041950708688,5.014938489278689
9535,1,6.37222226461,10.065593885562675,3.693371620952675
9536,1,7.9,8.926967178091552,1.0269671780915512
9537,1,7.76153839551,10.020238200510825,2.258699805000825
9538,1,6.26842102252,11.147573058854157,4.8791520363341565
9539,1,6.27142851693,9.925053996768922,3.6536254798389214
9540,1,7.93846159715,9.475927405292104,1.5374658081421044
9541,3,5.76764706654,11.11150521086906,5.34385814432906
9542,3,7.21944447358,16.908003760741888,9.688559287161887
9543,3,6.44510870006,20.27493181326857,13.829823113208569
9544,3,6.38387097082,19.69673376166386,13.31286279084386
9545,3,6.10384616485,16.764939801097228,10.661093636247227
9546,3,4.04500000079,12.741792522119765,8.696792521329765
9547,3,6.03478261699,14.7705627851784,8.7357801681884
9548,3,4.45833336645,10.167442397760981,5.709109031310981
9549,3,4.68142855508,8.482873820743398,3.801445265663398
9550,3,6.21999998093,23.07678026264562,16.856780281715622
9551,3,4.83142854146,8.844313742867223,4.012885201407223
9552,3,4.33902438675,14.627260691160302,10.288236304410301
9553,3,5.58500000238,23.253525240783937,17.668525238403937
9554,3,7.63009709756,22.392014998578496,14.761917901018496
9555,3,7.40000009537,12.341173849609492,4.941173754239491
9556,3,5.57999999306,8.974678970944293,3.3946789778842925
9557,3,7.18536587459,17.766253976092955,10.580888101502953
9558,3,7.15625,13.600496867602427,6.444246867602427
9559,3,5.53604651052,16.056179711008987,10.520133200488987
9560,3,7.98644067473,10.504926622291782,2.518485947561782
9561,3,5.26666667726,16.08502377833621,10.818357101076211
9562,3,5.18415093512,11.092107372818612,5.907956437698612
9563,3,8.03823529973,15.322132746595841,7.283897446865842
9564,3,5.59285712242,15.042951685095742,9.450094562675742
9565,3,6.14166673024,10.359365940891394,4.217699210651394
9566,3,6.81111110581,15.3374662668448,8.5263551610348
9567,3,4.80000000734,14.529480421890513,9.729480414550512
9568,3,3.77647057702,14.01580129167459,10.23933071465459
9569,3,4.18863638423,9.41645708899435,5.227820704764351
9570,3,4.3222222858,7.684027626341896,3.3618053405418964
9571,3,7.80877195325,19.94047943169331,12.131707478443309
9572,3,4.73603603861,20.677287851938015,15.941251813328016
9573,3,7.14268291869,16.71563673287506,9.572953814185059
9574,3,8.48947364406,20.781104584771874,12.291630940711874
9575,3,6.89285715989,17.288479076439536,10.395621916549537
9576,3,5.54749999046,17.549566827416058,12.002066836956057
9577,3,5.00555560324,18.761774392748453,13.756218789508452
9578,3,4.32040816424,14.776422988236169,10.456014823996169
9579,3,5.20100001335,8.584450486908922,3.3834504735589226
9580,3,7.27037035536,9.551243123887302,2.280872768527302
9581,3,7.0301886752,14.389022087636787,7.358833412436788
9582,3,7.33076921793,18.919838320061242,11.58906910213124
9583,3,8.19411764893,9.430329233770907,1.2362115848409072
9584,3,7.37826090965,8.644782031592761,1.2665211219427617
9585,3,5.69184466056,9.321273742714336,3.629429082154336
9586,3,7.06388890743,15.054346166101313,7.990457258671313
9587,3,5.87777778837,14.477222796416765,8.599445008046764
9588,3,5.3630434793,15.343570981357642,9.980527502057642
9589,3,5.27777775129,8.226723788057985,2.9489460367679845
9590,3,5.18061223809,10.30140009155638,5.120787853466379
9591,3,5.84347826502,10.564522572234072,4.721044307214072
9592,3,4.61976743853,10.316469568243939,5.696702129713938
9593,3,5.91111107667,16.535994058878664,10.624882982208664
9594,3,6.54814813755,17.96576986586486,11.41762172831486
9595,3,5.18685713904,18.382155048714694,13.195297909674693
9596,3,6.12820514043,8.602615103056689,2.474409962626688
9597,3,5.00384615018,13.29071500760222,8.28686885742222
9598,5,3.58666666879,8.522306642743581,4.935639973953581
9599,5,4.06800001621,13.23450548774215,9.16650547153215
9600,5,4.90000000454,8.474870539427835,3.574870534887835
9601,5,4.67051281379,8.2657790538355,3.5952662400454996
9602,5,3.72622950546,11.193620950092935,7.467391444632935
9603,5,3.91410257572,9.391317318882793,5.4772147431627936
9604,5,4.19999999801,7.915506027462133,3.7155060294521327
9605,5,4.09090905479,14.884469085353686,10.793560030563686
9606,5,3.40238094897,9.778868479138916,6.376487530168916
9607,5,4.1944444312,9.007160483514564,4.812716052314564
9608,5,4.08750003576,9.207793990993533,5.120293955233533
9609,5,3.98333330552,8.84518718061874,4.86185387509874
9610,5,6.14210530331,8.01223864888766,1.8701333455776599
9611,5,5.74166667461,8.883068404707835,3.1414017300978347
9612,5,5.33999999364,9.412436586697039,4.072436593057039
9613,5,3.26875001192,8.129504214696905,4.860754202776905
9614,5,4.43333332627,11.954110508157324,7.520777181887325
9615,5,3.33684209594,8.85925535066813,5.52241325472813
9616,5,3.55384613917,10.032967367344629,6.479121228174629
9617,5,3.91034482265,11.452066503233526,7.541721680583526
9618,5,4.33595506261,18.760929061305006,14.424973998695005
9619,5,5.50000007947,10.148948665114615,4.648948585644614
9620,5,6.99166671435,15.611715730902233,8.620049016552233
9621,5,4.64838712446,10.11829818538754,5.469911060927539
9622,5,3.92631577191,9.416153456798916,5.489837684888917
9623,5,4.03684209104,10.585247415980941,6.5484053249409415
9624,5,4.22307695792,9.071011709771547,4.847934751851547
9625,5,3.74666666455,8.030969346947387,4.284302682397387
9626,5,4.36212121357,9.173930810968166,4.811809597398166
9627,5,4.11219516033,8.647987783332441,4.5357926230024415
9628,5,3.37450979738,14.847912952374344,11.473403154994344
9629,5,3.39104477327,7.865040077768955,4.473995304498955
9630,5,3.91111110316,9.85023944508985,5.93912834192985
9631,5,3.90666666031,7.933879693149564,4.027213032839564
9632,5,6.22666667302,9.212943256456926,2.9862765834369256
9633,5,6.41666668256,8.506688027606064,2.090021345046064
9634,5,4.26111111376,9.179198895485014,4.9180877817250135
9635,5,3.66451612083,9.56483954883878,5.90032342800878
9636,5,3.74878047152,8.491996093492359,4.743215621972359
9637,5,4.19230769231,8.281024229729255,4.088716537419255
9638,5,4.34905662627,8.263153782092774,3.9140971558227733
9639,5,4.47714286532,9.940665726169634,5.463522860849634
9640,5,4.75306119724,9.524599413271263,4.771538216031263
9641,5,4.65714286623,8.595763871658674,3.938621005428674
9642,5,3.43333333817,8.754943705488515,5.321610367318515
9643,5,3.36551725453,9.80150876625754,6.43599151172754
9644,5,6.43333337042,8.604912915204665,2.171579544784665
9645,5,4.22121211254,9.083577874586116,4.862365762046116
9646,5,4.3904762041,10.393347717451837,6.002871513351837
9647,5,3.63661970891,7.993877232049164,4.357257523139165
9648,5,4.30952377168,8.29884952701857,3.9893257553385695
9649,5,5.95263154883,8.117112066294771,2.1644805174647708
9650,5,5.42222224341,8.245921733737283,2.823699490327283
9651,5,4.13913043686,9.208524337470974,5.069393900610974
9652,5,6.92500007153,8.536570332729479,1.6115702611994784
9653,5,4.45999994278,8.161564459387586,3.7015645166075863
9654,5,3.64615381681,8.13681224438293,4.490658427572931
9655,5,3.35000000217,8.650338830383948,5.300338828213948
9656,5,3.82323233046,7.971390870860876,4.1481585404008765
9657,5,3.80508474172,7.399665111656173,3.594580369936173
9658,5,4.57499996821,9.600104646830077,5.025104678620077
9659,5,4.19999998808,9.131941842714417,4.931941854634417
9660,5,4.97433628656,9.102789156427997,4.128452869867997
9661,3,7.5,9.071821845933782,1.5718218459337816
9662,3,6.54761907033,9.214439942097425,2.666820871767425
9663,3,6.74666662216,9.327812418409621,2.581145796249621
9664,3,7.15789468665,8.040879419984165,0.8829847333341654
9665,3,6.47142853056,12.110871666045638,5.639443135485638
9666,3,6.01481478303,10.15337113823313,4.1385563552031295
9667,3,6.94800003052,10.525011164276087,3.577011133756087
9668,3,6.79285720416,10.09211382981353,3.2992566256535296
9669,2,6.76923076923,9.65443179765946,2.885201028429459
9670,2,6.39166669051,10.594083048156998,4.202416357646998
9671,2,6.68421055141,11.63318130159548,4.94897075018548
9672,4,6.66250002384,7.3286871152779245,0.6661870914379246
9673,4,7.37142859186,7.729005930323617,0.35757733846361717
9674,4,5.69600000381,7.3313497405073385,1.6353497366973384
9675,4,7.23076919409,11.078727113371688,3.847957919281688
9676,4,5.47692306225,6.797562634720958,1.3206395724709576
9677,4,6.75384613184,7.458617934066116,0.7047718022261167
9678,4,7.33750006557,7.028393131114572,0.3091069344554276
9679,4,6.21333332062,11.05955490233379,4.84622158171379
9680,4,6.7136363658,7.927082260228678,1.213445894428678
9681,4,5.51499998569,6.349435938509273,0.8344359528192724
9682,4,5.98888889949,10.714791654620768,4.725902755130768
9683,4,7.40357143538,7.352386284509513,0.05118515087048703
9684,4,7.29090911692,7.780997207985892,0.4900880910658918
9685,4,7.42000007629,11.154677116690657,3.7346770404006566
9686,4,7.74166671435,7.127403825512386,0.6142628888376143
9687,4,7.56666676203,10.588629153506568,3.0219623914765688
9688,4,5.81333328883,6.913966700061553,1.100633411231553
9689,4,6.98461539929,6.447829202137385,0.5367861971526153
9690,4,5.87058821846,7.40887781164642,1.5382895931864198
9691,4,6.66153841752,8.90262984647063,2.2410914289506296
9692,4,6.87407403522,10.981856564762023,4.107782529542023
9693,4,6.5555555114,10.861624402817325,4.3060688914173255
9694,4,7.02978721578,7.811417662968719,0.7816304471887188
9695,4,5.38333332539,7.72389166411447,2.3405583387244704
9696,4,7.07500004768,11.70590533401862,4.630905286338621
9697,4,6.83333325386,7.0884088741034015,0.25507562024340125
9698,4,6.68947372938,7.823662039882559,1.1341883105025587
9699,4,7.29999995232,7.621416322892724,0.32141637057272376
9700,4,6.52857140132,8.019505520613517,1.4909341192935175
9701,4,5.65,7.181437202368072,1.531437202368072
9702,4,8.0741935853,7.49263933325646,0.5815542520435395
9703,4,7.01739128776,7.807060844422294,0.789669556662294
9704,4,6.37307695242,8.078497128960734,1.7054201765407342
9705,4,6.83333338632,10.62523988183903,3.791906495519031
9706,4,6.5,7.8305976812017,1.3305976812017004
9707,4,7.64230766663,7.267645523738658,0.37466214289134214
9708,4,7.04999995232,7.971194317260254,0.9211943649402539
9709,4,7.38750004768,7.352087836699553,0.035412210980446446
9710,4,6.50833328565,7.752630206746604,1.2442969210966037
9711,4,6.8520000267,7.818793160053807,0.9667931333538071
9712,4,6.3833334446,11.783992608377575,5.400659163777576
9713,4,6.60357143198,8.39230055883433,1.7887291268543306
9714,4,7.2823529524,7.51040502481419,0.22805207241419012
9715,4,7.5444443844,6.672919303126044,0.8715250812739566
9716,4,7.32499998808,8.465242030791007,1.140242042711007
9717,4,7.88750004768,8.106644324538372,0.21914427685837268
9718,4,7.75000011921,11.03083080924201,3.28083069003201
9719,4,7.97500006358,7.389420873180031,0.5855791903999688
9720,4,7.38235294118,11.687875073108579,4.305522131928579
9721,4,6.25,7.108875109931188,0.858875109931188
9722,4,7.21538466674,7.172103550283079,0.0432811164569209
9723,4,7.06666668256,10.954457927438236,3.887791244878236
9724,4,6.14666665395,9.30021087584435,3.15354422189435
9725,4,6.89230775833,10.21831089218619,3.32600313385619
9726,4,7.31304359436,15.455820747504951,8.142777153144952
9727,4,7.30588234172,9.95807130605671,2.652188964336709
9728,4,7.23000001907,10.945373372913412,3.715373353843412
9729,4,6.56170213983,7.716026378976164,1.1543242391461632
9730,4,7.31200008392,6.875409155498805,0.43659092842119485
9731,4,6.89374998212,10.858360795230114,3.964610813110114
9732,4,7.04375001788,8.415838207539005,1.3720881896590056
9733,4,6.70588235294,11.175666885836252,4.469784532896252
9734,4,7.01999998093,9.404187973774487,2.3841879928444873
9735,4,6.6499999894,7.083262672341904,0.43326268294190395
9736,4,7.27333335876,7.986558173007642,0.7132248142476412
9737,4,7.73749995232,7.324513689115696,0.41298626320430465
9738,2,7.14999997616,9.218006153148735,2.0680061769887352
9739,2,7.59333327611,9.88773326466393,2.2943999885539306
9740,2,7.64545453678,9.388849623754359,1.7433950869743589
9741,2,6.75,11.37376396536457,4.623763965364571
9742,2,6.65714284352,9.379367072365403,2.722224228845403
9743,2,7.89999995913,13.179147392264644,5.279147433134645
9744,2,7.48571429934,9.431825658906854,1.9461113595668547
9745,2,7.21250003576,10.176522001123375,2.9640219653633757
9746,2,7.43333323797,10.321466529424976,2.8881332914549755
9747,2,6.74999989782,12.90287100820262,6.15287111038262
9748,2,4.47272726984,8.956597619531959,4.4838703496919585
9749,2,7.42000007629,9.114359726068967,1.694359649778967
9750,2,7.04285710199,9.85426432559218,2.8114072236021794
9751,2,7.53333330154,10.890967733970731,3.3576344324307312
9752,2,8.6250000596,9.425163092674277,0.800163033074277
9753,2,6.83529413448,9.824924683580662,2.989630549100662
9754,2,6.58461541396,9.144697709856732,2.5600822958967324
9755,2,7.0888888571,9.978703871220384,2.8898150141203844
9756,2,7.77272731608,9.542602157873146,1.769874841793146
9757,2,7.71428564617,11.342881714739697,3.6285960685696974
9758,2,7.56923077657,11.876861135503939,4.307630358933938
9759,2,7.32222212685,8.855530350092124,1.5333082232421242
9760,2,7.58571427209,10.866579112915412,3.280864840825412
9761,2,6.74000002543,10.493039725252185,3.7530396998221853
9762,2,7.04444445504,10.136912283798967,3.0924678287589673
9763,2,6.17000002861,10.701556466589865,4.531556437979866
9764,2,7.12499988079,9.786801368690096,2.661801487900096
9765,2,6.92666660945,9.30151287604113,2.3748462665911303
9766,2,7.4375,9.178829587208659,1.741329587208659
9767,2,7.15,11.196228096579484,4.046228096579483
9768,2,4.5186046556,10.492449043019088,5.973844387419088
9769,2,6.65238089789,16.921476990794822,10.269096092904823
9770,2,6.79999995232,9.341119457663249,2.5411195053432483
9771,2,6.90833338102,12.017648948867382,5.109315567847382
9772,2,7.23999991417,11.77950040197735,4.5395004878073495
9773,2,7.10000004768,10.764745340039743,3.6647452923597434
9774,2,8.05555566152,10.339665556105162,2.2841098945851623
9775,2,8.17142868042,13.79538236022885,5.623953679808849
9776,2,6.90000005202,11.149213054819676,4.249213002799675
9777,2,7.17777776718,10.236331101908378,3.058553334728378
9778,2,7.14444441266,11.56117727242339,4.416732859763389
9779,2,4.99230764462,15.32275144478102,10.330443800161019
9780,2,8.63999996185,11.476816412209834,2.8368164503598337
9781,2,6.96666661898,9.016896309915504,2.0502296909355042
9782,2,7.30714283671,9.793268071177147,2.4861252344671474
9783,2,6.57142850331,9.960879163419822,3.389450660109822
9784,2,8.6,10.554753457164843,1.954753457164843
9785,2,6.5,9.710968960379894,3.210968960379894
9786,2,6.91111119588,10.240172644687465,3.3290614488074652
9787,2,7.17999992371,9.866475076558123,2.686475152848123
9788,2,7.68333323797,9.723268065910892,2.0399348279408915
9789,2,7.25,10.704037378015697,3.4540373780156965
9790,2,7.44444444444,11.799515717341801,4.355071272901801
9791,2,7.65000003576,11.658594469630556,4.008594433870556
9792,2,8.02857146944,9.854255344328324,1.825683874888325
9793,2,6.97500002384,9.86407124676494,2.8890712229249402
9794,2,7.71250003576,9.946295275892336,2.233795240132336
9795,2,7.30000004768,10.630918734947713,3.3309186872677126
9796,2,7.77142858505,9.957407425636697,2.1859788405866976
9797,2,7.70909088308,9.898193466173163,2.189102583093163
9798,2,6.4999999404,10.333980688635982,3.833980748235982
9799,2,7.15999994278,9.841074858872593,2.6810749160925935
9800,2,7.4416667223,9.665598294012776,2.223931571712776
9801,2,6.63333330154,10.003593000279318,3.3702596987393187
9802,2,7.69230769231,10.219070058977058,2.5267623666670582
9803,2,7.62500011921,14.300171831024121,6.675171711814121
9804,2,7.44999992847,10.423461992574008,2.973462064104009
9805,2,7.20000002119,10.931917795441843,3.7319177742518423
9806,2,7.83333357175,10.11233271511268,2.2789991433626806
9807,2,7.44285719735,9.850357534811478,2.407500337461477
9808,2,6.74999996594,9.360370381624811,2.6103704156848115
9809,2,7.19545453245,9.563145429792934,2.367690897342934
9810,2,6.84000005722,8.990344859854835,2.1503448026348346
9811,2,7.22999997139,10.452452838468767,3.2224528670787675
9812,2,6.8833334446,10.002249836179383,3.1189163915793827
9813,2,6.625,9.4538499128533,2.8288499128533005
9814,2,7.14444435967,10.81720112344374,3.67275676377374
9815,2,7.16666658719,10.163201635428905,2.996535048238905
9816,2,7.56000003815,10.84811270985133,3.28811267170133
9817,2,7.2333334287,10.54076773440852,3.3074343057085205
9818,2,8.0,9.71283235890422,1.7128323589042207
9819,2,6.64999985695,9.979711186139122,3.329711329189122
9820,2,7.23636362769,10.283244527171929,3.0468808994819288
9821,2,7.08888891008,9.13720750783536,2.04831859775536
9822,2,7.42500001192,10.64108269394383,3.2160826820238295
9823,2,6.85000002384,9.885900472359676,3.0359004485196763
9824,2,6.46666661898,9.743104508256266,3.2764378892762664
9825,2,2.8857142755,8.94137183390654,6.055657558406541
9826,2,5.99687501788,16.196464431040045,10.199589413160044
9827,2,4.01666666522,10.450042686368633,6.433376021148633
9828,2,7.14444441266,10.491176760491781,3.3467323478317805
9829,2,7.68181818182,11.949190987388965,4.267372805568965
9830,2,7.21904763721,9.007889200301996,1.7888415630919958
9831,2,7.38888888889,9.242104982683657,1.8532160937936561
9832,2,6.67999982834,9.975196504332992,3.295196675992992
9833,2,7.78749996424,9.656416089475087,1.8689161252350868
9834,2,6.79999989271,9.7370956274033,2.9370957346932993
9835,2,7.42727266658,9.381936314814489,1.9546636482344883
9836,2,6.69999998808,11.505227850944578,4.805227862864578
9837,2,7.04999995232,10.556584648053349,3.5065846957333484
9838,2,6.92500007153,9.1911751199199,2.266175048389899
9839,2,7.01111110051,10.421214204931884,3.410103104421884
9840,2,3.26818181303,10.171006530034674,6.902824717004674
9841,2,6.8272727186,9.371284025544327,2.544011306944327
9842,2,7.26666665077,10.75992579059842,3.493259139828419
9843,2,6.94000005722,9.7674619565485,2.8274618993285
9844,2,6.6999999455,9.57061821981937,2.8706182743193693
9845,2,8.21999998093,12.126487265860922,3.906487284930922
9846,2,8.57333339055,10.247211587301514,1.6738781967515148
9847,2,7.27272722938,9.441925562674937,2.169198333294937
9848,2,7.30909104781,8.694256628743734,1.3851655809337338
9849,2,7.03333330154,9.499117822456274,2.465784520916274
9850,2,7.22500002384,10.450134690427479,3.225134666587479
9851,2,7.15384611717,11.519835538777484,4.365989421607484
9852,2,6.88000011444,9.764436123087114,2.884436008647114
9853,2,7.41666658719,9.07098482160338,1.6543182344133802
9854,2,6.38333328565,10.600664820535961,4.217331534885961
9855,2,7.07999992371,10.900774405352973,3.8207744816429727
9856,2,7.10909089175,8.830523269542946,1.7214323777929454
9857,2,7.51249992847,10.555819873526433,3.0433199450564334
9858,2,2.85416667163,11.250829066721566,8.396662395091568
9859,2,6.64545453678,9.786410269988743,3.1409557332087426
9860,2,6.55625006557,10.108795440246706,3.552545374676706
9861,2,6.71999998093,9.464984317252508,2.744984336322508
9862,2,7.38461538462,8.895833625443158,1.5112182408231583
9863,2,7.83529416253,8.903508237026106,1.0682140744961055
9864,2,7.34545469284,13.180852194712264,5.835397501872264
9865,2,7.3,11.011246071821114,3.7112460718211144
9866,2,8.3000000545,9.664692561423783,1.3646925069237827
9867,2,6.51538467407,8.605610182977703,2.090225508907703
9868,2,7.66923075456,10.06735208125855,2.3981213266985497
9869,2,7.04545463215,12.792553381656983,5.747098749506983
9870,2,7.32222223282,11.57068670750665,4.248464474686651
9871,2,6.69999990463,10.225624864539808,3.525624959909808
9872,2,7.0,10.286375568104154,3.2863755681041535
9873,2,7.19999988874,11.21205327931211,4.0120533905721105
9874,2,7.09999990463,9.311700239019128,2.2117003343891284
9875,2,7.06818177483,8.518073518852988,1.4498917440229881
9876,2,7.19999992847,10.086716810322663,2.8867168818526636
9877,2,4.39310346801,10.859472027819905,6.466368559809905
9878,2,3.73376621828,8.502325635330793,4.768559417050794
9879,2,7.25999994278,11.481345703736565,4.221345760956565
9880,2,7.15000006131,9.776812827877887,2.6268127665678866
9881,2,6.78235292435,8.894547206260793,2.112194281910793
9882,2,7.70000012716,13.157105666652706,5.457105539492706
9883,2,8.39999993642,11.042605148020968,2.6426052116009675
9884,2,7.9333334287,10.609172889007283,2.675839460307283
9885,2,7.17777782016,8.386731064027618,1.2089532438676178
9886,2,7.70999999046,9.798473289615606,2.0884732991556056
9887,2,7.52857140132,10.137273820657116,2.608702419337116
9888,2,7.80000007153,10.171180281520089,2.3711802099900883
9889,2,7.19090908224,10.772411623215454,3.581502540975454
9890,2,6.81818190488,9.335244596180393,2.517062691300393
9891,2,6.43333333333,9.753826179001694,3.3204928456716933
9892,2,7.16666671965,11.37921343063624,4.212546710986239
9893,2,6.91428579603,10.225055446605195,3.310769650575195
9894,2,7.62142852374,10.08313939860167,2.4617108748616703
9895,2,2.30769228935,13.40340610658822,11.09571381723822
9896,2,7.78571421759,8.893484071307668,1.1077698537176683
9897,5,4.47307693041,7.848097284786546,3.375020354376545
9898,5,6.03658535422,10.037444909687407,4.000859555467407
9899,5,0.0,1.4258566329745959,1.4258566329745959
9900,5,5.79508197503,10.860994481476022,5.065912506446021
9901,5,3.68235294024,10.63351102286559,6.951158082625591
9902,5,4.58947367417,7.760324990822152,3.1708513166521524
9903,5,5.22777777248,10.183948111385561,4.956170338905562
9904,5,3.76811594203,8.186990630193293,4.418874688163292
9905,5,4.45550458366,16.27451889448094,11.819014310820942
9906,5,5.29302323696,8.845738803595056,3.5527155666350563
9907,5,3.52666667302,9.389515247290005,5.862848574270005
9908,5,4.14999999745,12.263415017389908,8.113415019939907
9909,5,8.35000014305,18.968777619850858,10.618777476800858
9910,5,7.60625001788,6.655961381061838,0.9502886368181622
9911,5,3.81379310016,16.995281406792788,13.181488306632788
9912,5,6.43157893733,7.387831050532094,0.956252113202094
9913,5,4.50978263046,9.21101712811344,4.70123449765344
9914,5,4.26666665872,16.150742486271476,11.884075827551476
9915,5,3.56562497467,17.10039061958608,13.53476564491608
9916,5,4.72799998283,10.22003562314805,5.49203564031805
9917,5,7.31818181818,15.320894191787382,8.00271237360738
9918,5,7.67500003747,16.213029440908517,8.538029403438518
9919,5,7.59499998093,9.890685640627236,2.295685659697236
9920,5,8.0428571701,11.722295639629822,3.6794384695298223
9921,5,4.01702126205,16.1234891928388,12.1064679307888
9922,5,4.32727272708,11.064910715203732,6.737637988123732
9923,5,6.01499996185,17.329220159383063,11.314220197533063
9924,5,4.1090909062,17.3009054944565,13.191814588256502
9925,5,4.31463413704,17.5832205300436,13.268586393003602
9926,5,4.83809525626,17.28329068516102,12.44519542890102
9927,5,7.35000014305,18.82529967667331,11.47529953362331
9928,5,7.94000007629,15.230961263692517,7.290961187402518
9929,5,3.90200001717,16.819679783310786,12.917679766140786
9930,5,4.22575758081,18.445964367579464,14.220206786769463
9931,5,4.63888889551,17.65068254729414,13.011793651784139
9932,5,3.41481480775,16.58284422824171,13.168029420491711
9933,5,4.34285716783,9.510040084239813,5.167182916409813
9934,5,4.3529411905,16.435599931308136,12.082658740808135
9935,5,4.10909089898,18.01534434392444,13.90625344494444
9936,5,4.47333339055,17.634145625914847,13.160812235364848
9937,5,4.39230768497,17.43126592563287,13.038958240662872
9938,5,4.07500000795,16.698827990923103,12.623827982973104
9939,5,5.69999992847,17.259345638602078,11.559345710132078
9940,5,3.88421051126,17.00193071033252,13.117720199072519
9941,5,7.47600000381,15.747816821701209,8.271816817891208
9942,5,7.6249999404,18.021983783715747,10.396983843315747
9943,5,7.52500003576,12.617285412116814,5.0922853763568146
9944,5,7.55000004768,9.862149406994149,2.312149359314149
9945,5,7.97500014305,13.29467956826719,5.31967942521719
9946,5,8.04000015259,16.066449584801738,8.026449432211738
9947,5,7.72000001272,15.256759948455127,7.536759935735127
9948,5,7.87647070604,15.871748284501681,7.995277578461681
9949,5,8.06896556657,11.687036109834668,3.6180705432646683
9950,5,7.82000007629,15.705901546533413,7.885901470243413
9951,5,7.24999996026,13.321681489256223,6.071681528996223
9952,5,7.810526371,8.62121049025235,0.8106841192523504
9953,5,8.05000019073,7.753429192280379,0.29657099844962076
9954,5,7.80588234172,11.732848477777782,3.926966136057782
9955,5,8.43333339691,15.65431924450403,7.220985847594031
9956,5,8.07000002861,8.810796140874428,0.7407961122644284
9957,5,9.17199996948,9.81643942562058,0.6444394561405797
9958,5,7.60909089175,9.303315200944368,1.694224309194368
9959,5,7.4529411933,15.370400903926523,7.917459710626523
9960,5,7.4157895038,9.738034388589197,2.322244884789197
9961,5,6.5888888571,8.430885578317698,1.841996721217698
9962,5,7.79500000477,10.365643437997496,2.570643433227496
9963,5,8.14166669051,13.387990298765123,5.246323608255123
9964,5,7.18000001907,12.527887178536952,5.347887159466952
9965,5,7.60666662852,9.49286000776591,1.8861933792459107
9966,5,7.41052632583,7.62569142721838,0.2151651013883793
9967,5,8.13333328565,8.13274593438942,0.0005873512605791831
9968,5,7.97857144901,15.193320192174669,7.214748743164669
9969,5,8.24666665395,16.9077867958172,8.6611201418672
9970,5,7.77499997616,10.771681402348522,2.9966814261885215
9971,5,7.86315794995,18.095299622952897,10.232141673002896
9972,5,7.49500007629,11.767247187416277,4.272247111126277
9973,5,7.6,16.488717765226756,8.888717765226756
9974,5,7.79999999205,14.974623544562993,7.174623552512993
9975,5,7.96363644166,16.33938724422611,8.37575080256611
9976,5,8.13750010729,16.142262287295782,8.004762180005782
9977,5,7.90000004239,10.769055239777853,2.869055197387852
9978,5,7.57857135364,8.174865288775187,0.5962939351351872
9979,5,6.53636364503,15.223364865882143,8.687001220852142
9980,5,7.88000001907,8.56332024448175,0.6833202254117499
9981,5,7.75263158899,8.744229235292982,0.9915976463029823
9982,5,7.51111112701,9.25667414278275,1.745563015772749
9983,5,7.26000003815,9.882146934716221,2.622146896566221
9984,5,7.64800001144,10.395294795509576,2.7472947840695765
9985,5,7.16666666667,13.584346605425104,6.417679938755104
9986,5,7.82000001272,18.53751460152392,10.71751458880392
9987,5,8.90000004239,15.466168564240018,6.5661685218500185
9988,5,9.16666666667,9.341093354505546,0.17442668783554538
9989,5,6.99285718373,9.929133917588103,2.9362767338581035
9990,5,8.08823529412,9.111761677201008,1.0235263830810073
9991,5,8.70476200467,9.380919662238163,0.6761576575681634
9992,5,7.69999996821,15.956502858724962,8.256502890514962
9993,5,7.47142859868,9.408785374269046,1.9373567755890457
9994,5,8.37000007629,10.78673616126307,2.4167360849730706
9995,5,7.59999995232,8.824429195291081,1.2244292429710812
9996,5,7.7066666921,9.105552622559667,1.3988859304596675
9997,5,7.60000000681,15.4411265492966,7.8411265424866
9998,5,7.97500011325,8.913263165906427,0.9382630526564268
9999,5,7.1882352829,9.454587991457718,2.2663527085577178
10000,5,7.64838707832,7.36878421266663,0.27960286565337
10001,5,8.0150001049,9.25336293918267,1.23836283428267
10002,5,7.60526320809,8.372902028524244,0.7676388204342439
10003,5,8.18333323797,16.352160164001287,8.168826926031286
10004,5,8.10000018279,8.640748238058997,0.5407480552689972
10005,5,7.64285714286,16.419164598070694,8.776307455210695
10006,5,7.84583340089,10.488861892105538,2.6430284912155377
10007,5,7.64705879548,8.76700019201668,1.1199413965366798
10008,5,7.8125,8.431294622393326,0.6187946223933256
10009,5,8.05333328247,10.992077466185785,2.9387441837157855
10010,5,7.89166673024,9.484964824403985,1.593298094163985
10011,5,7.35217388817,9.616961490275441,2.264787602105441
10012,5,7.6875,10.591449766754634,2.903949766754634
10013,5,7.54999995232,8.917475577660367,1.3674756253403668
10014,5,6.98333326976,10.344706787992472,3.3613735182324715
10015,5,7.84814820466,16.553185310713783,8.705037106053783
10016,5,7.83666675886,8.354569536100804,0.5179027772408045
10017,5,8.15714291164,14.186362965427838,6.029220053787839
10018,5,7.54000005722,8.036404288888935,0.49640423166893477
10019,5,7.52727274461,8.066305597163524,0.5390328525535235
10020,5,8.64999995913,14.565393219235713,5.915393260105713
10021,5,8.01250006755,11.55365162145401,3.54115155390401
10022,5,8.74761903854,19.492928097965393,10.745309059425393
10023,5,8.64166673024,8.61826483671455,0.023401893525450745
10024,5,8.09999995761,16.470029260919507,8.370029303309506
10025,5,8.64999997616,8.508611095944955,0.14138888021504492
10026,5,7.70000004768,13.078460852744211,5.378460805064211
10027,5,7.60588239221,10.737684491177117,3.1318020989671167
10028,5,7.2642856666,11.168263448858886,3.9039777822588855
10029,5,7.46666666667,8.784492300114383,1.3178256334443832
10030,5,6.73076923077,13.099839408932215,6.369070178162215
10031,5,7.54999998638,8.507583513847216,0.9575835274672162
10032,5,8.75000015895,8.4421424100828,0.30785774886719963
10033,5,8.375,15.243209232939611,6.868209232939611
10034,5,7.54444450802,9.05200237707875,1.5075578690587506
10035,5,7.47999998728,8.406021729524133,0.9260217422441324
10036,5,8.27500003576,9.151356789668787,0.8763567539087873
10037,5,7.6000000106,9.130962379344338,1.5309623687443379
10038,5,8.17499998212,9.777935811320729,1.6029358292007299
10039,5,7.93333335718,7.738078454109873,0.19525490307012738
10040,5,7.61428571883,14.370102569882546,6.755816851052546
10041,5,7.59999994131,8.166415724995064,0.5664157836850636
10042,5,7.58000001907,8.607893189840723,1.0278931707707235
10043,5,8.170588297,10.2524387183602,2.0818504213601994
10044,5,8.07000007629,11.172985272390255,3.1029851961002546
10045,5,9.13571419035,15.66168521511783,6.525971024767829
10046,5,7.0777777036,9.243961629068648,2.1661839254686486
10047,3,7.375,9.633859189436329,2.258859189436329
10048,3,8.51999988556,16.052772235331457,7.532772349771456
10049,3,7.74285711561,8.232773971920208,0.48991685631020854
10050,3,7.09999990463,8.192495930392115,1.0924960257621148
10051,3,8.59999998411,8.835528837336533,0.23552885322653339
10052,3,7.72500008345,8.416158452443105,0.6911583689931042
10053,3,7.00000006812,10.839489825367613,3.8394897572476125
10054,3,8.14444435967,7.6023098618879335,0.542134497782067
10055,3,6.05624997616,15.750159639611796,9.693909663451796
10056,3,7.88333336512,13.865804111948659,5.982470746828659
10057,3,8.04999995232,10.644372623860914,2.5943726715409134
10058,3,8.93333339691,13.27797710229062,4.344643705380621
10059,3,7.63571422441,7.9970961014102375,0.3613818770002375
10060,3,8.54999990463,15.184520298256093,6.634520393626092
10061,3,6.97000012398,11.415618124802196,4.445618000822195
10062,3,7.97500010331,13.519569668345115,5.544569565035115
10063,3,8.16250014305,8.579644357594333,0.4171442145443329
10064,3,6.91111108992,14.84885544950422,7.9377443595842205
10065,3,6.8125,14.6729147226562,7.8604147226562
10066,3,8.36363636364,8.918474137544775,0.5548377739047758
10067,3,8.48750007153,16.938903951072284,8.451403879542283
10068,3,7.12666660945,11.331115301859423,4.204448692409423
10069,3,7.71666669846,15.508482190046353,7.791815491586353
10070,3,7.82307698176,16.06673246419714,8.243655482437141
10071,3,7.25882353502,14.409769433862062,7.150945898842061
10072,3,7.14999997616,17.19565907318227,10.04565909702227
10073,3,6.93000004292,12.625100629400247,5.6951005864802475
10074,3,8.2133333842,8.788201921328449,0.5748685371284488
10075,3,8.54166674614,9.073041425438019,0.5313746792980183
10076,3,7.38666664759,12.138262657570595,4.751596009980594
10077,3,7.7,10.84174556568225,3.1417455656822506
10078,3,8.75833320618,8.386362523653988,0.37197068252601184
10079,3,8.46363644166,8.8668405963634,0.4032041547033991
10080,3,7.84117650986,8.011652734097977,0.17047622423797648
10081,3,6.4789474136,7.571041590070252,1.092094176470252
10082,3,6.5933333079,8.811595479449721,2.2182621715497213
10083,3,7.20000001907,7.87969711301953,0.6796970939495299
10084,3,7.8833334446,14.432432801963499,6.549099357363499
10085,3,8.43333318498,8.67206666057917,0.2387334755991688
10086,3,7.58999991417,12.021971020937746,4.4319711067677465
10087,3,9.43333339691,13.802725119134248,4.369391722224249
10088,3,7.46249997616,8.14623704004279,0.6837370638827895
10089,3,8.23333337572,8.708393660545736,0.47506028482573726
10090,3,8.13529421301,9.995519712980935,1.8602254999709338
10091,3,7.71250003576,8.64601351834536,0.9335134825853597
10092,3,8.85000014305,7.698285051711282,1.1517150913387182
10093,3,8.21250003576,7.503110095204119,0.709389940555881
10094,3,7.29999990463,9.596275696361399,2.296275791731399
10095,3,7.98888889949,6.593400385429061,1.395488514060939
10096,3,8.0624999404,8.959482551134252,0.896982610734252
10097,3,8.26250004768,13.837591064602075,5.575091016922075
10098,3,8.34166673819,10.181774889966036,1.840108151776036
10099,3,7.97777785195,8.244860132187231,0.267082280237231
10100,3,8.55714266641,8.920675379894426,0.3635327134844264
10101,3,9.01666673024,8.900173028533802,0.1164937017061991
10102,3,8.47000007629,8.464768028090075,0.005232048199925288
10103,3,8.6714286123,8.013371692711074,0.6580569195889261
10104,3,9.73333334923,14.256205061896948,4.522871712666948
10105,3,8.75000011921,11.106019975744097,2.356019856534097
10106,3,6.55999996662,8.657515422375033,2.0975154557550324
10107,3,6.92666667302,11.999964951439091,5.073298278419092
10108,3,8.18333331744,10.381644311300365,2.198310993860364
10109,3,7.07499996821,13.832276536592891,6.757276568382891
10110,3,8.53333322207,8.917001600822022,0.38366837875202187
10111,3,7.96666669846,12.700998720715521,4.734332022255521
10112,3,7.28888887829,8.270462813776021,0.9815739354860211
10113,3,7.66000013351,10.182041346448445,2.5220412129384453
10114,3,7.07142850331,13.665066634752993,6.593638131442993
10115,3,8.08000006676,8.517667564393399,0.43766749763339874
10116,3,8.04615394886,12.27367422143755,4.22752027257755
10117,3,8.28181825985,8.476855995348677,0.1950377354986763
10118,3,6.52000007629,8.245766948225212,1.7257668719352122
10119,3,7.15333325068,8.73836066508146,1.58502741440146
10120,3,7.60833334923,7.90858180510259,0.3002484558725902
10121,3,7.59090913426,8.080624486165506,0.48971535190550597
10122,3,8.61250007153,9.295705900497968,0.6832058289679672
10123,3,7.91250011325,12.814109661638618,4.901609548388618
10124,3,7.10833326976,7.935485112769075,0.8271518430090747
10125,3,7.0111111535,10.969498070246496,3.9583869167464965
10126,3,8.044444561,12.50531835339289,4.46087379239289
10127,3,7.31818177483,8.631530999355418,1.3133492245254175
10128,3,7.99166671435,8.433360252676195,0.44169353832619507
10129,3,6.22499996424,12.028220638806516,5.803220674566516
10130,3,7.57500004768,6.705439968542663,0.8695600791373366
10131,3,7.61111116409,9.242743991855864,1.6316328277658636
10132,3,7.64444441266,9.244670551204182,1.6002261385441816
10133,3,7.53333330154,9.617129079139369,2.083795777599369
10134,3,7.37500007947,8.40209308385381,1.0270930043838096
10135,3,8.57500004768,8.72370999624665,0.14870994856664943
10136,3,7.75,9.842672925588898,2.0926729255888983
10137,3,8.26923084259,8.845855599424642,0.5766247568346419
10138,3,8.74444431729,9.8025565416301,1.0581122243400998
10139,3,7.82105257637,16.273589429935797,8.452536853565796
10140,3,5.90000001589,11.260343921626093,5.3603439057360935
10141,3,6.78999998569,13.782394686701387,6.992394701011388
10142,3,6.82500008742,9.531909637075533,2.706909549655532
10143,3,6.90000009537,10.924092719091494,4.024092623721494
10144,3,5.85333344142,14.6362564464974,8.7829230050774
10145,3,6.99333333969,11.135647568071759,4.142314228381759
10146,3,6.09999997992,14.492035292426229,8.392035312506229
10147,3,7.03999996185,12.150073025736974,5.110073063886974
10148,3,6.5200000445,15.581469028615096,9.061468984115097
10149,3,6.625,15.232361637162334,8.607361637162334
10150,3,6.55625000596,16.86473694939468,10.30848694343468
10151,3,6.63749998808,15.811179992864533,9.173680004784533
10152,3,7.24999992053,10.67802663583432,3.42802671530432
10153,3,6.13999989827,15.010372885898663,8.870372987628663
10154,3,6.36666674084,15.16731415642785,8.80064741558785
10155,3,7.45625001192,10.831987173673086,3.3757371617530865
10156,3,7.27499997616,13.40158159295618,6.12658161679618
10157,3,6.37272726406,14.72758300522932,8.35485574116932
10158,3,7.15483871583,12.805182657665066,5.650343941835065
10159,3,6.7055555582,7.853663519000685,1.1481079608006848
10160,3,7.63333324591,7.703800288717883,0.07046704280788241
10161,3,4.59583326181,13.585474729690759,8.989641467880759
10162,3,6.66249999404,15.299982815662855,8.637482821622854
10163,3,6.59999996821,15.242874067650526,8.642874099440526
10164,3,5.95833337307,11.12494371557024,5.166610342500239
10165,3,6.875,14.758136688401471,7.883136688401471
10166,3,7.50624999404,16.175454729497197,8.669204735457196
10167,3,6.61333335241,14.919900402190278,8.306567049780277
10168,3,6.32666664124,15.292242596964151,8.965575955724152
10169,3,6.74705889646,15.07861351773783,8.331554621277832
10170,3,6.44666671753,15.935715987886208,9.489049270356208
10171,3,7.34400005341,16.976857528634003,9.632857475224004
10172,3,6.60999999046,14.845172056245906,8.235172065785905
10173,3,6.5,14.611295984996989,8.111295984996989
10174,3,6.44615386083,16.016434475536204,9.570280614706205
10175,3,6.47333335876,15.581727486006056,9.108394127246056
10176,3,6.94666671753,14.978569786788876,8.031903069258876
10177,3,7.42727270993,16.507517128715715,9.080244418785714
10178,3,6.83750003576,9.0158595921286,2.1783595563685996
10179,3,5.98000001907,8.683696167879903,2.703696148809903
10180,3,6.28750008345,9.868946712413985,3.5814466289639846
10181,3,7.06666660309,12.102969495565809,5.036302892475809
10182,3,6.5833332936,14.20574953625288,7.622416242652879
10183,3,6.23333330949,10.191190366793313,3.957857057303313
10184,3,6.64444441266,9.040125267655574,2.3956808549955735
10185,3,6.29000000954,9.059368289439908,2.7693682798999077
10186,3,6.15499994755,13.035862793778568,6.880862846228568
10187,3,7.06111105283,10.944322769482632,3.8832117166526317
10188,3,7.6411764762,14.979274380510521,7.338097904310521
10189,3,7.09000000954,14.77152566692308,7.681525657383081
10190,3,6.98124995828,10.563119099943613,3.5818691416636126
10191,3,5.84000015259,11.843075340684157,6.003075188094157
10192,3,6.60833330949,8.666516741237047,2.0581834317470467
10193,3,6.46875,10.296413872258842,3.8276638722588423
10194,3,6.44545461915,10.463090983859944,4.017636364709944
10195,3,6.31333341599,11.899326468544423,5.585993052554423
10196,3,6.38750001788,10.788939746736672,4.401439728856672
10197,3,6.17499988079,16.591390171087156,10.416390290297155
10198,3,7.21333328883,14.056016964654669,6.842683675824668
10199,3,6.76999998093,9.286058511828422,2.5160585308984222
10200,3,5.74761901583,10.598753240361127,4.851134224531127
10201,3,6.34000000954,11.206675718496673,4.866675708956673
10202,3,7.10499994755,13.344214192363554,6.239214244813554
10203,3,7.23000001907,13.71223686770275,6.482236848632749
10204,3,6.72499996424,8.92257230025584,2.19757233601584
10205,3,8.08571440833,8.904697905245406,0.818983496915406
10206,3,6.04499998093,13.756340415440857,7.7113404345108565
10207,3,5.93333339691,8.958084415298327,3.0247510183883266
10208,3,6.61249998212,8.829299508542363,2.2167995264223626
10209,3,6.38666671117,10.311824148911034,3.925157437741034
10210,3,7.24666662216,8.83706195826369,1.5903953361036889
10211,3,7.11428574153,8.601273444277474,1.4869877027474745
10212,3,6.13333336512,9.837578139447174,3.704244774327174
10213,3,6.67999999523,9.385494312223548,2.7054943169935477
10214,3,6.59000005722,8.946679605195731,2.356679547975731
10215,3,6.32499998808,8.786883354988163,2.461883366908163
10216,3,7.74999992053,9.147677637650414,1.3976777171204144
10217,3,5.96000003815,12.974205978306044,7.014205940156044
10218,3,6.44666665395,9.5513187096428,3.1046520556927995
10219,3,6.06000000636,12.53292479729402,6.47292479093402
10220,3,6.69166664282,8.886453196486586,2.194786553666587
10221,3,6.40689659119,8.585053803340996,2.178157212150996
10222,3,6.45000004768,9.442154647531071,2.9921545998510712
10223,3,7.30000004015,11.274364717427128,3.974364677277128
10224,3,6.75999997457,16.966686231645927,10.206686257075926
10225,3,5.45000000561,8.342060447740492,2.892060442130492
10226,3,6.84166665872,8.626193693478717,1.7845270347587165
10227,3,6.94615389751,10.863109979865758,3.9169560823557577
10228,3,6.22499998411,8.679795729236885,2.4547957451268845
10229,3,6.98666664759,9.827357615592966,2.840690968002966
10230,3,6.70000002384,10.923418258602629,4.223418234762629
10231,3,6.34666671753,13.629593807639383,7.282927090109383
10232,3,6.33999996185,8.60525957848995,2.2652596166399492
10233,3,7.78000001907,14.432274087663991,6.652274068593991
10234,3,5.98000001907,16.5522977213027,10.5722977022327
10235,3,6.53500001431,8.725666347708136,2.190666333398136
10236,3,6.3999999894,8.518494197071604,2.1184942076716036
10237,3,5.27666662534,13.815184099631354,8.538517474291353
10238,5,5.0470588067,8.048733567148721,3.0016747604487213
10239,5,5.48571426528,8.819860243845321,3.3341459785653207
10240,5,5.54583330949,11.947995992628991,6.402162683138991
10241,5,6.15499997139,8.27135298164753,2.11635301025753
10242,5,6.57692304024,7.972122646677989,1.3951996064379895
10243,5,4.49999997195,8.925477622712656,4.425477650762655
10244,5,6.62499996026,9.392760260713027,2.767760300453027
10245,5,7.3714285578,9.345267781085454,1.973839223285454
10246,5,6.38124999404,8.491040422724444,2.1097904286844438
10247,5,5.87222223812,8.17403376965558,2.30181153153558
10248,5,6.98750007153,8.405049033848536,1.417548962318536
10249,5,7.18666664759,9.04447167622204,1.8578050286320398
10250,5,5.39374995232,9.903016816563271,4.509266864243271
10251,5,5.76363637231,8.307763394298835,2.5441270219888352
10252,5,6.95000004768,9.771768508393171,2.8217684607131712
10253,5,6.7,8.746920725458805,2.046920725458805
10254,5,6.90000002725,11.390623273843586,4.490623246593586
10255,5,6.66111106343,8.78330924363926,2.122198180209261
10256,5,6.1111111376,9.645222387499434,3.534111249899434
10257,5,4.97500002384,8.375583043427078,3.400583019587078
10258,5,7.0666667223,8.266467483535582,1.1998007612355819
10259,5,4.56666668256,17.717855004633666,13.151188322073665
10260,5,7.325,15.9895090867897,8.6645090867897
10261,5,5.61999998093,9.68317923155266,4.06317925062266
10262,5,6.46250003576,8.590837543744103,2.128337507984103
10263,5,5.82916669051,8.215690051763206,2.3865233612532055
10264,5,5.72916668653,8.173006243010708,2.4438395564807074
10265,5,4.87142854077,8.778612374284148,3.9071838335141473
10266,5,4.95416667064,7.878780053974459,2.9246133833344583
10267,5,6.49090909958,8.809917167738302,2.3190080681583023
10268,5,6.6727272814,8.402337301100841,1.729610019700841
10269,5,5.71363639832,9.737913664910103,4.0242772665901025
10270,5,5.49999997616,9.648009402038825,4.148009425878826
10271,5,6.18181811679,8.697647742201308,2.5158296254113086
10272,5,5.7708333532,9.1004097155039,3.329576362303901
10273,5,5.34999997616,9.171302884143225,3.821302907983225
10274,5,5.5166666309,9.494469377651635,3.9778027467516353
10275,5,4.82499998808,7.757814826015022,2.9328148379350223
10276,5,4.58285711833,8.703027696516672,4.120170578186673
10277,5,4.46000003815,8.202467099793473,3.742467061643474
10278,5,6.47500006358,8.70210956964472,2.2271095060647212
10279,5,7.64000005722,9.130142280979163,1.4901422237591628
10280,5,5.17499995232,8.913719068240404,3.7387191159204036
10281,5,5.78,9.615131858721682,3.835131858721682
10282,5,4.44400001526,8.705313170851872,4.261313155591871
10283,5,5.94500005245,8.933686356458137,2.9886863040081373
10284,5,4.37000000477,8.483302055134695,4.1133020503646955
10285,5,5.5799999396,9.486392792473291,3.9063928528732905
10286,5,5.77000002861,9.355186243867648,3.5851862152576475
10287,5,5.61999998093,9.024285240653223,3.4042852597232223
10288,5,4.84999997616,8.560060804265632,3.7100608281056315
10289,5,6.3199999673,8.23347799134573,1.9134780240457294
10290,5,4.93000000318,8.403504501322372,3.473504498142372
10291,5,6.58749997616,8.152777457081195,1.5652774809211945
10292,5,5.11785713264,11.726282139433582,6.608425006793582
10293,5,4.19199993134,8.543926016882937,4.351926085542937
10294,5,5.26499996185,9.076649128936372,3.8116491670863724
10295,5,6.49090901288,9.68803994317332,3.19713093029332
10296,5,5.10344822653,8.899270544804015,3.7958223182740145
10297,5,6.375,7.833808595377483,1.4588085953774828
10298,5,5.85555550787,8.908844981875088,3.053289474005088
10299,5,4.99375000596,9.308435483155327,4.314685477195327
10300,5,5.44000002543,9.167095835031713,3.727095809601713
10301,5,6.54782608281,9.364145129942914,2.8163190471329136
10302,5,7.11666671435,9.504121993784695,2.387455279434695
10303,5,6.61999988556,9.756636211389525,3.1366363258295245
10304,5,5.61666660839,8.683473211307668,3.0668066029176675
10305,5,7.41874998808,8.962994621539416,1.5442446334594155
10306,5,4.88666671117,8.908235177578966,4.021568466408966
10307,5,5.21666665872,8.542237740684051,3.3255710819640507
10308,5,6.58500006199,9.289117311100213,2.7041172491102135
10309,5,6.46666663034,9.305256787038934,2.8385901566989338
10310,5,6.28000004292,10.649588385280097,4.369588342360097
10311,5,5.69705883194,9.283646689178797,3.586587857238797
10312,5,6.53846152012,9.330756598292407,2.7922950781724065
10313,5,5.32727278363,9.060399879315868,3.7331270956858686
10314,5,6.41428565979,9.135953917007042,2.7216682572170416
10315,5,5.90999999046,9.175055646725559,3.2650556562655586
10316,5,6.08571424938,8.748152304844453,2.6624380554644533
10317,5,5.02424234332,8.630134971062711,3.605892627742711
10318,5,5.07999994755,13.584848035554305,8.504848088004305
10319,5,5.366666703,8.681158386246025,3.3144916832460254
10320,5,6.16499993801,9.079780654538474,2.9147807165284743
10321,5,5.87499998013,8.322597048913947,2.4475970687839466
10322,5,6.13500001431,9.32835212157085,3.19335210726085
10323,5,5.57714287894,8.446845970118643,2.8697030911786428
10324,5,5.1799999555,8.428890706447667,3.248890750947668
10325,5,5.46666667196,10.814463080455376,5.347796408495376
10326,5,5.72666665713,9.2672752368232,3.5406085796932008
10327,5,5.54500000477,8.42197592566824,2.87697592089824
10328,5,6.4375000596,9.857474927727887,3.4199748681278876
10329,5,5.21538463006,8.365932011256088,3.1505473811960885
10330,5,6.63666664759,9.113251882247386,2.476585234657386
10331,5,5.37500003974,9.955758734129011,4.5807586943890115
10332,5,6.60769224167,7.725672027145251,1.1179797854752511
10333,5,6.45714286395,9.86814202262448,3.410999158674481
10334,5,6.37333335876,8.253899443134237,1.8805660843742373
10335,5,6.45555559794,8.212560666441327,1.7570050685013268
10336,5,6.75588233331,8.69523674195105,1.9393544086410497
10337,5,5.11333328883,8.613495358651948,3.5001620698219478
10338,5,5.51500000954,9.817992067666916,4.302992058126916
10339,5,6.23913039332,8.4929019600016,2.2537715666816
10340,5,5.69999998808,9.516429976279282,3.816429988199282
10341,5,6.56000003815,10.303895014759116,3.7438949766091154
10342,5,6.68333331744,10.939943797859323,4.256610480419323
10343,3,6.55833335718,10.47312552055685,3.91479216337685
10344,3,7.80000006069,10.526472055635336,2.726471994945336
10345,3,6.13333320618,8.995690591485532,2.8623573853055326
10346,3,6.58999996185,9.356570835886973,2.766570874036973
10347,3,6.77333339055,13.512011398541953,6.738678007991952
10348,3,6.53999996185,9.647654985824259,3.1076550239742584
10349,3,7.03333335453,8.397872593458397,1.3645392389283968
10350,3,6.81428561892,8.319116920135613,1.5048313012156136
10351,3,6.34999998411,9.43803491915411,3.088034935044109
10352,3,6.30000008477,8.842515850917536,2.5425157661475364
10353,3,8.36250001192,9.51490532348706,1.15240531156706
10354,3,6.37777778837,8.457206506234993,2.0794287178649924
10355,3,6.41111108992,8.464810745870205,2.0536996559502043
10356,3,6.80000007153,15.810369886807207,9.010369815277206
10357,3,6.68125000596,8.802645544055958,2.1213955380959577
10358,3,6.22499996424,9.350843484738984,3.125843520498984
10359,3,7.03076923811,8.1048744657325,1.0741052276224998
10360,3,6.64545445009,8.496793341414643,1.8513388913246427
10361,3,6.36000013351,8.119347138200247,1.7593470046902473
10362,3,7.94999996821,12.01806055648667,4.06806058827667
10363,3,6.27500009537,10.782700192975813,4.507700097605813
10364,3,6.75714288439,9.120308178033898,2.363165293643898
10365,3,6.46000003815,9.205102811710454,2.745102773560454
10366,3,7.07368421555,16.615466246029914,9.541782030479915
10367,3,7.50476190022,10.522272351469056,3.0175104512490556
10368,3,7.93913036844,10.339044163074439,2.399913794634439
10369,3,6.47692309893,8.986393529468383,2.509470430538383
10370,3,6.77333335876,10.20094690136223,3.427613542602229
10371,3,6.57142850331,16.426457769952563,9.855029266642564
10372,3,6.62499992053,8.993412378162637,2.368412457632637
10373,3,6.66000003815,7.9964822653934045,1.3364822272434047
10374,3,6.76666667726,9.232775219603488,2.4661085423434876
10375,3,6.37000007629,9.916240113287794,3.5462400369977933
10376,3,7.23333326976,12.810245418374313,5.576912148614313
10377,3,6.56666668256,8.526048454132294,1.9593817715722937
10378,3,6.6571429457,9.425931203216548,2.7687882575165474
10379,3,6.56666665607,8.417952655389449,1.8512859993194493
10380,3,8.70000009537,8.602860571469973,0.09713952390002589
10381,3,7.71999988556,9.413965140617435,1.6939652550574351
10382,3,7.02000007629,9.662381720933492,2.6423816446434927
10383,3,6.33846158248,7.886601177056168,1.5481395945761678
10384,3,6.37777789434,10.543035807971036,4.165257913631035
10385,3,6.65999994278,10.274537157308531,3.6145372145285313
10386,3,6.56363630295,9.565077472377915,3.001441169427915
10387,3,6.6875,8.339795383191847,1.6522953831918468
10388,3,6.47727274895,7.8160666648337935,1.3387939158837936
10389,3,6.62222215864,8.723401810869367,2.1011796522293675
10390,3,6.72142856462,8.677239390266177,1.9558108256461768
10391,3,8.15263158397,10.383073495841058,2.2304419118710577
10392,3,7.04193549002,9.921006587215674,2.8790710971956734
10393,3,7.06666660309,7.715592130239774,0.6489255271497738
10394,3,6.7722222805,8.837371865220694,2.065149584720694
10395,3,6.64999997616,13.327431589267192,6.677431613107192
10396,3,6.625,8.25309490604824,1.62809490604824
10397,3,7.8799999555,8.431888477731212,0.551888522231212
10398,3,7.16666666667,8.616664513625107,1.4499978469551067
10399,3,6.19166664282,10.532789516455269,4.341122873635269
10400,3,7.06666669846,14.021541715059671,6.954875016599671
10401,3,6.71428571429,8.617178752224358,1.9028930379343585
10402,3,7.26666667726,8.534500393061839,1.2678337158018387
10403,3,7.18000001907,8.908833459755687,1.728833440685687
10404,3,8.85555553436,11.647541480455814,2.7919859460958136
10405,3,7.38999996185,9.06764181302717,1.6776418511771691
10406,3,6.72500002384,8.345566035662994,1.6205660118229943
10407,3,6.86666663488,10.279857590667568,3.4131909557875684
10408,3,6.43636369705,9.377219110929417,2.940855413879417
10409,3,6.78000011444,8.696360985950497,1.9163608715104967
10410,3,7.13333328565,11.850229717242136,4.7168964315921365
10411,3,7.04666668574,7.4010520077521145,0.3543853220121145
10412,3,6.42857149669,9.296286748627168,2.8677152519371676
10413,3,6.88000001907,14.047054936478506,7.167054917408507
10414,3,6.80000003179,8.915696576758075,2.115696544968075
10415,3,6.64545453678,14.786084635210361,8.14063009843036
10416,3,7.54999995232,10.180971378212224,2.6309714258922234
10417,3,6.58571420397,10.737044673808654,4.151330469838654
10418,3,7.07692304024,10.264636656752701,3.187713616512702
10419,3,6.68571424484,9.03555438808242,2.349840143242421
10420,3,6.55714280265,8.932636350641836,2.3754935479918364
10421,3,6.46250003576,8.978369670584886,2.5158696348248863
10422,3,7.75555562973,12.287314265912975,4.531758636182976
10423,3,7.02999997139,7.833863648451699,0.8038636770616989
10424,3,6.88181825118,9.453330284732223,2.5715120335522226
10425,3,7.0,9.328445430015075,2.3284454300150745
10426,3,7.50869568535,11.318582176500684,3.8098864911506833
10427,3,8.85294117647,8.910476175803593,0.057534999333592296
10428,3,7.51999998093,7.818962030996818,0.29896205006681864
10429,3,6.24615375812,8.58836614387709,2.3422123857570902
10430,3,6.97142859868,7.84627458958042,0.87484599090042
10431,3,7.34444443385,8.018094564091966,0.673650130241966
10432,3,7.55714287077,7.208271962015999,0.34887090875400073
10433,3,6.47500002384,8.077120213447513,1.602120189607513
10434,3,6.33749997616,7.278348250599002,0.9408482744390021
10435,3,6.61666659514,8.234903342073876,1.618236746933876
10436,3,7.0,11.688783816460836,4.688783816460836
10437,3,6.69999989596,8.53536874524978,1.8353688492897806
10438,3,6.68571417672,8.750948403317462,2.065234226597462
10439,3,6.82999992371,8.26834638885603,1.4383464651460294
10440,3,6.71249997616,7.535829717493664,0.823329741333664
10441,3,6.93846156047,7.677793752039181,0.7393321915691802
10442,3,6.67777776718,8.727835664486747,2.050057897306747
10443,3,6.54999995232,8.031435685601814,1.4814357332818133
10444,3,6.38000011444,8.148707100331588,1.7687069858915887
10445,3,6.38333336512,8.136653925810977,1.7533205606909767
10446,3,7.07777780957,7.92177484847753,0.8439970389075304
10447,3,6.65555556615,9.856948843934891,3.2013932777848906
10448,3,6.97777777248,8.316943793332348,1.339166020852348
10449,3,6.5888888571,8.375343343006573,1.7864544859065736
10450,3,6.68333335718,7.7883314778772945,1.104998120697294
10451,3,6.53333330154,8.386692168246563,1.8533588667065635
10452,3,6.86874997616,8.7446560712914,1.8759060951314002
10453,3,7.43333331744,7.614536641935598,0.1812033244955984
10454,3,6.68571424484,7.956832761389191,1.2711185165491914
10455,3,7.18181822517,7.354218804081627,0.17240057891162763
10456,3,6.50714278221,9.32859121162282,2.82144842941282
10457,3,7.20000004768,8.059543299501057,0.8595432518210568
10458,3,6.97058826334,8.567531817881179,1.5969435545411788
10459,3,6.86250001192,8.007690051047941,1.1451900391279413
10460,3,8.05909098278,10.375102336507437,2.3160113537274363
10461,3,7.61000000636,10.321452551311978,2.711452544951978
10462,3,7.26875001192,7.741947870752654,0.47319785883265375
10463,1,7.42105270687,11.20758344824323,3.7865307413732303
10464,1,7.32499989867,10.749210767417463,3.424210868747463
10465,1,7.03076923811,10.040774741284057,3.0100055031740567
10466,1,7.36111111111,11.274648333783306,3.9135372226733063
10467,1,4.67333339055,10.727994091340301,6.0546607007903015
10468,1,6.85833338896,11.098356152819916,4.2400227638599155
10469,1,8.63846155313,11.02724444786955,2.388782894739551
10470,1,8.53333330154,10.17644523628109,1.6431119347410892
10471,1,7.7333334287,11.675806322563089,3.942472893863089
10472,1,7.61304353631,19.06203272358973,11.44898918727973
10473,1,7.11578941345,12.809031334019183,5.693241920569183
10474,1,4.12916663289,20.469172131375306,16.340005498485304
10475,1,4.8714285578,9.315365742615331,4.443937184815331
10476,1,7.89999993642,9.956609385921348,2.056609449501348
10477,1,7.66923079124,10.472684475422458,2.8034536841824576
10478,1,8.32222223282,14.691734876766676,6.369512643946676
10479,1,7.03076923811,14.84966298461107,7.81889374650107
10480,1,7.7222223017,11.397025007827894,3.6748027061278945
10481,1,3.663461527,9.360752668915776,5.697291141915776
10482,1,3.87909085967,13.570147212859343,9.691056353189342
10483,1,8.38333336512,10.711092403545598,2.3277590384255973
10484,1,8.80000002682,19.949738808233406,11.149738781413406
10485,1,4.38000008265,11.261248695115404,6.881248612465404
10486,1,7.99999996026,13.09633313714405,5.09633317688405
10487,1,7.36666669846,12.22769821388945,4.86103151542945
10488,1,7.84375011921,12.21779069954277,4.374040580332769
10489,1,7.70625001192,11.023353690862283,3.317103678942283
10490,1,7.87894730819,10.80646452035069,2.9275172121606907
10491,1,7.36875002086,10.587875075132137,3.219125054272137
10492,1,9.35263146852,11.702767120839443,2.3501356523194428
10493,1,8.02916675806,12.414222505962142,4.3850557479021415
10494,1,7.42000007629,11.012028207513834,3.5920281312238345
10495,1,4.22615381388,10.722023047739933,6.495869233859933
10496,1,8.10000010899,11.070941915648582,2.9709418066585815
10497,1,7.53000001907,14.56455668546516,7.03455666639516
10498,1,8.83571440833,11.174186986059839,2.3384725777298385
10499,1,7.40645162521,11.277051702892514,3.8706000776825142
10500,1,7.16499989033,11.492266288049052,4.327266397719052
10501,1,4.39999995913,11.14387475287662,6.74387479374662
10502,1,4.25454542854,9.138637041825108,4.884091613285108
10503,1,3.80601503257,10.861749000310965,7.055733967740965
10504,1,7.48181819916,10.583771836120068,3.1019536369600678
10505,1,7.54999997881,11.178434881905586,3.6284349030955863
10506,1,8.10000006358,10.752660481667391,2.6526604180873914
10507,1,7.12222221163,10.976786448277737,3.8545642366477377
10508,1,7.68125000596,11.16047746971764,3.4792274637576392
10509,1,7.37692312094,15.586924946874618,8.210001825934619
10510,1,3.79795917686,9.989947287903954,6.191988111043954
10511,1,7.7260869275,9.900901547949266,2.1748146204492658
10512,1,7.37187504768,11.508685621717346,4.136810574037346
10513,1,9.2333334287,11.433034190667279,2.1997007619672786
10514,1,7.68888892068,13.736657151756884,6.047768231076883
10515,1,7.7777777248,10.273959359592839,2.4961816347928387
10516,1,7.34166669846,10.872650465329317,3.5309837668693165
10517,1,7.73529425789,11.47175156818391,3.7364573102939103
10518,1,8.16190474374,10.711800663657828,2.5498959199178284
10519,1,7.67999992371,11.35781243383263,3.6778125101226298
10520,1,8.77500009537,12.995213316806574,4.220213221436573
10521,1,7.90000007266,11.334524750418025,3.4345246777580245
10522,1,7.60416662693,10.821050522948882,3.2168838960188824
10523,1,8.6718750596,11.521160103408606,2.8492850438086066
10524,1,7.44999995828,9.914345125886095,2.464345167606095
10525,1,7.79999998212,9.928982686177823,2.1289827040578233
10526,1,4.88400001526,11.01135726658733,6.1273572513273304
10527,1,4.03043475358,9.520075028984486,5.489640275404486
10528,1,6.64166665077,10.52559772335005,3.883931072580049
10529,1,6.85833334923,9.403551517031836,2.5452181678018366
10530,1,6.85,9.315113883191671,2.4651138831916715
10531,1,6.5461538755,9.514115923213458,2.967962047713458
10532,1,7.00526317797,10.535312466785767,3.530049288815767
10533,1,6.48666667938,10.735051583513268,4.248384904133268
10534,1,3.95040001106,10.185544991961805,6.235144980901805
10535,1,3.61604936623,11.477781812817433,7.861732446587434
10536,1,5.18571429593,10.130201886486807,4.944487590556807
10537,1,6.53000001907,12.335198519824724,5.805198500754724
10538,1,6.87368418041,14.809412034250496,7.935727853840496
10539,1,6.125,10.856479358211626,4.731479358211626
10540,1,6.1999999455,9.771477271622452,3.5714773261224515
10541,1,6.09999995232,9.231009885164205,3.131009932844205
10542,1,6.73333334923,10.792957128977125,4.059623779747126
10543,1,6.59999998411,9.508561222910622,2.9085612388006217
10544,1,6.23076930413,10.85215895623888,4.6213896521088795
10545,1,6.6285714422,10.31231210569316,3.6837406634931593
10546,1,6.26363632896,9.361279870528895,3.097643541568895
10547,1,6.42857149669,18.553375772523847,12.124804275833846
10548,1,4.84166665872,10.777064922533194,5.935398263813194
10549,1,5.35517238748,11.355012527784508,5.999840140304508
10550,1,4.83333349228,8.85291058105815,4.01957708877815
10551,1,4.15000009537,12.737130335773836,8.587130240403836
10552,1,6.56999993324,10.797992673054447,4.227992739814447
10553,1,6.66666666667,10.391358683257836,3.724692016587836
10554,1,5.8750000298,8.809849161367394,2.934849131567394
10555,1,5.34736844113,11.54304487859191,6.19567643746191
10556,1,5.53600000381,10.017474954471323,4.481474950661323
10557,1,6.9545454112,9.662010805099074,2.7074653938990743
10558,1,6.69285716329,11.175024156115652,4.482166992825652
10559,1,6.86249995232,10.703538318644634,3.841038366324634
10560,1,5.59333340327,9.688486423804362,4.095153020534362
10561,1,5.66315786462,10.198701571281237,4.535543706661238
10562,1,7.01818180084,10.674035716698631,3.655853915858631
10563,1,5.52000007629,9.966829605074825,4.446829528784825
10564,1,5.86923082058,10.322023808786167,4.452792988206166
10565,1,5.56111115879,12.521262879176582,6.960151720386582
10566,4,5.38444442749,10.668504433236821,5.284060005746821
10567,4,5.18235293557,8.913541595095804,3.731188659525804
10568,4,4.0333332936,9.693191885050489,5.659858591450488
10569,4,6.46296296296,8.046738778246057,1.5837758152860575
10570,4,4.98888889949,6.121470818259333,1.1325819187693327
10571,4,5.0764706275,8.201023965169762,3.124553337669762
10572,4,5.73750001192,6.248356703887216,0.5108566919672164
10573,4,4.59199996948,5.9776541702297,1.3856542007497001
10574,4,6.66500000954,5.965088470701063,0.6999115388389372
10575,4,4.71999993324,5.881457586213456,1.1614576529734562
10576,4,6.87222223812,6.575214550912019,0.297007687207981
10577,4,6.73888889949,6.787692986312268,0.04880408682226811
10578,5,4.82727276195,8.626882055834294,3.799609293884294
10579,5,5.44000005722,7.78769792797854,2.34769787075854
10580,5,7.38499999046,7.757277661530432,0.3722776710704325
10581,5,6.26000000636,8.224280140263216,1.964280133903216
10582,5,5.48125001788,13.555996055066323,8.074746037186323
10583,5,5.16666663488,7.715869486101714,2.5492028512217138
10584,5,5.61132075652,8.806475284364055,3.195154527844055
10585,5,4.86000003815,12.349816677296374,7.489816639146374
10586,5,5.85625001788,7.3098199467289025,1.4535699288489026
10587,5,5.49199995041,8.33040205793692,2.83840210752692
10588,5,5.58999998569,7.9828539511110295,2.39285396542103
10589,5,5.48666667938,7.916505794234582,2.429839114854582
10590,5,6.00399997711,7.562577432714504,1.558577455604504
10591,5,5.5583332777,8.103807594748156,2.545474317048156
10592,5,5.75833332539,7.506983714414054,1.7486503890240543
10593,5,6.4062500298,7.653717935842234,1.2474679060422345
10594,5,4.98750001192,7.898713119493159,2.9112131075731593
10595,5,5.74166667461,8.663416678189312,2.9217500035793122
10596,5,6.63999998569,8.357690667838153,1.7176906821481523
10597,5,4.98076926745,7.682232526856701,2.701463259406701
10598,5,7.4352942074,8.104760389755233,0.669466182355233
10599,5,5.27692303291,8.201930968481236,2.9250079355712355
10600,5,6.61999994914,15.315997342855987,8.695997393715986
10601,5,5.82666664124,7.285759314769985,1.4590926735299847
10602,5,7.03499996662,8.057441786055005,1.022441819435005
10603,5,5.21886792273,8.245068563101412,3.026200640371412
10604,5,5.97999997139,8.493276834191953,2.513276862801953
10605,5,6.64999995232,7.1976794671308895,0.5476795148108895
10606,5,6.51764701394,8.839739662256447,2.3220926483164472
10607,5,6.32499994834,7.825974034783901,1.5009740864439003
10608,5,6.25833332539,6.99100470971076,0.73267138432076
10609,5,7.29999995232,8.228502558979963,0.9285026066599631
10610,5,8.26666666667,8.16929164862303,0.09737501804696969
10611,5,4.22903225499,10.77585425634742,6.5468220013574205
10612,5,6.23076919409,7.562854233123273,1.3320850390332737
10613,5,4.60666668415,7.780421753194478,3.1737550690444776
10614,5,3.98048781186,7.455352625013149,3.4748648131531494
10615,5,6.70526318801,7.695141122913463,0.989877934903463
10616,5,7.13500001431,14.928817783489931,7.793817769179931
10617,5,4.23243241697,8.15292465637049,3.920492239400489
10618,5,3.91290320889,7.538531894101761,3.6256286852117614
10619,5,7.00000003974,8.793996534974825,1.7939964952348255
10620,5,3.53529409801,14.79984147882927,11.26454738081927
10621,5,7.38750004768,15.6185508169327,8.2310507692527
10622,5,5.64210522802,10.141497523655028,4.499392295635028
10623,5,5.20000001004,7.8458982573094,2.6458982472693995
10624,5,5.70999996662,13.071260640496215,7.361260673876215
10625,5,6.45000001788,12.916275447497858,6.466275429617858
10626,5,6.22666664124,8.616299577427249,2.3896329361872493
10627,5,5.49500000477,8.259690034955607,2.7646900301856077
10628,5,5.08611113495,14.560238174588235,9.474127039638235
10629,5,4.78249998093,8.972567201158945,4.190067220228945
10630,5,5.3000000053,16.122627266275806,10.822627260975807
10631,5,4.18709670344,14.49155664017271,10.30445993673271
10632,5,4.791304381,15.556669060505927,10.765364679505927
10633,5,4.80000004402,8.645806200548446,3.845806156528446
10634,5,4.18888887432,7.961902744486817,3.7730138701668174
10635,5,4.57666667302,10.060176924321683,5.4835102513016825
10636,5,7.73333333333,9.726479130157536,1.9931457968275357
10637,5,5.17500001192,15.89139083553241,10.71639082361241
10638,5,5.46666665872,7.469150953891959,2.002484295171959
10639,5,4.55757574602,15.970238088138967,11.412662342118967
10640,5,6.59999998411,8.049279066490712,1.4492790823807118
10641,5,5.72666664124,7.277372922417293,1.5507062811772938
10642,5,5.68499999046,15.404710873830085,9.719710883370086
10643,5,5.39999996915,7.426381147217879,2.0263811780678793
10644,5,5.28333324856,15.524906511830348,10.241573263270348
10645,5,8.52500009537,13.48570439760629,4.960704302236289
10646,5,4.17083332936,14.381415723788422,10.210582394428421
10647,5,7.12000002861,8.227268765465759,1.107268736855759
10648,5,5.19230758227,7.85484157059664,2.66253398832664
10649,5,5.1894736039,7.074673346221386,1.8851997423213867
10650,5,6.88888883591,8.394269750244316,1.5053809143343164
10651,5,5.61111103164,7.798010896043649,2.1868998644036486
10652,5,5.88750002782,15.955997726745949,10.068497698925949
10653,5,5.07000000477,10.07291250179914,5.00291249702914
10654,5,8.11428579262,8.79510751177879,0.6808217191587893
10655,5,4.8050000906,8.060366097229283,3.2553660066292824
10656,5,6.02499997616,7.098155690245246,1.073155714085246
10657,5,4.11058817471,9.647922613407818,5.537334438697818
10658,5,4.35362316906,8.002537535967319,3.648914366907319
10659,5,5.08666658401,7.29742315493166,2.21075657092166
10660,2,3.95192303566,10.550881677422403,6.598958641762403
10661,2,6.3750000298,6.604665861928862,0.2296658321288625
10662,2,6.22666667302,6.640917838115841,0.41425116509584026
10663,2,5.19411763023,6.61169055059473,1.41757292036473
10664,2,4.85692305932,5.921058930563423,1.0641358712434235
10665,2,4.29999999567,7.946115662348839,3.6461156666788384
10666,2,5.50833332539,8.589178735952869,3.080845410562869
10667,2,5.76428570066,7.61381715990589,1.84953145924589
10668,2,5.1043478095,12.478586458310959,7.374238648810959
10669,2,5.10769224167,6.741423282539073,1.6337310408690735
10670,2,5.62499988079,6.5277015230507,0.9027016422607002
10671,2,5.20952379136,6.536649367011744,1.3271255756517446
10672,2,6.15555561913,6.781997977432683,0.6264423583026826
10673,2,5.38750004768,9.616964433083147,4.229464385403148
10674,2,4.60499994755,6.124613438749686,1.519613491199686
10675,2,5.09444443385,6.201425369044684,1.1069809351946844
10676,2,5.3166667223,6.309154364836758,0.9924876425367577
10677,2,4.46000000636,8.7967612885052,4.336761282145201
10678,2,6.31666668256,5.776629829635107,0.5400368529248931
10679,2,7.05833331744,6.998668740070443,0.059664577369557215
10680,2,6.62222226461,6.4830181783294725,0.13920408628052794
10681,2,6.34545458447,7.594380467966814,1.2489258834968142
10682,2,5.16799991608,7.412631846838254,2.2446319307582536
10683,2,4.02093019596,7.165624260612954,3.1446940646529535
10684,2,4.86874999106,9.854433218503765,4.985683227443765
10685,2,3.99054724779,10.618367411049974,6.627820163259974
10686,2,5.99375000596,10.651218178245463,4.657468172285463
10687,2,7.65999991099,7.001690704295555,0.6583092066944447
10688,2,6.57142853737,10.195353136776742,3.6239245994067417
10689,2,7.06111102634,6.712368014501664,0.34874301183833545
10690,2,7.06999993324,8.888265076681446,1.8182651434414456
10691,2,6.90000003576,13.957777786098605,7.057777750338605
10692,2,4.55135134104,9.628576365195709,5.077225024155709
10693,2,6.35238095692,7.559296341218544,1.2069153842985436
10694,2,5.14666652679,10.206537024319946,5.059870497529946
10695,2,5.24375003576,7.196374924397287,1.9526248886372874
10696,2,4.79166665872,7.077191793660266,2.2855251349402668
10697,2,7.46666661898,12.706639336921517,5.239972717941518
10698,2,5.09999990463,12.701546555975117,7.601546651345117
10699,2,5.34000002543,6.2741258938409725,0.9341258684109723
10700,2,5.03749996424,8.570800851471281,3.533300887231281
10701,2,6.17368417037,10.456966949888912,4.283282779518912
10702,2,5.53000006676,11.96904715931699,6.439047092556989
10703,2,6.95999991099,9.508504128090328,2.5485042171003283
10704,2,7.4520000267,10.620464222016086,3.1684641953160853
10705,2,7.74736841101,11.732345964372207,3.9849775533622074
10706,2,5.10909089175,7.291132621420729,2.182041729670729
10707,2,4.40000001122,5.822830976368493,1.422830965148493
10708,2,5.82222225931,6.846744047439028,1.0245217881290278
10709,2,5.13499991894,5.920417624774894,0.7854177058348935
10710,2,3.98369563662,6.603771791351332,2.6200761547313323
10711,2,4.30000006236,6.531425762325211,2.231425699965212
10712,2,5.1684209924,6.8694711115676625,1.7010501191676628
10713,2,5.68333329095,6.574520984646584,0.8911876936965841
10714,2,5.09999993112,6.754138751211995,1.6541388200919949
10715,2,5.44444444444,9.281592401249767,3.8371479568097673
10716,2,4.96000003815,11.793698361478329,6.8336983233283295
10717,2,6.62631579449,10.119985252708348,3.4936694582183483
10718,2,5.51538463739,10.245438024449264,4.730053387059264
10719,2,4.43191489768,11.587410539044397,7.155495641364397
10720,2,5.0937499553,10.065618559575494,4.971868604275494
10721,2,6.47142853056,9.851145538240516,3.379717007680516
10722,2,5.06363630295,9.710048671916155,4.646412368966155
10723,2,5.93333333333,11.526981740137472,5.593648406807472
10724,2,5.13333325159,10.773089452105522,5.639756200515522
10725,2,4.67931033825,11.98074347821868,7.30143313996868
10726,2,4.45000004768,9.378030271752957,4.928030224072957
10727,2,6.36250007153,11.368080062421875,5.005579990891874
10728,2,5.19166666269,11.157897867972107,5.9662312052821065
10729,2,4.46578948121,10.58507103031667,6.119281549106669
10730,2,5.26190480732,12.211245753012392,6.949340945692392
10731,2,5.56666662958,7.38738767647837,1.8207210468983694
10732,2,4.6133333842,10.84163916230473,6.228305778104731
10733,2,5.0468749553,8.281270811456068,3.234395856156068
10734,2,6.30000003179,9.445666688344268,3.145666656554268
10735,2,5.23076919409,9.624752525036211,4.393983330946211
10736,2,6.82105265166,12.527993476764122,5.706940825104122
10737,2,6.77857143538,13.944671233608885,7.166099798228885
10738,2,5.50555552377,6.594136266548814,1.088580742778814
10739,2,4.98124998808,14.049735950131558,9.068485962051557
10740,2,3.72156860548,11.449216796400052,7.727648190920052
10741,2,3.85211265591,10.169234578997708,6.317121923087708
10742,2,5.53846150178,10.727378756388239,5.188917254608239
10743,2,4.48421054137,10.53637058821682,6.05216004684682
10744,2,4.1288135173,9.19664611217343,5.067832594873431
10745,2,6.51666669051,9.699551398428174,3.1828847079181735
10746,2,6.98000001907,12.707590156408337,5.727590137338336
10747,4,7.33999999364,8.131527859325699,0.7915278656856986
10748,4,8.45999994278,7.450286730482887,1.0097132122971129
10749,4,6.61999998093,9.442124449322495,2.822124468392495
10750,4,6.5666667223,7.977011287127078,1.4103445648270778
10751,4,8.39999996532,7.543726735041484,0.8562732302785152
10752,4,7.70000000795,8.186395663629341,0.48639565567934095
10753,4,8.58571434021,7.672584357871148,0.9131299823388517
10754,4,7.53333330154,7.669408047961879,0.13607474642187878
10755,4,6.67499995232,8.115285925092188,1.4402859727721875
10756,4,7.14444435967,8.774996430148489,1.6305520704784895
10757,4,7.78823543997,7.4414000734893895,0.34683536648061075
10758,4,7.60869567291,8.804935626812533,1.1962399539025332
10759,4,7.01176475076,12.24985431463193,5.23808956387193
10760,4,7.2352941457,7.053611967502656,0.18168217819734434
10761,4,7.85714295932,9.0340860982074,1.1769431388873999
10762,4,6.6249999702,7.568648201653721,0.9436482314537207
10763,4,6.63999996185,7.651019126144428,1.011019164294428
10764,4,7.19999998808,8.060926929406772,0.8609269413267722
10765,4,6.4,7.20611981458052,0.8061198145805193
10766,4,6.40909095244,7.937436161769193,1.528345209329193
10767,4,7.27222217454,7.3969011356772345,0.12467896113723409
10768,4,7.42500003179,7.463069946659956,0.03806991486995592
10769,4,6.90909090909,8.736498445021237,1.8274075359312372
10770,4,7.84545458447,6.4088580139371345,1.4365965705328652
10771,4,8.18421052632,7.107272250320724,1.0769382759992752
10772,4,7.17058815676,6.664681968190081,0.5059061885699192
10773,4,6.81481481481,9.015611843428356,2.2007970286183562
10774,4,6.27999998728,10.648704377355003,4.368704390075003
10775,4,7.67857149669,7.108197058887901,0.5703744378020987
10776,4,7.91875004768,7.804610299492595,0.11413974818740424
10777,4,8.42999997139,10.653433792663263,2.2234338212732627
10778,4,7.55454540253,7.594500995559561,0.03995559302956142
10779,4,6.96666669846,12.345093569263826,5.378426870803826
10780,4,6.69166664282,7.382839405782338,0.6911727629623385
10781,4,7.61249995232,7.404375082595788,0.2081248697242124
10782,4,7.32500004768,12.161083746900887,4.836083699220888
10783,4,7.99411768072,12.431231136509753,4.437113455789754
10784,4,5.96842105765,10.160564800389189,4.192143742739189
10785,4,6.75000009537,7.927617505985988,1.177617410615988
10786,4,7.10476189568,11.08749552862724,3.98273363294724
10787,4,6.9333333515,7.3579211303447245,0.42458777884472454
10788,4,7.2222222752,8.32340182307315,1.1011795478731496
10789,4,7.83181821216,10.717439575067171,2.8856213629071714
10790,4,8.82307690841,11.869825208584277,3.0467483001742774
10791,4,7.71428568023,7.644931029831182,0.06935465039881805
10792,4,8.24545444142,7.501666153482927,0.7437882879370727
10793,4,6.66363638098,9.097593510015857,2.433957129035857
10794,4,6.83571430615,7.5183149711906525,0.6826006650406526
10795,4,7.92222234938,12.487557875177407,4.565335525797407
10796,4,8.93124997616,7.595248354338583,1.336001621821417
10797,4,8.61999998093,7.715793256024021,0.9042067249059791
10798,4,7.04999999205,10.280799510143591,3.2307995180935913
10799,4,7.74761899312,7.47878547968106,0.26883351343893924
10800,4,7.62222226461,7.460101676175956,0.16212058843404442
10801,4,8.12000010808,7.7053662325730565,0.41463387550694275
10802,4,7.57647051531,7.198559340070901,0.3779111752390989
10803,4,6.8294117591,7.447963105533372,0.6185513464333718
10804,4,6.73749998212,11.92763781094958,5.19013782882958
10805,4,7.6214285578,9.739076869567429,2.1176483117674287
10806,4,7.42499999205,7.412386150791947,0.012613841258053426
10807,4,7.31999998093,7.961040184722505,0.6410402037925058
10808,4,6.55000001192,11.128963845792907,4.578963833872907
10809,4,6.5,7.7852197022641265,1.2852197022641265
10810,4,7.9714286895,12.392809659744271,4.421380970244272
10811,4,6.83333341281,11.098611008914865,4.265277596104865
10812,4,6.51052633085,12.335205115198022,5.824678784348022
10813,4,7.33200000763,8.158214763476517,0.8262147558465172
10814,4,7.76875004172,7.890338559432708,0.12158851771270829
10815,4,7.75454542854,7.439256252406835,0.3152891761331649
10816,4,8.09000003338,7.0789456562437,1.0110543771363005
10817,4,6.64666662216,8.046428188264093,1.3997615661040932
10818,4,7.95454549789,10.22425758441535,2.2697120865253497
10819,4,7.37647062189,7.677628089709334,0.3011574678193334
10820,4,7.25384613184,12.171608919359436,4.917762787519436
10821,4,6.71578949376,12.450818861368601,5.735029367608601
10822,4,7.5312499702,7.431476157419562,0.0997738127804384
10823,4,7.56923073989,11.005534235958237,3.436303496068237
10824,4,7.1562500596,7.241221144042603,0.08497108444260348
10825,4,6.52142865317,7.597804158568027,1.076375505398027
10826,4,6.93333333333,8.355879221059148,1.4225458877291475
10827,4,6.29999997616,14.166562226674104,7.866562250514105
10828,4,6.10588239221,8.512720417479068,2.406838025269068
10829,4,6.72666664124,8.693842969879816,1.967176328639816
10830,4,7.17000002861,8.078028733061823,0.9080287044518229
10831,4,6.32500000795,12.617405839231036,6.2924058312810365
10832,4,6.23749992251,8.147328098966309,1.9098281764563092
10833,4,6.30625003576,10.365297857712477,4.059047821952477
10834,4,6.83000001907,11.986230796767835,5.156230777697835
10835,4,6.70769229302,7.046692869118629,0.33900057609862877
10836,4,6.83333335604,13.15347713878482,6.320143782744821
10837,4,7.15500006676,9.511449348363403,2.3564492816034024
10838,4,7.09285719054,8.390921130400397,1.2980639398603966
10839,4,7.08124998212,9.425264784913741,2.3440148027937413
10840,4,6.39230775833,7.905316370448388,1.513008612118388
10841,4,6.71428578241,8.80251295682847,2.0882271744184706
10842,4,4.2695652091,8.064367627274553,3.7948024181745534
10843,4,6.70434779706,7.284103974004053,0.5797561769440538
10844,4,6.45384619786,9.736142780438886,3.282296582578886
10845,4,6.05999996185,8.914643240668696,2.8546432788186955
10846,4,6.1888888677,12.84898706496391,6.660098197263911
10847,4,6.01875001192,9.098491316346005,3.0797413044260047
10848,4,7.94375002384,9.324613515627577,1.3808634917875775
10849,4,7.05294115403,8.947553527281432,1.894612373251432
10850,4,8.08571440833,8.619014958296237,0.5333005499662367
10851,4,6.45000004768,12.600259934030193,6.150259886350193
10852,4,5.90000009537,7.8805072550039315,1.9805071596339312
10853,4,5.79047625405,8.475652103112354,2.6851758490623547
10854,4,4.74411763864,14.207375929773287,9.463258291133286
10855,4,6.76842104761,12.46756681057008,5.69914576296008
10856,4,6.49565217806,8.936795262588841,2.441143084528841
10857,4,6.33333345254,11.999469987729206,5.666136535189207
10858,4,6.81111110581,7.746799875864462,0.9356887700544618
10859,4,6.29333327611,9.071177981152973,2.7778447050429724
10860,4,7.08095241728,12.871057132645689,5.790104715365689
10861,4,8.23529420179,8.48201196048661,0.24671775869660983
10862,4,7.26000003815,7.813971581953358,0.5539715438033577
10863,4,6.60000005364,12.827227427947527,6.227227374307527
10864,4,3.66094674161,11.441665378463084,7.780718636853083
10865,4,6.64999995232,12.899302355015084,6.2493024026950845
10866,4,6.36666671435,8.928966212815508,2.5622994984655083
10867,4,5.96666669846,8.110608133882165,2.143941435422165
10868,4,7.14374995232,7.779561785758713,0.6358118334387131
10869,4,5.76666665077,8.003885938201394,2.237219287431394
10870,4,6.63076928946,7.555524119649585,0.9247548301895847
10871,4,7.46153846154,9.694760314131026,2.2332218525910257
10872,4,6.50000007947,7.503076610465267,1.0030765309952665
10873,4,4.57831323578,11.317668607666421,6.739355371886422
10874,4,6.8315789825,12.166791744055102,5.335212761555102
10875,4,6.78823529973,12.755465082235851,5.967229782505851
10876,4,6.71333332062,12.614782063075586,5.901448742455585
10877,4,6.00999999046,8.510187130145473,2.5001871396854733
10878,4,7.12777778837,8.235177573349617,1.1073997849796164
10879,4,6.40714287758,8.042303314524835,1.635160436944835
10880,4,6.15714287758,11.833598255126534,5.676455377546533
10881,4,6.96428571429,8.644469508170468,1.6801837938804685
10882,4,6.50666672389,8.621824096701053,2.115157372811053
10883,4,6.0933333079,7.693460815451343,1.6001275075513428
10884,4,5.92105270687,8.978790486888881,3.057737780018881
10885,4,6.51818180084,10.567365242561184,4.049183441721184
10886,4,6.0066666921,12.87024388641428,6.86357719431428
10887,4,6.77000005245,13.23493305804039,6.46493300559039
10888,4,6.54374998808,15.274864235687165,8.731114247607165
10889,4,6.56666665607,12.949879208079402,6.383212552009402
10890,4,6.08461541396,9.11995521604213,3.035339802082131
10891,4,7.15000004768,14.008660016884244,6.858659969204244
10892,4,6.30909096111,12.408293513426834,6.099202552316834
10893,4,6.02272725105,12.766386483194767,6.743659232144767
10894,4,6.28800004959,11.433539179416906,5.145539129826906
10895,4,7.64210527822,10.407236382529458,2.765131104309458
10896,4,6.74736841101,12.863261404995882,6.115892993985882
10897,4,6.86999998093,7.094664955847877,0.22466497491787685
10898,4,6.70714286395,7.343826628698723,0.6366837647487236
10899,4,6.77499997616,8.109841336136341,1.3348413599763411
10900,4,7.98666671117,7.6286537322807195,0.3580129788892803
10901,4,6.31500008106,7.9751497569817955,1.6601496759217955
10902,4,6.83076928212,8.240053761839393,1.4092844797193926
10903,4,6.14705875341,8.655630410491597,2.508571657081597
10904,4,7.0166666309,7.537792189476884,0.5211255585768839
10905,4,4.73680001068,7.185009234408556,2.448209223728556
10906,4,4.10185186068,8.138093454687807,4.036241594007807
10907,4,5.86428584371,12.88184035939805,7.017554515688049
10908,4,6.57368424064,14.10823930187109,7.53455506123109
10909,4,7.48571429934,8.96541235431772,1.479698054977721
10910,4,6.94117647059,9.398680804766752,2.4575043341767513
10911,4,6.64999994636,8.74327252734942,2.09327258098942
10912,4,6.06874993443,9.501409573046578,3.4326596386165775
10913,4,6.37500003974,13.663053621482419,7.288053581742419
10914,4,6.09999995761,11.244998415098745,5.144998457488746
10915,4,6.34285715648,12.839124271237969,6.496267114757969
10916,4,5.25220587674,8.249280180199754,2.9970743034597547
10917,4,6.65333331426,7.361684106551001,0.7083507922910011
10918,4,6.2933333079,7.86767445355184,1.5743411456518395
10919,4,6.13043467895,8.707641656360439,2.5772069774104382
10920,4,5.75454542854,7.18910390288904,1.43455847434904
10921,4,6.44666671753,8.61301795224265,2.16635123471265
10922,4,6.49499998093,7.787100152621119,1.2921001716911187
10923,4,6.55199996948,12.483595564608313,5.9315955951283135
10924,4,6.67692305492,7.053439783191643,0.3765167282716435
10925,4,5.77500003576,11.955557338578712,6.180557302818713
10926,4,7.347619034,5.924328265801969,1.4232907681980311
10927,4,6.61666667461,6.714964955116755,0.09829828050675449
10928,4,6.14999991655,9.233999317513728,3.0839994009637284
10929,4,3.81499999762,7.352804091269832,3.5378040936498314
10930,4,4.53124997516,7.04299607035896,2.5117460951989603
10931,4,4.71555554072,7.1873125883536275,2.471757047633628
10932,4,4.37105266044,8.503048036958495,4.1319953765184945
10933,4,4.19799996376,9.917071710346333,5.719071746586333
10934,4,6.61666663488,8.549475336303637,1.932808701423637
10935,4,7.10000002384,8.511422975669307,1.4114229518293069
10936,4,7.36111111111,8.41205694820153,1.0509458370915299
10937,4,6.85,7.839510490354698,0.9895104903546983
10938,4,6.13571422441,9.752826657243363,3.6171124328333626
10939,4,5.92941180397,13.208803635015842,7.279391831045842
10940,4,6.3125,13.52825790702569,7.21575790702569
10941,4,4.0594594543,8.347583372336377,4.288123918036377
10942,1,5.13980583543,8.663752358175307,3.523946522745307
10943,1,3.91262133839,7.689069576706329,3.7764482383163287
10944,1,3.81509434502,8.544313278264235,4.729218933244235
10945,1,5.13999999046,9.697607647478245,4.557607657018245
10946,1,4.24629626451,8.473881314642355,4.2275850501323555
10947,1,3.91944441862,8.773237836143975,4.853793417523976
10948,1,5.40229886154,8.281894970323368,2.8795961087833675
10949,1,4.01874998957,8.878613655341168,4.859863665771168
10950,1,4.4547619479,8.683701368104725,4.228939420204725
10951,1,5.56521737057,12.092103818418963,6.5268864478489625
10952,1,4.00864198178,7.64742611174657,3.6387841299665693
10953,1,5.10869563144,9.857987331862711,4.749291700422711
10954,1,4.99210528324,8.161545242207973,3.169439958967973
10955,1,3.90731705107,9.210926183454617,5.303609132384617
10956,1,5.20563377461,9.304549040979522,4.098915266369522
10957,1,4.16603771246,8.216673190975031,4.050635478515032
10958,1,5.00140846279,9.861664547790669,4.860256085000669
10959,1,3.83928570577,8.061621357980309,4.222335652210309
10960,1,4.83749997616,9.626831313588006,4.789331337428006
10961,1,4.60181817141,9.103301614615962,4.501483443205962
10962,1,6.05957445185,9.531011811279384,3.471437359429385
10963,1,4.21948050833,8.72333202738709,4.503851519057089
10964,1,4.22878781232,8.486860065089434,4.258072252769434
10965,1,4.11538460621,9.264609693984172,5.149225087774171
10966,1,3.90512819168,8.259622664232808,4.354494472552808
10967,1,4.11333325704,12.649775571151737,8.536442314111738
10968,1,5.7720000267,7.142861961314292,1.3708619346142923
10969,1,4.19308173581,8.757729306634591,4.564647570824591
10970,1,4.46470591601,8.844684345104044,4.379978429094044
10971,1,6.09834709246,8.836487543138993,2.7381404506789933
10972,1,5.47380953176,10.703478368616972,5.229668836856972
10973,1,4.81472391877,10.303275502191749,5.488551583421748
10974,1,3.9158415936,8.3298032584719,4.4139616648719
10975,1,4.38717946639,8.377504361951988,3.9903248955619883
10976,1,4.43454546495,15.193974508814014,10.759429043864014
10977,1,3.90980388136,8.33888532502193,4.42908144366193
10978,1,6.3692307839,8.187572924232422,1.8183421403324216
10979,1,4.46940296799,7.6677275987807905,3.1983246307907907
10980,1,4.3074074027,9.531420826305029,5.224013423605029
10981,1,4.11052630659,8.727637160535746,4.617110853945746
10982,1,4.32499999139,8.263064563038732,3.9380645716487317
10983,1,4.29047614052,7.913431569637521,3.622955429117521
10984,1,6.11158537574,8.858906869201297,2.747321493461297
10985,1,5.27128713438,7.8686410253814225,2.597353891001423
10986,1,3.87391302897,9.080151805755541,5.206238776785542
10987,1,4.34166669846,7.853856397277227,3.5121896988172265
10988,1,5.66470592162,8.318517118612245,2.653811196992245
10989,1,4.24242419908,8.51733133215245,4.27490713307245
10990,1,6.82499996821,8.980965874265861,2.1559659060558607
10991,1,3.92162163838,8.345422944207254,4.423801305827254
10992,1,4.27777779985,7.551059413420045,3.2732816135700453
10993,1,5.15000002281,8.90588027929701,3.7558802564870106
10994,1,5.11406245828,9.221066239722708,4.107003781442708
10995,1,4.80503146453,9.112188914083434,4.307157449553435
10996,1,5.8050000906,7.8508287936815515,2.0458287030815514
10997,1,6.46250000596,8.189218653453839,1.726718647493839
10998,4,4.29285711902,6.745648347404562,2.4527912283845623
10999,4,6.17999989986,7.942543730659076,1.7625438307990757
11000,4,5.92000007629,8.790192567464088,2.8701924911740875
11001,4,4.77999994755,8.73952968590085,3.9595297383508496
11002,4,3.96666669846,8.49094006072169,4.524273362261689
11003,4,5.88333332539,7.4452266296938765,1.5618933043038767
11004,4,6.46315790478,6.778545700288279,0.3153877955082791
11005,4,4.62307686072,6.8003106015915495,2.177233740871549
11006,4,4.99473684712,6.710953307326259,1.7162164602062582
11007,4,4.80000007153,5.96105718718828,1.1610571156582798
11008,4,5.27326734467,6.835746390387977,1.5624790457179776
11009,4,3.93136093179,6.543361248669054,2.612000316879054
11010,4,5.7812500298,7.864670009139073,2.083419979339073
11011,4,5.23714288303,10.16254793243187,4.925405049401871
11012,4,6.55714287077,8.045976935114497,1.4888340643444975
11013,4,4.50952382315,7.060936596055508,2.5514127729055076
11014,4,6.07499996821,8.38289766808507,2.3078976998750695
11015,4,4.83124998212,7.236559761397711,2.4053097792777107
11016,4,4.63125002384,12.992171733467222,8.360921709627222
11017,4,5.92500007153,5.668243015092368,0.2567570564376327
11018,4,5.84166673819,7.016912972068195,1.1752462338781955
11019,4,5.79999996821,7.878617392152719,2.0786174239427195
11020,4,5.99444450272,7.718347194696466,1.7239026919764653
11021,4,5.40555561913,7.736649994414674,2.331094375284674
11022,4,5.55333328247,8.345911228681905,2.792577946211905
11023,4,5.05773199219,10.920220378574022,5.8624883863840225
11024,4,5.84999999735,8.600960194886452,2.750960197536452
11025,4,4.64642861911,14.287603568677017,9.641174949567016
11026,4,6.34444443385,12.455450815343175,6.111006381493175
11027,4,5.50833332539,12.61944450669829,7.11111118130829
11028,4,6.48750004172,11.822902378515701,5.335402336795702
11029,4,5.67999989192,11.844094167262295,6.164094275342295
11030,4,4.14509802239,8.188337040539714,4.043239018149714
11031,4,5.54666665395,7.671815072508338,2.1251484185583376
11032,4,6.01249998808,12.092411467512328,6.079911479432328
11033,4,5.98750001192,9.93617384393622,3.9486738320162207
11034,4,4.0844827356,9.276298782837078,5.191816047237078
11035,4,5.31578943604,14.049642414808028,8.733852978768027
11036,4,4.2532109908,12.045337775793815,7.7921267849938145
11037,4,5.08831615874,12.733349890145396,7.645033731405396
11038,4,4.38636363095,8.945294162228397,4.5589305312783965
11039,4,6.24799999237,7.64774487923936,1.3997448868693603
11040,4,5.59230764096,13.483143831349157,7.890836190389157
11041,4,4.49999998013,6.6267630159845785,2.1267630358545784
11042,4,4.22857141495,8.823663852656468,4.595092437706468
11043,4,4.31904779162,6.56040886255937,2.2413610709393703
11044,4,5.31555553719,6.837731337182405,1.5221757999924055
11045,4,4.83214284692,9.60790084161403,4.775757994694031
11046,4,4.40833342075,8.049542985909392,3.641209565159392
11047,4,6.40000002201,9.164373614974057,2.7643735929640565
11048,4,5.10645163444,12.213261949265354,7.106810314825354
11049,4,5.75333331426,8.776661336939707,3.0233280226797072
11050,4,5.86923085726,6.569096536008115,0.6998656787481154
11051,4,5.5842105213,7.76218156612389,2.17797104482389
11052,4,4.84166663885,9.607745455345887,4.766078816495887
11053,4,6.46666665872,9.278503609822081,2.811836951102081
11054,4,6.19374996424,7.776192029021219,1.582442064781219
11055,4,6.16666666667,14.03461860855353,7.867951941883529
11056,4,5.91333335241,8.466072102721284,2.552738750311285
11057,4,6.43000006676,8.223838924693178,1.7938388579331779
11058,4,5.72000001272,8.622409612481428,2.9024095997614285
11059,4,5.86666676203,7.77273503586628,1.9060682738362793
11060,4,4.58136644719,13.07995808217531,8.49859163498531
11061,4,4.98577406217,9.838092477271921,4.852318415101921
11062,4,7.29999997881,6.95308520448553,0.34691477432447027
11063,4,5.76000000636,9.127551880980617,3.3675518746206166
11064,4,5.0468749851,6.9648078101785,1.9179328250785002
11065,4,4.88999999591,7.876601227674326,2.9866012317643253
11066,4,4.28666664759,12.323059242019351,8.036392594429351
11067,4,6.5,6.22662839618826,0.2733716038117402
11068,4,5.70526318801,7.316557186358221,1.6112939983482208
11069,4,3.94714285306,8.909131194234194,4.961988341174194
11070,4,4.14583321412,8.630709181009273,4.484875966889273
11071,4,6.06500003338,7.946965708653017,1.8819656752730172
11072,4,4.89444441266,6.312866192903282,1.418421780243282
11073,4,4.09583332141,6.3860231738107816,2.2901898524007818
11074,4,5.80000011738,7.016630402631821,1.2166302852518216
11075,4,6.43200004578,8.603156881188818,2.1711568354088184
11076,4,5.76999998093,8.987420127533365,3.2174201466033656
11077,4,5.71499996185,7.58364762114682,1.86864765929682
11078,4,6.18269228018,8.727148309303884,2.544456029123883
11079,4,5.65000005563,6.9615618656396245,1.311561810009625
11080,4,4.97500002384,9.336566771799385,4.361566747959385
11081,4,5.68999993801,14.69082587748516,9.00082593947516
11082,4,5.76153843219,9.951770366495756,4.190231934305756
11083,4,4.31428568136,8.642548978361795,4.3282632970017945
11084,4,7.34000000954,6.251159891837975,1.0888401177020244
11085,4,6.79565222367,8.697672796289236,1.9020205726192358
11086,4,4.56666667121,11.962315907169803,7.3956492359598025
11087,4,6.15833322207,8.094157593936274,1.935824371866274
11088,4,6.30769230769,8.90355833941129,2.5958660317212905
11089,4,6.7818182165,7.842763635726411,1.0609454192264112
11090,4,4.20514402762,11.871814469632513,7.666670442012513
11091,4,6.1999999455,13.348848543939031,7.148848598439031
11092,4,4.31004183063,9.015706080051029,4.705664249421028
11093,4,4.34642856462,7.148966453479454,2.8025378888594537
11094,4,5.24074072308,6.786296622823923,1.5455558997439232
11095,4,5.13124999404,6.1306189876717925,0.9993689936317924
11096,4,7.25714295251,6.269363528329286,0.9877794241807134
11097,4,5.06855345372,8.519690501359163,3.451137047639163
11098,4,5.30714287077,11.637826341376796,6.330683470606796
11099,4,4.99090903456,12.59748799669882,7.606578962138821
11100,4,4.9,7.16214591698551,2.26214591698551
11101,4,6.11666665475,6.943159640545893,0.8264929857958929
11102,4,5.6260869503,10.028866059414542,4.402779109114541
11103,4,4.80344821667,8.459931787929357,3.656483571259357
11104,4,4.81666670243,6.374050819453775,1.5573841170237746
11105,4,5.09499998093,6.762998640859207,1.6679986599292072
11106,4,5.24999995232,6.1980467635021155,0.9480468111821159
11107,4,5.49285718373,7.763100373742025,2.2702431900120255
11108,2,6.81428582328,11.47709269565249,4.66280687237249
11109,2,5.83750003576,7.707759396252135,1.8702593604921356
11110,2,6.34999998411,12.707594557635476,6.357594573525476
11111,2,6.60000006358,11.45038981817352,4.85038975459352
11112,2,6.75555562973,12.134084026013673,5.378528396283673
11113,2,7.69999980927,11.916776396583002,4.216776587313001
11114,2,6.17272723805,12.198116493874998,6.025389255824998
11115,2,6.43333331744,9.129274642989369,2.695941325549369
11116,2,6.64444446564,10.023210858722102,3.3787663930821017
11117,2,5.96153846154,12.96091644604694,6.999377984506941
11118,1,6.59999990463,8.413591765712555,1.8135918610825552
11119,1,4.69230767397,14.553630032503388,9.86132235853339
11120,1,4.49768784005,19.377502070689474,14.879814230639473
11121,1,3.70571428026,19.889781594745074,16.184067314485073
11122,1,4.52346937754,8.329947892808285,3.806478515268285
11123,1,2.88552633085,9.642481705964512,6.7569553751145115
11124,1,2.79298244861,8.833569767044073,6.040587318434073
11125,1,5.13928573472,20.822612158021137,15.683326423301137
11126,1,6.08333333333,9.28630938097595,3.202976047645951
11127,1,3.7986111078,10.297608626488506,6.498997518688506
11128,1,4.20849056289,9.233527944886376,5.025037381996376
11129,1,3.47524752947,18.389060706399636,14.913813176929636
11130,1,3.14821428912,19.165432783786482,16.017218494666484
11131,1,5.96875,8.58600219124828,2.61725219124828
11132,1,6.97000002861,7.671441179267289,0.7014411506572884
11133,1,6.29999995232,9.070177744838166,2.770177792518165
11134,1,5.88666667938,13.707815643802775,7.8211489644227745
11135,1,6.36666668786,18.795274762998638,12.428608075138637
11136,1,4.46380951972,19.454516110146844,14.990706590426845
11137,1,5.64117639205,10.965229158406947,5.324052766356947
11138,1,4.97291664779,8.125876888692709,3.1529602409027087
11139,5,3.98632477491,8.170208698434761,4.183883923524761
11140,5,4.73150684409,8.426254474821407,3.694747630731407
11141,5,3.45222221745,8.568600716012881,5.116378498562881
11142,5,5.82666664124,7.608157734483904,1.781491093243904
11143,5,5.30952378682,8.528584724246029,3.219060937426029
11144,5,5.78947370931,8.244970169773278,2.4554964604632783
11145,5,5.81379313305,8.825262540584195,3.011469407534195
11146,5,4.59729730761,7.997540417790396,3.400243110180396
11147,5,5.52790695013,7.838261290514682,2.3103543403846816
11148,5,4.04685314552,8.146570262113865,4.099717116593865
11149,5,3.20888888571,18.3618043120156,15.1529154263056
11150,5,5.2503105365,8.444780980410538,3.1944704439105385
11151,5,3.97622377556,8.433989862087335,4.457766086527336
11152,5,2.92180451594,8.057235096542188,5.135430580602188
11153,5,3.3060606128,8.08219541625209,4.77613480345209
11154,5,5.78235306459,9.142937553073173,3.3605844884831733
11155,5,7.45000004768,18.295398625630337,10.845398577950338
11156,5,5.67878791058,8.267676352251337,2.5888884416713376
11157,5,5.76315791983,8.187203430571815,2.4240455107418146
11158,5,5.09999999404,8.176107401130274,3.076107407090274
11159,5,3.84749999841,8.008638831770696,4.161138833360696
11160,5,3.59677420124,9.165292596694263,5.568518395454262
11161,5,4.13399999619,11.544912343308281,7.410912347118281
11162,5,3.80877191142,8.176863682179537,4.368091770759537
11163,5,5.90909082239,9.406763559860389,3.4976727374703893
11164,5,5.38636359301,14.72891077509422,9.342547182084221
11165,5,3.90000001589,20.271549848785718,16.371549832895717
11166,5,3.05416668455,16.38902400844384,13.33485732389384
11167,5,3.55477705427,7.899924509418776,4.345147455148776
11168,5,3.4895833234,16.607594843656337,13.118011520256337
11169,5,4.64642857441,8.601006745077463,3.954578170667463
11170,5,4.38275859274,8.520958583061125,4.138199990321125
11171,5,4.21017963444,14.044837503123818,9.834657868683816
11172,4,5.49411765267,12.139626586596284,6.645508933926284
11173,4,4.71562497318,10.97757398796904,6.26194901478904
11174,4,5.0178571088,11.270170955870103,6.252313847070103
11175,4,4.64857138225,10.238606000755661,5.590034618505661
11176,4,5.44090903889,10.111978469065965,4.671069430175965
11177,4,5.43076929679,10.442009832668145,5.011240535878144
11178,4,5.65999994278,6.574626123694045,0.9146261809140448
11179,4,4.96842108275,9.872173109229992,4.903752026479992
11180,4,8.10000038147,12.21043099507435,4.1104306136043505
11181,4,5.42068969792,12.711218933606947,7.290529235686947
11182,4,7.52499997616,11.34042762400536,3.8154276478453593
11183,4,4.69375000596,12.54642716736124,7.852677161401241
11184,4,5.52777775129,13.9042760807623,8.376498329472298
11185,4,5.61666659514,11.940340718015523,6.3236741228755236
11186,4,6.64166665077,12.952696016410814,6.311029365640813
11187,4,5.35714278902,13.129839895782572,7.772697106762572
11188,4,6.04615383882,10.207378030236706,4.161224191416706
11189,4,7.20999994278,10.864085890259075,3.654085947479075
11190,4,5.34000015259,11.962442491526984,6.622442338936984
11191,4,4.90465116501,13.028482101388597,8.123830936378598
11192,4,5.19375002384,12.542652974684165,7.348902950844165
11193,4,5.14545455846,11.542533166980098,6.397078608520098
11194,4,5.61249995232,13.011668954910329,7.3991690025903285
11195,4,5.34999999633,11.57216631283363,6.22216631650363
11196,4,5.69999990463,9.355920930843661,3.6559210262136608
11197,4,5.76829268293,10.243709825364823,4.475417142434822
11198,4,5.75199996948,12.466982436607209,6.714982467127209
11199,4,5.72727272727,10.739234663932226,5.011961936662226
11200,4,6.51249998808,11.493596458752524,4.981096470672524
11201,4,5.60625004768,12.429925874909145,6.823675827229145
11202,4,5.44999996821,10.967894250290097,5.517894282080097
11203,4,5.12777776188,10.47907583982708,5.351298077947081
11204,4,6.17500003179,9.234756828068832,3.0597567962788323
11205,4,5.457894777,11.542841583425945,6.084946806425945
11206,4,5.68571431296,9.293327268323605,3.6076129553636047
11207,4,5.77575761622,11.804505772554371,6.0287481563343714
11208,4,5.31538464473,11.063238071778827,5.747853427048827
11209,4,5.53750005364,12.35857706709102,6.82107701345102
11210,4,6.41666674614,11.711912307647834,5.295245561507834
11211,4,4.60800004959,11.576593931621467,6.968593882031467
11212,4,4.64909087961,11.5172111561792,6.868120276569201
11213,4,5.46250003576,9.100059551664197,3.637559515904197
11214,4,5.77499997616,10.804004795716455,5.029004819556455
11215,4,5.36666671435,14.626933558548098,9.260266844198098
11216,4,7.60000014305,10.52615780778355,2.92615766473355
11217,4,4.52972972715,8.528373070950224,3.9986433438002233
11218,4,5.5421052481,11.799092280213742,6.2569870321137415
11219,4,5.65714284352,8.787754779893566,3.1306119363735663
11220,4,5.58999996185,10.810691238570488,5.220691276720488
11221,4,5.79999999342,6.993387615424253,1.193387622004253
11222,4,4.88000001907,7.5415647246081825,2.661564705538183
11223,4,6.5,9.609955341246899,3.1099553412468985
11224,4,5.25714288439,14.124783118305887,8.867640233915886
11225,4,6.16470589357,7.430978923609104,1.2662730300391045
11226,4,7.09999990463,8.763786488122383,1.6637865834923833
11227,4,5.72142853056,10.924054742240193,5.202626211680193
11228,4,6.11428574153,7.8014817972234,1.6871960556934003
11229,4,4.83999996185,8.278664760803197,3.438664798953197
11230,4,6.70909088308,9.926947128610704,3.2178562455307045
11231,4,6.44999996821,7.603699887363715,1.1536999191537145
11232,4,5.41666674614,9.945876445115978,4.529209698975978
11233,4,6.45555559794,12.622565519552074,6.167009921612074
11234,4,4.53076922894,6.855219280208006,2.3244500512680064
11235,4,4.94339620842,14.518695981844626,9.575299773424625
11236,4,4.57333334817,13.027597143564796,8.454263795394795
11237,4,5.30800003052,10.804452472244337,5.496452441724338
11238,4,5.21578944357,9.860781028952495,4.644991585382495
11239,4,6.33846150912,7.6958604294716535,1.3573989203516534
11240,4,6.74615383148,10.847359831467646,4.101205999987646
11241,4,7.11428569612,10.323750091494162,3.2094643953741624
11242,4,5.99000005722,11.018741549962273,5.028741492742274
11243,4,5.63846147977,10.162977671374755,4.5245161916047545
11244,4,6.61666666137,10.21664859537523,3.5999819340052293
11245,4,5.25999994278,8.562501429802769,3.3025014870227682
11246,4,5.0625,10.47914778774723,5.41664778774723
11247,4,5.43333323797,7.982545975858281,2.549212737888281
11248,4,5.85882355185,10.162282630501162,4.303459078651162
11249,4,5.2083333532,7.425437238842705,2.2171038856427057
11250,4,4.92222234938,8.142659963406263,3.220437614026263
11251,4,5.27999997139,7.517323618955419,2.237323647565419
11252,4,4.05142855644,10.436859543075824,6.385430986635824
11253,4,4.0545454242,7.924515565001127,3.8699701408011276
11254,4,6.27499997616,8.57190326533532,2.2969032891753205
11255,4,6.66250002384,10.79967855191981,4.13717852807981
11256,4,6.32222223282,10.522641714237784,4.200419481417784
11257,4,6.68999996185,10.965848408800445,4.275848446950445
11258,4,5.08823526607,10.590092628951302,5.501857362881302
11259,4,5.19090899554,8.111896537340744,2.920987541800744
11260,4,5.83333341281,10.366936585080254,4.5336031722702534
11261,4,5.8272727186,11.816752902936791,5.9894801843367915
11262,4,6.33333345254,8.956415966952726,2.623082514412726
11263,4,7.53913050113,8.161078653927028,0.6219481527970281
11264,4,7.02222220103,8.561345934113405,1.5391237330834047
11265,4,4.12058819042,10.176014673987051,6.055426483567051
11266,4,4.22682927294,6.816147031304135,2.5893177583641354
11267,4,5.31999998093,13.503568138372751,8.183568157442751
11268,4,5.36190473466,12.075481484461456,6.713576749801455
11269,4,7.16666666667,12.755890547214094,5.589223880544093
11270,4,6.22380958285,10.872612429563263,4.648802846713263
11271,4,6.80624997616,9.817700345930573,3.0114503697705732
11272,4,6.59230764096,13.277172772554787,6.684865131594787
11273,4,6.09090909091,7.812971927525151,1.7220628366151507
11274,4,4.95,16.46981298700028,11.519812987000282
11275,4,6.34000005722,8.237843581700078,1.897843524480078
11276,4,4.53225805683,8.075873104993857,3.543615048163857
11277,4,6.15833322207,12.74871672522538,6.590383503155381
11278,4,6.81052634591,7.434811066155634,0.6242847202456341
11279,4,6.57272733342,16.00204000205447,9.429312668634472
11280,4,6.84615380947,7.916616965006978,1.0704631555369781
11281,4,6.46666669846,12.176119584829117,5.7094528863691165
11282,4,6.1777777142,9.653128881448094,3.4753511672480935
11283,4,5.84999998411,11.126403944141916,5.276403960031916
11284,4,6.59999997616,7.909288520779342,1.309288544619342
11285,4,6.87777776188,11.661317946450776,4.783540184570776
11286,4,6.1636363593,11.26731360509881,5.10367724579881
11287,4,4.46274513357,16.45742712464246,11.994681991072461
11288,4,5.5,8.436501109575115,2.936501109575115
11289,4,4.90999999046,8.798994785665297,3.8889947952052966
11290,4,7.15555556615,10.504113344551142,3.3485577784011413
11291,4,6.20000001362,10.11089009535582,3.91089008173582
11292,4,7.26666663488,8.56903579650333,1.3023691616233304
11293,4,5.81000013351,11.449313314198646,5.639313180688646
11294,4,5.37692304758,7.665734153419648,2.288811105839648
11295,4,6.3124999404,7.507372600200884,1.1948726598008834
11296,4,5.84545456279,10.83237921057933,4.98692464778933
11297,4,5.22272727706,10.839418743840852,5.6166914667808525
11298,4,6.57272720337,7.989923346194911,1.4171961428249107
11299,4,6.46000000636,11.128790534588225,4.668790528228225
11300,4,6.41111108992,7.602742711187078,1.191631621267078
11301,4,6.39166665077,10.356962981381862,3.965296330611862
11302,4,4.64130422343,7.54468690133965,2.90338267790965
11303,4,4.66315788972,8.92547067219967,4.262312782479671
11304,4,6.60999999046,7.370474711982862,0.7604747215228613
11305,4,7.09333333969,8.3002017055606,1.2068683658705996
11306,4,6.11249995232,10.561203423991364,4.448703471671363
11307,4,6.66666658719,7.960999763208686,1.2943331760186858
11308,4,5.89999990463,7.906701642224982,2.006701737594982
11309,4,6.80714290483,8.68603256111222,1.8788896562822206
11310,4,5.58000011444,7.993985726394904,2.413985611954904
11311,4,5.20999999046,12.12772357735944,6.91772358689944
11312,4,6.22592592239,9.75088312829218,3.5249572059021803
11313,4,6.0000000298,9.366774308256465,3.3667742784564654
11314,4,4.82499994681,7.8996854977991555,3.0746855509891553
11315,4,4.76499994993,11.560054121982844,6.795054172052844
11316,4,6.49999988079,7.118550907604666,0.6185510268146661
11317,4,6.19999996821,8.950206064478962,2.750206096268962
11318,4,5.53749990463,11.07831143287232,5.540811528242321
11319,4,6.43846156047,11.146521525892332,4.708059965422332
11320,4,5.37142857483,13.481081139477993,8.109652564647993
11321,4,5.61666667461,10.961535531627227,5.344868857017227
11322,4,7.73076923077,9.051918555330193,1.321149324560193
11323,4,5.9909090779,7.422712430111595,1.4318033522115954
11324,4,6.89166673024,8.33825108869299,1.4465843584529905
11325,4,6.62999997139,11.218758831517215,4.588758860127215
11326,4,6.40000002725,15.066494383289832,8.666494356039832
11327,4,5.6333334181,12.654298361908237,7.020964943808237
11328,4,6.53846157514,9.784194831347344,3.2457332562073438
11329,4,4.53448272574,8.091101971369687,3.556619245629687
11330,4,4.37666676044,6.690355400827844,2.313688640387844
11331,4,4.14193547157,6.602234849024257,2.460299377454257
11332,4,4.59531247616,8.669768028589228,4.074455552429228
11333,4,8.04166666667,7.486431971239779,0.5552346954302214
11334,4,7.64545458013,7.164652403638179,0.4808021764918209
11335,4,4.42857149669,5.66217281466656,1.23360131797656
11336,4,4.64285714286,7.72519710448097,3.0823399616209706
11337,4,4.50322580338,6.986099100830031,2.4828732974500305
11338,4,4.5433333238,7.8852940702566015,3.3419607464566017
11339,4,4.39253734475,9.52555155445303,5.133014209703029
11340,4,4.64333327611,6.689592551190331,2.046259275080331
11341,4,4.38135597261,10.647016994982897,6.265661022372897
11342,4,4.07234041742,6.306253947254438,2.233913529834438
11343,4,4.6828570979,9.82475037453857,5.14189327663857
11344,4,4.89666665395,8.878845100133885,3.9821784461838856
11345,4,7.23076930413,6.519216935110258,0.7115523690197421
11346,4,7.45999999046,9.571242836384222,2.111242845924222
11347,4,4.72812500596,7.482110596131494,2.753985590171494
11348,4,4.5937500447,6.748891324756257,2.155141280056257
11349,4,4.81875003874,8.254564721039321,3.4358146822993207
11350,4,4.67241372733,5.989348316241658,1.316934588911658
11351,4,4.62799993515,5.54377780707361,0.91577787192361
11352,4,4.15116275189,7.55180254288691,3.4006397909969097
11353,4,4.32777783606,11.523362123327956,7.195584287267956
11354,4,4.37500011921,10.009161830629475,5.634161711419475
11355,4,8.44615386083,12.044913961623712,3.5987601007937116
11356,4,7.0000000298,6.85882132150462,0.1411787082953797
11357,4,8.16000008583,7.522008329293885,0.6379917565361142
11358,4,4.43333339691,9.167832721072664,4.734499324162663
11359,4,4.58444441689,7.815536492400765,3.231092075510765
11360,4,4.3722222911,9.504220567953903,5.131998276853903
11361,4,8.54444450802,7.995932206068587,0.5485123019514129
11362,4,8.12000010808,8.625285627390568,0.5052855193105685
11363,4,4.46000003815,7.161164025373602,2.7011639872236026
11364,4,4.07333329519,7.1471196471473135,3.073786351957313
11365,4,3.98269230127,6.652007937730815,2.669315636460815
11366,4,4.24920633861,11.852224324936843,7.603017986326844
11367,4,4.45641029798,6.895112475263701,2.4387021772837016
11368,4,6.64736840599,7.213308907334089,0.5659405013440892
11369,4,6.84545460614,7.325494444502848,0.48003983836284814
11370,4,4.10967738398,6.452351149279415,2.3426737652994145
11371,4,4.55074624873,6.583079875907739,2.0323336271777386
11372,4,4.69032262987,7.773712876402044,3.083390246532044
11373,4,4.15945946204,8.384257900168052,4.224798438128052
11374,4,7.70000006602,6.0839471446376665,1.6160529213823338
11375,4,4.67777773186,7.8324009744356475,3.1546232425756475
11376,4,4.67317063634,8.331767599953727,3.6585969636137268
11377,4,4.65416659911,6.8071219635035565,2.1529553643935566
11378,4,4.91627910525,6.206431476305818,1.290152371055818
11379,4,4.57647064153,7.226689012183497,2.650218370653497
11380,4,4.61025640292,6.887985974707561,2.277729571787561
11381,4,6.46000000636,6.942923933281661,0.48292392692166164
11382,1,7.55714293889,13.09022655963624,5.533083620746241
11383,1,7.97272734209,15.402611802601323,7.429884460511323
11384,1,7.48571426528,18.6491449846142,11.1634307193342
11385,1,6.8200000445,10.3635515180157,3.5435514735157003
11386,1,7.49285721779,9.129331153200805,1.6364739354108053
11387,1,6.90000004239,9.766892498203243,2.8668924558132423
11388,1,8.06000001431,18.670417240805193,10.610417226495192
11389,1,6.6999999193,18.603579289092956,11.903579369792956
11390,1,6.09230769598,20.046738513804108,13.954430817824107
11391,1,6.73888887299,20.34215389359188,13.603265020601881
11392,1,6.23125004768,8.155870495234728,1.9246204475547284
11393,1,7.21250003576,18.770120311869626,11.557620276109626
11394,1,7.13999993006,18.166603528833896,11.026603598773896
11395,1,8.09230789771,19.09254954469139,11.00024164698139
11396,1,7.76153854223,17.597215932580237,9.835677390350238
11397,1,7.20666666031,17.984609199724506,10.777942539414507
11398,1,8.33636344563,9.639150531140583,1.302787085510582
11399,1,8.35000014305,19.500265982263702,11.150265839213702
11400,1,7.97333339055,14.804228900289234,6.830895509739234
11401,1,7.83846158248,12.725201269381854,4.886739686901854
11402,1,3.42000000477,19.673631571324087,16.253631566554088
11403,1,7.76666673024,17.477820370420783,9.711153640180783
11404,1,7.51000003815,19.549970971378837,12.039970933228837
11405,1,7.26999998093,18.30277642215436,11.03277644122436
11406,1,8.55833323797,13.127053053905994,4.568719815935994
11407,1,8.61999998093,19.664867895079432,11.044867914149432
11408,1,7.88333340486,14.825287150039511,6.941953745179511
11409,1,7.92307703312,12.1332606333412,4.2101836002212
11410,1,6.56470587674,19.912541106516294,13.347835229776294
11411,1,6.32916669051,9.515721311786917,3.186554621276917
11412,1,6.09677416278,17.369216145145522,11.272441982365521
11413,1,5.88421051126,21.21414403874546,15.329933527485458
11414,1,8.54374992847,18.473746478918628,9.929996550448628
11415,1,7.72999992371,16.811208245886842,9.081208322176842
11416,1,8.32142867361,8.062094279999398,0.25933439361060273
11417,1,7.95333347321,20.54869920994823,12.595365736738229
11418,1,7.5,14.012526211388723,6.512526211388723
11419,1,7.60833330949,11.183409572378826,3.5750762628888264
11420,1,7.8222222858,19.020723378796696,11.198501092996697
11421,1,8.29166658719,17.53792627400436,9.246259686814359
11422,1,7.90000009537,18.37913936446878,10.47913926909878
11423,1,7.27272731608,17.697565816169718,10.424838500089717
11424,1,7.45882354063,18.94423657938243,11.48541303875243
11425,1,7.00000004768,17.99255439832649,10.99255435064649
11426,1,7.48125007749,9.054838756066916,1.5735886785769155
11427,1,8.66875004768,19.01145052860363,10.342700480923629
11428,1,6.91666674614,20.200179726469166,13.283512980329167
11429,1,7.72500002384,17.057258115699955,9.332258091859956
11430,1,7.08333337307,13.543848645440136,6.460515272370135
11431,1,7.4153846594,18.91612976355572,11.500745104155719
11432,1,7.275,11.287580683290987,4.012580683290986
11433,1,6.94736837086,19.809495448525677,12.862127077665678
11434,1,4.86923072888,17.73123794016617,12.862007211286171
11435,1,8.29999999205,10.80120108340444,2.5012010913544405
11436,1,7.57857142176,20.04758500699836,12.469013585238361
11437,1,8.13333336512,13.39182537191649,5.258492006796489
11438,1,7.85384621987,19.46841179700422,11.614565577134218
11439,1,7.62999992371,13.927252918813949,6.297252995103949
11440,1,6.95000008174,17.869294609582106,10.919294527842105
11441,1,5.0999999894,19.04274619724917,13.942746207849169
11442,1,7.31666660309,19.450170085710074,12.133503482620075
11443,1,7.70000002601,18.53771531410963,10.83771528809963
11444,1,6.92000007629,20.793432471401115,13.873432395111115
11445,1,7.25384613184,18.31176767557994,11.05792154373994
11446,1,7.65217395451,8.789522149142748,1.1373481946327475
11447,1,7.78750008345,13.607986046492385,5.820485963042385
11448,1,8.41538458604,13.23735113451865,4.821966548478651
11449,1,5.93513515833,18.187937316767993,12.252802158437994
11450,1,7.99166675409,19.096795815080906,11.105129060990906
11451,1,8.24166679382,19.333276689250887,11.091609895430887
11452,1,6.76153846887,18.580022928066263,11.818484459196263
11453,1,7.92222219043,19.245559685524285,11.323337495094284
11454,1,7.80833335718,19.428258706052393,11.619925348872393
11455,1,8.45000009537,18.245158087735575,9.795157992365576
11456,1,7.50666672389,18.469564647196687,10.962897923306688
11457,1,7.7928571701,10.621997020903125,2.8291398508031254
11458,1,8.3066666921,13.759484362005956,5.452817669905956
11459,1,7.33999996185,19.263946229097915,11.923946267247914
11460,1,7.9076924324,18.439976372939523,10.532283940539521
11461,1,6.54000008901,19.241063100459534,12.701063011449534
11462,1,8.41666677263,19.679705389448614,11.263038616818614
11463,1,7.04444442855,19.920289381573777,12.875844953023776
11464,1,6.53076920143,18.67271303764859,12.14194383621859
11465,1,7.64166661104,12.410380355752366,4.768713744712366
11466,1,8.03636373173,17.77791280468405,9.741549072954049
11467,1,6.23333336058,18.89273014993939,12.65939678935939
11468,1,6.92916665475,19.99874938006154,13.06958272531154
11469,1,8.43333339691,8.583320483513258,0.1499870866032591
11470,3,5.96470594406,8.807344885608499,2.8426389415484987
11471,3,6.16666671965,10.969776635862301,4.803109916212301
11472,3,6.90000001589,9.281448277527717,2.3814482616377175
11473,3,5.96666663488,8.032186662020976,2.065520027140976
11474,3,4.26136360385,15.550325774065652,11.288962170215651
11475,3,7.17368422056,7.4918535974313185,0.3181693768713183
11476,3,6.08999999364,8.81087496457445,2.7208749709344504
11477,3,5.39473681701,7.664093124817344,2.269356307807344
11478,3,6.15714284352,7.207029045970311,1.0498862024503106
11479,3,4.84687497218,8.337077525611162,3.4902025534311623
11480,3,5.2343750298,9.149863281506269,3.915488251706269
11481,3,6.89629628923,14.390761657237984,7.494465368007984
11482,3,4.79999996634,7.550702503717444,2.7507025373774443
11483,3,5.10740739328,8.558241396654838,3.4508340033748377
11484,3,6.11904761905,7.5705476462547825,1.4515000272047827
11485,3,6.54000005722,11.677960480918836,5.137960423698836
11486,3,7.20000001788,7.8728257782063915,0.6728257603263916
11487,3,7.03043471212,9.127604518497701,2.0971698063777016
11488,3,4.74886363745,9.197956481541445,4.449092844091444
11489,3,6.16666661368,8.105286737146352,1.938620123466352
11490,3,6.77333334287,10.250586511233504,3.4772531683635037
11491,3,7.00000002326,9.022228295491905,2.0222282722319047
11492,3,6.71249997616,7.146670799774542,0.43417082361454185
11493,3,6.63508774941,9.244177534232902,2.6090897848229018
11494,3,4.62647055177,8.09300159375988,3.46653104198988
11495,3,4.61449274809,9.292850172534857,4.678357424444857
11496,3,4.93146853347,11.289352958287827,6.357884424817827
11497,3,5.19130433124,7.833917915710745,2.6426135844707455
11498,3,6.48571431637,8.412871091614706,1.9271567752447059
11499,3,6.22272721204,7.178742702793719,0.9560154907537193
11500,3,6.63749995828,7.737698376017,1.1001984177369994
11501,3,6.28000006676,8.928194696483025,2.648194629723025
11502,3,6.09999996424,8.072778978143578,1.972779013903578
11503,3,7.60666672389,7.850235079329719,0.24356835543971922
11504,3,6.58125004172,8.843366732347404,2.262116690627404
11505,3,6.04666668574,8.468776247664092,2.422109561924092
11506,3,7.1000000106,12.486199502837033,5.386199492237034
11507,3,7.41875001788,11.05845765387477,3.63970763599477
11508,3,5.71142853328,7.078934387315831,1.367505854035831
11509,3,5.13600001335,6.9506287675805165,1.8146287542305162
11510,3,6.01199996948,8.96934594095117,2.9573459714711703
11511,3,5.3047618866,10.264864417556359,4.960102530956359
11512,3,4.9638888571,8.943716238916197,3.9798273818161976
11513,3,5.14666665395,6.219521980889906,1.072855326939906
11514,3,5.68518522051,8.437821242690093,2.752636022180093
11515,3,6.25,8.773298264124175,2.5232982641241755
11516,3,7.15000002861,12.214461704205288,5.064461675595288
11517,3,6.44285716329,8.850624310800917,2.407767147510917
11518,3,7.71666669846,9.031730781622473,1.315064083162473
11519,3,6.18333333731,9.128808184038537,2.945474846728537
11520,3,5.30000000341,6.507312365187056,1.2073123617770563
11521,3,5.1952380907,8.150652787794142,2.9554146970941417
11522,3,6.78823529973,9.955601197965448,3.167365898235448
11523,3,6.07727274028,12.983933444364,6.9066607040840005
11524,3,6.5111111535,12.346701677726573,5.835590524226573
11525,3,7.60000002384,7.910094180478686,0.31009415663868634
11526,3,4.57272726406,8.222102806317162,3.649375542257162
11527,3,5.58695648028,8.951986236063235,3.365029755783235
11528,3,7.64666665395,8.747110906438131,1.1004442524881313
11529,3,5.15789478704,9.361062581595897,4.203167794555897
11530,3,4.16190472103,10.433747203026508,6.271842481996508
11531,3,4.70000001589,9.758831719612198,5.058831703722198
11532,3,4.93006991006,10.618971457672835,5.688901547612835
11533,3,6.82500004768,12.791464903593742,5.966464855913742
11534,3,6.74999998297,8.708753364329874,1.958753381359874
11535,3,5.91052627563,8.237224055365424,2.326697779735424
11536,3,6.36666667461,14.043709396681997,7.677042722071997
11537,3,6.25882350697,9.158386292438117,2.8995627854681167
11538,3,6.56249998808,8.901768301000054,2.339268312920054
11539,3,5.98333332936,12.095710620111722,6.112377290751723
11540,3,6.95384616118,7.950419595842457,0.9965734346624568
11541,3,4.72608694823,9.213916361818274,4.487829413588274
11542,3,6.11176476759,6.331372044885419,0.2196072772954185
11543,3,6.66190476645,7.5617334330608665,0.8998286666108664
11544,3,7.22666664124,11.896343915183651,4.669677273943652
11545,3,6.44999995232,12.100881972535774,5.650882020215774
11546,3,5.33611116144,8.98348654014252,3.6473753787025203
11547,1,5.05119050117,10.339046478725814,5.2878559775558145
11548,1,4.50999996185,9.220786711823003,4.7107867499730025
11549,1,4.5717391294,10.351346811627339,5.779607682227339
11550,1,4.4276470577,9.835662050148168,5.408014992448168
11551,1,4.3942856993,9.422978185051473,5.028692485751473
11552,1,5.76363635063,11.629317317783496,5.865680967153496
11553,1,4.63888885357,9.73403579383058,5.09514694026058
11554,1,7.51428563254,9.623858164027142,2.1095725314871423
11555,1,7.67500004172,10.567511265473273,2.8925112237532735
11556,1,7.68181822517,12.347192659144936,4.665374433974936
11557,1,7.76250004768,12.304855265520576,4.542355217840576
11558,1,7.5842104962,9.293843432531883,1.7096329363318832
11559,1,6.96999998093,11.935108185995619,4.965108205065619
11560,1,5.23513509132,8.84294323947103,3.6078081481510296
11561,1,5.23461534427,11.312343138063744,6.077727793793744
11562,1,8.34545467117,20.499783950969682,12.154329279799683
11563,1,6.97931036456,10.959954437470076,3.980644072910076
11564,1,7.30000001192,9.19579328092543,1.8957932690054307
11565,1,4.67894737344,18.574907536694518,13.895960163254518
11566,1,7.30833339691,9.07864060695096,1.7703072100409605
11567,1,6.0303030014,9.41703881525534,3.3867358138553403
11568,1,6.76470588235,8.823538381218695,2.0588324988686946
11569,1,5.08917749909,9.570920331320883,4.481742832230883
11570,1,4.90416661898,10.709951136201456,5.805784517221456
11571,1,5.12765957954,9.84608692716245,4.718427347622449
11572,1,4.69583334525,9.390876215674187,4.695042870424187
11573,1,5.0474226696,9.855935704038137,4.808513034438136
11574,1,5.14676258032,9.74456469326129,4.597802112941291
11575,1,5.0441176681,11.022683271913706,5.978565603813706
11576,1,5.33833335241,10.263173158957109,4.924839806547109
11577,1,5.93809525172,24.824773413931243,18.886678162211243
11578,1,5.16944445504,10.797566274483446,5.628121819443446
11579,1,4.63333333333,23.123471559950957,18.490138226620957
11580,1,4.40860213259,23.053699269617752,18.645097137027754
11581,1,5.53333332804,18.81645641317353,13.283123085133528
11582,1,6.56923070321,9.747724916365797,3.1784942131557976
11583,3,7.08947372437,14.208605945885264,7.1191322215152635
11584,3,8.00000019073,10.05987987832438,2.05987968759438
11585,3,6.59999997528,7.910882820364253,1.3108828450842527
11586,3,6.96551724138,11.246117295668723,4.2806000542887235
11587,3,6.77037041276,13.60128693707666,6.83091652431666
11588,3,6.14999995232,14.574980890678093,8.424980938358093
11589,3,7.73999996185,13.076123632095976,5.336123670245977
11590,3,6.31923077657,11.941085248970115,5.6218544724001145
11591,3,7.09199998856,13.448071600762153,6.356071612202154
11592,3,7.53333334128,14.74269271937258,7.2093593780925795
11593,3,7.11499993801,13.305419313103371,6.190419375093371
11594,3,7.25,13.870346514447306,6.620346514447306
11595,3,6.16666671965,13.578788727892665,7.412122008242664
11596,3,5.95000004768,14.395952942604955,8.445952894924956
11597,3,5.52222220103,13.566204111833791,8.04398191080379
11598,3,7.65454539386,15.404510407025837,7.749965013165837
11599,3,5.66923079124,14.739295286809512,9.070064495569511
11600,3,5.93636369705,14.22981380816899,8.29345011111899
11601,3,6.94285712923,14.061892069597466,7.119034940367466
11602,3,6.96428564617,15.543730007365498,8.579444361195499
11603,3,7.14411763584,14.972424809958744,7.828307174118744
11604,3,7.11666671435,16.423976139911,9.307309425561002
11605,3,6.77500001589,14.314078660619176,7.539078644729176
11606,3,6.62941175349,14.501452065273817,7.872040311783817
11607,3,7.36666663488,13.072905441181222,5.706238806301222
11608,3,7.07333335876,15.13287040366432,8.05953704490432
11609,3,6.45199998856,14.323368046023257,7.871368057463257
11610,3,6.71304350314,14.956734918956474,8.243691415816475
11611,3,6.31538464473,13.881545204660226,7.566160559930226
11612,3,6.6249999702,12.553570550531212,5.928570580331212
11613,3,7.7958333691,14.997818590748714,7.201985221648714
11614,3,6.47499998411,14.177183272370986,7.7021832882609855
11615,3,7.20909092643,11.105445451813399,3.8963545253833987
11616,3,7.09999990463,17.1946303610277,10.094630456397699
11617,3,6.03076920143,13.194504491506793,7.163735290076793
11618,3,7.01000008583,13.61037359199552,6.60037350616552
11619,3,6.0892856632,14.22982815449315,8.14054249129315
11620,3,7.11199996948,11.74795642475663,4.63595645527663
11621,3,6.5,14.204519000879761,7.7045190008797615
11622,3,6.60000001467,15.383650126898663,8.783650112228663
11623,3,7.22608698969,10.190649454458523,2.964562464768523
11624,3,6.08235289069,14.141701186322729,8.059348295632729
11625,3,6.2068965024,10.924262738962277,4.717366236562277
11626,3,6.01428570066,8.25036259349274,2.23607689283274
11627,3,6.59444443385,15.034267662363389,8.43982322851339
11628,3,8.18666666349,9.957601599228541,1.7709349357385413
11629,3,7.70384616118,13.612568928859103,5.9087227676791025
11630,3,7.16999998093,14.785907636100585,7.615907655170585
11631,3,7.99000000954,13.554674464498154,5.564674454958154
11632,3,6.95999999046,13.559136030630693,6.599136040170693
11633,3,5.95000004768,11.089395249074279,5.139395201394279
11634,3,6.83000001907,10.87991629643202,4.04991627736202
11635,3,6.3714285578,16.91372604124409,10.54229748344409
11636,3,7.0151515007,15.297647751711002,8.282496251011002
11637,3,6.59545454112,14.44423468414895,7.848780143028951
11638,3,7.08181814714,13.680992335719075,6.599174188579076
11639,3,6.43428570884,14.613351992744656,8.179066283904657
11640,3,6.18214285374,14.228967121839876,8.046824268099876
11641,3,6.09393936215,15.421117355709391,9.327177993559392
11642,3,6.7928571701,14.561407174311963,7.7685500042119635
11643,3,7.69333321253,15.611143135136201,7.917809922606201
11644,3,7.15454550223,10.933282120156337,3.778736617926336
11645,3,7.95185188011,7.897761041549381,0.05409083856061958
11646,3,7.24615386816,14.232699210556953,6.986545342396953
11647,3,7.33333333333,15.011756373032597,7.678423039702597
11648,3,6.04166664018,12.817617942480842,6.775951302300842
11649,3,5.99500000477,10.205861555582299,4.210861550812299
11650,4,5.96666669846,10.667764235268148,4.701097536808148
11651,4,6.27727274461,8.78411470763,2.5068419630199994
11652,4,6.43333335718,10.855007523742334,4.421674166562333
11653,4,6.27500000596,8.666698949094082,2.391698943134082
11654,4,6.24736846121,9.55410978660859,3.3067413253985904
11655,3,5.72222216924,16.366346887670087,10.644124718430087
11656,3,6.50909094377,12.17303188233458,5.66394093856458
11657,3,6.47500002384,9.911320933746353,3.436320909906353
11658,3,6.17058818481,10.735498387838584,4.564910203028584
11659,3,5.46315787968,14.38163906365871,8.91848118397871
11660,3,4.80892857483,7.347159865857088,2.5382312910270874
11661,3,4.82878791925,7.995448130018918,3.166660210768918
11662,3,4.83529412045,7.343151930399741,2.5078578099497406
11663,3,6.07333329519,9.71320674494881,3.6398734497588094
11664,3,5.50769237372,8.903883649224198,3.396191275504198
11665,3,6.50769237372,10.081026561154275,3.5733341874342743
11666,3,6.87272724238,10.120755590166757,3.2480283477867573
11667,3,5.90909090909,7.17973324640369,1.2706423373136904
11668,3,5.54000002543,9.85747357467988,4.317473549249879
11669,3,6.44166664282,13.328723719353793,6.887057076533793
11670,3,6.3736842306,10.252614676815954,3.8789304462159535
11671,3,6.20833337307,9.676466094210303,3.468132721140303
11672,3,6.90000000867,11.552662314826538,4.652662306156538
11673,3,6.39230761161,9.96906592162965,3.57675831001965
11674,3,6.5470588067,9.633756991508506,3.0866981848085056
11675,3,4.42000007629,10.394475470404965,5.974475394114965
11676,3,4.92758612797,7.89370349903546,2.9661173710654607
11677,3,5.93809525172,10.182897480373555,4.244802228653555
11678,3,5.87826092347,12.067935225886938,6.189674302416938
11679,3,6.77999994755,10.031120441257203,3.2511204937072025
11680,3,6.49411768072,8.557252711623228,2.0631350309032284
11681,3,4.61388887299,9.80019715400964,5.18630828101964
11682,3,4.35714291164,11.507842978459514,7.150700066819515
11683,3,4.48125007749,13.640829426137119,9.159579348647117
11684,3,5.58260872053,11.851394868416808,6.268786147886808
11685,3,6.47500002384,8.925083558123239,2.450083534283239
11686,3,6.29285713605,10.527006248818765,4.2341491127687645
11687,3,5.38260872468,12.250266385041547,6.867657660361547
11688,3,5.17619037628,16.669055676100076,11.492865299820075
11689,3,4.3909090649,7.649647965366381,3.2587389004663816
11690,3,4.36666676733,6.701834506296362,2.335167738966362
11691,3,6.14666665395,11.262651213799113,5.115984559849114
11692,3,5.81764698029,11.93697815160686,6.11933117131686
11693,3,6.83076924544,9.583066751880825,2.752297506440825
11694,3,6.40526317295,9.04071582584184,2.63545265289184
11695,3,5.66190476645,9.674086163285672,4.012181396835672
11696,3,6.75263153879,8.986642314174526,2.234010775384526
11697,3,6.36842105263,10.222298485651041,3.853877433021042
11698,3,6.08181810379,12.9198946781034,6.8380765743134
11699,3,5.90416661898,8.69682249894159,2.7926558799615897
11700,3,6.73157892729,10.039105318603651,3.307526391313651
11701,2,4.39750009775,6.914894701269475,2.5173946035194747
11702,2,5.0,8.288005203907117,3.288005203907117
11703,2,5.16666671208,5.675834995296769,0.509168283216769
11704,2,4.9266667366,6.757288023493518,1.8306212868935186
11705,2,5.58888888359,8.793939709492285,3.205050825902285
11706,2,6.95454545455,11.354286654527058,4.399741199977059
11707,2,5.38500001431,7.94858771543636,2.5635877011263597
11708,2,4.6859999752,5.845887765994413,1.1598877907944134
11709,2,4.63999994451,5.838914153214861,1.1989142087048608
11710,2,4.29999998212,6.894662974514169,2.594662992394169
11711,2,4.48947366915,5.745883692768395,1.256410023618395
11712,2,4.34925372565,8.384060553376425,4.034806827726426
11713,2,6.94000000954,8.660103276073995,1.7201032665339948
11714,2,6.51250004768,11.111194248258593,4.598694200578594
11715,2,5.29500002861,6.362921593250376,1.0679215646403764
11716,2,4.25272726579,6.733264666859211,2.4805374010692107
11717,2,4.41038962773,8.501303172359002,4.090913544629002
11718,2,4.30454540253,9.584504068061527,5.279958665531527
11719,2,4.84285713377,9.794535132326716,4.9516779985567165
11720,2,5.61176468344,7.039997591996338,1.428232908556338
11721,2,4.80158727131,9.107649535710822,4.306062264400822
11722,2,7.41111119588,7.0653847284177465,0.3457264674622538
11723,2,4.95769234804,9.123243208680243,4.165550860640243
11724,2,4.81500012875,6.78106985413897,1.9660697253889694
11725,2,4.47500006358,6.779544423004641,2.304544359424641
11726,2,4.29487177042,6.919441351542159,2.6245695811221585
11727,2,4.32608697725,6.0627728421822304,1.7366858649322303
11728,2,6.85000004087,6.374432896005636,0.4755671448643648
11729,2,5.1000000106,8.208871984378508,3.108871973778508
11730,2,4.08358207034,6.831477805760186,2.747895735420186
11731,2,4.52972972715,5.7487391423022185,1.2190094151522182
11732,2,4.69999999266,8.52000278778269,3.820002795122691
11733,2,4.34468082671,8.595773486401479,4.251092659691478
11734,2,4.5566666921,7.952636194365993,3.3959695022659924
11735,2,4.60571425302,8.32221767797232,3.71650342495232
11736,2,5.32380946477,6.2603222467061235,0.9365127819361234
11737,2,7.3749999404,10.406368271353788,3.0313683309537875
11738,2,5.22058826334,9.60725156601696,4.3866633026769595
11739,2,5.05555550257,6.7881245424652175,1.7325690398952176
11740,2,5.16818183119,6.865763706967948,1.6975818757779475
11741,2,4.74868421806,8.928861195875916,4.180176977815916
11742,2,4.15925926338,9.104073937848275,4.944814674468275
11743,2,4.69166670243,7.080539279765048,2.3888725773350483
11744,2,4.49361702736,8.74081058283318,4.247193555473181
11745,2,5.22941177032,6.613180957143933,1.3837691868239332
11746,2,6.23333333333,8.670553957465165,2.437220624135165
11747,2,6.50833328565,6.179532347300322,0.32880093834967816
11748,2,4.84411764145,8.181179800644188,3.337062159194188
11749,2,4.42857149669,5.987484847474169,1.5589133507841693
11750,2,4.4111111429,7.905771124124735,3.4946599812247348
11751,2,6.3272727186,7.595508503726177,1.2682357851261772
11752,2,5.0,6.083507088849347,1.0835070888493474
11753,2,5.05624994636,5.9601285574733955,0.9038786111133952
11754,2,4.80000007153,6.33301211397731,1.53301204244731
11755,2,4.38500001431,6.277213105074633,1.892213090764633
11756,2,7.00714288439,10.760302426489869,3.7531595420998682
11757,2,6.44999996821,9.935056264664311,3.485056296454311
11758,2,4.74166663488,6.337463927581273,1.5957972927012731
11759,2,4.39166675011,6.453955649795098,2.0622888996850985
11760,2,4.47857144901,6.308909384031575,1.830337935021575
11761,2,4.34761907941,6.302935407617261,1.9553163282072603
11762,2,4.66435642054,6.505526908815209,1.8411704882752087
11763,2,5.17272726695,6.772225960672793,1.5994986937227926
11764,2,6.49999996594,9.598375461215747,3.0983754952757474
11765,2,6.26999998093,11.179027725634763,4.909027744704763
11766,2,6.37142862592,9.690357275313268,3.3189286493932677
11767,5,6.61333332062,10.269616637686696,3.6562833170666957
11768,5,7.44999996821,11.656136121585476,4.206136153375476
11769,5,6.62222223812,8.63709598480256,2.01487374668256
11770,5,8.01052643123,9.484164901193113,1.473638469963113
11771,5,6.64285714286,9.541167828280127,2.8983106854201273
11772,5,4.328125,9.03929275326461,4.7111677532646095
11773,5,6.70833333333,8.556655203985152,1.8483218706551519
11774,5,6.17500003179,9.739113248202663,3.5641132164126637
11775,5,6.99999996594,9.317285122129585,2.317285156189585
11776,5,6.43333326446,10.226888774152194,3.793555509692194
11777,5,7.68333335718,9.005027466026087,1.3216941088460867
11778,5,6.74615375812,11.816646669752465,5.070492911632465
11779,5,6.5631578596,9.947482046286902,3.384324186686902
11780,5,7.90000009537,10.134609946470869,2.2346098511008687
11781,5,7.20000001362,10.116806075422845,2.916806061802845
11782,5,6.19999980927,11.90477133757775,5.7047715283077505
11783,5,6.32142853737,9.872007656025362,3.550579118655362
11784,5,7.42499989271,16.07530608543263,8.65030619272263
11785,5,7.65999999046,10.046576021540517,2.3865760310805166
11786,5,6.08000001907,8.726494294027354,2.6464942749573543
11787,5,6.05238099325,17.210877873501165,11.158496880251164
11788,5,6.69473688226,9.221364321774766,2.5266274395147663
11789,5,6.37500008941,10.150689890477512,3.7756898010675117
11790,5,6.42857149669,9.802165468150951,3.3735939714609513
11791,5,6.60000000681,9.169161447325873,2.569161440515873
11792,5,6.83076924544,9.89878221251269,3.0680129670726908
11793,5,6.69230769231,10.025903425997411,3.333595733687411
11794,5,6.19999980927,10.975039441061966,4.775039631791966
11795,5,6.78571431977,10.087145721695435,3.301431401925435
11796,5,6.45384616118,18.343222020530867,11.889375859350867
11797,5,7.70000004768,10.069373179984062,2.3693731323040623
11798,5,6.59333337148,9.946182622933655,3.352849251453655
11799,5,4.25499997139,11.733030672025377,7.478030700635377
11800,5,6.4222222964,17.099002687206273,10.676780390806272
11801,5,6.64545458013,15.6341667106422,8.9887121305122
11802,5,6.69999996821,15.723441558693077,9.023441590483078
11803,5,7.38000001907,9.793695759926097,2.413695740856097
11804,5,6.67142854418,10.561984570255023,3.8905560260750223
11805,5,6.00588234733,9.342760284754522,3.3368779374245223
11806,5,6.27272727273,9.533650054905612,3.260922782175612
11807,5,7.02666670481,16.780521803184715,9.753855098374714
11808,5,6.73636358435,10.281941037119276,3.545577452769276
11809,5,6.90999999046,10.428204731165502,3.518204740705502
11810,5,6.74000000954,9.20861507846013,2.4686150689201307
11811,5,6.88571432659,12.418479068208157,5.532764741618157
11812,5,6.76249998808,9.350551098263674,2.588051110183674
11813,5,6.9222222964,9.818184126521718,2.895961830121718
11814,5,6.58148147442,9.15504054437386,2.573559069953859
11815,5,7.32857145582,10.211940104051088,2.8833686482310883
11816,5,5.08499996662,8.571368616607929,3.486368649987929
11817,5,6.54545454545,10.318920097189917,3.7734655517399167
11818,5,6.74285704749,9.772648490819227,3.029791443329227
11819,5,7.32222217984,9.699363610374045,2.377141430534045
11820,5,6.71249997616,9.70917667182723,2.9966766956672295
11821,5,6.68571424484,12.946564106653096,6.260849861813096
11822,5,6.32142860549,15.167664277293195,8.846235671803194
11823,5,6.5888888571,10.93766536815583,4.3487765110558305
11824,5,6.89999997616,9.443549271973644,2.5435492958136443
11825,5,6.40666662852,10.912143734191513,4.505477105671513
11826,5,6.68571424484,8.994341269931066,2.3086270250910665
11827,5,6.82307694508,9.919506101710335,3.096429156630334
11828,5,6.9363636537,15.850941207796806,8.914577554096805
11829,5,6.72000002861,9.466000435397392,2.7460004067873918
11830,5,6.72499996424,8.959600772898778,2.2346008086587776
11831,5,4.25333333015,9.878079395613776,5.624746065463776
11832,5,6.42647058824,9.078554278950714,2.6520836907107137
11833,5,6.23478257138,8.271201297293665,2.0364187259136646
11834,5,6.57142863955,9.025008507720333,2.4535798681703334
11835,5,7.2499999404,10.189100445962957,2.9391005055629567
11836,5,7.30000000734,16.29991520212052,8.99991519478052
11837,5,6.28571428571,10.22675190061962,3.94103761490962
11838,5,7.32666670481,10.110877372402959,2.7842106675929585
11839,5,6.5,9.847234875947722,3.3472348759477217
11840,5,6.22666664124,9.698959055069206,3.472292413829207
11841,5,6.23333326976,9.969745127042714,3.7364118572827136
11842,5,6.20666666031,16.068061944913428,9.861395284603429
11843,5,7.34000000954,10.793289033652393,3.453289024112393
11844,5,6.44999992847,9.55011375720066,3.1001138287306595
11845,5,7.81428582328,9.47363609890326,1.65935027562326
11846,5,6.46666673819,10.25191850399387,3.7852517658038707
11847,5,6.27499997616,10.401856300508209,4.126856324348209
11848,5,7.21111112171,9.367296871940981,2.156185750230981
11849,5,6.43333339691,9.638744623982637,3.205411227072637
11850,5,6.86000000636,10.553614836274111,3.693614829914111
11851,5,7.23000001907,9.092183869427535,1.8621838503575345
11852,5,7.00909090042,9.675295925979034,2.6662050255590337
11853,5,7.06470590479,13.945328649435003,6.880622744645003
11854,5,7.09285719054,9.387785032379666,2.294927841839666
11855,5,6.76666673024,12.884047614852635,6.117380884612635
11856,5,6.26666673024,9.770084956695102,3.5034182264551026
11857,5,6.35500004292,9.540373958398852,3.185373915478852
11858,5,6.95333334605,9.58050065502123,2.627167308971231
11859,5,7.71111112171,11.511295768823748,3.800184647113748
11860,5,5.82999999523,9.489839410573968,3.659839415343968
11861,5,6.3222222858,9.823538820067444,3.5013165342674446
11862,5,4.51764707004,17.753853655557407,13.236206585517408
11863,5,5.13913038503,16.820384439038364,11.681254054008363
11864,5,3.08476190453,9.377506629449563,6.292744724919563
11865,5,3.68533331871,9.305877386262884,5.620544067552883
11866,5,4.82307696342,10.36274886705335,5.53967190363335
11867,5,4.76666666402,9.264347446535247,4.497680782515247
11868,5,5.02499997616,6.187419940083541,1.1624199639235409
11869,5,4.74166663488,8.264469296694894,3.522802661814895
11870,5,4.69649123309,9.474073173675992,4.777581940585992
11871,5,4.16885246605,15.860383242984845,11.691530776934846
11872,5,4.88823531656,18.783235420852517,13.895000104292517
11873,5,4.51111110051,10.546197571180706,6.035086470670706
11874,5,5.00000004768,14.79621299894557,9.79621295126557
11875,5,4.40000000493,9.321332080851194,4.921332075921194
11876,5,5.79523810886,9.676808504063615,3.8815703952036156
11877,5,4.259090895,17.767808415757788,13.508717520757788
11878,5,4.64166662594,8.952557291323954,4.310890665383954
11879,5,4.22399998665,10.366136316666948,6.142136330016948
11880,5,4.75263158899,11.668685071004768,6.916053482014768
11881,5,4.91904769625,8.351223009196351,3.4321753129463515
11882,5,4.69999997956,10.394255645111665,5.6942556655516645
11883,5,4.76521742862,8.426045607523642,3.6608281789036425
11884,5,4.55621301634,12.944539638033227,8.388326621693228
11885,5,4.33269229302,9.762639552909182,5.429947259889182
11886,5,4.10322579838,18.28726342584702,14.18403762746702
11887,5,4.11388885313,8.743524639060778,4.629635785930779
11888,5,5.1705882409,10.08802716838962,4.917438927489621
11889,5,4.86400001526,8.409184242204132,3.545184226944132
11890,5,4.70952374595,7.428344984052371,2.718821238102371
11891,5,5.04000002543,17.124120471226668,12.084120445796668
11892,5,6.69230772899,9.261832372190636,2.5695246432006353
11893,5,5.87647062189,7.854844127784914,1.978373505894914
11894,5,6.06999993324,7.836438175014602,1.766438241774602
11895,5,6.19999995232,9.101390290148228,2.9013903378282278
11896,5,5.8166667223,12.868686861370252,7.052020139070252
11897,5,5.95000004768,10.054024926716592,4.104024879036592
11898,5,7.0,9.185092655344299,2.185092655344299
11899,5,6.15833328168,8.543498910667836,2.385165628987836
11900,5,6.09999996424,16.423493064875178,10.323493100635178
11901,5,6.05238094784,10.198067908615986,4.145686960775986
11902,5,6.45000004768,9.202067004878462,2.752066957198462
11903,5,6.07999998728,9.87476223941887,3.7947622521388693
11904,5,6.25555547078,8.502517249191557,2.246961778411557
11905,2,6.14000005722,10.415639112546268,4.275639055326268
11906,2,6.19999991523,10.625899397058872,4.425899481828871
11907,2,5.81111107932,8.67141039234498,2.8602993130249796
11908,2,5.85000014305,9.874953286807255,4.024953143757255
11909,2,6.45384616118,10.913868259530755,4.460022098350755
11910,2,6.17777782016,10.978110291955572,4.8003324717955715
11911,2,6.30000001192,10.105974970558329,3.8059749586383287
11912,2,6.38000011444,12.406644660260739,6.026644545820739
11913,2,4.58947367417,9.151370174611776,4.561896500441776
11914,2,4.36739130124,10.67467377563383,6.30728247439383
11915,2,5.21111109522,15.093890834092413,9.882779738872413
11916,2,4.36909090822,12.714263655937346,8.345172747717346
11917,2,5.16999998093,14.442112563017046,9.272112582087047
11918,2,4.41379315278,11.721697690545922,7.307904537765921
11919,2,5.76428570066,9.421639866100588,3.6573541654405872
11920,2,5.5,11.691480757319333,6.191480757319333
11921,2,6.59999995232,9.84214542413784,3.2421454718178397
11922,2,5.98000001907,10.181971596625779,4.201971577555779
11923,2,5.85000002384,10.574498684022267,4.724498660182267
11924,2,5.96000013351,10.96719831241547,5.007198178905469
11925,2,4.94615387917,10.795839416167265,5.849685536997265
11926,2,4.56551721178,12.578868573952404,8.013351362172404
11927,2,5.90625008941,9.583356103763968,3.677106014353968
11928,2,6.1933333079,8.996096151185029,2.802762843285029
11929,2,6.48000011444,9.904205570477055,3.424205456037055
11930,2,5.95454549789,9.984540575524198,4.029995077634198
11931,2,6.55999994278,9.08229832693289,2.522298384152889
11932,2,6.59999990463,12.272838654016367,5.672838749386367
11933,2,5.6999999455,9.404279492621828,3.7042795471218284
11934,2,6.69999993931,10.238560290694473,3.538560351384473
11935,2,6.50769230036,10.995743076737897,4.488050776377897
11936,2,6.02272725105,10.074310790262746,4.051583539212746
11937,2,6.22499990463,11.696235526440946,5.471235621810946
11938,2,6.59999990463,8.993983190004844,2.393983285374844
11939,2,6.36666668029,10.306159350414447,3.939492670124447
11940,2,6.09999998411,11.635507543680562,5.535507559570562
11941,2,6.69999996821,9.966199252250274,3.2661992840402734
11942,2,6.45999999046,11.089287132979308,4.629287142519308
11943,2,6.01111112701,10.664317311346386,4.653206184336385
11944,2,5.96249997616,10.02688134619914,4.06438137003914
11945,2,6.62727273594,9.26974955117357,2.64247681523357
11946,2,6.36666663488,10.196492490631483,3.8298258557514835
11947,2,4.54861112105,10.861211047264451,6.3125999262144505
11948,2,6.48571429934,11.67354033714107,5.18782603780107
11949,2,6.00555555026,12.136756553612084,6.131201003352084
11950,2,5.92000002861,10.544754406137594,4.624754377527594
11951,2,5.82500004768,9.955867340520037,4.130867292840037
11952,2,6.23000006676,9.206153053494122,2.976152986734122
11953,2,6.11333328883,8.824826422701687,2.711493133871687
11954,2,6.1222221763,10.071869800363414,3.949647624063414
11955,2,6.40000009537,9.261483869096443,2.8614837737264427
11956,2,6.1875,12.19494167853156,6.00744167853156
11957,2,6.63846144309,12.258138637493383,5.619677194403383
11958,2,6.26428573472,9.582387856256599,3.318102121536599
11959,2,6.04545450211,10.13548832687486,4.09003382476486
11960,2,5.6214285578,9.992121882237203,4.3706933244372035
11961,2,5.91250008345,10.498856279112912,4.586356195662912
11962,2,5.82631577944,9.130521746148647,3.304205966708647
11963,2,4.78333338102,11.364804373799803,6.581470992779803
11964,2,5.55641023929,12.636456416147048,7.080046176857048
11965,2,6.09999990463,9.354122175261251,3.2541222706312514
11966,2,6.5,9.346754639583391,2.8467546395833914
11967,2,6.69999980927,9.818405406803882,3.118405597533881
11968,2,6.30833331744,9.922883541071467,3.6145502236314675
11969,2,6.12222226461,10.233624880410261,4.111402615800261
11970,2,6.29999995232,10.295459303107009,3.9954593507870086
11971,2,6.09999990463,11.170909619842261,5.070909715212261
11972,2,6.03333330154,10.816802019300313,4.7834687177603135
11973,2,6.54999995232,10.630762712929684,4.080762760609684
11974,2,6.51176467596,10.29154333457891,3.779778658618909
11975,2,5.45833330684,10.125879359096242,4.667546052256242
11976,2,5.19777779579,10.437364584341063,5.239586788551063
11977,2,3.98571426528,10.501485936604428,6.515771671324428
11978,2,5.03928571088,10.196627455347532,5.157341744467532
11979,2,5.5408163168,11.091968018458036,5.5511517016580365
11980,2,4.172580669,9.969237619855942,5.796656950855942
11981,2,5.50508474091,10.090765518386595,4.585680777476595
11982,2,5.82000007629,10.300109944860814,4.480109868570814
11983,2,6.69000000954,13.591346719793611,6.901346710253611
11984,2,6.42222224341,10.261244421832236,3.839022178422236
11985,2,6.5,10.56362552355405,4.06362552355405
11986,2,5.85714292526,10.913384175102932,5.056241249842932
11987,2,6.45384623454,9.408870909478466,2.955024674938466
11988,2,6.66874992847,9.249678744655302,2.5809288161853026
11989,2,5.92857149669,10.196058018130286,4.2674865214402855
11990,2,5.98750001192,10.666524532497531,4.679024520577531
11991,2,7.08571440833,9.6815872673216,2.5958728589915996
11992,2,5.90000009537,11.379846413646595,5.479846318276595
11993,2,6.01999998093,10.823427706316927,4.8034277253869275
11994,2,6.50769230036,9.563350133404324,3.0556578330443243
11995,2,4.53571428997,11.518199413742096,6.982485123772096
11996,2,4.74603171197,9.632053863392128,4.886022151422129
11997,2,4.3923076703,10.611586572901565,6.219278902601565
11998,2,4.57534246575,10.846128970218398,6.270786504468398
11999,2,6.11764705882,9.809400420622051,3.691753361802051
12000,2,4.85185184302,10.363832229511216,5.511980386491215
12001,2,4.80175439377,8.164717283165873,3.362962889395873
12002,2,4.37999998728,14.343556150291896,9.963556163011896
12003,2,5.59057971706,15.255189965596502,9.664610248536501
12004,2,6.64444446564,10.476456262315486,3.832011796675485
12005,2,6.30000007153,9.400358397680137,3.100358326150136
12006,2,6.53749996424,11.456972905692574,4.9194729414525735
12007,2,6.42941180397,11.966790990222417,5.5373791862524175
12008,2,6.23333332274,12.964086366275378,6.730753043535378
12009,2,6.23571426528,11.66528369190265,5.429569426622649
12010,2,7.70000004768,14.548079553014764,6.8480795053347645
12011,2,6.62727269259,11.478985847378553,4.851713154788553
12012,2,6.93333339691,12.472668658969187,5.539335262059187
12013,2,6.25999999046,10.99442921004196,4.734429219581959
12014,2,6.26666665077,10.151870792910975,3.8852041421409744
12015,2,6.3166667223,12.352408137319893,6.035741415019893
12016,2,6.76666662428,10.700609390068943,3.9339427657889425
12017,2,6.90000002725,15.297473186893566,8.397473159643566
12018,2,6.43636361035,11.895337835367506,5.458974225017506
12019,2,6.55555550257,9.942677752683071,3.3871222501130713
12020,2,6.89000000954,12.086047970827327,5.196047961287327
12021,2,5.42051282296,11.312636113158817,5.892123290198817
12022,2,4.4453333346,13.133963148406817,8.688629813806816
12023,2,6.22592594005,20.949161980659767,14.723236040609766
12024,2,6.40000001122,12.938748420223781,6.538748409003781
12025,2,6.85384614651,15.040245824640133,8.186399678130133
12026,2,6.45000004768,11.049077203991207,4.599077156311207
12027,2,6.19333318075,9.726348204053247,3.533015023303247
12028,2,6.46800006866,10.856896518439962,4.388896449779962
12029,2,6.98000001907,9.777151864219917,2.7971518451499167
12030,2,6.38666677475,12.352504345612578,5.965837570862578
12031,2,4.87916668256,13.752499433693746,8.873332751133745
12032,2,6.24615390484,12.980161819762888,6.734007914922888
12033,2,7.75,16.539894456966902,8.789894456966902
12034,2,6.33333325386,18.152563046895082,11.819229793035081
12035,2,6.19285712923,11.775120782602201,5.582263653372201
12036,2,4.66666671965,11.004855084571478,6.338188364921478
12037,2,6.36666679382,10.792494420743173,4.425827626923173
12038,2,6.76249998808,10.986996408108892,4.224496420028892
12039,2,6.33636379242,9.991847058954992,3.6554832665349917
12040,2,6.14999993642,12.17083924299599,6.02083930657599
12041,2,6.36666668786,9.981453565883495,3.6147868780234953
12042,2,6.05200008392,11.860672287972822,5.808672204052821
12043,2,6.22499998978,10.348035608371257,4.123035618591257
12044,2,6.78888893127,10.078070971703434,3.2891820404334347
12045,2,6.35833334923,9.49593055680618,3.1375972075761798
12046,2,6.98000001907,9.598526503134943,2.618526484064943
12047,2,4.3037038026,9.168966597217269,4.865262794617268
12048,2,5.89999999603,10.200252672526908,4.300252676496908
12049,2,6.34117648181,10.68501350803614,4.343837026226141
12050,2,6.89743588521,11.255485857025933,4.358049971815933
12051,2,5.52727274461,9.988665913497856,4.461393168887856
12052,2,6.37600002289,9.483625290735233,3.1076252678452336
12053,2,5.12758618388,10.219380382073581,5.091794198193581
12054,2,6.61428574153,6.490105643895419,0.12418009763458038
12055,2,4.1875000298,6.011949277388851,1.8244492475888512
12056,2,6.13793093583,6.375823137658283,0.23789220182828252
12057,2,7.30000001192,6.102959019600822,1.1970409923191783
12058,2,6.38124996424,8.05029064780476,1.6690406835647593
12059,2,6.07500002384,8.617287764636671,2.542287740796671
12060,2,6.80000003179,10.433154512246693,3.6331544804566933
12061,2,6.56499998569,10.894604338097137,4.329604352407137
12062,2,6.72222216924,9.450187319698946,2.727965150458946
12063,2,6.45624998212,12.521847737516383,6.065597755396383
12064,2,6.51538460071,9.658809065359284,3.143424464649284
12065,2,6.41428572791,10.373795628024506,3.959509900114506
12066,2,6.24375003576,11.22051476020489,4.976764724444891
12067,2,6.6166665554,9.283872981792394,2.6672064263923936
12068,2,6.31428578922,12.708472282801555,6.394186493581555
12069,2,6.1562499404,8.940664266742314,2.784414326342313
12070,2,7.15000003576,9.734593237272566,2.5845932015125666
12071,2,4.24130432502,9.246023294510637,5.0047189694906375
12072,2,6.25238089334,13.030836806548441,6.778455913208441
12073,2,7.26666662428,8.904983274017384,1.6383166497373844
12074,2,6.32499998808,12.015681023379168,5.690681035299168
12075,2,6.25,10.447747185343054,4.197747185343054
12076,2,5.6933333079,10.818844577363498,5.125511269463498
12077,2,6.72352940896,6.307298854218758,0.41623055474124193
12078,2,7.12499995232,6.2782101667269306,0.846789785593069
12079,2,6.12307682404,6.1757517722239825,0.05267494818398255
12080,2,6.29999993064,11.319325713609835,5.019325782969835
12081,2,6.91666666667,6.552055307383902,0.36461135928609867
12082,2,7.22499990463,9.658506905729396,2.4335070010993967
12083,2,6.35000004768,8.949285045661117,2.5992849979811172
12084,2,6.6,9.586022141731238,2.9860221417312385
12085,2,6.36999998093,9.988860273732675,3.6188602928026743
12086,2,6.22999997139,12.15829120549445,5.92829123410445
12087,2,6.76249998808,10.209689037626257,3.4471890495462567
12088,2,4.97692308059,11.16088320004899,6.183960119458991
12089,2,6.13142847334,10.225946298364526,4.094517825024527
12090,2,6.4789473885,9.196704442437943,2.7177570539379428
12091,2,6.96250001589,12.396489779049015,5.433989763159015
12092,2,4.46190482094,10.328152692349617,5.866247871409617
12093,2,6.95833339294,10.050094254606819,3.0917608616668186
12094,2,7.0066666921,13.376981842945414,6.370315150845414
12095,2,6.42173912214,7.811653061118935,1.3899139389789354
12096,2,5.3437500298,8.796410191529988,3.4526601617299884
12097,2,5.36666663488,9.982972368398185,4.616305733518185
12098,2,5.58499996662,9.325587010229894,3.740587043609894
12099,2,5.60769231503,8.925313621008229,3.3176213059782285
12100,2,6.375,8.576234012647742,2.201234012647742
12101,2,3.96548670372,9.987075660900864,6.021588957180864
12102,2,4.35833335718,12.539750532229984,8.181417175049983
12103,2,4.03521126089,8.088646456321687,4.053435195431687
12104,2,0.0,21.622560173959588,21.622560173959588
12105,2,4.06470587674,10.214893667792893,6.150187791052893
12106,2,7.98749995232,8.666498071713583,0.678998119393583
12107,2,6.26190478461,10.333855365795527,4.0719505811855266
12108,2,7.54500005245,9.487778011966826,1.9427779595168264
12109,2,6.3750000596,11.344842143044128,4.969842083444128
12110,2,4.73781512565,6.750122233225625,2.0123071075756247
12111,2,4.33706897703,10.114500164098212,5.777431187068212
12112,2,3.50285716057,10.158347638401294,6.655490477831293
12113,2,0.0,0.32415370971654955,0.32415370971654955
12114,2,6.34444445151,6.375231140415003,0.030786688905002357
12115,2,7.26249998808,6.2538778427754025,1.0086221453045976
12116,2,7.20000000795,8.292983811178662,1.0929838032286616
12117,2,6.94166676203,8.941701612804986,2.000034850774986
12118,2,3.92644625656,9.498093392581367,5.571647136021367
12119,2,3.51621621364,12.902857622363957,9.386641408723957
12120,2,3.09758065593,13.565047645780279,10.46746698985028
12121,2,5.97906975413,11.031126105530067,5.052056351400067
12122,2,6.58666667938,8.029473299970022,1.4428066205900212
12123,2,5.8384615458,12.224656015953585,6.386194470153584
12124,2,4.83095236052,10.192837688132144,5.361885327612144
12125,2,6.23749999205,9.202010206051717,2.9645102140017174
12126,2,4.93066666921,7.9211170099351556,2.9904503407251557
12127,2,4.14833334287,12.22348117182435,8.07514782895435
12128,2,3.29642857824,8.95824441179075,5.661815833550749
12129,2,4.20874999464,10.133357947472248,5.924607952832249
12130,2,5.60285714694,9.76557491618083,4.16271776924083
12131,2,6.57894739352,6.594921207566316,0.01597381404631637
12132,2,5.64166669051,11.50041058012603,5.858743889616029
12133,2,6.47500002384,8.940873051870188,2.465873028030188
12134,2,6.22499998978,10.907247131841741,4.682247142061741
12135,2,4.33055554165,8.898855266001542,4.568299724351542
12136,2,0.0,23.32321666615022,23.32321666615022
12137,2,0.0,22.878760629543695,22.878760629543695
12138,2,0.0,21.77471956157302,21.77471956157302
12139,2,6.46666666667,9.019408641028152,2.5527419743581516
12140,2,6.31111115879,8.040738401769323,1.7296272429793227
12141,2,6.83999996185,13.502277627346373,6.662277665496373
12142,2,4.78888886505,11.293927721585701,6.505038856535702
12143,2,6.2478260372,9.140808581491704,2.892982544291704
12144,2,6.4192307729,10.61383384268538,4.194603069785381
12145,2,4.69499995112,12.750485970415216,8.055486019295216
12146,2,4.83666666349,9.29772770660652,4.461061043116519
12147,2,0.0,21.6659268866842,21.6659268866842
12148,2,5.79666668574,8.337141423762821,2.540474738022821
12149,2,6.12666664124,13.367574151351533,7.240907510111533
12150,2,6.71199995041,11.447284325828281,4.735284375418281
12151,2,4.57096773578,12.516101702100165,7.945133966320165
12152,2,5.07750000358,10.494182186681684,5.416682183101684
12153,2,3.28695652623,8.852403203271326,5.565446677041326
12154,2,0.0,9.010811769540854,9.010811769540854
12155,2,6.11249991258,9.28606071879489,3.1735608062148897
12156,2,4.96315787968,10.177349419480379,5.214191539800379
12157,2,6.97916666667,12.490504710978346,5.511338044308346
12158,2,7.33888883061,9.553801674448618,2.2149128438386176
12159,2,6.0318182165,10.052727848388736,4.0209096318887365
12160,2,3.34396135289,9.653555122809511,6.309593769919511
12161,2,5.64411766389,13.508398439978894,7.8642807760888935
12162,2,3.86860465172,10.614798665854693,6.7461940141346926
12163,2,3.56578946831,8.368127650303721,4.802338181993721
12164,2,3.62060606841,13.948817411833623,10.328211343423623
12165,2,0.0,23.387400170780506,23.387400170780506
12166,2,0.0,23.488908307759488,23.488908307759488
12167,2,0.0,1.0276810087036046,1.0276810087036046
12168,4,0.0,1.1980437621057183,1.1980437621057183
12169,4,0.0,1.2084618859234448,1.2084618859234448
12170,4,0.0,0.746091366432879,0.746091366432879
12171,4,0.0,1.0191246355321657,1.0191246355321657
12172,4,0.0,1.403017048149484,1.403017048149484
12173,4,0.0,1.403017048149484,1.403017048149484
12174,4,0.0,1.1980437621057183,1.1980437621057183
12175,4,0.0,1.2084618859234448,1.2084618859234448
12176,4,0.0,1.1422988324983328,1.1422988324983328
12177,4,0.0,0.9809453204169549,0.9809453204169549
12178,4,0.0,1.2084618859234448,1.2084618859234448
12179,4,0.0,1.0191246355321657,1.0191246355321657
12180,4,0.0,0.8128787808033221,0.8128787808033221
12181,4,0.0,1.2023173585255857,1.2023173585255857
12182,4,0.0,0.756509490250606,0.756509490250606
12183,4,0.0,1.2084618859234448,1.2084618859234448
12184,4,0.0,1.2374821605924164,1.2374821605924164
12185,4,0.0,1.0977883149257115,1.0977883149257115
12186,4,0.0,1.2464364321235155,1.2464364321235155
12187,4,0.0,0.913805276692133,0.913805276692133
12188,4,0.0,1.2805376494008545,1.2805376494008545
12189,4,0.0,1.2374821605924164,1.2374821605924164
12190,4,0.0,0.8665740805828607,0.8665740805828607
12191,1,7.52500001589,8.898592940912863,1.3735929250228631
12192,1,7.40000004239,8.662092879443877,1.2620928370538769
12193,1,6.76666673024,9.06960375885186,2.3029370286118604
12194,1,6.02916673819,18.51722415594494,12.488057417754941
12195,1,6.10000000502,11.368565317697302,5.2685653126773015
12196,1,5.52307691941,12.158439954839459,6.635363035429458
12197,1,4.50499997139,11.853909270290227,7.348909298900227
12198,1,3.55833333068,14.30218415067569,10.74385081999569
12199,1,8.68205126738,20.71548470218662,12.033433434806621
12200,1,5.98888889949,9.037219869542207,3.0483309700522074
12201,1,6.3111111323,10.93843185316728,4.627320720867281
12202,1,5.3,12.687512263408745,7.387512263408746
12203,1,6.06000000636,11.211752666499256,5.151752660139256
12204,1,6.29166662693,9.449556303317047,3.1578896763870477
12205,1,5.87999996185,19.725202164968316,13.845202203118316
12206,1,6.26800008774,11.347575021451993,5.079574933711993
12207,1,5.95555551847,9.724082277245941,3.7685267587759412
12208,1,6.35238095692,20.955237002522306,14.602856045602305
12209,1,6.98800003052,8.977244999379396,1.9892449688593956
12210,1,6.8714285578,8.990132175864938,2.118703618064938
12211,1,7.3086956273,8.384480161662726,1.0757845343627261
12212,1,5.40400003433,9.707316924135988,4.303316889805988
12213,1,6.15714287077,8.984470483237198,2.8273276124671973
12214,1,7.66129036873,8.471656936048072,0.8103665673180727
12215,1,5.8322147907,17.239538550590016,11.407323759890016
12216,1,6.18055555556,8.427339312360072,2.246783756800072
12217,1,5.33750009537,8.8787273062456,3.541227210875599
12218,1,6.675,8.152056773467692,1.4770567734676918
12219,1,4.5150001049,8.202363454119084,3.6873633492190834
12220,1,6.91500008106,8.898118526370986,1.9831184453109865
12221,1,7.17499999205,8.620772495060454,1.4457725030104536
12222,1,5.21999998093,8.920914228865032,3.7009142479350317
12223,1,6.38461545797,19.419005121815466,13.034389663845467
12224,1,5.87199998856,9.33552008296248,3.4635200944024804
12225,1,6.24444445857,8.461863495396027,2.217419036826027
12226,1,5.68799995422,9.17778822091351,3.489788266693509
12227,1,7.19130428978,6.689346862441425,0.5019574273385743
12228,1,6.83157895741,8.977669399712152,2.1460904423021523
12229,1,3.47872339918,16.523998526473722,13.045275127293722
12230,1,5.48500001431,9.14318619328951,3.658186178979511
12231,1,4.13199995041,8.527448320147306,4.395448369737306
12232,1,8.16800001144,9.37967992304909,1.2116799116090906
12233,1,6.18125002086,10.948603586203477,4.767353565343477
12234,1,4.75909094377,9.465480775057385,4.706389831287384
12235,1,4.4789473885,9.909484604456637,5.430537215956637
12236,1,6.31600000381,8.942406781151515,2.626406777341515
12237,1,4.85666666031,11.042150694968738,6.185484034658738
12238,1,6.10416668653,7.911071764287461,1.8069050777574605
12239,1,6.46666660309,8.653274388548716,2.1866077854587163
12240,1,6.42592594359,8.610978300676283,2.185052357086283
12241,1,5.03600000381,9.069177104809226,4.033177100999226
12242,1,5.92249999046,10.51807080156361,4.5955708111036095
12243,1,4.77624998689,8.862176825441148,4.085926838551148
12244,1,4.10526314813,7.258832817560505,3.153569669430505
12245,1,5.06857140405,8.8438192640498,3.7752478599998005
12246,1,5.29629626098,10.990797696561682,5.694501435581682
12247,1,4.96600000143,8.87514518935653,3.90914518792653
12248,1,6.52400001526,10.740356125154097,4.216356109894097
12249,1,4.61666669448,9.117841841840582,4.501175147360581
12250,1,6.57619047165,7.102844194174558,0.526653722524558
12251,1,5.48333334923,10.149390252865587,4.666056903635587
12252,1,7.64285714286,11.219867448129644,3.5770103052696447
12253,1,6.38571432659,13.533588346905201,7.147874020315202
12254,1,5.82500004768,8.735829029321776,2.9108289816417763
12255,1,5.56499998569,8.444398456659897,2.879398470969897
12256,1,6.91428576197,9.867902697962082,2.9536169359920814
12257,1,6.27916659911,10.62819823413348,4.34903163502348
12258,1,5.58888891008,9.65202660754838,4.063137697468381
12259,1,4.75624996424,12.37722985701665,7.620979892776649
12260,1,7.42999999523,7.303065766765627,0.12693422846437308
12261,1,4.85999997457,9.704086136068504,4.844086161498504
12262,1,6.52499997616,19.675271812794346,13.150271836634346
12263,1,6.80000001192,9.398258175882884,2.5982581639628837
12264,1,4.20833333333,16.91904259175026,12.710709258420259
12265,1,6.80833335718,8.474688656607182,1.666355299427181
12266,1,3.96999999285,9.345515269814046,5.3755152769640455
12267,1,3.73888887299,8.532934889746677,4.794046016756678
12268,1,5.55833333731,9.323353524847146,3.7650201875371465
12269,1,5.43548386328,9.431428404981045,3.9959445417010446
12270,1,4.825,10.584694269968669,5.759694269968668
12271,1,6.14642857654,10.233613831229928,4.087185254689928
12272,1,6.33142858233,9.218134186706047,2.886705604376047
12273,1,7.17058821285,8.91699328685069,1.7464050740006902
12274,1,6.6833332777,9.36397607167168,2.6806427939716793
12275,1,3.69062500633,9.185425412158835,5.494800405828835
12276,1,4.35301204187,9.075251865759453,4.722239823889454
12277,1,5.96399999619,9.484558954730788,3.5205589585407884
12278,1,8.79600000381,9.413974124942827,0.6179741211328267
12279,1,3.43333332274,8.976195152883552,5.542861830143552
12280,1,6.44761905216,8.99825281262962,2.550633760469619
12281,1,3.91000000238,10.534421185601097,6.624421183221097
12282,1,6.72399997711,11.483271278968576,4.759271301858576
12283,1,6.42105260648,12.795022639960342,6.373970033480342
12284,1,6.00454547188,9.196201000593389,3.1916555287133885
12285,1,7.00000005298,10.282421574324268,3.2824215213442676
12286,1,5.62812495232,9.165803595026697,3.5376786427066964
12287,1,5.84000001907,8.442254437234753,2.602254418164754
12288,1,5.05199996948,12.4092140619119,7.3572140924319
12289,1,4.73750001192,14.600270601619384,9.862770589699384
12290,1,4.41071429423,8.604608130531235,4.193893836301235
12291,1,6.63913044722,8.64054623489617,2.0014157876761702
12292,1,6.82666667302,8.633547000960627,1.8068803279406271
12293,1,5.63333328565,8.014905825895111,2.381572540245111
12294,1,5.11199996948,9.017478906105922,3.9054789366259213
12295,1,5.5625000298,9.395910977097385,3.833410947297385
12296,1,7.18499994278,11.096493453479683,3.9114935106996827
12297,1,5.18400001526,10.395964721379608,5.211964706119608
12298,1,4.57499995232,12.450049572485858,7.875049620165858
12299,1,6.87500007947,9.409464008952357,2.5344639294823565
12300,1,6.85466665904,9.502264887912364,2.647598228872364
12301,1,3.96956518422,9.238475749603104,5.268910565383104
12302,1,6.51785721098,6.747985823418725,0.23012861243872518
12303,1,7.0,8.717895949462713,1.7178959494627133
12304,1,6.41904762813,11.314465668013343,4.895418039883342
12305,1,5.46086960254,8.13676754772033,2.6758979451803304
12306,1,5.68000003815,10.062131578254965,4.3821315401049645
12307,1,6.54444445504,19.814921694107085,13.270477239067084
12308,1,6.5000000298,11.003382165017317,4.503382135217318
12309,1,5.33693694209,7.3803216055304155,2.043384663440415
12310,1,6.34499998093,7.1657226887692,0.8207227078391996
12311,1,6.5631578847,10.673936716663965,4.110778831963965
12312,1,6.31764712053,10.377266298174824,4.059619177644824
12313,1,4.98500001431,14.031798564408438,9.046798550098439
12314,1,4.22499997616,13.45425546783709,9.22925549167709
12315,1,7.12500003406,19.200837337424993,12.075837303364992
12316,1,6.58125004172,9.175275003161866,2.5940249614418667
12317,1,7.5937500298,10.338486826282345,2.7447367964823455
12318,1,5.6249999702,10.037521427641034,4.412521457441033
12319,1,8.61562503874,10.225508494471272,1.6098834557312731
12320,1,4.78000001907,19.777955848051672,14.997955828981672
12321,1,7.09999999133,8.701874518007545,1.6018745266775447
12322,1,5.32222231229,20.034325203419115,14.712102891129115
12323,1,6.03125,9.262999722438138,3.2317497224381384
12324,1,6.42500007153,7.082501413958634,0.6575013424286338
12325,1,3.54469696681,19.762842747843212,16.21814578103321
12326,1,5.69411765828,9.349376231434114,3.6552585731541143
12327,1,7.5428571701,9.354765056105844,1.8119078860058444
12328,1,6.90000000596,8.327040503141314,1.4270404971813138
12329,1,4.71499993801,9.263470958376743,4.548471020366743
12330,1,6.70967737321,8.152286473345589,1.4426091001355887
12331,1,6.0433333238,9.551923404563386,3.508590080763386
12332,1,6.01999998093,19.057127578304772,13.037127597374774
12333,1,5.34210523806,14.88206812824713,9.53996289018713
12334,1,7.47222216924,10.38145717789418,2.9092350086541803
12335,1,5.72043011265,8.256122578620658,2.5356924659706586
12336,1,5.62399997711,11.534719637606829,5.910719660496828
12337,1,4.30400000572,9.84514600206384,5.5411459963438405
12338,1,5.46999998093,10.742812290196065,5.272812309266065
12339,1,5.84090911258,14.480851338973087,8.639942226393087
12340,1,4.49310342197,9.165688010462516,4.672584588492516
12341,1,6.3592592522,10.592147757535322,4.232888505335322
12342,1,4.33000004292,10.295275977019998,5.9652759340999975
12343,1,5.84166667859,8.750603154449635,2.908936475859635
12344,1,6.73499996662,11.157068159001094,4.422068192381094
12345,1,4.49500000477,6.908376956949693,2.4133769521796937
12346,1,4.25600002289,8.861316849339307,4.6053168264493065
12347,1,4.78666667938,7.980447738284711,3.1937810589047118
12348,1,6.4136363593,11.98776110986781,5.57412475056781
12349,1,4.60312496126,12.165374915432942,7.562249954172942
12350,1,6.86470592723,9.506435001083256,2.6417290738532557
12351,1,4.11499997377,8.368134576968822,4.253134603198823
12352,1,5.48333334923,10.63856662665605,5.155233277426051
12353,1,7.72500002384,9.315503671106178,1.5905036472661784
12354,1,7.4538461245,7.1722414940007,0.2816046304992996
12355,1,4.46799999237,11.225738475193555,6.757738482823555
12356,1,6.35238097963,10.45444027276909,4.1020592931390905
12357,1,4.39600004196,9.536547849099922,5.140547807139922
12358,1,4.53111111323,8.702637287011413,4.171526173781413
12359,1,4.48499999046,8.906006007971117,4.421006017511116
12360,1,6.94615382415,9.121530253579598,2.1753764294295985
12361,1,4.05000001192,8.930211774558137,4.880211762638137
12362,1,4.41500002146,8.56338940175406,4.14838938029406
12363,1,7.22000005245,9.156721308897442,1.9367212564474423
12364,1,7.00238097282,8.25880779435719,1.2564268215371905
12365,1,6.00333329837,7.346037810807069,1.3427045124370691
12366,1,4.80000001506,9.709327408465997,4.909327393405997
12367,1,6.90937501192,8.34305405429272,1.4336790423727201
12368,1,6.35199996948,12.070866225171589,5.718866255691589
12369,1,6.88888887123,7.894481844863571,1.0055929736335711
12370,1,6.30434782609,8.801178312215683,2.496830486125683
12371,1,6.88620687353,9.68469240289326,2.7984855293632602
12372,1,7.51538456403,8.739611283794222,1.2242267197642223
12373,1,6.32333334287,8.849794570412827,2.5264612275428275
12374,1,3.96800002098,9.89273125267139,5.924731231691391
12375,1,7.4296296261,8.74266327601185,1.3130336499118505
12376,1,5.62000000477,9.820502249475906,4.200502244705906
12377,1,7.5000000298,7.727279452319665,0.22727942251966482
12378,1,5.40800004959,10.629900741717963,5.221900692127963
12379,1,4.37083335718,8.708021314997485,4.337187957817484
12380,1,7.36800001144,8.086444375875239,0.7184443644352383
12381,1,7.00434780121,9.274820799103143,2.270472997893143
12382,1,5.80333336194,8.128455076888505,2.325121714948505
12383,1,6.43846156047,10.064056613992275,3.6255950535222743
12384,1,5.14166669051,9.556557389341842,4.414890698831842
12385,1,7.72666667302,8.828144533925721,1.101477860905721
12386,1,6.68846152379,8.67332665713932,1.9848651333493201
12387,1,6.75,8.543849348531698,1.7938493485316975
12388,1,6.42399999619,9.661728139341665,3.2377281431516653
12389,1,6.14705882353,10.152583991129287,4.005525167599287
12390,1,6.60769231503,8.70004131120838,2.09234899617838
12391,1,6.05714280265,9.359344834660186,3.302202032010187
12392,1,5.65416669846,9.975756061876963,4.321589363416963
12393,1,4.82500006755,8.087973004389879,3.262972936839878
12394,1,4.16888887617,12.650883103176675,8.481994227006675
12395,1,6.30434776389,12.37551761144439,6.0711698475543905
12396,1,6.30909096111,8.700916850387515,2.3918258892775146
12397,1,8.4604651318,8.939168978709684,0.4787038469096849
12398,1,7.4541666309,17.15622959748381,9.702062966583812
12399,1,6.57368424064,12.2510586721023,5.6773744314623
12400,1,6.28750000397,10.556107283506238,4.268607279536238
12401,1,4.61000003815,11.018933451987039,6.408933413837039
12402,1,5.19583330552,6.973459134926209,1.777625829406209
12403,1,5.39000003338,9.005445756292742,3.6154457229127424
12404,1,7.27727270126,9.014054640258454,1.7367819389984538
12405,1,7.27466668447,8.45779093973272,1.1831242552627197
12406,1,5.38,7.74495079619297,2.3649507961929706
12407,1,5.71111112171,9.55123781751479,3.8401266958047904
12408,1,4.42500002384,13.122070524493502,8.697070500653503
12409,1,5.43333328338,9.440490700241739,4.007157416861739
12410,1,4.42800001144,6.766574889975301,2.338574878535301
12411,1,5.6249999404,11.057176946483581,5.432177006083581
12412,1,5.91249999404,8.129014573551112,2.216514579511112
12413,1,4.64999999603,13.247999058861154,8.597999062831153
12414,1,5.38484849352,10.59062805395878,5.2057795604387795
12415,1,6.13181816448,7.31878956244346,1.1869713979634593
12416,1,7.10000002384,10.74231900047949,3.6423189766394906
12417,1,5.37272735076,9.585106496820062,4.212379146060062
12418,1,5.38500001431,8.323201345257823,2.938201330947823
12419,1,5.75833332539,8.526099833504997,2.767766508114997
12420,1,7.03666664759,8.663021713904442,1.6263550663144422
12421,1,7.22333335876,10.850858439421293,3.627525080661293
12422,1,4.44500002861,8.78769971162963,4.34269968301963
12423,1,6.90740740741,11.730873722686837,4.823466315276837
12424,1,4.74999997833,8.953797999909355,4.203798021579355
12425,1,6.08571429934,8.581823347784116,2.496109048444116
12426,1,6.30312500894,11.627476002213648,5.324350993273647
12427,1,6.78461536994,9.399174511964741,2.614559142024741
12428,1,4.52399999619,9.317058901291512,4.793058905101512
12429,1,6.67142854418,9.259360145207198,2.587931601027198
12430,1,4.77200000763,9.252535629040503,4.480535621410503
12431,1,6.80624994636,7.700372357892587,0.894122411532587
12432,1,4.57500002782,9.51261722395424,4.937617196134241
12433,1,5.96000003815,9.147394547613882,3.187394509463882
12434,1,5.25499994755,9.908059149093162,4.653059201543162
12435,1,7.34000002543,8.699529415617048,1.3595293901870482
12436,1,6.57142857143,11.299271350303638,4.7278427788736375
12437,1,7.26250004768,8.6558992285923,1.3933991809123007
12438,1,8.1607143368,7.0108849184028035,1.1498294183971964
12439,1,4.17722769067,9.503255323975365,5.326027633305365
12440,1,3.23960396559,9.849307100385937,6.609703134795938
12441,1,4.42799995422,8.680843196014155,4.252843241794156
12442,1,7.27037035977,9.76116984380888,2.490799484038879
12443,1,7.23461534427,8.152629315373531,0.9180139711035311
12444,1,4.26486485069,10.02180600754767,5.75694115685767
