row_id,fold,y_true,y_pred,abs_error
0,1,16.06000004,10.276422631356464,5.783577408643534
1,5,0.0,1.0904845501440865,1.0904845501440865
2,4,0.0,0.46121667902111096,0.46121667902111096
3,1,13.81935486,10.318005961978162,3.5013488980218384
4,5,9.530000019,10.082926173278198,0.5529261542781985
5,5,9.100000381,11.465727670366181,2.3657272893661823
6,4,10.21034479,10.4570345420074,0.2466897520073985
7,4,9.778048841,10.847451431776628,1.0694025907766278
8,1,12.55000019,11.623969011271349,0.9260311787286515
9,5,10.66874997,11.647435874642708,0.9786859046427079
10,2,0.0,1.412615305902844,1.412615305902844
11,5,13.24444453,13.728438010872784,0.48399348087278327
12,2,10.19999981,13.319465819605377,3.119466009605377
13,5,19.13571419,11.965341001860164,7.170373188139838
14,1,10.89999962,12.975250753362793,2.0752511333627943
15,3,17.10000038,12.731032977677506,4.368967402322495
16,5,15.69999981,11.300621918787833,4.399377891212167
17,1,0.0,4.7728198201761405,4.7728198201761405
18,4,11.07444442,10.155164656898103,0.9192797631018976
19,1,11.10000038,9.913650535108212,1.1863498448917884
20,2,10.93793103,10.013819639283664,0.9241113907163356
21,5,8.900000095,8.478665731728178,0.4213343632718214
22,4,9.240000014,9.448070314145284,0.20807030014528394
23,2,0.0,1.1801073028045943,1.1801073028045943
24,4,13.51249981,11.2055919944756,2.306907815524399
25,4,0.0,1.8023682904933291,1.8023682904933291
26,3,0.0,2.591191743711663,2.591191743711663
27,3,13.60000038,12.191487328768275,1.4085130512317257
28,3,0.0,1.3873625400146021,1.3873625400146021
29,2,0.0,1.039485083583483,1.039485083583483
30,2,13.10000038,0.5710434331490242,12.528956946850977
31,1,13.70000013,11.71558909233393,1.984411037666069
32,2,13.10000038,7.339952753645375,5.760047626354626
33,1,13.19999981,13.00999741593816,0.19000239406183894
34,3,0.0,1.330313929536824,1.330313929536824
35,1,0.0,4.539806026857868,4.539806026857868
36,2,10.5,10.50399232416322,0.003992324163219152
37,2,10.12631579,10.200503345891946,0.07418755589194603
38,5,10.2,11.248545481218711,1.0485454812187118
39,1,0.0,3.260492528319302,3.260492528319302
40,4,10.30000019,9.378239467421224,0.9217607225787763
41,1,5.994771244,6.032776524526729,0.038005280526729024
42,2,9.23333327,9.374427147183424,0.14109387718342425
43,1,9.044827659,9.454831273344121,0.4100036143441219
44,3,7.922222222,6.923064430481808,0.9991577915181926
45,1,8.035483853,8.503059019076163,0.4675751660761627
46,1,8.050000191,9.123688593716746,1.073688402716746
47,1,7.398113206,8.509805490396145,1.1116922843961454
48,2,6.066265043,7.564054154338049,1.497789111338049
49,4,10.25,9.891542570602091,0.3584574293979088
50,1,10.7826087,10.458139570638014,0.3244691293619866
51,3,10.60000038,10.295582791112775,0.30441758888722603
52,4,11.1642858,10.952548227567409,0.2117375724325914
53,4,9.694805213,10.129490380146398,0.43468516714639804
54,5,10.06249994,9.366849517090214,0.695650422909786
55,5,10.10000038,2.233093679159145,7.866906700840856
56,2,0.0,11.4100338429507,11.4100338429507
57,2,9.153488414,10.42714255112246,1.2736541371224597
58,2,0.0,2.325356393102134,2.325356393102134
59,1,13.45064942,10.956195339041187,2.4944540809588123
60,5,11.73999996,12.009274108703071,0.26927414870307054
61,2,13.16250002,14.95485938105365,1.7923593610536503
62,4,15.0,13.596852726897772,1.4031472731022276
63,1,0.0,2.829957044376316,2.829957044376316
64,5,17.46666654,13.076188784916832,4.390477755083166
65,2,13.27894743,14.00330116523226,0.7243537352322598
66,3,16.39999962,14.341592362063595,2.0584072579364037
67,4,16.25,13.77612947574399,2.473870524256011
68,1,16.20000076,11.960992102514012,4.239008657485989
69,3,18.5,12.661865070660253,5.838134929339747
70,1,7.271319305,8.00094817898461,0.72962887398461
71,4,5.138248866,6.751586748004263,1.613337882004263
72,5,9.481739098,8.230353801015271,1.2513852969847292
73,1,6.661928949,5.78800895292601,0.8739199960739903
74,5,9.897942408,9.870567193358387,0.027375214641613965
75,3,4.900000095,6.525320979662185,1.6253208846621847
76,2,5.775550665,5.981192134173921,0.205641469173921
77,5,8.222000046,10.215709380653017,1.9937093346530173
78,5,8.699999809,9.282337817359064,0.5823380083590646
79,1,0.0,5.202856921012317,5.202856921012317
80,1,8.349999905,9.417423607863347,1.067423702863346
81,2,8.154054075,8.129438161249858,0.02461591375014116
82,4,8.533962304,8.324193709312077,0.20976859468792242
83,1,8.543333364,6.150366861090845,2.3929665029091556
84,3,9.141176476,8.888293587306709,0.252882888693291
85,1,12.32500005,11.567692066890544,0.757307983109456
86,4,12.30000019,10.670880309373166,1.6291198806268348
87,3,13.98666662,12.089297921458652,1.8973686985413476
88,1,12.19523816,11.208194356953712,0.9870438030462889
89,5,12.69999981,11.467342356045753,1.2326574539542463
90,4,12.69999981,11.006276243953034,1.693723566046966
91,3,13.59000001,11.431919253238622,2.158080756761379
92,1,0.0,2.8658964641410503,2.8658964641410503
93,2,12.30000019,0.028055556611111112,12.27194463338889
94,5,12.5,11.897935696242714,0.6020643037572864
95,1,0.0,2.7120355508582916,2.7120355508582916
96,1,0.0,0.9232325499656743,0.9232325499656743
97,4,0.0,3.5346466858676355,3.5346466858676355
98,5,13.0,11.876647064038991,1.1233529359610088
99,1,12.8499999,12.478341167159943,0.3716587328400571
100,2,12.0999999,10.987810341689588,1.112189558310412
101,1,12.30000019,10.838909655288724,1.4610905347112766
102,1,12.26666673,10.938143576270392,1.3285231537296092
103,1,13.0,9.109378799326027,3.890621200673973
104,2,12.13333332,11.675075951419235,0.4582573685807656
105,5,11.60000038,8.73344020301749,2.86656017698251
106,2,10.84459461,10.205234512895629,0.6393600971043707
107,1,0.0,3.142454361314465,3.142454361314465
108,2,10.0,11.11043930074592,1.1104393007459201
109,4,0.0,0.6994785712925636,0.6994785712925636
110,3,10.69999981,0.021083333491666665,10.678916476508332
111,1,9.849999905,12.309479983363742,2.4594800783637414
112,4,0.0,1.675016651127608,1.675016651127608
113,1,0.0,2.6784078889059346,2.6784078889059346
114,2,9.75,12.385772212704472,2.635772212704472
115,4,10.80000019,12.204312700775544,1.4043125107755436
116,5,12.05000019,11.898819105219669,0.15118108478033143
117,5,12.0347827,11.568825111177034,0.465957588822965
118,3,12.45000005,9.566215370091761,2.8837846799082385
119,1,15.75,12.42315478412398,3.32684521587602
120,2,14.07142854,14.19044306465344,0.11901452465344065
121,3,14.60000038,11.99426090275703,2.6057394772429703
122,2,0.0,1.5659273249717318,1.5659273249717318
123,2,13.73076916,13.407496264314366,0.32327289568563344
124,3,14.9,12.778483999932012,2.121516000067988
125,5,0.0,0.41321189595896235,0.41321189595896235
126,5,16.06153855,12.571727135796445,3.4898114142035563
127,2,14.94999981,13.227318322030165,1.722681487969835
128,4,0.0,2.23742434997133,2.23742434997133
129,3,12.23199989,13.243435488991635,1.0114355989916337
130,5,12.95000005,11.79881867985908,1.15118137014092
131,1,13.0,10.277032794283253,2.7229672057167473
132,2,13.13225805,12.442570154771323,0.689687895228678
133,5,0.0,12.797481954143008,12.797481954143008
134,1,0.0,0.8019430584298415,0.8019430584298415
135,1,0.0,0.32123333299212303,0.32123333299212303
136,4,8.021818248,10.255635515290827,2.233817267290826
137,5,5.875362334,8.066183839579718,2.190821505579718
138,4,5.133333365,7.979798211900396,2.8464648469003953
139,4,4.895661153,6.546395431791558,1.6507342787915578
140,5,7.300000191,8.607892137599489,1.3078919465994892
141,4,7.437777752,7.889503916074988,0.4517261640749881
142,4,5.699999809,7.3163762000355215,1.616376391035521
143,3,5.719565231,6.332699380227175,0.6131341492271751
144,2,5.300000191,8.172850455677278,2.872850264677278
145,5,6.279591823,7.101752126419213,0.8221603034192135
146,4,10.80000019,12.123118909579878,1.3231187195798775
147,5,11.06315783,10.156098015062529,0.9070598149374707
148,5,11.17272724,10.06880640621324,1.103920833786761
149,1,12.52727277,10.454589575221261,2.0726831947787385
150,1,10.54545453,10.32255785990142,0.2228966700985815
151,3,0.0,1.3381509295325917,1.3381509295325917
152,4,8.727472499,10.697455178806967,1.969982679806968
153,5,8.763636372,9.913846696223475,1.1502103242234742
154,5,9.513846148,10.431740395577387,0.9178942475773866
155,4,0.0,1.310798031150388,1.310798031150388
156,3,9.998360676,10.357276949964616,0.35891627396461523
157,2,9.25,10.264419333817735,1.0144193338177345
158,5,9.017857134,11.146653205217712,2.128796071217712
159,4,10.30000019,10.000525465772036,0.29947472422796473
160,4,9.726923044,8.993038172630945,0.7338848713690549
161,5,10.48541667,10.077027722152593,0.4083889478474063
162,4,10.69999981,10.395856050545206,0.304143759454794
163,5,10.69999981,10.843374134795749,0.14337432479574908
164,3,10.89999962,10.031912491942668,0.868087128057331
165,4,10.30714289,10.239084578593978,0.06805831140602159
166,4,0.0,1.355373772675402,1.355373772675402
167,2,13.32500005,11.994755569639109,1.330244480360891
168,2,13.0,7.493370304335284,5.506629695664716
169,1,13.19999981,9.18237473874015,4.01762507125985
170,3,0.0,0.0,0.0
171,3,0.0,0.053611111111111116,0.053611111111111116
172,2,0.0,0.006999999682500001,0.006999999682500001
173,1,0.0,1.8714168022799136,1.8714168022799136
174,4,8.5,10.195719272173756,1.695719272173756
175,2,8.5,9.330261727641778,0.8302617276417781
176,3,0.0,8.640912128346784,8.640912128346784
177,1,0.0,1.4090449855308407,1.4090449855308407
178,3,9.349999905,8.141048368635333,1.2089515363646672
179,3,8.399999619,0.017305555872222225,8.38269406312778
180,1,8.200000286,9.468266746729402,1.2682664607294019
181,2,9.100000381,10.818070095374893,1.7180697143748933
182,4,9.615384689,11.433590536969911,1.8182058479699101
183,4,0.0,0.5932277575282224,0.5932277575282224
184,3,9.644444413,9.676093699115535,0.031649286115534636
185,2,8.800000191,11.67041100075992,2.8704108097599192
186,4,8.979999924,9.843170490351177,0.8631705663511777
187,4,8.100000381,9.160247228664941,1.060246847664942
188,1,0.0,1.125538656962217,1.125538656962217
189,5,8.169999933,11.493194564894498,3.3231946318944985
190,5,7.5,8.231957481357096,0.7319574813570959
191,4,8.0,12.36121979661578,4.36121979661578
192,4,0.0,0.5383757800249852,0.5383757800249852
193,4,5.900000095,6.2758126659751765,0.3758125709751763
194,3,5.639013449,6.392910774674724,0.7538973256747239
195,4,6.320000076,8.052112805985287,1.7321127299852863
196,3,6.815384617,6.699565329386755,0.11581928761324534
197,5,10.0,11.129816904673937,1.1298169046739375
198,3,0.0,0.6777722611383707,0.6777722611383707
199,2,10.83191488,12.467603342885912,1.6356884628859127
200,1,9.052941098,8.28149292369382,0.7714481743061796
201,4,9.681818182,10.547697701559951,0.8658795195599502
202,5,7.805555529,8.215318985720216,0.4097634567202162
203,4,6.884374991,7.661584700376681,0.777209709376681
204,4,0.0,0.8282035807219046,0.8282035807219046
205,4,0.0,0.15418563157997225,0.15418563157997225
206,5,0.0,0.006833333438888889,0.006833333438888889
207,5,7.800000191,8.73355894981445,0.93355875881445
208,3,7.617708365,8.805808134946666,1.1880997699466658
209,2,9.980000114,12.923821314412741,2.943821200412742
210,1,10.39999962,11.132259519978222,0.7322598999782226
211,2,13.09090913,12.887547438933112,0.20336169106688828
212,2,0.0,0.5504597082399705,0.5504597082399705
213,5,10.30000019,11.015481140224228,0.7154809502242276
214,1,12.0,12.088117083809179,0.08811708380917871
215,4,10.33333333,13.361706328271172,3.0283729982711716
216,1,0.0,0.22633055494869447,0.22633055494869447
217,1,16.97142833,11.05878724570403,5.912641084295968
218,1,10.30000019,11.842744190255907,1.5427440002559063
219,4,10.0999999,8.419716931655948,1.680282968344052
220,3,0.0,0.0,0.0
221,1,10.60000038,11.839422632014706,1.2394222520147054
222,2,9.950000048,12.910439344837775,2.960439296837775
223,3,10.61538476,11.62891819546623,1.0135334354662309
224,5,12.83999996,12.97255780953576,0.13255784953575933
225,5,12.5,12.493668834546826,0.006331165453174137
226,4,14.13181821,12.571251220101024,1.5605669898989767
227,2,13.13333321,12.18657406232063,0.9467591476793693
228,3,13.5,12.190467517395186,1.3095324826048138
229,2,0.0,0.23720833456130563,0.23720833456130563
230,2,0.0,13.820727334637837,13.820727334637837
231,3,0.0,0.0,0.0
232,5,0.0,0.0,0.0
233,2,0.0,0.06936111343611112,0.06936111343611112
234,4,13.30000019,12.56723148937398,0.7327687006260213
235,5,0.0,0.11022221879011108,0.11022221879011108
236,5,0.0,0.0,0.0
237,3,0.0,0.6260396825396827,0.6260396825396827
238,4,0.0,0.6566619171559523,0.6566619171559523
239,2,0.0,0.0,0.0
240,3,0.0,0.7556361294444579,0.7556361294444579
241,4,0.0,0.0,0.0
242,3,0.0,0.4472791794479366,0.4472791794479366
243,3,0.0,0.4472791794479366,0.4472791794479366
244,3,0.0,1.3327792050979352,1.3327792050979352
245,1,0.0,0.7541694590729442,0.7541694590729442
246,3,13.19999981,12.86062155681459,0.3393782531854104
247,1,0.0,4.012910746902815,4.012910746902815
248,1,0.0,11.839800671913544,11.839800671913544
249,5,0.0,0.030138887965277774,0.030138887965277774
250,3,0.0,0.0,0.0
251,1,13.39999962,12.427919514104332,0.9720801058956674
252,2,0.0,0.02411111037222222,0.02411111037222222
253,3,0.0,0.7486916850000135,0.7486916850000135
254,3,12.39999962,0.7528583516666801,11.64714126833332
255,5,0.0,0.0,0.0
256,3,0.0,0.0,0.0
257,3,0.0,0.02336111134986111,0.02336111134986111
258,4,0.0,0.0,0.0
259,1,0.0,0.2693277686134723,0.2693277686134723
260,5,0.0,0.14444444338333334,0.14444444338333334
261,3,0.0,0.0,0.0
262,5,14.10000038,9.843133801574957,4.2568665784250435
263,1,0.0,0.06905555510541667,0.06905555510541667
264,4,14.60000038,12.777948475841795,1.8220519041582062
265,1,0.0,0.006999999682500001,0.006999999682500001
266,2,10.19999981,11.136214684108312,0.9362148741083125
267,2,11.76666673,13.184850834373366,1.4181841043733652
268,3,11.6500001,10.583103795680232,1.0668963043197675
269,5,13.2750001,12.97534706797349,0.2996530320265105
270,4,11.0,12.157016473859201,1.1570164738592013
271,5,12.69999981,12.901461423946062,0.2014616139460621
272,4,12.80000019,12.05010763126251,0.7498925587374909
273,3,0.0,0.042499999999999996,0.042499999999999996
274,1,12.60000038,10.217029581721555,2.3829707982784463
275,4,0.0,0.027041666640277774,0.027041666640277774
276,4,12.89999962,11.361375390891912,1.5386242291080876
277,5,12.80000019,11.686674683222767,1.1133255067772332
278,4,13.19999981,10.78200038036344,2.4179994296365592
279,3,0.0,0.008333333333333333,0.008333333333333333
280,2,0.0,0.005611111322222223,0.005611111322222223
281,5,0.0,0.0,0.0
282,4,0.0,0.4121611212488888,0.4121611212488888
283,3,12.80000019,11.874328285620534,0.9256719043794668
284,3,0.0,0.7703392862956749,0.7703392862956749
285,5,0.0,0.03345833394111111,0.03345833394111111
286,2,13.60000038,11.940144678318964,1.6598557016810371
287,3,0.0,0.0,0.0
288,2,14.10000038,5.91666542061256,8.183334959387441
289,4,0.0,0.0,0.0
290,1,0.0,0.38497936618208733,0.38497936618208733
291,1,0.0,0.0,0.0
292,2,13.0,9.325910567580726,3.674089432419274
293,1,0.0,0.0325,0.0325
294,5,0.0,0.195531346878504,0.195531346878504
295,2,0.0,0.0,0.0
296,3,4.900000095,5.298367277935251,0.3983671829352504
297,3,5.0,4.973108393195118,0.026891606804881896
298,3,4.800000191,5.188076233589938,0.38807604258993855
299,1,0.0,0.0,0.0
300,3,4.699999809,5.119089931739651,0.41909012273965107
301,5,5.136363636,6.491081252587387,1.3547176165873873
302,5,4.642857143,4.6340884941513325,0.008768648848667127
303,1,4.777777725,5.113639335162261,0.3358616101622607
304,1,4.836363619,4.98468803870253,0.14832441970253019
305,3,4.382352969,5.116303922171262,0.733950953171262
306,5,4.711764672,4.714144153008784,0.0023794810087842677
307,4,4.699999952,5.725101030567214,1.0251010785672143
308,3,0.0,5.448945833757372,5.448945833757372
309,3,4.182352964,5.390095913873669,1.2077429498736691
310,4,0.0,0.0,0.0
311,1,0.0,0.17299920502846033,0.17299920502846033
312,3,4.099999905,5.6555932559036695,1.5555933509036697
313,2,0.0,0.870751050671741,0.870751050671741
314,4,4.228571347,5.203276730841627,0.9747053838416271
315,1,4.300000191,5.9008872428930745,1.600887051893075
316,2,4.328571456,6.497511970853871,2.1689405148538716
317,5,4.088888857,6.437632059202077,2.348743202202077
318,1,4.819999981,4.783344055401823,0.03665592559817643
319,2,4.950000048,8.607368203128132,3.6573681551281325
320,3,4.4923077,5.350569786642775,0.8582620866427755
321,1,4.553968255,6.838367465451432,2.284399210451432
322,3,4.800000032,5.223420243429744,0.42342021142974406
323,2,4.733333302,6.483999078558993,1.7506657765589928
324,3,4.462500036,5.77608146652793,1.3135814305279299
325,3,6.0,5.909955561493883,0.09004443850611743
326,3,0.0,0.04031944460361111,0.04031944460361111
327,4,4.900000095,5.401857418755808,0.5018573237558082
328,3,5.228571483,5.803884922922436,0.5753134399224367
329,5,6.599999905,5.458965795780803,1.1410341092191967
330,1,0.0,0.1373416652740833,0.1373416652740833
331,4,0.0,0.08861111111152778,0.08861111111152778
332,2,0.0,0.051058333789583334,0.051058333789583334
333,1,0.0,0.08488889164777774,0.08488889164777774
334,2,5.699999809,3.975112764593467,1.7248870444065334
335,1,6.0,5.807808775494466,0.19219122450553439
336,4,4.6,5.966086677855345,1.3660866778553453
337,2,6.599999905,5.322120384080479,1.2778795209195204
338,5,0.0,0.04137500050402778,0.04137500050402778
339,3,0.0,0.17502222431694445,0.17502222431694445
340,5,5.5,5.0147343940197056,0.48526560598029445
341,5,0.0,0.06509722248666668,0.06509722248666668
342,4,7.281818151,7.569932790231521,0.28811463923152036
343,3,5.580952372,6.706705764657591,1.1257533926575913
344,3,4.560000038,6.654150549957088,2.0941505119570882
345,5,8.614634084,9.30755933571473,0.6929252517147297
346,1,4.549999952,6.717259555734275,2.1672596037342746
347,2,4.400000095,7.323653114431417,2.923653019431417
348,4,4.299999965,5.6610826617536505,1.361082696753651
349,2,5.785714252,7.516835619151326,1.7311213671513261
350,2,6.099999905,6.833621494863605,0.7336215898636054
351,3,6.404545502,6.9034536484334375,0.49890814643343706
352,5,7.349999905,7.636437469567959,0.2864375645679589
353,2,6.599999905,7.283885509225765,0.6838856042257655
354,2,7.463157942,6.13946562547152,1.3236923165284793
355,2,6.319999981,7.392678235371782,1.072678254371782
356,2,9.876190492,6.47474232600489,3.4014481659951095
357,1,6.919999981,6.572479357208431,0.3475206237915689
358,4,7.0,6.871354325323268,0.12864567467673194
359,4,8.571014529,9.450176677005137,0.8791621480051379
360,1,7.5,6.951646262360546,0.548353737639454
361,2,6.985714231,6.768968466637628,0.21674576436237203
362,5,7.666666667,7.178933909226275,0.48773275777372493
363,3,7.400000095,7.118036404735047,0.28196369026495294
364,5,7.9,8.1989627898918,0.2989627898917995
365,5,9.593333356,8.426405534036284,1.166927821963716
366,3,8.659999943,8.396678655785278,0.2633212872147226
367,1,7.966666698,8.68758911953033,0.7209224215303296
368,2,11.36666679,7.864427676115776,3.502239113884224
369,4,10.84935061,7.610179231704487,3.239171378295513
370,4,11.9000001,7.808364168898443,4.091635931101557
371,3,9.831034504,9.462665280274447,0.36836922372555314
372,3,11.33333333,9.15857698180889,2.17475634819111
373,1,7.700000029,8.176251757303438,0.4762517283034384
374,5,8.800000191,8.57795444839661,0.22204574260338994
375,3,7.316666683,7.914778811666593,0.5981121286665925
376,2,7.700000021,8.078117851411008,0.378117830411008
377,3,8.5,7.37452030277801,1.1254796972219898
378,3,7.685714313,8.588906123213144,0.9031918102131442
379,1,9.311111238,7.881636386676978,1.4294748513230227
380,3,10.30000019,7.469926160395347,2.8300740296046536
381,2,10.89999962,9.287823225360563,1.6121763946394356
382,4,10.79999971,8.657322782855857,2.1426769271441426
383,4,9.900000095,7.325125214956675,2.5748748800433248
384,5,0.0,0.007361111376388889,0.007361111376388889
385,1,10.51785714,9.074116927645237,1.4437402123547631
386,4,11.24117638,6.938483436412882,4.302692943587119
387,3,10.48888899,9.876534501921205,0.612354488078795
388,2,10.34444449,7.866392412218318,2.4780520777816823
389,4,11.0,7.3001759938355155,3.6998240061644845
390,5,9.052631579,9.126137662894548,0.07350608389454827
391,5,0.0,0.6720785848231745,0.6720785848231745
392,5,0.0,0.0,0.0
393,2,0.0,0.06805555555555558,0.06805555555555558
394,2,0.0,0.0,0.0
395,5,0.0,0.15222221746999998,0.15222221746999998
396,1,0.0,0.0,0.0
397,3,0.0,0.005555555555555556,0.005555555555555556
398,1,0.0,0.35266666341599995,0.35266666341599995
399,1,0.0,0.7272842515358194,0.7272842515358194
400,2,0.0,5.941242231627624,5.941242231627624
401,2,0.0,0.01611111111111111,0.01611111111111111
402,3,0.0,0.0,0.0
403,3,0.0,0.035652778148333335,0.035652778148333335
404,5,0.0,0.046263888412638884,0.046263888412638884
405,4,0.0,0.02540277719555556,0.02540277719555556
406,5,0.0,0.0,0.0
407,1,6.166666667,5.957551363420477,0.20911530357952302
408,1,5.333333333,5.553471787664723,0.22013845466472315
409,1,0.0,0.0,0.0
410,1,0.0,5.7374288006169465,5.7374288006169465
411,2,0.0,0.010402777593055556,0.010402777593055556
412,5,4.960000038,5.873330927355532,0.9133308893555316
413,3,5.25,6.0515213959784475,0.8015213959784475
414,1,0.0,0.0,0.0
415,1,0.0,0.005458333491666667,0.005458333491666667
416,2,5.099999905,5.315172291220835,0.2151723862208348
417,5,0.0,0.044236111111111115,0.044236111111111115
418,3,5.099999905,5.659970328371475,0.5599704233714755
419,5,0.0,0.0,0.0
420,2,0.0,0.07057539682539682,0.07057539682539682
421,3,5.5,5.551089340827903,0.05108934082790295
422,3,5.199999809,6.114055532314441,0.9140557233144406
423,4,5.099999905,5.828176059221869,0.7281761542218694
424,1,4.774999976,5.131136092083329,0.35613611608332896
425,3,0.0,0.0,0.0
426,1,0.0,0.07976851948750002,0.07976851948750002
427,1,4.900000095,5.742326881844386,0.842326786844386
428,1,0.0,0.11908332984999999,0.11908332984999999
429,1,0.0,0.0,0.0
430,3,0.0,0.0,0.0
431,2,4.800000191,5.1650445420157345,0.36504435101573485
432,3,5.800000191,4.801245410688707,0.9987547803112928
433,3,0.0,0.028833333649999997,0.028833333649999997
434,1,0.0,0.8771083096314171,0.8771083096314171
435,3,0.0,0.0,0.0
436,4,0.0,0.045105554901111115,0.045105554901111115
437,3,0.0,0.014722222222222223,0.014722222222222223
438,2,0.0,0.04922222190555556,0.04922222190555556
439,1,0.0,0.2365194396563889,0.2365194396563889
440,2,0.0,1.0273589683829498,1.0273589683829498
441,4,0.0,0.0,0.0
442,4,6.425000072,6.776776314959643,0.3517762429596436
443,3,5.650000095,5.974912753356593,0.32491265835659267
444,2,6.300000191,5.855396430692991,0.4446037603070083
445,3,0.0,0.0,0.0
446,4,0.0,0.008333333333333333,0.008333333333333333
447,2,7.199999809,6.228044946645398,0.9719548623546022
448,4,6.5,7.169564054849605,0.6695640548496051
449,2,5.900000095,5.756233370261726,0.14376672473827412
450,1,7.387499928,6.68309594230205,0.70440398569795
451,4,6.700000048,7.633843946802187,0.9338438988021869
452,3,0.0,0.5855833332409722,0.5855833332409722
453,2,7.433333238,6.344063256849751,1.0892699811502498
454,5,8.274999857,6.7673433603724,1.5076564966275994
455,1,0.0,0.3322055476030833,0.3322055476030833
456,2,0.0,0.33367727410344905,0.33367727410344905
457,1,0.0,0.13914444134833334,0.13914444134833334
458,5,8.0,5.7928100526361055,2.2071899473638945
459,4,7.0,7.7225554503867295,0.7225554503867295
460,2,0.0,0.015916666190833335,0.015916666190833335
461,1,0.0,0.05702777772472222,0.05702777772472222
462,2,0.0,6.460341305079043,6.460341305079043
463,3,0.0,0.0,0.0
464,4,8.400000095,6.8503338312967905,1.5496662637032088
465,1,0.0,0.0,0.0
466,5,8.600000381,4.108806253937709,4.491194127062291
467,2,0.0,0.005555555555555556,0.005555555555555556
468,1,0.0,0.17300832842299999,0.17300832842299999
469,1,0.0,0.0,0.0
470,4,0.0,0.0,0.0
471,3,0.0,0.0,0.0
472,1,0.0,0.0,0.0
473,1,0.0,0.027341666380916667,0.027341666380916667
474,2,0.0,0.0,0.0
475,4,0.0,0.0,0.0
476,2,0.0,0.2605170601391428,0.2605170601391428
477,3,0.0,4.7086214409380345,4.7086214409380345
478,3,5.149999857,5.278828275629202,0.1288284186292019
479,3,0.0,0.5526984137178371,0.5526984137178371
480,2,5.300000191,4.984065541973174,0.31593464902682555
481,5,0.0,0.8293248021750873,0.8293248021750873
482,5,4.900000095,5.326227935472143,0.42622784047214246
483,1,5.0,5.037036609319432,0.03703660931943187
484,1,5.0,0.0167361106475,4.9832638893525
485,2,0.0,0.01902777757986111,0.01902777757986111
486,2,0.0,0.017599206349206347,0.017599206349206347
487,1,5.400000095,5.252063561687322,0.1479365333126781
488,5,0.0,0.1630416670120834,0.1630416670120834
489,4,0.0,0.028472222222222225,0.028472222222222225
490,3,0.0,0.23450000005361113,0.23450000005361113
491,3,9.100000381,4.180437283827357,4.9195630971726425
492,4,0.0,0.20415277837083332,0.20415277837083332
493,1,0.0,0.0,0.0
494,3,0.0,0.8899888881997225,0.8899888881997225
495,3,6.625,6.433205079255545,0.1917949207444547
496,2,7.25,5.947680877130088,1.3023191228699122
497,4,0.0,0.1008888880341667,0.1008888880341667
498,4,0.0,0.006944444444444445,0.006944444444444445
499,2,0.0,0.02571031714281746,0.02571031714281746
500,1,8.0,6.899444078371369,1.1005559216286311
501,3,0.0,0.022916666666666665,0.022916666666666665
502,5,4.25,4.406164191565466,0.15616419156546613
503,3,4.585365912,5.329340656454357,0.7439747444543565
504,5,0.0,1.5261221674317316,1.5261221674317316
505,3,4.426666636,4.627911908674956,0.20124527267495562
506,3,4.671171175,4.829297222393172,0.15812604739317226
507,3,4.293750033,4.828651305402905,0.5349012724029052
508,4,4.236666648,4.402516003551177,0.16584935555117664
509,2,4.239285725,4.645703016966257,0.40641729196625676
510,1,4.85000002,4.942351630293009,0.09235161029300887
511,2,0.0,0.14046110954930557,0.14046110954930557
512,5,4.800000191,4.4250819245925515,0.3749182664074482
513,2,4.539732161,4.898748107499612,0.3590159464996123
514,5,5.049999952,4.685023965161884,0.3649759868381164
515,3,4.800000191,5.261840873070244,0.4618406820702443
516,2,0.0,0.16729444192763893,0.16729444192763893
517,4,4.932911372,5.089570734389418,0.15665936238941747
518,1,5.099999971,4.912518236272583,0.1874817347274167
519,3,5.199999809,5.307420302732083,0.10742049373208307
520,2,5.150000095,5.005943743371613,0.14405635162838681
521,4,5.099999905,6.146615515105895,1.0466156101058957
522,4,5.136842117,5.365269583271884,0.22842746627188415
523,5,5.149999857,5.073891378804455,0.076108478195545
524,2,5.225000024,5.414457688246503,0.18945766424650312
525,5,4.931250006,5.042036262118398,0.11078625611839765
526,5,4.950000048,5.462943754573768,0.5129437065737683
527,2,4.813333321,5.438686368974694,0.625353047974694
528,3,6.099999905,6.445212956465693,0.34521305146569325
529,5,6.637499958,5.1989537423912155,1.4385462156087847
530,2,5.560000038,5.264061734029851,0.2959383039701491
531,4,0.0,0.41248055356733354,0.41248055356733354
532,1,5.5,5.460663967933874,0.039336032066126236
533,1,0.0,0.09886177443920637,0.09886177443920637
534,3,5.725000083,5.156310204699756,0.5686898783002441
535,2,5.208333294,5.677852742021617,0.46951944802161716
536,5,0.0,0.07941666549944446,0.07941666549944446
537,5,5.599999905,5.594204996503818,0.0057949084961821384
538,1,3.985714282,4.154261550827261,0.16854726882726112
539,5,4.0,4.399752338205758,0.39975233820575795
540,2,3.799999952,5.749651154008318,1.9496512020083183
541,4,4.1253731,4.200926278171728,0.07555317817172824
542,1,4.199999809,5.652344704039573,1.4523448950395723
543,1,4.199999809,4.899030140693365,0.6990303316933648
544,3,4.440000021,4.8553903243865735,0.4153903033865731
545,5,4.56521736,4.928325315039939,0.363107955039939
546,3,3.604999995,4.807983433566895,1.2029834385668954
547,3,4.666666667,6.070266108746499,1.4035994417464988
548,3,3.893939379,4.255801289808633,0.36186191080863317
549,2,3.686956509,4.3262046914018875,0.6392481824018876
550,2,0.0,0.34396190383524217,0.34396190383524217
551,3,3.533333302,5.614058172263075,2.080724870263075
552,5,7.800000191,0.9184685063003294,6.88153168469967
553,3,0.0,1.2670539922208035,1.2670539922208035
554,1,0.0,2.707111775799041,2.707111775799041
555,3,0.0,1.4382032282052295,1.4382032282052295
556,5,0.0,0.43978174180625007,0.43978174180625007
557,4,0.0,0.031200000763999997,0.031200000763999997
558,3,0.0,0.2281500055867501,0.2281500055867501
559,5,0.0,0.0,0.0
560,5,0.0,0.0,0.0
561,2,7.199999809,5.208959221491892,1.9910405875081088
562,1,0.0,0.7476585362292435,0.7476585362292435
563,1,8.199999809,4.38382155794468,3.8161782510553195
564,2,7.5,6.188238341046653,1.3117616589533467
565,1,0.0,1.029539088607271,1.029539088607271
566,3,0.0,7.504206241175269,7.504206241175269
567,2,0.0,0.9788611227629856,0.9788611227629856
568,2,0.0,0.20891428662844055,0.20891428662844055
569,5,8.800000191,7.8521084035675,0.9478917874325008
570,4,7.699999809,0.32465734000825597,7.375342468991745
571,5,0.0,2.5433870274449166,2.5433870274449166
572,4,0.0,0.012055555184166667,0.012055555184166667
573,1,8.899999619,6.438393592944447,2.461606026055554
574,5,8.300000191,7.866896533165386,0.43310365783461435
575,5,7.900000095,7.8229457797450825,0.07705431525491768
576,1,0.0,0.0,0.0
577,1,0.0,0.0,0.0
578,1,8.300000191,8.066981339495834,0.23301885150416624
579,3,0.0,2.4814654564501577,2.4814654564501577
580,5,8.172727325,7.756519605979668,0.41620771902033216
581,4,8.546428612,7.87074557590994,0.6756830360900601
582,1,8.005882403,7.989447451092946,0.01643495190705302
583,5,8.800000191,7.849906222937602,0.9500939680623981
584,4,7.5,7.592418882104474,0.09241888210447424
585,3,7.576543184,7.586883203573334,0.010340019573333414
586,1,7.425000072,7.910461833333188,0.4854617613331884
587,4,8.425000032,7.73342621341472,0.6915738185852796
588,3,7.199999968,7.775108750764651,0.5751087827646506
589,3,7.170408192,7.045771553307603,0.12463663869239738
590,1,5.85362319,6.484003983883911,0.6303807938839103
591,2,8.933333185,6.766131011052085,2.1672021739479153
592,1,7.611728424,6.50442694182931,1.1073014821706897
593,5,6.232075484,6.443611481866437,0.21153599786643706
594,2,7.0,6.796162684109097,0.20383731589090281
595,3,6.065160084,6.775132304438193,0.7099722204381926
596,4,6.800826459,6.822098852445838,0.02127239344583831
597,4,6.406896575,7.112185586069196,0.7052890110691958
598,3,7.213636333,7.042823899053579,0.17081243394642076
599,3,6.822500038,6.728828467447337,0.0936715705526634
600,5,7.462500036,7.232976869585865,0.2295231664141344
601,2,6.677358501,6.765748255453852,0.08838975445385255
602,4,7.018181844,7.364803934604985,0.34662209060498483
603,2,8.473333454,7.357922160425622,1.115411293574378
604,2,7.662962984,7.180369397271077,0.48259358672892283
605,2,0.0,0.013902777432916666,0.013902777432916666
606,5,8.274999956,7.369659539786921,0.9053404162130789
607,3,8.199999809,7.016192697125043,1.1838071118749562
608,1,6.321301762,6.344764721989979,0.02346295998997938
609,3,6.207988977,6.320195128390594,0.11220615139059387
610,4,0.0,0.1120319438672361,0.1120319438672361
611,1,6.616666595,6.612047576763088,0.004619018236911465
612,4,6.099999905,0.46647024722951547,5.6335296577704845
613,1,6.100000143,6.578914656764991,0.47891451376499106
614,5,6.099999905,6.276941560158791,0.17694165515879146
615,4,5.940000057,6.438556919408419,0.4985568624084191
616,3,5.900000095,6.727277423912585,0.8272773289125848
617,2,0.0,0.6030876867421074,0.6030876867421074
618,2,6.900000095,7.001097161435326,0.1010970664353259
619,5,0.0,1.2720336221982749,1.2720336221982749
620,2,5.980000019,6.852409925319031,0.8724099063190307
621,1,6.704477595,6.181698914266694,0.5227786807333059
622,3,6.397297344,6.485960611606207,0.08866326760620691
623,2,0.0,0.5060432438423017,0.5060432438423017
624,1,6.599999905,6.955073638852605,0.3550737338526053
625,2,6.039230761,6.253633837771322,0.21440307677132253
626,3,0.0,1.7255783621490643,1.7255783621490643
627,4,5.868571418,6.609993611033273,0.741422193033273
628,4,5.903636369,6.491992649647048,0.5883562806470479
629,5,0.0,0.004416666825833333,0.004416666825833333
630,5,0.0,0.11542499740558336,0.11542499740558336
631,4,0.0,0.0064166665075,0.0064166665075
632,5,8.25,7.438063839501609,0.8119361604983908
633,1,7.760000038,7.70457859349974,0.05542144450026054
634,5,7.900000095,7.372619499369583,0.527380595630417
635,5,7.900000095,7.044909886424366,0.8550902085756338
636,4,7.5,7.468967953511121,0.03103204648887914
637,2,0.0,0.006999999682500001,0.006999999682500001
638,5,0.0,0.5005805459343099,0.5005805459343099
639,2,8.0,7.360508113026811,0.6394918869731887
640,3,0.0,0.41045000022108324,0.41045000022108324
641,3,0.0,6.703053777480485,6.703053777480485
642,3,0.0,0.642850001220861,0.642850001220861
643,3,7.699999809,0.6848027837093884,7.015197025290612
644,4,7.300000191,7.5657323496937385,0.2657321586937389
645,5,0.0,0.3867740002237026,0.3867740002237026
646,4,0.0,0.5269571387493415,0.5269571387493415
647,1,0.0,0.21433769411944448,0.21433769411944448
648,2,0.0,0.0,0.0
649,4,0.0,0.0,0.0
650,4,8.199999809,5.908187734012209,2.2918120749877904
651,1,0.0,0.3202486106287222,0.3202486106287222
652,3,0.0,0.3469412703946389,0.3469412703946389
653,1,7.639999986,7.231369018362475,0.40863096763752527
654,3,6.564705877,7.393618430587834,0.8289125535878341
655,2,7.242857184,7.116948068228978,0.12590911577102215
656,3,6.960000038,7.355964415093898,0.39596437709389765
657,3,6.920000076,7.296771045550113,0.3767709695501127
658,4,0.0,0.060666666825833326,0.060666666825833326
659,5,0.0,0.4984503869327859,0.4984503869327859
660,4,0.0,0.8552603066901069,0.8552603066901069
661,5,0.0,0.12740277714055556,0.12740277714055556
662,3,7.199999809,7.055348319135254,0.14465148986474663
663,5,7.5,5.3231711608910315,2.1768288391089685
664,2,0.0,0.0,0.0
665,3,8.213333257,7.290561851179424,0.9227714058205763
666,5,0.0,0.015625,0.015625
667,5,7.300000191,7.352377376232577,0.05237718523257762
668,1,0.0,0.2304710261390702,0.2304710261390702
669,4,0.0,0.026930555237222223,0.026930555237222223
670,4,0.0,1.6111093465682005,1.6111093465682005
671,5,0.0,0.015625,0.015625
672,3,0.0,0.07257500020583334,0.07257500020583334
673,1,0.0,0.10239583333333334,0.10239583333333334
674,4,7.400000095,6.474643492951114,0.9253566020488861
675,2,0.0,0.07913888692583335,0.07913888692583335
676,1,7.300000191,7.272933670868827,0.02706652013117239
677,3,7.599999905,7.246739949465066,0.3532599555349334
678,3,7.450000048,7.533929639713791,0.08392959171379122
679,4,0.0,0.12569444417916667,0.12569444417916667
680,4,0.0,7.963021750069084,7.963021750069084
681,3,7.300000191,7.440393596045219,0.14039340504521913
682,2,7.5,0.09438888761555558,7.405611112384444
683,1,0.0,0.01875,0.01875
684,3,0.0,7.658103192713913,7.658103192713913
685,4,6.50737703,6.347909217792487,0.15946781220751305
686,5,6.247899152,6.380276960222615,0.13237780822261502
687,4,6.395604396,6.397866514511444,0.0022621185114433118
688,5,6.549999969,6.443941699445149,0.10605826955485131
689,5,0.0,0.1958138849461944,0.1958138849461944
690,4,0.0,0.2136587280705787,0.2136587280705787
691,3,0.0,0.1981749983140278,0.1981749983140278
692,4,0.0,0.0125,0.0125
693,3,7.5,7.39811679599735,0.10188320400265027
694,1,6.910000038,6.882394273256362,0.02760576474363763
695,4,7.523076938,8.827398208765638,1.3043212707656382
696,1,7.311764661,6.910092705581357,0.4016719554186432
697,4,0.0,0.0125,0.0125
698,5,7.099999984,6.239502718879619,0.8604972651203813
699,5,8.5,7.076718928063911,1.4232810719360893
700,1,6.977777746,7.584681692276984,0.6069039462769839
701,2,6.900000095,8.087110414616278,1.187110319616278
702,3,0.0,1.0693369052599602,1.0693369052599602
703,5,6.699999809,6.748845044720567,0.04884523572056665
704,1,0.0,0.8854039682964128,0.8854039682964128
705,2,6.350000143,7.07570218022506,0.7257020372250604
706,3,6.800000191,6.971485614284575,0.17148542328457506
707,5,0.0,0.05449444383933333,0.05449444383933333
708,1,6.121428541,6.770345472681887,0.648916931681887
709,3,6.400000095,6.647392434690122,0.24739233969012187
710,1,0.0,0.29041527781163895,0.29041527781163895
711,2,0.0,0.1786111103759127,0.1786111103759127
712,2,0.0,0.009624999761250001,0.009624999761250001
713,1,6.399999857,6.688363414761724,0.2883635577617243
714,2,0.0,0.034013887644861115,0.034013887644861115
715,2,0.0,0.5342139012322638,0.5342139012322638
716,5,6.75,6.66497224875249,0.08502775124750972
717,5,0.0,0.10380555351458334,0.10380555351458334
718,2,7.199999809,8.791899111109265,1.5918993021092644
719,4,0.0,1.8895627728564266,1.8895627728564266
720,1,0.0,0.0,0.0
721,4,0.0,0.0,0.0
722,3,6.586339377,6.714345338827717,0.12800596182771695
723,3,5.927474391,6.764264040710091,0.8367896497100915
724,1,7.559999943,7.4385118279486,0.12148811505139978
725,3,5.821846847,6.721353756015986,0.8995069090159866
726,5,6.266460272,7.751232362128847,1.484772090128847
727,4,0.0,0.7465156648964869,0.7465156648964869
728,5,6.243191193,6.323009450889466,0.07981825788946573
729,3,6.709894745,6.6531525599062284,0.05674218509377127
730,2,5.899864679,6.346020009412359,0.4461553304123589
731,3,5.861725076,6.180124086682241,0.3183990106822412
732,4,6.931234372,6.2761270088795476,0.655107363120452
733,1,6.233562825,6.549902470342795,0.31633964534279535
734,3,5.773130183,6.565842997801795,0.7927128148017948
735,2,6.800000191,6.695869780951774,0.10413041004822521
736,1,0.0,0.9398920598066866,0.9398920598066866
737,3,0.0,0.2311583338590278,0.2311583338590278
738,2,6.900000095,6.670605947917414,0.2293941470825862
739,3,6.699999809,6.701184906285394,0.0011850972853935104
740,1,6.519999981,6.674457837029135,0.15445785602913542
741,1,6.5,6.761823676091357,0.2618236760913568
742,2,6.400000095,6.758901268666559,0.3589011736665588
743,2,6.299999905,6.866982825416059,0.5669829204160592
744,1,6.400000095,6.70096058862384,0.3009604936238395
745,2,6.5,0.019249999522500002,6.4807500004775
746,3,0.0,1.2808404794887254,1.2808404794887254
747,1,6.400000095,6.705077413767503,0.3050773187675029
748,2,0.0,0.1479972237843294,0.1479972237843294
749,1,6.475000024,6.789934058783194,0.31493403478319415
750,2,6.850000143,6.529478390216976,0.32052175278302375
751,3,0.0,0.1044944435525,0.1044944435525
752,2,0.0,0.17691658259672619,0.17691658259672619
753,3,7.199999809,6.984155359842237,0.21584444915776313
754,2,6.599999905,6.798963841656714,0.19896393665671397
755,3,6.400000095,7.161142595992595,0.7611425009925945
756,1,6.966666659,6.883498445767675,0.0831682132323257
757,3,0.0,0.02347222222222222,0.02347222222222222
758,1,0.0,0.09846944365147223,0.09846944365147223
759,3,0.0,0.017638888888888888,0.017638888888888888
760,5,7.400000095,6.354170343180213,1.0458297518197872
761,1,6.950000048,6.9407102337081295,0.009289814291870258
762,4,0.0,0.08012500021222223,0.08012500021222223
763,2,0.0,0.18184614888088454,0.18184614888088454
764,1,7.220930255,6.515973549380257,0.7049567056197432
765,1,7.0,6.842920531076479,0.15707946892352087
766,2,6.398813555,6.361449426989088,0.03736412801091227
767,5,0.0,1.3827828222973475,1.3827828222973475
768,5,8.133333297,7.198852740143081,0.9344805568569194
769,5,9.300000191,7.597071227254643,1.7029289637453573
770,5,7.400000095,7.169809150038321,0.23019094496167902
771,4,0.0,0.36342607176251673,0.36342607176251673
772,1,0.0,0.009027777777777777,0.009027777777777777
773,3,0.0,0.016288888825222222,0.016288888825222222
774,1,7.049999952,6.875731315215101,0.17426863678489912
775,5,7.970000029,7.550605682003857,0.4193943469961434
776,4,7.16470595,7.036494423094952,0.1282115269050479
777,1,8.800000191,7.69289781544093,1.1071023755590703
778,5,0.0,0.5108013597859534,0.5108013597859534
779,3,0.0,0.0,0.0
780,4,6.400000095,6.688134556746594,0.2881344617465942
781,4,0.0,1.3476499853703898,1.3476499853703898
782,2,0.0,0.0039166665075,0.0039166665075
783,3,0.0,0.7259385533375852,0.7259385533375852
784,5,0.0,1.014580930264465,1.014580930264465
785,4,5.776923106,6.387361631535459,0.610438525535459
786,3,5.572222206,6.046280054488997,0.47405784848899657
787,3,0.0,0.003125,0.003125
788,2,0.0,0.1646085792648583,0.1646085792648583
789,2,5.900000095,6.685443161863533,0.7854430668635324
790,3,5.693750006,5.99742161640812,0.3036716104081201
791,5,5.625,6.128119242009706,0.5031192420097064
792,2,0.0,0.09399999804055557,0.09399999804055557
793,5,5.656410242,6.077772261137173,0.42136201913717297
794,2,5.952380975,5.8730333835650805,0.0793475914349191
795,1,5.720202027,6.008393588330482,0.28819156133048196
796,1,6.18750003,6.3850580289288175,0.19755799892881765
797,3,6.033333302,9.318791642323863,3.2854583403238626
798,3,6.710000038,6.382155268198101,0.32784476980189936
799,1,5.800000191,6.660303179014875,0.8603029880148751
800,3,0.0,0.2726888904042223,0.2726888904042223
801,2,5.904545481,6.282084450419825,0.3775389694198248
802,4,5.66428566,6.036970609606139,0.37268494960613907
803,2,6.599999905,6.674773966620378,0.07477406162037781
804,5,6.900000095,6.400411257718613,0.4995888372813875
805,3,0.0,0.005416666666666667,0.005416666666666667
806,5,0.0,1.602323252238689,1.602323252238689
807,3,6.804000034,6.325819502258452,0.4781805317415486
808,3,0.0,0.41093055481666657,0.41093055481666657
809,2,6.0,6.459273227805074,0.45927322780507396
810,2,6.074285712,5.888984967844431,0.18530074415556896
811,1,0.0,0.9115472012712026,0.9115472012712026
812,1,0.0,0.03549999932458334,0.03549999932458334
813,3,4.825000048,5.01015597840881,0.1851559304088104
814,5,4.900000095,5.110414636693704,0.21041454169370422
815,3,5.0,5.018182441145672,0.018182441145672357
816,4,4.900000095,5.008877445044321,0.1088773500443212
817,3,4.900000095,5.236870884706108,0.33687078970610784
818,2,4.833333492,4.957463692761132,0.12413020076113135
819,1,0.0,0.023499999046666668,0.023499999046666668
820,2,5.099999905,5.520221396950078,0.42022149195007863
821,2,0.0,0.01845833261916667,0.01845833261916667
822,5,0.0,0.2779447569848214,0.2779447569848214
823,5,0.0,0.0,0.0
824,5,5.800000191,6.374270407777288,0.574270216777288
825,5,5.099999905,6.471420684631845,1.371420779631845
826,4,5.300000191,5.43890942635011,0.13890923535011002
827,5,5.0,5.477038363082768,0.4770383630827677
828,1,5.300000191,6.481261985744513,1.181261794744513
829,3,0.0,0.037616666080833326,0.037616666080833326
830,5,0.0,0.008555555343333333,0.008555555343333333
831,2,0.0,0.030980076685138892,0.030980076685138892
832,5,5.0,5.04204685814538,0.04204685814537967
833,1,5.599999905,5.6818291316397165,0.0818292266397167
834,2,0.0,0.0,0.0
835,3,0.0,0.022366666318333336,0.022366666318333336
836,2,0.0,0.0,0.0
837,2,0.0,0.010166666508333333,0.010166666508333333
838,3,0.0,0.0,0.0
839,1,5.400000095,5.089985227495834,0.31001486750416607
840,3,0.0,0.053888888759444434,0.053888888759444434
841,2,5.900000095,4.968048086684661,0.9319520083153394
842,2,5.099999905,5.433625209775918,0.3336253047759179
843,3,0.0,0.030680555305694444,0.030680555305694444
844,4,0.0,0.04799999820083334,0.04799999820083334
845,5,5.800000191,4.982365919389948,0.8176342716100518
846,5,5.199999809,5.084664710245242,0.11533509875475811
847,2,4.900000095,5.045685066647774,0.14568497164777394
848,4,0.0,0.0,0.0
849,3,0.0,0.00858333349225,0.00858333349225
850,1,6.400000095,4.786437805406001,1.6135622895939994
851,5,4.940000057,5.0111895000078475,0.07118944300784769
852,1,5.354545377,5.380996897894494,0.02645152089449443
853,5,4.900000095,5.062866727687733,0.1628666326877326
854,5,5.24999994,5.1115076646798325,0.13849227532016783
855,4,5.099999905,5.331106651058403,0.2311067460584031
856,1,0.0,0.09349999785291668,0.09349999785291668
857,4,5.800000191,5.8330652624532355,0.033065071453235895
858,2,5.543749988,5.466103452278881,0.07764653572111868
859,4,5.174576234,5.339063946427036,0.16448771242703586
860,5,5.518367359,5.359327048289166,0.15904031071083402
861,4,5.937931011,5.218385061307127,0.7195459496928729
862,1,5.451612919,5.7244604930685155,0.2728475740685159
863,5,6.073333327,5.296493535615736,0.7768397913842646
864,3,5.166666667,5.371017153065825,0.20435048606582473
865,3,5.5,6.5595739156573565,1.0595739156573565
866,1,5.799999952,6.728412610736609,0.928412658736609
867,4,5.162499964,4.9040090256876,0.25849093831240033
868,1,4.714999998,5.084657243592318,0.36965724559231816
869,4,5.066666762,5.93168249271574,0.86501573071574
870,4,4.946575348,5.025660342645107,0.07908499464510754
871,2,5.356338014,5.583751762580229,0.22741374858022834
872,2,5.016363621,5.467099572776302,0.4507359517763021
873,3,0.0,0.019586111467138886,0.019586111467138886
874,4,4.989215679,5.361086397176342,0.3718707181763419
875,3,5.439138817,5.4485991233330555,0.009460306333055613
876,5,0.0,0.6162878359615993,0.6162878359615993
877,3,5.217083783,5.3645051844741465,0.14742140147414684
878,5,6.199999809,1.8847368159243623,4.315262993075638
879,1,5.667588937,6.019641778642353,0.3520528416423536
880,3,7.216757671,5.270920905688971,1.9458367653110287
881,2,5.933333397,5.842855828158485,0.09047756884151514
882,4,4.633333365,5.667227918932207,1.0338945539322069
883,1,4.104761907,5.678668594898451,1.5739066878984511
884,4,4.75,5.510312569896016,0.7603125698960156
885,2,4.816666722,4.503743100741484,0.31292362125851625
886,4,4.5,5.481512031736681,0.9815120317366812
887,4,4.728571483,5.272357920009884,0.5437864370098842
888,4,3.806666676,5.110539919970672,1.3038732439706724
889,3,4.236956529,4.639869809370498,0.40291328037049734
890,4,3.950000048,8.50647632424092,4.55647627624092
891,5,0.0,7.0535688853975715,7.0535688853975715
892,5,4.193478294,5.8117210815689315,1.6182427875689314
893,3,4.305000043,4.961357219933066,0.6563571769330663
894,5,4.674193551,5.794897240895945,1.1207036898959446
895,1,3.99565222,5.537394711873137,1.541742491873137
896,3,0.0,0.311580561629736,0.311580561629736
897,4,3.799999952,5.877266317005554,2.077266365005554
898,1,4.742857184,5.924929926528413,1.1820727425284128
899,5,0.0,0.0,0.0
900,1,4.956310705,5.928024340184485,0.9717136351844848
901,3,5.300000191,5.529414144927802,0.22941395392780262
902,1,4.993478288,6.127609678176079,1.134131390176079
903,4,4.981818214,6.6784767334939845,1.696658519493985
904,3,4.699999809,1.3440611533317037,3.3559386556682966
905,4,5.16315784,5.225189682476464,0.06203184247646387
906,2,0.0,0.10260507340916669,0.10260507340916669
907,3,5.08888891,5.664457086771455,0.5755681767714558
908,1,5.093975894,5.710750137561962,0.6167742435619621
909,2,4.730769258,4.9965413206271565,0.2657720626271569
910,4,7.844444487,7.6628936728602595,0.18155081413974017
911,3,8.015384711,7.965832538586622,0.04955217241337717
912,4,8.100000381,8.143552072474032,0.043551691474032594
913,4,9.200000286,6.86379305625459,2.33620722974541
914,1,9.0,7.082573779431203,1.9174262205687969
915,4,8.360000038,8.234909656066701,0.12509038193329935
916,2,8.199999942,7.457889622916811,0.7421103190831886
917,5,8.133333524,8.17457348639713,0.041239962397130014
918,5,8.233333333,8.016969104819525,0.21636422818047407
919,4,8.499999894,8.107019920268536,0.39297997373146387
920,5,9.199999809,8.354835129983126,0.8451646790168734
921,1,0.0,0.2066722227424722,0.2066722227424722
922,5,0.0,0.01354166626875,0.01354166626875
923,4,8.453658523,7.611279017352308,0.8423795056476919
924,5,8.123529322,7.999996549976425,0.12353277202357482
925,3,8.600000064,7.322487196207988,1.2775128677920113
926,3,8.435789515,7.604153429031597,0.8316360859684027
927,1,8.000000106,5.49138355902352,2.50861654697648
928,5,0.0,0.013527777195000004,0.013527777195000004
929,4,7.575000167,7.558481397255047,0.0165187697449527
930,1,7.599999905,7.91560822660738,0.31560832160737995
931,3,0.0,0.21380753682688497,0.21380753682688497
932,1,0.0,0.030527776746388888,0.030527776746388888
933,5,7.550000191,7.600927829084597,0.050927638084597326
934,2,6.950000048,7.524080924055029,0.5740808760550289
935,4,0.0,0.011444444656333335,0.011444444656333335
936,5,9.399999619,8.586004558735006,0.813995060264995
937,1,0.0,0.006888888676666667,0.006888888676666667
938,3,7.300000191,7.7441572016431,0.4441570106431003
939,4,0.0,0.0,0.0
940,2,9.0,8.314276987466354,0.6857230125336464
941,4,0.0,0.7013011915165752,0.7013011915165752
942,3,8.699999809,8.705274821640238,0.00527501264023833
943,5,7.850000143,8.191917312386668,0.34191716938666783
944,4,9.199999809,8.387775671115042,0.8122241378849573
945,2,0.0,0.40776667665172206,0.40776667665172206
946,4,0.0,0.24213729738496426,0.24213729738496426
947,2,9.300000191,8.823490287847402,0.4765099031525981
948,4,0.0,0.0,0.0
949,3,8.5,8.839863323086174,0.33986332308617406
950,5,8.199999809,7.699275515271541,0.5007242937284584
951,5,0.0,0.0,0.0
952,1,0.0,0.035319445266805555,0.035319445266805555
953,5,0.0,0.011444444656333335,0.011444444656333335
954,5,0.0,0.011444444656333335,0.011444444656333335
955,5,8.600000381,7.7497403665923414,0.8502600144076577
956,5,0.0,0.4418527734219168,0.4418527734219168
957,2,0.0,0.0,0.0
958,1,0.0,0.036055554021111116,0.036055554021111116
959,5,8.399999619,8.099365630104042,0.3006339888959584
960,1,8.040000153,7.751284425784955,0.28871572721504446
961,3,0.0,0.0076249998812499995,0.0076249998812499995
962,3,0.0,0.00858333349225,0.00858333349225
963,5,0.0,0.03142452116736111,0.03142452116736111
964,2,0.0,0.03308333185125,0.03308333185125
965,2,9.600000381,10.179018858219644,0.5790184772196447
966,5,0.0,0.0,0.0
967,1,8.300000191,7.902630290386053,0.3973699006139473
968,5,0.0,0.009624999761250001,0.009624999761250001
969,3,0.0,0.0076249998812499995,0.0076249998812499995
970,1,0.0,0.468366678694555,0.468366678694555
971,1,7.972500026,8.339123658725534,0.3666236327255339
972,4,0.0,0.06925277977797223,0.06925277977797223
973,2,7.804999971,7.57147671038333,0.2335232606166704
974,5,9.058108124,8.222915050350249,0.8351930736497515
975,4,9.418181853,10.284121355483228,0.8659395024832275
976,1,9.319767442,8.607890585337717,0.7118768566622826
977,3,8.600000381,8.296638380663643,0.30336200033635663
978,3,7.5,8.109098706758868,0.6090987067588678
979,1,8.146511599,8.645930982974965,0.4994193839749652
980,5,7.461538498,8.131282985343944,0.6697444873439435
981,2,9.807142844,8.667042306069494,1.1401005379305058
982,3,9.449541271,7.408960057215697,2.0405812137843027
983,4,7.569148967,7.921283883975389,0.35213491697538846
984,5,8.840217414,9.722589002667526,0.8823715886675263
985,3,8.337007887,8.19105744547783,0.14595044152217085
986,5,6.655907166,7.499718489379961,0.8438113233799607
987,5,7.892857109,9.075570208774769,1.1827130997747686
988,5,7.341176426,8.407144533027994,1.0659681070279943
989,4,8.384999967,7.535665843945892,0.8493341230541089
990,4,9.059210583,7.7676166985119695,1.291593884488031
991,4,8.810181829,7.369826483303239,1.4403553456967604
992,4,8.191304248,7.905496871235856,0.2858073767641436
993,1,8.966666857,7.022345874937511,1.9443209820624885
994,2,8.992134844,8.660240322137348,0.3318945218626528
995,5,0.0,2.054200636282584,2.054200636282584
996,3,4.746178014,5.863263171673279,1.1170851576732792
997,3,4.606443305,5.528494781330424,0.9220514763304237
998,3,5.084654473,5.805725429032421,0.7210709560324213
999,4,5.140552013,6.218650145924354,1.078098132924354
1000,5,4.62589207,5.166624787934699,0.5407327179346995
1001,3,0.0,0.7861148075972973,0.7861148075972973
1002,1,0.0,1.4300003575250901,1.4300003575250901
1003,3,5.252590088,5.976759692782849,0.7241696047828494
1004,3,5.96124031,6.752173688805775,0.7909333788057751
1005,2,7.259999943,7.306593096823419,0.046593153823418554
1006,1,7.008655626,6.025366206195426,0.9832894198045743
1007,5,8.699999809,8.17122309787513,0.5287767111248698
1008,4,6.395021096,6.229350166587333,0.16567092941266637
1009,2,0.0,0.03548611064874999,0.03548611064874999
1010,1,0.0,0.16683332973166667,0.16683332973166667
1011,1,5.240407961,5.674463561151336,0.4340556001513365
1012,5,4.994124119,5.411703883085817,0.41757976408581676
1013,4,0.0,0.38998967688585734,0.38998967688585734
1014,4,8.699999809,8.13547607431685,0.5645237346831493
1015,5,7.649999857,7.885592516998664,0.2355926599986642
1016,5,8.026315764,7.403389146879236,0.6229266171207639
1017,2,4.459107901,5.512083357381043,1.0529754563810423
1018,2,7.665296788,6.5847520157416914,1.0805447722583086
1019,4,6.653497953,7.060133091020276,0.4066351380202766
1020,2,0.0,0.00904166678625,0.00904166678625
1021,5,4.549999952,4.998857368964296,0.4488574169642954
1022,1,0.0,0.3027000043772499,0.3027000043772499
1023,2,4.699999809,5.809175253616052,1.109175444616052
1024,3,0.0,0.0,0.0
1025,2,0.0,0.03969444440486111,0.03969444440486111
1026,2,0.0,0.056799998431250005,0.056799998431250005
1027,3,0.0,0.8996742148510035,0.8996742148510035
1028,5,4.850000143,5.067354147681217,0.21735400468121746
1029,4,5.0,4.758644718692491,0.24135528130750927
1030,3,0.0,0.10675833584747224,0.10675833584747224
1031,2,4.900000095,4.944589257015011,0.04458916201501051
1032,3,0.0,0.31875833646891677,0.31875833646891677
1033,3,4.625,4.87559233778838,0.25059233778837964
1034,2,4.460000038,4.962726462925993,0.5027264249259922
1035,1,0.0,0.027013888888888886,0.027013888888888886
1036,4,0.0,0.028910820277777773,0.028910820277777773
1037,4,5.300000191,5.201676340713058,0.0983238502869419
1038,2,5.199999809,4.907943894112047,0.29205591488795335
1039,1,0.0,0.11286111036916666,0.11286111036916666
1040,5,0.0,0.1345131698401389,0.1345131698401389
1041,1,0.0,0.4115833456156941,0.4115833456156941
1042,1,5.0,5.171076657760863,0.1710766577608629
1043,1,5.199999809,4.82247048042024,0.37752932857976074
1044,2,5.549999952,5.182437409998161,0.36756254200183935
1045,5,5.091999969,5.28270230012888,0.1907023311288807
1046,2,5.133333206,5.1710962296416625,0.03776302364166284
1047,1,4.800000032,5.307177214846326,0.5071771828463261
1048,5,5.08571434,4.989537313576005,0.0961770264239954
1049,3,5.564285789,4.9962789513338715,0.5680068376661289
1050,5,5.399999936,5.064267724129888,0.3357322118701127
1051,4,4.699999809,5.362033235477086,0.6620334264770857
1052,2,5.388679234,4.943851686015776,0.4448275479842234
1053,1,4.950000048,5.301385983085478,0.351385935085478
1054,4,5.331428541,5.440819127769946,0.10939058676994584
1055,2,5.847058773,5.1273828025968475,0.7196759704031521
1056,1,5.522857148,5.237081039362526,0.2857761086374744
1057,2,5.232499999,5.234759817403197,0.0022598184031972224
1058,5,4.976923062,5.158793508356507,0.1818704463565073
1059,5,5.180769242,5.139786281509765,0.04098296049023542
1060,5,4.966666698,4.944945108771501,0.021721589228499205
1061,1,4.649999857,4.94582543410084,0.2958255771008398
1062,5,4.75000006,5.438750904680299,0.6887508446802997
1063,5,4.887499988,5.650218170273638,0.7627181822736375
1064,2,4.966666698,4.872009306424027,0.0946573915759732
1065,5,5.174193536,5.209030760921069,0.03483722492106889
1066,5,0.0,0.04075042971245833,0.04075042971245833
1067,4,4.826666641,5.948558809576681,1.1218921685766805
1068,1,0.0,0.023791667223749997,0.023791667223749997
1069,5,0.0,0.2445146899853809,0.2445146899853809
1070,3,0.0,0.8156750208181097,0.8156750208181097
1071,1,0.0,0.07581111251372223,0.07581111251372223
1072,5,4.699999809,5.526981607289976,0.8269817982899754
1073,3,0.0,0.3683916715032221,0.3683916715032221
1074,3,4.900000095,7.479109626158848,2.5791095311588474
1075,2,5.300000191,0.059869443526111114,5.240130747473889
1076,2,4.75,4.977023082823677,0.22702308282367678
1077,5,0.0,0.5885218358270511,0.5885218358270511
1078,1,5.199999968,4.98088173416361,0.21911823383639017
1079,3,0.0,0.2576055613691111,0.2576055613691111
1080,4,4.887499928,6.04954362522975,1.1620436972297492
1081,5,4.699999809,5.3261040457965825,0.6261042367965821
1082,1,3.936363654,5.091303657578885,1.1549400035788846
1083,4,5.01428574,5.701271302431515,0.6869855624315147
1084,1,4.950000048,8.21800949684369,3.2680094488436904
1085,1,5.055555476,5.238520318518566,0.18296484251856526
1086,4,5.074999961,6.054922057963875,0.9799220969638753
1087,1,0.0,3.3501566278675137,3.3501566278675137
1088,4,8.199999809,7.750942361521197,0.4490574474788023
1089,4,7.400000095,7.523315180362503,0.12331508536250269
1090,1,8.71818187,7.094055314363146,1.6241265556368543
1091,1,8.100000381,7.376993123745903,0.7230072572540962
1092,2,7.44000001,7.027871374721348,0.41212863527865196
1093,4,5.900000095,7.014347756212916,1.114347661212916
1094,4,0.0,2.5077617354527146,2.5077617354527146
1095,2,5.81780822,5.69390337893326,0.12390484106674027
1096,4,6.150000095,6.90062066124454,0.7506205662445398
1097,2,6.261369624,5.803460275715688,0.4579093482843124
1098,5,4.96876112,5.200626743979163,0.23186562397916344
1099,3,5.439999992,5.747564913603165,0.3075649216031655
1100,5,6.576524392,5.338215703679419,1.238308688320581
1101,3,6.643416371,6.382271591064683,0.26114477993531704
1102,4,6.433910048,6.539153451887257,0.10524340388725673
1103,2,5.733818196,6.5692237126598005,0.8354055166598009
1104,4,5.139842716,9.500941741717265,4.361099025717264
1105,4,5.138295174,6.112082307455813,0.9737871334558132
1106,3,5.478688537,11.557418715771892,6.078730178771892
1107,1,5.343424538,5.927599468133925,0.5841749301339254
1108,2,12.39999962,8.038121705561302,4.361877914438697
1109,2,0.0,0.7386111016128614,0.7386111016128614
1110,1,0.0,0.04029166671972222,0.04029166671972222
1111,1,13.39999962,11.044621781545205,2.3553778384547943
1112,2,0.0,3.485242807268362,3.485242807268362
1113,1,0.0,0.11030833193838888,0.11030833193838888
1114,1,13.19999981,0.0817686514144008,13.1182311585856
1115,2,0.0,0.16234444263944445,0.16234444263944445
1116,4,0.0,0.451868053642143,0.451868053642143
1117,4,0.0,0.44700138737675416,0.44700138737675416
1118,1,0.0,0.08890277756872224,0.08890277756872224
1119,3,0.0,0.04874305538472222,0.04874305538472222
1120,5,0.0,0.004416666825833333,0.004416666825833333
1121,1,0.0,0.1825742064932897,0.1825742064932897
1122,5,12.02000008,8.59259891930787,3.4274011606921313
1123,1,11.35833335,12.422600500619959,1.0642671506199584
1124,4,37.0266667684,35.86656456340409,1.1601022049959084
1125,5,35.3000000196,32.03193187370355,3.26806814589645
1126,2,36.1424242655,33.39325393012124,2.749170335378757
1127,2,35.092307751,33.235315410271966,1.8569923407280342
1128,3,36.1375002861,35.77042046737692,0.36707981872307727
1129,3,29.08472236,30.898159985947217,1.8134376259472162
1130,4,36.5125002861,35.273876362440554,1.2386239236594463
1131,3,33.0342105899,33.719407516430586,0.6851969265305868
1132,4,32.0888888041,26.1519557464066,5.936933057693402
1133,3,28.4906976833,32.218918003582516,3.7282203202825173
1134,4,33.7590908137,32.03896337186759,1.7201274418324104
1135,4,31.3128570829,27.765200950116178,3.547656132783821
1136,5,36.2187497616,35.96860028999356,0.2501494716064414
1137,4,35.514285678,35.29577755852175,0.21850811947825122
1138,4,29.9557692454,25.961559247912188,3.994209997487811
1139,1,35.8828572409,35.88724636002206,0.004389119122059526
1140,4,29.181481538,30.726281641729354,1.5448001037293544
1141,4,34.0117647508,26.424185981169497,7.5875787696305
1142,1,34.4261538579,34.37072145657564,0.055432401324360114
1143,2,36.3058823978,35.84757206771139,0.458310330088608
1144,2,30.6993976501,33.24025297451226,2.5408553244122594
1145,1,36.0425532727,35.98523457768775,0.057318695012249066
1146,1,11.1000000636,10.819833437878172,0.2801666257218276
1147,1,9.5,9.927504144427447,0.4275041444274468
1148,5,10.0,9.973594606584427,0.026405393415572576
1149,1,9.49999976158,10.071236973412287,0.5712372118322868
1150,5,7.55000019073,8.532949578373833,0.9829493876438331
1151,4,7.09999990463,9.815581727110393,2.7155818224803934
1152,3,10.3000001907,10.744889399817986,0.444889209117985
1153,1,10.2749998569,10.668419997863472,0.3934201409634728
1154,5,9.20000012716,9.320661040012288,0.12066091285228886
1155,2,9.92500019073,9.889114390657888,0.03588580007211206
1156,2,10.3000001907,10.022452366528341,0.27754782417165913
1157,1,10.8999996185,10.623311859163381,0.27668775933661927
1158,3,9.06666660309,9.148049012472123,0.08138240938212249
1159,4,9.75,9.571849470570301,0.17815052942969878
1160,1,10.625,11.716884814119174,1.0918848141191742
1161,3,10.3000001907,10.274251328918842,0.02574886178115854
1162,2,11.1999998093,10.6285226698095,0.5714771394904989
1163,3,7.35714292526,8.686319308079586,1.3291763828195862
1164,3,9.75,11.337179879120793,1.587179879120793
1165,5,11.1200000763,10.071898566440346,1.048101509859654
1166,1,10.1999998093,10.094570159658513,0.10542964964148638
1167,5,9.75,11.443777860367847,1.693777860367847
1168,3,9.69999980927,9.949181921842829,0.24918211257282863
1169,4,6.90000009537,8.35304195586312,1.4530418604931192
1170,3,10.1333332062,10.453218701340985,0.3198854951409853
1171,4,9.9249997139,10.261296119454355,0.33629640555435536
1172,3,11.6333332062,10.658370194505084,0.974963011694916
1173,3,9.7999997139,10.59828732319967,0.7982876092996705
1174,3,8.76666673024,10.025921875709704,1.2592551454697034
1175,1,10.6499998569,10.048389203149863,0.6016106537501358
1176,3,10.9499998093,9.801357510461594,1.1486422988384053
1177,5,10.1999998093,12.128886445421351,1.9288866361213515
1178,1,10.3000001907,14.832650019429908,4.532649828729907
1179,5,7.26666673024,8.522705439019713,1.2560387087797134
1180,2,10.9749999046,11.017416656105569,0.04241675150556823
1181,3,10.3999996185,10.408719680980695,0.00872006248069468
1182,3,9.5,9.888807621468292,0.38880762146829184
1183,1,10.1000003815,9.856258694119923,0.2437416873800764
1184,5,9.66666666667,9.95785102103896,0.2911843543689603
1185,4,7.70000004768,8.323488020161465,0.623487972481465
1186,4,10.4499998093,10.110395663697833,0.33960414560216634
1187,3,10.0,11.693494251895599,1.6934942518955989
1188,1,8.02499985695,8.710237061822129,0.6852372048721289
1189,3,10.7999999523,9.018382300912307,1.781617651387693
1190,2,7.29999995232,8.249545294817318,0.9495453424973181
1191,5,9.69999980927,10.110234870957902,0.41023506168790114
1192,3,10.7124999762,10.59964312318824,0.11285685301175974
1193,1,9.69999980927,10.47738007688963,0.7773802676196304
1194,1,9.59999990463,9.426688701075625,0.17331120355437513
1195,2,9.80000019073,10.520309347171539,0.7203091564415391
1196,4,10.1999998093,10.297553813241707,0.09755400394170799
1197,1,11.0500001907,10.707001626158355,0.3429985645416451
1198,5,10.8999996185,11.474982869969562,0.5749832514695612
1199,2,11.2000001272,10.89230441526032,0.3076957119396795
1200,4,10.6999998093,10.088173364445788,0.611826444854211
1201,1,10.8999996185,10.977825605591384,0.07782598709138355
1202,5,9.92500019073,9.883440715579534,0.041559475150465985
1203,3,11.0166665713,10.690188761220252,0.32647781007974785
1204,3,11.1500000954,10.489394307260067,0.6606057881399323
1205,5,8.09999990463,8.49527425503483,0.39527435040483105
1206,2,10.3000001907,10.18670683247023,0.11329335822976994
1207,4,7.79999987284,9.198554827574865,1.3985549547348652
1208,1,6.85000014305,8.00004708199042,1.1500469389404202
1209,3,8.10000022252,8.364674879680853,0.26467465716085314
1210,1,10.1999998093,9.980314006444402,0.21968580285559725
1211,3,11.2000002861,10.890356989395897,0.3096432967041025
1212,3,10.5999999046,10.577186145547406,0.022813759052594307
1213,1,8.39999985695,8.847172588640614,0.447172731690614
1214,5,7.84999990463,8.633020866603706,0.7830209619737065
1215,3,8.85000038147,10.161490520395676,1.3114901389256755
1216,3,10.5499997139,11.203139488564515,0.6531397746645151
1217,1,9.15000009537,9.013721360162712,0.13627873520728784
1218,5,6.80000019073,8.139111336849961,1.3391111461199614
1219,1,10.4499998093,9.861966680424544,0.5880331288754554
1220,2,11.1999998093,11.911440829725494,0.7114410204254948
1221,3,9.10000038147,10.594361022661055,1.4943606411910544
1222,2,11.8000001907,10.764504881410149,1.0354953092898516
1223,3,11.3600002289,10.298489104701693,1.061511124198308
1224,2,8.83333333333,9.424222660260309,0.5908893269303093
1225,3,8.15000009537,8.089535890734274,0.06046420463572666
1226,2,7.80000019073,10.45424093182685,2.654240741096851
1227,4,9.46666653951,9.737964906383134,0.27129836687313436
1228,4,7.80000019073,7.8606263017275815,0.06062611099758186
1229,5,11.2333332698,10.416515054017792,0.8168182157822077
1230,4,9.60000038147,11.877508747004443,2.277508365534443
1231,3,9.60000038147,10.361065137362727,0.7610647558927273
1232,3,9.0,8.976846655584376,0.023153344415623778
1233,2,9.76000003815,10.685030760518766,0.9250307223687653
1234,4,10.9749999046,9.960707803600036,1.014292100999965
1235,3,10.6749999523,9.902377909844766,0.7726220424552341
1236,1,16.4376811981,17.321419408844836,0.8837382107448342
1237,1,16.3254237094,18.589042688762063,2.2636189793620645
1238,4,16.9411762462,21.14304905337773,4.201872807177729
1239,5,17.1977272467,17.483007784471614,0.28528053777161233
1240,5,16.4307692601,17.04505204289166,0.6142827827916584
1241,5,17.6956692643,19.47140490552357,1.7757356412235694
1242,2,16.4618181922,17.269729000420476,0.8079108082204769
1243,3,17.9047619048,17.949247405856845,0.0444855010568439
1244,3,15.9481080803,21.85160777097045,5.903499690670449
1245,2,17.5584415584,17.99064509624659,0.4322035378465898
1246,4,17.435135197,18.77187070594156,1.3367355089415582
1247,2,17.1361108886,17.605892851354785,0.4697819627547837
1248,5,17.0750001272,17.241997836493965,0.16699770929396607
1249,5,17.0925373248,18.517724301256656,1.4251869764566578
1250,1,17.0981818112,17.073142314649118,0.02503949655088178
1251,4,18.9555557039,18.905895246401315,0.04966045749868542
1252,5,32.4437499841,31.362420710367186,1.0813292737328162
1253,2,29.9615384615,29.910563814561925,0.05097464693807652
1254,1,30.2210527721,31.693864670752802,1.4728118986528038
1255,1,32.3062499364,31.156781973500248,1.1494679628997524
1256,5,32.6850220222,32.92797403922006,0.24295201702005897
1257,4,28.0748018909,32.1181098495641,4.043307958664098
1258,4,31.7901639157,29.950218636568366,1.8399452791316335
1259,2,27.3194165009,27.632871074170215,0.31345457327021364
1260,4,25.7755100873,30.100371664320416,4.3248615770204175
1261,1,29.7633802924,30.655102049024475,0.8917217566244737
1262,4,33.2169015374,30.944639929973405,2.272261607426593
1263,2,26.2842105062,29.13168978611583,2.847479279915831
1264,3,34.1225274055,34.81699421434535,0.6944668088453483
1265,5,32.225344319,28.743023782408702,3.482320536591299
1266,5,29.5051281269,29.236151695711207,0.26897643118879344
1267,5,35.6334559497,29.97840132246943,5.6550546272305695
1268,3,32.6871921746,31.538847049086712,1.1483451255132877
1269,4,31.943749706,27.89315762632241,4.050592079677589
1270,3,29.7652175737,30.155435926289112,0.3902183525891125
1271,4,33.2989339198,31.71024143345588,1.5886924863441187
1272,1,30.9305194508,31.067200903785743,0.1366814529857443
1273,4,30.6832000275,30.537703076502144,0.1454969509978561
1274,5,31.106153899,29.88824391458753,1.2179099844124686
1275,1,29.9161615661,29.59726773182211,0.3188938342778904
1276,5,28.3050846811,31.023986710578427,2.7189020294784285
1277,1,34.85338343,30.802198725824535,4.051184704175466
1278,3,29.0927082499,30.996238193434806,1.9035299435348065
1279,5,28.3190477462,13.35641628094209,14.962631465257909
1280,2,28.2013512946,29.711776625752428,1.5104253311524296
1281,1,32.9509802239,31.067046397398233,1.8839338265017638
1282,1,25.2621622343,30.07246276598131,4.81030053168131
1283,4,28.537389405,31.594385169052483,3.056995764052484
1284,2,32.0331249475,30.8718860134239,1.1612389340760991
1285,1,31.5796459198,30.864206990580023,0.7154389292199781
1286,5,36.8742049928,33.201332679086065,3.6728723137139383
1287,2,30.2754384091,29.900649806964356,0.374788602135645
1288,4,31.9441176583,27.85276708021675,4.091350578083251
1289,4,27.7988889482,30.247657600953517,2.448768652753518
1290,5,33.7360200714,30.795302120829934,2.9407179505700647
1291,5,30.546043149,27.717338593658642,2.828704555341357
1292,3,29.2086153588,29.889113550979303,0.6804981921793036
1293,4,22.1859649022,28.756481817115535,6.570516914915537
1294,4,29.5244443258,26.616093143864326,2.908351181935675
1295,2,27.6528846239,29.055308626207843,1.4024240023078427
1296,5,33.7979532766,28.61409096015383,5.183862316446167
1297,2,24.5795918679,27.9806314468486,3.401039578948602
1298,2,33.2256636718,29.99500393997155,3.2306597318284496
1299,3,23.7518867727,26.23671691715682,2.4848301444568186
1300,5,26.8361702371,29.21299406176313,2.3768238246631306
1301,5,27.8980315013,26.024141112643274,1.8738903886567257
1302,3,29.0831682564,30.745820933499452,1.6626526770994516
1303,2,27.1945434201,28.390566086204064,1.1960226661040636
1304,5,30.118787858,31.108963524568633,0.9901756665686321
1305,4,23.4689654427,25.644905744605886,2.175940301905886
1306,5,26.1793100423,27.208539491278128,1.0292294489781284
1307,4,30.1192309306,31.322418408007184,1.2031874774071838
1308,5,34.2562138772,30.047282170438734,4.208931706761263
1309,2,33.4168367678,30.722829169516537,2.694007598283463
1310,2,28.8040816638,28.842296384806346,0.038214721006344377
1311,3,31.7228915892,28.667404438730784,3.055487150469215
1312,5,21.9431818355,24.648129886342893,2.7049480508428942
1313,2,26.2039998627,28.884175090629604,2.6801752279296025
1314,2,6.96000003815,8.122163109136292,1.162163070986292
1315,2,9.17499995232,10.021425171362369,0.8464252190423682
1316,5,10.0,10.390071340355062,0.3900713403550622
1317,3,10.7714285169,10.700555653826896,0.07087286307310414
1318,2,10.9500001272,10.646870483787136,0.30312964341286275
1319,4,8.90000009537,9.175144029097464,0.27514393372746326
1320,1,10.4428570611,9.80603702737848,0.63682003372152
1321,3,6.14166665077,7.692135355075167,1.5504687043051666
1322,2,8.75,8.55202783727929,0.19797216272070983
1323,1,10.6000000636,9.580391967567177,1.0196080960328224
1324,5,10.6999998093,9.92230686145739,0.7776929478426098
1325,4,8.5,9.736190371507234,1.2361903715072344
1326,4,7.6933333079,8.4152917450567,0.7219584371567009
1327,2,8.67692323831,7.942232493399774,0.7346907449102256
1328,1,10.0749999682,9.769915866600169,0.30508410159983157
1329,3,6.54615383882,7.124193130506665,0.5780392916866655
1330,2,12.0,10.477696121397111,1.522303878602889
1331,5,11.0,10.359361480938823,0.6406385190611772
1332,3,11.4000002543,10.803940412542927,0.5960598417570733
1333,5,10.0,9.66061944043054,0.33938055956945945
1334,3,10.1666669846,11.009115790016454,0.8424488054164527
1335,3,9.0,9.122358988644253,0.12235898864425288
1336,2,9.5333331426,8.04556445691087,1.4877686856891295
1337,4,7.3166667223,9.084040297431391,1.7673735751313915
1338,4,10.9076921023,10.741717411198698,0.1659746911013027
1339,2,10.7999997139,10.22501501794588,0.5749846959541198
1340,3,7.44999992847,8.114968243077648,0.6649683146076484
1341,5,8.89999961853,9.077161837415302,0.17716221888530193
1342,5,8.5,8.518373206527935,0.018373206527934727
1343,5,6.71923078023,6.77517732106981,0.05594654083980988
1344,4,11.6124999523,10.22257932097492,1.3899206313250811
1345,1,10.6999998093,10.333651977175759,0.3663478321242408
1346,1,6.21182794981,6.408049314625484,0.19622136481548402
1347,1,8.44615397087,8.43875803790744,0.0073959329625594705
1348,4,8.6999999455,9.236071638058602,0.5360716925586022
1349,2,7.10000003468,7.49941202402471,0.3994119893447099
1350,1,8.65000009537,8.494930359083742,0.15506973628625786
1351,1,7.63088234032,9.23161735491065,1.6007350145906498
1352,2,8.125,9.971108277816246,1.8461082778162456
1353,5,8.0,8.33518408948329,0.33518408948329004
1354,2,11.0999999046,10.906438172513651,0.19356173208634964
1355,1,7.48823527729,7.632481424989645,0.1442461476996444
1356,4,7.54999995232,7.519524740890729,0.030475211429271454
1357,3,10.7199998856,10.89675793879555,0.1767580531955506
1358,1,8.93749988079,9.053007135898607,0.11550725510860715
1359,2,9.50769226368,8.172786652780704,1.3349056108992947
1360,2,5.58717951408,6.978910525213807,1.3917310111338068
1361,4,8.60000006358,8.578894250830896,0.021105812749103947
1362,3,7.80000003179,8.236306791928365,0.43630676013836567
1363,4,9.83333317439,10.121894491664033,0.28856131727403245
1364,4,5.05454544588,5.993273815304805,0.9387283694248056
1365,5,5.26666665077,6.23958185195439,0.9729152011843896
1366,3,10.8666664759,10.082013582229184,0.7846528936708168
1367,5,5.98947369425,6.1855443769411504,0.19607068269115047
1368,1,6.13000001907,6.795407655452821,0.6654076363828212
1369,1,6.90952375957,10.605164480931359,3.695640721361359
1370,3,7.25,8.157470729407933,0.9074707294079332
1371,3,6.17878788168,6.82470781999016,0.6459199383101604
1372,2,8.36666679382,8.378340364675644,0.011673570855643689
1373,1,10.1000003815,10.41895622859031,0.31895584709031155
1374,2,9.14000015259,9.020253703281176,0.11974644930882405
1375,3,6.43333331744,8.087007853819912,1.6536745363799126
1376,4,10.7200000763,9.772024702973324,0.9479753733266758
1377,4,7.75714288439,8.114882106363483,0.35773922197348273
1378,4,5.81739129191,7.153653154904541,1.336261862994541
1379,2,8.85999965668,10.146588829578963,1.2865891728989638
1380,5,8.34000015259,11.777242950885784,3.4372427982957845
1381,4,10.933333079,9.011628454626273,1.921704624373728
1382,5,7.81428575516,8.385407224777765,0.5711214696177649
1383,1,7.74999992053,9.298758638981772,1.5487587184517722
1384,3,7.20000001362,8.322246195122904,1.122246181502904
1385,2,6.69166662296,6.4979433325066775,0.19372329045332215
1386,5,8.24067800328,9.8669170242592,1.6262390209792006
1387,5,5.79999990463,7.571128321286742,1.771128416656742
1388,5,8.57500004768,9.594850948834699,1.0198509011546992
1389,5,7.02727274461,8.236583926677355,1.2093111820673546
1390,5,11.5499999523,10.937942685373038,0.6120572669269624
1391,3,9.5499997139,9.237341969178825,0.31265774472117513
1392,2,5.82500004768,6.890257451249443,1.0652574035694435
1393,1,7.41111103694,8.326667898550191,0.9155568616101908
1394,5,11.0545455759,9.72306489896028,1.3314806769397212
1395,2,9.80370373196,9.806903453927402,0.003199721967401814
1396,1,11.6500000954,10.545430785330858,1.1045693100691416
1397,3,11.6166666349,9.95326801759102,1.6633986173089799
1398,4,7.32857145582,8.701241479341858,1.3726700235218585
1399,1,6.99047624497,7.268715907937763,0.2782396629677626
1400,2,8.90000009537,9.011534567087898,0.11153447171789743
1401,4,5.96190479824,6.0246710463479625,0.0627662481079625
1402,1,6.93947368547,8.430241758849833,1.490768073379833
1403,5,10.8399999619,10.738041615799327,0.10195834610067323
1404,3,6.69999996821,7.190394909426708,0.49039494121670746
1405,2,9.77500009537,9.183112999857268,0.5918870955127318
1406,1,5.45000004768,5.788571383914766,0.3385713362347662
1407,3,6.86666663488,8.905595179453128,2.038928544573128
1408,1,9.65200000763,9.447398320304185,0.20460168732581607
1409,5,11.0125000477,10.273972603491181,0.7385274442088186
1410,3,11.1000003815,10.724657799766137,0.3753425817338627
1411,3,8.39999993642,8.812206392490074,0.41220645607007356
1412,3,6.70235296137,7.680973385431028,0.9786204240610283
1413,1,10.0999999046,9.80934314422471,0.2906567603752901
1414,1,9.89999993642,10.76769629808227,0.8676963616622704
1415,2,11.2777777778,11.086314002354664,0.191463775445337
1416,2,10.6000003815,9.939851598814696,0.6601487826853027
1417,2,8.0600001812,7.70391717689073,0.3560830043092693
1418,1,6.7083332936,6.891102326647923,0.18276903304792302
1419,2,7.96249997616,9.982349019781102,2.019849043621102
1420,3,10.8666664759,9.822246288616622,1.0444201872833787
1421,1,6.75999994278,7.161476180129128,0.40147623734912763
1422,4,5.7409090779,6.2094733654268355,0.4685642875268359
1423,3,11.0500000318,10.413877752144556,0.636122279655444
1424,4,6.94680852078,7.599666788100177,0.6528582673201768
1425,3,6.47428571156,6.7984968268367405,0.3242111152767402
1426,2,10.3500003815,9.557391317004333,0.7926090644956663
1427,1,10.7199998856,10.824349803852561,0.10434991825256112
1428,4,6.44444439146,6.560411270354838,0.11596687889483803
1429,2,9.69999980927,9.935345884902427,0.23534607563242638
1430,1,9.16326528666,9.294915123268092,0.13164983660809249
1431,4,8.89999985695,8.941586721034307,0.041586864084306896
1432,1,8.33333349228,8.93160392058708,0.5982704283070799
1433,1,6.72000017166,10.195283038664234,3.4752828670042346
1434,1,9.80000019073,9.502153995427447,0.29784619530255263
1435,5,10.6000003815,10.038849312893175,0.561151068606824
1436,3,7.50714281627,8.031348557363758,0.5242057410937582
1437,2,9.44999986887,9.192449433731003,0.257550435138997
1438,2,6.25999994278,7.836786899108718,1.5767869563287178
1439,4,8.90000000867,9.40365710725777,0.5036570985877695
1440,5,10.7055556509,10.049136089162621,0.656419561737378
1441,2,8.53846161182,7.669540282671669,0.868921329148332
1442,5,10.8333333333,12.201084552033796,1.3677512187337957
1443,3,5.59999995232,5.867368055050281,0.26736810273028055
1444,1,11.4700000763,10.379211960889977,1.0907881154100227
1445,4,10.4749999046,10.117111513018068,0.3578883915819322
1446,2,9.0,8.851120392770802,0.14887960722919757
1447,4,8.5,8.420308665513925,0.0796913344860748
1448,4,8.0876923341,8.02036485362413,0.06732748047586945
1449,4,8.60000038147,8.53925600364194,0.06074437782806008
1450,3,11.6000003815,10.367072311725959,1.2329280697740401
1451,3,5.70645158522,5.810739723196132,0.10428813797613223
1452,2,9.72142853056,9.908929977568015,0.18750144700801386
1453,1,8.60000038147,8.621158570063228,0.021158188593227933
1454,1,9.30000019073,9.892517914886978,0.5925177241569788
1455,4,6.88749992847,6.859686301577784,0.02781362689221556
1456,2,5.92727275328,6.962755639643058,1.0354828863630585
1457,1,7.85263154381,8.104642949993,0.25201140618299966
1458,2,10.8000001907,11.12990101597103,0.3299008252710287
1459,1,11.295000124,9.880447311984753,1.4145528120152466
1460,5,6.33333317439,7.475950349735381,1.1426171753453813
1461,4,8.32500004768,8.47826766753718,0.1532676198571803
1462,3,8.5166665713,8.307261467125347,0.2094051041746532
1463,1,9.14444446564,8.543047768869375,0.6013966967706246
1464,3,6.52142865317,6.132451432834587,0.3889772203354127
1465,3,5.44285719735,5.985327178523838,0.5424699811738378
1466,5,10.0500000318,9.244401349374,0.805598682426
1467,3,7.96000013351,8.272734977540724,0.3127348440307234
1468,2,7.4833334287,7.28014942328832,0.20318400541168025
1469,3,8.80000019073,8.885397437014888,0.08539724628488798
1470,1,6.18125006557,7.174292119738978,0.9930420541689786
1471,3,7.95000004768,8.397753917230242,0.4477538695502421
1472,1,5.7066666921,6.264123077127055,0.5574563850270549
1473,4,11.1000003815,10.839221649812094,0.2607787316879051
1474,4,5.4375,6.742000598775694,1.304500598775694
1475,3,7.74999988079,7.943702432783284,0.193702551993284
1476,4,9.0428571701,8.78177436446957,0.26108280563042996
1477,2,6.51538467407,8.619757182707753,2.104372508637753
1478,4,10.6000000636,10.81882041816064,0.2188203545606413
1479,1,11.7333332698,10.99877678311163,0.7345564866883691
1480,3,8.89999961853,8.599260102727774,0.3007395158022259
1481,5,12.0407407195,10.57130804384417,1.4694326756558311
1482,2,5.77499991655,6.378074499473926,0.6030745829239264
1483,1,10.6500000954,9.938912950797343,0.7110871446026561
1484,5,8.38124990463,9.699214785474707,1.3179648808447073
1485,3,8.42500007153,7.523964605926816,0.9010354656031847
1486,2,11.0,10.80681934399353,0.19318065600647039
1487,2,7.90000009537,8.751354294859492,0.8513541994894922
1488,2,8.01249992847,7.565499335050036,0.4470005934199639
1489,2,11.3157893733,8.968058739481148,2.347730633818852
1490,3,7.30000003179,10.082637439600338,2.7826374078103386
1491,1,6.56666676203,8.05625952313327,1.489592761103271
1492,4,8.18181839856,8.52003612375534,0.33821772519533866
1493,1,8.60000038147,9.012547907525953,0.4125475260559526
1494,1,9.11666663488,8.77226462494914,0.34440200993086023
1495,5,8.71428585052,7.8099515165104245,0.9043343340095751
1496,1,5.78888887829,6.08452392787724,0.29563504958723996
1497,4,8.36999988556,8.35897866314441,0.011021222415591225
1498,1,7.65000009537,8.41929860824896,0.7692985128789598
1499,3,7.20454543287,7.415966348799029,0.211420915929029
1500,5,9.0,8.839903122920639,0.16009687707936138
1501,1,8.23846142109,8.346959449361579,0.10849802827157973
1502,3,8.04999983311,7.783837371685066,0.26616246142493427
1503,2,7.20000002934,7.1371536114708505,0.06284641786914946
1504,4,8.36666647593,8.143676218712084,0.22299025721791566
1505,4,8.48888895247,8.36816866958816,0.120720282881841
1506,2,8.74166663488,8.474429215921218,0.26723741895878206
1507,2,10.7999999707,10.752657869821785,0.047342100878214666
1508,2,8.625,8.61573356982591,0.009266430174090345
1509,1,10.6500000954,8.923123183920437,1.7268769114795628
1510,3,9.05714287077,7.965873165079154,1.0912697056908467
1511,1,12.0749998093,10.332800001159695,1.7421998081403043
1512,1,10.5,9.851185829763551,0.6488141702364487
1513,1,10.8142856189,10.073080285811317,0.7412053330886827
1514,3,8.70000012716,8.8254321035973,0.12543197643730153
1515,3,7.6,9.408055471353716,1.8080554713537165
1516,1,7.80000019073,12.155772096757344,4.3557719060273445
1517,4,5.77692310627,6.600284822281473,0.8233617160114735
1518,4,6.91829268525,7.5717419807947195,0.6534492955447195
1519,4,6.47777779897,7.2095322075694925,0.7317544085994925
1520,4,10.4388888677,9.876709694029534,0.5621791736704651
1521,5,10.3714286259,9.830201989562127,0.541226636337873
1522,3,9.24500002861,10.027463555667717,0.7824635270577165
1523,1,8.6714286123,7.950679409147764,0.720749203152236
1524,5,8.2,9.255052044293143,1.0550520442931433
1525,5,9.08571415856,9.86662261841789,0.7809084598578906
1526,4,10.226315674,9.961745424426569,0.2645702495734312
1527,2,10.1000003815,8.928855294569845,1.1711450869301547
1528,5,8.79999987284,8.818987570875887,0.01898769803588607
1529,4,7.97500002384,9.414830742713605,1.4398307188736048
1530,1,8.67818181298,9.802240444679844,1.1240586316998442
1531,5,7.38888888889,7.777947509424703,0.3890586205347022
1532,3,6.25,8.301237709689287,2.0512377096892873
1533,2,8.03333361944,7.872058386724461,0.16127523271553912
1534,3,7.02499997616,8.479578948614758,1.4545789724547582
1535,3,9.8428572246,9.679321091630733,0.1635361329692664
1536,2,6.21428571429,7.419301947345779,1.2050162330557788
1537,4,9.55999984741,8.907316371697213,0.6526834757127862
1538,4,7.84000005722,7.343093328573935,0.49690672864606533
1539,3,10.3666664759,9.008130999090886,1.3585354768091147
1540,5,10.4249999523,10.254213847414771,0.17078610488522905
1541,3,11.0,11.257563649262906,0.25756364926290587
1542,5,8.21666661898,10.016709784743691,1.8000431657636913
1543,2,7.40000009537,9.312541443122342,1.9125413477523416
1544,2,8.69999999266,7.901823312044633,0.7981766806153674
1545,3,6.11250007153,7.997286123926537,1.884786052396537
1546,4,6.31428568704,8.067632121749844,1.7533464347098437
1547,3,8.66285715103,10.819147516716606,2.1562903656866066
1548,4,11.3666667938,8.861090024206947,2.5055767695930538
1549,5,8.52499997616,8.536866724853247,0.011866748693247331
1550,2,5.08571434021,5.791441760069836,0.7057274198598362
1551,4,9.95909088308,8.83463711543597,1.1244537676440292
1552,3,7.35000002384,9.518526939367744,2.1685269155277442
1553,3,8.79999991826,8.17294234651164,0.6270575717483595
1554,2,11.4374998808,10.837037650943845,0.6004622298561557
1555,5,5.93333333333,7.268477693873698,1.3351443605436977
1556,4,7.03999996185,9.396698845560556,2.356698883710555
1557,2,8.38235299727,8.114872858303132,0.26748013896686906
1558,2,6.46800003052,6.53048426161337,0.06248423109336976
1559,2,8.59499998093,9.211182023136349,0.6161820422063489
1560,5,9.33999977112,9.054407481104692,0.28559229001530895
1561,2,7.01999988556,8.36443515018009,1.344435264620091
1562,1,8.82500004768,8.607122519006552,0.21787752867344778
1563,2,8.16000003815,8.12370275420263,0.03629728394736986
1564,3,7.93999996185,9.495880308928697,1.5558803470786975
1565,3,5.38333328565,5.524930804538736,0.1415975188887364
1566,1,7.30000001734,7.461796853256944,0.1617968359169435
1567,4,10.7428571156,9.968890242153226,0.7739668734467742
1568,2,10.9666668574,10.017309453111865,0.9493574042881345
1569,2,9.45833333333,9.628844434016289,0.17051110068628894
1570,1,8.10000004768,7.65882148809696,0.4411785595830402
1571,5,10.4333333174,9.615797389112627,0.8175359282873735
1572,1,5.49473682203,6.088691582269067,0.5939547602390665
1573,4,9.51304356948,10.424999849138953,0.911956279658952
1574,4,6.4,7.016968410711019,0.6169684107110189
1575,2,8.17999997139,8.328865690414947,0.14886571902494694
1576,1,6.8749999702,7.470266063765758,0.5952660935657574
1577,4,9.1999999455,10.425194205785676,1.2251942602856758
1578,1,11.0818181471,10.090167232114858,0.9916509149851418
1579,1,9.5,8.128649116596984,1.3713508834030161
1580,3,5.82903228268,5.933645106433255,0.10461282375325531
1581,5,9.60000038147,10.411391275287333,0.8113908938173324
1582,2,9.5,9.180509671556663,0.3194903284433366
1583,3,9.19999980927,7.657786888798681,1.5422129204713197
1584,1,8.28000011444,12.509849794479258,4.229849680039258
1585,5,11.3999998569,10.192780536157112,1.2072193207428867
1586,1,8.85714299338,8.633893954841565,0.22324903853843558
1587,3,11.4666665395,11.062771471070553,0.40389506842944733
1588,4,8.90000025431,8.690470768057253,0.20952948625274637
1589,4,10.6599998474,9.932947137909931,0.727052709490069
1590,3,8.97499990463,6.642916321675441,2.3320835829545583
1591,5,10.6250001192,10.848380388087817,0.22338026888781748
1592,1,6.89000005722,7.614419992995207,0.7244199357752068
1593,1,6.21666661898,6.827866524045527,0.6111999050655275
1594,1,11.2000002861,10.129425645758808,1.0705746403411922
1595,1,11.0,10.784124567826833,0.21587543217316707
1596,4,5.34666670163,5.857896535357354,0.511229833727354
1597,2,11.1000003815,9.258670235778391,1.8413301457216082
1598,2,8.49230788304,10.133582517384845,1.6412746343448443
1599,2,5.68695655076,6.020306113629711,0.33334956286971096
1600,2,8.13333352407,8.520303498532945,0.3869699744629447
1601,4,5.60000004768,6.703055665437125,1.103055617757125
1602,1,5.34499995708,5.836131467224376,0.49113151014437584
1603,2,10.8666664759,10.235728766613839,0.6309377092861617
1604,5,7.96666669846,8.269902516803752,0.3032358183437518
1605,5,10.6166667144,9.463775460367224,1.1528912540327774
1606,2,11.9249999523,10.89030036480186,1.0346995874981406
1607,5,10.8000001907,10.940624091189745,0.1406239004897447
1608,1,11.1000000636,9.297440582625896,1.8025594809741037
1609,3,7.19230765563,7.846168495630554,0.6538608400005543
1610,4,6.75789472178,6.219893498176954,0.5380012236030458
1611,3,5.73999996185,6.955522298773543,1.2155223369235433
1612,2,10.0499999523,9.993963388588993,0.0560365637110074
1613,2,11.7999999523,9.985581670543686,1.8144182817563141
1614,1,7.90000009537,8.509011753260594,0.6090116578905942
1615,2,6.57500004768,6.841150213859807,0.26615016617980736
1616,2,10.875,10.121114890109327,0.7538851098906729
1617,1,9.98333326976,8.900592032055902,1.0827412377040968
1618,2,8.75000011921,9.245744228942854,0.4957441097328541
1619,5,9.02500021458,9.6732061330749,0.6482059184949005
1620,3,9.15000009537,9.999954801499776,0.8499547061297754
1621,1,11.0500000318,10.537922686302513,0.5120773454974863
1622,5,6.77000002861,7.87083613657202,1.10083610796202
1623,1,8.53749990463,8.261218627250974,0.2762812773790255
1624,1,6.09999996821,7.408533527082862,1.3085335588728624
1625,5,7.34999990463,8.607032952002164,1.2570330473721647
1626,1,7.05999999046,9.537338186696703,2.477338196236703
1627,4,9.1,8.301084125617827,0.7989158743821729
1628,4,11.4749999642,9.852357904490702,1.6226420597092979
1629,4,10.7363635843,10.470679114067671,0.265684470232328
1630,4,11.5499997139,10.047630396871458,1.502369317028542
1631,2,11.7499998808,10.315146703082364,1.4348531777176365
1632,3,6.56842111286,8.206996402986341,1.638575290126341
1633,5,11.5,10.651505380026055,0.8484946199739447
1634,1,7.32200000763,8.011031474399688,0.6890314667696886
1635,4,11.8545455066,10.787640332401393,1.066905174198606
1636,5,5.30416665475,5.682817090911773,0.37865043616177285
1637,4,11.0166665713,10.901991118821513,0.11467545247848676
1638,5,10.8599999428,10.826156192096304,0.03384375070369572
1639,5,7.83333337307,8.424394554190046,0.5910611811200459
1640,5,6.63636367971,10.072969425771896,3.436605746061897
1641,3,6.86666671435,8.685566259562828,1.8188995452128278
1642,1,5.88333336512,6.7210918847528855,0.8377585196328852
1643,1,9.73333326976,10.752946557086798,1.0196132873267985
1644,3,9.66470600577,9.657161908177944,0.007544097592056431
1645,5,10.7388888995,10.177362015464924,0.5615268840350751
1646,5,9.69999980927,9.153813495391997,0.5461863138780032
1647,4,9.66666666667,8.56691366058288,1.09975300608712
1648,5,11.3333333333,10.521733046896637,0.8116002864033636
1649,2,10.8749998808,9.883667800022632,0.9913320807773687
1650,1,7.33636370572,7.898907453634807,0.5625437479148072
1651,4,8.76666673024,8.591234004672604,0.17543272556739709
1652,3,10.6500000954,9.550703427426908,1.099296667973091
1653,4,7.05714287077,8.255006642156726,1.197863771386726
1654,3,5.81333332062,6.79868981442075,0.98535649380075
1655,1,6.85961535344,7.558640081286861,0.6990247278468615
1656,2,11.5428573063,10.733748810437037,0.8091084958629633
1657,3,11.5999999046,10.919155403341524,0.680844501258477
1658,2,5.70000004768,6.166383278509135,0.4663832308291349
1659,2,11.0499997139,10.577859463908784,0.4721402499912166
1660,2,9.66666666667,9.109620583367313,0.5570460833026871
1661,4,10.0,10.863923280127786,0.8639232801277856
1662,1,10.5,10.722119699932513,0.22211969993251302
1663,5,7.40476195774,8.493766567901265,1.0890046101612647
1664,5,11.5499997139,11.177233389875136,0.3727663240248642
1665,1,9.19999980927,9.441769467043693,0.24176965777369297
1666,4,5.58000001907,6.3863379084389065,0.8063378893689066
1667,5,10.1500000954,9.136963321107013,1.0130367742929867
1668,5,7.21000003815,8.947179426842919,1.737179388692919
1669,1,10.6500000954,10.56148452282099,0.08851557257900922
1670,1,7.5,8.346797040984129,0.8467970409841286
1671,1,11.5,9.090422747598115,2.409577252401885
1672,2,10.1999998093,9.139453971863837,1.0605458374361625
1673,4,9.86000003815,9.113944886249165,0.7460551519008352
1674,4,10.0,10.771946168320214,0.7719461683202145
1675,2,10.7600000381,10.567817731102544,0.19218230699745575
1676,4,9.19999980927,8.809305838807024,0.3906939704629764
1677,3,10.2000000477,9.975300406905284,0.22469964079471616
1678,5,7.94444447094,8.698798211229532,0.754353740289532
1679,5,5.27499994636,6.297816889371908,1.0228169430119074
1680,3,10.3000000715,8.982076375576302,1.3179236959236977
1681,3,6.41414141896,9.27959079602098,2.8654493770609797
1682,5,5.95000004768,6.693403019778644,0.7434029720986439
1683,1,5.8333332936,5.936555631188623,0.10322233758862343
1684,2,12.1000001907,10.778818590094957,1.3211816006050423
1685,5,10.9399999619,10.482023385634248,0.45797657626575194
1686,5,11.3000001907,9.64028455732578,1.659715633374221
1687,5,8.60000038147,8.984230127934769,0.3842297464647686
1688,1,5.91333332062,5.904396774583231,0.008936546036768966
1689,5,10.9800001144,10.09235337437573,0.8876467400242696
1690,4,7.29999997399,9.643287331806803,2.343287357816803
1691,2,7.78888887829,9.299210410380846,1.5103215320908463
1692,1,6.44545455412,6.481572127351685,0.0361175732316843
1693,5,7.5769231136,9.768104383622953,2.1911812700229527
1694,3,5.5,6.526679018934061,1.026679018934061
1695,4,11.5500001907,10.284823431181064,1.265176759518937
1696,4,8.17500030994,7.852817567602777,0.32218274233722255
1697,1,11.2285712106,10.05112152803782,1.1774496825621803
1698,3,7.28000001907,7.721333565023446,0.4413335459534462
1699,2,10.2666664124,10.327202440655883,0.06053602825588378
1700,4,11.0,10.818277573820733,0.1817224261792667
1701,1,9.10000038147,8.765487176519931,0.33451320495006875
1702,2,10.5,8.559062296946001,1.940937703053999
1703,2,6.9529411933,7.241811122836133,0.28886992953613255
1704,5,10.7777777778,10.598804539148365,0.17897323865163628
1705,2,9.37200004578,9.85606775069753,0.48406770491753015
1706,3,10.1285713741,9.366140669632994,0.7624307044670058
1707,5,7.94999980927,8.558113430498077,0.6081136212280764
1708,4,8.2999997139,8.2209057382681,0.0790939756319009
1709,5,6.89999997616,7.302263515141159,0.40226353898115885
1710,2,7.32666667302,9.028038994908172,1.7013723218881722
1711,4,6.71249997616,8.563782330143212,1.851282353983212
1712,5,5.79999998638,7.489089787114237,1.6890898007342372
1713,1,6.78333330154,8.160722312628584,1.3773890110885842
1714,3,10.6600000381,10.33216332081712,0.3278367172828798
1715,4,8.14285721098,8.23865143489611,0.09579422391610848
1716,4,11.5333334605,10.76016752686931,0.7731659336306898
1717,4,11.5750000477,9.950634035213406,1.6243660124865933
1718,1,11.3000001907,10.474543199661614,0.8254569910383864
1719,3,9.10000009537,9.616169779451091,0.5161696840810919
1720,1,10.1666666667,9.174279279224395,0.9923873874756044
1721,2,9.0499997139,9.243756479929344,0.19375676602934355
1722,1,7.27142851693,7.447274085684691,0.17584556875469026
1723,3,8.09354835941,8.845839299857406,0.7522909404474056
1724,4,9.96666653951,8.871145807958715,1.095520731551284
1725,3,6.40400001526,6.700380045316985,0.29638003005698454
1726,2,9.14000015259,8.613874606089036,0.526125546500964
1727,4,6.07857141041,6.153661178080487,0.07508976767048647
1728,2,8.55000019073,9.744767807180153,1.1947676164501537
1729,2,10.6000003815,10.019031753985342,0.5809686275146575
1730,1,9.83333333333,9.871135039883622,0.037801706553622694
1731,2,9.68500003815,10.680360339202325,0.995360301052326
1732,1,9.0904761269,9.77162948373624,0.6811533568362389
1733,5,11.1999998093,9.906585060305142,1.2934147489948575
1734,5,8.39999961853,9.494112013503283,1.0941123949732834
1735,5,9.47499990463,9.91472362209337,0.43972371746336947
1736,3,9.82222239176,9.181723259755664,0.6404991320043365
1737,2,8.4500002861,9.785767950756389,1.3357676646563892
1738,3,11.2999997139,10.543923791186053,0.7560759227139471
1739,1,9.83333333333,10.012120266071289,0.1787869327412892
1740,1,8.35000014305,9.818869745187808,1.4688696021378078
1741,2,11.2285713468,10.622732099974138,0.6058392468258624
1742,5,11.75,10.205369211247744,1.5446307887522561
1743,1,8.98749995232,10.344287910318439,1.3567879579984385
1744,1,10.8000001907,10.474378466340514,0.3256217243594861
1745,2,9.44285692487,9.711398512438452,0.2685415875684516
1746,2,8.4,9.646725542405862,1.246725542405862
1747,1,8.90000009537,9.492516683935717,0.5925165885657169
1748,4,8.75,10.924171584018573,2.1741715840185734
1749,4,10.6818181818,10.123800831235762,0.5580173505642385
1750,5,9.18333323797,11.108010436386447,1.9246771984164468
1751,4,11.25,10.331654938498414,0.9183450615015865
1752,2,8.68333339691,9.569991846853219,0.8866584499432193
1753,4,10.3000001907,10.175331012217235,0.12466917848276537
1754,3,11.1000003815,9.564941968781984,1.5350584127180156
1755,3,9.32307690841,9.322131244235106,0.0009456641748943895
1756,4,10.0714287077,9.961803337738393,0.10962536996160743
1757,5,11.600000109,11.037183491997753,0.5628166170022464
1758,2,8.98000011444,9.396298428210333,0.41629831377033355
1759,5,11.1727273247,9.718287978763096,1.4544393459369047
1760,2,8.97499990463,9.864306433100003,0.8893065284700032
1761,5,11.3192308132,10.549970188187059,0.7692606250129419
1762,5,11.1999998093,10.48591575107742,0.7140840582225803
1763,5,10.5428571701,10.268678266546589,0.2741789035534108
1764,3,12.5500000318,10.041919933445673,2.508080098354327
1765,2,8.38333320618,9.45992034782669,1.0765871416466908
1766,1,8.66249990463,9.455174195943501,0.7926742913135012
1767,3,11.1000000636,9.954554989404924,1.1454450741950755
1768,1,9.18571431296,10.078600672053323,0.8928863590933229
1769,1,9.25000023842,10.656625193277828,1.4066249548578273
1770,2,11.8428572246,10.599497004313559,1.2433602202864407
1771,5,9.95833317439,10.120480308278381,0.16214713388838042
1772,4,9.16000003815,10.08589488441372,0.92589484626372
1773,3,11.25,9.917183317824076,1.332816682175924
1774,4,11.6666666667,9.72515412733597,1.9415125393640302
1775,2,10.5999999046,9.993884727798694,0.6061151768013069
1776,4,11.4500001272,9.552207958254646,1.8977921689453527
1777,2,10.8619046892,10.387115604026626,0.4747890851733736
1778,4,8.70000008174,10.866892446832395,2.1668923650923944
1779,4,10.9799999237,9.592668823881702,1.3873310998182973
1780,2,10.0333331426,9.71140974301522,0.32192339958477945
1781,3,10.1399999619,10.581555781175833,0.441555819275834
1782,3,9.0,9.53193295786935,0.5319329578693495
1783,1,10.3999996185,10.003907163783667,0.39609245471633336
1784,3,8.15000009537,9.908529054591417,1.758528959221417
1785,2,11.7199998856,10.945631474670954,0.7743684109290463
1786,1,10.8999996185,9.79212767275123,1.1078719457487711
1787,4,8.80000019073,9.297890188839512,0.4978899981095122
1788,4,11.3999996185,9.410521845670006,1.9894777728299946
1789,3,11.5333334605,10.710139919244469,0.8231935412555309
1790,2,12.2000001272,11.012910725780024,1.1870894014199749
1791,1,10.6399999142,9.611219878480565,1.0287800357194357
1792,5,8.69999980927,9.489986873607753,0.7899870643377529
1793,1,12.1999998093,9.979225620265934,2.2207741890340653
1794,2,10.3999996185,10.02019144475514,0.37980817374486087
1795,1,11.8599998474,10.641624409829772,1.2183754375702271
1796,5,10.5,10.283783142458638,0.21621685754136166
1797,3,12.0500000715,10.234703393352635,1.815296678147364
1798,5,10.0,10.000064893061237,6.489306123746985e-05
1799,4,10.8428572246,10.079955902385661,0.7629013222143382
1800,4,11.0333334605,9.752637128604446,1.2806963318955535
1801,3,10.3250000477,10.092157096778966,0.23284295092103413
1802,5,7.36666679382,9.567896743172513,2.2012299493525127
1803,1,9.30000006358,10.434839093930613,1.1348390303506122
1804,5,9.64000005722,10.947499842386538,1.307499785166538
1805,1,10.6896551724,10.21410240345148,0.4755527689485195
1806,4,10.685714313,10.234601963278081,0.45111234972191916
1807,1,8.69999980927,10.0056114328036,1.3056116235335988
1808,2,12.0500001907,10.151230450723965,1.8987697399760357
1809,4,11.1285713741,9.685041032073386,1.4435303420266141
1810,5,8.78333330154,9.661559470872392,0.8782261693323914
1811,3,11.4750000636,10.674647317412923,0.8003527461870767
1812,4,9.0499997139,9.58629742208103,0.5362977081810296
1813,4,10.1500000954,10.154076233322185,0.004076137922185197
1814,3,11.5249998569,10.853529416485452,0.6714704404145468
1815,4,10.4214285442,9.486076534160109,0.9353520100398907
1816,5,11.4799999237,10.833218502370826,0.6467814213291732
1817,2,9.47142873492,9.305743416249285,0.16568531867071457
1818,4,12.0166665713,10.629345555814737,1.3873210154852629
1819,4,9.99999986376,9.591583516196067,0.4084163475639322
1820,3,9.73999977112,9.77247555248012,0.03247578136011953
1821,2,9.65333328247,10.193555849036128,0.5402225665661291
1822,2,9.01428563254,9.722193597803209,0.7079079652632085
1823,5,9.28571455819,11.364711751050141,2.0789971928601414
1824,2,9.0499997139,9.937021424461184,0.887021710561184
1825,1,8.5,10.29793065778564,1.7979306577856402
1826,5,8.91428565979,9.896552599212646,0.9822669394226455
1827,4,8.96249997616,9.405246338548515,0.4427463623885153
1828,5,9.88333320618,10.101322972462494,0.21798976628249456
1829,4,12.0166667302,10.446556583090945,1.5701101471090553
1830,4,10.1000003815,10.11484407606365,0.01484369456365009
1831,3,10.2750000954,9.681845694462002,0.5931544009379977
1832,2,10.0600000381,10.17177832576831,0.11177828766830977
1833,2,11.0999999046,9.488760716767695,1.6112391878323056
1834,2,10.816666762,9.56693984044972,1.2497269215502804
1835,2,8.53333324856,9.436690145615842,0.9033568970558417
1836,2,11.3999996185,9.998811519461716,1.4011880990382846
1837,4,8.72000007629,9.400947332913104,0.680947256623103
1838,5,10.5249998569,10.401028017489033,0.12397183941096657
1839,1,10.7399999619,10.129998715288389,0.6100012466116116
1840,2,8.5,9.356864206164568,0.8568642061645679
1841,5,10.2125000954,11.211792996214125,0.999292900814126
1842,4,11.8285714558,10.860055708406838,0.9685157473931625
1843,5,10.2304347494,9.711669751490856,0.5187649979091447
1844,1,11.1000000636,10.340160434609249,0.7598396289907505
1845,1,10.5,10.092473017936957,0.40752698206304316
1846,4,12.0,9.136143946808827,2.8638560531911725
1847,3,8.2000002861,10.084796647156194,1.8847963610561944
1848,4,11.9666665395,11.05920947649229,0.9074570630077101
1849,4,10.5111110475,9.49390989423241,1.0172011532675906
1850,3,11.0833333333,10.145886057878343,0.9374472754216576
1851,1,9.67999973297,10.301333706510281,0.6213339735402812
1852,5,10.1499996185,9.648956617503924,0.5010430009960771
1853,5,10.1999998093,10.083115233968169,0.11688457533183083
1854,5,10.5,10.330859431115966,0.16914056888403373
1855,4,9.55000019073,9.773887551375937,0.2238873606459375
1856,4,10.5,10.202279812904521,0.29772018709547865
1857,4,9.84999990463,9.902400083395369,0.052400178765369176
1858,3,9.83333333333,9.474200893392648,0.3591324399373512
1859,3,9.35789479707,9.641303531283146,0.28340873421314683
1860,3,11.1200000763,10.451624696640021,0.6683753796599792
1861,3,10.8461539195,10.632604441934008,0.21354947756599252
1862,2,9.80000019073,10.129565190556074,0.3295649998260739
1863,4,10.4099999428,9.832518099734727,0.5774818430652733
1864,1,8.45000004768,9.647004366785636,1.1970043191056359
1865,5,10.0499999523,10.46729020827,0.41729025597000025
1866,2,12.2000002861,9.451456226440133,2.748544059659867
1867,3,10.1857141767,9.28808075172143,0.8976334249785687
1868,5,9.0,10.105559586586034,1.1055595865860344
1869,3,8.69999980927,9.747542762463082,1.0475429531930818
1870,2,8.67999992371,9.678860058997104,0.9988601352871047
1871,3,9.75714274815,9.687703749456862,0.06943899869313874
1872,3,11.1499999762,9.88397628706219,1.2660236891378105
1873,4,10.1500000954,9.76394295639676,0.3860571390032401
1874,4,11.3346153773,10.263090609155917,1.0715247681440836
1875,5,9.33999977112,9.726414330965058,0.3864145598450577
1876,3,10.8000001907,10.418372710526837,0.3816274801731634
1877,2,12.3000001907,9.41775195906763,2.8822482316323708
1878,3,9.92857142857,9.651679926082378,0.2768915024876222
1879,4,8.74545435472,9.461955036236562,0.7165006815165622
1880,2,9.36666679382,9.758278336884912,0.3916115430649114
1881,4,11.9971429007,10.597399194626588,1.3997437060734121
1882,3,11.0857143402,9.834183091786603,1.2515312484133965
1883,1,8.88750016689,10.346269341164476,1.458769174274476
1884,5,11.2333332698,10.892191572911301,0.3411416968886982
1885,2,10.0500001907,9.512513563142187,0.5374866275578132
1886,2,9.93333339691,10.022428508231865,0.08909511132186587
1887,5,10.6999998093,9.933538085608937,0.7664617236910622
1888,2,10.8874999285,10.616946690634714,0.2705532378652862
1889,2,10.7333332698,9.771052452597862,0.9622808172021369
1890,2,11.7882352717,10.215980419914565,1.5722548517854342
1891,2,10.2461538315,10.163155258934099,0.08299857256590037
1892,4,9.26250004768,9.672148629859144,0.4096485821791447
1893,3,11.4882353614,10.69235526312665,0.7958800982733489
1894,3,8.29999987284,9.457516853021389,1.1575169801813878
1895,5,9.93030311122,10.658741459593774,0.7284383483737731
1896,1,11.6999998093,11.050097430496574,0.649902378803425
1897,2,10.9333333969,10.847225935430698,0.08610746146930204
1898,4,9.98571436746,9.496399894722671,0.48931447273732864
1899,5,10.5,9.943209562873356,0.5567904371266437
1900,4,11.4500000477,10.670656379599079,0.7793436681009211
1901,2,8.39999961853,9.770576558483128,1.3705769399531285
1902,3,11.0,10.44795219112975,0.5520478088702507
1903,4,11.1000003815,10.234577016542412,0.8654233649575875
1904,1,11.0199998856,9.964644588394847,1.0553552972051534
1905,1,12.5999999046,10.762805565698194,1.8371943389018064
1906,5,8.67499995232,9.293998575545148,0.6189986232251474
1907,4,10.8181819049,9.910797262873539,0.9073846420264609
1908,5,11.0673912504,11.78917793693401,0.7217866865340099
1909,3,9.08888891008,8.770357843887409,0.3185310661925911
1910,3,8.7000002861,8.743680308206404,0.04368002210640398
1911,2,8.29999995232,8.58151394972338,0.2815139974033798
1912,3,8.28000001907,8.482889970393868,0.20288995132386844
1913,5,6.89999993642,8.475504204370544,1.575504267950544
1914,4,8.80000019073,8.865363570166028,0.06536337943602888
1915,2,5.95000004768,7.0096505458402865,1.0596504981602868
1916,3,8.75,8.089560113794096,0.6604398862059035
1917,5,6.84285712242,6.82493722037815,0.017919902041850122
1918,2,7.09999990463,7.325444922283661,0.22544501765366132
1919,2,8.45555559794,8.391293781467327,0.0642618164726727
1920,4,8.5428571701,8.825265245033645,0.2824080749336453
1921,2,7.97500002384,8.199506341382937,0.2245063175429376
1922,2,9.30000019073,8.48920629477216,0.8107938959578398
1923,1,10.4500002861,9.234450086628835,1.2155501994711653
1924,2,7.33750003576,10.226297750176727,2.888797714416727
1925,5,5.80000019073,7.109946684749612,1.309946494019612
1926,3,7.51666665077,8.049434867648715,0.5327682168787149
1927,5,7.92857159887,7.799851240832282,0.1287203580377172
1928,2,6.38000001907,7.713743907054932,1.333743887984932
1929,4,9.84999990463,8.637126468271955,1.212873436358045
1930,5,10.8999996185,9.165059932899261,1.7349396856007395
1931,5,8.19999985695,8.767540233077547,0.5675403761275462
1932,4,11.1500000954,11.645158766146086,0.4951586707460862
1933,5,8.49047619956,8.265687377679122,0.22478882188087823
1934,1,6.33333333333,7.087895833063852,0.7545624997338525
1935,1,7.85000014305,8.131779983646252,0.2817798405962524
1936,4,9.44999980927,9.298010204885315,0.1519896043846849
1937,1,5.86666663488,7.032459450036325,1.1657928151563253
1938,4,6.80000019073,7.715110606348403,0.9151104156184031
1939,5,11.5249998569,10.804207320306984,0.7207925365930148
1940,3,6.20000004768,7.256158582681127,1.0561585350011269
1941,1,11.3000001907,9.084173562892307,2.2158266278076937
1942,4,8.26666673024,7.954474465863996,0.3121922643760051
1943,4,7.0,9.107931193870396,2.107931193870396
1944,3,8.39999961853,8.16691752659972,0.23308209193027984
1945,1,11.4199998856,10.55777224710211,0.86222763849789
1946,4,6.66000003815,7.773835472358295,1.113835434208295
1947,3,7.85000014305,7.938827975888882,0.08882783283888163
1948,4,7.5,7.577276237550471,0.0772762375504712
1949,5,8.56000003815,8.128403446276236,0.4315965918737632
1950,1,6.71999999682,7.2289790719245595,0.5089790751045591
1951,3,8.59999990463,9.36769270866668,0.767692804036681
1952,2,7.19999980927,7.463703478346088,0.26370366907608744
1953,1,7.44999980927,7.823643085444672,0.37364327617467197
1954,1,7.63333336512,7.9511674432596875,0.3178340781396871
1955,1,8.1999999455,7.532069059419262,0.6679308860807378
1956,3,7.84000000954,7.653486715756176,0.18651329378382364
1957,2,7.96000003815,7.720029160451439,0.23997087769856051
1958,4,9.91428565979,8.802068784765371,1.1122168750246288
1959,5,7.29999983311,7.705428663601576,0.40542883049157563
1960,5,8.16666678588,8.241493286243989,0.0748265003639883
1961,4,8.17142854418,8.403849922191165,0.2324213780111659
1962,2,7.36666663488,7.571484110120234,0.20481747524023408
1963,2,7.86250007153,7.971343325915118,0.10884325438511766
1964,1,8.10000006358,7.920992881495781,0.17900718208421829
1965,1,7.48000001907,7.742911062410378,0.2629110433403774
1966,3,7.55999994278,7.469803189286752,0.09019675349324796
1967,4,6.79999995232,7.456220236867528,0.656220284547528
1968,4,6.73999996185,7.698217505839959,0.9582175439899592
1969,5,8.67499995232,8.634586978024547,0.0404129742954531
1970,5,7.58333341281,8.303591925890037,0.7202585130800374
1971,1,7.97500014305,8.249539792726374,0.2745396496763739
1972,3,8.00000011921,8.24159781918157,0.2415976999715692
1973,4,9.25,8.93810173177795,0.31189826822205013
1974,4,6.75000002384,7.792412091864778,1.0424120680247775
1975,3,8.00000015895,7.469698664703257,0.5303014942467428
1976,5,6.125,8.045250155558028,1.920250155558028
1977,4,7.31666668256,7.807915530898834,0.49124884833883353
1978,1,7.10000014305,10.32831416229635,3.2283140192463495
1979,3,9.25,8.645274103403061,0.6047258965969391
1980,5,6.06666660309,8.400233690715961,2.333567087625961
1981,1,8.29999987284,8.507086216514299,0.20708634367429823
1982,2,7.77500009537,8.207502235158959,0.4325021397889586
1983,1,5.79999995232,7.43218703630466,1.6321870839846593
1984,1,6.30000019073,7.296578472758612,0.9965782820286124
1985,3,11.3999996185,11.317608008558706,0.08239160994129513
1986,5,11.3285714558,10.836901393531916,0.49167006226808496
1987,4,12.1692307546,11.691095422047667,0.4781353325523323
1988,4,9.68124997616,10.275635381739036,0.5943854055790361
1989,1,11.3200000763,11.624492833148675,0.30449275684867594
1990,5,11.6999998093,11.402400323478291,0.29759948582170814
1991,4,11.7000000817,10.941987451744428,0.758012629955573
1992,3,11.1999998093,11.360356470349187,0.1603566610491871
1993,4,10.9000001907,10.616085511978612,0.28391467872138776
1994,5,8.91818178784,10.262503543961138,1.344321756121138
1995,3,7.50833340486,7.588269105227448,0.07993570036744746
1996,4,11.4300000191,11.83442735428454,0.40442733518453977
1997,5,11.5333334605,12.15917114034194,0.6258376798419398
1998,5,11.2599999428,11.531020536424808,0.271020593624808
1999,4,11.3999996185,11.417868245434624,0.017868626934623322
2000,5,12.0300000191,11.23873880641036,0.7912612126896388
2001,2,11.5,11.559391400538532,0.05939140053853187
2002,1,11.4833332698,12.02677768826021,0.5434444184602114
2003,2,11.7565216811,12.27753732658806,0.5210156454880597
2004,2,12.7249997854,12.751975843656277,0.02697605825627747
2005,4,11.4499998093,11.324165877098544,0.12583393220145567
2006,2,12.0599999905,11.380025152728752,0.6799748377712476
2007,4,12.5454544588,11.998395786903455,0.5470586718965453
2008,2,13.8240000153,12.226603490790703,1.5973965245092963
2009,1,11.5,11.804176600514058,0.30417660051405804
2010,4,11.6000003815,11.367581592737826,0.23241878876217292
2011,4,12.8000000636,12.757760587043087,0.0422394765569134
2012,1,9.78333338102,10.60622011192922,0.8228867309092198
2013,2,11.4199998856,10.973808451923036,0.44619143367696346
2014,4,12.6666666667,12.217592213785167,0.4490744529148323
2015,2,12.8923077217,12.431570183998527,0.46073753770147263
2016,4,11.3999996185,11.197720612601467,0.20227900589853398
2017,3,12.0692308132,12.373205126147228,0.30397431294722743
2018,2,11.3333333333,12.10114024661262,0.7678069133126186
2019,1,13.7272727273,12.15480054005652,1.5724721872434806
2020,1,12.1333333121,11.87285756175858,0.2604757503414188
2021,1,11.8000001907,12.161440582517752,0.36144039181775156
2022,3,7.09999990463,7.863079887010235,0.7630799823802352
2023,4,9.06666670905,8.56191779870167,0.5047489103483311
2024,2,11.9000000954,12.200915761255377,0.30091566585537777
2025,2,11.1666666667,11.748013513321716,0.5813468466217167
2026,5,13.6499999364,12.904136777009702,0.7458631593902982
2027,5,11.9736841101,12.297899432501094,0.3242153224010931
2028,3,12.3264706135,12.41672174723948,0.09025113373948024
2029,2,11.0285713332,11.130457959110748,0.1018866259107476
2030,2,11.3499999046,11.220549181817844,0.1294507227821562
2031,3,11.3000001907,10.944358628688134,0.3556415620118667
2032,5,10.0750000477,10.613238866293953,0.5382388185939533
2033,5,10.4714285987,11.100297361476859,0.6288687627768592
2034,1,10.9428571065,11.158802758062402,0.21594565156240186
2035,3,11.6000003815,11.102934737112614,0.4970656443873853
2036,1,7.65714297976,8.361034822771769,0.7038918430117693
2037,3,10.8999996185,11.440793225218856,0.5407936067188555
2038,3,10.8399999619,11.006373595927595,0.16637363402759497
2039,1,13.0333334605,12.422516428411427,0.6108170320885726
2040,4,10.9064515637,11.169782940681381,0.2633313769813821
2041,4,11.4499998093,11.09540325557468,0.35459655372531884
2042,4,9.60169491525,9.993473171685709,0.3917782564357086
2043,5,10.5,10.795376411973395,0.29537641197339504
2044,5,11.0666666031,11.302929719738188,0.2362631166381881
2045,2,13.8833333121,12.685520303391963,1.197813008708037
2046,1,10.9500000477,11.169306001846099,0.21930595414609932
2047,5,10.9000000954,10.715797632611416,0.18420246278858343
2048,5,9.75999984741,10.373015315290152,0.6130154678801514
2049,5,11.9749999046,11.586461166575578,0.3885387380244225
2050,5,11.3624999523,10.893325829428667,0.4691741228713333
2051,5,11.2937499881,11.626090288975552,0.33234030087555233
2052,4,10.3826923187,9.724119206542827,0.658573112157173
2053,4,10.9499998093,11.123141685638762,0.17314187633876266
2054,1,11.2702702703,11.868586343285667,0.5983160729856678
2055,1,11.0333334605,11.171692301420496,0.1383588409204961
2056,5,11.6000000636,11.17288351244677,0.42711655115322955
2057,1,7.36666663488,7.609288277622079,0.24262164274207976
2058,2,10.8499999046,11.301295829389959,0.4512959247899584
2059,3,12.2800001144,11.896859532154004,0.38314058224599634
2060,5,7.18333323797,7.605050856266346,0.4217176182963458
2061,3,12.2592591886,13.049105523757511,0.7898463351575113
2062,5,10.8666667938,10.980016129287518,0.11334933548751813
2063,2,11.9307692601,11.275578512779562,0.6551907473204377
2064,5,10.5,10.987915167553892,0.48791516755389175
2065,5,11.5625000596,11.539190919080147,0.02330914051985289
2066,4,12.0,12.105439656582776,0.10543965658277621
2067,2,11.3500001431,11.734983503282786,0.384983360182785
2068,4,7.75161290938,7.479149833902065,0.27246307547793513
2069,1,8.90408167547,8.832095152144523,0.07198652332547617
2070,4,10.5428573063,10.946495469601928,0.4036381633019275
2071,5,10.9166665077,10.81935879778282,0.09730770991717996
2072,2,11.1999998093,11.28098139079265,0.08098158149265089
2073,2,11.1000000636,11.084541133474564,0.015458930125435089
2074,5,10.591666619,10.802119601180728,0.21045298218072794
2075,1,11.3428570884,12.100787361997705,0.7579302735977045
2076,3,11.5,11.267144816379947,0.2328551836200532
2077,3,11.4038461538,11.877643186027813,0.47379703222781266
2078,2,12.4842105665,12.117088706958658,0.36712185954134213
2079,5,13.8285715921,12.613042854865961,1.2155287372340382
2080,3,11.6000003815,11.05884704764725,0.5411533338527494
2081,3,11.2999997139,11.110192972555808,0.18980674134419218
2082,5,7.33636361902,7.472897982118357,0.13653436309835687
2083,2,10.875,10.910094037845003,0.035094037845002646
2084,3,11.0,10.775844426365545,0.22415557363445515
2085,1,11.2749998569,11.764958115706039,0.4899582588060394
2086,3,10.5600000381,10.722360575496618,0.1623605373966175
2087,1,7.36923074722,7.597013024153331,0.22778227693333175
2088,1,13.4285711561,12.829090683319636,0.599480472780364
2089,2,11.2299999237,11.248841877717133,0.018841954017133844
2090,4,11.3400001526,11.28701511912382,0.052985033476179666
2091,3,10.8918918919,11.008737766031137,0.1168458741311369
2092,4,11.0666666031,10.969462307596734,0.09720429550326593
2093,4,12.0000001362,12.011735837953024,0.01173570175302352
2094,2,11.8999998569,11.988347169519047,0.08834731261904771
2095,3,11.0846154873,11.352328960112892,0.2677134728128916
2096,4,10.6000003815,11.022720611500027,0.4227202300000279
2097,4,10.8999996185,10.941245039655174,0.041245421155172934
2098,2,11.4235294566,12.205975050766353,0.7824455941663526
2099,3,11.1000000238,10.886450245911895,0.21354977788810459
2100,4,12.0421053234,12.479472510090208,0.43736718669020824
2101,4,11.25,10.862128489242483,0.3878715107575168
2102,1,11.5275862464,12.238918352580784,0.7113321061807838
2103,4,11.3000001907,11.186663487798223,0.113336702901778
2104,4,12.9900001049,12.636305114052282,0.3536949908477176
2105,5,11.5083333651,12.074783578197994,0.566450213097994
2106,5,11.0,11.305590039692019,0.30559003969201903
2107,2,10.4470587338,10.973156223247232,0.5260974894472312
2108,1,12.6380952805,12.295406618984059,0.34268866151594146
2109,1,12.2,12.233196097890117,0.03319609789011757
2110,2,10.6999998093,10.881943765315938,0.18194395601593882
2111,2,11.5333331426,11.503380692396002,0.029952450203998282
2112,3,12.8702702909,12.336280300834435,0.5339899900655656
2113,5,10.9250001907,12.1441484126795,1.2191482219795002
2114,2,11.2000001272,10.93146964127036,0.2685304859296398
2115,2,11.0562500656,10.420694039136542,0.6355560264634583
2116,5,11.0500001907,11.119087782046016,0.06908759134601539
2117,4,7.07499998808,7.620974695256858,0.5459747071768577
2118,3,10.8374998569,11.457779493627518,0.6202796367275187
2119,1,11.1999998093,11.449043438960864,0.24904362966086424
2120,5,12.4555555979,11.626217281740294,0.8293383161597063
2121,3,13.1333332062,12.454981358334779,0.6783518478652208
2122,2,10.2083332539,9.344028728220382,0.8643045256796178
2123,3,10.0119998932,10.606084306284055,0.5940844130840546
2124,1,13.4506493482,12.695138789201245,0.7555105589987559
2125,5,11.7999998728,11.781455739055616,0.018544133744384794
2126,3,8.07083340486,8.784782220106484,0.7139488152464839
2127,1,12.8230770184,12.370975596391558,0.4521014220084414
2128,1,12.188235339,12.552497520331693,0.36426218133169286
2129,2,10.7666665713,10.775466868418698,0.008800297118698452
2130,4,11.5625000397,11.141142214633737,0.42135782506626285
2131,3,11.6999998093,10.872467113226465,0.8275326960735345
2132,2,11.7857141495,11.592578928709163,0.1931352207908379
2133,2,12.4642856462,11.40771716997564,1.05656847622436
2134,2,12.7263159501,12.672244418037689,0.05407153206231108
2135,3,10.9125001431,11.902258568771444,0.9897584256714431
2136,5,11.4999996821,11.243909215750525,0.25609046634947497
2137,5,11.3499999046,11.201926342509147,0.14807356209085398
2138,2,9.86913578599,9.989382284900545,0.12024649891054473
2139,5,11.25,11.059929229612408,0.19007077038759235
2140,2,10.9249999523,11.066783073323547,0.14178312102354695
2141,5,13.1419354562,12.682487809016445,0.4594476471835556
2142,1,11.1333332062,10.703535498836265,0.42979770736373446
2143,5,10.4999997616,10.866311546604193,0.3663117850041928
2144,1,8.23157895239,9.035641484820056,0.8040625324300557
2145,1,11.7600000381,12.261869556423004,0.5018695183230051
2146,3,10.9333333969,11.415629491483712,0.48229609458371137
2147,2,11.8777777354,12.38243770855683,0.50465997315683
2148,4,10.5875000954,10.940912582723795,0.35341248732379604
2149,2,11.5,11.078135440593961,0.42186455940603906
2150,1,10.9749999046,11.29780801767189,0.32280811307188984
2151,4,9.70769229302,10.431800566327617,0.7241082733076176
2152,2,11.9545453678,12.308330465637544,0.3537850978375445
2153,4,10.8750000795,11.119428290249202,0.24442821074920218
2154,1,10.6500000954,11.27973479442467,0.6297346990246702
2155,3,12.7666664124,12.078427623650127,0.6882387887498727
2156,5,12.7000000212,12.20990479238878,0.49009522881121903
2157,1,11.2406250834,11.977244950462827,0.7366198670628279
2158,4,13.7600001335,12.73890582811283,1.0210943053871695
2159,4,11.0599998474,11.173271211662241,0.11327136426224094
2160,4,10.5799998283,10.903594895856187,0.3235950675561874
2161,4,11.1380952199,11.004128930298267,0.13396628960173373
2162,5,12.7833334605,12.336423365612143,0.4469100948878566
2163,3,10.9100000381,11.171498770840707,0.2614987327407068
2164,2,10.8818182512,10.997450295396623,0.11563204419662299
2165,2,9.76923073255,11.944893381918973,2.1756626493689737
2166,3,11.0384614651,11.046184966970898,0.0077235018708989855
2167,1,10.9950000525,12.502809926891834,1.5078098743918336
2168,1,13.1399999619,11.85631288671952,1.2836870751804792
2169,4,13.4,12.791493944026442,0.6085060559735584
2170,3,7.33999996185,7.666012164233307,0.32601220238330697
2171,4,11.2250001431,11.182080729454704,0.042919413645297055
2172,4,12.7906250358,12.261503855500619,0.5291211802993807
2173,3,10.7333335876,11.334574015301465,0.6012404277014642
2174,1,10.8999996185,10.788843080557282,0.11115653794271907
2175,2,11.25,11.089644893130702,0.16035510686929833
2176,4,12.3150685193,12.18434798305036,0.13072053624964042
2177,2,11.1428571429,11.023293814617372,0.11956332828262894
2178,2,12.0600000381,11.7695328271396,0.29046721096040073
2179,4,11.5,11.100603371316504,0.3993966286834958
2180,5,10.8874999285,11.155875438422113,0.26837550992211234
2181,3,12.5800000191,11.901811725736039,0.6781882933639611
2182,3,12.6249998808,12.047836987311872,0.5771628934881292
2183,1,11.0,10.681131160007784,0.3188688399922164
2184,1,13.507692337,12.728803069490414,0.7788892675095855
2185,4,10.0833334923,10.015591032951631,0.0677424593483682
2186,4,10.5833334923,11.844845861487862,1.2615123691878622
2187,4,10.8636363636,11.659545402457006,0.7959090388570065
2188,2,12.0333334605,11.604119508008486,0.42921395249151395
2189,1,11.3000001907,11.373504283788593,0.07350409308859263
2190,5,11.5999999728,9.815478144933959,1.7845218278660404
2191,2,7.37241383257,7.640449211046539,0.26803537847653836
2192,5,10.7,10.96375061022642,0.26375061022642043
2193,5,8.66896556986,9.49605510308209,0.8270895332220913
2194,3,11.0333331426,11.661349746986206,0.6280166043862057
2195,4,11.9399999619,11.624624536933522,0.3153754249664775
2196,4,10.8600000381,10.778678588890966,0.08132144920903528
2197,3,13.4360000229,12.555407388053094,0.8805926348469058
2198,5,11.1999999682,10.94690453888104,0.2530954293189609
2199,2,11.0,10.870818073827696,0.12918192617230417
2200,5,12.0,12.765293322242101,0.7652933222421012
2201,1,11.3666664759,12.464728031819355,1.0980615559193545
2202,4,12.2000000278,12.407940552766837,0.2079405249668369
2203,5,11.0349999428,10.693389961697612,0.3416099811023887
2204,5,7.35000002384,7.67481611773935,0.32481609389934984
2205,5,7.85000007493,8.02018944734839,0.17018937241839005
2206,3,10.5750000477,11.258800293975213,0.6838002462752133
2207,4,8.98000011444,10.356620032138675,1.376619917698676
2208,3,11.0333334605,11.974614052585451,0.9412805920854517
2209,3,11.4166665077,11.135001488915227,0.2816650187847731
2210,1,10.6,11.238370097015526,0.6383700970155264
2211,2,11.5,11.132268290131218,0.36773170986878156
2212,3,12.7875000238,12.208119402246874,0.5793806215531259
2213,2,11.3500000954,12.208150538172205,0.8581504427722049
2214,2,10.2428571156,10.639637099146022,0.39677998354602195
2215,1,10.9666665395,10.75720202481209,0.2094645146879106
2216,1,10.8499997457,11.06587154039683,0.21587179469683093
2217,4,11.3999998093,12.821386165247475,1.4213863559474742
2218,1,10.7571428844,11.00353582295515,0.2463929385551502
2219,5,12.4142856598,11.519720065811613,0.8945655939883874
2220,3,8.3400001049,8.219153220875572,0.12084688402442723
2221,1,10.294736812,10.250187191969179,0.0445496200308213
2222,4,17.299999942,17.02224246387947,0.277757478120531
2223,3,12.1666666667,12.934510849357125,0.7678441826571252
2224,4,10.6666666667,11.09641029035816,0.42974362365816
2225,2,14.8699998856,14.390691957783641,0.4793079278163592
2226,3,12.685714313,12.3436950423756,0.34201927062439985
2227,1,17.1250004768,14.110147647838827,3.014852828961173
2228,2,14.3666664759,14.594260360775321,0.22759388487532028
2229,3,17.0124996901,14.892703280774343,2.119796409325657
2230,4,9.7411110984,13.925636218767034,4.184525120367034
2231,1,15.0,16.262360767586713,1.2623607675867135
2232,1,15.8327869665,15.686146929261449,0.14664003723855146
2233,2,16.9714284624,15.108665260222724,1.862763202177275
2234,3,12.3499999046,12.19585207733828,0.1541478272617205
2235,4,16.2249999046,15.047191555896042,1.1778083487039588
2236,1,16.0,15.694690647666663,0.305309352333337
2237,3,10.7642856325,12.153735943079619,1.389450310579619
2238,1,16.1629631254,14.94244613659641,1.2205169888035918
2239,1,16.4599996567,15.856675523051209,0.6033241336487905
2240,4,15.4571429661,15.958359575860326,0.501216609760327
2241,3,17.0199996948,14.394752138223199,2.6252475565768005
2242,4,15.2333335876,13.999860504520399,1.233473083079602
2243,5,17.4000005722,16.203549049025636,1.196451523174364
2244,3,11.8467290201,13.690480178774779,1.8437511586747792
2245,2,10.7388888995,12.054121310777617,1.3152324112776181
2246,3,14.6048780767,14.782803290629724,0.17792521392972382
2247,5,13.192307729,12.101712262149682,1.090595466850317
2248,3,17.2999992371,15.539336526767684,1.7606627103323156
2249,2,13.6,13.221520699581252,0.3784793004187481
2250,1,11.0692306665,12.866972400884736,1.7977417343847364
2251,2,15.3857142585,14.756324107001083,0.6293901514989173
2252,1,15.5500001907,15.693237620304204,0.14323742960420383
2253,3,15.4666668574,15.538056238657003,0.07138938125700278
2254,1,16.6185184761,16.003016225515342,0.6155022505846581
2255,5,16.699999896,15.269958879980065,1.4300410160199366
2256,3,15.9333333969,15.791604624060055,0.14172877283994545
2257,4,11.5374999046,12.644989420544237,1.107489515944236
2258,4,16.5285715376,15.542807041121126,0.9857644964788754
2259,4,11.6833333174,12.639497081537193,0.9561637641371927
2260,2,12.1928571974,13.12707310463392,0.93421590723392
2261,4,16.914285569,15.930639419602091,0.9836461493979094
2262,3,16.4166666667,15.704784680538696,0.7118819861613037
2263,3,14.4600002289,13.725878847782178,0.7341213811178218
2264,2,18.1000003815,14.83514799306314,3.264852388436859
2265,5,16.3833335241,15.914016436251702,0.46931708784829773
2266,3,16.0250000954,15.7695177676436,0.2554823277563987
2267,1,15.2785715376,16.354712414733708,1.0761408771337084
2268,2,14.3285714558,14.494687617702523,0.1661161619025222
2269,2,14.5166667302,14.487666848240066,0.02899988195993508
2270,1,13.9192307546,14.276844518831288,0.35761376423128866
2271,1,15.2400001526,15.945421520949642,0.7054213683496418
2272,2,12.8121951499,12.738937590443385,0.07325755945661605
2273,2,14.4333333969,15.23497672934054,0.8016433324405394
2274,4,14.3000001907,13.994668061552533,0.30533212914746777
2275,2,15.8333332274,15.615641545994185,0.21769168140581563
2276,3,16.0588235014,16.04890231705538,0.00992118434461986
2277,2,12.8535714149,13.399463012714804,0.5458915978148049
2278,5,17.6615386376,16.809159383493796,0.8523792541062036
2279,5,13.770270296,13.20384389653978,0.5664263994602194
2280,3,11.9749999046,12.65707897454776,0.6820790699477595
2281,2,12.6888890266,13.381252270523197,0.6923632439231966
2282,4,15.9571426937,15.639130716106386,0.31801197759361344
2283,3,13.9000000703,13.874638121988694,0.025361948311307003
2284,3,15.2400001526,14.193540314619868,1.046459837980132
2285,4,16.4499998093,16.106847090596357,0.3431527187036423
2286,2,14.5,14.153458258296997,0.3465417417030032
2287,2,11.8499999046,12.4372448482321,0.5872449436320988
2288,1,14.9000000954,15.466089360519913,0.5660892651199134
2289,5,14.7863636017,14.857966660749119,0.07160305904911901
2290,1,13.6461538902,13.88963725217883,0.24348336197882858
2291,2,14.0047619002,14.245853200447579,0.24109130024757874
2292,4,14.2000000337,14.29627811289587,0.09627807919586928
2293,5,13.486666743,14.402522075706262,0.9158553327062613
2294,4,12.7199998856,14.051105145000122,1.3311052594001218
2295,4,15.2285714831,14.916306498939779,0.31226498416022075
2296,3,14.0428570339,13.677669017401731,0.36518801649826926
2297,4,14.2000001272,14.450631696348667,0.250631569148668
2298,3,16.4500001272,16.636927834867137,0.18692770766713807
2299,3,13.6600000381,13.529772264229,0.13022777387099893
2300,3,13.2999999523,13.717735337088754,0.41773538478875416
2301,1,16.4285714286,16.016453520977258,0.4121179076227435
2302,2,15.4125001431,15.643843524860568,0.231343381760567
2303,1,13.7000002861,13.205725793937491,0.49427449216250885
2304,2,15.0416667461,15.101659295661385,0.05999254956138422
2305,4,13.7999998728,14.68664829962035,0.886648426820349
2306,3,14.1999999046,13.163381272421852,1.0366186321781488
2307,4,14.9111110899,13.911616451075679,0.9994946388243218
2308,1,16.4000000954,16.073107063420107,0.3268930319798926
2309,4,16.2000001272,15.593070415896355,0.6069297113036445
2310,1,16.8818182512,15.595203677307063,1.286614573892935
2311,2,15.8124998808,15.348283971987412,0.464215908812589
2312,2,14.6399998665,14.636469423163462,0.0035304433365386245
2313,3,17.1700000127,17.028792971467198,0.14120704123280348
2314,3,12.933333238,13.40779411537212,0.4744608773721204
2315,2,15.2437499166,14.66939195262006,0.5743579639799403
2316,1,16.7666664124,16.14077036871779,0.6258960436822107
2317,2,14.8499999046,15.341142266794577,0.4911423621945765
2318,1,15.5250000954,15.662415719741348,0.13741562434134913
2319,1,15.7300000191,14.86401187096811,0.8659881481318905
2320,2,16.2666664124,15.915162108719041,0.351504303680958
2321,3,16.2000007629,15.65998785362421,0.5400129092757897
2322,5,15.7250001431,16.001237404140507,0.2762372610405066
2323,4,11.6166667144,13.015424496550562,1.398757782150561
2324,4,15.8875000477,14.536276022984945,1.351224024715055
2325,1,15.0199999809,14.543325503912017,0.4766744769879825
2326,4,15.0,14.587722411328539,0.41227758867146136
2327,5,11.4785715512,13.631592697249376,2.153021146049376
2328,1,14.9000000954,15.456073632487733,0.5560735370877339
2329,3,10.5666666031,12.014288827688585,1.447622224588585
2330,4,15.585714204,15.672177074055044,0.08646287005504405
2331,3,16.2499998093,14.641437806401703,1.6085620028982976
2332,3,15.8666667938,15.834520912178101,0.03214588162189891
2333,1,12.1800001144,13.298737729400774,1.1187376150007733
2334,4,16.5000003179,15.865167612547005,0.634832705352995
2335,1,12.052941154,13.306019789119283,1.253078635119282
2336,5,14.4,14.610331513506202,0.21033151350620116
2337,1,11.4000001907,12.378017873135464,0.978017682435464
2338,3,13.262857151,13.396659446632297,0.13380229563229662
2339,3,15.1333332062,14.294440942277976,0.8388922639220233
2340,1,13.8499997457,15.071061804707806,1.2210620590078065
2341,4,16.4555557039,16.209156880811637,0.24639882308836292
2342,1,15.7833334605,14.906179236673452,0.8771542238265475
2343,5,14.7785714694,14.463896372088275,0.31467509731172427
2344,1,13.6500000954,13.949916311067785,0.2999162156677855
2345,3,13.1799999237,13.717228857968184,0.5372289342681835
2346,4,11.3124998808,13.066443407813397,1.753943527013396
2347,1,15.9444445504,15.451491081999539,0.4929534684004615
2348,1,15.9599998474,16.044691077296918,0.08469122989691691
2349,5,15.2000001272,15.7434064296213,0.5434063024213014
2350,3,14.6000003815,14.807037280920255,0.20703689942025605
2351,1,15.3499999046,15.686459978380398,0.33646007378039755
2352,4,11.8000001907,13.966278093900462,2.166277903200461
2353,5,12.060714313,13.726364833164704,1.6656505201647036
2354,3,11.9727272554,13.200377857830832,1.2276506024308311
2355,5,11.6833333969,13.118171545124968,1.4348381482249675
2356,5,12.3250000477,11.265781994762868,1.0592180529371316
2357,1,16.45,14.308020798752436,2.1419792012475636
2358,2,15.3499999046,14.619601106662072,0.7303987979379283
2359,5,15.7400000254,16.032354547502408,0.2923545221024071
2360,2,15.816666762,15.970810528157854,0.15414376615785308
2361,4,15.2999998728,15.996313402050303,0.6963135292503022
2362,2,14.8000000318,14.33502825850504,0.464971773294959
2363,3,17.2999992371,15.794625993177418,1.5053732439225822
2364,3,15.0307692014,16.111331232934504,1.0805620315345035
2365,5,15.9250001907,16.028479069715676,0.10347887901567532
2366,1,13.9199998856,14.509323334040891,0.5893234484408918
2367,2,15.4333335029,15.641453626092982,0.20812012319298212
2368,5,15.4545453678,15.080312347382748,0.37423302041725215
2369,4,14.8000001907,14.433750644493996,0.3662495462060047
2370,2,13.9600002289,13.67077388233543,0.28922634656457014
2371,5,14.5666666031,14.101494106267188,0.46517249683281214
2372,1,15.7750000954,15.660227524511155,0.11477257088884407
2373,2,15.6000000636,15.731089661800658,0.13108959820065813
2374,3,13.9249999523,13.885602615982261,0.03939733631773912
2375,1,13.7307692308,13.240605366103397,0.4901638646966031
2376,4,12.8357143062,13.45242022990459,0.6167059237045898
2377,2,16.0000001589,15.913718216635749,0.08628194226425201
2378,4,15.8333333333,14.39740507507038,1.4359282582296213
2379,3,11.8619047801,13.886191380397065,2.0242866002970654
2380,1,13.7000001907,13.384526947484352,0.3154732432156493
2381,3,15.5263157895,15.692555792069394,0.16624000256939375
2382,5,16.8833332062,15.336689926139055,1.5466432800609446
2383,5,17.008108139,16.137971966058096,0.8701361729419048
2384,4,16.0571430751,15.99281813858776,0.06432493651224114
2385,5,11.5500000318,12.406324614845683,0.8563245830456836
2386,2,15.8249999285,14.386800170589371,1.4381997579106294
2387,4,11.1400000572,11.849179089662886,0.7091790324628864
2388,1,14.1749999523,12.726716069044109,1.4482838832558915
2389,1,14.9400001526,14.690041002755033,0.24995914984496714
2390,1,13.3428570884,14.093627559539385,0.7507704711393846
2391,1,15.7750003338,15.630898701392988,0.14410163240701124
2392,1,10.5999999728,12.047794817472042,1.4477948446720426
2393,5,11.6000000636,13.387138019759913,1.7871379561599134
2394,4,13.3363637057,14.289695398058127,0.9533316923581268
2395,3,11.411764762,12.891769719052215,1.4800049570522145
2396,5,16.9666662216,15.919663425810825,1.0470027957891759
2397,3,11.1266665141,12.02849796873182,0.9018314546318198
2398,4,16.6999996185,15.55854740971795,1.1414522087820522
2399,2,16.6375000477,15.716884207917168,0.9206158397828332
2400,2,14.9285713605,14.459499710571308,0.46907164992869177
2401,2,13.4416666031,13.457018182590533,0.015351579490532785
2402,3,11.5384614651,12.623718343847365,1.0852568787473658
2403,5,14.6500000954,14.899740947209526,0.249740851809527
2404,2,14.7000001272,13.803336796694726,0.8966633305052731
2405,1,16.1600000381,14.87944380226649,1.2805562358335116
2406,2,15.3874999285,15.571008855816896,0.18350892731689505
2407,1,14.7999999523,14.358319415076464,0.4416805372235366
2408,5,18.2833331426,16.8590680485656,1.4242650940344
2409,4,14.3000000545,13.98967558971073,0.3103244647892698
2410,3,12.5517241708,13.853384614164677,1.3016604433646766
2411,4,15.0250000954,13.798184392370906,1.226815703029093
2412,1,14.5,14.457567166855275,0.04243283314472457
2413,2,15.5000003179,15.957573910751677,0.4575735928516771
2414,2,16.4249997139,15.840203059621677,0.584796654278323
2415,3,13.9500000477,13.244585399598757,0.7054146481012431
2416,4,16.6142861503,15.954012163972257,0.6602739863277431
2417,1,14.3909091082,14.454222977781905,0.06331386958190421
2418,3,15.0666666826,14.585213013683555,0.48145366891644414
2419,5,12.399999891,13.180090799081785,0.7800909080817853
2420,1,11.4142856598,11.741436844589373,0.327151184789372
2421,5,11.1944443915,13.138234621697176,1.9437902301971768
2422,1,13.707692293,13.311222532637814,0.3964697603621854
2423,2,12.0999998728,13.328945858611599,1.228945985811599
2424,4,15.6666663488,15.831314938544468,0.16464858974446805
2425,2,17.2999998728,15.56550864553089,1.7344912272691104
2426,4,14.0259258835,14.02158654455485,0.0043393389451491515
2427,5,15.3173912712,15.811056173945374,0.49366490274537433
2428,5,15.3900000572,15.853224718211537,0.46322466101153736
2429,3,11.6272727793,11.228406116061572,0.3988666632384277
2430,5,12.8166666826,13.502334317168808,0.6856676345688086
2431,4,13.8388889631,14.14345962238164,0.30457065928163907
2432,3,16.4625002146,16.03853248573739,0.4239677288626069
2433,5,17.7777777778,16.93410688269696,0.8436708951030418
2434,2,16.1333335241,15.778328783719562,0.35500474038043706
2435,1,16.7833333015,15.098047877501546,1.6852854239984545
2436,3,16.1444446246,16.91543777745893,0.7709931528589316
2437,4,21.4000000954,16.499247920145717,4.900752175254283
2438,4,15.0409836222,17.413250446677434,2.3722668244774336
2439,1,27.9338028867,27.311138783098286,0.6226641036017142
2440,4,14.204255307,14.586129740031344,0.38187443303134394
2441,2,17.9599998474,18.3147660217411,0.35476617434110125
2442,1,14.6242424647,17.1109501633648,2.4867076986648016
2443,5,22.7312502861,19.318070402431438,3.413179883668562
2444,1,15.2833332221,16.88719947694675,1.6038662548467517
2445,3,29.3095808315,32.48347519674813,3.173894365248131
2446,3,13.8631579081,15.900048770044483,2.0368908619444834
2447,1,13.4285715648,15.851744118451755,2.4231725536517548
2448,2,26.1416665713,24.236118151103856,1.9055484201961441
2449,3,22.5,19.817163680039126,2.682836319960874
2450,1,33.92990203,29.950948849193132,3.9789531808068688
2451,4,20.5874999166,16.23539398834281,4.352105928257188
2452,1,24.2297872178,22.283550972855256,1.9462362449447426
2453,1,13.801388873,16.012886612241378,2.211497739241377
2454,5,17.5416665872,17.33252487585147,0.20914171134853277
2455,1,26.3037036472,26.13664003830295,0.16706360889704897
2456,1,24.0342995556,19.240974619139134,4.793324936460866
2457,2,15.3462962398,21.29320923824888,5.946912998448882
2458,2,25.1329113924,24.26359382727553,0.8693175651244722
2459,1,18.7299999237,20.16320851071285,1.4332085870128495
2460,4,29.0947367685,27.478270699472475,1.616466069027524
2461,4,19.3703705823,18.960058040522853,0.4103125417771487
2462,3,16.6777777884,18.01662782208612,1.3388500336861213
2463,4,27.9500000954,27.110984664761794,0.8390154306382058
2464,1,29.2233332952,27.41620037331567,1.8071329218843282
2465,2,19.7846152966,18.878055622773346,0.9065596738266528
2466,5,24.5757574024,24.01763356624961,0.55812383615039
2467,3,14.6266666483,16.220229688525343,1.5935630402253427
2468,4,26.8571428571,26.564826733510436,0.2923161235895648
2469,5,34.7862384341,31.30510650741843,3.48113192668157
2470,1,31.4779005209,28.13499743402231,3.3429030868776906
2471,1,20.4375000397,20.54383605892015,0.1063360192201479
2472,5,29.2849999428,25.256126909393092,4.0288730334069065
2473,1,31.7736841503,30.871929618597047,0.9017545317029523
2474,1,20.2770832777,17.306364357779604,2.9707189199203974
2475,5,23.7999998728,24.009229036396263,0.20922916359626242
2476,3,24.0636362596,20.371282069301667,3.6923541902983317
2477,4,22.9637681712,22.44385137101227,0.5199168001877332
2478,2,18.0199998856,18.263394254323387,0.24339436872338638
2479,5,22.9437500238,24.104289032846083,1.160539009046083
2480,3,26.5500001907,24.752969077597296,1.7970311131027046
2481,3,19.8142856462,21.94669697489922,2.13241132869922
2482,5,14.6718750596,16.80813552261676,2.136260463016759
2483,1,24.3333333333,23.952694373987725,0.3806389593122752
2484,2,27.3742856707,27.578301630817652,0.20401596011765122
2485,2,14.1325000286,15.919032365308816,1.7865323367088148
2486,2,26.8600002289,23.961954231214463,2.8980459976855357
2487,1,23.6137930771,24.730989135980646,1.1171960588806478
2488,3,24.0958334605,23.62549538089571,0.4703380796042893
2489,5,26.3675676294,25.946262149734583,0.421305479665417
2490,4,16.5142857069,15.305943409102108,1.208342297797893
2491,5,18.3785716466,18.95893024510513,0.5803585985051285
2492,2,21.3900001526,18.204374307574703,3.185625845025296
2493,5,28.0,26.196825135666874,1.8031748643331262
2494,5,27.6302083929,26.562535091752462,1.0676733011475363
2495,1,30.599999944,27.20011425394778,3.399885690052219
2496,5,30.94,27.263785197881596,3.6762148021184053
2497,4,17.6368419246,16.37364393001157,1.2631979945884275
2498,1,23.6562501192,23.402683743552235,0.25356637564776463
2499,3,23.072727319,22.89378976728274,0.178937551717258
2500,4,19.7750000954,17.052276309357982,2.7227237860420175
2501,3,24.5020202097,27.305427841549598,2.8034076318495984
2502,5,26.360000017,27.01134771547354,0.6513476984735398
2503,2,23.4000000424,23.468701424663283,0.06870138226328493
2504,5,21.2718750238,19.779206425435518,1.4926685983644816
2505,4,23.0181817141,21.01666133451066,2.0015203795893406
2506,3,20.6065219382,16.33077037918733,4.275751559012669
2507,1,30.2948717215,29.371402097317908,0.9234696241820934
2508,3,19.0999998728,18.564308421646675,0.5356914511533262
2509,2,27.502083381,26.216702961037782,1.285380419962216
2510,2,27.5000001907,24.404910945192906,3.0950892455070935
2511,5,30.6650001049,25.579741177005552,5.085258927894447
2512,1,23.0294116525,23.284089789946837,0.2546781374468381
2513,2,24.4766665988,23.88018518956182,0.59648140923818
2514,2,28.1999999455,27.996756120352032,0.20324382514796824
2515,2,22.6012658469,21.836490407470816,0.764775439429183
2516,2,14.7470588404,16.24703483694949,1.4999759965494892
2517,1,23.7916668256,22.85910329444798,0.9325635311520202
2518,3,25.9789475893,26.83990581076962,0.8609582214696196
2519,1,22.3764705097,24.559058163211038,2.182587653511039
2520,4,14.4854167104,17.299313802607145,2.813897092207146
2521,3,26.1833337148,24.854306507658734,1.3290272071412659
2522,1,28.0595745736,26.621806227975398,1.437768345624601
2523,2,17.2921052732,16.034628555910707,1.2574767172892933
2524,4,14.8116279203,17.213754312262168,2.4021263919621685
2525,3,28.7225000381,27.47842684954703,1.2440731885529708
2526,3,19.2931706312,23.694593798508738,4.401423167308739
2527,1,15.6558823586,16.68635518344628,1.0304728248462816
2528,3,24.5736000366,27.657258476704907,3.0836584401049087
2529,5,18.0777777566,19.379209821828482,1.3014320652284823
2530,5,22.179310358,18.78545543793661,3.39385492006339
2531,1,12.9409090389,16.7573445240498,3.8164354851497997
2532,3,12.5333333015,14.79542816596565,2.2620948644656487
2533,3,29.533333381,27.10238042874469,2.430952952255307
2534,1,20.0911764818,19.245453491587654,0.845722990212348
2535,4,25.0964285306,24.063501539141065,1.032926991458936
2536,1,26.298039268,25.279606358438006,1.0184329095619944
2537,3,22.9411763584,19.750518664935967,3.1906576934640327
2538,5,16.5050000985,17.62907465098037,1.1240745524803728
2539,5,17.6173911717,20.37305020769656,2.755659035996562
2540,1,20.3397260953,21.124088720370644,0.7843626250706421
2541,5,27.1583334605,25.858942729421692,1.299390731078308
2542,2,16.1926316512,17.523915793215135,1.3312841420151358
2543,1,12.3,15.623538687994344,3.3235386879943434
2544,2,24.6799999237,23.980974074985326,0.6990258487146725
2545,2,33.9588235967,30.191665240538022,3.7671583561619784
2546,2,16.6900001049,18.084475288142993,1.3944751832429922
2547,4,20.8066666921,18.171319811119787,2.6353468809802116
2548,3,24.586666743,24.70861211094156,0.12194536794156008
2549,3,23.8781249523,25.269797861323823,1.391672909023825
2550,3,23.1021739296,25.66866185998563,2.5664879303856303
2551,5,21.5380952926,21.862667449131084,0.32457215653108307
2552,3,19.69411749,18.533541832936557,1.1605756570634433
2553,4,23.0875003338,23.48935811237554,0.4018577785755397
2554,1,16.4444443385,20.056804227133153,3.6123598886331543
2555,4,19.6428572172,16.75960689416621,2.8832503230337885
2556,3,19.6757142203,19.10251106161972,0.5732031586802826
2557,5,15.5800001144,16.956039865323003,1.3760397509230025
2558,5,23.3948719807,22.523812623945233,0.8710593567547669
2559,1,21.454838722,24.260314999381304,2.8054762773813025
2560,5,24.6545455239,24.54832999401863,0.1062155298813714
2561,4,17.6666673024,15.881880536647035,1.7847867657529655
2562,3,27.3147825822,26.220857786993243,1.0939247952067568
2563,4,17.100000088,17.008831309616102,0.09116877838389925
2564,1,24.4558823529,24.110584676385404,0.34529767651459764
2565,4,23.0480519827,22.630158199533,0.4178937831669991
2566,4,26.5722221269,25.375746167651354,1.196475959248648
2567,4,25.0500000156,26.876017163630266,1.8260171480302674
2568,5,23.7861110369,22.805376475681832,0.980734561218167
2569,3,26.4684210326,27.19709045708493,0.7286694244849308
2570,3,14.3800000054,15.908929512168049,1.5289295067680495
2571,3,12.8550001144,15.525325679730168,2.6703255653301685
2572,3,23.6675674335,26.066807113597388,2.399239680097388
2573,5,27.9933335622,26.62570151054715,1.3676320516528513
2574,2,19.8400001526,13.355428770805599,6.4845713817943995
2575,4,23.2285714149,25.025589130902162,1.7970177160021628
2576,2,31.1558557802,22.188830026356168,8.967025753843831
2577,2,20.9754099299,20.77895146387657,0.19645846602342942
2578,3,11.9300000191,13.369861584442027,1.439861565342028
2579,3,13.6999999897,14.960848883602482,1.260848893902482
2580,3,14.5944443809,14.127691682441707,0.4667526984582935
2581,4,17.2499999205,15.477053499374867,1.7729464211251322
2582,1,11.4166667302,14.316314870608965,2.8996481404089653
2583,3,15.1545456106,14.123226681067797,1.031318929532203
2584,4,16.3888889949,14.262777102830984,2.126111892069016
2585,2,11.7153845934,14.899522623309595,3.1841380299095956
2586,2,19.1233333206,14.213210757376443,4.910122563223558
2587,4,16.3461537728,14.592083934296552,1.7540698385034492
2588,1,13.5714286395,14.14758520412687,0.5761565646268689
2589,1,11.4999999523,14.897951459663584,3.397951507363585
2590,5,13.2399998983,14.053395858859263,0.8133959605592622
2591,4,17.2651162702,15.987907163103449,1.2772091070965512
2592,2,19.6541667779,15.647956672302856,4.006210105597143
2593,5,18.1979165475,15.022574138339623,3.1753424091603772
2594,4,12.2156862745,12.900004469615954,0.6843181951159547
2595,2,15.2375000715,14.894264732600616,0.3432353388993832
2596,1,13.0568628124,13.543489485427541,0.4866266730275406
2597,4,13.4704225433,14.782434621245345,1.3120120779453455
2598,3,18.2740741306,14.806375031448718,3.4676990991512806
2599,5,11.109375,13.430729221462936,2.3213542214629364
2600,4,12.7777777778,14.520513147204811,1.7427353694048104
2601,3,15.280952272,13.950326207779277,1.3306260642207235
2602,2,14.8666665819,14.848856380228632,0.017810201671368375
2603,3,21.0559999847,16.866599711072112,4.189400273627889
2604,5,13.9916667144,14.247412017573492,0.25574530317349087
2605,2,15.4709089799,15.356255195340736,0.11465378455926434
2606,4,14.0500000715,14.767048833652073,0.7170487621520731
2607,4,16.891304099,13.857504646201944,3.033799452798055
2608,1,14.4333333969,14.864180596534974,0.4308471996349734
2609,1,14.8342857633,15.111016859027213,0.27673109572721266
2610,4,15.1400001526,14.372706667249558,0.767293485350443
2611,1,14.3000001907,14.904663129329519,0.6046629386295184
2612,5,13.148837267,14.743336199998469,1.5944989329984693
2613,1,13.0333331426,14.426087345141356,1.3927542025413562
2614,1,16.4666666455,15.496519064273752,0.9701475812262466
2615,1,14.6884614871,14.785590754996516,0.09712926789651632
2616,1,11.2059999847,13.617745931783407,2.411745947083407
2617,4,14.9272727099,14.8389264694659,0.08834624043410066
2618,4,15.2550000191,14.316672716926975,0.9383273021730254
2619,1,14.0470587226,14.596738605092678,0.5496798824926792
2620,1,14.8499999046,15.014658363208504,0.16465845860850337
2621,2,13.9260870477,14.63271503376923,0.7066279860692308
2622,3,17.0411765155,15.793887687172315,1.247288828327683
2623,3,14.6176470588,14.566097823479737,0.051549235320262454
2624,4,14.6416666508,14.566778193428041,0.0748884573719586
2625,2,23.6333332062,11.033271065728023,12.600062140471977
2626,2,15.6473684813,15.112717603179957,0.5346508781200416
2627,2,16.3700000954,14.645979660781522,1.7240204346184758
2628,1,20.5844444699,16.95973893170501,3.6247055381949878
2629,1,15.3000001907,15.042432213952052,0.2575679767479482
2630,3,14.893103468,15.013069776275502,0.1199663082755027
2631,1,16.8181818471,15.082905871304842,1.7352759757951581
2632,5,14.1486485455,15.20299917318287,1.0543506276828705
2633,1,12.2846153944,14.128683657080856,1.8440682626808567
2634,4,15.1555557251,14.480299467359316,0.6752562577406831
2635,5,12.4333333288,13.890141165869993,1.4568078370699933
2636,3,11.4173913002,13.871853116002,2.4544618158020004
2637,3,14.8999999653,15.088732741306522,0.18873277600652294
2638,1,14.433333238,15.194709814377012,0.7613765763770122
2639,3,15.8795918056,15.332247023972819,0.5473447816271815
2640,3,20.4079469845,15.158189872320458,5.249757112179543
2641,3,12.4806666438,14.37835983368377,1.8976931898837712
2642,4,15.8142856325,14.88468534182802,0.9296002906719814
2643,4,15.7437497973,14.054252890355365,1.689496906944635
2644,3,16.4869564996,14.451115847268197,2.035840652331805
2645,5,14.4916667938,14.221536487279666,0.27013030652033443
2646,3,11.3545454372,14.10168621014572,2.74714077294572
2647,3,14.5735293557,14.3565027023796,0.21702665332039928
2648,2,12.1071428912,15.57547620172331,3.4683333105233096
2649,4,15.5285715376,14.60605100147289,0.9225205361271094
2650,2,15.6521739545,14.02401569506848,1.6281582594315207
2651,2,15.7361110846,14.507955824623483,1.228155259976516
2652,2,14.8411765379,14.609898580143781,0.23127795775621784
2653,3,14.9300001144,14.389319783602842,0.5406803307971586
2654,4,15.7320001602,13.119193364847769,2.612806795352231
2655,1,12.0784091191,10.786430363767728,1.2919787553322717
2656,4,14.2249999046,14.849142651675896,0.6241427470758953
2657,3,10.6555555132,11.848414080670944,1.1928585674709442
2658,4,11.7526315388,10.797088538575462,0.9555430002245373
2659,4,11.0800001144,11.317451219696316,0.23745110529631575
2660,4,12.0,11.625397426138562,0.3746025738614378
2661,4,10.0428571701,9.334673490205821,0.7081836798941783
2662,4,7.76000008583,8.420691536338191,0.6606914505081916
2663,3,15.0799999237,14.045031631344958,1.0349682923550425
2664,1,13.1500000954,13.033928444366142,0.11607165103385775
2665,5,6.74285711561,7.469054593490137,0.7261974778801372
2666,1,7.07692300356,8.97628947032347,1.8993664667634702
2667,5,9.01666673024,8.260616498669446,0.7560502315705548
2668,4,13.4499999682,13.373971687159468,0.07602828104053216
2669,3,13.0500001907,13.664340244446294,0.6143400537462931
2670,3,16.3999996185,15.623284989589644,0.7767146289103568
2671,3,12.5333333015,12.85384442728011,0.32051112578010965
2672,5,14.5999999576,13.828016870162996,0.771983087437004
2673,1,13.8000001907,13.557419421242574,0.24258076945742602
2674,5,7.26842104761,7.4266825223747155,0.15826147476471508
2675,2,10.8999996185,9.756897699242534,1.1431019192574663
2676,2,14.2000001272,14.262209883864717,0.06220975666471773
2677,2,14.2333332698,14.28991086869235,0.05657759889235159
2678,2,12.8000001907,11.865609194869073,0.9343909958309276
2679,5,12.8000001907,11.949379778524415,0.8506204121755854
2680,1,12.933333079,12.571607557737828,0.36172552126217283
2681,5,10.2333335876,9.486992244400628,0.7463413431993722
2682,3,12.625,11.397765119652325,1.227234880347675
2683,3,9.86666679382,8.625565950601656,1.2411008432183444
2684,1,17.566666921,15.40159520324549,2.1650717177545094
2685,1,14.2333332698,13.444274420902989,0.7890588488970103
2686,4,9.10000038147,7.908177258132631,1.191823123337369
2687,4,14.9600000381,13.737077289405972,1.2229227486940282
2688,1,11.5333334605,9.921164801133719,1.6121686593662812
2689,2,11.1999998093,11.599346633016285,0.3993468237162858
2690,4,9.69999980927,10.12302882569515,0.4230290164251489
2691,2,13.4000000954,13.186290751703792,0.2137093436962072
2692,1,6.30588239782,7.141291477991794,0.8354090801717948
2693,5,11.8904762268,12.096240420509105,0.20576419370910415
2694,3,13.25,12.784609514445853,0.4653904855541473
2695,5,13.4000000954,12.779478747976148,0.6205213474238516
2696,4,11.7999998728,12.948020806358793,1.1480209335587919
2697,2,12.1666666667,12.044565309857168,0.12210135684283152
2698,2,12.6333334181,14.175600214508107,1.5422667964081072
2699,3,15.8499999046,14.015191386251878,1.8348085183481224
2700,4,13.7333334287,13.434486089918453,0.2988473387815471
2701,1,15.0499997139,14.118128330726341,0.9318713831736591
2702,4,12.9000000954,12.831204736981807,0.06879535841819262
2703,5,8.80000019073,8.204429936787015,0.5955702539429844
2704,2,7.65952378228,9.73569572654765,2.0761719442676503
2705,3,12.9499998093,12.874995783287012,0.07500402601298717
2706,3,8.16428583009,8.687464236427424,0.5231784063374239
2707,2,7.80833335718,7.867708910253505,0.059375553073504506
2708,5,12.9800001144,13.12953869000722,0.14953857560722028
2709,2,9.44999980927,10.221663517904473,0.7716637086344722
2710,3,13.4909089695,13.052704152471305,0.4382048170286943
2711,5,7.60000009537,7.585929587587777,0.014070507782223629
2712,5,12.3666667938,12.140485788637973,0.22618100516202766
2713,5,12.0,11.707616696637789,0.29238330336221097
2714,1,14.5199996948,13.785758789847996,0.7342409049520029
2715,1,11.7799999237,11.222003332271207,0.5579965914287932
2716,3,14.3000001907,13.85494180313775,0.44505838756225025
2717,5,11.8000001907,9.565109699281559,2.234890491418442
2718,2,13.933333079,13.477433275152281,0.45589980384771955
2719,5,12.1499996185,12.039811989936132,0.11018762856386921
2720,5,10.5333334605,9.675013599046178,0.8583198614538219
2721,3,11.7749998569,11.928465874623472,0.15346601772347235
2722,3,6.5,6.379634993207785,0.12036500679221529
2723,4,6.95000004768,7.580640611292067,0.6306405636120669
2724,2,7.13333320618,6.833855097872704,0.29947810830729527
2725,4,11.7999998728,11.990346375522911,0.19034650272291032
2726,3,14.8499999046,13.778786235745656,1.0712136688543445
2727,2,13.0,13.466575600245575,0.46657560024557476
2728,3,10.625,10.83665631653214,0.21165631653214056
2729,3,13.1857141767,13.39529774452409,0.20958356782409027
2730,4,12.4000002543,14.057033258659136,1.6570330043591355
2731,5,7.70714291504,7.537735121442436,0.1694077935975642
2732,1,11.9000001483,11.84633093559763,0.05366921270237057
2733,5,13.6999998093,13.699285278383883,0.000714530916116729
2734,5,13.6000003815,14.15967086024794,0.5596704787479414
2735,4,11.1000003815,10.673892636813013,0.42610774468698587
2736,5,10.9600000381,10.019845037951905,0.9401550001480956
2737,2,15.1999998093,14.675877817795657,0.5241219915043427
2738,5,12.8571427209,13.43722421541167,0.5800814945116688
2739,5,11.4499998093,11.155133700684807,0.29486610861519225
2740,5,8.38888888889,9.438292804099913,1.049403915209913
2741,3,6.53333331599,8.979788258273244,2.4464549422832436
2742,1,15.0,14.794894963408199,0.20510503659180124
2743,4,15.4333333969,14.578611372714317,0.8547220241856834
2744,5,7.53571435383,7.15665011010336,0.37906424372664027
2745,5,12.8999996185,12.071541518435314,0.8284581000646867
2746,4,8.50454545021,9.771810647556835,1.2672651973468358
2747,5,6.10909089175,6.900683044606088,0.7915921528560874
2748,2,10.3333336512,9.269298371793075,1.0640352794069248
2749,4,13.2000001272,13.650035580434128,0.4500354532341291
2750,2,11.7400001526,12.390134613052874,0.6501344604528736
2751,1,14.7000000477,14.957247232036504,0.25724718433650473
2752,5,7.86428570747,8.020772243183403,0.15648653571340354
2753,2,11.1999998093,10.477173969112087,0.7228258401879124
2754,1,8.39767442748,10.548569404710989,2.1508949772309887
2755,2,8.14062497765,7.465947732671026,0.6746772449789749
2756,3,9.85714285714,11.651822632922526,1.7946797757825266
2757,4,15.0,15.41827452846936,0.4182745284693592
2758,2,13.6000001431,14.1146721156946,0.5146719725945985
2759,2,6.71666669846,8.056947050985238,1.3402803525252382
2760,1,13.5,12.116851590121938,1.3831484098780624
2761,4,10.4499998093,10.373076275075919,0.07692353422408083
2762,2,12.3000001907,12.735868331516128,0.4358681408161278
2763,4,11.1000003815,10.801106635544993,0.29889374595500584
2764,4,12.1999998093,11.951039595504504,0.24896021379549538
2765,4,16.2399999619,15.004864353518899,1.2351356083811016
2766,1,12.8999996185,13.553512915031574,0.6535132965315729
2767,4,14.2799999237,14.964707332884888,0.6847074091848881
2768,5,15.0500001907,14.743893130799506,0.30610705990049425
2769,1,13.2000001272,13.388811206010121,0.18881107881012227
2770,3,8.40000025431,10.89870068722517,2.4987004329151716
2771,1,13.2666664124,13.59133287946896,0.3246664670689601
2772,5,15.1666668256,15.038162172496783,0.12850465310321724
2773,4,11.6133333206,12.079088299864766,0.4657549792647657
2774,3,6.36666679382,6.591401745464894,0.22473495164489332
2775,4,12.9800001144,13.262428413648665,0.2824282992486662
2776,3,13.8666667938,13.43332734403671,0.43333944976328986
2777,1,13.3000000173,13.203365712792955,0.09663430450704524
2778,3,13.3571428571,13.566971632671239,0.20982877557123913
2779,5,13.0625,13.589431446215906,0.5269314462159063
2780,4,12.9000000954,12.992202831556773,0.09220273615677321
2781,1,11.25,11.664471016722123,0.41447101672212305
2782,5,13.0333334605,12.915801776416082,0.11753168408391801
2783,4,13.2666665713,13.626233958483844,0.3595673871838443
2784,2,8.19999980927,9.28715836822707,1.0871585589570696
2785,5,12.6000003815,12.543960480949979,0.056039900550020505
2786,5,8.76250004768,8.727323330755109,0.03517671692489088
2787,4,13.4666668574,13.46644970022206,0.00021715717793924227
2788,1,11.1000003815,11.92033593208166,0.8203355505816603
2789,4,13.0600000381,13.038430990342688,0.021569047757312276
2790,5,10.25,9.84074675112739,0.4092532488726093
2791,1,6.19000000954,6.757687537090332,0.5676875275503317
2792,4,14.2799999237,14.005325381145049,0.2746745425549513
2793,3,11.6499996185,11.286838222077584,0.3631613964224165
2794,2,7.60000003468,7.433730934081388,0.16626910059861189
2795,3,13.3999996185,13.124694903708898,0.27530471479110297
2796,4,13.875,13.598946634654137,0.276053365345863
2797,5,12.1333335241,11.468501936316933,0.6648315877830662
2798,1,10.8299999237,10.489811099904678,0.340188823795323
2799,4,8.13000020981,7.596267465890581,0.5337327439194182
2800,4,14.5999999046,13.853001242906052,0.746998661693949
2801,1,7.88928578581,7.649927359705389,0.23935842610461133
2802,1,10.1999998093,9.479352896074493,0.7206469132255062
2803,4,12.6400001526,13.154467313530471,0.5144671609304705
2804,2,12.4666668574,12.70889789883706,0.2422310414370603
2805,4,13.1666666667,13.42424216781367,0.25757550111367067
2806,5,11.9199998856,12.28870716706245,0.36870728146245035
2807,1,11.544444508,11.554666188649733,0.0102216806497335
2808,5,14.2222224341,13.360377267854902,0.8618451662450983
2809,4,12.2749998569,12.429339126342128,0.15433926944212928
2810,4,12.2176471037,13.146951977921695,0.929304874221696
2811,5,13.2285714831,13.326736976822936,0.09816549372293615
2812,3,13.1666666667,13.433763717381071,0.2670970506810715
2813,2,13.1499996185,12.789102569631094,0.3608970488689067
2814,5,11.5749998093,12.03587549404343,0.46087568474342966
2815,2,13.6,13.478258196962662,0.12174180303733806
2816,2,12.8,12.559931755592597,0.2400682444074036
2817,5,13.3500003815,10.510261459299228,2.8397389222007714
2818,1,13.5,11.873796944270572,1.6262030557294285
2819,4,7.66666666667,7.963613039787187,0.2969463731171871
2820,1,5.80000019073,6.005407286777225,0.2054070960472254
2821,3,13.3000001907,13.88658370967859,0.5865835189785891
2822,4,12.0499997139,12.125350083028962,0.07535036912896231
2823,2,8.75,9.66706989926264,0.9170698992626392
2824,5,13.0666666031,12.702719839240011,0.3639467638599889
2825,3,14.0,14.088327488413528,0.08832748841352789
2826,2,9.80000019073,9.387810702114088,0.41218948861591187
2827,4,6.57499998808,6.693167225722426,0.11816723764242631
2828,4,7.2607142755,10.237953809168431,2.977239533668431
2829,3,12.9000000954,13.026614057832601,0.12661396243260192
2830,3,12.8999996185,12.595466533905926,0.304533084594075
2831,3,13.2999997139,13.65928081735079,0.35928110345079034
2832,5,7.38333336512,7.263308553830711,0.12002481128928899
2833,2,12.3428569521,11.946778716053126,0.39607823604687376
2834,4,8.42499995232,8.786880602695764,0.3618806503757632
2835,2,12.4222222434,13.141025245518946,0.7188030021189462
2836,2,6.38333328565,7.027643490184331,0.6443102045343307
2837,4,14.0999999046,14.536936504512202,0.436936599912201
2838,5,12.6000000636,13.283343456610938,0.6833433930109383
2839,5,14.6846154286,13.891538187155486,0.7930772414445144
2840,2,9.65000009537,9.083038873165014,0.566961222204986
2841,4,10.4733332952,9.625181214463906,0.848152080736094
2842,3,11.7999997139,11.521495995665209,0.27850371823479136
2843,3,13.2999998728,13.416801488466977,0.11680161566697578
2844,5,13.6999998093,12.964691996516835,0.735307812783164
2845,3,6.34545456279,7.7307147871891875,1.3852602243991878
2846,2,15.3499999046,14.956229502135338,0.39377040246466244
2847,2,13.1000000636,12.895296174766356,0.20470388883364343
2848,1,11.0999999046,10.138316031982212,0.9616838726177885
2849,5,14.0600000381,13.415932126104947,0.6440679119950534
2850,4,13.5,12.688818837330219,0.8111811626697811
2851,3,9.32307690841,9.149575377798772,0.17350153061122775
2852,5,11.9000000954,11.874451754672544,0.02554834072745571
2853,3,12.6000003815,13.106901807086999,0.5069014255869995
2854,4,6.60476191839,6.790468062401221,0.18570614401122043
2855,2,9.02499997616,9.800461066467555,0.7754610903075552
2856,2,14.1000003815,13.305537715345793,0.7944626661542067
2857,3,8.7380952381,8.356262904990798,0.3818323331092017
2858,1,9.36000003815,9.910992409471314,0.5509923713213141
2859,1,10.7153845934,11.854653926902179,1.1392693335021793
2860,3,11.0666666031,10.782565296451267,0.2841013066487328
2861,1,6.17500001192,6.585973702119899,0.41097369019989927
2862,2,13.8499999046,13.368524407846337,0.48147549675366363
2863,5,13.1000003815,13.222991374503641,0.12299099300364169
2864,2,13.1199998856,13.335739559598537,0.21573967399853622
2865,1,14.3499999046,13.83316554357059,0.5168343610294102
2866,5,11.0999999046,9.553652781072568,1.5463471235274326
2867,3,8.88000011444,8.926711354142004,0.04671123970200419
2868,2,7.0625000596,7.410597230790017,0.3480971711900178
2869,5,13.4800001144,13.024409068425895,0.4555910459741046
2870,2,7.23333326976,6.697836235506451,0.5354970342535488
2871,5,13.2000002861,13.323552334989634,0.12355204888963378
2872,5,11.8000001907,12.116416428226033,0.3164162375260329
2873,2,11.5666666031,13.148393349782832,1.5817267466828326
2874,1,13.3399999619,13.261389056187422,0.07861090571257812
2875,5,8.60000038147,9.0882033805368,0.4882029990668002
2876,1,7.02499997616,7.321672982279477,0.29667300611947667
2877,4,9.41034491309,9.435743627969732,0.025398714879731443
2878,5,9.75,10.545051334728623,0.7950513347286225
2879,1,13.0750000477,14.068559074888274,0.9935590271882742
2880,3,13.6384615531,13.395443008501235,0.24301854459876537
2881,3,15.5,13.83781074952723,1.6621892504727693
2882,1,13.0500001907,12.622287553263726,0.4277126374362741
2883,3,12.6000000636,12.722289412431563,0.12228934883156306
2884,1,13.8000001907,13.334499666894965,0.46550052380503537
2885,2,8.43225806759,8.33267178265283,0.09958628493717114
2886,2,12.25,11.938323824167925,0.3116761758320745
2887,3,11.3000001907,10.130123817705554,1.1698763729944464
2888,3,12.5999999046,12.48833754317637,0.1116623614236314
2889,2,13.2000001272,12.641093562306322,0.5589065648936771
2890,4,9.0,9.929951188542837,0.9299511885428373
2891,5,11.0,10.083782898347605,0.9162171016523946
2892,4,12.1,13.001173697984422,0.9011736979844223
2893,3,7.0,10.752896708407608,3.752896708407608
2894,1,15.6999998093,14.117568340589681,1.5824314687103183
2895,4,7.54285710199,8.212043915926678,0.6691868139366779
2896,5,8.61428560529,9.07474197045996,0.4604563651699607
2897,3,9.94999980927,8.25723079407679,1.6927690151932104
2898,5,11.3500003815,11.212138486770169,0.13786189472983068
2899,2,12.3999996185,14.012107426295536,1.6121078077955353
2900,2,13.6499996185,13.645006078866013,0.0049935396339879645
2901,1,10.1666669846,9.220713417545463,0.9459535670545378
2902,4,12.2777777778,11.881932516874459,0.39584526092554206
2903,2,13.1666669846,12.61315980869942,0.553507175900581
2904,4,13.8499999046,13.081788432513163,0.768211472086838
2905,3,11.0666666031,12.287909361078006,1.2212427579780059
2906,2,10.5,10.345281491397644,0.1547185086023557
2907,2,13.7599998474,13.354230181703239,0.4057696656967611
2908,2,10.7999998728,10.550684167457943,0.24931570534205783
2909,2,7.48000001907,7.065223570937836,0.4147764481321641
2910,1,10.4000000954,10.395305947885552,0.004694147514447522
2911,5,12.6500000954,12.409852805753562,0.24014728964643695
2912,4,12.5333334605,12.859562725111752,0.3262292646117526
2913,1,11.5555554496,11.720463946333458,0.16490849673345842
2914,5,12.7333332698,10.509817725312024,2.2235155444879755
2915,4,5.42777776718,6.445558110122183,1.0177803429421823
2916,2,15.4500000477,14.777714971662633,0.6722850760373671
2917,3,15.066666921,14.468785854559192,0.5978810664408076
2918,3,12.2999997139,12.268700131443666,0.03129958245633446
2919,1,12.5428570339,12.591877073900461,0.04902004000046034
2920,5,11.9125001431,12.665816099514965,0.7533159564149638
2921,3,11.625,11.577621001979383,0.0473789980206174
2922,2,14.8499999046,13.931661033568144,0.9183388710318567
2923,5,14.6500000954,14.636834551774008,0.013165543625991205
2924,4,14.1999998093,13.449703298228659,0.7502965110713404
2925,4,11.1666666667,11.666829193678101,0.5001625269781016
2926,2,8.80000019073,8.369527248258642,0.4304729424713578
2927,1,7.625,7.532421521789231,0.09257847821076925
2928,2,10.1285714422,10.166785395974438,0.038213953774437925
2929,1,11.1999998093,10.191401185528347,1.0085986237716522
2930,2,9.99999988079,9.260403076471352,0.7395968043186478
2931,5,14.0333334605,11.985508051543418,2.047825408956582
2932,1,11.5499997139,11.852425970987204,0.3024262570872036
2933,3,13.9916667144,13.164568937453378,0.8270977769466228
2934,3,8.15161292784,11.955063594752174,3.8034506669121733
2935,1,14.4000000954,13.674848973898282,0.7251511215017175
2936,3,11.1000000636,11.29465673309286,0.19465666949285954
2937,4,6.10000002384,6.65314480579379,0.5531447819537902
2938,3,7.5799999555,8.045173025278086,0.4651730697780856
2939,3,6.53599998474,7.583738251321447,1.0477382665814465
2940,3,7.6875,9.247776748101968,1.560276748101968
2941,3,8.04000005722,10.148695058939781,2.1086950017197807
2942,4,9.20000019073,10.102718296832496,0.9027181061024958
2943,2,8.89999961853,8.2203129014009,0.6796867171290994
2944,2,14.3999996185,13.75053527610598,0.6494643423940207
2945,3,6.79999995232,7.135130212498589,0.3351302601785884
2946,5,6.46666669846,6.849882952243348,0.3832162537833481
2947,2,13.8809524718,13.348349507092921,0.5326029647070794
2948,1,9.7999997139,9.944110341359243,0.1441106274592432
2949,4,9.40000009537,9.838179393129819,0.43817929775981845
2950,5,5.4153846594,6.5333678415089596,1.1179831821089596
2951,4,7.09999990463,6.758114932412099,0.34188497221790115
2952,1,8.89999961853,9.227507105618415,0.3275074870884147
2953,4,13.5,13.613115957527533,0.11311595752753334
2954,1,14.0,14.835404413072032,0.8354044130720322
2955,1,10.75,9.92301849405343,0.8269815059465699
2956,2,9.41249990463,9.428590555752791,0.0160906511227914
2957,2,9.86818174882,9.922680861908002,0.054499113088002815
2958,5,7.10606063496,7.341813375939684,0.23575274097968357
2959,4,11.3000001907,11.801321148240254,0.5013209575402531
2960,2,10.4777779049,9.483443947847247,0.9943339570527527
2961,5,14.0142856325,13.53232891368248,0.48195671881751956
2962,4,11.6333335241,11.560426307564926,0.07290721653507326
2963,2,7.45000004768,7.209915225775204,0.2400848219047953
2964,5,14.1500000954,13.979809701110693,0.17019039428930682
2965,3,12.8000001907,12.358660285170096,0.44133990552990454
2966,3,12.8999996185,13.623169584033315,0.7231699655333141
2967,5,10.2166665395,11.698329093383352,1.4816625538833517
2968,1,14.3999999364,14.08381686135971,0.316183075040291
2969,5,11.5666666031,12.774542684124935,1.207876081024935
2970,2,12.1000000636,11.722491044653621,0.37750901894637856
2971,3,11.9749999642,11.821034327200017,0.1539656369999829
2972,4,10.8250000477,9.91618979947506,0.90881024822494
2973,1,14.8,14.128350724922099,0.6716492750779022
2974,1,12.5083333651,13.330964609089511,0.8226312439895107
2975,5,7.01428576878,7.07926170826032,0.06497593948032065
2976,5,5.85000014305,6.548865142466716,0.698864999416716
2977,3,12.9000003338,13.493864230060053,0.5938638962600535
2978,5,16.6000003815,15.16351662564826,1.4364837558517394
2979,4,13.1500000954,13.454133891796547,0.30413379639654714
2980,1,6.71999998093,6.511757273649974,0.20824270728002592
2981,2,12.0,12.479894959268144,0.47989495926814385
2982,1,11.8999996185,11.963972762048916,0.0639731435489157
2983,5,13.4499999682,13.318680834306267,0.13131913389373295
2984,1,13.3999996185,13.538438731295917,0.13843911279591659
2985,4,13.4399999619,13.59998141468263,0.15998145278262932
2986,2,10.4499998093,10.104782923993056,0.34521688530694306
2987,3,14.6999998093,14.644987013217085,0.05501279608291476
2988,3,6.90000002725,7.119474253190148,0.21947422594014832
2989,5,12.914285796,12.529864741996807,0.3844210540031927
2990,4,12.7249999046,13.128905946172154,0.40390604157215293
2991,1,10.3571427209,9.754539037381612,0.6026036835183888
2992,1,10.8000001907,10.316455300683632,0.48354489001636836
2993,1,8.72500014305,8.810537541926832,0.08553739887683243
2994,4,9.89999961853,9.930008643634732,0.030009025104732245
2995,1,11.3500003815,10.529151541899566,0.8208488396004334
2996,1,13.3250000477,12.357626471590189,0.9673735761098108
2997,3,15.6333332062,14.687055603025089,0.9462776031749112
2998,1,11.9499998093,13.088923864156044,1.1389240548560444
2999,3,11.477777799,11.08049543746986,0.39728236153013974
3000,2,8.44999980927,9.61560917114569,1.1656093618756902
3001,3,13.120000267,12.357246765133766,0.7627535018662339
3002,1,7.79375004768,7.750325755045657,0.04342429263434244
3003,2,5.9888888465,9.820008594286113,3.831119747786113
3004,5,12.1500003338,12.24112158008114,0.0911212462811406
3005,5,8.00000023842,8.236150131041308,0.2361498926213077
3006,1,13.0333334605,14.392098974586107,1.358765514086107
3007,2,9.03181817315,8.124443524640544,0.9073746485094567
3008,4,13.1000003815,11.618739278925158,1.481261102574841
3009,5,8.2916667064,9.513266304653753,1.2215995982537535
3010,3,10.75,10.49330039822279,0.2566996017772105
3011,1,13.3000001907,13.774271517719704,0.47427132701970365
3012,2,12.6666666667,14.354062907948316,1.687396241248317
3013,1,12.4000000954,13.786351299354383,1.3863512039543835
3014,1,10.1,9.52446649667461,0.5755335033253903
3015,1,6.25714288439,7.568657781726636,1.311514897336636
3016,1,12.2294117423,12.358861715053651,0.1294499727536511
3017,1,12.9400001526,13.217833319056345,0.2778331664563449
3018,3,14.5500001907,14.789373850729396,0.2393736600293952
3019,3,11.7999997139,12.317005414792153,0.5170057008921525
3020,5,14.3499999046,13.946556225980554,0.4034436786194462
3021,1,11.5750000477,12.73105841428984,1.156058366589841
3022,2,13.8499999046,12.570504815062012,1.2794950895379884
3023,2,6.07857145582,6.716855865321295,0.6382844095012956
3024,2,8.70000012716,8.497158620448158,0.20284150671184165
3025,2,12.5782609608,12.401424945538889,0.17683601526111126
3026,1,13.0,12.950061885902567,0.04993811409743287
3027,1,12.6461538168,13.156327059065644,0.510173242265644
3028,5,12.6000000636,13.236869910192018,0.6368698465920186
3029,3,10.7199999809,11.18171167661507,0.46171169571506887
3030,5,7.98333338896,6.837960185873718,1.1453732030862822
3031,2,13.8333336512,14.018702886650022,0.18536923545002182
3032,2,15.7666667302,15.065395467274978,0.7012712629250224
3033,1,11.1999998093,9.755954148383644,1.4440456609163554
3034,2,6.05217390475,5.9664383744066685,0.08573553034333159
3035,1,8.71999988556,10.507700191301879,1.787700305741879
3036,5,5.9368421404,6.709440143733083,0.7725980033330835
3037,1,6.46833333174,8.325415800720192,1.8570824689801917
3038,2,14.1999998093,13.276312308842632,0.9236875004573672
3039,3,5.90000009537,6.321465405504058,0.4214653101340575
3040,5,12.3999996185,12.189126624378183,0.21087299412181792
3041,5,6.44999980927,6.842354632695294,0.3923548234252934
3042,5,11.2999998728,11.165045396256824,0.13495447654317694
3043,2,7.14545449344,7.4333995328179965,0.28794503937799654
3044,3,9.38000011444,11.052116618770258,1.6721165043302584
3045,1,6.95862071267,7.926579961768562,0.9679592490985618
3046,4,13.1999998093,13.375597129148916,0.1755973198489169
3047,2,6.87142852374,7.280203009324048,0.4087744855840487
3048,1,10.0999999046,9.112291022391616,0.9877088822083842
3049,4,9.6033708058,9.948002086844488,0.3446312810444887
3050,2,7.74285718373,7.466508650096839,0.27634853363316125
3051,5,8.39999993642,7.138512953232227,1.2614869831877735
3052,4,7.04999995232,6.806035555935257,0.24396439638474288
3053,2,7.5,9.143187254240303,1.6431872542403028
3054,5,6.88000011444,6.818434010232272,0.06156610420772779
3055,2,11.8999996185,12.102791888816578,0.20279227031657676
3056,5,14.2727272727,13.748724083727902,0.5240031889720971
3057,3,7.06666676203,7.729629819181308,0.6629630571513081
3058,2,14.0,14.642922428916975,0.6429224289169753
3059,1,5.93333334393,5.9282390526390705,0.005094291290929753
3060,1,7.68571438108,8.750485329774314,1.0647709486943135
3061,2,10.3499999728,10.943149526996505,0.593149554196506
3062,4,13.25,12.915637119617788,0.33436288038221207
3063,2,6.95000004768,6.9110172005606625,0.038982847119337194
3064,3,13.0399999619,13.016970683057899,0.02302927884210071
3065,2,11.4000000272,11.722645619515637,0.32264559231563616
3066,3,10.1699999809,11.833384837599445,1.6633848566994445
3067,5,10.25,11.08931797315056,0.8393179731505604
3068,2,10.3999999364,9.779725672351322,0.6202742640486782
3069,1,13.5,13.339140443409436,0.16085955659056417
3070,2,12.6500000954,12.486725347681435,0.16327474771856387
3071,2,12.1999998093,12.065403669793401,0.13459613950659843
3072,5,8.26538471075,7.613610412650949,0.6517742980990509
3073,5,12.8600000381,13.49395156988356,0.6339515317835591
3074,4,11.8499999046,10.539772232056082,1.3102276725439186
3075,4,7.03333330154,6.614991123669967,0.41834217787003247
3076,3,12.9624999762,11.68150578416077,1.2809941920392305
3077,2,13.1749999523,13.540824546128858,0.365824593828858
3078,2,14.1428570066,13.807966940243956,0.3348900663560439
3079,1,12.6999999827,12.694677805122566,0.005322177577433251
3080,2,5.76666673024,6.371017936827517,0.6043512065875172
3081,5,13.0,12.590843988713566,0.4091560112864343
3082,1,5.94999992847,6.521302123627764,0.5713021951577648
3083,5,12.8500001431,13.134180270064059,0.28418012696405803
3084,3,12.7399998665,12.369201285744028,0.37079858075597194
3085,3,7.10000006358,7.135309497725216,0.03530943414521648
3086,5,14.8499999046,13.781228681951434,1.0687712226485662
3087,3,13.9400001526,13.616858835560425,0.3231413170395747
3088,1,7.94999996821,8.261417125036969,0.3114171568269688
3089,3,5.40000009537,7.233230968644032,1.8332308732740321
3090,2,5.70624992251,6.735268135586128,1.029018213076128
3091,3,12.6600000381,11.810537962741614,0.8494620753583852
3092,3,11.3999996185,11.30549185270257,0.09450776579743092
3093,5,8.52857153756,9.156862536170344,0.6282909986103444
3094,1,13.1333332062,13.307238375817079,0.17390516961707903
3095,2,10.75,11.028166587589197,0.27816658758919743
3096,3,12.9499998093,13.509161300290359,0.5591614909903591
3097,5,13.5222220951,10.8958892657631,2.6263328293368993
3098,1,11.6000003815,12.142211968775644,0.542211587275645
3099,5,13.0,13.446819542639746,0.4468195426397461
3100,1,11.2999998728,10.277461146706282,1.0225387260937193
3101,1,13.1000003815,14.348310877944057,1.2483104964440574
3102,3,11.8111111323,11.27818225128524,0.5329288810147599
3103,4,11.6999998093,10.627210498468928,1.0727893108310713
3104,5,8.0,8.061605966802667,0.0616059668026665
3105,1,8.4666668574,8.82676174768905,0.36009489028904973
3106,3,11.6500000954,12.398763105572982,0.7487630101729827
3107,2,9.80000019073,9.861000978569347,0.06100078783934748
3108,5,14.4000000954,13.6618732628088,0.7381268325911989
3109,4,5.87058821846,5.8657206591315525,0.004867559328447513
3110,2,12.25,11.713796229864423,0.5362037701355771
3111,1,6.04999995232,6.551885082203184,0.5018851298831839
3112,4,10.0,10.633300150956861,0.6333001509568614
3113,4,12.25,13.09237833272418,0.8423783327241807
3114,3,13.8624999523,13.286608502398957,0.575891449901043
3115,1,6.39166673024,7.8472397415329,1.4555730112929002
3116,1,8.79999987284,9.673744431208213,0.8737445583682124
3117,5,13.2666667302,12.666721147588193,0.5999455826118076
3118,1,10.2666667302,9.632092596154171,0.6345741340458293
3119,4,7.61176479564,7.16879089020489,0.4429739054351103
3120,1,13.25,13.189369140520979,0.060630859479021026
3121,3,6.21666661898,7.151867705067681,0.9352010860876812
3122,3,12.8333330154,12.537908817444684,0.29542419795531494
3123,2,12.1,12.278421687759876,0.17842168775987588
3124,5,5.5,6.705638212073281,1.2056382120732811
3125,2,12.8999996185,11.244118018881752,1.6558815996182492
3126,1,12.5,12.379120876685318,0.12087912331468154
3127,2,8.36666663488,8.361403811172647,0.005262823707353093
3128,1,13.6999998093,13.397292690763534,0.3027071185364658
3129,4,5.57857148988,6.646053617693199,1.0674821278131992
3130,2,11.9727271687,12.112311742951855,0.13958457425185422
3131,1,5.64999995232,6.808717340474741,1.1587173881547415
3132,1,15.0249998569,14.717153375354304,0.3078464815456954
3133,2,11.1727273247,12.587285166237006,1.4145578415370057
3134,4,7.5,7.6373688100607175,0.13736881006071755
3135,4,13.4999998093,13.53878534419989,0.03878553489989045
3136,4,15.5750000477,14.319430517918029,1.2555695297819707
3137,4,6.93103444987,7.381360962657318,0.45032651278731795
3138,5,6.74444447623,7.3977416742963396,0.6532971980663396
3139,1,10.3999999762,10.313347336815035,0.08665263938496537
3140,3,9.12499976158,9.870934593863641,0.7459348322836412
3141,5,11.0000002384,9.60197978294404,1.3980204554559599
3142,3,12.2499998411,11.675257134171899,0.5747427069281006
3143,1,9.52000017166,8.607891138921694,0.9121090327383055
3144,5,14.6749999523,14.570196892389006,0.10480305991099392
3145,2,8.75,10.025045858106235,1.2750458581062354
3146,1,7.8266667366,7.6466631731153285,0.1800035634846715
3147,5,10.6999998093,9.68922481915857,1.0107749901414298
3148,2,8.87500023842,10.270628875964436,1.3956286375444353
3149,3,13.6000000636,13.3720822482266,0.22791781537339872
3150,3,12.6500000954,13.14003152853017,0.49003143313017006
3151,3,12.4600002289,12.897947649299395,0.4379474203993947
3152,5,7.09999995232,7.585635938372241,0.485635986052241
3153,3,8.89999961853,9.690753155463813,0.7907535369338135
3154,1,11.625,10.415201490735035,1.2097985092649655
3155,5,12.6749999523,13.015720167572146,0.340720215272146
3156,4,8.36666647593,9.335092215522632,0.9684257395926323
3157,5,13.3400000572,12.795031611330058,0.5449684458699409
3158,3,5.69999980927,6.235711124420978,0.5357113151509774
3159,3,13.5499999523,14.57400439622754,1.0240044439275398
3160,1,12.1999998093,12.40961490056205,0.2096150912620498
3161,3,11.6999998093,12.118245650011472,0.41824584071147264
3162,4,7.96666663488,7.816080935124885,0.1505856997551147
3163,4,7.02500009537,7.715961915077124,0.6909618197071241
3164,3,6.80000019073,7.06786783126957,0.2678676405395706
3165,3,13.8000001907,13.666975560408073,0.1330246302919278
3166,1,7.86111124357,7.721185589120619,0.13992565444938077
3167,4,13.3000001907,13.376553640607982,0.07655344990798163
3168,4,12.6000000636,12.78894099520051,0.18894093160051106
3169,2,10.8999996185,11.297546043429959,0.39754642492995806
3170,5,11.6999998093,10.319447275433799,1.3805525338662008
3171,4,13.5,12.845023342441722,0.6549766575582776
3172,3,14.1999998093,12.820848197173628,1.3791516121263712
3173,5,15.1999998093,14.944199107570052,0.25580070172994773
3174,5,14.2499998411,12.70679762965529,1.5432022114447097
3175,4,8.0,9.017520159593955,1.0175201595939551
3176,4,6.70000004768,6.958646327084035,0.2586462794040356
3177,5,7.94999996821,8.150553365935115,0.20055339772511527
3178,5,5.72857141495,6.2206573313801075,0.49208591643010724
3179,5,11.0714285714,10.605402318480609,0.4660262529193915
3180,4,13.9500002861,13.279656844812035,0.6703434412879652
3181,1,13.3000001907,12.863522961400436,0.43647722929956423
3182,3,12.5666666031,11.700322060716093,0.8663445423839065
3183,4,7.8,7.747713543760569,0.052286456239430734
3184,2,10.8599998474,10.737838618005778,0.12216122939422114
3185,3,11.2833334605,11.683487052538306,0.4001535920383059
3186,5,10.0214285987,11.466253532822165,1.444824934122165
3187,1,14.2000000477,13.452742190411756,0.7472578572882433
3188,3,13.8749997616,14.277690830561708,0.40269106896170825
3189,3,10.4000001907,10.619656104976276,0.2196559142762755
3190,4,12.5,14.10604956031425,1.6060495603142506
3191,5,12.2999999523,11.871321885940075,0.4286780663599252
3192,5,12.1666666667,13.315197963584156,1.1485312968841566
3193,1,9.89999961853,9.509823076365628,0.39017654216437236
3194,1,14.433333238,16.596648153327877,2.1633149153278772
3195,3,6.09999990463,6.668000363066518,0.5680004584365186
3196,4,11.1814815733,12.11129698819074,0.92981541489074
3197,4,11.3826086625,12.603719092087942,1.2211104295879434
3198,4,12.0,11.752757161076842,0.24724283892315846
3199,4,12.3499999046,12.42989145964171,0.07989155504170853
3200,4,8.09999990463,9.302835571274318,1.2028356666443187
3201,3,7.35714285714,7.470296639013871,0.11315378187387104
3202,3,8.89999993642,10.108180908840824,1.2081809724208235
3203,4,6.96153846154,8.384855680177116,1.4233172186371164
3204,1,13.3999996185,11.860019956657395,1.5399796618426063
3205,3,11.3999996185,11.022683942205688,0.3773156762943124
3206,1,13.0666666031,13.214545706700635,0.14787910360063528
3207,1,13.1999998093,13.349096065991969,0.14909625669196913
3208,1,6.11875000596,6.805429561119344,0.6866795551593441
3209,3,12.6000000636,13.143195187177884,0.5431951235778847
3210,1,10.875,11.105744465898265,0.23074446589826536
3211,4,14.3000001907,14.258420816734224,0.041579373965776156
3212,4,13.1999998093,11.274427531822468,1.9255722774775315
3213,3,10.9499998093,11.605279998227415,0.6552801889274154
3214,4,12.1999998093,12.483955594599424,0.28395578529942433
3215,2,12.4619047982,13.13222204708395,0.6703172488839488
3216,5,12.75,13.533846465556833,0.7838464655568327
3217,3,10.4000000954,10.35326329104088,0.04673680435911898
3218,4,8.33333333333,10.26568583607791,1.9323525027479107
3219,2,13.3999996185,13.137089379686394,0.26291023881360687
3220,4,11.3000001907,11.306701600296812,0.006701409596811203
3221,4,14.3999996185,14.252339024968329,0.14766059353167194
3222,1,12.1666666667,12.382919982622152,0.21625331592215247
3223,5,13.9750001431,13.491992177288232,0.48300796581176897
3224,5,7.02222220103,7.436664158439097,0.41444195740909695
3225,5,12.2333332698,11.79415051194042,0.4391827578595784
3226,4,14.2750003338,14.384451575735014,0.10945124193501421
3227,4,12.9399999619,12.051664728770389,0.8883352331296113
3228,5,13.25,13.472702759201272,0.22270275920127247
3229,2,13.0999999046,13.830875949162015,0.7308760445620148
3230,5,12.6000003815,12.26043965333624,0.33956072816375915
3231,1,8.625,7.22273647171062,1.4022635282893798
3232,2,13.0,12.210507516065253,0.7894924839347475
3233,1,11.2200000763,11.631157269860326,0.4111571935603262
3234,2,13.7875000238,13.63240576601177,0.15509425778822994
3235,3,15.0999999046,13.861126408887316,1.238873495712685
3236,4,15.0249998569,14.28832197742355,0.7366778794764492
3237,4,16.75,15.781914049315679,0.9680859506843209
3238,2,9.93333339691,8.987098381143594,0.9462350157664048
3239,5,11.2190475464,10.865514485326862,0.3535330610731382
3240,4,11.3749997616,11.167481074356724,0.20751868724327593
3241,5,7.02000007629,7.194960474632776,0.1749603983427761
3242,5,7.36666663488,7.335031037463033,0.0316355974169662
3243,4,5.96250009537,6.053890145621156,0.09139005025115576
3244,1,12.1666666667,12.285285647950502,0.11861898125050274
3245,2,7.53333338102,9.457540737015723,1.9242073559957227
3246,3,14.7250001431,15.015595499340185,0.29059535624018373
3247,2,12.4333333969,13.138237239380379,0.7049038424803786
3248,3,13.5499997139,13.42363271811701,0.12636699578298938
3249,5,12.1853658397,12.821938381083454,0.6365725413834546
3250,3,13.8666667938,13.731324611813886,0.1353421819861147
3251,2,13.2999999523,13.68316874488825,0.38316879258825054
3252,4,12.5499997139,11.975963676362488,0.5740360375375122
3253,4,8.27999973297,8.422545207496725,0.1425454745267256
3254,2,10.5333331426,10.615138859604883,0.08180571700488315
3255,4,10.7393939856,11.133998264800885,0.3946042792008857
3256,3,10.5,11.406893856510953,0.906893856510953
3257,3,12.2250001431,11.98750609199893,0.2374940511010717
3258,4,13.0,12.9590661581695,0.04093384183049942
3259,4,12.3000001907,12.196631191887391,0.10336899881260919
3260,3,11.1999999682,10.367176288854239,0.8328236793457613
3261,3,13.1999998093,11.33548606947487,1.8645137398251297
3262,4,10.8000001907,10.561604634524915,0.23839555617508523
3263,2,13.1199998856,13.054644640947956,0.06535524465204468
3264,2,8.65454543721,8.508879104418172,0.14566633279182817
3265,2,14.2999997139,13.426069022389175,0.8739306915108251
3266,5,7.86000000636,8.582379619778225,0.7223796134182248
3267,5,6.23333332274,6.719489778406075,0.4861564556660749
3268,4,11.1000003815,11.672748381790507,0.5727480002905079
3269,3,12.6999998093,12.837920103265457,0.13792029396545757
3270,2,11.6999998093,10.312022433760553,1.387977375539446
3271,5,7.47999992371,7.7486341520144695,0.26863422830446915
3272,2,11.1000003815,10.156407663632496,0.943592717867503
3273,5,12.9500002861,12.5644977410022,0.38550254509780046
3274,1,11.9000000954,12.38761127553771,0.4876111801377103
3275,2,13.1000003815,12.469210116391514,0.6307902651084856
3276,4,12.2416665554,12.648895687213223,0.4072291318132226
3277,4,6.7074074392,7.226934377348854,0.5195269381488545
3278,4,12.375,10.716337137010651,1.658662862989349
3279,1,13.066666921,12.837315550380938,0.22935137061906197
3280,3,13.2999999523,13.425777441806092,0.1257774895060919
3281,2,9.03000001907,8.403731647380752,0.6262683716892479
3282,1,12.9666665395,13.078188289775232,0.11152175027523192
3283,3,12.8000001907,11.853355525687231,0.9466446650127693
3284,2,11.7500002384,13.41810201677578,1.6681017783757799
3285,2,12.6999998093,12.458531282624781,0.24146852667521834
3286,1,6.37142848969,6.255703873026079,0.11572461666392098
3287,2,7.58750003576,7.1518098358897575,0.43569019987024227
3288,1,11.0499997139,11.711563838457371,0.6615641245573709
3289,4,9.27142851693,9.257557871250091,0.013870645679908478
3290,1,12.9499999927,13.114353769652958,0.16435377695295728
3291,5,6.56666668256,6.755769664948067,0.189102982388067
3292,5,8.71249997616,6.950154673575624,1.762345302584376
3293,2,13.3333333333,12.91073686273568,0.42259647056432037
3294,5,11.9499998093,12.043655668269636,0.0936558589696368
3295,1,13.6000000636,13.849011480274909,0.24901141667490911
3296,3,13.6999998093,13.288327921954311,0.4116718873456886
3297,1,7.25,7.806411311574084,0.5564113115740836
3298,2,11.0999999046,10.900859260936329,0.19914064366367157
3299,2,10.1000003815,10.720566928898302,0.6205665473983029
3300,5,7.77826085298,7.502948566835359,0.27531228614464087
3301,3,7.25,7.185864539068292,0.06413546093170819
3302,5,12.9000000954,13.322194440969108,0.4221943455691086
3303,4,10.9499998093,11.304016925130316,0.3540171158303167
3304,5,12.7999997139,12.117703362818569,0.6822963510814315
3305,1,10.7750000954,9.811082062483132,0.9639180329168671
3306,4,8.17500007153,7.838409839261088,0.3365902322689127
3307,1,7.66666666667,9.878292861980418,2.2116261953104175
3308,4,15.6666666667,14.368783004874048,1.297883661825951
3309,3,15.0666666031,13.86380324098455,1.2028633621154494
3310,5,12.3666667938,13.297393372129036,0.9307265783290362
3311,4,11.6000003815,11.613013506946425,0.013013125446425633
3312,1,9.32499980927,9.275514639952455,0.04948516931754554
3313,4,13.6000003815,13.456005506956663,0.1439948745433366
3314,1,12.75,13.448761351085277,0.6987613510852775
3315,1,12.0333333545,11.985710058109326,0.04762329639067353
3316,1,12.3999996185,13.16330399294856,0.763304374448559
3317,3,12.3000001907,12.309196986899867,0.009196796199866242
3318,4,9.03636368838,9.473761364467839,0.43739767608783886
3319,2,14.6999998093,14.04377454408905,0.6562252652109493
3320,2,12.6000003815,12.970824918161874,0.37082453666187476
3321,4,10.8250000477,10.261294920992977,0.5637051267070223
3322,3,11.2999997139,9.81571438482713,1.4842853290728701
3323,1,11.1714285442,10.092626867928429,1.0788016762715706
3324,5,13.0499997139,12.638762598771587,0.4112371151284133
3325,1,12.7999999523,13.329558284041322,0.5295583317413222
3326,4,13.1000003815,12.507630121492717,0.5923702600072822
3327,5,11.1999998093,10.8895338091758,0.3104660001241992
3328,1,9.49999968211,8.728953893526187,0.7710457885838125
3329,2,8.36666647593,7.7509228452317895,0.6157436306982103
3330,5,12.6600000381,12.310225013718949,0.3497750243810511
3331,4,6.63749998808,7.235888712864886,0.5983887247848863
3332,3,8.33333365122,7.923373921756168,0.4099597294638322
3333,2,14.4333333969,13.744453261706543,0.6888801351934575
3334,1,13.0,13.090705931113737,0.09070593111373704
3335,5,12.3999996185,12.49603605529024,0.09603643679023932
3336,3,11.5142856325,10.992126761331848,0.522158871168152
3337,3,8.69999980927,9.767218408053909,1.0672185987839082
3338,3,6.5793103514,6.9377643105068785,0.3584539591068783
3339,3,12.5333334605,13.134127912401869,0.6007944519018693
3340,4,12.1111111111,12.02458977603526,0.0865213350647398
3341,3,12.4500002861,11.907066879543041,0.5429334065569584
3342,5,12.1999998093,11.795711744852811,0.40428806444718823
3343,5,9.89999961853,9.245714098207415,0.6542855203225848
3344,1,8.90000009537,9.370578885706458,0.47057879033645733
3345,5,9.95454554124,11.107591853892737,1.1530463126527373
3346,3,12.25,12.025422926356539,0.22457707364346113
3347,2,11.9249999523,11.117255296628427,0.8077446556715735
3348,4,8.86666647593,8.663118783127056,0.20354769280294427
3349,1,13.9500000477,13.459483398534015,0.4905166491659845
3350,3,12.8000001907,12.785888994292188,0.014111196407812443
3351,1,13.7999999523,13.678469293462676,0.12153065883732417
3352,1,7.1250000596,7.5043079291960035,0.37930786959600393
3353,1,6.0312500298,6.443361786515523,0.41211175671552347
3354,5,5.52000007629,6.296781242006002,0.7767811657160024
3355,1,13.0538460658,13.692798186242358,0.638952120442358
3356,5,13.5,12.335708402886329,1.164291597113671
3357,4,10.8999996185,9.769787863588784,1.1302117549112172
3358,4,6.27499997616,6.7075014570998714,0.4325014809398713
3359,4,7.10666666031,7.251847113200617,0.14518045289061643
3360,4,8.57500016689,9.242328807475014,0.6673286405850138
3361,4,13.0,12.777403213641383,0.22259678635861668
3362,3,11.6999998093,11.994118067240311,0.2941182579403119
3363,4,14.0999997457,13.56438724726418,0.5356124984358193
3364,3,8.19999980927,9.92212767103793,1.7221278617679303
3365,3,11.1999998093,10.857089631986357,0.3429101773136427
3366,1,12.8999996185,13.549427321197408,0.6494277026974071
3367,3,8.22499990463,9.750366664744751,1.5253667601147516
3368,5,11.3000001907,9.75269389029862,1.547306300401381
3369,1,7.7333334287,8.551789591683173,0.818456162983173
3370,2,12.8000001907,13.616129841116377,0.8161296504163769
3371,3,11.6999998093,10.47571153809741,1.2242882712025889
3372,1,14.1000003815,13.934272575377385,0.1657278061226144
3373,5,7.70000004768,9.254415785564937,1.5544157378849377
3374,5,11.6000001431,10.011342596745214,1.5886575463547867
3375,2,7.69047623589,7.254036634027499,0.4364396018625012
3376,5,13.4277777672,13.725672965294953,0.29789519809495246
3377,3,14.1500000954,13.91556786761472,0.2344322277852786
3378,1,7.67500007153,8.175886378048801,0.500886306518801
3379,1,12.3999999364,12.590404342478529,0.19040440607852815
3380,5,13.7250000238,14.297044103878576,0.5720440800785767
3381,3,9.94999980927,8.50015798291839,1.4498418263516104
3382,3,12.3999996185,14.650371969897314,2.2503723513973135
3383,3,12.6999998093,13.016825573262107,0.3168257639621075
3384,4,13.8999996185,13.501210425637009,0.3987891928629921
3385,5,13.3333336512,13.199087593211697,0.13424605798830314
3386,2,13.6333332062,12.898761564155176,0.7345716420448234
3387,2,13.9666665395,14.920975251274788,0.9543087117747877
3388,3,10.6000003815,10.714178063990968,0.11417768249096838
3389,5,11.3999996185,10.391974062848615,1.0080255556513862
3390,4,15.1999998093,13.822193218008179,1.3778065912918205
3391,5,13.1000003815,13.086521969189622,0.013478412310377053
3392,3,12.4500002861,12.544575647220551,0.0945753611205511
3393,1,15.0,14.410215430722847,0.5897845692771533
3394,5,8.65555551317,8.005446864151265,0.6501086490187351
3395,3,12.8999996185,12.578677946827906,0.321321671672095
3396,2,10.1333335241,9.38234117975592,0.7509923443440787
3397,2,12.9000002543,13.530287118889873,0.6302868645898734
3398,3,12.6000003815,12.623311238063577,0.023310856563577786
3399,1,13.5,13.261301952816346,0.23869804718365373
3400,2,9.0,8.996970160273996,0.0030298397260040133
3401,3,12.5333334605,12.484879902384758,0.048453558115241435
3402,3,11.8400000572,12.92940131102302,1.08940125382302
3403,2,7.69999980927,7.73331415993974,0.03331435066973931
3404,2,15.3000001907,13.846621079805473,1.4533791108945273
3405,1,6.22500002384,6.4170490561911375,0.19204903235113768
3406,4,13.5,13.24267591715049,0.25732408284950914
3407,3,9.47777779897,9.656241050044178,0.17846325107417904
3408,4,10.7999998728,10.911636674477533,0.1116368016775322
3409,4,8.43999996185,7.805360034910268,0.6346399269397329
3410,3,13.25,12.776345330995529,0.4736546690044712
3411,1,14.7500002384,13.862310409972588,0.887689828427412
3412,2,14.1999998093,13.741674792266489,0.4583250170335109
3413,1,11.5999999046,11.112334796735222,0.48766510786477824
3414,4,10.9499998093,9.727017875278385,1.2229819340216146
3415,4,13.3000001907,13.432339253007704,0.13233906230770387
3416,4,13.1000003815,12.313395379804367,0.7866050016956319
3417,5,6.83636370572,7.743766406078197,0.9074027003581966
3418,1,10.0666666031,9.377651191083984,0.6890154120160155
3419,5,13.2166666985,13.547146428578102,0.3304797300781033
3420,5,13.375,13.577296185826862,0.20229618582686193
3421,1,10.9749999046,11.263876190147064,0.28887628554706346
3422,1,10.2599998474,9.474040241001514,0.7859596063984853
3423,4,11.6000003815,10.922951345107306,0.6770490363926935
3424,2,7.68148150267,8.381759905044236,0.7002784023742361
3425,1,11.2235293108,11.959920741014349,0.7363914302143488
3426,4,12.8999996185,12.500959993774096,0.39903962472590493
3427,5,15.1999998093,15.15719997389672,0.042799835403279474
3428,3,14.75,14.482926691223419,0.2670733087765811
3429,1,11.1999998093,11.006601463952377,0.19339834534762268
3430,5,13.1833333969,13.455578034786063,0.2722446378860628
3431,2,9.75454547188,10.453304579262005,0.6987591073820045
3432,5,12.6600000381,13.680146296783697,1.0201462586836971
3433,1,9.86666679382,9.831735824662761,0.034930969157239034
3434,2,12.1222222116,12.199729189112782,0.07750697751278146
3435,4,7.43999996185,6.577602282258198,0.862397679591802
3436,5,14.8666664759,13.728981170670663,1.137685305229338
3437,2,12.5999999046,11.85908560158783,0.7409143030121701
3438,3,6.41250002384,6.692544152294783,0.280044128454783
3439,4,11.0,9.931516980271265,1.0684830197287347
3440,5,13.8179486593,13.242632216129968,0.575316443170033
3441,2,12.4371428626,13.209897724069657,0.7727548614696573
3442,4,7.23333326976,7.398599655165966,0.16526638540596572
3443,3,9.22876721212,10.711260599575558,1.482493387455559
3444,5,11.5333332486,12.069289951365985,0.5359567027659846
3445,2,8.31666684151,10.238475349360893,1.9218085078508942
3446,5,10.9500002861,11.046661328465664,0.09666104236566397
3447,1,7.32352935567,9.014446615646364,1.6909172599763638
3448,1,10.6000003815,9.901117732160925,0.6988826493390743
3449,1,13.8999998569,14.194309797459916,0.2943099405599163
3450,4,7.01999998093,7.306973260163016,0.28697327923301597
3451,5,13.2999998728,13.29817689992286,0.0018229728771412823
3452,5,11.2166666985,11.920358267907186,0.7036915694071872
3453,5,7.86500008106,7.324426054945193,0.5405740261148066
3454,3,5.78333338102,6.179922857287127,0.3965894762671267
3455,1,10.4249999523,11.117252664606823,0.6922527123068232
3456,5,5.9230768864,7.288634628317321,1.3655577419173213
3457,2,7.96666661898,7.365792096876594,0.600874522103406
3458,1,13.6375001669,12.947952164087585,0.6895480028124155
3459,3,11.1999998093,10.741382032086216,0.4586177772137834
3460,2,11.1999998093,11.190211269007618,0.009788540292381853
3461,1,12.3500001431,11.615900745044723,0.7340993980552781
3462,5,6.06666668256,6.766881711457291,0.7002150288972908
3463,1,12.2333332698,13.422652525968328,1.1893192561683286
3464,2,10.5249998569,9.23523566151531,1.2897641953846897
3465,2,8.39999961853,10.371275742891298,1.9712761243612977
3466,5,12.4000000954,11.219283552588303,1.1807165428116964
3467,1,12.1999998093,12.442299337989285,0.24229952868928528
3468,2,13.5,13.27869891327885,0.2213010867211498
3469,1,17.0083332062,15.724403883841099,1.283929322358901
3470,1,18.7499996821,18.210981366623926,0.5390183154760742
3471,4,16.4666668574,16.015805420208878,0.45086143719112215
3472,5,16.9646153377,18.485375850812982,1.5207605131129824
3473,1,21.0540984107,22.05281079999155,0.9987123892915513
3474,2,18.8059458861,18.822425378100196,0.01647949200019383
3475,4,18.1016891969,18.443916841475925,0.3422276445759245
3476,5,26.1719877078,27.90368817919314,1.7317004713931397
3477,4,16.8037037673,17.30663044722367,0.5029266799236716
3478,4,21.7177083294,21.905579684334587,0.18787135493458607
3479,3,14.7888888253,16.074712662397502,1.2858238370975013
3480,3,16.2230769671,16.339751555213134,0.1166745881131348
3481,3,25.5087591297,24.925554354257613,0.5832047754423861
3482,1,18.5249999894,18.14042516405728,0.384574825342721
3483,4,19.9545454545,18.8012064462351,1.1533390082649007
3484,3,21.4720000458,21.545681231538577,0.0736811857385753
3485,2,16.7714287894,16.603509536868756,0.16791925253124518
3486,5,16.6428571429,16.414530415147965,0.22832672775203378
3487,2,24.2297297813,22.204797094430134,2.0249326868698674
3488,2,16.5,16.054608657104076,0.44539134289592397
3489,4,19.3714285351,18.940273428735,0.43115510636500076
3490,5,15.2799999237,15.846051202063627,0.5660512783636271
3491,3,14.6941176022,15.938502858107162,1.2443852559071615
3492,1,21.1634615385,21.414615456687205,0.25115391818720667
3493,5,17.929999733,18.789220943849006,0.8592212108490074
3494,3,20.5214286532,18.808579037980724,1.7128496152192767
3495,1,17.8341773069,18.399596433675836,0.5654191267758364
3496,5,15.8749998808,15.899575831261323,0.02457595046132255
3497,3,15.1875000795,16.94086898220685,1.7533689027068515
3498,3,15.7600000381,16.44241232407879,0.682412285978792
3499,2,18.0916668574,16.59985848254303,1.4918083748569693
3500,4,20.660714422,21.940665677260412,1.2799512552604106
3501,1,14.7999999523,15.484025116204927,0.6840251639049271
3502,3,15.8083334366,16.09119682372956,0.28286338712956116
3503,3,15.5,16.33382384660324,0.8338238466032415
3504,4,15.8977777799,17.51492463540077,1.6171468555007706
3505,4,15.8000001907,15.837800970336446,0.037800779636445014
3506,5,17.7520000458,19.34006490846337,1.5880648626633693
3507,5,16.0285715376,16.1194003741967,0.0908288365966996
3508,1,22.020000049,20.95717506631063,1.0628249826893708
3509,2,19.9352943196,21.51497431513511,1.579679995535109
3510,5,17.1483872321,18.152478981843217,1.0040917497432176
3511,5,20.2500004768,18.518661547611227,1.731338929188773
3512,3,14.9600000381,14.846294021422315,0.11370601667768554
3513,2,18.0095238004,18.709200909420474,0.6996771090204739
3514,3,19.543478095,20.094370252715407,0.5508921577154062
3515,3,21.5670103093,24.4206396992984,2.8536293899983995
3516,4,18.3814814532,19.285347452317374,0.9038659991173752
3517,5,15.8357144764,15.422735171275948,0.41297930512405223
3518,3,19.6950819297,18.524637692232545,1.1704442374674535
3519,2,18.4112675358,18.67019391234386,0.2589263765438581
3520,2,14.8714284897,15.77356940809345,0.9021409183934512
3521,4,17.8071428026,16.150309836593475,1.656832966006526
3522,1,15.8333333333,15.496374717163016,0.3369586161369842
3523,2,16.897560957,16.276908307417433,0.620652649582567
3524,1,15.6000000347,15.695807006934071,0.09580697223407064
3525,4,28.653386439,29.910560439921422,1.2571740009214238
3526,2,21.3734374344,21.84043545880381,0.4669980244038108
3527,2,29.5099077928,27.066049966483092,2.4438578263169077
3528,1,20.639999644,19.86762458113931,0.7723750628606894
3529,1,23.2044116749,22.62512595801685,0.5792857168831524
3530,5,16.8461536994,15.23241189126327,1.6137418081367283
3531,5,15.8250000477,15.996279305296909,0.17127925759690932
3532,1,14.5,14.84784104880366,0.3478410488036605
3533,2,21.4560974865,22.195663724522184,0.739566238022185
3534,3,14.3571429934,14.521757883867807,0.16461489046780642
3535,2,14.6000000238,15.309352517612353,0.7093524938123537
3536,4,16.7999992371,17.461520640985164,0.661521403885164
3537,4,21.3819445239,19.635124060900484,1.7468204629995157
3538,2,17.927272762,19.15296474623322,1.2256919842332188
3539,4,18.5285715376,17.120516134293094,1.408055403306907
3540,2,18.1055555344,17.49050421313298,0.6150513212670212
3541,1,23.2257142748,21.921784571879765,1.303929702920236
3542,2,18.6013792367,19.377886351519965,0.7765071148199638
3543,2,16.6862068176,16.57272480874269,0.11348200885730719
3544,1,16.0608695901,15.50518630341074,0.5556832866892609
3545,4,20.8249999682,19.1702896855206,1.6547102826793996
3546,1,14.4000000954,15.89577256891156,1.4957724735115612
3547,1,30.0261681934,27.317503741221863,2.7086644521781373
3548,3,21.8149605548,21.33567617425988,0.47928438054011835
3549,5,18.6306382687,18.799757462457396,0.16911919375739615
3550,2,18.1999999631,18.017505969835742,0.1824939932642593
3551,4,19.4900114824,18.51120524499962,0.9788062374003808
3552,4,15.3500001431,15.809377931525562,0.4593777884255612
3553,5,23.3881356352,23.348030184752755,0.04010545044724623
3554,4,21.3968749642,19.12506530682914,2.2718096573708593
3555,3,17.7624998093,19.159893731039848,1.397393921739848
3556,5,16.9331250548,17.53611997612981,0.6029949213298096
3557,3,21.8339285851,23.10510030253147,1.2711717174314678
3558,4,19.8687500954,18.757038545422603,1.1117115499773966
3559,2,14.5799999237,15.962817341126053,1.3828174174260521
3560,4,18.3137932481,19.835887926483558,1.5220946783835565
3561,5,24.8499999387,24.553725471573674,0.2962744671263273
3562,1,15.8892856666,16.673859399651754,0.7845737330517544
3563,4,19.0665048673,19.158717882162794,0.09221301486279287
3564,5,19.8371427536,18.234354895163435,1.6027878584365638
3565,3,20.654782685,17.750823673197964,2.903959011802037
3566,2,14.4000000954,15.292691785482745,0.8926916900827457
3567,3,15.3000001907,14.536166452565,0.7638337381350002
3568,5,19.357142789,19.080642635147157,0.27650015385284377
3569,3,19.2794117086,19.62074464862683,0.34133294002682746
3570,1,18.8287879192,19.750893051934277,0.9221051327342771
3571,1,26.445613928,24.509769711242274,1.9358442167577259
3572,5,14.1000003815,14.999091174779208,0.8990907932792087
3573,2,14.5,15.806922622459597,1.306922622459597
3574,1,15.933333079,15.579149032168583,0.354184046831417
3575,3,15.8777777354,18.122245339985053,2.2444676045850525
3576,2,15.8333331744,15.886619998279942,0.05328682387994199
3577,3,15.4499999046,16.12617298245054,0.6761730778505406
3578,2,19.6297619456,19.15673015468347,0.47303179091652936
3579,5,15.3399999619,16.189985027587614,0.8499850656876138
3580,3,20.0144330054,18.633283328826156,1.3811496765738447
3581,5,22.7103448013,21.288991388809603,1.4213534124903973
3582,2,13.8999996185,14.995595711367642,1.0955960928676411
3583,4,15.6000003815,15.694219294554422,0.09421891305442287
3584,5,15.2,15.177902215278248,0.022097784721751168
3585,2,18.6750000318,18.95040947605665,0.27540944425664904
3586,4,15.9400000254,15.976822945425896,0.036822920025896266
3587,4,24.7395349187,25.567278264944548,0.8277433462445494
3588,3,15.1666666667,15.902745586695746,0.7360789199957463
3589,3,18.2923076336,19.158417246090572,0.8661096124905718
3590,3,15.0,15.304065627890056,0.304065627890056
3591,5,14.1499997775,14.813955150550989,0.6639553730509888
3592,1,19.0666664971,19.259932087457784,0.19326559035778246
3593,2,15.5444444021,16.278706418193785,0.7342620160937852
3594,5,16.8571429934,17.45676259746909,0.5996196040690904
3595,2,18.9375,19.166809572373268,0.22930957237326766
3596,5,22.2058822728,22.389485438314992,0.18360316551499167
3597,3,14.4318181385,15.791122177362467,1.3593040388624669
3598,5,17.8257142203,17.28364227887282,0.5420719414271815
3599,2,15.0,16.033860210435193,1.0338602104351935
3600,5,20.764285905,23.105670288510282,2.341384383510281
3601,1,17.0133332994,16.630632698951963,0.382700600448036
3602,2,15.1000000238,15.586011142976243,0.4860111191762435
3603,3,28.3719999313,27.069077943180645,1.3029219881193548
3604,4,23.9045453505,24.12253340666033,0.2179880561603298
3605,3,21.0533332825,18.40892429016914,2.6444089923308596
3606,4,17.0857143402,17.30635137709424,0.2206370368942423
3607,4,23.0844444063,21.939844591636927,1.1445998146630743
3608,1,15.4749999046,15.204765223945003,0.27023468065499756
3609,2,15.1800000668,16.067161603739343,0.8871615369393435
3610,5,21.3521738467,18.844862527650147,2.5073113190498546
3611,4,18.9575759425,20.01724832155128,1.0596723790512783
3612,4,9.0,8.889943888184147,0.11005611181585273
3613,1,7.69999980927,8.570304228240678,0.8703044189706777
3614,2,11.3666667938,10.801733577539508,0.5649332162604921
3615,2,11.8999996185,10.234443643753623,1.6655559747463773
3616,1,11.3000001907,10.593673396853685,0.7063267938463156
3617,2,11.5666666031,10.947153514475335,0.6195130886246645
3618,3,11.3999996185,10.562543064981561,0.8374565535184395
3619,4,9.40000009537,9.762592612774734,0.3625925174047335
3620,2,9.39999961853,9.641777866892255,0.24177824836225525
3621,2,8.64999985695,9.064405894159878,0.41440603720987745
3622,3,10.9333333969,10.492805346061926,0.4405280508380738
3623,4,11.4333333969,10.971436552011191,0.461896844888809
3624,3,12.0,10.669565572209947,1.3304344277900526
3625,3,8.39999961853,9.17226284601009,0.7722632274800905
3626,3,11.6500000954,10.661571445125444,0.988428650274555
3627,5,9.89999961853,9.909200019960586,0.009200401430586425
3628,4,8.5,9.55521562000019,1.0552156200001903
3629,5,11.5,10.258692782996038,1.2413072170039623
3630,4,11.1000003815,10.468047539065635,0.6319528424343641
3631,5,11.2199998856,10.76477358594193,0.4552262996580705
3632,3,11.6999998093,10.936618836213283,0.7633809730867167
3633,5,11.0249998569,10.661863087642168,0.36313676925783156
3634,4,11.1999998093,10.423038609027934,0.7769612002720656
3635,1,8.63999977112,8.821237102098445,0.18123733097844585
3636,5,8.69999980927,10.30298787161077,1.6029880623407688
3637,4,8.39999961853,8.61844622998073,0.2184466114507302
3638,5,11.8000001907,10.993819576177627,0.8061806145223738
3639,3,8.60000038147,8.619265022475686,0.01926464100568559
3640,5,8.60000038147,8.51231658237145,0.08768379909854929
3641,4,8.19999980927,8.70614238512195,0.5061425758519498
3642,4,11.433333079,10.96326417705364,0.47006890194636064
3643,1,11.6999998093,10.785425313893224,0.9145744954067752
3644,5,8.70000012716,8.70415529204081,0.004155164880810247
3645,4,8.30000019073,8.607992043091146,0.30799185236114646
3646,1,9.30000019073,9.53460928456069,0.23460909383068973
3647,1,11.1750001907,11.002559734845645,0.17244045585435508
3648,4,8.5,8.823009745969799,0.3230097459697987
3649,1,8.5,8.924740456288227,0.42474045628822665
3650,2,11.8000001907,10.93216752315969,0.867832667540311
3651,1,8.7999997139,9.223283134173338,0.42328342027333754
3652,1,10.1999998093,9.386725899833642,0.813273909466357
3653,3,8.51999988556,10.144532230432871,1.6245323448728701
3654,5,8.53333346049,8.429456754362517,0.10387670612748323
3655,4,10.8000001907,11.218223242753476,0.41822305205347554
3656,2,9.72499990463,9.4369065543016,0.2880933503283991
3657,3,12.4000000954,11.349835111299859,1.0501649841001406
3658,1,10.4333335559,10.633391547084996,0.20005799118499645
3659,3,8.09999990463,10.022032290164908,1.9220323855349086
3660,2,11.8499999046,10.625496654374865,1.2245032502251352
3661,3,8.29999995232,8.602484675703193,0.3024847233831931
3662,3,8.38333328565,8.769507896620079,0.38617461097007855
3663,4,11.6999998093,11.120625059439716,0.5793747498602837
3664,4,8.20000019073,8.920847541137768,0.7208473504077677
3665,5,8.13333336512,8.53796561850501,0.4046322533850102
3666,3,8.80000019073,10.114069358044496,1.3140691673144964
3667,4,9.89999961853,10.139020415382937,0.23902079685293742
3668,2,8.44999980927,8.76162174454707,0.31162193527706883
3669,1,10.1000003815,9.974231097440622,0.12576928405937693
3670,4,10.6000003815,9.792880449370795,0.8071199321292042
3671,1,10.8000001907,10.241174540184415,0.5588256505155851
3672,5,10.9399997711,10.62721421570578,0.3127855553942194
3673,2,10.1999998093,9.736753517049436,0.46324629225056313
3674,4,11.3000001907,11.048736224691844,0.2512639660081568
3675,5,8.0,8.906620202723918,0.9066202027239179
3676,5,11.75,11.242363448087785,0.5076365519122152
3677,2,8.7999997139,9.482389497604835,0.6823897837048349
3678,1,7.59999990463,8.657070123400239,1.0570702187702388
3679,2,11.3000001907,10.089541694960246,1.2104584957397542
3680,1,8.19999980927,8.703400929722926,0.5034011204529261
3681,3,12.1500000954,10.62173817118879,1.5282619242112094
3682,4,11.5,10.839185462133113,0.6608145378668873
3683,5,9.19999980927,9.06071153676192,0.13928827250808062
3684,2,11.7999997139,10.719152146809904,1.080847567090096
3685,1,11.3999996185,10.622733287763461,0.7772663307365395
3686,2,11.0500001907,10.50233824318744,0.5476619475125606
3687,5,10.8600000381,10.354800336656977,0.5051997014430238
3688,2,8.10000038147,9.145631529704692,1.0456311482346923
3689,2,8.19999980927,8.675082556404288,0.47508274713428733
3690,4,9.19999980927,8.954054433663858,0.2459453756061425
3691,2,11.0,10.814822728386336,0.18517727161366437
3692,1,10.8000001907,10.896988902138286,0.09698871143828569
3693,2,8.10000002384,8.674593203039214,0.5745931791992138
3694,2,10.0,9.1565645067283,0.8434354932717003
3695,5,11.3499999046,10.517922067851096,0.8320778367489048
3696,5,9.7000002861,8.584875022056528,1.1151252640434723
3697,2,8.39999961853,8.475354532431162,0.07535491390116178
3698,1,9.86666679382,9.692398114343586,0.17426867947641433
3699,4,10.8999996185,10.600028754363466,0.29997086413653484
3700,4,10.5333334605,10.214829378353077,0.31850408214692294
3701,5,9.25,10.03521721015953,0.78521721015953
3702,1,8.33333333333,8.717607049722897,0.3842737163928973
3703,2,8.4500002861,8.455389802135771,0.0053895160357715355
3704,2,10.3000001907,10.45948020172655,0.15948001102654885
3705,1,8.65000009537,8.970879122220811,0.32087902685081104
3706,2,9.39999961853,9.413743926461441,0.013744307931441213
3707,2,10.9500002861,10.955034049723594,0.005033763623593757
3708,1,9.5,9.270623641978487,0.22937635802151313
3709,5,8.2000002861,9.00453764912879,0.8045373630287909
3710,1,8.00000023842,8.615419691567519,0.6154194531475188
3711,4,9.27499985695,9.76260310173973,0.48760324478972983
3712,5,8.5,9.149738987371274,0.6497389873712738
3713,5,10.8999996185,8.57727310226108,2.3227265162389212
3714,5,8.89999961853,9.01208809536537,0.11208847683536938
3715,3,11.8999996185,11.029322559471538,0.8706770590284627
3716,5,8.60000038147,9.18652933401608,0.5865289525460806
3717,2,8.5,8.837712443521527,0.33771244352152685
3718,4,8.5,9.254046907205185,0.7540469072051845
3719,5,10.5500001907,9.641127469389678,0.9088727213103223
3720,3,12.6999998093,11.316254570838154,1.3837452384618452
3721,2,8.5,9.404107233750995,0.9041072337509952
3722,4,9.3666665819,9.370618098653916,0.00395151675391503
3723,3,11.3999996185,9.287316134274272,2.1126834842257285
3724,2,11.5500001907,11.51273972350104,0.037260467198960256
3725,5,8.60000038147,8.973833275513613,0.37383289404361264
3726,5,8.80000019073,8.501438301286276,0.2985618894437234
3727,4,9.60000006358,9.829217288155979,0.22921722457597937
3728,2,8.5,8.603655288285067,0.10365528828506676
3729,3,11.4333337148,10.919780984413272,0.5135527303867278
3730,4,9.10000038147,9.09054749716511,0.009452884304890219
3731,4,10.0999999046,10.093333468625232,0.006666435974768348
3732,3,8.19999980927,8.958461187415752,0.7584613781457517
3733,3,8.34000015259,9.318553435667193,0.9785532830771935
3734,3,8.53999996185,8.952771444515648,0.4127714826656472
3735,5,10.1999998093,10.314388541548412,0.11438873224841295
3736,4,10.5249998569,10.084312058125276,0.4406877987747233
3737,2,8.66666666667,10.45776095641349,1.791094289743489
3738,5,9.68333339691,9.94491194789618,0.2615785509861812
3739,2,10.6999998093,10.97717426580195,0.2771744565019514
3740,4,11.3999996185,10.665733441851996,0.7342661766480045
3741,5,11.5,10.876192103803783,0.623807896196217
3742,2,8.55000019073,9.566404284194364,1.0164040934643648
3743,4,11.8999998569,11.060168939708488,0.8398309171915113
3744,5,8.89999961853,8.91059130501484,0.010591686484840324
3745,2,8.3714285578,8.842954661519872,0.4715261037198726
3746,2,9.34999990463,9.139208965925112,0.2107909387048874
3747,4,8.56666660309,8.852042150992169,0.28537554790216824
3748,5,12.0750000477,11.165047995882524,0.9099520518174753
3749,2,11.9000000954,9.77588777526386,2.12411232013614
3750,4,11.1999998093,11.32767766320812,0.12767785390812136
3751,2,8.55000019073,8.707365481048054,0.15736529031805446
3752,1,9.04999995232,9.63448429468784,0.5844843423678405
3753,1,8.89999961853,9.51747329623539,0.6174736777053909
3754,4,11.1000003815,10.23664797849869,0.8633524030013096
3755,1,11.9000000954,11.166013327197609,0.7339867682023904
3756,5,8.4500002861,8.927552320794653,0.47755203469465357
3757,4,8.89999961853,9.229986200470126,0.3299865819401262
3758,3,8.34999990463,9.06895865171087,0.7189587470808707
3759,4,8.56666660309,9.307781628078262,0.741115024988261
3760,5,9.65999984741,9.445775696551708,0.21422415085829272
3761,2,8.19999980927,8.61672674760674,0.41672693833674046
3762,5,8.47499990463,8.973972183796224,0.49897227916622455
3763,5,8.55000019073,8.43842025092317,0.11157993980683045
3764,4,10.1999998093,9.985665332887045,0.21433447641295444
3765,4,8.5,8.473898123463597,0.026101876536403168
3766,5,8.84999990463,9.14761030176003,0.2976103971300308
3767,3,8.39999961853,8.609991560064667,0.2099919415346676
3768,3,10.5333334605,10.297643152545811,0.23569030795418833
3769,5,10.4750001431,10.355617775913297,0.11938236718670403
3770,3,8.95000004768,9.671801472769674,0.7218014250896747
3771,2,9.60000002384,9.719011682361046,0.11901165852104612
3772,1,8.375,8.901210631655326,0.5262106316553261
3773,2,8.10000038147,8.929995438324987,0.8299950568549868
3774,3,8.18000011444,8.474649114408455,0.29464899996845517
3775,5,8.3,9.101613820254657,0.8016138202546568
3776,2,8.5,8.564950289484115,0.06495028948411452
3777,1,8.55000019073,9.024575316523848,0.474575125793848
3778,5,8.69999980927,8.981502626728714,0.28150281745871375
3779,4,10.1333335241,10.232946958347558,0.09961343424755853
3780,1,10.8999996185,10.685901073807434,0.2140985446925665
3781,1,8.30000019073,8.919457426195573,0.619457235465573
3782,2,12.6999998093,10.84965973986377,1.8503400694362302
3783,4,9.0,9.380251641877567,0.38025164187756744
3784,1,9.65000009537,10.18545156285536,0.535451467485359
3785,1,10.6499998569,10.383310637087156,0.266689219812843
3786,4,9.97142846244,10.15077818572973,0.17934972328972876
3787,2,10.8999996185,11.127107868634841,0.22710825013484026
3788,5,7.90000009537,8.438313962928909,0.5383138675589088
3789,3,11.0,11.024100896990774,0.02410089699077389
3790,2,11.8000001907,10.476362536035388,1.323637654664612
3791,4,11.1833333969,10.420470230785197,0.7628631661148031
3792,4,11.1333332062,10.589671711745176,0.5436614944548239
3793,3,8.74999976158,9.866108225987919,1.1161084644079189
3794,1,9.48333326976,9.419773079970614,0.06356018978938494
3795,3,11.3000001907,10.791469904654436,0.5085302860455645
3796,4,9.67499995232,9.840582212498285,0.1655822601782848
3797,5,8.59999974569,9.147190506266098,0.5471907605760968
3798,2,10.1999998093,10.038063925911139,0.16193588338886045
3799,3,9.10000038147,9.75528133983373,0.6552809583637291
3800,1,9.05000019073,9.272859966172666,0.22285977544266622
3801,4,12.1000003815,10.473766325670576,1.626234055829423
3802,4,8.30000019073,8.47709117509101,0.17709098436101023
3803,3,8.7999997139,9.443294211538198,0.6432944976381982
3804,2,9.0,9.532192658998156,0.5321926589981558
3805,4,13.5999999046,13.693382134151877,0.09338222955187625
3806,3,14.6692308279,13.501178903003273,1.1680519248967265
3807,4,12.2666667302,13.483144604939213,1.216477874739212
3808,4,14.0,14.40108909674362,0.40108909674362003
3809,3,13.8500001431,13.195576637833998,0.6544235052660028
3810,5,15.314285687,14.369200877129634,0.9450848098703659
3811,4,11.6999998093,13.436296090664243,1.7362962813642433
3812,5,13.8200000763,13.792312591895042,0.027687484404957274
3813,1,16.1799999237,14.14568650193052,2.034313421769479
3814,5,13.9249999523,13.778664584093152,0.14633536820684867
3815,3,12.5999999046,13.284818368743815,0.6848184641438149
3816,4,13.7333332698,13.88323358048046,0.1499003106804615
3817,1,14.3000001907,13.965697157481824,0.3343030332181769
3818,5,14.3000001907,13.717460561162328,0.5825396295376724
3819,1,12.5,13.348102012475453,0.8481020124754526
3820,3,12.8285714558,13.335790631585201,0.5072191757852007
3821,1,13.9800001144,12.844403123792471,1.135596990607528
3822,1,12.9499999682,13.02426366409626,0.07426369589625992
3823,3,12.7200000763,13.294773117045033,0.5747730407450327
3824,4,12.300000044,13.081075343793946,0.7810752997939456
3825,4,12.4000000954,13.076047715314195,0.6760476199141952
3826,2,12.8166666031,12.806637088254604,0.010029514845395937
3827,2,12.8999998569,13.428397395544355,0.5283975386443558
3828,5,12.5,12.961613496492452,0.4616134964924523
3829,3,13.1799999237,13.305663619395963,0.12566369569596247
3830,4,14.7428569794,14.641566964967867,0.10129001443213426
3831,4,12.9800001144,13.317617114195395,0.3376169997953955
3832,4,12.6999998093,13.10204316522882,0.4020433559288197
3833,1,13.0500001907,13.096312682072291,0.046312491372290765
3834,1,14.25,13.769140100810382,0.4808598991896176
3835,4,12.8499999046,13.190802822000347,0.34080291740034596
3836,3,14.3999996185,15.993680653364514,1.5936810348645132
3837,1,14.0,13.629947767938734,0.3700522320612656
3838,1,13.1000003815,13.64174952514679,0.5417491436467916
3839,4,12.672727238,12.936445164919565,0.26371792691956486
3840,5,13.4500002861,13.325768622156254,0.12423166394374618
3841,4,14.25,14.238383614401005,0.011616385598994583
3842,1,12.2714286532,12.806976288658717,0.5355476354587179
3843,5,14.3500003815,14.042988224419753,0.307012157080246
3844,2,12.7999999183,13.165562374893536,0.3655624565935369
3845,5,13.2666664124,13.775826728890504,0.5091603164905045
3846,1,13.6333332062,13.13515208209768,0.4981811241023202
3847,3,12.3000001907,13.2973225407778,0.9973223500778001
3848,2,13.0999999046,13.254246540465862,0.15424663586586185
3849,4,13.9500000477,13.074010415581473,0.875989632118527
3850,5,14.1333332062,13.699753325531386,0.4335798806686135
3851,2,13.0,13.594703820882271,0.5947038208822715
3852,1,14.5749998093,13.375770662264362,1.1992291470356378
3853,1,13.4666665395,13.325120960594719,0.14154557890528174
3854,5,12.8000001907,13.035535176672656,0.23553498597265587
3855,2,14.3499999046,13.933595131685959,0.4164047729140421
3856,4,12.6749999523,13.462196447920164,0.7871964956201634
3857,1,13.1999998093,12.645173361620218,0.5548264476797815
3858,2,13.7625000477,13.270584739401526,0.4919153082984735
3859,1,11.8800001144,12.753094654146272,0.8730945397462726
3860,2,12.5,13.301755307180754,0.8017553071807537
3861,3,13.4333333969,12.790524833628604,0.6428085632713962
3862,3,13.0,13.035222242749937,0.03522224274993668
3863,5,12.9999999046,13.296289911340184,0.29629000674018435
3864,4,12.9000000954,13.907257284069019,1.0072571886690191
3865,4,12.8166666031,13.286754530557664,0.4700879274576639
3866,4,12.7833334605,12.869803720647814,0.08647026014781467
3867,4,12.0923076776,12.8395193275004,0.7472116499004002
3868,4,12.2399999619,12.867657175685498,0.627657213785497
3869,2,15.4599998474,14.384056900051524,1.0759429473484765
3870,2,14.7333332698,14.22605140885826,0.50728186094174
3871,4,13.3400001526,13.004952696195561,0.335047456404439
3872,1,13.9749999046,13.065909941183413,0.9090899634165872
3873,1,13.7222222222,13.44341445416277,0.27880776803722895
3874,5,13.5913044473,13.11827516830465,0.47302927899534986
3875,4,13.4333333969,13.176438859008648,0.25689453789135186
3876,5,13.8000001907,13.69923614085139,0.10076404984861043
3877,2,13.6083334287,13.010217141325194,0.5981162873748058
3878,3,14.3899999619,13.316433897491468,1.0735660644085314
3879,3,12.4888889525,12.934455041820117,0.445566089320117
3880,2,13.4571426937,13.144769863736698,0.3123728299633015
3881,1,13.5,14.142185175963059,0.6421851759630588
3882,4,11.5333333015,12.726878959459643,1.1935456579596426
3883,2,13.0499997139,13.801014716702975,0.7510150028029745
3884,1,13.3250000477,13.747065593201059,0.42206554550105935
3885,2,12.4833332698,12.437410699712258,0.04592257008774148
3886,2,13.0499997139,13.442574222613555,0.3925745087135546
3887,2,12.3999996185,12.979673159958821,0.5796735414588206
3888,3,14.0250000954,13.36322513060129,0.6617749647987097
3889,1,13.4800001144,13.5781548260699,0.09815471166990086
3890,5,12.4428571974,12.660030445170566,0.21717324777056568
3891,1,12.0999999728,13.253309073773844,1.1533091009738445
3892,3,12.75,12.806101461426712,0.05610146142671191
3893,4,12.8692307105,12.807665956105836,0.061564754394163757
3894,1,14.6000003815,13.89162545755444,0.7083749239455592
3895,2,13.4166668256,14.195186904697266,0.778520079097266
3896,1,12.7666667302,13.521689915915822,0.7550231857158209
3897,5,13.0,13.081259715627352,0.08125971562735224
3898,2,12.4799999237,13.62574038707792,1.145740463377921
3899,3,11.9333333969,12.724612453213803,0.7912790563138028
3900,5,14.8999999364,14.928630200647609,0.028630264247608395
3901,4,14.1000003815,13.647839349478177,0.4521610320218219
3902,2,13.7333332698,12.92334298800458,0.8099902817954199
3903,3,13.5999999046,13.62716288334238,0.02716297874238016
3904,4,14.4666665395,14.034295908922935,0.43237063057706493
3905,3,14.1000003815,13.188705294063187,0.9112950874368124
3906,4,14.9285714286,13.119165288476252,1.8094061401237482
3907,3,12.8999996185,13.339013512169585,0.43901389366958377
3908,4,13.7000002861,13.296106155146077,0.40389413095392257
3909,2,16.3999996185,14.66799487282356,1.7320047456764414
3910,2,14.0499997139,13.10589691874607,0.9441027951539294
3911,5,12.9750001431,12.915145209415135,0.05985493368486594
3912,2,13.0333334605,12.976460502235966,0.05687295826403371
3913,5,12.4399999619,12.690934310372757,0.2509343484727573
3914,2,12.6999998093,12.81064460863484,0.11064479933484073
3915,4,13.3999996185,13.099508417153285,0.30049120134671625
3916,3,13.4333333969,12.796002282011402,0.6373311148885978
3917,3,12.1000003815,14.441688030765942,2.3416876492659426
3918,3,12.8666667938,13.000768309702332,0.13410151590233177
3919,2,12.5,13.338305049876165,0.8383050498761655
3920,4,13.6000003815,13.074743643215887,0.5252567382841118
3921,1,13.8999996185,13.787461949188806,0.11253766931119458
3922,4,12.3999996185,13.448782545112028,1.0487829266120272
3923,4,14.5,14.56391451749488,0.06391451749487942
3924,4,16.5833331744,12.222611762647874,4.360721411752126
3925,5,12.4000000954,12.74844124281954,0.3484411474195408
3926,5,14.9000000954,13.518108216938646,1.381891878461353
3927,4,13.0142857688,13.448570703598437,0.4342849347984359
3928,2,12.2222222222,12.660716388868734,0.4384941666687343
3929,4,12.5,13.150926755622214,0.6509267556222138
3930,5,13.8166666031,14.018306932419806,0.20164032931980636
3931,1,12.0,12.914053969005744,0.9140539690057441
3932,4,13.0500001907,13.178975529791657,0.1289753390916566
3933,2,16.2999998728,14.250765887542572,2.0492339852574286
3934,3,12.3000000318,13.80868187100247,1.5086818392024703
3935,4,12.5499997139,12.930989087183638,0.38098937328363824
3936,2,13.1000003815,13.347648720458382,0.247648338958383
3937,3,13.8999996185,13.597714405433846,0.3022852130661544
3938,1,12.8999999364,13.393398069778675,0.49339813337867433
3939,3,13.5454546322,12.699730755284197,0.8457238769158035
3940,4,12.6464285851,12.728206948476437,0.0817783633764364
3941,1,13.4749999642,13.48507199957028,0.010072035370280119
3942,1,12.5099999428,12.92361307381584,0.41361313101583974
3943,5,11.3749997616,12.717139072310584,1.342139310710584
3944,1,12.2888888253,12.950661033306032,0.6617722080060311
3945,2,13.3999996185,12.506071361515225,0.8939282569847755
3946,1,12.6999998093,13.646639534031015,0.9466397247310159
3947,4,14.5800001144,13.667159956452991,0.9128401579470093
3948,2,12.8000001907,13.326216401954406,0.5262162112544058
3949,2,14.3000001907,13.845512722887209,0.4544874678127915
3950,3,13.566666921,13.466766812534726,0.09990010846527397
3951,4,12.6499999364,12.903059546252056,0.25305960985205544
3952,2,12.9333333969,12.934325073953064,0.0009916770530633556
3953,5,13.2999997139,13.57369475976825,0.27369504586824966
3954,1,12.6499999762,12.806323187728548,0.156323211528548
3955,1,14.2666667302,13.866339893326407,0.40032683687359416
3956,3,14.5,13.921203585742342,0.578796414257658
3957,3,12.9999999046,12.926878027583985,0.07312187701601403
3958,1,12.7249999046,12.948168916274136,0.22316901167413583
3959,4,13.4000000954,13.737337008849362,0.3373369134493629
3960,3,16.9250001907,14.540604170464572,2.384396020235428
3961,3,14.3000001907,13.735452959103144,0.5645472315968565
3962,3,13.4000000954,13.306835169491123,0.09316492590887648
3963,1,12.7500002384,13.715079983748895,0.9650797453488948
3964,3,12.8000001907,12.89804537875691,0.09804518805690954
3965,4,13.3499999046,13.912934192299026,0.5629342876990258
3966,4,12.6666668256,12.80391147761304,0.13724465201303993
3967,4,12.5500001907,13.209980903163938,0.6599807124639376
3968,4,14.3600000381,13.784242306847931,0.5757577312520699
3969,3,13.6000003815,13.293208143629768,0.3067922378702317
3970,4,12.5500001907,13.462505865038272,0.9125056743382718
3971,1,14.8142855508,14.554326451649438,0.2599590991505618
3972,5,12.9250001907,13.31717111926667,0.392170928566669
3973,1,13.3769230476,12.871793080474024,0.5051299671259759
3974,5,13.6500000954,12.97208401486298,0.6779160805370186
3975,1,13.25,13.450711273915742,0.20071127391574173
3976,4,12.0,13.01962454650127,1.0196245465012694
3977,3,14.5999999046,13.280532713329833,1.3194671912701672
3978,4,12.6000001431,13.077224017366254,0.4772238742662527
3979,2,13.6000003815,13.6302261534438,0.03022577194380105
3980,3,13.0500001907,13.410034026598098,0.360033835898097
3981,3,14.6500000954,14.18832296638651,0.46167712901348956
3982,3,13.0999999046,13.008269735596551,0.09173016900344955
3983,4,13.25,13.360848600701571,0.11084860070157099
3984,1,13.8250000477,13.390789863296053,0.43421018440394654
3985,3,14.5,13.21684774494947,1.2831522550505294
3986,3,13.3499999046,13.25528309407282,0.0947168105271814
3987,5,13.25,13.009361512065,0.24063848793499965
3988,2,13.4000000954,12.935777104940772,0.464222990459227
3989,2,12.1399999619,12.672419494252166,0.5324195323521668
3990,3,13.8333333333,13.596909205321845,0.2364241279781556
3991,1,13.3000001907,13.006090603028799,0.2939095876712017
3992,3,13.9333333969,13.822003438511734,0.11132995838826609
3993,5,12.414285796,13.595916982604887,1.1816311866048874
3994,1,13.3999996185,13.594569127486805,0.19456950898680425
3995,1,12.9250000318,13.150347015327407,0.22534698352740712
3996,3,12.8555555344,12.860532429771808,0.004976895371807899
3997,1,13.0,13.194454451108976,0.1944544511089763
3998,5,13.7000002861,13.72126055976362,0.0212602736636196
3999,2,12.9800001144,13.12181886713198,0.14181875273198052
4000,5,12.9400001526,13.015794558984025,0.07579440638402524
4001,2,12.8333333333,13.031312587422827,0.19797925412282602
4002,3,13.25,12.5984258300215,0.6515741699785007
4003,2,12.3000001907,13.25714473556868,0.9571445448686795
4004,1,13.1999998093,13.366246326049005,0.16624651674900548
4005,4,12.0899999619,12.727540649158554,0.6375406872585536
4006,4,12.1499998569,12.84984399929267,0.6998441423926707
4007,1,15.5999999728,15.020503414780741,0.5794965580192581
4008,4,13.3000000318,14.048619607226135,0.7486195754261349
4009,4,13.7,13.174177173555325,0.5258228264446743
4010,1,12.7000001272,12.739796969060736,0.03979684186073662
4011,3,13.5,14.845228014680172,1.3452280146801723
4012,1,14.0500001907,13.546184616574237,0.5038155741257633
4013,3,13.2999999523,12.892519544976334,0.40748040732366597
4014,5,11.3499999046,12.837721419628304,1.4877215150283032
4015,1,15.0333331426,14.502989125234505,0.5303440173654952
4016,3,12.4666665395,13.035010289299718,0.5683437497997179
4017,4,12.5750000477,12.877067740967927,0.3020676932679276
4018,5,13.7999997139,13.072560096145827,0.7274396177541735
4019,3,14.6799999237,14.067116891740062,0.6128830319599388
4020,4,14.3999996185,13.104211388469317,1.2957882300306842
4021,5,12.7000001272,12.912899012814666,0.21289888561466697
4022,3,12.3999996185,12.81158314232217,0.4115835238221699
4023,2,14.9249997139,14.252346867225661,0.6726528466743389
4024,2,16.2499995232,14.335700227324441,1.9142992958755585
4025,4,13.0,13.69683271574441,0.6968327157444101
4026,2,16.1000003815,14.63409145174351,1.4659089297564893
4027,4,13.8500003815,14.176949830999645,0.32694944949964544
4028,1,12.8888887829,13.37427414505096,0.48538536215095895
4029,1,13.0,13.094670005475152,0.0946700054751517
4030,2,13.1500000954,13.885321086493095,0.7353209910930953
4031,1,12.8999996185,13.37411222472519,0.474112606225189
4032,2,13.5,13.308727997102833,0.19127200289716662
4033,5,14.625,14.042303290062137,0.5826967099378635
4034,3,13.1800001144,13.190982947888312,0.010982833488311528
4035,1,12.1749999523,13.581406584672813,1.4064066323728124
4036,5,13.2999997139,13.384914631751089,0.08491491785108884
4037,5,13.3499999046,13.155695220489756,0.1943046841102447
4038,3,12.7909089002,12.520323302766633,0.2705855974333673
4039,3,12.8999996185,13.667700985726496,0.7677013672264952
4040,1,13.3999996185,14.05724095697304,0.6572413384730389
4041,3,14.7666667302,14.040816278786812,0.7258504514131889
4042,3,12.9500002861,14.108568505413471,1.1585682193134712
4043,1,15.1333335241,14.628440308088617,0.5048932160113822
4044,3,12.6399999619,12.80163639723593,0.16163643533593053
4045,3,13.1999998093,12.928925949290804,0.27107386000919576
4046,2,12.7571427936,12.6617561286508,0.09538666494919923
4047,2,13.6999998093,12.99658117125923,0.7034186380407697
4048,2,14.75,14.181392345043863,0.5686076549561374
4049,2,13.6999998093,13.111508024198002,0.5884917851019971
4050,3,12.0538461392,12.851548752687771,0.7977026134877718
4051,3,13.0285713332,12.983707567271113,0.044863765928887744
4052,3,12.7571427482,12.594503530362495,0.1626392178375049
4053,1,14.9833332698,14.784922658584595,0.1984106112154045
4054,3,14.25,13.329680640591912,0.9203193594080883
4055,2,12.8999999364,13.760296812424382,0.8602968760243819
4056,3,14.4374998808,13.011555210129806,1.4259446706701944
4057,3,13.8000001907,13.452541078279612,0.3474591124203883
4058,2,12.1666665872,13.67756877053073,1.51090218333073
4059,4,15.8000001907,14.713593347901233,1.0864068427987679
4060,1,12.0600000381,13.381828584594475,1.3218285464944746
4061,5,12.75,13.05511869966933,0.3051186996693307
4062,3,12.8999999364,13.049546302489066,0.14954636608906569
4063,4,12.7750000954,12.762853402347089,0.012146693052910607
4064,2,13.3999999364,14.457186997653485,1.0571870612534848
4065,2,13.5499997139,12.96715480311718,0.5828449107828195
4066,3,14.25,13.859626026637088,0.39037397336291235
4067,2,12.6500000954,12.965048851060619,0.3150487556606194
4068,4,12.3999996185,13.998771285135422,1.5987716666354217
4069,4,11.8000001907,12.879997240894069,1.079997050194068
4070,5,12.6277778414,12.706170635361234,0.07839279396123366
4071,2,13.007692337,13.134234069748373,0.12654173274837355
4072,4,12.5,13.255942091896294,0.7559420918962942
4073,1,12.3214285714,12.902618958655813,0.5811903872558126
4074,2,12.8999996185,13.284844631726104,0.3848450132261032
4075,2,12.4750001431,13.369493758507737,0.8944936154077361
4076,3,14.2666667302,13.982719113050177,0.2839476171498241
4077,2,13.3368420852,13.289779757577337,0.0470623276226636
4078,3,14.5499997139,13.10023399716243,1.44976571673757
4079,5,14.3999999364,14.097166222228058,0.3028337141719426
4080,2,13.0499997139,12.900631766217103,0.1493679476828973
4081,2,12.2333332698,12.910833087205631,0.6774998174056321
4082,4,14.3000001907,13.892441089858485,0.4075591008415156
4083,1,12.8666664759,12.981221754394298,0.11455527849429714
4084,2,13.25,13.682179897584207,0.4321798975842075
4085,3,14.3999996185,13.505748651737271,0.8942509667627299
4086,3,12.6000003815,13.093335235024684,0.49333485352468465
4087,3,13.4200000763,13.614777861844692,0.1947777855446926
4088,4,12.929999876,12.996310256434283,0.06631038043428283
4089,1,14.4333333969,13.522072822603986,0.9112605742960138
4090,5,12.8000001907,12.994421527801336,0.19442133710133547
4091,1,12.3999996185,13.278908861723478,0.8789092432234771
4092,1,15.3999996185,14.573620643579076,0.8263789749209245
4093,1,13.3714286259,13.43812467490036,0.06669604900035964
4094,1,15.316666921,14.014031533626067,1.3026353873739325
4095,2,13.1000000636,13.24468768252564,0.14468761892564075
4096,2,12.4333333969,12.956128585879839,0.5227951889798383
4097,1,14.75,13.776803159816488,0.9731968401835118
4098,1,13.1999998093,13.726920956062177,0.5269211467621773
4099,1,13.8000001907,13.516396033042616,0.28360415765738445
4100,2,14.4666665395,14.330600298426088,0.1360662410739124
4101,3,12.9200000763,13.017549365691398,0.09754928939139873
4102,1,12.0749998093,12.935728002422936,0.8607281931229362
4103,3,12.835714204,12.59298345586478,0.24273074813521944
4104,2,12.8000000318,12.468279678702277,0.3317203530977224
4105,1,14.2199998856,12.925237483356705,1.294762402243295
4106,4,13.1666666667,13.111523357191682,0.05514330950831692
4107,5,13.0600000381,13.113243568956657,0.05324353085665656
4108,4,13.1000003815,12.99241279320467,0.10758758829532944
4109,5,12.6428570066,12.86841802455257,0.22556101795257
4110,1,12.6666666667,12.854716865768403,0.18805019906840315
4111,1,12.7999999183,13.02704146464933,0.22704154634933005
4112,1,13.4333335559,13.034237909672228,0.39909564622777083
4113,2,12.7249999046,13.222346960008654,0.4973470554086532
4114,5,12.6142856053,12.682986024730477,0.06870041943047767
4115,1,13.820000267,14.037821090991935,0.2178208239919357
4116,5,12.7599998474,12.86763469636348,0.10763484896347997
4117,4,13.0499997139,12.674877274499536,0.37512243940046375
4118,1,13.1999998093,13.85374386085129,0.6537440515512909
4119,2,12.75,13.089567886857886,0.3395678868578855
4120,4,13.5666666031,13.581185870075188,0.014519266975188572
4121,3,13.6999998093,13.415306916603548,0.2846928926964516
4122,1,13.1749999523,14.193715421578126,1.018715469278126
4123,2,12.8499999046,13.520627462063315,0.6706275574633143
4124,5,16.5,14.866406818974534,1.633593181025466
4125,3,13.0499999523,13.512270211062622,0.4622702587626222
4126,4,13.75,13.588188422090656,0.16181157790934364
4127,2,14.3000001907,14.098791970660535,0.20120822003946515
4128,1,12.0250000954,12.741725820845389,0.7167257254453894
4129,1,13.8999999364,13.886633542146177,0.013366394253823799
4130,3,13.1500000954,13.86046618235039,0.7104660869503903
4131,4,13.8999996185,13.115693299125537,0.7843063193744637
4132,1,16.5000004768,14.269524564667268,2.230475912132732
4133,5,12.5,13.427272151597807,0.9272721515978066
4134,4,13.9249999523,13.270911690366002,0.6540882619339978
4135,4,13.1000003815,13.51598290545801,0.41598252395801083
4136,3,12.8000001907,13.23827601229314,0.43827582159313927
4137,3,13.7333332698,13.675948372642967,0.0573848971570321
4138,4,13.8333333333,14.204458362426031,0.3711250291260306
4139,1,14.1000000636,13.28702881485259,0.8129712487474094
4140,3,12.3714283534,12.52194095895532,0.15051260555531876
4141,3,13.25,13.206729136408276,0.04327086359172405
4142,5,11.9000000954,13.167949953250272,1.2679498578502724
4143,5,13.3499999046,13.221382816550433,0.12861708804956784
4144,3,13.2666667302,12.833823023904925,0.43284370629507585
4145,4,13.9333333969,13.692747295263368,0.24058610163663197
4146,5,13.7000001272,13.396891441186046,0.30310868601395313
4147,1,15.9199998856,13.980091799739538,1.939908085860461
4148,1,12.2750000954,12.868739851881271,0.5937397564812716
4149,1,15.3999996185,14.045677468577694,1.3543221499223073
4150,5,11.7555554708,13.082280299838008,1.3267248290380085
4151,3,14.8999996185,13.620083929310127,1.279915689189874
4152,4,13.3307691721,12.927929706377183,0.4028394657228169
4153,3,15.7142857143,14.50558598604686,1.2086997282531406
4154,4,14.7000001272,13.794620698822603,0.9053794283773957
4155,3,13.7999997139,13.250514885661314,0.5494848282386862
4156,1,14.1666666667,14.34096995944386,0.17430329274386125
4157,3,13.25,13.375328039879985,0.1253280398799852
4158,5,14.1500000954,13.469371404081423,0.6806286913185762
4159,3,12.1166666349,12.93524215634732,0.81857552144732
4160,4,13.3000001907,13.273630117308043,0.026370073391957405
4161,2,12.8500003815,13.786431638610969,0.9364312571109696
4162,1,14.3545455066,12.889711063707995,1.4648344428920037
4163,3,15.4000000954,14.195718910647896,1.2042811847521033
4164,5,13.1333335241,13.591806968342782,0.4584734442427827
4165,1,12.7200000763,13.595887410555633,0.8758873342556335
4166,3,12.4333333969,13.027767790298718,0.5944343933987177
4167,5,13.1000003815,13.155992404027183,0.055992022527183494
4168,2,12.4,12.679790141074161,0.27979014107416056
4169,3,12.6500000954,13.622655706592086,0.9726556111920868
4170,2,13.4599998474,13.907502960623482,0.44750311322348146
4171,5,13.8249998093,14.33300017047752,0.5080003611775208
4172,4,13.0999998365,12.807365788180894,0.29263404831910655
4173,4,13.0916667779,13.359813004612224,0.2681462267122239
4174,3,13.9999997616,13.128084770991615,0.871914990608385
4175,5,12.320000267,14.252283843696539,1.9322835766965394
4176,2,15.6499999364,14.074688645402796,1.5753112909972042
4177,5,12.9037036896,12.589601738249847,0.3141019513501533
4178,5,11.6857141767,12.686761157168066,1.0010469804680664
4179,5,14.7499999046,13.932842986420173,0.8171569181798262
4180,3,12.5333334605,13.131809772264006,0.5984763117640064
4181,3,13.7999999523,14.032668758587633,0.23266880628763253
4182,4,13.9499999682,12.919250674980804,1.0307492932191966
4183,4,13.5714285714,13.685935734093665,0.11450716269366445
4184,2,14.7333332698,13.824337584886386,0.9089956849136129
4185,3,12.3875001669,12.60764023306642,0.2201400661664188
4186,5,14.2399999619,13.838798836319805,0.4012011255801955
4187,3,13.3833332856,15.45172034874451,2.0683870631445114
4188,5,12.914285796,12.741027133328915,0.1732586626710848
4189,2,12.0,13.201089394731913,1.2010893947319126
4190,2,13.1999998093,13.393449015211711,0.19344920591171189
4191,1,12.2142857143,12.69156801372039,0.4772822994203896
4192,2,14.4799999237,13.75597929325146,0.724020630448539
4193,2,13.2333335876,13.557078598806232,0.3237450112062312
4194,2,12.2666664124,12.441354922312641,0.17468850991264162
4195,4,11.7333332698,13.369975427566049,1.6366421577660493
4196,3,11.933333079,12.929040191599922,0.9957071125999217
4197,5,13.0999999046,13.376043318116427,0.27604341351642603
4198,3,10.0500001907,10.383681562648839,0.3336813719488383
4199,5,9.25,9.248304940098976,0.001695059901024365
4200,5,7.90909099579,9.223708448467212,1.3146174526772123
4201,1,11.7000002861,11.776597523141533,0.07659723704153265
4202,2,11.0500001907,11.398708278619097,0.34870808791909624
4203,5,10.3333333333,10.130610598794588,0.20272273450541256
4204,4,10.6000003815,10.726678317955043,0.1266779364550441
4205,1,11.5,10.948458519417668,0.5515414805823315
4206,5,11.4999996821,11.145643858787,0.354355823313
4207,2,12.1000003815,11.348384073620691,0.7516163078793081
4208,5,11.8999996185,11.669280168086011,0.23071945041398934
4209,1,10.5999999046,9.953171830073495,0.6468280745265051
4210,2,9.36470581503,9.859820234073485,0.4951144190434853
4211,5,9.5499997139,9.963794236759409,0.41379452285940843
4212,5,12.8000001907,11.09074094756345,1.7092592431365503
4213,4,8.19999980927,10.03158137409251,1.8315815648225104
4214,4,11.3000001907,11.5814823195916,0.28148212889160007
4215,1,8.94375002384,9.50567445848981,0.5619244346498107
4216,1,11.1200000763,10.91210040539803,0.2078996709019698
4217,1,8.90909090909,9.279444569097164,0.3703536600071633
4218,5,11.9666665395,11.568735220458105,0.39793131904189494
4219,1,9.3866666158,9.940347077807603,0.5536804620076037
4220,2,10.316666762,11.522022007353309,1.2053552453533083
4221,2,12.7000002861,10.90951133338888,1.7904889527111205
4222,3,12.5333331426,11.767363736860425,0.7659694057395754
4223,5,11.1500000954,11.368148090969846,0.2181479955698471
4224,2,11.1166667938,10.90497671153405,0.21169008226594954
4225,5,10.0499999523,10.340185260962146,0.29018530866214576
4226,1,10.6666666667,10.315393527699676,0.3512731390003232
4227,5,9.35000010899,9.61429799350376,0.26429788451375913
4228,2,11.3499999046,11.312369684952776,0.037630219647224905
4229,3,10.75,11.04763190246998,0.2976319024699805
4230,3,12.1000003815,11.636506157377914,0.4634942241220852
4231,3,9.10000038147,9.004152363238127,0.09584801823187306
4232,5,11.8499999046,11.407030675064421,0.4429692295355796
4233,2,11.1666663488,10.81991208192414,0.346754266875859
4234,5,8.875,9.217180493314437,0.34218049331443723
4235,4,9.48749995232,9.392518474127291,0.09498147819270919
4236,4,11.8000001907,11.021643405435603,0.778356785264398
4237,2,11.6666666667,11.4771929307033,0.1894737359966996
4238,1,12.6000003815,11.18136714634097,1.4186332351590298
4239,3,11.6500000954,11.317467487345137,0.33253260805486207
4240,3,11.3000001907,11.182684660310041,0.11731553038995912
4241,3,11.6999998093,11.603221182169452,0.09677862713054708
4242,5,10.8000001907,9.52001255106763,1.2799876396323704
4243,5,11.3000001907,11.492639333356768,0.19263914265676796
4244,4,12.3999996185,11.667230440266296,0.7327691782337045
4245,1,12.4666665395,11.448998483611662,1.017668055888338
4246,1,11.3999996185,11.479925043176529,0.07992542467652797
4247,4,9.15000001589,9.309170305436451,0.1591702895464504
4248,3,8.72857138089,8.828531243350707,0.09995986246070743
4249,5,11.2333332698,11.093474758157152,0.13985851164284746
4250,1,9.24999990463,10.319829966525832,1.069830061895832
4251,4,11.1000003815,11.05444452619639,0.045555855303609505
4252,3,9.13750004768,9.009352479950829,0.12814756772917058
4253,2,9.30645158214,9.250668132170965,0.05578344996903439
4254,2,11.9000000954,10.975920717703092,0.9240793776969074
4255,5,10.9499998093,11.0649643931599,0.11496458385990138
4256,2,11.8666667938,11.631936441896974,0.2347303519030266
4257,1,11.6999998093,11.54692740220134,0.15307240709865866
4258,4,10.0000002384,9.767121480579629,0.23287875782037126
4259,5,9.57500004768,9.94125969508129,0.36625964740129113
4260,4,12.3600002289,11.777302255663551,0.5826979732364492
4261,5,9.98333326976,10.615503711625191,0.6321704418651919
4262,2,9.67777782016,9.283990499025977,0.39378732113402215
4263,5,11.1500000954,11.408182135110088,0.25818203971008913
4264,2,10.6000003815,9.663386994034907,0.9366133874650924
4265,2,9.24285711561,9.286002843706362,0.04314572809636097
4266,3,9.80000019073,10.023853468835423,0.22385327810542321
4267,3,10.0999999046,9.483795508332728,0.616204396267273
4268,5,9.40000009537,9.452389318136,0.05238922276599922
4269,1,9.9500002861,10.044687498594499,0.09468721249449885
4270,3,9.38333336512,10.066432516787682,0.6830991516676814
4271,2,8.73333326976,9.31671873136318,0.5833854616031804
4272,3,10.3444443809,10.02493237939591,0.31951200150409065
4273,3,10.8999996185,10.772499324287535,0.12750029421246545
4274,4,9.27999992371,9.237777041905668,0.042222881804331536
4275,3,10.0999999046,10.411686654203697,0.31168674960369636
4276,4,10.3666667938,10.22045377981813,0.14621301398187114
4277,3,11.5,11.628892349692451,0.12889234969245145
4278,5,10.6833333969,10.497245776036563,0.18608762086343766
4279,1,10.8333330154,9.763587631964903,1.0697453834350963
4280,3,12.5,10.01196977229306,2.4880302277069397
4281,1,12.0500001907,10.892449527376352,1.157550663323649
4282,5,12.5,11.840139603712197,0.6598603962878027
4283,4,12.3000001907,11.410379150816933,0.8896210398830675
4284,3,11.8999996185,11.433568785974394,0.4664308325256066
4285,4,11.8000001907,9.96004584619138,1.8399543445086213
4286,5,11.1000003815,11.639726928809209,0.5397265473092094
4287,4,11.3999996185,11.622616543314425,0.22261692481442452
4288,1,8.9615385349,9.334882596081158,0.37334406118115737
4289,5,11.3000001907,10.842674063774918,0.4573261269250821
4290,4,12.3000001907,11.02264537880555,1.277354811894451
4291,1,11.5,11.083325236030854,0.41667476396914616
4292,2,10.5499997139,9.747683562573307,0.8023161513266928
4293,5,11.3999996185,11.586938970918162,0.18693935241816106
4294,3,9.30000003179,9.277365705589295,0.0226343262007056
4295,2,9.42499995232,10.167935515706787,0.7429355633867871
4296,3,10.8999996185,10.999174970732016,0.0991753522320149
4297,5,9.80000019073,9.656718899676461,0.1432812910535386
4298,4,12.25,11.473962560899526,0.7760374391004738
4299,1,9.12000007629,9.528081145123013,0.4080810688330132
4300,5,9.65882351819,9.843411886163574,0.18458836797357492
4301,2,11.8500003815,11.12454008506673,0.725460296433269
4302,3,11.6000003815,10.991224024275247,0.6087763572247518
4303,1,11.3999996185,11.40545995030344,0.005460331803439189
4304,3,10.7000001272,10.990924989402691,0.29092486220269187
4305,4,9.65999999046,9.257965284779724,0.40203470568027555
4306,3,12.4500002861,11.02019536921603,1.4298049168839704
4307,4,10.9000000954,11.193765036019276,0.29376494061927616
4308,1,9.80000019073,10.154351042680606,0.3543508519506062
4309,3,9.91428579603,10.203324524564287,0.2890387285342868
4310,3,10.3999999364,10.38356584007301,0.01643409632699111
4311,5,9.7,9.734985076957079,0.03498507695707964
4312,5,8.39473682956,9.556211060319777,1.1614742307597776
4313,1,10.1999998093,10.021785052836567,0.17821475646343288
4314,3,11.5500001907,11.680841971261005,0.13084178056100448
4315,1,12.1999998093,11.292566507382908,0.9074333019170915
4316,4,11.75,11.589421638652404,0.1605783613475964
4317,2,9.10000038147,9.170032367758457,0.0700319862884573
4318,4,10.4499998093,10.03326929509644,0.4167305142035591
4319,3,11.6999998093,11.23060317136108,0.46939663793891917
4320,1,11.4500002861,10.461068379972044,0.9889319061279558
4321,3,9.33333333333,10.060659909179341,0.7273265758493412
4322,4,12.3000001907,11.786632092237147,0.5133680984628537
4323,3,12.8000001907,11.419689297622595,1.3803108930774055
4324,5,9.67692301824,9.918251997543925,0.24132897930392438
4325,2,10.6000003815,11.015697806233057,0.4156974247330574
4326,3,11.1500000954,10.734620632207369,0.41537946319263064
4327,3,9.25833328565,9.478230434143185,0.2198971484931853
4328,1,9.0,9.638339347954984,0.6383393479549841
4329,1,10.8000001907,10.574233074542702,0.22576711615729828
4330,5,8.6999999455,9.824609557711206,1.1246096122112057
4331,4,9.23703712887,9.326620116094466,0.08958298722446578
4332,3,11.8000001907,11.309726409061595,0.49027378163840574
4333,2,9.35000038147,9.019280229245576,0.3307201522244245
4334,4,11.6999998093,11.30364493756208,0.3963548717379197
4335,2,11.2333334287,10.868500621722397,0.3648328069776028
4336,2,11.3666664759,11.28489896483915,0.08176751106085156
4337,1,12.1500000954,11.402571095421546,0.7474289999784531
4338,2,11.6999998093,11.645960285359402,0.05403952394059708
4339,2,8.97142859868,9.464710859519386,0.4932822608393863
4340,4,9.36666647593,9.129276299328184,0.23739017660181538
4341,1,10.8499999046,10.982804568487037,0.13280466388703616
4342,1,8.9791667064,9.124526845997595,0.14536013959759586
4343,2,9.7000001027,9.688834776173259,0.011165326526741737
4344,2,9.16190474374,9.29479620726517,0.132891463525171
4345,2,9.86666647593,9.84178300922923,0.024883466700769574
4346,5,8.80000019073,9.189996077279845,0.38999588654984585
4347,2,12.6000003815,11.344546349559732,1.2554540319402676
4348,3,9.25,9.164347949759595,0.08565205024040523
4349,5,11.4499998093,11.30643673791487,0.14356307138512925
4350,3,9.91111119588,9.292112721998741,0.6189984738812591
4351,1,9.39999961853,9.696505141357923,0.296505522827923
4352,1,11.3800001144,10.657749770558178,0.7222503438418215
4353,2,10.8999996185,11.3660686700067,0.46606905150669853
4354,3,10.0,9.691215658928021,0.30878434107197883
4355,3,11.0999999046,11.424817323434064,0.3248174188340638
4356,5,11.6999998093,11.408169983114915,0.2918298261850847
4357,4,11.1999998093,11.071620320137635,0.12837948916236464
4358,5,9.70000012716,10.734633851072612,1.0346337239126129
4359,2,8.90000009537,9.173695609306348,0.2736955139363477
4360,5,9.88333352407,10.220971882493824,0.33763835842382406
4361,5,9.10000038147,9.642101751236906,0.5421013697669057
4362,3,10.0666666031,10.817487608703745,0.7508210056037452
4363,5,9.5,9.612450359244061,0.1124503592440611
4364,4,12.1000003815,11.297441513132883,0.8025588683671163
4365,2,11.8999996185,11.019202519285674,0.8807970992143268
4366,2,12.3000001907,10.84654066510679,1.4534595255932103
4367,1,11.2749998569,11.377401697322233,0.10240184042223355
4368,3,11.3000001907,11.446406477543558,0.1464062868435576
4369,4,7.97272742878,8.428241949160029,0.4555145203800288
4370,4,9.89999961853,11.857282594965195,1.957282976435195
4371,3,8.92499995232,8.644715464837562,0.2802844874824384
4372,3,8.4500002861,8.48901684160436,0.039016555504360895
4373,2,10.600000109,10.396674089094708,0.2033260199052922
4374,2,11.3111110263,10.821581488729782,0.48952953757021866
4375,1,8.37777776188,8.596868914671234,0.21909115279123448
4376,2,10.6636362076,10.88156529468843,0.2179290870884305
4377,3,10.6000003815,10.286471108201892,0.31352927329810676
4378,4,6.86666679382,8.485660047490432,1.618993253670432
4379,3,10.7600000381,9.73936577231554,1.0206342657844587
4380,5,9.55000019073,9.4343529366718,0.11564725405819942
4381,1,8.33333333333,8.299404681810712,0.03392865151928781
4382,1,9.90000009537,9.60150997813405,0.29849011723595
4383,4,9.25333328247,8.939670299812756,0.31366298265724524
4384,4,6.37777773539,8.78273676530056,2.404959029910561
4385,1,9.38253967346,10.31356219244017,0.9310225189801695
4386,3,9.9500002861,8.692779006044372,1.257221280055628
4387,2,11.4500000136,11.489322201516556,0.03932218791655551
4388,5,7.91052630073,10.129525443646,2.218999142915999
4389,5,10.1000003815,10.02888320306635,0.07111717843364929
4390,4,10.6769230916,11.22510565616337,0.5481825645633691
4391,4,7.625,7.552728606446852,0.07227139355314804
4392,1,8.36666679382,8.4796123391371,0.11294554531709977
4393,1,10.685714313,10.822348838706045,0.13663452570604484
4394,1,9.23750007153,8.640201459156998,0.5972986123730024
4395,2,8.22500014305,8.506332948635313,0.28133280558531304
4396,4,11.5999997457,10.811836329139522,0.7881634165604776
4397,1,8.59999990463,8.549368338418837,0.05063156621116249
4398,2,7.82444447411,9.18417816011019,1.3597336860001894
4399,5,9.06000003815,9.738154559129958,0.6781545209799589
4400,2,7.0,7.739230996723349,0.7392309967233492
4401,1,11.5999999046,11.160198020604756,0.4398018839952442
4402,4,10.0285714013,10.603023731017055,0.5744523297170545
4403,1,7.65,8.161449381508698,0.5114493815086973
4404,1,9.98000011444,9.938806147219758,0.04119396722024149
4405,4,9.55199993134,8.557582562852435,0.9944173684875643
4406,5,11.8,11.301683848081463,0.4983161519185373
4407,1,9.26000003815,8.825642692593265,0.43435734555673555
4408,4,10.6999998093,9.676950124353958,1.0230496849460415
4409,3,8.56666660309,9.037951522675748,0.4712849195857469
4410,1,8.0624999404,7.70819108822825,0.35430885217175057
4411,1,7.21999998093,7.4526284182084055,0.23262843727840554
4412,1,8.89999993642,8.402743599144136,0.49725633727586427
4413,5,11.4500000477,11.759986794675994,0.30998674697599427
4414,1,11.3600001017,11.307996401557455,0.05200370014254574
4415,2,9.21000003815,8.819969609158239,0.39003042899176066
4416,3,8.17027027543,8.389295845483925,0.2190255700539261
4417,2,11.0199998856,10.651621745399432,0.36837814020056925
4418,2,7.28749996424,8.071249099274464,0.7837491350344639
4419,2,7.46428574835,8.497885534145519,1.033599785795519
4420,1,10.1000000636,9.548259387126155,0.5517406764738446
4421,3,8.125,8.348267138346362,0.2232671383463618
4422,5,9.95789487738,9.346454031706893,0.6114408456731066
4423,3,10.1800001144,9.497143570341443,0.6828565440585574
4424,4,9.45833341281,8.987533323391585,0.47080008941841456
4425,5,10.8999996185,10.934556670306112,0.034557051806110906
4426,5,10.1333332062,7.673808999904806,2.4595242062951934
4427,3,11.1666666667,10.858854384190076,0.3078122825099232
4428,3,8.39999993642,8.632572158501201,0.23257222208120076
4429,1,8.28571428571,8.181950496919768,0.10376378879023207
4430,5,7.70000001362,8.127562032099643,0.4275620184796427
4431,5,7.08823532217,7.578749136790745,0.49051381462074506
4432,5,7.3653846704,9.602881909639672,2.237497239239672
4433,5,7.27777777778,9.195391679363851,1.9176139015838514
4434,4,7.78571421759,8.66140589068207,0.8756916730920707
4435,5,6.97142857597,8.990637050639808,2.0192084746698082
4436,2,8.28571430274,10.52849570312871,2.2427814003887097
4437,5,8.0,8.13121846134233,0.13121846134233017
4438,1,11.3499999046,9.51122011595356,1.8387797886464412
4439,1,11.4500002861,10.144473165424182,1.3055271206758174
4440,5,6.67777782016,7.446945412295755,0.769167592135755
4441,2,8.44999980927,9.110548368050845,0.6605485587808442
4442,2,6.80303034638,11.362206689437839,4.559176343057839
4443,5,10.2249999046,8.585988568276203,1.6390113363237973
4444,4,9.64999993642,10.06698286880871,0.4169829323887093
4445,5,8.75000011921,8.555389798036435,0.19461032117356503
4446,1,10.1428570066,10.920270041101277,0.7774130345012775
4447,1,6.81666676203,7.337278847335889,0.5206120853058893
4448,2,8.4571428299,8.191941067007585,0.26520176289241526
4449,2,8.29999987284,8.195401806410306,0.10459806642969482
4450,2,9.77857140132,9.842512619864799,0.06394121854479806
4451,5,9.93333339691,9.012208316307904,0.9211250806020956
4452,5,9.75,10.047351104488126,0.29735110448812563
4453,2,8.35000038147,8.574175867358345,0.22417548588834535
4454,1,8.38000011444,8.430678139194177,0.05067802475417693
4455,4,8.71666669846,8.484742939791147,0.2319237586688523
4456,4,8.55000019073,8.485721978957368,0.06427821177263127
4457,2,8.3879999733,11.281983978001817,2.8939840047018173
4458,4,11.125,9.947684026697997,1.1773159733020027
4459,2,7.7720000267,10.241150338695945,2.4691503119959455
4460,4,9.65000009537,10.352975256435938,0.7029751610659378
4461,3,11.5500001907,10.03949856946134,1.5105016212386602
4462,4,8.97500002384,9.421283061488444,0.4462830376484437
4463,2,8.71999988556,9.374437817932044,0.6544379323720442
4464,2,7.98000001907,8.07988618303378,0.09988616396378003
4465,5,8.09999998411,8.24700062578326,0.14700064167326055
4466,2,8.56666660309,8.707692510217186,0.14102590712718488
4467,1,7.94000005722,7.9087375552187344,0.031262502001265347
4468,5,8.38749998808,7.770695112333772,0.6168048757462277
4469,3,9.77500009537,9.411943801150596,0.36305629421940466
4470,5,10.3000000318,10.711302619869885,0.4113025880698853
4471,3,10.2529411877,8.92327177213832,1.3296694155616802
4472,3,7.24615375812,7.824201674115091,0.5780479159950911
4473,5,10.2999998728,10.25955672830029,0.040443144499711536
4474,2,10.75,10.755740268217453,0.005740268217452993
4475,2,12.1499999364,10.672605169993973,1.477394766406027
4476,3,9.49999988079,8.50116079100788,0.9988390897821198
4477,2,6.54545454545,8.855916129654105,2.3104615842041047
4478,4,7.51000003815,8.174429129629592,0.6644290914795921
4479,3,12.5333331426,10.957347350346838,1.575985792253162
4480,1,9.75,10.786184126001654,1.036184126001654
4481,5,7.14545449344,8.01590999412535,0.8704555006853498
4482,4,10.9399999619,10.818419508292296,0.12158045360770409
4483,1,9.12857151031,8.141248274450755,0.987323235859245
4484,1,9.89999961853,10.600428255414078,0.7004286368840784
4485,4,10.1111112171,9.406012018756917,0.705099198343083
4486,3,9.56666660309,10.064487361398092,0.4978207583080909
4487,3,10.6400001526,11.131511930182636,0.49151177758263564
4488,5,11.3000001907,11.383425015379283,0.08342482467928214
4489,2,8.6285714422,8.855159836778475,0.22658839457847435
4490,2,8.10000038147,8.902786355022618,0.8027859735526182
4491,5,10.4000000954,8.970583314634665,1.4294167807653348
4492,5,8.42499995232,7.972462568970201,0.4525373833497994
4493,5,11.1333335241,11.807782421151476,0.6744488970514766
4494,5,12.2000000477,12.041280671581568,0.158719376118432
4495,5,10.1999998093,10.255938799560708,0.055938990260708366
4496,5,10.3083334764,9.35105171510655,0.9572817612934497
4497,5,10.2599998474,11.129530394685547,0.8695305472855477
4498,1,8.86666679382,8.481120595712044,0.38554619810795643
4499,5,7.82000000477,10.15772348943935,2.3377234846693504
4500,4,6.87368418041,8.816427826304231,1.9427436458942315
4501,4,10.3000001907,11.192446518243472,0.8924463275434711
4502,2,10.2499997616,10.024202595173518,0.2257971664264815
4503,3,9.03333324856,9.303640352052799,0.2703071034927991
4504,2,12.3499999046,10.599020891688738,1.7509790129112623
4505,3,12.1666666667,10.735362772880466,1.4313038938195337
4506,3,11.7250001431,11.753022505802976,0.0280223627029752
4507,4,7.625,7.276574782049774,0.34842521795022563
4508,1,9.78333330154,9.30139262101558,0.48194068052442063
4509,2,10.3499996662,9.908770109868344,0.44122955633165617
4510,3,8.85454550656,9.666809534129781,0.8122640275697819
4511,3,9.89999961853,10.907929874159894,1.0079302556298941
4512,4,8.20000004768,8.213491811673903,0.01349176399390295
4513,1,8.14999997616,7.7711281493693365,0.37887182679066367
4514,3,8.17499989271,8.414669256113479,0.239669363403479
4515,1,8.43529415131,8.81051070887211,0.37521655756211025
4516,3,11.5428571701,10.920420778678304,0.6224363914216955
4517,5,8.23333326976,8.160408649456404,0.07292462030359559
4518,3,6.87692304758,8.906035736549716,2.0291126889697164
4519,1,10.3999996185,10.334375541525755,0.06562407697424533
4520,1,10.0250000954,10.480832318663165,0.4558322232631653
4521,2,8.28571442195,8.397087692993455,0.11137327104345474
4522,3,11.2000000477,10.036035539910303,1.1639645077896965
4523,4,7.89375007153,8.239433476854666,0.34568340532466557
4524,5,8.54999995232,8.39447054009194,0.15552941222806105
4525,2,10.2166667779,10.074293360845395,0.14237341705460516
4526,1,7.61999988556,8.107089845926467,0.48708996036646646
4527,3,8.34999990463,9.59797697418759,1.2479770695575905
4528,3,8.75555552377,9.16311290867037,0.40755738490037174
4529,4,9.0933333079,8.66734492299306,0.42598838490694035
4530,5,10.0315789173,9.772295481618091,0.25928343568190826
4531,4,10.3777776294,10.852878257778752,0.4751006283787511
4532,1,12.5,11.64851122659461,0.8514887734053893
4533,2,11.1666667726,9.935379858058763,1.2312869145412364
4534,3,10.3999996185,10.251714695000828,0.14828492349917255
4535,3,7.21818174015,8.987089085688925,1.768907345538925
4536,1,7.44999997616,9.62212291206029,2.1721229359002896
4537,2,10.05,9.309286085245198,0.740713914754803
4538,4,7.4157894787,9.437413851732476,2.021624373032476
4539,3,8.20000004768,8.110921211824948,0.08907883585505161
4540,2,10.5499999821,11.24593131442394,0.6959313323239407
4541,1,8.67499995232,8.385248063622702,0.28975188869729784
4542,3,8.29999987284,8.489611373809351,0.18961150096935064
4543,5,9.77777788374,9.290240071508704,0.487537812231297
4544,5,9.6891304099,10.82770435268902,1.1385739427890194
4545,4,7.70000007417,9.540531651079862,1.8405315769098616
4546,3,9.26666641235,9.409907781317322,0.1432413689673222
4547,5,8.19999980927,8.418830254873996,0.21883044560399512
4548,5,8.5,8.50840121565891,0.008401215658910388
4549,1,8.05000011126,8.207050846486366,0.1570507352263668
4550,1,7.22499990463,8.214019579487529,0.9890196748575288
4551,2,9.82499980927,10.431475467777245,0.6064756585072448
4552,4,7.38999991417,7.489708444479778,0.099708530309778
4553,1,8.96923079857,8.503188881896254,0.4660419166737473
4554,3,7.48461543597,9.75676238570702,2.27214694973702
4555,5,10.1000003815,10.144333373887243,0.04433299238724331
4556,3,8.80000019073,9.058949119329142,0.25894892859914265
4557,4,9.99999980927,8.586513967517984,1.4134858417520153
4558,4,10.3111110263,9.1306425086413,1.180468517658701
4559,4,8.63333352407,9.117429071590676,0.48409554752067585
4560,1,10.8999996185,10.385179493830947,0.514820124669054
4561,2,7.3428572246,7.401095354624098,0.0582381300240975
4562,1,10.4999996821,10.187478675080902,0.31252100701909846
4563,3,8.56666649712,8.451128381764368,0.11553811535563163
4564,3,8.75,8.762737822241313,0.012737822241312813
4565,3,8.625,8.702030975598428,0.07703097559842753
4566,5,6.94000005722,7.518713875707922,0.5787138184879224
4567,4,8.75,9.721497638095059,0.9714976380950588
4568,2,10.1999998093,10.344423235633702,0.1444234263337023
4569,5,8.28749990463,8.065464838376293,0.2220350662537065
4570,4,9.42820519667,8.603989015380984,0.8242161812890156
4571,3,10.720000267,10.546118966547072,0.17388130045292804
4572,3,7.32000000477,7.6146103146494015,0.29461030987940173
4573,3,7.22499996424,9.078822434803861,1.8538224705638608
4574,2,9.43599990845,9.841937547572277,0.40593763912227665
4575,3,9.60000010899,10.359981221514337,0.7599811125243363
4576,5,8.30000003179,8.214840212965665,0.08515981882433543
4577,4,7.90000009537,7.748427865088701,0.15157223028129962
4578,4,8.03333353996,7.821515733688649,0.21181780627135005
4579,4,8.39999961853,8.504135399654011,0.10413578112401112
4580,2,7.91538476944,9.01116786372036,1.0957830942803595
4581,4,9.59999974569,9.082552923296674,0.5174468223933264
4582,3,12.1090910651,13.457523849357962,1.3484327842579624
4583,4,12.6999999827,11.325653466562773,1.3743465161372264
4584,1,9.83521125686,9.402727958392648,0.4324832984673517
4585,5,9.38181816448,9.5058877324481,0.12406956796809965
4586,3,6.75,8.160340580676142,1.4103405806761415
4587,2,10.0,9.827841924057086,0.17215807594291377
4588,3,7.86666679382,8.873778226183859,1.0071114323638586
4589,4,8.89999961853,8.339453780550148,0.560545837979852
4590,3,8.34999990463,8.487216924506862,0.13721701987686252
4591,4,13.8799999237,16.424301541504008,2.544301617804008
4592,5,12.6000003815,10.464369218290287,2.1356311632097125
4593,3,10.7999999523,10.982520758310477,0.18252080601047638
4594,4,12.8999996185,14.475439854875447,1.5754402363754458
4595,4,9.60000038147,9.940442644987858,0.34044226351785767
4596,4,9.30000019073,9.405039840398068,0.10503964966806834
4597,2,12.8000001907,14.611639849788853,1.8116396590888524
4598,3,13.8500001431,14.982423169118208,1.1324230260182073
4599,5,17.2999992371,15.037547632856297,2.2624516042437026
4600,2,13.5,12.764148099018492,0.7358519009815083
4601,1,9.76000003815,9.371955426333935,0.3880446118160652
4602,2,10.4500000477,13.238611775545348,2.788611727845348
4603,3,13.7750002146,13.245093676067855,0.5299065385321455
4604,1,10.7400001526,10.295758252094066,0.4442419005059346
4605,1,9.07500000298,9.480278907462154,0.4052789044821541
4606,2,11.6499998569,11.26851636799954,0.381483488900459
4607,1,8.75,9.778287436199758,1.0282874361997578
4608,1,9.42000007629,8.128247642295765,1.291752433994235
4609,1,12.25,11.643846396537807,0.606153603462193
4610,2,10.7000000477,10.914503566517416,0.21450351881741625
4611,5,9.375,10.224136444491043,0.8491364444910428
4612,5,11.6999998093,13.291676998838227,1.5916771895382276
4613,3,12.5333334605,12.886584497309864,0.3532510368098638
4614,2,15.8000001907,15.79695109445738,0.003049096242619953
4615,4,13.1999998093,14.08334111957187,0.8833413102718701
4616,5,16.1000000636,13.91103322262503,2.1889668409749703
4617,2,9.60000038147,13.121671097373667,3.5216707159036673
4618,2,15.2333335876,13.154181729017983,2.0791518585820175
4619,2,13.1000003815,13.4204482632533,0.3204478817533012
4620,4,10.0,8.483637670399636,1.5163623296003639
4621,5,11.4666668574,10.662820195089177,0.8038466623108231
4622,1,10.5400001526,10.187298686841912,0.3527014657580878
4623,3,13.5000003179,14.549777170875544,1.049776852975544
4624,4,14.6000003815,15.513080745726453,0.9130803642264542
4625,3,11.5500001907,10.707424924446903,0.8425752662530979
4626,3,10.5818180604,10.548666094705796,0.033151965694203867
4627,4,11.5,11.908855242036175,0.40885524203617507
4628,4,15.9749996662,14.534455725387557,1.440543940812443
4629,2,12.8249998093,13.99934125627157,1.174341446971571
4630,2,11.3666664759,12.9503547335837,1.5836882576836988
4631,3,13.1999998093,11.667628297234346,1.5323715120656534
4632,5,16.7999992371,14.726476685363117,2.0735225517368825
4633,3,14.1333332062,13.659916461843029,0.473416744356971
4634,2,11.5999999046,10.096611005998238,1.503388898601763
4635,1,10.1999998093,10.302207255991453,0.10220744669145354
4636,5,12.5,10.686754287064744,1.813245712935256
4637,5,14.1749999523,14.232913119136832,0.057913166836831564
4638,1,15.2499997616,14.969833415083336,0.2801663465166637
4639,2,13.6999998093,13.181783267700183,0.5182165415998163
4640,1,13.5750000477,13.41462510084735,0.16037494685265052
4641,1,13.3000000545,13.880585749210974,0.5805856947109742
4642,5,13.8999999364,13.315980297966167,0.5840196384338334
4643,1,15.1571427754,14.445030663503394,0.712112111896607
4644,5,13.9499999682,13.672254052782897,0.27774591541710336
4645,3,10.3000001907,11.112097985541673,0.812097794841673
4646,4,12.6500000954,13.42443222124083,0.7744321258408302
4647,3,15.1999998093,14.509331906137662,0.6906679031623373
4648,5,9.38750004768,8.802310541037865,0.5851895066421342
4649,1,13.1909092123,14.276537928164732,1.0856287158647326
4650,4,11.4750001431,11.81930971113018,0.3443095680301784
4651,3,13.6500000954,14.035626140556879,0.38562604515687937
4652,4,13.4666666985,13.283062295310492,0.18360440318950744
4653,2,10.1000003815,10.611876550928393,0.511876169428394
4654,4,14.3166666826,14.609899738814459,0.2932330562144596
4655,1,10.5249999762,10.037028415815032,0.4879715603849686
4656,3,12.4857142312,11.429785842192443,1.0559283890075566
4657,3,10.1499999762,9.87307544737809,0.27692452882191
4658,5,8.11000008583,7.829811068179783,0.2801890176502173
4659,4,17.2000007629,12.231616976481142,4.968383786418858
4660,4,7.93333315849,8.078833119654877,0.1454999611648775
4661,3,18.2000007629,14.90579031578739,3.2942104471126097
4662,5,10.9500002861,10.220023150838374,0.7299771352616258
4663,1,12.9666665395,13.557801215171724,0.5911346756717233
4664,3,9.09999990463,10.6465806841737,1.5465807795436994
4665,2,11.0,12.68862491299886,1.6886249129988595
4666,4,12.5750002861,12.912889348256533,0.3378890621565329
4667,1,10.6333335241,10.881029286638187,0.24769576253818748
4668,4,14.4333333969,14.022449097333043,0.41088429956695727
4669,4,11.7111112807,11.46140493307505,0.2497063476249508
4670,5,13.0000003179,13.148159138347596,0.14815882044759654
4671,2,12.9000000954,13.820067772787034,0.9200676773870349
4672,1,15.4666666985,13.647525474716868,1.8191412237831308
4673,5,12.0600002289,12.286902702880045,0.22690247398004537
4674,1,13.4500002861,12.840610952702562,0.6093893333974378
4675,5,12.5181818008,13.369505798441718,0.8513239976417175
4676,1,9.89999961853,10.046310850601238,0.14631123207123764
4677,3,13.4000001907,13.268629250873873,0.1313709398261267
4678,4,13.4499998093,14.516792034130859,1.0667922248308592
4679,2,8.55000003179,8.515997987461468,0.03400204432853293
4680,2,8.18000016212,8.612250695240338,0.432250533120337
4681,3,8.39999961853,9.055823053484119,0.6558234349541188
4682,2,8.80000019073,9.225016605567474,0.425016414837474
4683,3,8.73333326976,8.580126295411675,0.15320697434832375
4684,2,8.10000006358,9.41887621743468,1.3188761538546796
4685,1,8.05714300701,9.270979632199518,1.2138366251895185
4686,3,8.46666653951,8.53210835910694,0.06544181959694129
4687,2,8.82857145582,8.815018216385328,0.013553239434672903
4688,2,7.65000009537,7.668464936031556,0.01846484066155618
4689,3,8.7000002861,9.170291725584198,0.47029143948419794
4690,4,9.30000019073,9.095284687950924,0.20471550277907546
4691,1,8.2666665713,9.333667638549484,1.0670010672494836
4692,3,10.5,10.40329977301087,0.09670022698912994
4693,2,9.20000012716,10.058143923950233,0.8581437967902339
4694,3,8.46666653951,9.590563339941866,1.1238968004318668
4695,2,10.3000001907,10.179921401675747,0.1200787890242534
4696,1,9.25,9.95119246612086,0.70119246612086
4697,4,8.38888888889,8.497011966176165,0.10812307728616588
4698,2,8.27142838069,8.731146272980952,0.4597178922909517
4699,4,9.75,9.416617870320085,0.3333821296799151
4700,2,9.13999996185,8.632549014704088,0.5074509471459123
4701,3,8.91428579603,8.555287327242967,0.3589984687870338
4702,2,8.60000038147,8.829548907334859,0.22954852586485863
4703,5,7.81666676203,8.43383218269385,0.6171654206638504
4704,3,7.89999997616,8.791158491652764,0.8911585154927639
4705,1,8.89999993642,10.066402702971326,1.1664027665513252
4706,1,10.1000003815,9.369597765806258,0.7304026156937411
4707,2,9.10000038147,9.381682563363743,0.2816821818937427
4708,2,8.2000002861,8.417454046729643,0.2174537606296436
4709,4,9.21666653951,9.17854403308348,0.03812250642651982
4710,2,8.60000038147,8.68393312056532,0.08393273909531906
4711,3,9.0,8.638884894091229,0.3611151059087714
4712,3,8.59999990463,9.13487269631524,0.53487279168524
4713,4,8.39999961853,8.220872356496594,0.1791272620334059
4714,1,9.33333333333,8.82980776096806,0.503525572361939
4715,3,8.0,9.542084797140856,1.5420847971408556
4716,1,8.23999996185,8.566807415672187,0.32680745382218745
4717,3,8.5333331426,8.49639668681263,0.03693645578736948
4718,2,7.59999990463,8.269590426907694,0.6695905222776943
4719,5,9.10000038147,8.844109112790372,0.25589126867962797
4720,2,8.83333333333,8.582219466967922,0.25111386636207733
4721,2,9.2000002861,8.809043988405977,0.3909562976940233
4722,2,8.30000019073,8.640334575467172,0.34033438473717226
4723,4,9.40000009537,9.101710779573171,0.29828931579682916
4724,2,8.83333333333,8.598378760551778,0.2349545727782214
4725,3,8.39999961853,8.321320047537744,0.07867957099225542
4726,3,8.4500002861,8.529142624564786,0.07914233846478602
4727,4,9.69999980927,9.719352007855084,0.01935219858508397
4728,4,8.2,9.180524708600672,0.9805247086006723
4729,5,8.5499997139,8.496335156269712,0.0536645576302881
4730,1,11.3000001907,10.26168297564228,1.0383172150577202
4731,2,11.1000003815,9.962882804050976,1.1371175774490236
4732,5,9.05000019073,10.022814236829841,0.9728140460998418
4733,4,8.7999997139,8.781366266778178,0.01863344712182169
4734,3,8.15000009537,8.423981251801505,0.2739811564315051
4735,5,8.6,9.726453255698301,1.1264532556983013
4736,5,8.19999980927,8.807273565632128,0.6072737563621278
4737,5,8.71428571429,8.523669202441512,0.1906165118484875
4738,1,9.35000038147,9.176737724384923,0.17326265708507727
4739,1,11.0,10.29490593915679,0.7050940608432104
4740,1,10.3999996185,9.083560507783588,1.3164391107164128
4741,4,10.5,10.01700799238898,0.48299200761102057
4742,2,9.55000019073,9.063965070305205,0.4860351204247948
4743,2,10.9000000954,10.198560833641201,0.7014392617587983
4744,4,8.67500019073,9.600745896289006,0.9257457055590059
4745,3,10.3999996185,9.738897739609854,0.6611018788901468
4746,1,8.0,8.671750793093558,0.6717507930935582
4747,2,8.89999961853,9.126219996674093,0.22622037814409346
4748,5,9.3,8.773370621980503,0.5266293780194982
4749,4,8.56250011921,8.702681386706285,0.1401812674962848
4750,3,8.69999980927,9.007215245705918,0.30721543643591787
4751,3,8.99999968211,8.666277660732792,0.3337220213772074
4752,5,7.80000019073,8.945721575325674,1.1457213845956744
4753,3,8.5,8.13287898422997,0.36712101577002976
4754,1,8.7000002861,8.581319270354577,0.11868101574542322
4755,2,9.0499997139,9.531399869229956,0.48140015532995584
4756,4,11.1000003815,9.616628822338445,1.4833715591615544
4757,5,8.25999994278,8.390710443899918,0.13071050111991767
4758,3,8.69999980927,9.097022243244206,0.39702243397420567
4759,2,8.5,8.549474173931364,0.04947417393136355
4760,5,10.1000003815,9.41129743514044,0.6887029463595589
4761,4,8.5,8.970226448116287,0.47022644811628744
4762,2,8.30000019073,8.775631911856467,0.4756317211264669
4763,4,8.29999987284,8.837540854364795,0.5375409815247938
4764,2,7.86666679382,9.00959779643672,1.14293100261672
4765,4,8.65000009537,8.975199402632203,0.3251993072622028
4766,1,9.0,8.88558895776498,0.11441104223501952
4767,2,8.7000002861,8.513775564499143,0.18622472160085657
4768,1,9.0,8.514256267720622,0.48574373227937784
4769,4,7.83333333333,8.362085484791942,0.5287521514619424
4770,1,9.0,9.463196883349239,0.46319688334923903
4771,2,8.25555557675,9.24697735542544,0.9914217786754396
4772,2,9.30000019073,9.099307848851417,0.20069234187858243
4773,1,7.80000019073,8.579165848679251,0.7791656579492514
4774,4,8.80000019073,8.4703195886187,0.32968060211129924
4775,3,9.03333346049,9.863290365394024,0.829956904904023
4776,4,6.59999990463,8.03126619379539,1.4312662891653911
4777,5,7.86666647593,8.584015976879847,0.7173495009498474
4778,4,9.0,9.258000201473449,0.2580002014734486
4779,2,8.60000038147,8.658749334228855,0.0587489527588545
4780,5,8.5,8.552916204074515,0.05291620407451525
4781,4,8.69999980927,8.815111013378347,0.11511120410834685
4782,1,9.70000012716,10.053779989344513,0.3537798621845134
4783,1,7.80000019073,8.280256494388496,0.48025630365849636
4784,5,9.80000019073,10.065574236241206,0.26557404551120634
4785,2,10.8833332062,9.759810677615313,1.1235225285846866
4786,2,9.60000038147,9.284680037017253,0.31532034445274704
4787,3,8.19090921229,8.513539514147794,0.32263030185779407
4788,5,8.43333339691,8.736882282421126,0.3035488855111268
4789,2,11.0250000954,9.808308849098326,1.2166912463016732
4790,5,8.19999980927,8.130519401930487,0.06948040733951366
4791,1,11.0,9.443284422549215,1.5567155774507846
4792,2,8.82500004768,8.630457066022306,0.19454298165769401
4793,1,8.80000019073,8.32214371588521,0.4778564748447902
4794,2,8.10000014305,8.791150689879705,0.6911505468297054
4795,5,8.34999990463,8.410307271947493,0.06030736731749364
4796,4,8.26666673024,9.110058129219423,0.8433913989794224
4797,3,11.1333335241,10.4336518794528,0.6996816446471996
4798,5,8.30000019073,8.420106041150063,0.12010585042006383
4799,5,9.0,8.895780324689811,0.10421967531018872
4800,3,7.29999995232,8.350529566028916,1.0505296137089157
4801,3,10.0999999046,10.270407222822582,0.1704073182225816
4802,2,9.80000019073,10.033054888887374,0.23305469815737467
4803,3,8.59999990463,8.605584203595612,0.005584298965612078
4804,5,9.61428574153,9.464663379030576,0.14962236249942507
4805,5,8.5499997139,8.638471133776674,0.08847141987667406
4806,5,10.8499999046,10.311496892008481,0.5385030125915193
4807,1,6.73999996185,8.298382032002364,1.5583820701523639
4808,1,8.24999992053,8.430214558288936,0.18021463775893665
4809,5,10.8000001907,9.240989280567149,1.5590109101328515
4810,1,8.25,8.529433242234472,0.27943324223447163
4811,5,10.8999996185,10.238648952088086,0.6613506664119146
4812,3,8.55000019073,8.43300659480653,0.11699359592346958
4813,3,8.73333326976,8.919074798479953,0.1857415287199533
4814,2,11.0000003179,10.348574996188956,0.6514253217110433
4815,5,8.76666673024,8.928249979866061,0.16158324962606052
4816,1,8.5,8.663439506289244,0.16343950628924375
4817,3,7.09999990463,7.953902701879042,0.8539027972490425
4818,3,8.5,8.460310046396488,0.039689953603511796
4819,2,7.38333336512,8.351586215685272,0.9682528505652712
4820,5,8.36666679382,8.450930465343562,0.08426367152356207
4821,4,8.10000038147,8.943393334940527,0.8433929534705271
4822,2,8.3555554284,8.558909913505463,0.2033544851054625
4823,3,10.0,9.33379095878436,0.6662090412156392
4824,3,8.80000019073,8.797045634674546,0.002954556055453139
4825,3,8.39999961853,8.94671371410702,0.5467140955770198
4826,2,8.90666662852,8.739217155392895,0.167449473127105
4827,3,9.53333346049,9.632588855543172,0.09925539505317182
4828,2,9.7666665713,10.108439810112404,0.3417732388124044
4829,1,10.9333333969,10.723010782688597,0.2103226142114032
4830,1,12.5499997139,12.074298471146927,0.47570124275307357
4831,5,9.79154927966,9.23246705810931,0.5590822215506908
4832,2,11.6999998093,11.838374272431412,0.138374463131413
4833,1,9.84999990463,9.946306809524229,0.0963069048942291
4834,4,12.125,11.326511486613015,0.7984885133869852
4835,5,9.90000009537,10.074669769502272,0.17466967413227152
4836,3,9.89999961853,10.196279646065141,0.2962800275351416
4837,5,8.43333323797,9.133692409792262,0.7003591718222619
4838,2,11.3000001907,11.522832193021632,0.22283200232163125
4839,5,9.40000009537,9.508003770310573,0.10800367494057284
4840,3,9.66666666667,9.804707712502472,0.13804104583247145
4841,5,9.33333333333,9.591006876305835,0.25767354297583545
4842,1,10.2399999619,9.903347777845669,0.3366521840543317
4843,1,10.7749998569,10.987459306288303,0.2124594493883034
4844,1,10.5,10.595874405266592,0.09587440526659208
4845,2,11.6999998093,9.791658614299243,1.908341195000757
4846,5,9.92500019073,10.075957942192424,0.15095775146242474
4847,2,9.44999980927,9.878770398712659,0.42877058944265833
4848,3,9.25217387987,8.686519284322658,0.5656545955473415
4849,5,9.5,9.429609504666988,0.07039049533301167
4850,2,10.9666668574,10.99373500078073,0.02706814338072938
4851,2,9.7999997139,9.694832672682754,0.1051670412172463
4852,3,8.42000001669,9.35958144761828,0.9395814309282802
4853,5,9.60000038147,10.087782089820314,0.48778170835031354
4854,5,9.65000009537,9.615837498577621,0.03416259679237932
4855,4,10.0,9.901816556447606,0.09818344355239361
4856,3,8.59999990463,9.394248013846159,0.7942481092161593
4857,4,13.3000001907,12.553237505638617,0.746762685061384
4858,5,11.4999998808,9.116592653386817,2.3834072274131834
4859,5,10.5499998728,9.994659839915343,0.5553400328846578
4860,2,10.5,10.778589978842128,0.27858997884212755
4861,4,10.6999998093,10.244130928327065,0.4558688809729343
4862,1,10.1600000381,9.824922595407285,0.33507744269271456
4863,2,9.33333333333,9.668819044696724,0.335485711366724
4864,2,10.5,10.263719030968668,0.23628096903133233
4865,3,9.36000003815,10.484270859758377,1.124270821608377
4866,3,11.0,10.125148553168998,0.874851446831002
4867,2,12.0,12.377703171738993,0.37770317173899315
4868,2,10.6750001907,10.366050922283307,0.30894926841669346
4869,5,10.2800001144,10.36252683468963,0.08252672028963026
4870,2,9.30000019073,9.59104112218276,0.2910409314527609
4871,2,9.15416661898,9.359196796130282,0.2050301771502827
4872,2,10.1000003815,10.250929604916324,0.1509292234163251
4873,5,10.5500001907,10.983220170296285,0.43321997959628433
4874,1,9.7000002861,9.520351734361412,0.17964855173858751
4875,4,10.7066668193,10.787579073756831,0.08091225445683037
4876,5,11.0,10.568141359679991,0.43185864032000865
4877,1,11.6000003815,11.735930950115895,0.1359305686158958
4878,4,10.1000003815,10.110996620654534,0.010996239154534848
4879,1,9.53750002384,9.599744016514661,0.062243992674661186
4880,1,8.38461538462,9.003929041163433,0.619313656543433
4881,1,9.24347823599,9.127542317924881,0.11593591806511938
4882,5,9.4852940896,9.730383142947455,0.24508905334745457
4883,3,9.60000038147,9.798966693807602,0.19896631233760154
4884,1,11.7000001272,11.416361505656436,0.2836386215435631
4885,1,12.3499999046,12.250195548246495,0.0998043563535056
4886,4,9.29999995232,9.761248114498459,0.46124816217845854
4887,5,9.69999980927,9.555047960907418,0.14495184836258268
4888,4,9.29000005722,9.194388783331284,0.09561127388871604
4889,2,9.2666665713,9.467935574528038,0.2012690032280382
4890,2,11.9666668574,11.835448031402633,0.131218825997367
4891,4,10.5,10.192145545613611,0.3078544543863888
4892,5,9.60000038147,10.488475326412242,0.8884749449422422
4893,5,11.75,11.646319579513762,0.10368042048623849
4894,1,10.0333334605,10.110164506221173,0.07683104572117294
4895,5,9.58571434021,9.913204114620644,0.327489774410644
4896,2,11.8000001907,11.561796099530904,0.2382040911690968
4897,4,8.20000002119,9.70572613568821,1.5057261144982093
4898,2,9.76666641235,10.984001116015857,1.2173347036658573
4899,3,8.23125012219,9.178726256934297,0.9474761347442975
4900,1,10.4000000954,10.043282325862496,0.35671776953750367
4901,2,9.31999988556,9.51854152294727,0.1985416373872706
4902,1,10.5,10.026765064689068,0.4732349353109324
4903,3,8.78750002384,9.211744707847414,0.4242446840074141
4904,5,10.1000003815,10.355512330183794,0.2555119486837949
4905,3,10.1000003815,10.191951794539884,0.09195141303988486
4906,3,9.625,10.122757729595886,0.49775772959588593
4907,2,8.90000009537,9.563905433760786,0.6639053383907854
4908,3,9.7666665713,9.858621151278607,0.09195457997860679
4909,5,9.5499997139,9.980542540223105,0.43054282632310503
4910,5,9.69999980927,10.483583935569133,0.7835841262991323
4911,5,9.5,9.521746530656158,0.021746530656157503
4912,4,9.39999961853,9.404099990523335,0.004100371993335017
4913,2,11.0799999237,11.262684173552538,0.18268424985253695
4914,1,9.44000008901,10.565778248607664,1.1257781595976635
4915,3,9.69999980927,10.001224766159353,0.301224956889353
4916,4,7.79999995232,8.947071140454053,1.1470711881340527
4917,5,9.40000009537,9.651233935790385,0.2512338404203849
4918,2,8.7999997139,9.067698536560199,0.26769882266019884
4919,1,11.6000003815,11.660633360478117,0.060632978978118146
4920,4,10.2428572518,10.194427236924135,0.048430014875865623
4921,1,10.8500003815,9.896576238784059,0.9534241427159404
4922,3,9.57500004768,9.843055088704386,0.26805504102438604
4923,2,11.2000001272,11.151905784855812,0.048094342344187524
4924,1,9.25,8.433271757647338,0.8167282423526618
4925,4,8.60000038147,9.331238117712523,0.7312377362425231
4926,5,9.83333333333,10.123372753324963,0.2900394199949634
4927,4,9.39999961853,9.534961910496948,0.1349622919669482
4928,4,10.3000001907,10.46131424999257,0.16131405929256992
4929,1,10.1333335241,10.078759453202075,0.05457407089792454
4930,3,10.6200000763,10.351357230908434,0.26864284539156635
4931,5,10.8000001907,10.603087975563765,0.19691221513623525
4932,3,9.80000019073,9.984619283231329,0.1846190925013289
4933,4,9.53333346049,9.88642800148679,0.35309454099678916
4934,2,11.1000003815,10.983125505955071,0.11687487554492826
4935,3,11.4499998093,10.978365916510471,0.4716338927895283
4936,3,9.39999961853,9.613783935660868,0.21378431713086776
4937,4,9.39999961853,9.602221622070923,0.202222003540923
4938,3,9.72500014305,9.811626769265244,0.08662662621524397
4939,4,12.5333331426,12.60103950271913,0.06770636011913034
4940,5,9.0,9.143302855889765,0.14330285588976466
4941,4,10.3899998665,10.35832067627961,0.03167919022039101
4942,3,10.4500002861,10.27792694345597,0.17207334264402974
4943,4,10.3999996185,10.555898832315616,0.15589921381561567
4944,5,9.44999980927,9.464878133791606,0.014878324521605535
4945,4,13.1000001431,12.788433320448865,0.31156682265113567
4946,5,11.7500002384,11.370590090052179,0.37941014834782116
4947,4,9.35714258466,9.767591621878479,0.4104490372184788
4948,2,11.1500000954,10.84664012959661,0.30335996580338964
4949,2,9.60000038147,9.733748347651133,0.13374796618113294
4950,2,8.65833338102,9.055942494838602,0.39760911381860176
4951,4,8.86,8.80118473255232,0.058815267447679176
4952,1,10.8000001907,12.454607372656355,1.6546071819563544
4953,2,9.69999980927,9.91721540135071,0.21721559208070929
4954,2,13.2333332698,12.4086415304135,0.8246917393865001
4955,3,9.89999961853,9.927873695899002,0.027874077369002492
4956,4,11.0749998093,10.192260823936582,0.8827389853634173
4957,3,9.80000019073,10.208117187182506,0.408116996452506
4958,4,8.65882346209,9.157999077118568,0.4991756150285678
4959,2,10.3999996185,9.9932328097282,0.4067668087718008
4960,1,11.0333334605,11.033081960445223,0.0002515000547766988
4961,3,10.6999998093,10.324570538885965,0.37542927041403473
4962,1,9.89999961853,9.79802712339563,0.10197249513436901
4963,2,10.0750000477,10.373004391264132,0.2980043435641324
4964,5,9.5499997139,9.782869190401719,0.23286947650171896
4965,4,11.3999999364,10.53511160329994,0.8648883331000601
4966,4,11.4800001144,11.762542945280972,0.2825428308809723
4967,4,9.72857121059,9.35864663167618,0.36992457891381925
4968,5,13.3000001907,12.54602121473644,0.7539789759635607
4969,3,9.51428563254,9.754047756498096,0.23976212395809604
4970,4,9.89999961853,9.841778686717312,0.05822093181268784
4971,5,11.0,11.5700314069844,0.5700314069844001
4972,2,10.5,10.103882671427687,0.39611732857231274
4973,5,10.9249999523,10.82615421837753,0.0988457339224702
4974,1,9.5,9.50239214758505,0.0023921475850503526
4975,1,9.65000009537,9.548578930795347,0.10142116457465278
4976,5,9.69999980927,9.97570059129028,0.27570078202028014
4977,3,11.1999998093,10.514501994606208,0.6854978146937913
4978,1,10.3000001907,10.459652460706856,0.15965227000685545
4979,4,9.43333307902,9.70002979868302,0.26669671966302033
4980,5,9.89999961853,9.984087014081643,0.08408739555164324
4981,1,9.35714299338,9.691922380386632,0.33477938700663223
4982,1,9.85999984741,9.778353852972318,0.08164599443768239
4983,2,10.0,10.424729513992325,0.4247295139923253
4984,2,10.1399999619,10.327135253619646,0.18713529171964716
4985,1,11.75,11.751546772441422,0.0015467724414222062
4986,4,11.8166666031,11.116475881067846,0.7001907220321542
4987,4,9.89999961853,9.85196618803582,0.048033430494179186
4988,4,10.1599998474,10.26080684448713,0.1008069970871297
4989,2,9.39999961853,9.493750829222952,0.09375121069295211
4990,3,9.89999961853,9.795629598907208,0.10437001962279169
4991,2,11.5285714013,11.437825477413428,0.09074592388657265
4992,4,8.65000009537,9.814420266964378,1.1644201715943776
4993,2,9.2000002861,9.596244076561957,0.39624379046195735
4994,4,9.40000009537,9.545880702376007,0.14588060700600636
4995,3,8.81999988556,10.189615405121575,1.3696155195615756
4996,4,9.39999961853,9.426151241788064,0.026151623258064305
4997,4,10.6999998093,9.91853151761412,0.7814682916858793
4998,4,9.69999980927,9.625845519642745,0.07415428962725557
4999,1,11.4000000954,11.54633532773653,0.146335232336531
5000,4,8.06470607309,9.13673512786497,1.0720290547749691
5001,4,12.5500001907,12.153332475874082,0.39666771482591834
5002,4,8.28750008345,8.948992108871407,0.6614920254214063
5003,3,11.7999997139,12.060579665230803,0.2605799513308025
5004,4,9.89999961853,9.743715071884022,0.15628454664597768
5005,5,9.42499995232,9.554357191884487,0.1293572395644862
5006,1,9.39999993642,9.467857748363727,0.06785781194372653
5007,2,9.57499980927,9.58214983532253,0.007150026052530123
5008,1,10.2857142857,10.008758509171928,0.27695577652807124
5009,1,11.0875002146,10.843736061290599,0.24376415330940127
5010,5,9.60000038147,9.48337483223081,0.11662554923919011
5011,3,11.4333333969,11.684661066478679,0.2513276695786786
5012,3,11.3999996185,11.741825896087919,0.34182627758791817
5013,1,9.47999973297,9.481699538728957,0.001699805758956785
5014,3,9.80000019073,9.763298636406862,0.036701554323137486
5015,1,12.0500001907,12.2652001543746,0.21519996367459981
5016,5,9.90000009537,9.627002714516275,0.2729973808537256
5017,4,10.6272727793,10.476972365210642,0.15030041408935801
5018,3,9.40000009537,9.472615569996794,0.07261547462679374
5019,1,10.9636363983,9.938633365740424,1.0250030325595763
5020,2,9.60000038147,9.649825357560415,0.04982497609041481
5021,4,11.5,10.800222996500137,0.6997770034998627
5022,2,9.59999990463,9.974810333618185,0.3748104289881855
5023,3,9.60000038147,10.36434571179388,0.7643453303238807
5024,1,11.1000003815,10.789196709144022,0.31080367235597706
5025,2,9.97499990463,10.01496151792095,0.03996161329095038
5026,1,9.9500002861,10.092157086501196,0.14215680040119594
5027,3,8.90000011921,8.729551295380915,0.17044882382908533
5028,2,9.43999996185,9.74073132960559,0.3007313677555885
5029,5,8.96249985695,9.33911056834606,0.3766107113960597
5030,2,10.0,10.088718832843368,0.08871883284336768
5031,5,10.7083332539,10.560749304237769,0.14758394966223065
5032,2,9.83750015497,9.735132212895227,0.10236794207477296
5033,3,9.39999961853,9.82116214996409,0.4211625314340903
5034,2,11.9344827718,9.48755446124777,2.446928310552231
5035,2,10.0,9.847464469748807,0.1525355302511926
5036,4,11.2899999619,8.792512063125702,2.497487898774297
5037,4,9.26999998093,9.51116100880017,0.24116102787017013
5038,1,9.27499985695,9.605871019608388,0.33087116265838823
5039,4,10.8999996185,10.765951165046994,0.13404845345300664
5040,4,8.43636369705,9.438140578869676,1.0017768818196764
5041,4,10.9333333969,10.801363911981593,0.13196948491840743
5042,1,9.69999980927,9.905365621809155,0.20536581253915465
5043,5,10.8764706219,9.864217131802377,1.0122534900976223
5044,1,10.566666921,10.037199750636118,0.5294671703638816
5045,2,9.80000019073,9.562159320615525,0.23784087011447497
5046,1,9.66363638098,9.348528924361698,0.31510745661830164
5047,5,9.72857161931,9.683864012856242,0.044707606453757265
5048,4,10.1000003815,10.170340094891431,0.07033971339143186
5049,2,9.66666666667,9.755462107160822,0.08879544049082178
5050,1,11.0499997139,10.863261964876658,0.18673774902334195
5051,5,9.12000007629,9.502784414743335,0.3827843384533356
5052,5,10.1666663488,10.73434717672306,0.567680827923061
5053,3,9.25,9.604999417532378,0.35499941753237785
5054,4,9.56666692098,9.693848957195433,0.12718203621543367
5055,4,9.89999961853,10.650886039208226,0.750886420678226
5056,5,10.3000001907,10.658239297342636,0.35823910664263536
5057,4,10.0399999619,9.89063428863852,0.14936567326147987
5058,2,11.8999996185,12.123269350671467,0.22326973217146673
5059,4,9.39999961853,9.654435395105454,0.2544357765754537
5060,3,9.15000009537,9.338725787654669,0.1887256922846685
5061,2,10.2000000477,10.151089546835507,0.048910500864492334
5062,1,9.69999980927,9.832046390869658,0.1320465815996581
5063,5,10.2000002861,9.441754405701522,0.7582458803984782
5064,3,7.90000009537,8.74227896484352,0.8422788694735193
5065,2,9.0,9.375752594561877,0.3757525945618774
5066,1,11.5733332952,9.99329117087705,1.580042124322949
5067,4,9.32727267525,9.423608931121022,0.09633625587102124
5068,5,10.0000002384,9.888114638155479,0.11188560024452165
5069,3,9.89999961853,9.581793346079897,0.31820627245010336
5070,2,11.2399999619,10.206686037836102,1.0333139240638989
5071,2,9.44999980927,9.558386627109531,0.10838681783953064
5072,4,9.5,9.598466812863684,0.09846681286368408
5073,5,10.3999996185,10.41139043316859,0.011390814668589044
5074,4,9.80000019073,10.024643392314417,0.22464320158441708
5075,4,11.8999996185,12.491681837155193,0.5916822186551922
5076,1,9.5,9.715983963766208,0.21598396376620776
5077,3,9.30000019073,9.884160546010424,0.5841603552804244
5078,5,9.5,9.604141796135442,0.10414179613544228
5079,1,9.44999980927,9.926827458262004,0.47682764899200336
5080,4,9.2000002861,9.614917617177792,0.41491733107779183
5081,3,9.56666660309,9.546622120347763,0.02004448274223769
5082,1,10.9333333969,10.734751100487275,0.1985822964127255
5083,5,9.39999961853,9.54544120376777,0.1454415852377693
5084,5,10.3333333333,10.2669780028499,0.06635533045010078
5085,5,10.6000003815,10.357347897611463,0.242652483888536
5086,4,9.73333326976,9.7317361890903,0.0015970806696987694
5087,1,9.44999980927,10.059155346610737,0.6091555373407367
5088,5,13.0500001907,12.428781288856317,0.6212189018436831
5089,4,11.1999998093,11.243225875861157,0.04322606656115724
5090,2,10.8000001907,10.61677806501156,0.18322212568843987
5091,3,10.0000001589,9.874230879713167,0.12576927918683367
5092,3,9.70000012716,10.093262008414348,0.39326188125434847
5093,4,11.0909092643,10.127183381943796,0.9637258823562043
5094,3,10.7090910131,10.152953730407589,0.5561372826924114
5095,1,12.6000003815,12.157091502749385,0.4429088787506146
5096,4,10.6500003338,10.363698563081776,0.2863017707182234
5097,4,9.68571417672,9.58720010475353,0.09851407196646988
5098,2,9.39999961853,9.520825277239618,0.12082565870961837
5099,1,10.0,9.788358235202926,0.21164176479707386
5100,2,10.1000003815,10.409506875351935,0.30950649385193607
5101,5,9.2000002861,10.43005374249328,1.2300534563932803
5102,4,9.22500014305,9.64552742968204,0.42052728663204064
5103,4,10.0999999046,10.33085886370205,0.2308589591020489
5104,5,9.62857123784,10.447349533549318,0.8187782957093184
5105,5,10.1500000954,9.95719115786673,0.19280893753327
5106,1,10.1999998093,9.966877860080983,0.23312194921901686
5107,1,8.22500006358,8.689609871286441,0.46460980770644156
5108,4,8.34285708836,9.194933100329237,0.8520760119692365
5109,5,10.6500000954,10.421714688226867,0.22828540717313217
5110,4,8.51250004768,8.778038763839035,0.26553871615903546
5111,3,9.30000019073,9.730467674894328,0.43046748416432834
5112,4,10.1499998569,9.534719972869203,0.6152798840307963
5113,1,10.0166665713,9.935505575878565,0.08116099542143473
5114,2,8.09473680195,9.328125780224994,1.2333889782749932
5115,5,9.39999961853,9.516620985304314,0.11662136677431434
5116,5,12.1500000954,11.27333413262677,0.8766659627732292
5117,2,8.23823537546,8.88229402511345,0.6440586496534504
5118,2,11.3999996185,10.859479419786174,0.5405201987138266
5119,4,9.67999992371,9.9428122013041,0.26281227759410086
5120,1,9.7999997139,9.976505817550349,0.17650610365034858
5121,3,10.816666762,10.354452228400186,0.46221453359981446
5122,5,12.5333334605,11.604904071221146,0.928429389278854
5123,2,13.0,12.297362740145772,0.7026372598542281
5124,5,12.7999997139,11.939107824847317,0.8608918890526827
5125,2,12.3999996185,10.471790752105518,1.928208866394483
5126,5,9.75,9.82664074529018,0.07664074529017917
5127,3,9.83333333333,9.553582881074625,0.2797504522553744
5128,1,9.5,9.353686234132983,0.14631376586701705
5129,2,8.97419360376,8.392591674846326,0.581601928913674
5130,1,9.90000009537,9.900914638160218,0.0009145427902179648
5131,4,10.0,9.901109434777908,0.09889056522209216
5132,4,10.3333333333,10.138256962206986,0.19507637109301434
5133,3,11.4333333969,11.481393355460213,0.048059958560212834
5134,5,9.80000019073,10.019245208729208,0.21924501799920826
5135,3,10.2333333757,9.8908449714172,0.3424884042827987
5136,5,12.1999998093,10.817344981544903,1.382654827755097
5137,3,10.2740739893,9.853067570660183,0.42100641863981636
5138,2,9.72777769301,9.81507957274319,0.08730187973319126
5139,3,9.25,9.66211112592811,0.41211112592811006
5140,1,10.0,10.379134272851406,0.379134272851406
5141,4,11.6000003815,11.30393467439592,0.29606570710407887
5142,5,12.125,11.431306323525645,0.6936936764743553
5143,3,8.90000009537,9.544963799392951,0.6449637040229508
5144,1,10.3599998474,10.099519577230934,0.26048027016906516
5145,2,10.5,9.92308288396451,0.5769171160354905
5146,2,11.9333333969,11.799745291511192,0.1335881053888084
5147,1,9.04999996367,8.614878305494623,0.43512165817537785
5148,4,11.0,10.709228411991033,0.2907715880089672
5149,3,10.1999998093,10.004017105793055,0.19598270350694413
5150,5,10.5399999619,10.366566167337853,0.17343379456214691
5151,1,11.8999996185,11.734696117436538,0.16530350106346248
5152,1,10.1999998093,9.567463599691772,0.6325362096082277
5153,1,9.47499990463,9.712780320266123,0.23778041563612362
5154,4,8.4564516006,8.497115396972927,0.04066379637292705
5155,1,10.4750000238,10.135776844574705,0.33922317922529466
5156,2,9.39999961853,9.514177341274348,0.11417772274434768
5157,1,9.82000007629,10.099098442026786,0.27909836573678604
5158,4,9.01999998093,9.129162953625281,0.1091629726952803
5159,3,9.78571428571,10.003528908616548,0.2178146229065483
5160,4,9.10000038147,9.440186389799935,0.34018600832993506
5161,5,12.1199998856,11.90105642740666,0.2189434581933405
5162,4,9.69999980927,10.162943098263359,0.46294328899335824
5163,1,10.6541666985,8.528079410433087,2.1260872880669126
5164,4,8.18000005086,8.793485411172044,0.613485360312044
5165,1,10.1375000874,9.895395512521933,0.24210457487806636
5166,4,11.1111112171,11.498962487796323,0.3878512706963235
5167,4,8.91818185286,9.990379766350292,1.0721979134902924
5168,1,11.1687499285,10.567864130710644,0.6008857977893562
5169,2,9.5,9.55535673470494,0.05535673470494018
5170,3,9.5499997139,9.832441962963133,0.2824422490631324
5171,1,11.3199998856,10.744209978523418,0.5757899070765813
5172,5,12.1000000636,12.011306859686886,0.0886932039131132
5173,2,9.5,9.715581752911069,0.21558175291106885
5174,1,11.482352958,10.281378643173431,1.2009743148265688
5175,5,9.45833337307,9.83546066139523,0.3771272883252301
5176,1,8.99354836249,9.519059402449951,0.5255110399599516
5177,5,9.14583333333,8.929445027014724,0.2163883063152756
5178,5,9.17499995232,10.278065168067762,1.1030652157477618
5179,5,9.5,9.845407523400239,0.3454075234002385
5180,2,9.55000019073,9.467288665806606,0.0827115249233934
5181,2,10.8999996185,10.713298501115498,0.18670111738450323
5182,5,9.69999980927,9.423272879456709,0.2767269298132913
5183,1,11.625,9.89783870759848,1.7271612924015205
5184,4,9.86666647593,9.919743178130139,0.053076702200138826
5185,4,9.13636363636,9.355715515469548,0.21935187910954745
5186,2,9.69999980927,9.995295691232139,0.2952958819621383
5187,3,8.72105272193,9.202204474558323,0.4811517526283229
5188,5,11.2333332698,11.065035461787307,0.16829780801269223
5189,5,9.39999993642,9.52365316893111,0.12365323251110993
5190,3,11.8000001907,11.8698003900698,0.06980019936979964
5191,5,9.63333336512,9.903835294988625,0.2705019298686242
5192,4,10.8090907877,10.571647335681151,0.23744345201884975
5193,3,11.6200000763,11.350574868122036,0.2694252081779638
5194,3,11.9000000954,11.744482249818232,0.15551784558176784
5195,1,10.8999996185,10.378167214591631,0.5218324039083697
5196,1,9.38749992847,9.657210080528314,0.2697101520583143
5197,3,10.3999996185,10.298568877985133,0.10143074051486778
5198,3,9.52083333333,9.661347330733216,0.14051399740321635
5199,2,10.0999999046,9.969303003375458,0.13069690122454247
5200,3,9.55000019073,9.626570590396794,0.07657039966679413
5201,4,11.8000001907,11.564178590313546,0.23582160038645483
5202,2,9.60000038147,9.74030313267182,0.14030275120181912
5203,5,9.33636370572,9.833747338450442,0.4973836327304415
5204,3,9.39999961853,10.203964775495185,0.8039651569651856
5205,3,10.1666666667,10.03799120613723,0.12867546056276957
5206,2,11.2999997139,11.279952543824798,0.020047170075201848
5207,5,9.5,9.706368055861864,0.2063680558618639
5208,5,10.0,10.09513574540432,0.09513574540432046
5209,3,11.6500000954,11.594025252623402,0.05597484277659781
5210,1,9.0,9.391537868995233,0.3915378689952327
5211,1,9.69999980927,9.495301243406464,0.20469856586353607
5212,4,9.80000019073,10.179029950191675,0.37902975946167494
5213,4,9.87499976158,9.846348110866602,0.028651650713397814
5214,3,8.89999993642,9.376779591356573,0.47677965493657304
5215,3,11.5,11.454765130405532,0.04523486959446821
5216,2,11.0,10.493761218226242,0.5062387817737584
5217,4,9.60000038147,9.903485630352751,0.3034852488827511
5218,1,9.2,9.661225034731784,0.46122503473178433
5219,2,9.69999980927,9.930855002458937,0.23085519318893688
5220,2,9.29999976688,9.680475562529328,0.3804757956493283
5221,1,10.1000003815,10.11884300888586,0.018842627385859956
5222,5,9.69999980927,9.619157246274453,0.0808425629955476
5223,4,9.80000019073,10.11794618867056,0.31794599794056033
5224,1,10.1333334181,10.091135451549308,0.042197966550691746
5225,1,8.97500014305,10.250873340730141,1.2758731976801414
5226,2,10.3499999046,10.306969005143554,0.043030899456447
5227,1,11.8499999046,11.7866168794301,0.06338302516989991
5228,2,11.0166667302,9.830325238345033,1.186341491854968
5229,3,12.3499999046,12.364836230744542,0.014836326144541445
5230,2,10.0999999046,9.87541329671702,0.2245866078829799
5231,3,10.4000000954,10.269598349323516,0.13040174607648325
5232,5,9.60000038147,9.951068257213295,0.35106787574329523
5233,5,12.9000000954,12.548182244719685,0.35181785068031424
5234,2,9.0,9.944212699178573,0.9442126991785731
5235,1,10.8999996185,9.650758852570226,1.249240765929775
5236,2,10.6500000954,9.897066756630188,0.752933338769811
5237,5,10.0,10.560512907666086,0.5605129076660855
5238,5,10.1000003815,10.299516098360016,0.19951571686001657
5239,2,10.5,9.766994267881568,0.733005732118432
5240,5,9.15000009537,9.721194585149368,0.5711944897793675
5241,4,12.1399999619,12.075662218112265,0.06433774378773371
5242,4,9.83333301544,9.683371132660701,0.1499618827792979
5243,5,10.25,10.239734418425137,0.010265581574863347
5244,3,12.0333334605,12.459047519810785,0.4257140593107849
5245,2,10.5500001907,10.031250612013917,0.5187495786860836
5246,4,10.2250000238,10.2945526284269,0.0695526046268995
5247,3,12.6500000954,12.259090554719453,0.3909095406805463
5248,4,9.40000009537,9.92020250655546,0.5202024111854602
5249,5,9.39999961853,9.919683768689158,0.5196841501591578
5250,1,10.3650001049,10.123043661215888,0.24195644368411173
5251,4,10.1000003815,10.205434387654204,0.10543400615420495
5252,5,12.3499999046,12.19003255198755,0.1599673526124512
5253,3,8.59999990463,9.028413160366524,0.42841325573652433
5254,3,11.5,11.654412085914277,0.15441208591427724
5255,4,9.69999980927,9.574608653205818,0.1253911560641825
5256,5,10.1500000954,9.576310944604487,0.5736891507955129
5257,2,10.5090909438,9.878594726462644,0.6304962173373561
5258,5,9.77142860776,9.539982982273173,0.23144562548682757
5259,2,9.34999990463,10.004367405466645,0.6543675008366456
5260,4,9.30000019073,9.708101722502972,0.4081015317729726
5261,1,9.75,10.111510888588178,0.36151088858817815
5262,3,9.5,9.54263283036795,0.04263283036794974
5263,4,9.98749995232,10.343859316951132,0.3563593646311318
5264,2,9.84999990463,10.634638215998235,0.7846383113682354
5265,2,9.53333346049,9.622808046547064,0.08947458605706338
5266,3,9.69999980927,9.793009402264314,0.09300959299431355
5267,2,9.96666653951,10.37281113515308,0.4061445956430809
5268,2,9.35833334923,10.311527529669876,0.9531941804398762
5269,3,12.6500000954,12.55695738525837,0.09304271014162957
5270,1,9.7999997139,9.850504319195457,0.05050460529545653
5271,2,9.80000019073,9.70342078870458,0.09657940202541937
5272,2,9.65000009537,9.738709300360913,0.08870920499091284
5273,3,8.84999990463,9.201256797278605,0.35125689264860505
5274,3,12.1999998093,11.952952991993072,0.24704681730692712
5275,3,9.44999980927,9.829320452137623,0.3793206428676221
5276,5,12.6000003815,12.539582042458962,0.06041833904103733
5277,1,11.0,11.094899701709647,0.09489970170964668
5278,1,10.1000003815,10.023032478041195,0.07696790345880444
5279,2,12.0,10.127575261937643,1.8724247380623567
5280,5,34.5271184242,35.05469413663582,0.5275757124358194
5281,2,34.2000001477,33.69386105653489,0.5061390911651102
5282,2,37.3318184939,37.15817793454425,0.1736405593557535
5283,4,34.7400003052,34.845654167622094,0.10565386242209485
5284,2,36.2615383833,36.65756852662564,0.396030143325639
5285,4,38.6359999084,36.10485433308049,2.5311455753195133
5286,2,31.4222223494,30.620163574667096,0.8020587747329024
5287,5,36.0187497139,35.18505644681398,0.8336932670860193
5288,3,33.1999998382,33.503334664036,0.30333482583599647
5289,1,38.2862068702,36.12161529460599,2.1645915755940095
5290,4,37.0526317797,35.45382805971992,1.5988037199800829
5291,5,33.9000002543,32.9990001741877,0.901000080112297
5292,2,32.9857145037,30.878016234600103,2.107698269099899
5293,5,31.6068180691,34.622219672395346,3.015401603295345
5294,1,31.9916664759,32.056279262617124,0.06461278671712378
5295,5,31.6159999847,33.623735338973184,2.0077353542731835
5296,4,36.8878050083,31.051131287785804,5.836673720514195
5297,3,36.1969695814,36.364935159339744,0.16796557793974642
5298,1,32.8200000286,33.36547853549588,0.5454785068958827
5299,5,36.6622221205,35.37559715736536,1.286624963134635
5300,4,38.0183574842,34.383020146997715,3.6353373372022872
5301,5,36.4272731434,32.79118629827424,3.63608684512576
5302,3,35.3772726926,35.06686168639552,0.3104110062044825
5303,2,33.9946428708,36.75192213008795,2.757279259287948
5304,2,35.991549371,37.42554997175084,1.4340006007508421
5305,5,33.6374998093,33.26076684974174,0.3767329595582609
5306,2,36.3899993896,35.20548071458873,1.1845186750112688
5307,4,37.1416660945,35.95362963605249,1.1880364584475132
5308,3,34.0333328247,33.515919114871586,0.5174137098284106
5309,3,40.2064934272,35.350968170139346,4.8555252570606555
5310,4,35.2800010681,34.64200607107481,0.6379949970251886
5311,5,33.300000327,33.36693120904119,0.06693088204119135
5312,2,34.6062502861,36.3362082405045,1.7299579544044974
5313,3,32.6608694325,33.43139842244353,0.7705289899435286
5314,4,32.1775510749,31.701236466999315,0.4763146079006866
5315,5,34.8479999924,32.682695973146615,2.1653040192533837
5316,3,38.6165492635,35.969444303618694,2.647104959881304
5317,1,33.9058824427,34.16883064151495,0.26294819881495357
5318,2,32.5200004578,32.430381483706775,0.08961897409322717
5319,5,35.9083328247,33.82488159949918,2.083451225200818
5320,5,33.0166664124,33.94081058087623,0.9241441684762322
5321,2,33.2272727273,32.90179402463051,0.32547870266948564
5322,2,32.4666671753,32.77026415624802,0.303596980948015
5323,3,35.6568182165,34.45465803509813,1.2021601814018723
5324,2,35.3193547649,35.351594283966705,0.032239519066706634
5325,3,35.4363632202,35.10330242298699,0.3330607972130082
5326,3,34.7833334605,34.38781301199637,0.3955204485036319
5327,4,35.0052630776,35.36704652001584,0.3617834424158417
5328,1,34.6999994914,34.99642993786947,0.29643044646947203
5329,2,34.9346153553,35.197646829524544,0.2630314742245474
5330,4,34.611111535,35.33615558503932,0.7250440500393225
5331,2,32.4396039755,32.48927553979006,0.04967156429005826
5332,3,20.7473684247,19.73047632440754,1.0168921002924591
5333,1,17.2521367562,18.992111068356554,1.739974312156555
5334,5,21.0222222222,21.27032053608044,0.24809831388044046
5335,1,20.4014286314,19.621606632864765,0.7798219985352368
5336,2,22.3714285956,20.154147414755023,2.217281180844978
5337,2,24.7091145913,21.29545567081784,3.4136589204821597
5338,3,20.1735294192,20.97362980917421,0.8001003899742081
5339,2,23.0391304182,17.799376619038444,5.239753799161555
5340,2,22.1161615969,23.001761420294034,0.8855998233940348
5341,4,15.6896552053,18.71358223904671,3.023927033746709
5342,5,14.9562500119,20.90918880227703,5.952938790377029
5343,5,24.6505535309,22.671826543979844,1.978726986920158
5344,2,21.26764707,20.617252625310996,0.6503944446890024
5345,4,21.8416668574,21.741220320637712,0.10044653676228776
5346,5,15.8588235659,20.771522916646372,4.912699350746372
5347,4,10.5,10.853132446904887,0.3531324469048869
5348,5,11.3888887829,11.586885763968853,0.19799698106885266
5349,2,11.5499997139,11.763152437799352,0.21315272389935203
5350,2,11.8000001907,11.735631447609446,0.0643687430905544
5351,3,11.6692308279,11.176253274028637,0.4929775538713628
5352,5,11.8999996185,11.948174255869267,0.04817463736926619
5353,1,9.5333331426,10.22434812992106,0.6910149873210596
5354,3,9.82857145582,10.945324566307772,1.116753110487771
5355,4,11.0,10.893725708801064,0.10627429119893606
5356,4,12.4500002861,12.625602449739525,0.17560216363952463
5357,2,9.76000003815,9.695645081485003,0.06435495666499769
5358,2,10.5199998856,10.696717181743454,0.17671729614345288
5359,1,8.9833334287,9.897814818885585,0.9144813901855855
5360,1,9.80000019073,10.21278108852687,0.4127808977968712
5361,3,11.4499998093,11.615907553495003,0.1659077441950032
5362,1,11.1000003815,11.06682545673839,0.03317492476160844
5363,2,13.2750000954,12.543955906736327,0.731044188663672
5364,2,11.5999999046,11.117476876520708,0.48252302807929226
5365,3,8.75,9.882592291854044,1.1325922918540439
5366,4,11.6999998093,11.52411010216746,0.17588970713253893
5367,3,11.3000001907,11.452810445402816,0.15281025470281584
5368,3,11.8499999046,12.164171938455,0.3141720338549998
5369,1,11.3000001907,11.604064259209391,0.3040640685093905
5370,5,11.25,12.724494617899609,1.4744946178996088
5371,2,12.0,10.052380040227753,1.947619959772247
5372,2,13.0999999046,12.510266333026987,0.5897335715730136
5373,5,12.8000001907,11.25234519172733,1.5476549989726713
5374,4,11.0499997139,11.332306672156793,0.2823069582567932
5375,3,12.3000001907,11.893304961294142,0.4066952294058588
5376,2,9.89999961853,10.562047423695365,0.6620478051653649
5377,3,12.6999998093,12.589088601777826,0.11091120752217343
5378,3,12.8000001907,12.568096790396012,0.23190340030398815
5379,3,12.6000003815,12.019054553284844,0.580945828215155
5380,2,12.6166666349,12.071231794939644,0.5454348399603557
5381,1,12.0250000954,11.841254658477556,0.18374543692244316
5382,1,10.5250000954,10.022492158711533,0.5025079366884668
5383,5,11.8799999237,12.587580890846604,0.7075809671466047
5384,1,10.75,11.17172727207051,0.42172727207051075
5385,1,8.88888888889,9.660447580568185,0.7715586916781856
5386,1,10.0454544588,10.453380598989497,0.40792614018949713
5387,5,11.1999998093,11.424454408352695,0.22445459905269516
5388,4,9.0,10.295357613434055,1.2953576134340548
5389,1,11.8000001907,11.968342763912064,0.16834257321206358
5390,5,11.0,10.779482172466533,0.22051782753346671
5391,1,11.8000001907,12.42853894990196,0.6285387592019589
5392,5,12.1666666667,11.548309815254175,0.6183568514458244
5393,5,12.1999998093,12.278058473261616,0.07805866396161676
5394,4,12.25,10.899080099677644,1.3509199003223564
5395,4,11.5,9.878330970524148,1.6216690294758518
5396,1,11.8000001907,11.123711608329861,0.6762885823701392
5397,2,10.4666667514,10.49511707625481,0.02845032485480914
5398,3,12.1000001431,11.67309974341292,0.4269003996870815
5399,1,10.6133333206,10.781926759755255,0.16859343915525393
5400,3,11.1999998093,10.855049628214001,0.3449501810859985
5401,5,12.836363619,12.680789763152791,0.15557385584720862
5402,3,10.2461539782,10.545436510638,0.2992825324379993
5403,1,10.3999996185,10.644766160191766,0.24476654169176548
5404,1,9.40000009537,10.059993109085791,0.6599930137157912
5405,2,11.4500002861,11.067018202105658,0.3829820839943423
5406,3,12.0,11.750802685766281,0.24919731423371871
5407,1,10.5499997139,10.676464017051172,0.12646430315117207
5408,5,10.5499999523,10.468624834753411,0.08137511754658888
5409,4,10.3999996185,11.597745132035291,1.1977455135352901
5410,4,11.433333238,10.92800245131355,0.50533078668645
5411,2,9.60000038147,11.593588217184982,1.9935878357149814
5412,2,10.8777777354,11.033440710497722,0.1556629750977212
5413,4,11.3999996185,11.47084472129788,0.07084510279787892
5414,1,11.6666666667,11.646353538091622,0.020313128608377085
5415,5,11.6500000954,10.945195340195593,0.7048047552044068
5416,4,12.1200000763,11.76158804129878,0.358412035001221
5417,3,10.4500002861,11.342702836280854,0.8927025501808536
5418,1,12.2000002861,11.982326364816318,0.2176739212836818
5419,2,11.5111110475,11.499171625495825,0.011939422004175526
5420,5,12.7666667302,12.689732021165325,0.07693470903467592
5421,2,13.0333334605,11.771079464586196,1.2622539959138042
5422,3,11.9499998093,11.87153330267683,0.0784665066231689
5423,5,11.9249999523,11.974232670848288,0.04923271854828748
5424,1,11.3000001907,11.719058443446388,0.4190582527463871
5425,2,12.1000003815,11.118356978844261,0.9816434026557381
5426,2,10.6000003815,11.071856079993552,0.47185569849355247
5427,3,11.4000002543,11.488415610391016,0.0884153560910157
5428,4,12.6999998093,12.4349400597729,0.265059749527099
5429,5,11.3333333333,10.940336880744384,0.3929964525556162
5430,2,11.6000003815,11.447237554400537,0.15276282709946187
5431,2,11.9000000954,10.349836768204376,1.550163327195623
5432,4,11.6199998856,11.405216525858247,0.21478335974175344
5433,4,11.1999998093,11.327470173823821,0.12747036452382154
5434,2,11.1666666667,11.507912567900835,0.34124590120083553
5435,5,10.3499999046,10.458324914486434,0.10832500988643368
5436,3,12.5571429389,11.840351189480781,0.7167917494192189
5437,1,12.1749999523,12.300812110713892,0.1258121584138916
5438,1,11.6999998093,9.82357925778411,1.8764205515158903
5439,4,8.84999990463,9.578225232301339,0.7282253276713391
5440,2,9.10000038147,9.866193575269453,0.7661931937994524
5441,3,11.3000001907,11.678358601730116,0.37835841103011525
5442,5,12.8999996185,12.618589319044169,0.28141029945583185
5443,4,13.1999998093,12.084224876068431,1.1157749332315685
5444,2,13.0999999046,11.689713306236678,1.4102865983633226
5445,5,11.75,11.509624270140474,0.24037572985952593
5446,4,10.9499998093,11.270916863468482,0.3209170541684827
5447,4,11.1000003815,11.345892965348176,0.24589258384817647
5448,5,11.1999998093,11.467286985567432,0.26728717626743226
5449,5,11.7666667302,12.064246740242034,0.29758001004203294
5450,5,10.3500003815,10.240152621430527,0.1098477600694725
5451,4,12.0999999046,11.95778213359374,0.1422177710062602
5452,3,9.01999988556,9.657315379248987,0.6373154936889858
5453,1,9.30000019073,9.756073850389654,0.45607365965965485
5454,3,10.6999998093,11.257522210961891,0.5575224016618918
5455,4,11.6999998093,12.080112191530212,0.3801123822302124
5456,3,11.25,11.350454262881028,0.1004542628810281
5457,4,10.1999998093,10.736462960722314,0.5364631514223142
5458,3,12.75,12.32289011079259,0.42710988920740967
5459,1,11.2000001272,11.90660706403474,0.7066069368347403
5460,1,11.1666666667,11.22973465939413,0.06306799269412977
5461,1,12.6000003815,12.651064174469605,0.051063792969605615
5462,4,11.0499997139,11.028398368667082,0.021601345232918234
5463,5,12.3199998856,12.277806844021457,0.042193041578542534
5464,2,10.8999996185,11.36966455433178,0.46966493583177993
5465,3,12.7083334128,12.157971358783941,0.550362054016059
5466,1,12.2999998728,11.908140570123521,0.3918593026764796
5467,1,11.8000001907,11.193876836719562,0.606123353980438
5468,5,13.0999999046,12.772481659924948,0.3275182446750531
5469,4,14.0,12.369172462818721,1.630827537181279
5470,2,10.7999998728,11.435693488565816,0.6356936157658151
5471,3,11.0500001907,10.862512040340723,0.18748815035927713
5472,5,10.7399999619,10.824180099537356,0.08418013763735566
5473,2,10.1250002384,11.103959918055114,0.9789596796551141
5474,3,12.4799999237,12.581000747332244,0.10100082363224416
5475,5,11.6000003815,11.648654546065973,0.048654164565974156
5476,4,11.0333331426,11.204064097758968,0.17073095515896775
5477,1,12.5800000191,11.989514770669809,0.5904852484301912
5478,2,11.9499998093,11.60685647686786,0.34314333243214
5479,2,11.3999996185,11.289686099167588,0.11031351933241318
5480,3,10.2759999466,10.997125589457989,0.721125642857988
5481,1,10.5,10.87767065002993,0.3776706500299305
5482,4,11.6000003815,11.824842193368232,0.2248418118682327
5483,3,9.10000038147,10.361900868529743,1.2619004870597426
5484,2,11.7666666243,11.889369253023673,0.12270262872367255
5485,4,10.25,11.59023535755621,1.3402353575562103
5486,5,11.0499997139,11.07659245604147,0.026592742141469117
5487,3,11.6999998093,11.731435000413013,0.031435191113013516
5488,4,12.2999998728,11.927810105416752,0.37218976738324905
5489,2,11.0500001907,11.211690814985971,0.16169062428597059
5490,5,11.9499998093,11.551457915476515,0.39854189382348437
5491,1,13.5363636884,12.50012229519436,1.0362413932056391
5492,2,10.4000002543,10.4859001889534,0.08589993465339951
5493,3,12.5250000954,12.270990363553997,0.2540097318460024
5494,1,11.8999996185,11.284485403320758,0.6155142151792425
5495,5,12.2000002861,12.24732677163188,0.04732648553187957
5496,1,11.6000003815,11.732653532250085,0.13265315075008566
5497,1,12.75,12.121221005741631,0.6287789942583686
5498,4,12.5000003179,11.938608837264162,0.5613914806358373
5499,3,12.0333334605,11.591746606566087,0.44158685393391295
5500,2,12.1500000954,12.229962742508368,0.07996264710836876
5501,1,11.8999996185,11.88409433875706,0.01590527974293998
5502,2,12.6500000954,12.60713682283996,0.04286327256003908
5503,1,11.4000000954,11.286419575586123,0.11358051981387618
5504,2,12.3799999237,13.370495257310573,0.9904953336105731
5505,3,9.60000038147,11.097271438773147,1.4972710573031467
5506,3,10.1500000954,10.90799465088225,0.7579945554822505
5507,3,11.8999996185,12.612896271264255,0.712896652764254
5508,2,11.8000001907,11.86407497343605,0.06407478273604994
5509,4,11.0,11.433174949224036,0.43317494922403554
5510,4,10.4000000954,10.16167215638105,0.23832793901894966
5511,1,11.5,11.407467872850836,0.09253212714916437
5512,3,8.93333323797,10.817096343392171,1.8837631054221706
5513,1,11.685714313,11.118774787234791,0.5669395257652088
5514,2,10.5500001907,10.827042806717767,0.27704261601776636
5515,3,11.0,11.439078595297607,0.43907859529760707
5516,3,11.1999998093,11.057119672669948,0.14288013663005117
5517,1,10.0833334923,10.323217285518455,0.2398837932184552
5518,4,9.99999976158,11.757666604627902,1.757666843047902
5519,2,13.0,11.700127795187747,1.299872204812253
5520,4,11.6000000636,10.732821971982922,0.8671780916170775
5521,3,11.9999996821,11.966486645174069,0.03351303692593177
5522,2,12.6666667726,12.920972218797896,0.25430544619789686
5523,3,12.9499998093,12.680031239892804,0.2699685694071956
5524,1,10.8999996185,11.14532781354901,0.2453281950490087
5525,4,11.6333332062,11.475709336143074,0.15762387005692524
5526,1,8.93333339691,9.948499831341596,1.0151664344315972
5527,1,9.19999980927,10.170046575378558,0.9700467661085579
5528,2,12.8999996185,11.652631746086454,1.2473678724135464
5529,3,9.89999961853,10.123889021569296,0.22388940303929594
5530,5,10.875,11.528030871079297,0.6530308710792969
5531,3,10.5,10.828014449252052,0.32801444925205203
5532,3,11.6000003815,11.702565235362762,0.10256485386276282
5533,2,12.1000003815,12.27723460886485,0.17723422736485084
5534,5,11.8400001526,11.361237588499298,0.47876256410070184
5535,5,12.0000003179,11.2033155044249,0.7966848134750997
5536,5,11.7714286532,11.301708748741738,0.46971990445826073
5537,2,11.0,11.615582730754848,0.6155827307548485
5538,1,12.5777778625,11.82659442939463,0.7511834331053695
5539,5,12.0500001907,12.181288794975488,0.13128860427548794
5540,3,9.89999993642,10.220795275468415,0.3207953390484146
5541,5,11.8666664759,11.908174755941044,0.04150828004104312
5542,5,10.7999998728,11.660690542834885,0.8606906700348844
5543,5,11.5,11.704727992980242,0.20472799298024213
5544,1,9.26666673024,9.728492705766968,0.4618259755269669
5545,3,11.8333333333,11.67230682845234,0.16102650484766023
5546,4,12.2666664124,12.442879458354776,0.1762130459547766
5547,1,12.0499997139,11.934053330851627,0.11594638304837268
5548,5,11.8000001907,11.828856850135177,0.028856659435176013
5549,2,12.0,12.303413831600565,0.30341383160056523
5550,3,8.84999990463,9.692078043095128,0.8420781384651281
5551,3,12.285714422,12.271752616203633,0.013961805796366633
5552,4,9.84999990463,9.73813608907904,0.1118638155509597
5553,1,12.5,12.33762137651542,0.16237862348457988
5554,3,12.1999998093,12.091333283464756,0.10866652583524328
5555,3,12.4333333969,12.603688861151097,0.17035546425109693
5556,1,12.3000001907,12.177194998036065,0.12280519266393597
5557,3,11.4499998093,11.639303971393238,0.1893041620932383
5558,4,11.6999998093,11.538286668916017,0.16171314038398243
5559,1,12.2222222222,11.542869264716558,0.6793529574834416
5560,5,12.6999998093,12.6493406429254,0.050659166374598996
5561,2,9.10000038147,9.561843687269258,0.4618433057992579
5562,2,11.1999998093,10.814615792901174,0.3853840163988256
5563,2,12.2285713468,11.56052747982388,0.6680438669761202
5564,3,11.6999998093,12.429611751187421,0.7296119418874216
5565,5,11.3999996185,11.561253046502147,0.16125342800214604
5566,1,9.75,9.83124876585331,0.08124876585331009
5567,5,12.3,11.964640987079383,0.33535901292061787
5568,1,11.5500001907,11.531375682041693,0.018624508658307448
5569,5,8.82500004768,9.48889607929628,0.6638960316162805
5570,4,11.6999998093,11.833188364144874,0.13318855484487457
5571,4,11.9999996821,10.813664630818241,1.186335051281759
5572,1,11.0333331426,11.588620119194756,0.5552869765947559
5573,3,13.6749999523,12.062824395520162,1.6121755567798388
5574,4,11.0,10.831127312039095,0.1688726879609046
5575,5,12.8999996185,12.330563529928725,0.5694360885712761
5576,3,12.6500000954,12.61730652082582,0.03269357457417854
5577,2,10.9499998093,10.728563662539276,0.22143614676072332
5578,5,9.15000003576,10.250688818886262,1.1006887831262624
5579,2,10.1999998093,11.261509633253533,1.0615098239535339
5580,2,13.0333334605,12.358430696532718,0.6749027639672818
5581,3,10.955555492,10.98398233197142,0.028426839971420037
5582,1,11.75,11.427566495248808,0.32243350475119215
5583,3,9.19999980927,10.294750098300275,1.0947502890302747
5584,2,8.76666641235,9.811137600823992,1.0444711884739917
5585,5,12.3000001907,12.444669516200989,0.14466932550098832
5586,4,12.8499999046,12.462578767979972,0.38742113662002886
5587,3,9.60000038147,9.859791537879888,0.2597911564098876
5588,5,12.0,11.766571404335048,0.233428595664952
5589,1,12.0,12.304880021089362,0.3048800210893621
5590,4,11.0500001907,11.040969296690378,0.00903089400962287
5591,4,11.6000003815,11.815265614448938,0.21526523294893884
5592,5,9.53333346049,11.457807772005568,1.9244743115155671
5593,3,11.3000001907,10.883997651064032,0.41600253963596856
5594,3,11.6999998093,11.818652757642871,0.11865294834287177
5595,3,12.1571427754,12.276491107573213,0.11934833217321206
5596,5,11.2666664124,11.544315986152064,0.2776495737520648
5597,3,11.8000001907,12.181437606695031,0.38143741599503045
5598,1,11.3666667938,10.240915953649749,1.1257508401502516
5599,3,9.83333333333,11.366612820318455,1.5332794869884552
5600,5,12.3000001907,12.425544142652099,0.125543951952098
5601,1,12.1750001907,12.071674753552264,0.10332543714773657
5602,3,14.0000002384,12.10368121375231,1.8963190246476902
5603,3,9.34999990463,9.730533353139387,0.38053344850938764
5604,5,9.5,10.172589185382355,0.6725891853823551
5605,2,11.3999996185,11.383645082133045,0.01635453636695594
5606,3,11.8999996185,11.975731308480537,0.07573168998053603
5607,4,9.55000019073,10.488998835280073,0.9389986445500735
5608,1,12.8999996185,12.736049667211917,0.16394995128808354
5609,2,11.5,10.852290933666287,0.6477090663337126
5610,1,11.75,11.761677608576738,0.011677608576738052
5611,2,9.125,9.40222761006862,0.2772276100686195
5612,1,9.64999985695,10.29817892027554,0.6481790633255393
5613,1,9.39999961853,10.698103720842877,1.2981041023128768
5614,2,10.7999998093,11.144578693228539,0.3445788839285395
5615,3,11.8000001907,10.802408329201782,0.9975918614982184
5616,1,10.6749999523,11.127167897505046,0.452167945205046
5617,3,11.5399999619,11.48218717405212,0.057812787847879576
5618,5,12.0666666031,11.990127907996214,0.07653869510378541
5619,5,12.0,12.128327405639432,0.1283274056394319
5620,2,11.1749999523,11.539511595616297,0.3645116433162965
5621,4,11.0,11.354852986528307,0.3548529865283072
5622,5,11.3499999046,11.531542242766903,0.1815423381669028
5623,2,10.3999996185,10.78002330430905,0.38002368580905
5624,4,14.0333334605,14.233966601077809,0.2006331405778088
5625,5,16.2000007629,15.028460088203946,1.171540674696054
5626,5,18.8600002289,17.827042200255764,1.0329580286442344
5627,1,17.7999992371,14.810556072958958,2.9894431641410417
5628,4,13.9249999523,16.144185351166605,2.219185398866605
5629,1,15.6666665607,17.057145493172552,1.3904789324725524
5630,4,12.6999998093,13.066154149931464,0.36615434063146424
5631,5,15.1666666667,15.412335286273459,0.24566861957345942
5632,1,15.7833333015,15.132142370611621,0.6511909308883794
5633,4,14.6666669846,13.928643616111483,0.738023368488518
5634,4,13.5250000954,13.521067925580782,0.0039321698192171795
5635,1,11.9000000954,13.012238481175705,1.112238385775706
5636,1,13.0500001907,17.212123934797578,4.162123744097578
5637,4,12.1999998093,13.71768228433935,1.5176824750393507
5638,3,18.2000007629,17.11417884707924,1.085821915820759
5639,2,19.4499998093,18.358065618128073,1.0919341911719265
5640,2,13.9000000954,14.400781863944298,0.5007817685442983
5641,1,16.2749998569,15.832587639164604,0.4424122177353951
5642,3,17.3500003815,15.346214208926359,2.0037861725736406
5643,2,13.8222222858,13.463997539458305,0.3582247463416959
5644,5,16.8375000954,15.297768997107745,1.539731098292254
5645,5,19.9857145037,15.397025260356171,4.588689243343827
5646,2,12.4666668574,13.054865084516743,0.5881982271167434
5647,4,12.1500000954,14.358081545650048,2.2080814502500488
5648,3,12.6999998093,13.317517783648405,0.6175179743484058
5649,3,15.4888890584,15.947516103387503,0.4586270449875034
5650,3,16.9499998093,16.805269469164696,0.14473034013530395
5651,2,14.7,13.823693327669517,0.8763066723304824
5652,2,15.6999998093,16.247234151014126,0.5472343417141268
5653,2,16.3999996185,16.324621828053083,0.07537779044691817
5654,2,15.0500001907,14.957988254116147,0.09201193658385343
5655,5,13.8000001907,13.539014137488314,0.26098605321168655
5656,5,18.3500001431,18.521873822989658,0.17187367988965718
5657,2,22.5857140677,18.54743238350424,4.038281684195759
5658,5,13.6333332062,13.648399967438644,0.015066761238644588
5659,3,14.8999999364,14.793492880213062,0.10650705618693834
5660,4,12.3000001907,14.523271008923357,2.223270818223357
5661,4,17.0,16.768329183549067,0.2316708164509329
5662,3,18.8999996185,17.291190472727454,1.6088091457725469
5663,3,15.1999998093,15.432851991773232,0.23285218247323236
5664,2,12.6999998093,13.462162382449154,0.7621625731491548
5665,1,13.0750000477,16.161390537930217,3.086390490230217
5666,1,14.4249999523,16.15034918973888,1.7253492374388788
5667,1,13.2249999046,14.019830166682157,0.7948302620821561
5668,4,13.7000001272,15.51857437887792,1.818574251677921
5669,4,15.6500000954,14.604105205350756,1.0458948900492437
5670,4,15.6727273247,16.294452478522164,0.6217251538221635
5671,5,15.8999996185,15.74514509315732,0.15485452534268163
5672,4,13.5,14.942391960987825,1.442391960987825
5673,3,14.8000001907,14.984191117907882,0.18419092720788122
5674,2,13.6,14.36529523896561,0.76529523896561
5675,5,14.1000003815,15.522426806913545,1.422426425413546
5676,2,16.3499994278,14.90680137834074,1.4431980494592604
5677,3,16.4400001526,16.13584232021957,0.3041578323804295
5678,3,19.8999996185,18.106269560126325,1.7937300583736757
5679,4,15.1333335241,15.646884345970106,0.5135508218701066
5680,1,14.477777693,16.183379422935303,1.705601729935303
5681,4,15.3846153846,15.109742707866841,0.2748726767331586
5682,2,18.1000003815,17.691525391342722,0.40847499015727706
5683,1,16.5,16.732415056394956,0.23241505639495585
5684,2,12.1000003815,13.438886768753626,1.338886387253627
5685,4,17.3125,17.663924723023328,0.35142472302332806
5686,4,13.9000002543,16.38280925072085,2.48280899642085
5687,3,16.6799999237,15.8403377159775,0.8396622077224993
5688,2,14.5999999046,14.341188928580847,0.2588109760191539
5689,2,14.3999996185,14.83894541145376,0.4389457929537599
5690,5,17.5500001907,18.252874766028103,0.7028745753281029
5691,5,14.1399999619,13.371094185981642,0.7689057759183573
5692,2,16.9499993324,15.636781884936218,1.3132174474637832
5693,5,18.2428569794,17.119321785726832,1.1235351936731668
5694,4,18.1499996185,16.065049927739906,2.0849496907600944
5695,3,16.7166665395,16.021419363788475,0.6952471757115255
5696,3,16.7333335876,18.48752041470242,1.7541868271024192
5697,2,14.9000000954,15.382978702396494,0.482978606996495
5698,4,12.3999996185,13.153375744376236,0.753376125876235
5699,5,17.5,17.85306571090383,0.3530657109038309
5700,2,16.2000001907,16.17064123669182,0.029358954008177562
5701,2,17.1000003815,15.082651960772054,2.017348420727945
5702,1,17.3181817315,16.27752036885855,1.0406613626414511
5703,3,15.2200000763,15.551777634367454,0.33177755806745424
5704,5,14.6000003815,13.072539027954196,1.527461353545803
5705,2,14.8000001907,13.975604254311014,0.8243959363889868
5706,3,16.9333337148,18.292438810186326,1.359105095386326
5707,3,18.2181819569,17.583117615768984,0.6350643411310166
5708,4,15.8400000572,14.969022424394861,0.870977632805138
5709,2,14.9749999046,14.331877239075533,0.6431226655244675
5710,4,15.2999997139,17.443310912949887,2.1433111990498865
5711,3,13.75,14.809335878041011,1.0593358780410114
5712,3,15.5,16.06877820401036,0.5687782040103606
5713,5,13.0599998474,13.353495572835234,0.2934957254352337
5714,2,11.7999997139,13.692557899819906,1.8925581859199063
5715,4,15.2249999046,14.46799948658555,0.7570004180144512
5716,1,15.1125000715,14.540905712903344,0.5715943585966556
5717,4,13.1500000954,13.180589153479449,0.03058905807944967
5718,3,11.8400001526,12.919302124529606,1.0793019719296062
5719,2,16.2000007629,16.03101676155814,0.16898400134186176
5720,2,15.8600000381,16.388275762769577,0.5282757246695766
5721,2,16.2999992371,16.074769174010513,0.22523006308948723
5722,4,16.9000001635,17.3788389440287,0.4788387805287009
5723,2,16.1500000954,15.928067245115026,0.22193285028497378
5724,5,16.7142854418,15.839605757151176,0.8746796846488252
5725,1,14.5,15.623467204438175,1.1234672044381746
5726,5,14.0500001907,15.627159425942988,1.5771592352429877
5727,1,11.7333332698,13.982785130019078,2.2494518602190787
5728,3,15.3272726753,14.760424708330824,0.5668479669691759
5729,3,13.1000003815,16.41935283784842,3.3193524563484225
5730,3,13.5,14.637240091688613,1.1372400916886125
5731,3,16.6928571974,15.623568258348941,1.0692889390510576
5732,5,15.8499999046,17.22164707331305,1.37164716871305
5733,2,19.4500002861,17.747997758406648,1.7020025276933524
5734,5,14.4500000477,16.074805187651616,1.6248051399516168
5735,3,13.375,13.270753586437323,0.10424641356267728
5736,3,18.1500002543,17.027690606911598,1.122309647388402
5737,3,14.6500000954,14.77707630345451,0.12707620805451114
5738,4,13.7000000817,13.312212462445412,0.3877876192545884
5739,2,17.25,16.27632112300586,0.9736788769941391
5740,1,16.8999996185,16.307724080208285,0.592275538291716
5741,4,15.6999998093,15.347338734878097,0.35266107442190275
5742,5,14.9749999046,15.043613252727315,0.06861334812731457
5743,1,17.2999992371,19.31553077019648,2.015531533096482
5744,4,17.25,17.46536041107448,0.21536041107448156
5745,5,20.8999996185,16.543457423478372,4.356542195021628
5746,1,16.1500005722,16.892168968322835,0.7421683961228354
5747,2,14.3666667938,13.798767883234486,0.5678989105655141
5748,1,16.4249997139,16.748425469359645,0.32342575545964536
5749,2,15.2857142857,14.752703816774696,0.533010468925303
5750,5,19.6000003815,16.755270342843556,2.8447300386564436
5751,1,18.4666665395,14.422805661968509,4.0438608775314915
5752,5,23.6499996185,17.39808211942196,6.25191749907804
5753,3,14.4000000954,13.94926086495636,0.4507392304436397
5754,4,13.8333336512,16.123241840072843,2.289908188872843
5755,4,19.4333337148,16.480191186468943,2.953142528331057
5756,2,13.9749999046,14.250276255172754,0.2752763505727529
5757,5,16.9749994278,17.01557143619815,0.04057200839815067
5758,2,19.0333328247,17.756084076141292,1.2772487485587085
5759,5,13.3333336512,15.226470298979779,1.8931366477797784
5760,5,13.0,13.664508768101271,0.6645087681012711
5761,3,12.8750002384,15.940023533918671,3.065023295518671
5762,2,20.25,18.926410232627045,1.3235897673729546
5763,2,11.2999999183,14.083409307354984,2.7834093890549845
5764,3,19.2714287894,17.305045407149873,1.9663833822501289
5765,5,12.6999998093,13.233646718502008,0.5336469092020089
5766,2,15.6999998093,15.431040087913365,0.2689597213866346
5767,2,18.4666665395,17.69521478741763,0.7714517520823705
5768,1,18.6333335241,17.539727380438062,1.0936061436619369
5769,3,13.3000001907,13.684609015257477,0.3846088245574766
5770,1,17.7000007629,14.619943912655708,3.0800568502442918
5771,1,13.0499999523,13.785508709952007,0.7355087576520063
5772,5,13.6500000954,14.172643876040725,0.5226437806407258
5773,3,12.1333335241,12.586601970046585,0.4532684459465859
5774,4,16.6176470027,15.583320446201915,1.034326556498085
5775,3,17.1000003815,17.806088332965302,0.7060879514653031
5776,5,16.7999992371,16.16713398386158,0.6328652532384211
5777,5,18.8000001907,17.754530611056946,1.0454695796430542
5778,2,13.1999998093,13.226539079884287,0.026539270584287067
5779,5,19.9499998093,16.48775377134058,3.462246037959421
5780,4,18.2999998728,16.214088807303316,2.085911065496685
5781,1,13.6000003815,16.100525737396136,2.500525355896137
5782,5,18.6000003815,17.214063277805504,1.385937103694495
5783,4,13.2750000954,14.394933101025066,1.1199330056250663
5784,4,12.8999996185,13.04182636831302,0.1418267498130188
5785,1,11.8,12.978738134757391,1.1787381347573902
5786,1,13.7999999523,14.608052253147498,0.808052300847498
5787,1,15.9499998093,16.432388067388697,0.48238825808869734
5788,5,13.1333332062,14.396880327363135,1.2635471211631355
5789,4,13.0,13.444700605092404,0.44470060509240383
5790,2,14.6999998093,14.40307039544503,0.2969294138549703
5791,5,13.7800001144,14.433599003003788,0.6535988886037885
5792,1,14.0999999046,14.835200965589104,0.7352010609891035
5793,4,14.0333331426,17.649799168312537,3.616466025712537
5794,3,14.3000001907,15.508478125650402,1.2084779349504018
5795,1,15.3000001907,15.541750920435804,0.24175072973580392
5796,5,14.4499998093,13.824807226382461,0.6251925829175384
5797,5,12.9000000954,15.212260718582113,2.312260623182114
5798,3,12.9999997616,12.962672292947843,0.037327468652156526
5799,3,14.6500000954,14.671752052307498,0.021751956907499093
5800,3,18.25,16.294462999715694,1.9555370002843055
5801,5,14.3800001144,13.905073825632131,0.47492628876786824
5802,2,14.1999998093,13.605657950895322,0.5943418584046771
5803,1,14.8999996185,14.109313062647752,0.7906865558522487
5804,1,15.1999998093,15.185337957903554,0.014661851396445158
5805,1,13.3999999364,13.638734706219266,0.23873476981926522
5806,4,15.2699999809,15.592320785586372,0.32232080468637214
5807,3,15.5750002861,16.186395628337824,0.6113953422378238
5808,4,15.4333333969,15.933418583725219,0.5000851868252187
5809,1,17.1666666667,16.707323421421638,0.4593432452783617
5810,4,13.3999997775,13.728001708600317,0.3280019311003173
5811,5,15.1500000954,14.647621649422815,0.5023784459771843
5812,1,12.6000003815,13.870336933447565,1.2703365519475653
5813,1,13.6399999619,15.209139350468037,1.569139388568038
5814,2,14.8999999364,13.852026685037135,1.0479732513628655
5815,4,14.7666664124,15.63078499104218,0.8641185786421808
5816,3,12.433333238,15.445063749454405,3.011730511454406
5817,2,16.1500000954,15.807129600328999,0.34287049507100065
5818,4,18.1499996185,17.724544581416833,0.425455037083168
5819,4,15.0,15.869023190448157,0.8690231904481571
5820,1,19.6666673024,15.772744820911115,3.893922481488886
5821,1,12.9000000954,13.83362384914982,0.9336237537498207
5822,1,12.2333332698,13.021662286725338,0.7883290169253385
5823,4,18.2999992371,17.39478353701157,0.90521570008843
5824,2,17.2000007629,17.979408148022614,0.7794073851226138
5825,2,16.0,15.037048059239872,0.9629519407601279
5826,2,12.2333332698,12.888379327383811,0.655046057583812
5827,5,15.4500000477,15.27883730364928,0.1711627440507204
5828,2,19.4749999046,17.826781082548997,1.6482188220510032
5829,1,16.3000005086,16.311747608435475,0.011747099835474728
5830,3,12.1999998093,14.741507366634247,2.5415075573342474
5831,4,16.5500001907,15.82862859215893,0.7213715985410705
5832,4,17.327272762,16.422410783544837,0.9048619784551626
5833,2,14.875,15.403318071635727,0.5283180716357272
5834,4,12.5000002384,14.214990532272326,1.7149902938723258
5835,2,15.4499998093,16.592915609741954,1.1429158004419548
5836,2,14.0500001907,14.734568751217823,0.6845685605178229
5837,1,17.7631577944,16.296123178909852,1.4670346154901495
5838,1,17.5,14.294213345776198,3.205786654223802
5839,4,14.4600000381,13.550486426978601,0.9095136111213993
5840,1,14.9249999523,15.896230841889576,0.9712308895895756
5841,4,16.2666670481,17.294349410880965,1.0276823627809648
5842,4,12.3999996185,13.78604579074081,1.3860461722408086
5843,1,13.2749998569,13.800909483357879,0.5259096264578798
5844,1,13.5,14.046419891796774,0.5464198917967735
5845,4,15.5,18.467976408013957,2.967976408013957
5846,3,16.2999992371,16.388545077723126,0.08854584062312654
5847,1,19.7000007629,15.117604352432615,4.5823964104673856
5848,2,14.6000003815,14.871567610229858,0.27156722872985917
5849,3,16.1888889737,15.09468008341429,1.0942088902857101
5850,4,16.7750000954,16.24675528408519,0.5282448113148099
5851,2,25.0,18.279741175047427,6.720258824952573
5852,3,16.1666673024,15.334846625605879,0.8318206767941216
5853,2,13.5333331426,13.538021204804377,0.004688062204376564
5854,5,13.8999999364,15.260074311656702,1.3600743752567013
5855,5,15.3222221798,16.357022392669013,1.034800212869012
5856,3,16.5200000763,16.33016641462701,0.1898336616729921
5857,2,16.3500003815,15.129240353280066,1.2207600282199333
5858,2,19.8142858233,18.302673575655533,1.511612247644468
5859,2,15.3000001907,15.49931240553346,0.1993122148334603
5860,2,17.1000003815,17.622187035204718,0.5221866537047184
5861,3,15.7058823529,16.476313790809492,0.7704314379094921
5862,2,14.6411764481,15.036358660361735,0.39518221226173544
5863,1,17.7599998474,16.256670863123574,1.5033289842764255
5864,5,15.25,15.39026255944684,0.14026255944684074
5865,2,16.3888892068,16.354794458679237,0.03409474812076141
5866,4,13.3500001431,15.201175398773914,1.8511752556739136
5867,4,13.6500000954,13.822284093868136,0.1722839984681368
5868,3,16.3999996185,15.608034065729937,0.7919655527700638
5869,4,14.4000000424,15.435836306847404,1.0358362644474042
5870,5,18.9000005722,17.752271507588777,1.147729064611223
5871,2,15.5500001907,15.339547562105269,0.2104526285947319
5872,1,16.400000052,16.171477854755345,0.22852219724465428
5873,2,18.4666665395,17.166163705293105,1.3005028342068954
5874,3,13.4500002861,14.916763380532426,1.4667630944324266
5875,1,17.6000003815,16.478191739074887,1.121808642425112
5876,4,16.2999997139,16.120362753668594,0.17963696023140585
5877,5,16.5500001907,16.192422392130602,0.3575777985693982
5878,5,16.3200000763,16.287607615987703,0.032392460312298255
5879,4,16.7333335876,14.20687742995968,2.52645615764032
5880,1,17.049999555,17.53274767928301,0.4827481242830096
5881,5,13.9666665395,15.304975277789387,1.3383087382893866
5882,3,16.3999996185,14.979386448342721,1.4206131701572797
5883,2,16.0666666031,15.941625996933368,0.12504060616663182
5884,4,19.0,17.633685126810622,1.3663148731893777
5885,1,12.9500002861,13.957315669832852,1.007315383732852
5886,3,12.6000003815,15.93099504458979,3.3309946630897915
5887,5,18.1500000954,16.908523425661638,1.2414766697383612
5888,1,15.0999999046,16.051251575848244,0.9512516712482437
5889,4,18.7857142857,18.698703153828514,0.08701113187148479
5890,3,15.8000001907,16.629448909318782,0.8294487186187816
5891,4,14.3000001907,15.400551512238323,1.1005513215383225
5892,5,12.6500000954,13.179065943487542,0.5290658480875425
5893,1,15.8444443809,15.04483393729839,0.79961044360161
5894,1,15.7499995232,16.427088039509027,0.677088516309027
5895,5,13.5800001144,13.528075086862795,0.05192502753720518
5896,2,17.3499997457,15.543563059361286,1.8064366863387136
5897,5,19.25,17.116009744731244,2.133990255268756
5898,4,11.3000001907,14.13081307815962,2.8308128874596203
5899,1,18.0333328247,15.866412558485127,2.1669202662148734
5900,2,14.1799999237,13.906968632435525,0.27303129126447523
5901,5,19.4500002861,18.918567983731357,0.5314323023686427
5902,1,18.0875000954,16.995699517539265,1.0918005778607345
5903,2,20.0199996948,18.02378066827653,1.9962190265234696
5904,4,16.0,16.31644255564412,0.3164425556441195
5905,3,15.4499998093,14.890755915999435,0.5592438933005646
5906,4,11.6499998569,14.739767225387839,3.0897673684878395
5907,5,14.6999998093,14.659204894630918,0.040794914669081805
5908,2,15.8999996185,16.098373238450826,0.19837361995082503
5909,3,13.875,13.469477460190603,0.4055225398093967
5910,2,12.9499998093,13.957891625717942,1.007891816417942
5911,4,19.6600002289,18.302729555877658,1.3572706730223416
5912,2,14.3000001907,13.542880844128115,0.7571193465718853
5913,5,12.1499996185,14.653705221534421,2.5037056030344207
5914,2,12.4,12.714326819849822,0.31432681984982125
5915,5,20.25,17.534267499932156,2.715732500067844
5916,2,14.8999996185,14.821265690829138,0.07873392767086251
5917,5,12.6500000954,13.620848145415811,0.9708480500158121
5918,4,14.9666665395,14.622960987767675,0.34370555173232553
5919,5,16.2500004768,15.940803047943763,0.3091974288562369
5920,3,13.9499998093,16.491489995638027,2.5414901863380273
5921,4,14.2666667302,15.438393976703047,1.1717272465030462
5922,2,11.5666666031,13.457409362982862,1.890742759882862
5923,3,13.0499998728,14.14949886809908,1.0994989952990792
5924,1,16.6000003815,16.306958770319394,0.29304161118060534
5925,4,13.3499999046,13.54720661582902,0.19720671122902012
5926,4,12.4199999809,14.049388639362238,1.6293886584622381
5927,4,12.3000001907,13.48943773300221,1.18943754230221
5928,2,12.8555554284,13.003958851779732,0.14840342337973134
5929,4,17.9000005722,17.304847742483105,0.5951528297168949
5930,3,16.0500001907,15.418706934317788,0.6312932563822127
5931,2,14.1999998093,14.246684618122526,0.046684808822526236
5932,1,13.5,14.117888117849953,0.6178881178499527
5933,1,16.1714285442,15.584531569613524,0.5868969745864767
5934,4,18.5500001907,18.202961507135825,0.34703868356417544
5935,1,12.5999999046,13.684860633302828,1.084860728702827
5936,1,18.1222224765,16.738908750633456,1.383313725866543
5937,2,13.8833333651,13.079655631644885,0.8036777334551157
5938,1,11.7000001272,12.981461284379327,1.2814611571793275
5939,4,15.8000001907,15.27914695138166,0.52085323931834
5940,3,14.6999998093,14.660908907225242,0.03909090207475785
5941,5,17.0888889101,17.979703708356684,0.8908147982566845
5942,2,16.4571428299,16.748014179338984,0.29087134943898363
5943,1,19.3714286259,17.797664959280603,1.5737636666193957
5944,4,17.6999994914,16.95444764714313,0.7455518442568696
5945,1,15.1000003815,14.979178567165151,0.12082181433484784
5946,4,21.3999996185,18.1025490524421,3.2974505660579005
5947,5,14.5,14.80954851455145,0.3095485145514498
5948,2,15.7333335876,15.808274738858318,0.07494115125831691
5949,5,15.3000001907,15.037391007736293,0.2626091829637076
5950,1,16.6999998093,15.863325081206046,0.8366747280939535
5951,5,13.9000000954,13.884253599702852,0.015746495697147367
5952,2,17.2999998728,17.1659080049019,0.1340918678980998
5953,4,13.0333331426,14.891846356169232,1.858513213569232
5954,5,17.4333333969,16.262585163123564,1.170748233776436
5955,3,15.6999998093,15.61805195084868,0.08194785845132024
5956,3,19.0,15.513195661454244,3.486804338545756
5957,1,13.3333333333,14.387705635077818,1.0543723017778177
5958,1,12.7250001431,13.341393066466672,0.6163929233666714
5959,5,12.8666667938,13.166315508176295,0.2996487143762945
5960,3,13.0333333015,15.192779662905068,2.1594463614050667
5961,2,14.5999999046,15.309417259714156,0.7094173551141552
5962,5,16.2000007629,15.311440960437437,0.8885598024625629
5963,1,14.7666667302,14.611000104778268,0.15566662542173226
5964,2,15.6499996185,15.278789252395448,0.3712103661045525
5965,3,16.2000007629,15.091289199983912,1.1087115629160884
5966,5,14.9000000954,15.279919197804123,0.3799191024041235
5967,3,13.1000003815,13.00884563228413,0.0911547492158693
5968,3,14.3999996185,13.853410607481404,0.5465890110185967
5969,3,18.1000003815,16.387442796661976,1.7125575848380237
5970,2,14.4399999619,14.607633532514082,0.16763357061408257
5971,5,13.3000001907,14.73308351075063,1.4330833200506294
5972,1,13.4000000954,13.844991859820702,0.44499176442070265
5973,4,18.25,18.375789294163734,0.1257892941637344
5974,3,16.5,16.01494864102848,0.4850513589715213
5975,5,16.285714422,16.341973719594016,0.05625929759401416
5976,4,17.6999994914,17.30497091476701,0.3950285766329884
5977,5,12.1333332062,13.29044347871482,1.1571102725148208
5978,4,13.9000000954,15.864487858318393,1.9644877629183934
5979,3,15.0428570339,15.734050126797383,0.6911930928973824
5980,1,15.0500001907,14.98410799927456,0.06589219142544067
5981,2,12.3000001907,12.968094369357559,0.668094178657558
5982,3,14.9000000954,15.325831463118142,0.4258313677181427
5983,3,17.7500004768,17.478281750612677,0.2717187261873235
5984,5,12.1999998093,13.493117313790982,1.2931175044909828
5985,2,13.25,13.656914225431887,0.40691422543188693
5986,5,14.6500000954,16.295682539038815,1.6456824436388153
5987,3,12.8499999046,12.932646432521219,0.0826465279212183
5988,5,14.1000003815,13.86041331512135,0.23958706637864857
5989,5,13.7000002861,13.675289099810225,0.024711186289774645
5990,1,14.8666666349,14.286776825189369,0.5798898097106306
5991,4,16.8999996185,16.21096760629412,0.6890320122058817
5992,1,12.4999996821,13.249232129397951,0.7492324472979508
5993,1,13.2166665395,15.093341314980501,1.8766747754805007
5994,3,13.3333333333,13.416089099442063,0.08275576614206237
5995,4,12.8285715921,14.010159907569486,1.1815883154694866
5996,1,13.6333334181,14.869131168583596,1.2357977504835969
5997,5,16.7999992371,14.827705104400714,1.972294132699286
5998,1,16.4555555979,14.369384641279973,2.086170956620025
5999,3,13.5999999046,13.519542615297807,0.08045728930219376
6000,2,12.7000002861,13.385498603496643,0.6854983173966431
6001,1,15.0,14.886173906649734,0.11382609335026572
6002,5,17.0,14.25564980677054,2.74435019322946
6003,4,12.8999996185,13.558051462397705,0.6580518438977041
6004,3,14.7800001144,15.206993388953043,0.4269932745530429
6005,2,14.9749999046,13.670145505685284,1.304854398914717
6006,3,18.1999998093,18.88280600791306,0.6828061986130614
6007,5,14.0999999046,14.395564432941761,0.2955645283417603
6008,3,14.5999999728,14.138071511546414,0.461928461253585
6009,4,17.0571430751,16.68784391385982,0.3692991612401819
6010,3,14.8999996185,15.053671680609392,0.15367206210939166
6011,1,12.9249999523,13.869390641426822,0.9443906891268217
6012,5,13.7800001144,15.13252263017781,1.3525225157778102
6013,1,17.5,15.687755492974023,1.8122445070259765
6014,1,12.9000000954,14.02887554487925,1.128875449479251
6015,5,18.7,18.320936326685835,0.3790636733141639
6016,5,15.6285713741,13.992750107730911,1.6358212663690885
6017,3,14.2444444233,13.689047932496011,0.5553964908039877
6018,1,16.8499994278,16.740504131506224,0.10949529629377608
6019,5,19.0500001907,16.268035992702554,2.7819641979974463
6020,3,14.3999996185,13.731608771706126,0.6683908467938746
6021,3,16.4,16.58904002647107,0.18904002647107276
6022,2,16.4666666985,15.500786223649062,0.9658804748509375
6023,1,13.6000000636,14.187503848031538,0.5875037844315383
6024,5,16.8999996185,16.19975823837183,0.700241380128169
6025,2,14.8000001907,15.423205776823185,0.6232055861231842
6026,4,12.0,12.588183063536066,0.5881830635360661
6027,2,13.4000000954,17.01682046324598,3.616820367845982
6028,5,14.6200000763,15.609171929108157,0.9891718528081572
6029,3,20.3545454199,17.398970075599127,2.955575344300872
6030,2,15.0999999046,15.365908890235465,0.2659089856354644
6031,5,14.0142857688,14.172004621708787,0.1577188529087863
6032,2,16.3999996185,16.677901844863598,0.2779022263635973
6033,4,16.3999996185,15.315111486552873,1.0848881319471282
6034,4,13.8000001907,13.068330086942009,0.7316701037579918
6035,5,19.6400005341,17.95946925869211,1.6805312754078905
6036,5,14.4500002861,16.438470716017836,1.988470429917836
6037,1,17.0999994278,16.123819758617646,0.9761796691823541
6038,5,15.6999998093,14.78427594903794,0.9157238602620588
6039,4,12.066666921,13.255426554263247,1.1887596332632473
6040,4,15.1999998093,15.627255673113408,0.42725586381340896
6041,1,12.75,13.750560942407592,1.000560942407592
6042,5,15.3999996185,14.884407305823695,0.515592312676306
6043,4,18.1333332062,16.939580165422473,1.1937530407775263
6044,2,13.3499999046,13.348448870507411,0.0015510340925892763
6045,3,15.0,13.466520143897903,1.5334798561020975
6046,4,14.1999998093,13.811367039775739,0.3886327695242606
6047,5,16.1333332062,15.568498852564156,0.5648343536358436
6048,4,17.3249998093,16.878816224231986,0.44618358506801314
6049,4,19.0,18.419818051321386,0.5801819486786144
6050,2,13.1999998093,13.525185724867379,0.3251859155673795
6051,2,16.0750005245,15.301463397945074,0.773537126554924
6052,5,18.5500001907,16.79592477157122,1.7540754191287817
6053,3,21.4499998093,18.456126657199764,2.9938731521002353
6054,3,17.5500001907,15.766117953896218,1.783882236803782
6055,4,13.7000002861,14.494389621622599,0.7943893355225988
6056,4,11.9666667514,12.696205418878124,0.7295386674781241
6057,3,12.2000000694,13.599858103515231,1.3998580341152316
6058,2,12.0499999523,13.556332910959362,1.5063329586593621
6059,5,12.2499998808,12.92049899932816,0.6704991185281592
6060,3,15.2375000715,14.895898248571536,0.34160182292846386
6061,1,15.8999996185,15.434282380110053,0.4657172383899475
6062,1,12.4666666985,13.813449861342049,1.3467831628420495
6063,4,13.6999998093,13.830312413454676,0.1303126041546765
6064,1,13.0999997457,15.033543023827297,1.9335432781272974
6065,4,11.7999997139,13.416986379972121,1.6169866660721208
6066,2,19.6499996185,18.546318289646774,1.1036813288532272
6067,2,12.7285713468,13.000046574312996,0.2714752275129957
6068,4,11.6999998093,14.322679901449694,2.622680092149695
6069,1,12.1666666667,14.090620083686975,1.9239534169869756
6070,2,14.7200000763,14.853089354817797,0.13308927851779728
6071,1,17.950000445,14.910751529958862,3.0392489150411386
6072,1,16.3499994278,16.15340429148638,0.19659513631362202
6073,2,15.1333335241,15.369421737668894,0.23608821356889464
6074,2,17.7000001272,17.58548217750743,0.11451794969256923
6075,1,15.1142857415,15.478341637892294,0.3640558963922942
6076,2,13.7000002861,16.56359422566723,2.863593939567231
6077,3,11.5999999046,15.101164172686364,3.501164268086363
6078,5,13.0,13.191288193620272,0.19128819362027194
6079,4,16.1500005722,15.514527957335368,0.6354726148646321
6080,1,17.3500003815,18.374404212789617,1.024403831289618
6081,3,18.4400001526,18.640474409812192,0.2004742572121927
6082,5,14.1999998093,16.627996740382418,2.4279969310824185
6083,1,19.1333332062,16.719973273009323,2.4133599331906765
6084,2,13.8999999364,12.952584944817572,0.9474149915824288
6085,1,21.8999996185,17.808737467032838,4.091262151467163
6086,2,20.2000002861,19.17683159059143,1.02316869550857
6087,3,14.0800001144,13.329190969807161,0.7508091445928393
6088,1,13.1666666667,14.86988224654439,1.7032155798443913
6089,5,13.4285712923,13.233721364226309,0.1948499280736904
6090,5,13.6000003815,15.106356181372481,1.5063557998724821
6091,4,14.9000000954,14.198461771767976,0.7015383236320236
6092,1,13.5,13.376436893208027,0.12356310679197335
6093,4,16.1999994914,15.154610187810395,1.0453893035896051
6094,4,13.0500001907,13.83757851673532,0.7875783260353195
6095,3,16.4999993642,15.30932654831849,1.190672815881511
6096,2,18.2666664124,17.442958077943402,0.8237083344565974
6097,5,14.6333332062,15.376552862690987,0.7432196564909876
6098,1,14.3999996185,13.486420137013297,0.9135794814867033
6099,5,19.1000003815,17.562411408902516,1.537588972597483
6100,4,16.8999996185,18.23076009163343,1.3307604731334308
6101,3,16.1749999523,16.26999290582849,0.09499295352849302
6102,5,13.2000002861,14.84259860515112,1.6425983190511193
6103,3,12.6249997616,13.396186247482207,0.7711864858822075
6104,1,16.8000001907,16.38557264283837,0.4144275478616315
6105,1,13.0499997139,14.118198625328192,1.0681989114281922
6106,3,18.7999992371,19.199417888485634,0.39941865138563415
6107,1,13.75,16.189221691096247,2.4392216910962468
6108,2,13.1000003815,13.685764530114957,0.5857641486149578
6109,1,18.9499998093,19.23679999821,0.28680018891000003
6110,1,17.6000003815,14.051090528351788,3.5489098531482117
6111,4,19.4666665395,18.027822829466448,1.4388437100335523
6112,2,13.5727272901,15.435390677148577,1.8626633870485776
6113,2,18.2000007629,17.12631656246045,1.0736842004395513
6114,1,13.0,14.630454312716298,1.6304543127162976
6115,4,26.0,19.26077089885429,6.73922910114571
6116,5,14.5500001907,15.592039718070106,1.0420395273701057
6117,1,19.2999992371,18.97850014106612,0.32149909603387883
6118,2,18.4000005722,17.391635762334573,1.0083648098654265
6119,1,13.6999998093,13.119878486523037,0.5801213227769626
6120,3,12.9333333969,13.192708947938419,0.2593755510384188
6121,4,18.3857143947,17.621467411937804,0.7642469827621952
6122,5,18.0999997457,17.97375049469832,0.12624925100168127
6123,2,12.6000003815,13.588926802117161,0.9889264206171617
6124,4,12.6000003815,13.376208429758178,0.7762080482581784
6125,3,16.2000007629,15.144797686880436,1.0552030760195645
6126,3,11.7200000763,12.685958347627647,0.9659582713276471
6127,1,19.5,17.486601880457783,2.0133981195422166
6128,3,14.9333333969,15.309317194290688,0.3759837973906883
6129,4,18.1000003815,16.033323610353456,2.0666767711465432
6130,2,14.300000104,13.454475543099178,0.845524560900822
6131,3,17.7999992371,16.504427566440395,1.295571670659605
6132,5,13.8999996185,14.848965847440192,0.9489662289401917
6133,3,13.6000003815,13.396339365373649,0.20366101612635035
6134,1,13.6999998093,13.486645641108462,0.21335416819153785
6135,3,21.0999994278,17.368488340523193,3.7315110872768074
6136,5,13.9000000954,15.196369475370387,1.296369379970388
6137,2,18.2999998728,18.61216453889359,0.31216466609359017
6138,4,18.6624999046,17.256870641756425,1.4056292628435756
6139,4,13.0,13.097679840917792,0.0976798409177917
6140,5,18.1200000763,15.700873387274772,2.4191266890252265
6141,3,14.1000003815,14.037453815052729,0.06254656644727064
6142,4,14.3500003815,14.473527317363132,0.12352693586313279
6143,1,14.6000003815,13.180486850208593,1.4195135312914058
6144,4,17.3000005086,17.35519152420097,0.055191015600968285
6145,1,16.7999998728,16.99003172095556,0.1900318481555594
6146,2,12.5250000954,14.736711564739581,2.2117114693395816
6147,3,17.433333079,14.66772259171243,2.765610487287571
6148,3,15.2250001431,16.632883209480173,1.4078830663801725
6149,3,13.6299998283,15.065532392984196,1.4355325646841948
6150,5,18.5,15.67348995655274,2.8265100434472608
6151,3,11.6499999364,15.006074122713308,3.3560741863133075
6152,1,20.6142856053,17.726175457559652,2.888110147740349
6153,2,16.3624999523,14.740514500704345,1.6219854515956538
6154,5,17.1142858097,17.108676392098374,0.005609417601625921
6155,4,18.6599998474,17.72242730538467,0.9375725420153316
6156,3,11.8333331744,14.057768945278093,2.2244357708780935
6157,1,16.566666921,16.77732901042911,0.21066208942911047
6158,3,14.3666667938,15.84139440935755,1.4747276155575495
6159,1,16.4000005722,15.505529232213645,0.8944713399863549
6160,4,18.2000002861,16.77346980347483,1.4265304826251715
6161,3,20.2999992371,17.481781614245467,2.818217622854533
6162,1,15.8999999364,15.713707288575522,0.1862926478244784
6163,4,13.3000001907,15.670889466285091,2.3708892755850908
6164,5,14.8000001907,14.44550977454761,0.35449041615239096
6165,3,18.133333842,18.190334978762024,0.05700113676202534
6166,5,15.8500003815,15.692644372932364,0.15735600856763554
6167,1,18.0,18.282357600566375,0.2823576005663746
6168,5,17.9400001526,17.674035461328703,0.2659646912712965
6169,3,17.8111110263,15.614966373930802,2.196144652369199
6170,1,16.0499997139,16.70761278704381,0.6576130731438106
6171,4,11.7999997139,13.558231438572548,1.758231724672548
6172,5,14.5333331426,15.980222376121326,1.4468892335213255
6173,4,16.5200000763,17.005312661178063,0.48531258487806284
6174,1,13.3249998093,13.356624391669836,0.031624582369836673
6175,1,13.8999999364,13.915400321738753,0.015400385338752542
6176,2,16.6000003815,16.917002208866236,0.31700182736623717
6177,2,16.0999997457,16.070112893874708,0.029886851825292382
6178,1,16.75,16.472633238141725,0.2773667618582749
6179,2,12.7599998474,13.182104805913998,0.422104958513998
6180,3,13.7999997139,15.686136699348278,1.8861369854482781
6181,1,16.6000003815,16.288957277002474,0.31104310449752504
6182,2,16.5999994278,16.483835886425688,0.11616354137431273
6183,5,17.9799999237,17.624826220568927,0.3551737031310722
6184,5,14.5750000477,14.658113478418272,0.0831134307182726
6185,5,17.3999996185,16.01533964297029,1.3846599755297113
6186,1,16.6500005722,15.784891406534465,0.865109165665535
6187,2,16.179999733,16.637439977666777,0.4574402446667776
6188,2,14.5333334605,15.11311179529513,0.5797783347951295
6189,2,15.3000001907,14.77077220527504,0.52922798542496
6190,5,12.3499999046,13.25413140523919,0.9041315006391901
6191,3,14.2666667302,15.257877183448773,0.9912104532487724
6192,2,16.3799999237,18.364121132878804,1.9841212091788023
6193,2,12.5499999523,14.041521067447766,1.4915211151477656
6194,3,14.2999999523,15.980085816336153,1.680085864036153
6195,3,12.7599999746,12.74809409031593,0.01190588428406869
6196,2,17.0999994278,16.713904161948253,0.3860952658517469
6197,5,18.7666670481,17.567383889352893,1.1992831587471073
6198,4,15.1000003815,15.303730587111055,0.20373020561105548
6199,4,17.4000000954,16.111738664043255,1.2882614313567444
6200,3,13.7000002861,14.414363151460787,0.714362865360787
6201,3,11.6399999619,12.75856612967322,1.1185661677732206
6202,2,12.8499999046,13.759788241807422,0.9097883372074218
6203,1,15.1000003815,14.312974221672958,0.7870261598270414
6204,4,13.1500000954,13.839385514232498,0.689385418832499
6205,1,16.25,15.643167257967036,0.6068327420329638
6206,1,12.9000000954,13.507996355052843,0.6079962596528432
6207,4,12.4666665395,13.324825723598895,0.8581591840988949
6208,2,15.9000000954,15.947597338771848,0.04759724337184856
6209,2,15.0,15.145429457078539,0.1454294570785386
6210,2,12.8499999046,13.25455135978502,0.40455145518502
6211,2,14.1000003815,14.949135071507671,0.8491346900076717
6212,5,16.133333842,15.859740734598788,0.27359310740121145
6213,1,13.5,14.079420276138784,0.5794202761387837
6214,2,16.0500001907,16.13050125195251,0.08050106125250878
6215,3,14.9714287349,14.09697255858614,0.8744561763138599
6216,1,15.0,14.553326454723004,0.44667354527699565
6217,4,17.6499996185,16.3851523573915,1.2648472611084998
6218,4,15.5,16.12022805519922,0.6202280551992203
6219,4,12.1500000954,12.873202356148767,0.7232022607487671
6220,3,17.3500003815,17.10340408906784,0.24659629243215875
6221,2,16.0,16.403276337795873,0.403276337795873
6222,3,16.9499998093,16.386252443776222,0.5637473655237777
6223,3,13.8600000381,14.856061941889287,0.9960619037892862
6224,1,15.6999998093,14.362685734017493,1.3373140752825066
6225,1,8.89999961853,9.718804852611301,0.8188052340813012
6226,4,9.33333333333,9.94574218826421,0.6124088549342108
6227,2,7.59999990463,8.052130609939011,0.45213070530901156
6228,5,8.86666679382,8.796184956370116,0.07048183744988457
6229,5,9.39999961853,9.638151149305713,0.23815153077571338
6230,5,7.5,7.848504923150943,0.3485049231509434
6231,4,9.59999990463,9.131023935317614,0.4689759693123854
6232,2,7.04999995232,7.784888141584991,0.734888189264991
6233,5,9.30000019073,9.707284176426795,0.4072839856967949
6234,1,10.9874998331,9.09379500324538,1.8937048298546202
6235,5,8.73333326976,9.305769761542003,0.5724364917820033
6236,5,10.9142855236,10.27518921284602,0.6390963107539811
6237,2,8.80000019073,9.393017121813758,0.5930169310837581
6238,5,9.65000009537,10.041437648533833,0.3914375531638328
6239,4,8.30000019073,8.797368117358618,0.49736792662861795
6240,2,8.28000011444,8.41614759769352,0.1361474832535201
6241,5,10.3000001907,10.32023979933025,0.020239608630250316
6242,4,10.75,10.73184325040711,0.018156749592890264
6243,3,10.0499998728,10.292773953563497,0.24277408076349616
6244,3,6.90000009537,7.877915404825412,0.9779153094554118
6245,1,9.69999980927,9.978155464948685,0.2781556556786846
6246,4,8.06666660309,8.328404726402601,0.2617381233126004
6247,2,10.0,9.204937986661662,0.7950620133383381
6248,2,9.77999992371,10.202333587737387,0.4223336640273878
6249,1,9.69999980927,9.977113864273354,0.27711405500335395
6250,4,8.39999975477,8.607392732720452,0.20739297795045175
6251,4,7.86666679382,8.256081168980128,0.38941437516012734
6252,1,7.67499995232,7.920575472258279,0.24557551993827875
6253,2,10.3000000545,9.850791484661766,0.449208569838234
6254,5,8.59999990463,8.319693770457006,0.280306134172994
6255,1,10.5999999046,10.369747271559067,0.23025263304093357
6256,4,8.60000038147,9.191136227665007,0.5911358461950069
6257,5,9.0,10.04757952380276,1.04757952380276
6258,1,9.89999961853,10.10520455212218,0.20520493359217973
6259,2,10.9000000954,9.702969416079274,1.1970306793207257
6260,2,8.60000038147,8.928448163067632,0.32844778159763166
6261,4,7.60000014305,8.904683173946754,1.3046830308967543
6262,5,10.7333332698,10.34755430880974,0.38577896099026
6263,4,10.6200000763,10.248087812908812,0.371912263391188
6264,3,9.87999992371,10.054715185871565,0.1747152621615644
6265,5,9.30000019073,9.588880744288872,0.2888805535588723
6266,3,8.10000038147,8.191295898526686,0.09129551705668604
6267,4,6.66666682561,7.887752500114642,1.221085674504642
6268,4,10.8000001907,10.658878959457663,0.14112123124233733
6269,5,6.80000019073,8.477673964508881,1.6776737737788814
6270,3,11.163636381,9.460379715445617,1.7032566655543828
6271,2,11.0,11.260804261605477,0.2608042616054771
6272,5,11.0714285714,9.903857359654648,1.1675712117453525
6273,1,8.60000038147,9.220386363229277,0.6203859817592772
6274,4,10.6000002225,10.448762566356873,0.15123765614312745
6275,1,10.5,10.878174420651401,0.3781744206514013
6276,5,7.69999980927,8.763488948302067,1.0634891390320664
6277,1,9.15000009537,8.303096033925831,0.8469040614441692
6278,5,8.09999990463,8.178277944301097,0.07827803967109759
6279,4,7.90000009537,8.427975743034056,0.5279756476640554
6280,3,7.40000009537,7.862727501424615,0.46272740605461493
6281,4,8.00000015895,8.67022779929558,0.6702276403455798
6282,1,10.3000001907,9.877383933180125,0.4226162575198753
6283,5,8.80000019073,8.518424013039443,0.28157617769055676
6284,5,10.8399997711,10.360577866444522,0.47942190465547796
6285,4,9.09999990463,9.690381468412923,0.5903815637829233
6286,1,10.75,10.869044984520915,0.11904498452091516
6287,5,10.1333332062,10.43433958283997,0.30100637663997
6288,5,8.5,8.751595566980113,0.25159556698011265
6289,3,16.1999999215,13.834030551948029,2.365969369551973
6290,1,15.5999999046,16.200408422818388,0.6004085182183871
6291,1,13.5727272901,13.782192453341462,0.2094651632414628
6292,1,9.75757572868,11.551397486484053,1.7938217578040536
6293,5,11.9700000763,12.757756126418862,0.7877560501188619
6294,5,17.5090907704,16.95891321957416,0.5501775508258397
6295,5,16.6750006676,16.46091738893869,0.2140832786613096
6296,4,12.7777778837,13.750788704802552,0.9730108211025517
6297,4,17.2600000381,16.987257490168005,0.27274254793199404
6298,3,17.9521739794,15.78671248362459,2.1654614957754106
6299,4,12.6261905261,15.400076251578415,2.773885725478415
6300,1,16.5484850334,17.028347546049904,0.4798625126499054
6301,3,17.5142854963,17.00811703688331,0.506168459416692
6302,1,17.5571428935,17.670113764111182,0.11297087061118205
6303,5,16.863636537,16.381821893414553,0.481814643585448
6304,4,8.32200003624,10.371028520573706,2.0490284843337054
6305,5,17.5499997139,17.21350244031054,0.3364972735894618
6306,1,7.54000005722,9.720841665856906,2.1808416086369053
6307,2,16.5,17.11852142102997,0.6185214210299712
6308,3,14.9499998774,16.236823751444543,1.2868238740445435
6309,4,16.2285712787,17.52165267845097,1.293081399750971
6310,2,14.1124999523,14.773966657509979,0.6614667052099783
6311,1,15.1999999682,14.370731641571599,0.8292683266284016
6312,1,16.1555557251,16.43099167340035,0.27543594830034834
6313,5,13.6166666349,14.127350653510485,0.5106840186104851
6314,4,15.0199998856,15.052768543573812,0.032768657973811344
6315,2,13.6266665777,14.228057086488795,0.6013905087887945
6316,5,17.8500003815,17.487011379896696,0.36298900160330305
6317,4,16.6000003815,17.344902214919692,0.7449018334196928
6318,4,12.3749999659,14.28758199241014,1.9125820265101385
6319,2,13.2700000763,13.756585242516957,0.48658516621695647
6320,5,16.7000001272,15.808220340204349,0.8917797869956505
6321,3,17.8999996185,17.573822671753668,0.32617694674633313
6322,2,18.8714284897,16.203886818080836,2.6675416716191656
6323,1,12.3399999619,13.164785421988073,0.8247854600880729
6324,4,11.1785714286,10.944667599000187,0.2339038295998126
6325,3,15.9400001526,12.950837253002007,2.989162899597993
6326,2,15.7428571156,16.107506456088416,0.36464934048841613
6327,5,15.8000000715,15.470937787247355,0.32906228425264494
6328,4,7.56666660309,10.81843041960175,3.25176381651175
6329,3,8.96956526715,9.875665824104244,0.9061005569542449
6330,3,16.9416664441,16.081765364867156,0.859901079232845
6331,5,15.9214285442,15.01857162286643,0.9028569213335693
6332,4,14.3714286259,12.919905282346342,1.4515233435536583
6333,2,15.4846153259,15.96135474734974,0.47673942144973935
6334,2,9.28461536994,10.348849255462843,1.0642338855228441
6335,4,16.3124997616,15.480187083717867,0.8323126778821344
6336,4,16.0333332062,17.31005832290824,1.276725116708242
6337,4,14.7259259401,14.078187097442994,0.6477388426570059
6338,2,18.9250001907,17.88424234406912,1.040757846630882
6339,2,14.1333332062,14.331460384027002,0.1981271778270024
6340,4,12.650000155,12.289627620513544,0.3603725344864568
6341,1,14.5666667091,15.537281102601051,0.9706143935010516
6342,5,15.9380530973,13.275224609035657,2.662828488264342
6343,1,16.2153847034,15.737997700673601,0.47738700272640067
6344,4,13.5897959106,15.129932161608131,1.540136251008132
6345,2,15.2399999619,15.532648662001927,0.29264870010192645
6346,1,13.0411764594,13.840449643540703,0.7992731841407021
6347,1,13.0142856325,12.862842802895138,0.15144282960486244
6348,3,13.4344827718,14.695305362845877,1.2608225910458764
6349,3,16.4499998093,15.415195782251413,1.0348040270485868
6350,4,14.9333333969,15.099454229399562,0.166120832499562
6351,3,16.4666665395,15.980525324474296,0.48614121502570384
6352,4,11.1526315589,12.371768266790184,1.2191367078901845
6353,5,16.4749999046,16.313394210195767,0.16160569440423345
6354,4,18.0295454047,12.838194949271967,5.191350455428031
6355,3,10.1000000636,10.86308681536458,0.7630867517645807
6356,5,14.8000001907,13.956151509976841,0.8438486807231591
6357,1,7.45000004768,8.864590427951068,1.4145903802710684
6358,4,10.9500000043,13.513901096014225,2.563901091714225
6359,5,16.4000002543,16.220668197881746,0.17933205641825367
6360,3,17.1947366815,15.67648040213604,1.5182562793639605
6361,4,9.55128210019,12.910756654456385,3.3594745542663844
6362,4,16.1799999237,16.399469205109355,0.2194692814093564
6363,1,14.7043478593,14.58746209620207,0.11688576309792964
6364,3,15.600000109,15.04806229626215,0.5519378127378491
6365,3,12.2033334414,12.846485837169867,0.6431523957698673
6366,2,15.5111109416,14.214543634194737,1.2965673074052635
6367,4,17.4375,17.273796450063315,0.16370354993668457
6368,5,10.4730770405,11.33159608823882,0.8585190477388203
6369,2,16.0499999523,16.87867685394482,0.8286769016448225
6370,4,15.1666665077,16.392977030930094,1.2263105232300937
6371,5,14.75,14.122293447057126,0.6277065529428736
6372,1,10.2200000286,11.711914084287292,1.4919140556872925
6373,3,8.84999998411,9.736273139365096,0.8862731552550969
6374,5,14.4666665395,13.080559406254135,1.386107133245865
6375,3,13.6388890478,14.177729475991121,0.5388404281911221
6376,5,14.7818181731,15.690502058594507,0.9086838854945078
6377,1,15.3999999364,15.905252916108235,0.505252979708235
6378,3,10.4846153993,12.892667367408933,2.408051968108932
6379,3,14.8899999619,15.095011153094143,0.2050111911941439
6380,1,10.0442105544,9.927786934640737,0.11642361975926185
6381,4,17.0583333174,16.93299135421337,0.12534196318662794
6382,3,14.1000000106,14.773208140728997,0.6732081301289963
6383,1,12.251162773,13.082032521175135,0.8308697481751341
6384,1,16.3999998093,16.01712129876084,0.38287851053915745
6385,2,10.658333381,11.453180268621463,0.7948468876214623
6386,1,17.0285714013,16.422415879394077,0.6061555219059223
6387,2,18.5870587181,16.37075728275854,2.2163014353414603
6388,1,8.34285715648,9.06602224149956,0.723165085019561
6389,2,9.86000002081,13.027145269711706,3.167145248901706
6390,2,9.56666660309,10.949116525769751,1.3824499226797506
6391,3,13.8108108366,14.428913047856259,0.6181022112562591
6392,2,17.0250000954,17.425255305346067,0.4002552099460672
6393,2,15.4000000954,15.395910007262414,0.004090088137585823
6394,3,14.4249999523,14.21061686111296,0.2143830911870399
6395,4,12.3166666031,14.592198126533809,2.275531523433809
6396,5,17.0,16.64440358144862,0.3555964185513787
6397,4,8.98333326976,17.54995246075882,8.566619190998821
6398,2,14.4857143675,15.385768309643366,0.9000539421433658
6399,3,11.2215685938,13.205768387532459,1.9841997937324578
6400,1,17.7000007629,17.534298151081163,0.16570261181883694
6401,4,14.0758620295,14.973296405457253,0.8974343759572534
6402,5,17.7400000254,17.12425715899856,0.6157428664014404
6403,3,13.5399999619,14.014702370066894,0.4747024081668947
6404,4,15.4629629276,14.584133736007121,0.8788291915928781
6405,3,11.7866666794,12.239554530531587,0.452887851131587
6406,5,11.1600002289,14.635480145804804,3.4754799169048045
6407,1,16.0999994278,17.34151787175354,1.241518443953538
6408,1,17.1181815754,15.664850948963467,1.453330626436534
6409,4,9.54999992583,10.494226687031937,0.9442267612019357
6410,4,16.9666671753,17.23949571122221,0.272828535922212
6411,4,11.7583334446,12.662554553034003,0.9042211084340028
6412,1,18.2333329519,17.72179961632111,0.5115333355788891
6413,5,11.633333297,11.166278069115888,0.4670552278841118
6414,1,11.4200000763,12.404379052694184,0.9843789763941846
6415,1,16.433333079,16.965616552532154,0.5322834735321536
6416,4,12.2714283807,11.711991261584538,0.5594371191154615
6417,1,14.9749999046,14.659274777825589,0.3157251267744119
6418,3,8.03888903724,10.093389796822624,2.0545007595826235
6419,4,8.21250009537,9.703840439121285,1.4913403437512844
6420,5,11.5428571701,11.51046367684167,0.03239349325832919
6421,1,13.6739130435,13.818906146174996,0.1449931026749951
6422,2,15.9111111959,15.942155297143755,0.03104410124375434
6423,2,14.2666665713,15.216283803367864,0.9496172320678635
6424,3,14.3285713196,15.401410709561151,1.0728393899611515
6425,3,16.0699997902,16.351756340485814,0.28175655028581303
6426,4,17.4375,17.04390737395423,0.39359262604576983
6427,2,7.689899,15.4816847601001,7.7917857601001
6428,1,16.217949,15.993086693070365,0.22486230692963538
6429,1,11.115,11.067670456151975,0.04732954384802568
6430,5,10.590196,15.568357922813881,4.9781619228138805
6431,1,18.673585,19.520089518033938,0.8465045180339388
6432,4,22.778571,19.357674448355954,3.420896551644045
6433,3,11.245455,10.180252788020276,1.0652022119797238
6434,2,23.283784,22.157655926020997,1.1261280739790038
6435,1,4.693548,12.386275310405662,7.692727310405662
6436,1,12.308,20.058970765281725,7.750970765281725
6437,3,17.67284,16.30299011639606,1.3698498836039406
6438,2,20.662745,12.214420824614576,8.448324175385425
6439,5,26.862162,22.533945896646674,4.328216103353327
6440,2,64.528289,43.5409223433031,20.9873666566969
6441,5,69.340141,48.24322202770888,21.09691897229112
6442,1,38.056897,39.335066682918665,1.2781696829186657
6443,2,52.251579,40.33707263853504,11.914506361464959
6444,1,46.932051,38.60698549578772,8.325065504212283
6445,4,66.758382,50.74722148779283,16.01116051220717
6446,5,41.701299,36.786934656567894,4.914364343432105
6447,3,34.709375,37.29437938502515,2.585004385025151
6448,3,52.242857,40.68552234643001,11.557334653569988
6449,2,27.943857,18.2905836395249,9.6532733604751
6450,4,26.762905,24.059089600338332,2.703815399661668
6451,4,32.295474,17.42282681837003,14.872647181629969
6452,1,11.831746,20.83057820094098,8.99883220094098
6453,3,13.787131,25.806757847802135,12.019626847802135
6454,3,11.902041,25.49780325126669,13.595762251266688
6455,3,17.513793,23.03089686483816,5.517103864838159
6456,5,14.685083,24.86124787308476,10.17616487308476
6457,5,2.557407,9.38159525244083,6.82418825244083
6458,2,6.196532,18.41672556884953,12.220193568849528
6459,1,3.697043,14.697028971600576,10.999985971600577
6460,4,3.869635,8.6795964002704,4.809961400270399
6461,2,13.583871,18.48378318451117,4.899912184511171
6462,2,3.59494,10.993695986403571,7.398755986403572
6463,1,14.847845,15.308636814795905,0.4607918147959058
6464,3,38.934483,41.413473759158904,2.478990759158904
6465,4,39.48,46.200402001975434,6.720402001975437
6466,2,40.266667,33.91805649181808,6.34861050818192
6467,5,29.528,28.889032654241934,0.6389673457580649
6468,4,26.978571,32.909791327467,5.931220327466999
6469,5,28.124242,32.295156736743245,4.170914736743246
6470,2,29.223077,26.75609632175397,2.4669806782460313
6471,5,25.725,23.37852786681039,2.346472133189611
6472,3,22.965218,26.78506679190459,3.8198487919045903
6473,1,29.353333,28.922476070371047,0.43085692962895195
6474,4,27.508333,28.45983151876634,0.9514985187663392
6475,1,20.121429,27.04821879764483,6.92678979764483
6476,4,24.3375,28.90892327626899,4.571423276268991
6477,5,21.317647,28.513910335991834,7.1962633359918335
6478,2,41.406667,31.359111189202405,10.047555810797594
6479,2,35.40625,29.125801487296922,6.280448512703078
6480,3,38.727273,31.764019186602514,6.963253813397483
6481,4,32.266667,25.889192339608243,6.377474660391755
6482,1,40.428571,31.637825060418052,8.790745939581946
6483,4,40.646154,32.72883108070303,7.917322919296971
6484,5,41.974999,37.45827599081545,4.516723009184545
6485,1,23.55,26.502758958867265,2.952758958867264
6486,2,42.147058,31.673785170528443,10.473272829471558
6487,3,24.435714,25.7096325097983,1.2739185097982997
6488,5,22.255555,28.42422193221055,6.168666932210549
6489,2,21.166666,25.391506081601847,4.224840081601847
6490,5,20.646667,25.903467035474424,5.2568000354744235
6491,1,22.7,26.519541370027778,3.8195413700277783
6492,3,22.145454,26.760153880289057,4.614699880289056
6493,5,61.783332,40.746879292252785,21.036452707747216
6494,2,56.37647,40.523032106879675,15.853437893120322
6495,1,45.142857,35.57200566115708,9.570851338842921
6496,2,62.925,42.15164449465471,20.773355505345286
6497,3,59.025,46.090230213985436,12.934769786014563
6498,3,61.76,43.94590482557605,17.814095174423947
6499,2,66.349998,42.296678408702334,24.053319591297665
6500,2,31.842857,29.222242160364647,2.6206148396353512
6501,3,29.934615,41.4672605038161,11.532645503816099
6502,3,26.623106,45.41669553585649,18.79358953585649
6503,1,21.927309,39.3197564700774,17.3924474700774
6504,1,28.792857,32.56653630546787,3.7736793054678692
6505,1,30.269231,41.44936916620323,11.180138166203232
6506,5,43.920588,35.116660493362424,8.803927506637578
6507,3,32.616927,27.056917595508093,5.560009404491904
6508,1,39.568613,32.9344040733847,6.634208926615301
6509,4,51.931646,25.038102097638177,26.893543902361824
6510,3,44.310457,34.02464925513361,10.28580774486639
6511,4,53.881219,30.747376783252445,23.133842216747556
6512,3,42.166862,41.20786151015779,0.9590004898422109
6513,4,56.464806,46.06432921197032,10.400476788029685
6514,5,42.811538,47.72654864928491,4.915010649284909
6515,1,27.295652,28.659209782324155,1.363557782324154
6516,4,23.360606,29.796040286679883,6.435434286679882
6517,2,29.3,24.922621466182548,4.377378533817453
6518,1,25.073684,27.967389658857154,2.8937056588571544
6519,4,25.615517,22.68993081635881,2.9255861836411903
6520,2,24.50625,24.127340417386886,0.37890958261311525
6521,3,24.04,24.945314007678395,0.9053140076783954
6522,3,25.46,23.66902296196096,1.790977038039042
6523,4,24.305085,41.99487857105417,17.689793571054174
6524,3,26.09375,22.95222436787942,3.1415256321205796
6525,5,19.124,34.28412085346627,15.160120853466271
6526,1,20.689394,24.133226641071094,3.4438326410710935
6527,5,24.192857,25.318544383006856,1.1256873830068557
6528,5,24.77027,32.638837463111706,7.868567463111706
6529,3,20.76129,23.560301777294132,2.799011777294133
6530,5,28.4,26.704878352387183,1.6951216476128153
6531,4,26.425926,42.62150519894975,16.195579198949748
6532,1,26.666071,27.230122755295206,0.5640517552952069
6533,3,28.415254,30.712507994104495,2.2972539941044943
6534,4,29.165,29.516920678828864,0.3519206788288649
6535,1,24.779167,33.22048662373479,8.441319623734792
6536,1,25.711111,25.63536768905089,0.07574331094910747
6537,1,21.468182,24.93416219122346,3.465980191223462
6538,4,23.178947,27.691227220542476,4.5122802205424755
6539,4,22.609677,27.07315447701739,4.463477477017388
6540,5,27.052381,27.629289827192448,0.5769088271924474
6541,5,25.88,36.57764326416431,10.69764326416431
6542,5,26.592,29.219991983572775,2.6279919835727767
6543,3,24.276596,34.777249288824734,10.500653288824733
6544,5,26.190476,34.2720397835294,8.0815637835294
6545,3,23.692,28.750053027667086,5.058053027667086
6546,5,27.235294,25.83221841412016,1.40307558587984
6547,4,47.0,27.4108320752616,19.5891679247384
6548,5,48.2,43.34603213242332,4.853967867576685
6549,5,49.291304,33.48667403646891,15.804629963531085
6550,3,50.200001,39.37266867186574,10.827332328134261
6551,2,45.5,31.41490739894118,14.085092601058822
6552,1,44.786667,40.042791342227474,4.743875657772527
6553,3,47.599998,35.48191328419448,12.118084715805516
6554,2,21.825,31.11355426729812,9.288554267298121
6555,4,18.885027,25.48246465475744,6.597437654757439
6556,2,38.599998,19.024165384485684,19.575832615514315
6557,3,25.153704,40.66219146948411,15.508487469484106
6558,2,36.925,30.863347681480153,6.061652318519844
6559,1,39.900002,42.95486958642858,3.0548675864285784
6560,1,27.433333,45.814617435939816,18.381284435939815
6561,2,33.644,35.1681510499048,1.5241510499048019
6562,2,60.816667,42.16865261521348,18.64801438478652
6563,5,57.4,38.574868819363104,18.825131180636895
6564,4,57.400002,45.88852923141069,11.511472768589307
6565,5,60.299999,44.35067689898185,15.949322101018147
6566,4,53.650001,34.031443879038065,19.61855712096194
6567,1,59.821429,49.10770236792992,10.713726632070085
6568,3,37.288,50.38356666750927,13.095566667509274
6569,3,53.36,29.617686708120747,23.742313291879253
6570,5,60.733333,49.90361518276388,10.829717817236123
6571,1,55.3,47.429219398099896,7.870780601900101
6572,1,58.5,45.74444246201916,12.755557537980842
6573,5,54.14,46.36550043997821,7.774499560021788
6574,4,55.25,48.8536750461938,6.3963249538062
6575,1,50.337499,49.38103871167659,0.956460288323413
6576,3,47.964706,47.89862624398651,0.0660797560134867
6577,2,57.599998,52.224696406490025,5.375301593509974
6578,3,58.550001,47.49268723343202,11.05731376656798
6579,4,58.466667,46.077818142983496,12.388848857016505
6580,3,53.188889,51.0377125988995,2.1511764011005
6581,4,39.942857,53.373997926875674,13.431140926875678
6582,4,33.1,36.69733388604165,3.597333886041646
6583,4,27.244,35.984273741349234,8.740273741349235
6584,3,52.414285,29.61152466324009,22.80276033675991
6585,5,61.371429,48.583196661466275,12.788232338533724
6586,2,22.178788,48.3400756646343,26.161287664634298
6587,4,23.737037,28.565689993574555,4.828652993574554
6588,5,20.534884,27.94338262046951,7.4084986204695085
6589,4,21.5,24.785683329792928,3.2856833297929278
6590,2,22.237255,27.85121064368323,5.61395564368323
6591,4,30.873077,23.319867563945774,7.553209436054225
6592,2,22.063333,37.14281239299271,15.07947939299271
6593,4,38.241666,19.30065980617349,18.941006193826514
6594,1,49.033333,41.126549316159945,7.906783683840054
6595,3,41.3,35.10171506069639,6.198284939303605
6596,2,26.319048,43.11727513041068,16.798227130410684
6597,3,38.81,29.071287015218246,9.738712984781756
6598,3,30.044445,30.72076809646828,0.6763230964682805
6599,4,25.364,34.9034779090924,9.539477909092401
6600,5,32.4,21.33005508669487,11.069944913305129
6601,3,41.9,43.68882923910189,1.7888292391018936
6602,5,24.323529,34.80185636394255,10.478327363942547
6603,4,26.700001,30.513399846278443,3.8133988462784423
6604,2,27.471428,33.12523366049004,5.65380566049004
6605,1,26.275,33.11257422321169,6.837574223211689
6606,2,26.466667,46.252151584824716,19.785484584824715
6607,2,34.507142,32.501737577567475,2.0054044224325267
6608,3,46.625001,36.81507741804698,9.809923581953015
6609,5,48.772727,38.80853322747419,9.96419377252581
6610,5,38.580953,39.74017773227117,1.15922473227117
6611,1,46.200001,39.53891437769403,6.661086622305973
6612,5,38.575,34.51383497853174,4.061165021468263
6613,2,27.108695,35.62814635084397,8.519451350843969
6614,5,26.91875,28.648077837071686,1.7293278370716862
6615,4,38.788889,34.707324552716955,4.081564447283043
6616,5,41.5,31.731839800414,9.768160199586
6617,5,43.163636,33.67500234629301,9.488633653706984
6618,3,47.409091,39.15473167548348,8.254359324516514
6619,5,31.8,35.74288981209592,3.942889812095917
6620,1,25.5,32.04019803464353,6.540198034643531
6621,3,28.311429,30.58594165245011,2.2745126524501096
6622,4,25.448572,30.28126327371394,4.832691273713941
6623,4,32.925,27.257249253016173,5.667750746983824
6624,2,30.133334,36.66645412148942,6.5331201214894215
6625,2,33.066666,27.666005593810944,5.400660406189054
6626,4,37.4,38.852100323705876,1.4521003237058778
6627,3,26.422581,43.243465202455674,16.820884202455673
6628,4,25.590322,28.79407144728065,3.20374944728065
6629,4,22.37931,29.345873374843887,6.966563374843886
6630,3,26.5,27.677222699859122,1.1772226998591222
6631,1,24.508696,28.792556680557517,4.283860680557517
6632,2,25.1625,27.12336872536378,1.9608687253637775
6633,4,18.637037,29.88846629965411,11.25142929965411
6634,2,21.75,26.263308696919996,4.513308696919996
6635,5,50.966667,26.61338130873479,24.35328569126521
6636,3,52.199999,39.08119593030422,13.11880306969578
6637,3,51.885714,39.31224237562597,12.57347162437403
6638,5,47.02,40.105909331380246,6.914090668619757
6639,3,48.98,38.287208085533045,10.692791914466952
6640,5,46.0875,45.03244860461111,1.0550513953888867
6641,1,54.381818,34.09234706049871,20.289470939501292
6642,4,25.759524,33.25628638261054,7.496762382610541
6643,4,26.39661,25.781118563157765,0.615491436842234
6644,5,21.801539,26.35601575582958,4.554476755829583
6645,5,51.875,24.144987428137576,27.730012571862424
6646,4,49.75625,33.794414568297086,15.961835431702916
6647,2,51.8625,47.77615281749932,4.086347182500674
6648,2,48.199999,47.82555618706208,0.3744428129379216
6649,1,57.414286,33.28389365566074,24.130392344339256
6650,3,47.095653,50.099139278063774,3.003486278063775
6651,1,47.950001,43.60394643223615,4.346054567763851
6652,5,50.616667,39.22414610569577,11.392520894304226
6653,4,52.344445,35.615298139910706,16.729146860089294
6654,1,61.354546,43.60510496819904,17.749441031800956
6655,5,62.1,41.29034677449205,20.80965322550795
6656,5,51.95,36.647443807939815,15.302556192060187
6657,3,54.561538,47.06154702797217,7.499990972027831
6658,2,48.47,43.24519284296496,5.224807157035038
6659,4,51.549999,47.92406247537434,3.625936524625658
6660,3,2.935652,47.30369572457936,44.368043724579366
6661,3,1.669136,43.57092299067672,41.90178699067672
6662,3,2.068421,16.09025631796661,14.021835317966609
6663,2,1.868224,16.38049782830264,14.512273828302641
6664,2,1.302632,18.502993085634326,17.200361085634327
6665,5,2.019298,26.665202452434894,24.645904452434895
6666,1,1.689844,12.092489589931251,10.40264558993125
6667,5,1.495238,29.88717729337548,28.39193929337548
6668,5,2.162338,30.324708107209858,28.16237010720986
6669,2,4.278704,16.11362037085396,11.834916370853957
6670,3,4.409174,15.665781673687288,11.256607673687288
6671,2,39.871111,18.173050196519146,21.698060803480853
6672,2,33.103093,12.420354787844712,20.68273821215529
6673,1,37.490385,19.260215162115664,18.23016983788434
6674,5,33.535051,25.655649083004615,7.879401916995388
6675,5,33.07757,23.68255232349657,9.395017676503432
6676,2,27.329252,26.358519683150558,0.9707323168494426
6677,5,26.771354,29.999042457411864,3.2276884574118654
6678,3,45.044444,30.4633748844889,14.581069115511099
6679,1,40.673913,36.20551506622873,4.468397933771271
6680,4,41.1,33.96974140659988,7.1302585934001215
6681,2,41.22,43.47485865581478,2.254858655814779
6682,3,40.633334,41.605571199734776,0.9722371997347778
6683,4,30.897059,29.028771823986784,1.8682871760132151
6684,1,34.192308,39.232309803894545,5.0400018038945475
6685,3,43.550001,33.242621582391486,10.307379417608516
6686,3,41.347619,35.32101733912833,6.02660166087167
6687,4,45.433333,34.599094562457,10.834238437543
6688,3,43.323076,34.76245761418521,8.560618385814792
6689,4,44.975,36.53603429003641,8.43896570996359
6690,3,45.5,39.64564198381217,5.854358016187831
6691,3,41.440001,34.86158506944314,6.578415930556865
6692,4,34.356322,43.5590473706852,9.2027253706852
6693,3,35.130303,33.96013818666866,1.1701648133313398
6694,5,33.303448,37.19551954606213,3.8920715460621267
6695,2,38.256604,33.46035764070041,4.7962463592995945
6696,4,39.468421,33.47573153930103,5.992689460698969
6697,2,38.985714,32.05771687644179,6.927997123558214
6698,2,45.0,40.216625258591264,4.7833747414087355
6699,3,43.776923,43.273599705687154,0.5033232943128425
6700,1,44.299999,45.282863845416706,0.9828648454167066
6701,4,46.099998,42.01191895108388,4.088079048916121
6702,3,31.897826,45.251859907519176,13.354033907519177
6703,3,37.44,35.90961534798708,1.5303846520129198
6704,5,38.909091,28.767000209139557,10.14209079086044
6705,1,42.799999,38.64702565559528,4.152973344404721
6706,2,29.67,37.072531766880985,7.402531766880983
6707,4,45.199999,37.12932579390291,8.07067320609709
6708,4,38.863637,37.23162134857337,1.6320156514266273
6709,5,41.116667,37.78274334057235,3.333923659427647
6710,4,30.428572,31.46571847201122,1.0371464720112193
6711,4,40.569231,38.724092786240476,1.845138213759526
6712,1,37.868,28.46112742870225,9.40687257129775
6713,3,40.11,30.25763589266999,9.852364107330008
6714,2,38.158824,25.358725240713483,12.80009875928652
6715,3,41.221428,29.538163411468904,11.683264588531099
6716,4,29.67551,31.177192586836014,1.501682586836015
6717,3,29.136957,37.37090754777647,8.23395054777647
6718,4,27.107407,30.87048427683717,3.7630772768371727
6719,3,28.295833,30.570825044189277,2.274992044189279
6720,2,26.16875,32.87572205550596,6.706972055505961
6721,5,30.9,30.627933511345272,0.27206648865472616
6722,5,31.45,34.4078650883956,2.9578650883956037
6723,2,26.333333,30.481981944354516,4.148648944354516
6724,1,24.278571,37.87802030541709,13.599449305417089
6725,3,29.200001,36.50324314399355,7.30324214399355
6726,3,29.284615,34.753580453543556,5.468965453543557
6727,1,27.36,35.483884685462314,8.123884685462315
6728,2,20.8,26.831197056796295,6.0311970567962945
6729,1,30.775,34.391792521827384,3.616792521827385
6730,2,32.814286,28.179992722289697,4.634293277710306
6731,5,29.8,34.676045790746194,4.876045790746193
6732,5,22.05,26.50599692622685,4.455996926226849
6733,2,27.508334,34.56238868709,7.054054687089998
6734,3,27.563158,26.69125435017493,0.8719036498250716
6735,3,27.778948,38.511792214767475,10.732844214767475
6736,5,24.3375,34.65954488405161,10.322044884051614
6737,5,43.700001,29.548280446197083,14.151720553802917
6738,5,31.2,29.012493116236104,2.187506883763895
6739,3,29.983333,36.47863126938156,6.495298269381561
6740,2,28.607692,36.82842813603109,8.220736136031093
6741,1,44.400002,34.46411265675659,9.93588934324341
6742,2,34.388889,39.179360490767195,4.790471490767196
6743,3,41.299999,36.39622688991598,4.90377211008402
6744,4,37.16,34.73560533627582,2.424394663724179
6745,3,31.385714,34.67781745263228,3.2921034526322828
6746,2,32.6,33.907697174843904,1.3076971748439021
6747,1,40.075001,39.105173731378976,0.9698272686210245
6748,5,43.5,36.62996492029358,6.870035079706419
6749,4,37.87,33.470822743042895,4.399177256957103
6750,1,37.200001,31.7440979344742,5.455903065525799
6751,4,42.700001,36.54125238435079,6.158748615649209
6752,2,42.82,33.84849247735186,8.971507522648139
6753,2,37.95,35.41026901845291,2.5397309815470948
6754,3,31.727273,33.556640823859134,1.8293678238591333
6755,2,39.5,34.699304642105815,4.800695357894185
6756,3,26.104651,35.281544979669114,9.176893979669114
6757,2,19.1,35.28991387979747,16.189913879797466
6758,2,26.836842,34.78207696574404,7.945234965744039
6759,1,20.371186,20.24678092596901,0.12440507403099232
6760,2,25.067647,31.621816309993307,6.554169309993306
6761,3,25.569231,24.44241526581988,1.12681573418012
6762,2,29.3,33.531268583579354,4.231268583579354
6763,4,32.833334,26.706946534654083,6.126387465345918
6764,5,17.183,31.98387538741472,14.80087538741472
6765,2,29.269697,40.77034227111769,11.50064527111769
6766,5,26.849999,24.088284988184952,2.761714011815048
6767,5,31.190625,28.232973789645396,2.957651210354605
6768,2,32.886363,28.802503854228846,4.083859145771157
6769,2,30.383334,32.812411039030664,2.4290770390306626
6770,5,24.841667,34.55065627212633,9.708989272126331
6771,4,15.331333,33.15387091003333,17.822537910033333
6772,2,23.520879,29.130638322198386,5.609759322198386
6773,4,15.130974,27.271263860096855,12.140289860096855
6774,4,12.868571,27.11918730168557,14.250616301685572
6775,1,25.825,35.09447303095318,9.269473030953183
6776,5,25.032432,27.02420629307011,1.9917742930701117
6777,5,14.558019,38.97210559079826,24.414086590798256
6778,1,14.043478,32.271215374708476,18.227737374708475
6779,1,27.195349,26.65970076580916,0.5356482341908411
6780,5,21.345763,27.462268741526678,6.116505741526677
6781,3,18.974803,26.95943956856958,7.984636568569577
6782,3,28.06,35.1380277938667,7.078027793866699
6783,5,26.133333,27.135198890961206,1.0018658909612057
6784,3,28.113636,38.24565669922551,10.132020699225514
6785,3,27.371428,23.665987028056275,3.7054409719437267
6786,2,26.87,26.423719056456335,0.4462809435436661
6787,5,27.46,27.752357653271392,0.2923576532713916
6788,4,27.128571,26.708147133082285,0.4204238669177158
6789,4,25.433333,28.152023602461306,2.7186906024613045
6790,2,42.510345,33.58683523998214,8.923509760017858
6791,3,42.010527,23.9703293069438,18.040197693056204
6792,3,40.33077,27.94103779353467,12.389732206465332
6793,5,42.949999,34.338063226638894,8.611935773361104
6794,2,39.022727,29.459975439752654,9.56275156024735
6795,2,36.95,39.03409482064045,2.084094820640445
6796,4,40.46875,27.124652930745537,13.344097069254463
6797,4,41.094117,30.929058318009393,10.165058681990605
6798,1,18.2575,33.74806968228837,15.490569682288367
6799,5,15.55,30.066151694273966,14.516151694273965
6800,2,18.805714,23.135757849548252,4.330043849548254
6801,5,16.757143,25.69207453203393,8.934931532033932
6802,1,17.561111,32.79700425660579,15.235893256605788
6803,4,20.123529,22.996027700739376,2.8724987007393743
6804,4,16.379167,26.336875472986264,9.957708472986265
6805,1,16.335294,21.344401893825008,5.009107893825007
6806,5,16.026316,24.88588801317345,8.859572013173448
6807,5,19.694118,26.036938317630923,6.342820317630924
6808,2,36.620834,25.077654658791648,11.543179341208354
6809,5,34.97,34.99646284847351,0.0264628484735141
6810,1,36.070001,35.35076209662515,0.7192389033748512
6811,4,33.394737,32.1955436230807,1.1991933769192968
6812,5,39.32,30.820485250285056,8.499514749714944
6813,5,25.3075,37.34770909997687,12.040209099976867
6814,2,31.689743,35.45713074505168,3.7673877450516784
6815,4,17.919048,24.074701460632223,6.155653460632223
6816,4,17.4375,26.630749249619704,9.193249249619704
6817,1,16.390909,22.43689318102909,6.045984181029091
6818,2,15.604762,32.43968963688611,16.834927636886107
6819,5,15.38,24.820207726987615,9.440207726987614
6820,3,18.3,21.01078660326304,2.7107866032630383
6821,3,20.485714,24.070842876211433,3.5851288762114315
6822,1,18.604762,23.873846821878303,5.269084821878302
6823,4,16.652381,22.32778753931579,5.675406539315791
6824,3,17.54375,22.85194436325201,5.30819436325201
6825,1,18.311539,26.571018607227014,8.259479607227014
6826,1,17.3575,25.949646158558195,8.592146158558194
6827,1,30.866666,26.91483842866787,3.951827571332128
6828,2,34.36,27.013260730040997,7.346739269959002
6829,3,34.405882,34.77547889313276,0.36959689313275845
6830,1,34.674999,33.43474719806545,1.2402518019345479
6831,3,33.98,34.37398645857674,0.39398645857674097
6832,3,34.228947,40.51175260499536,6.28280560499536
6833,5,32.279487,30.256546275157397,2.0229407248426057
6834,1,26.066667,31.995310277162723,5.928643277162724
6835,1,23.847143,30.89210528382804,7.044962283828042
6836,2,25.016667,31.157216646226843,6.140549646226841
6837,4,30.146809,20.61165876480842,9.53515023519158
6838,4,33.203333,26.470962235099343,6.732370764900658
6839,2,31.082353,27.74080691398225,3.3415460860177504
6840,1,28.527273,29.66317430409415,1.1359013040941477
6841,4,30.309091,36.51213847107737,6.203047471077372
6842,3,27.667857,28.593160839772118,0.9253038397721163
6843,1,27.038889,31.374140672220236,4.3352516722202346
6844,1,28.15,26.358303026081998,1.7916969739180004
6845,3,28.955556,32.98888501653699,4.033329016536989
6846,4,27.64,41.58760643667791,13.947606436677908
6847,1,12.447381,35.69437542271889,23.246994422718892
6848,2,11.612551,28.07607026526522,16.46351926526522
6849,1,11.796791,25.98134512448255,14.18455412448255
6850,1,35.709091,26.396696605115547,9.312394394884453
6851,2,28.038596,26.32736381091726,1.7112321890827396
6852,5,24.144928,39.24515934639418,15.100231346394182
6853,1,28.1,27.215452685398063,0.8845473146019387
6854,3,27.971428,26.588466664333435,1.3829613356665647
6855,4,34.650002,43.65232923490215,9.002327234902147
6856,3,29.618182,42.048447428493404,12.430265428493403
6857,3,35.511765,44.362637087320834,8.850872087320838
6858,1,31.639131,29.186612607875656,2.452518392124343
6859,4,39.425,27.15357446716533,12.271425532834666
6860,1,26.763158,26.46020399211755,0.30295400788245175
6861,1,39.675,31.276679531494057,8.39832046850594
6862,1,37.58,30.748277716848296,6.831722283151702
6863,5,30.461538,36.998779463236126,6.537241463236125
6864,4,30.800001,37.41942202737433,6.6194210273743295
6865,3,32.452381,32.231897547051595,0.22048345294840743
6866,1,37.066667,27.445442727281346,9.621224272718656
6867,1,54.385714,41.0374770406647,13.348236959335303
6868,4,50.783333,44.73661813275525,6.046714867244752
6869,5,54.2,40.31720483344444,13.88279516655556
6870,2,52.925,43.81075835971757,9.11424164028243
6871,4,51.375,36.955246022472615,14.419753977527385
6872,1,53.97,41.29644930987038,12.673550690129616
6873,5,56.666666,37.67798833140076,18.988677668599237
6874,2,49.1,38.885842478767884,10.214157521232117
6875,2,53.9,36.29984360033471,17.600156399665288
6876,2,54.157143,38.33883604904298,15.818306950957016
6877,1,56.122222,39.15978143188018,16.962440568119824
6878,3,11.226087,42.52123406529299,31.295147065292987
6879,1,15.578378,39.02910984493305,23.450731844933053
6880,1,12.239048,22.73420708200664,10.49515908200664
6881,5,24.75641,27.872022622418232,3.115612622418233
6882,5,27.768966,24.77084996363226,2.9981160363677404
6883,2,26.027273,28.291889716197964,2.2646167161979633
6884,2,25.125,30.2896449575073,5.164644957507299
6885,2,22.965,25.70541010852434,2.7404101085243404
6886,3,21.979167,26.215506860405622,4.2363398604056215
6887,3,20.209091,32.67423330510385,12.465142305103846
6888,1,46.764285,27.89530233648094,18.868982663519063
6889,1,50.121429,27.596203949459074,22.525225050540925
6890,2,44.422727,37.02056444301851,7.402162556981494
6891,5,46.27,43.01246392069909,3.2575360793009125
6892,5,47.25,29.016460276459384,18.233539723540616
6893,5,28.634783,40.17785994948782,11.54307694948782
6894,5,26.777778,39.57339117952909,12.795613179529088
6895,5,22.082609,40.70103426354235,18.618425263542346
6896,1,22.856542,34.73148766125994,11.87494566125994
6897,3,21.478049,40.36164963475592,18.883600634755922
6898,5,23.960204,24.362289592325787,0.4020855923257862
6899,2,23.393277,27.645286104366022,4.252009104366021
6900,4,20.48125,24.226258957988176,3.7450089579881762
6901,4,25.05625,25.069531519215897,0.01328151921589793
6902,1,39.94,26.806218879642163,13.133781120357835
6903,2,43.08,40.06863381196363,3.0113661880363694
6904,4,37.999999,42.76800434982214,4.76800534982214
6905,5,25.853125,42.816203836064176,16.963078836064177
6906,3,25.372222,31.03879331975147,5.666571319751469
6907,5,23.237037,29.629428523431883,6.392391523431883
6908,1,23.858333,29.801502893333964,5.943169893333966
6909,2,26.015385,27.14825605025169,1.1328710502516905
6910,5,25.791304,25.970818392088642,0.17951439208864173
6911,3,25.316667,26.163422983793662,0.8467559837936633
6912,3,24.442857,27.892179998864993,3.449322998864993
6913,2,26.04,26.99660738591401,0.9566073859140118
6914,1,25.421052,27.32347793690873,1.902425936908731
6915,4,26.933333,29.02057040982168,2.087237409821679
6916,1,26.7,27.73025809121691,1.0302580912169113
6917,5,30.077778,26.280928141679905,3.796849858320094
6918,1,32.56,28.465596234052118,4.0944037659478845
6919,4,32.15,41.680959979964285,9.530959979964287
6920,3,30.414286,36.47201249183402,6.057726491834021
6921,1,31.4,34.03249680647619,2.6324968064761904
6922,3,23.2,32.48489114188159,9.284891141881591
6923,1,20.175,37.86722382498807,17.692223824988073
6924,5,19.95,33.871832895134936,13.921832895134937
6925,1,20.4,35.47105607289747,15.07105607289747
6926,1,19.90909,30.230104992348558,10.321014992348559
6927,2,19.4,29.05692767449869,9.656927674498693
6928,5,21.199999,30.62820479877619,9.42820579877619
6929,1,19.715789,25.643455564755186,5.927666564755185
6930,3,20.845455,33.37918302623213,12.533728026232126
6931,1,17.266666,30.835099112867592,13.568433112867591
6932,4,19.147619,24.987422401673218,5.839803401673219
6933,4,40.5,26.442092381108097,14.057907618891903
6934,2,32.16,16.778520935626936,15.38147906437306
6935,1,29.367442,29.449394285570797,0.08195228557079659
6936,5,40.550001,33.58567642960184,6.964324570398162
6937,5,27.18,27.76018367932826,0.5801836793282611
6938,5,28.769231,34.45816102610093,5.68893002610093
6939,1,29.85,25.2620878163678,4.587912183632202
6940,3,23.764286,30.53315061562217,6.768864615622171
6941,5,27.7,31.984972658060826,4.284972658060827
6942,3,26.772727,30.123930470382685,3.3512034703826856
6943,5,23.394117,36.59640032839791,13.202283328397911
6944,5,30.405,27.592295495806926,2.812704504193075
6945,4,25.4,27.480306099161528,2.080306099161529
6946,3,24.505555,34.49764871830292,9.992093718302918
6947,2,23.94,29.056945528487304,5.116945528487303
6948,2,22.71,33.190246107722416,10.480246107722415
6949,5,31.763636,28.83971443810861,2.9239215618913903
6950,2,34.799999,35.400872162628,0.6008731626279982
6951,3,36.700001,35.048428811788945,1.6515721882110554
6952,3,33.799999,36.779234702589925,2.979235702589925
6953,4,36.015789,37.01014994634931,0.9943609463493104
6954,3,45.726316,34.02537056847885,11.700945431521149
6955,1,49.385714,30.239512591031072,19.146201408968928
6956,1,48.231579,38.14756848084921,10.084010519150794
6957,3,47.888888,34.850025984243445,13.038862015756557
6958,3,47.285715,32.613140575097844,14.672574424902159
6959,2,48.7,33.23658069183663,15.463419308163374
6960,5,46.77,36.165980958587284,10.60401904141272
6961,2,47.840001,31.746508093864424,16.093492906135577
6962,1,16.936957,37.463565220130604,20.526608220130605
6963,4,20.511111,39.10439320902279,18.59328220902279
6964,1,14.234884,27.930908488896282,13.696024488896283
6965,1,8.248352,28.448227706576557,20.199875706576556
6966,5,17.450769,17.963140381727115,0.5123713817271138
6967,1,20.051724,27.3776096662963,7.325885666296301
6968,4,18.394,20.83344379696941,2.4394437969694103
6969,3,3.572857,21.916001596906952,18.343144596906953
6970,5,2.107143,19.712063052170794,17.604920052170794
6971,5,11.725581,23.26485241160048,11.53927141160048
6972,4,7.678125,23.999001790665517,16.320876790665515
6973,1,6.535938,19.541792901060596,13.005854901060596
6974,4,1.750459,13.582609189479916,11.832150189479917
6975,2,8.65,9.085519319444861,0.435519319444861
6976,4,2.05303,23.729816804829486,21.676786804829486
6977,2,13.451515,29.514043234526472,16.06252823452647
6978,1,14.877143,9.626176053403146,5.250966946596854
6979,4,4.101538,16.234692565320554,12.133154565320554
6980,5,3.765116,12.290809863986171,8.52569386398617
6981,5,2.53253,12.58830656368167,10.05577656368167
6982,4,1.429493,15.718223833799069,14.288730833799068
6983,2,6.095918,13.550314001394568,7.454396001394568
6984,2,2.971591,16.67657357373081,13.70498257373081
6985,4,7.075,14.262075250876336,7.187075250876336
6986,5,21.025,11.211083692692268,9.81391630730773
6987,3,22.757143,12.247861844619207,10.509281155380792
6988,5,23.06,18.30981675737674,4.750183242623258
6989,4,25.461538,17.05831073597971,8.403227264020291
6990,4,23.45,15.980663918036267,7.469336081963732
6991,3,25.673077,24.37020380855951,1.30287319144049
6992,4,23.158333,19.011499092746902,4.146833907253097
6993,4,24.9,28.462425901606487,3.5624259016064883
6994,2,27.888235,20.94414763669724,6.94408736330276
6995,4,24.213513,18.689757591406202,5.5237554085937965
6996,5,25.457143,38.79673818004764,13.339595180047642
6997,3,23.782609,28.35536937160483,4.572760371604829
6998,2,24.786667,20.882028766432807,3.9046382335671943
6999,4,22.885714,34.55234445682409,11.666630456824088
7000,5,25.996154,36.6280081989933,10.631854198993299
7001,3,24.486207,26.978915459705778,2.492708459705778
7002,5,22.04,29.45109706615677,7.4110970661567706
7003,4,24.862963,27.195456141566826,2.3324931415668253
7004,5,28.975,28.33914524628452,0.6358547537154813
7005,5,26.575,30.035962838566792,3.460962838566793
7006,4,25.632,36.92520758288229,11.293207582882285
7007,3,26.54375,35.22903303815539,8.685283038155394
7008,3,26.593333,32.60509531503641,6.011762315036407
7009,5,24.8,29.29129013986906,4.491290139869058
7010,5,32.235714,31.228061787581986,1.0076522124180158
7011,4,32.88,30.042176524122553,2.8378234758774497
7012,1,32.831579,36.45319451107209,3.6216155110720933
7013,1,32.766667,35.12409384222817,2.357426842228172
7014,5,32.306667,43.00128950929552,10.69462250929552
7015,2,27.840909,34.956767631478854,7.115858631478854
7016,4,20.86875,40.33452877784193,19.465778777841933
7017,1,26.754839,40.54431268944047,13.789473689440467
7018,3,22.80625,32.00055860230325,9.194308602303252
7019,3,21.0,26.604253064332532,5.604253064332532
7020,1,22.582758,33.51127614604645,10.92851814604645
7021,1,24.9,25.653430715716084,0.7534307157160853
7022,5,29.783333,33.90896462723744,4.125631627237439
7023,3,25.03,31.393863154237582,6.363863154237581
7024,4,30.5,32.111531041621696,1.6115310416216957
7025,3,31.1,27.53933257113075,3.5606674288692517
7026,5,30.55,35.342307363869104,4.792307363869103
7027,5,29.58,36.77747251388492,7.197472513884925
7028,3,31.799999,33.11828920354114,1.3182902035411388
7029,5,30.0,37.76498581944841,7.7649858194484125
7030,3,29.6,30.979727412010785,1.3797274120107836
7031,4,27.157143,32.979819900813496,5.822676900813494
7032,4,28.695454,32.675153782909405,3.979699782909403
7033,3,29.571429,37.938442668416684,8.367013668416686
7034,2,29.89375,27.966177836991427,1.9275721630085734
7035,5,30.105263,26.53246412926627,3.572798870733731
7036,3,29.16087,32.45380297965184,3.292932979651841
7037,1,27.127273,31.663348286203213,4.536075286203214
7038,1,29.342857,31.146489539517134,1.8036325395171353
7039,1,33.0,31.397012370206102,1.6029876297938976
7040,1,33.086842,34.137385257044315,1.0505432570443176
7041,5,33.200001,31.628624272000035,1.571376727999965
7042,1,29.82,32.88642275550996,3.0664227555099615
7043,5,31.1,30.25926237300393,0.84073762699607
7044,1,30.442857,28.232487486174705,2.2103695138252952
7045,5,28.472,28.4688413595913,0.0031586404087029507
7046,1,29.717647,35.05040795071049,5.332760950710494
7047,1,31.34,25.418199801145715,5.921800198854285
7048,1,30.0,26.667838094816837,3.3321619051831632
7049,2,29.348718,35.230433025813525,5.881715025813524
7050,2,28.444444,33.476925045944796,5.032481045944795
7051,1,30.99,28.442484076584595,2.5475159234154034
7052,5,26.866667,30.53178920623014,3.6651222062301407
7053,3,24.888889,31.84759894547884,6.958709945478841
7054,2,24.527778,23.179527459576278,1.3482505404237237
7055,3,26.0,26.2971770879266,0.2971770879265989
7056,5,23.933333,26.767441141303568,2.8341081413035667
7057,5,25.44,27.75447981010938,2.314479810109379
7058,3,25.77,22.06445633940014,3.705543660599858
7059,5,25.14,27.7871489774903,2.6471489774903
7060,1,27.700001,28.41463263694776,0.714631636947761
7061,1,3.327119,25.882328540056218,22.555209540056218
7062,5,1.547143,37.10826840939776,35.56112540939776
7063,3,3.158571,23.059275980565836,19.900704980565838
7064,4,4.958333,19.517093018687774,14.558760018687774
7065,1,3.156198,25.401189205130294,22.244991205130294
7066,3,3.747328,22.855652360421335,19.108324360421335
7067,1,38.376471,30.362275580441104,8.014195419558899
7068,2,34.519445,27.191076909202376,7.328368090797621
7069,5,35.867391,30.912005551239968,4.95538544876003
7070,3,41.12,33.77519329399746,7.344806706002537
7071,4,40.95,25.08621030516095,15.863789694839053
7072,1,31.211765,37.91799489684343,6.706229896843432
7073,1,37.730769,38.95459322869643,1.2238242286964294
7074,4,32.819445,24.857695536463893,7.961749463536108
7075,1,41.099998,40.42275364760387,0.67724435239613
7076,2,41.099998,26.76275837443641,14.33723962556359
7077,1,31.377,45.08449180549137,13.707491805491369
7078,1,39.210811,44.50857088204626,5.2977598820462575
7079,5,39.9,25.784918830331147,14.115081169668851
7080,1,29.344776,33.37053189850064,4.025755898500638
7081,4,34.052326,42.321170358175635,8.268844358175635
7082,4,41.666665,22.17134387191095,19.495321128089053
7083,5,33.01579,29.70783671471435,3.3079532852856524
7084,4,28.62931,40.65226761479526,12.022957614795256
7085,2,19.844498,30.852156385863605,11.007658385863603
7086,4,32.261111,24.357271285375333,7.903839714624667
7087,1,20.807762,18.74439799782533,2.0633640021746693
7088,5,12.997561,29.35904031185096,16.361479311850964
7089,2,16.453658,28.04120234942154,11.587544349421538
7090,2,19.5875,15.070161002312307,4.517338997687691
7091,2,14.504196,16.32298950742397,1.818793507423969
7092,2,26.86,29.90133050903023,3.0413305090302316
7093,3,26.413333,26.169822857007183,0.24351014299281815
7094,4,26.658334,37.239562440514604,10.581228440514604
7095,1,26.17,36.0196654517784,9.8496654517784
7096,4,29.9,29.931538929552158,0.03153892955215909
7097,4,22.644444,34.361759308038444,11.717315308038444
7098,5,16.433333,29.075612168118532,12.642279168118531
7099,5,14.54,31.434011367600522,16.894011367600523
7100,1,13.928571,30.883841323851357,16.95527032385136
7101,5,16.975,31.93549201261668,14.96049201261668
7102,5,24.157576,34.920350645628986,10.762774645628987
7103,3,15.85,29.374206201461348,13.524206201461348
7104,2,9.857447,26.085572662301534,16.228125662301533
7105,3,8.127869,26.70542886440593,18.57755986440593
7106,4,12.019424,22.288179750005277,10.268755750005276
7107,3,10.160802,26.78810754765372,16.62730554765372
7108,2,8.839832,36.506111671961,27.666279671961
7109,2,11.981609,38.849326798527045,26.867717798527046
7110,2,12.217886,38.08725613365749,25.86937013365749
7111,3,59.216667,18.485231720810077,40.731435279189924
7112,5,60.05,14.184819758454042,45.86518024154596
7113,1,64.366666,46.62832736694118,17.738338633058817
7114,5,61.55,50.517556706532034,11.032443293467963
7115,5,60.466666,42.62248964363007,17.84417635636993
7116,2,60.0,45.98921816969817,14.01078183030183
7117,5,65.0,42.884628012782436,22.115371987217564
7118,2,60.099999,46.80292993251981,13.297069067480187
7119,5,59.18,40.59509961756549,18.584900382434512
7120,1,60.866667,47.18103021081016,13.685636789189843
7121,5,60.275001,45.87713401967689,14.397866980323116
7122,4,57.200001,49.38768150171946,7.812319498280537
7123,5,58.049999,43.61282714767806,14.437171852321939
7124,5,40.913333,48.71172404005184,7.79839104005184
7125,5,58.475,51.12182544284581,7.35317455715419
7126,5,51.988235,38.08801377508928,13.900221224910723
7127,2,63.89,35.43990693644913,28.450093063550874
7128,4,30.895455,40.163252300721545,9.267797300721547
7129,4,26.733333,41.115404102457326,14.382071102457328
7130,1,36.48,27.184761202601827,9.29523879739817
7131,1,22.110526,25.772543291598645,3.6620172915986444
7132,3,21.05,34.02215243845189,12.97215243845189
7133,4,26.345454,22.1525471872275,4.192906812772499
7134,1,24.856667,29.833955216295585,4.977288216295584
7135,1,20.706452,33.43408538450395,12.727633384503953
7136,1,26.851724,24.45227650735624,2.3994474926437626
7137,5,31.77931,31.014670287822096,0.7646397121779032
7138,5,23.163636,28.29141336529366,5.12777736529366
7139,2,37.200001,27.38897153315144,9.81102946684856
7140,5,22.621951,30.16395191074244,7.542000910742441
7141,5,28.6,34.06881188850001,5.4688118885000065
7142,3,26.642857,27.15092168419256,0.5080646841925613
7143,3,41.950001,33.447340129406065,8.502660870593935
7144,1,24.575862,32.3194557875364,7.743593787536398
7145,3,25.944444,38.4976093760476,12.553165376047598
7146,1,35.5,28.775407515272146,6.724592484727854
7147,5,37.06,32.94100209971393,4.118997900286075
7148,2,35.883334,43.9604289553702,8.0770949553702
7149,3,52.82,39.766691750710294,13.053308249289707
7150,3,58.727273,40.97673995598479,17.750533044015206
7151,5,54.427778,45.18492295854633,9.242855041453673
7152,1,54.975,44.88935376085249,10.085646239147515
7153,2,52.991666,43.78901478752164,9.202651212478365
7154,5,59.1,58.03314313921628,1.066856860783723
7155,4,54.98,48.90109743099669,6.078902569003304
7156,4,58.825,46.22971327272094,12.59528672727906
7157,2,56.96,41.32379400177517,15.636205998224831
7158,5,55.459937,49.639494829152234,5.8204421708477625
7159,2,93.533333,45.62403905419933,47.90929394580067
7160,4,18.529227,27.974879012630016,9.445652012630017
7161,4,84.114789,45.789345645401426,38.325443354598576
7162,4,56.143478,14.771536085137349,41.37194191486265
7163,1,81.996169,27.726264785111457,54.26990421488854
7164,5,48.883375,30.665754538189304,18.217620461810696
7165,4,62.994416,23.55972605434051,39.43468994565949
7166,4,45.900002,23.19139094104551,22.708611058954492
7167,4,43.641667,22.49295462536975,21.148712374630247
7168,2,40.347059,35.655196347999976,4.691862652000026
7169,2,42.009091,35.54767424215345,6.46141675784655
7170,4,40.490909,33.288007244357146,7.202901755642856
7171,3,42.247619,33.84697765256646,8.400641347433542
7172,3,45.900002,34.795055641269165,11.104946358730835
7173,3,44.1,31.376734473357818,12.723265526642184
7174,1,46.299999,38.58555045063296,7.714448549367042
7175,5,24.6125,36.69332060843055,12.080820608430546
7176,3,24.632,39.588520457300916,14.956520457300915
7177,5,23.313043,26.419751601253477,3.1067086012534766
7178,4,24.586111,33.23373645018,8.647625450179998
7179,5,23.2875,29.830365615640876,6.542865615640874
7180,3,24.512195,25.252199510201077,0.7400045102010786
7181,2,24.123809,29.003390338400024,4.879581338400023
7182,1,25.991666,27.582253049139187,1.590587049139188
7183,4,23.108572,25.694462010353234,2.5858900103532356
7184,5,23.721429,25.284676544216403,1.5632475442164022
7185,4,26.539394,23.880803745239962,2.658590254760039
7186,5,23.963889,27.84074887837103,3.876859878371029
7187,1,24.528572,24.626074594510598,0.09750259451059762
7188,3,24.815789,23.72928684614428,1.0865021538557187
7189,3,23.044827,25.834534390616003,2.7897073906160017
7190,5,23.7,28.5696016644355,4.8696016644355
7191,2,21.663637,29.297038558146863,7.633401558146861
7192,5,59.13,31.959233020779884,27.17076697922012
7193,4,55.749999,24.970298336050888,30.779700663949114
7194,1,20.505455,38.82183538816267,18.316380388162667
7195,1,19.545122,38.97673745876322,19.43161545876322
7196,5,21.695,33.504773458730966,11.809773458730966
7197,3,27.831818,29.093772863685828,1.2619548636858298
7198,3,30.576923,36.30725579196225,5.7303327919622475
7199,1,27.241379,28.614052318111103,1.3726733181111044
7200,1,30.346667,39.290769719066844,8.944102719066844
7201,3,13.768889,25.085678700608472,11.316789700608473
7202,1,21.690909,30.57795870787962,8.88704970787962
7203,2,15.190674,28.77464801425929,13.583974014259292
7204,2,15.12,30.189479627335178,15.069479627335179
7205,3,19.466355,23.872855119060276,4.406500119060276
7206,5,14.833971,27.50795441522745,12.673983415227449
7207,1,64.771429,19.402185967646872,45.369243032353125
7208,5,52.5125,27.820136495073506,24.692363504926497
7209,2,55.727272,40.24231660657085,15.484955393429146
7210,3,56.9,45.01582115946628,11.884178840533721
7211,1,53.372727,48.735025080422595,4.6377019195774025
7212,4,63.7,39.282323777735556,24.417676222264447
7213,2,57.453847,41.61815957807806,15.835687421921946
7214,5,56.08,34.408501916391806,21.671498083608192
7215,5,55.8,44.56921770268255,11.230782297317447
7216,4,54.922223,43.44869838919751,11.473524610802492
7217,3,56.02,33.367633662846515,22.652366337153488
7218,5,34.116666,43.1094333556334,8.992767355633397
7219,1,36.458824,39.84659577394646,3.3877717739464615
7220,3,36.556,30.80020192896299,5.755798071037006
7221,5,39.1,41.34763590921933,2.2476359092193263
7222,1,38.385,46.265091259143745,7.880091259143747
7223,3,37.699999,34.11030231595634,3.589696684043659
7224,2,36.042858,35.85682252859656,0.1860354714034429
7225,2,41.950001,37.1704572705178,4.779543729482199
7226,4,41.099998,34.705673028212274,6.394324971787725
7227,5,40.300001,30.901913036709672,9.39808796329033
7228,3,32.107692,39.36809643000132,7.260404430001323
7229,3,25.95,36.70630380739488,10.756303807394882
7230,4,39.018181,41.54327007102521,2.5250890710252136
7231,4,25.62353,26.35119936579433,0.7276693657943305
7232,5,23.742424,27.265550343779704,3.5231263437797047
7233,1,34.354838,25.87309866467722,8.481739335322782
7234,1,21.952941,36.606481348216946,14.653540348216946
7235,3,30.053571,28.14113087425858,1.9124401257414227
7236,4,25.847619,30.391093107996646,4.543474107996644
7237,3,22.316667,24.29621350956843,1.9795465095684328
7238,3,31.84,29.60671372787609,2.233286272123909
7239,5,22.825926,34.02638098422885,11.200454984228852
7240,5,32.328572,23.61941367769682,8.709158322303182
7241,5,21.44,28.599336474089952,7.159336474089951
7242,2,26.956757,28.354278952326066,1.3975219523260662
7243,4,31.05,29.08286628762302,1.967133712376981
7244,1,26.341935,28.98291628594047,2.6409812859404695
7245,5,31.408333,38.66944314936502,7.261110149365024
7246,2,32.806896,32.38205708140277,0.42483891859723144
7247,2,31.32,33.09885378510052,1.778853785100523
7248,1,23.114,35.163672268305156,12.049672268305155
7249,2,29.314286,35.82105684207766,6.50677084207766
7250,2,36.699999,36.77906764260249,0.07906864260249336
7251,2,13.361482,31.761828448262076,18.400346448262077
7252,2,18.769159,34.80481787651121,16.03565887651121
7253,5,15.006684,25.574876205958525,10.568192205958525
7254,3,13.231825,28.32717302263162,15.095348022631619
7255,3,15.670485,25.808930109901222,10.138445109901223
7256,4,14.545802,18.92487626930605,4.3790742693060505
7257,1,21.021052,21.493105696380496,0.4720536963804953
7258,2,16.5375,27.599931565013794,11.062431565013792
7259,1,15.040945,42.872675089367085,27.831730089367085
7260,4,13.635294,40.92277043125597,27.287476431255968
7261,2,13.850209,26.06344771495677,12.21323871495677
7262,4,14.788081,26.952398296840634,12.164317296840634
7263,4,12.937313,29.708026049078715,16.770713049078715
7264,4,27.408571,28.670350731143955,1.2617797311439567
7265,4,35.155555,24.310598914612292,10.844956085387707
7266,5,42.199999,29.683113903258707,12.51688509674129
7267,1,32.24,45.45381245548285,13.213812455482845
7268,2,30.810345,36.301161825924595,5.490816825924593
7269,4,34.533334,31.058776161367085,3.4745578386329186
7270,5,26.706667,39.1808591865767,12.474192186576698
7271,3,34.586667,35.686034886664686,1.0993678866646874
7272,2,36.611112,26.228583810274873,10.382528189725125
7273,3,40.366666,37.09611203533135,3.2705539646686503
7274,5,36.383333,37.40749292640877,1.024159926408771
7275,3,30.322222,37.47779883389615,7.155576833896152
7276,3,31.416667,35.856963211112465,4.440296211112464
7277,2,29.62,34.35112509168057,4.731125091680571
7278,2,30.545833,38.425005953871,7.879172953871002
7279,4,30.025,33.84922409800332,3.82422409800332
7280,5,29.628571,24.57558347478172,5.052987525218281
7281,2,29.363158,26.381522366120976,2.981635633879023
7282,4,27.0,36.02947150221681,9.029471502216808
7283,1,30.014286,33.6369173560889,3.6226313560889025
7284,1,29.468421,23.614748221569744,5.853672778430255
7285,5,28.17193,35.81976763435056,7.647837634350562
7286,3,28.66129,35.25949074978442,6.598200749784418
7287,5,42.76875,34.26736780466203,8.501382195337968
7288,2,42.89,31.241108343301573,11.648891656698428
7289,2,45.846154,50.11344080613558,4.26728680613558
7290,3,42.658333,41.180077496857,1.4782555031429965
7291,5,41.878571,48.65505505713724,6.776484057137239
7292,1,45.825,41.08874588863027,4.736254111369732
7293,2,40.084615,38.738446878710164,1.3461681212898355
7294,5,50.450001,41.126103137269865,9.323897862730135
7295,4,55.599998,41.420888905265976,14.179109094734024
7296,4,49.730769,39.602391078106464,10.128377921893538
7297,2,45.4,43.075127938238076,2.3248720617619227
7298,1,48.47,42.260513284567445,6.209486715432554
7299,4,49.700001,40.457176535207026,9.242824464792974
7300,1,48.599998,32.539984602899494,16.060013397100505
7301,3,34.813333,44.510158976861824,9.696825976861824
7302,2,41.164706,42.89709174503634,1.7323857450363391
7303,2,39.049999,34.05806529832215,4.991933701677851
7304,4,26.819047,34.7172368566614,7.8981898566614
7305,3,30.305714,36.76466410724672,6.458950107246725
7306,2,35.399999,34.950413334104454,0.4495856658955475
7307,1,37.992308,34.69797932079299,3.2943286792070126
7308,2,24.75,31.37357036258929,6.623570362589291
7309,2,31.409524,38.941268172443145,7.531744172443144
7310,1,32.7,31.998638730131624,0.7013612698683787
7311,5,10.364615,36.77264124223479,26.40802624223479
7312,5,24.085715,25.123793133037044,1.0380781330370432
7313,2,18.77,33.636825167291015,14.866825167291015
7314,5,13.19697,40.703240118503324,27.506270118503323
7315,2,23.793333,26.62015910375925,2.826826103759249
7316,3,24.06,28.343879110214953,4.283879110214954
7317,3,24.947619,19.27334689067411,5.674272109325891
7318,3,22.200001,16.53645524751759,5.66354575248241
7319,1,21.69,24.288129510631354,2.5981295106313524
7320,3,22.115,28.154508141699747,6.0395081416997485
7321,4,23.933333,26.165183439102563,2.231850439102562
7322,1,37.028572,27.599678683595528,9.42889331640447
7323,4,42.549999,26.23094033021854,16.31905866978146
7324,1,33.948276,27.732497744515598,6.215778255484402
7325,3,24.772,28.101650417539773,3.3296504175397743
7326,5,23.807692,32.69455928083728,8.886867280837283
7327,5,20.97,36.07141661925728,15.101416619257279
7328,3,22.99,36.963364140944435,13.973364140944437
7329,4,23.133333,30.912267572541708,7.778934572541708
7330,5,27.799999,29.97841369909917,2.1784146990991715
7331,4,27.0,23.361475260790712,3.638524739209288
7332,2,25.171429,44.344828908620364,19.173399908620365
7333,3,22.84537,31.71086759499926,8.865497594999262
7334,1,26.8275,22.476015462768395,4.351484537231606
7335,1,27.3,32.88584370355044,5.585843703550442
7336,1,25.866667,29.75352737108135,3.886860371081351
7337,2,26.64,25.94330693829915,0.6966930617008522
7338,2,25.885526,25.203448700679214,0.6820772993207846
7339,5,28.3,31.12685488771766,2.8268548877176585
7340,5,30.61,27.24173089888798,3.36826910111202
7341,2,29.936364,24.20125364789836,5.735110352101643
7342,2,33.58,26.99954643707775,6.580453562922248
7343,5,23.338462,29.392186448482573,6.053724448482573
7344,2,27.85,28.703024449544294,0.8530244495442929
7345,4,24.514815,25.068314019642003,0.553499019642004
7346,1,27.526087,29.91490677666469,2.3888197766646897
7347,4,26.882353,22.246666490213627,4.635686509786371
7348,2,31.816666,32.87116907439619,1.054503074396191
7349,1,32.39,24.681054198317565,7.708945801682436
7350,5,27.142308,30.54779386743241,3.405485867432411
7351,5,27.947369,30.09362814841718,2.146259148417183
7352,4,36.3,27.526746098975018,8.77325390102498
7353,4,33.6875,25.299253302333973,8.388246697666027
7354,3,28.9,26.9686023567778,1.9313976432221978
7355,4,32.833333,27.624091693417093,5.209241306582911
7356,2,30.762791,40.43105107589929,9.66826007589929
7357,5,30.836538,36.42375381627927,5.587215816279272
7358,4,31.059259,30.084926414848713,0.9743325851512878
7359,1,26.638571,44.13433768498083,17.49576668498083
7360,2,27.231944,30.57019492229745,3.3382509222974512
7361,4,48.436364,28.796178996169584,19.640185003830414
7362,1,56.050001,34.55707213897595,21.492928861024055
7363,2,55.916666,32.77613624238889,23.140529757611112
7364,1,43.607693,34.74180158838333,8.865891411616666
7365,4,49.849998,47.04037013582904,2.809627864170956
7366,3,54.6875,36.92909434200198,17.75840565799802
7367,1,54.781818,41.92003556973077,12.86178243026923
7368,5,47.400002,43.57211199366714,3.827890006332858
7369,3,56.4,36.134102448188514,20.265897551811484
7370,3,50.041176,39.5703385911295,10.470837408870501
7371,3,58.781818,33.97604621522669,24.805771784773313
7372,3,64.15,52.11306460406683,12.036935395933178
7373,5,60.6625,50.59193508899139,10.07056491100861
7374,4,55.442857,50.6799724866111,4.762884513388897
7375,2,56.888889,49.67840737302845,7.21048162697155
7376,2,61.144444,42.641180085831344,18.503263914168656
7377,2,62.85,45.95302334323611,16.89697665676389
7378,4,52.366667,53.29637883198911,0.9297118319891098
7379,2,55.45,46.772645341982184,8.67735465801782
7380,5,56.736363,51.833326326720886,4.903036673279111
7381,2,50.72,34.42305755305028,16.29694244694972
7382,4,39.6,34.02000859376605,5.579991406233951
7383,3,39.171428,40.17604950791434,1.0046215079143437
7384,3,35.82,41.596351740880266,5.776351740880266
7385,5,36.071427,38.22318529300136,2.1517582930013575
7386,1,35.15,33.17784147325727,1.9721585267427315
7387,3,38.3875,35.219331325814174,3.1681686741858286
7388,1,20.793333,38.32729420018053,17.53396120018053
7389,4,22.260204,34.019703527320786,11.759499527320784
7390,5,27.036842,35.911986948405435,8.875144948405435
7391,1,24.86,31.167739591684022,6.307739591684022
7392,5,20.343421,29.12407614036627,8.780655140366271
7393,2,26.6,24.453537097147183,2.146462902852818
7394,5,26.124138,35.30256977605228,9.178431776052282
7395,4,29.708163,30.80389742495834,1.0957344249583407
7396,4,27.25,27.23820580774141,0.011794192258591352
7397,5,28.8,31.01704044517261,2.2170404451726107
7398,4,30.6,23.202626235823796,7.397373764176205
7399,3,29.314286,27.547164072812127,1.7671219271878726
7400,5,30.05,34.08106224626258,4.031062246262582
7401,3,26.046429,33.9398161288335,7.893387128833499
7402,2,28.62,34.467732890276444,5.847732890276443
7403,1,58.78,45.563075395957014,13.216924604042987
7404,5,50.97,49.278776098478176,1.6912239015218233
7405,2,58.400002,47.54991748879825,10.85008451120175
7406,3,59.64,46.07797339479565,13.562026605204352
7407,2,58.74,47.34768837543915,11.392311624560854
7408,5,60.616667,40.24623544180433,20.37043155819567
7409,5,58.625,39.80043880936735,18.82456119063265
7410,3,56.287499,41.26775176299033,15.019747237009668
7411,4,54.099998,39.65567544684723,14.444322553152766
7412,3,21.891667,48.861569418793664,26.969902418793662
7413,1,29.483333,44.94720455338693,15.463871553386934
7414,1,25.675,40.332840626691116,14.657840626691115
7415,4,24.125,32.733183596974236,8.608183596974236
7416,2,29.0,44.75901144759637,15.759011447596372
7417,2,24.486207,33.574482554867735,9.088275554867735
7418,5,22.010417,35.9244101985377,13.9139931985377
7419,5,25.282353,37.9843913843889,12.7020383843889
7420,2,27.96,26.696376274908083,1.263623725091918
7421,5,30.514286,24.89953700134256,5.61474899865744
7422,3,22.163636,29.546389503579462,7.382753503579462
7423,4,28.116667,35.02204479791997,6.905377797919968
7424,5,24.092857,37.81642393068719,13.723566930687195
7425,2,29.815384,25.324867733697612,4.490516266302389
7426,5,26.511111,22.997101756111107,3.514009243888893
7427,4,36.847369,24.876130992832024,11.971238007167976
7428,2,37.279311,41.57079520203237,4.291484202032372
7429,4,38.909375,31.67614042895969,7.233234571040306
7430,4,43.224999,34.975737361642516,8.249261638357481
7431,4,34.870833,31.992820562658828,2.8780124373411695
7432,4,49.099998,45.20654346815474,3.893454531845258
7433,3,42.59,42.037769170086605,0.5522308299133982
7434,3,29.482353,29.742022542309513,0.25966954230951345
7435,4,39.532,38.46135726927449,1.0706427307255098
7436,1,39.21,36.02271597057144,3.187284029428561
7437,5,44.03,26.15737554110845,17.87262445889155
7438,1,29.395455,28.641603583602475,0.7538514163975236
7439,2,44.522223,31.816233267993425,12.705989732006572
7440,4,43.245454,29.822347294556888,13.423106705443114
7441,2,44.727273,22.907579129588154,21.819693870411843
7442,1,45.2875,33.78264168441996,11.504858315580044
7443,3,37.469565,34.301972932881995,3.167592067118008
7444,2,41.941666,34.28141455351258,7.660251446487415
7445,3,31.372223,39.301516509628335,7.929293509628334
7446,5,41.725,35.055085950905216,6.6699140490947855
7447,3,37.766667,40.50131389082937,2.7346468908293744
7448,2,31.140909,29.92406398494047,1.2168450150595298
7449,5,47.075,38.54649710948195,8.528502890518055
7450,1,52.5,35.493108246437856,17.006891753562144
7451,5,41.075757,41.542417844341905,0.46666084434190225
7452,1,47.895,44.88600470290877,3.008995297091232
7453,2,48.706977,34.76348754478569,13.943489455214312
7454,1,44.886364,36.00624566440211,8.880118335597892
7455,5,46.391667,37.000776489515154,9.390890510484844
7456,2,46.125807,28.85267790101782,17.27312909898218
7457,2,44.809091,37.62644281450596,7.182648185494045
7458,3,45.249999,36.626711126552934,8.623287873447069
7459,3,46.6,35.27110762297552,11.32889237702448
7460,3,43.200001,36.40150446392132,6.79849653607868
7461,4,41.245,35.18886761963683,6.056132380363167
7462,4,28.38,36.266760976928424,7.886760976928425
7463,2,26.007143,37.61785183006016,11.610708830060162
7464,3,27.565,35.06147496556081,7.496474965560811
7465,2,31.8625,31.573414740697103,0.2890852593028974
7466,4,38.263636,27.82203759244107,10.441598407558928
7467,3,36.083335,31.182594881622965,4.900740118377033
7468,4,36.9,26.3572671512995,10.5427328487005
7469,2,33.7,36.64747900028795,2.9474790002879487
7470,4,33.638462,31.96897405936773,1.6694879406322656
7471,2,30.238461,38.156751303350504,7.918290303350503
7472,3,27.478788,32.2115644178578,4.732776417857799
7473,5,35.050001,30.337308978339813,4.712692021660189
7474,1,29.133333,27.627015663374326,1.5063173366256741
7475,2,30.822222,28.91383765767822,1.9083843423217814
7476,2,27.381063,42.18721785965806,14.806154859658061
7477,3,35.74375,26.43792926394379,9.305820736056209
7478,1,29.812851,36.836079835314145,7.023228835314146
7479,5,31.008671,25.908780693179953,5.099890306820047
7480,4,23.67242,33.42075963566092,9.748339635660923
7481,1,28.961538,29.92405676137545,0.9625187613754491
7482,2,29.019858,33.9834110990671,4.963553099067099
7483,5,76.681865,29.031813896620356,47.650051103379646
7484,2,80.15,29.243494827808384,50.90650517219162
7485,4,88.134862,24.873966308292587,63.26089569170741
7486,5,74.166316,25.09664683724044,49.06966916275955
7487,1,65.605714,41.85271715285209,23.75299684714792
7488,3,87.752175,32.326422937977846,55.42575206202215
7489,5,8.94263,28.472344978242052,19.529714978242055
7490,5,28.698976,30.759161456341268,2.0601854563412694
7491,5,70.194285,30.73690866903354,39.457376330966454
7492,2,87.127273,50.173973541253275,36.95329945874673
7493,3,79.745454,36.113317689241285,43.63213631075871
7494,5,80.833846,44.96959271717478,35.86425328282522
7495,3,58.799999,34.00140942803323,24.798589571966772
7496,1,57.933333,38.83314387420964,19.100189125790358
7497,1,56.142858,38.13972273920973,18.003135260790266
7498,3,53.772727,40.15108712887577,13.62163987112423
7499,3,54.000001,41.00496204158896,12.995038958411037
7500,3,53.523077,41.88659496206346,11.636482037936538
7501,3,55.046667,37.22545289797288,17.82121410202712
7502,3,24.201111,35.28299691389878,11.081885913898777
7503,2,30.416535,35.92330825234591,5.506773252345912
7504,4,23.727016,34.22147116943522,10.49445516943522
7505,1,49.130061,28.564739220696733,20.565321779303265
7506,3,28.422727,19.39448979395384,9.028237206046157
7507,2,22.022222,19.80578602289148,2.216435977108521
7508,1,23.383333,25.99067902213157,2.607346022131569
7509,5,20.494118,22.65349084017528,2.15937284017528
7510,2,18.728571,32.70490114484032,13.976330144840322
7511,5,24.314286,28.15367166610054,3.83938566610054
7512,3,21.836364,35.46147491419044,13.62511091419044
7513,5,16.765,26.171702674980157,9.406702674980156
7514,1,21.535294,32.29177686761177,10.756482867611773
7515,2,22.445454,31.47642080693456,9.030966806934558
7516,1,18.970588,22.214214895148157,3.2436268951481573
7517,4,22.522222,29.029473238763185,6.507251238763185
7518,1,22.115385,31.407052614623638,9.291667614623638
7519,5,8.966667,26.777184944767193,17.81051794476719
7520,1,5.575,31.513486467791616,25.938486467791616
7521,4,2.098901,29.899221674509505,27.800320674509504
7522,4,4.666667,33.52439763103175,28.857730631031753
7523,4,4.085714,19.87990269282249,15.794188692822491
7524,3,2.560377,26.886350570227066,24.325973570227067
7525,4,3.483871,21.865927685655407,18.382056685655407
7526,5,8.15625,16.63834890988434,8.48209890988434
7527,4,51.740909,15.198248554713034,36.54266044528697
7528,2,32.071428,17.09940921424698,14.972018785753018
7529,2,28.522727,26.05375877464676,2.4689682253532403
7530,2,31.24,40.61667724260055,9.376677242600554
7531,4,32.142857,37.242518179790366,5.099661179790367
7532,1,28.395,31.79903633156644,3.4040363315664415
7533,1,30.7,31.328257277310197,0.6282572773101975
7534,2,36.099998,33.032018899392874,3.0679791006071255
7535,1,34.900002,35.247172434591945,0.34717043459194485
7536,2,30.204167,26.725229559656835,3.4789374403431665
7537,4,32.35,34.177463737869715,1.8274637378697136
7538,4,29.0,33.74930912581615,4.749309125816147
7539,1,33.1,35.24516346774008,2.145163467740076
7540,1,27.442623,40.46366421235257,13.021041212352568
7541,3,28.084848,31.06205166153817,2.9772036615381694
7542,4,48.185715,28.9793238256603,19.206391174339704
7543,5,57.9125,27.117055439684787,30.795444560315214
7544,4,47.15,34.75944388669773,12.390556113302267
7545,4,58.7875,34.926101266826315,23.861398733173687
7546,5,50.425,33.58648565176982,16.838514348230177
7547,4,47.22,32.21981027720533,15.000189722794666
7548,4,48.133333,40.337246000628305,7.7960869993716955
7549,2,60.554546,32.73202193553371,27.822524064466293
7550,3,47.439999,36.11094421885317,11.32905478114683
7551,3,48.814286,36.229992558929204,12.584293441070798
7552,4,27.22,37.45557681599734,10.23557681599734
7553,3,33.058333,34.79079886947952,1.732465869479519
7554,5,35.7125,29.091605738020892,6.620894261979107
7555,5,25.92,30.11234505790096,4.192345057900958
7556,2,35.611111,37.45573037495633,1.8446193749563307
7557,4,29.1,26.985346230307684,2.1146537696923176
7558,2,36.64,40.683146846692466,4.043146846692466
7559,2,38.114286,23.892137959122437,14.222148040877563
7560,5,39.749999,40.38956426790849,0.6395652679084876
7561,5,33.584615,41.234421090067436,7.649806090067436
7562,1,37.757143,31.60189502924404,6.155247970755958
7563,1,13.058333,28.847991502787124,15.789658502787125
7564,5,16.371428,30.554709510991426,14.183281510991424
7565,3,12.698148,35.94670477962762,23.248556779627624
7566,3,14.904348,27.254944797075403,12.350596797075402
7567,2,13.636842,24.656428510057573,11.019586510057573
7568,4,19.031579,32.53453055997179,13.502951559971791
7569,4,23.521429,26.835134987930893,3.3137059879308914
7570,5,20.225806,26.950940286316907,6.725134286316909
7571,3,22.266667,32.061050094708726,9.794383094708724
7572,3,18.342105,23.690610653775707,5.348505653775707
7573,3,21.342857,34.50587876627907,13.16302176627907
7574,5,19.709524,25.567476162626892,5.857952162626894
7575,5,21.1375,25.955483707534853,4.817983707534854
7576,5,22.366666,22.01125691289977,0.35540908710022734
7577,5,42.825,24.6495728359085,18.175427164091502
7578,2,44.1,29.806390276691115,14.293609723308887
7579,4,46.242857,32.39157405626574,13.851282943734262
7580,3,15.155556,28.763638025084006,13.608082025084006
7581,1,15.933333,33.58414649037515,17.65081349037515
7582,3,24.025,30.374074992078715,6.349074992078716
7583,2,16.446429,25.229818837024922,8.783389837024924
7584,2,15.237778,19.374620608296997,4.1368426082969965
7585,2,19.107143,30.853074373285708,11.745931373285707
7586,2,27.552,29.04328894345638,1.4912889434563787
7587,5,22.925,33.378028438562794,10.453028438562793
7588,2,17.15,33.59660535376455,16.446605353764554
7589,3,11.04,23.069336970217538,12.029336970217539
7590,1,17.006667,17.737957463333505,0.7312904633335044
7591,3,13.853846,21.218505986003287,7.364659986003286
7592,2,15.930769,31.079534338240713,15.148765338240713
7593,1,15.038095,22.327214354085967,7.289119354085967
7594,4,13.10641,26.66288474852348,13.556474748523481
7595,5,19.585,22.87359026310201,3.2885902631020087
7596,2,15.35,22.043076019218805,6.693076019218806
7597,4,57.242857,33.36481032781183,23.87804667218817
7598,2,60.514286,33.05947770522489,27.454808294775106
7599,2,54.500001,51.381785731566765,3.1182152684332323
7600,2,59.354546,45.02842810681082,14.326117893189178
7601,3,55.166667,47.109526978203746,8.05714002179625
7602,2,62.409999,52.311577491970226,10.098421508029773
7603,1,55.554546,44.82958198927119,10.724964010728812
7604,4,65.061539,45.33981716492592,19.721721835074078
7605,4,42.086666,36.9024619788353,5.184204021164703
7606,2,31.733334,36.18321886588065,4.449884865880648
7607,3,32.5,42.955713945249535,10.455713945249535
7608,1,35.818518,30.47345333837585,5.345064661624146
7609,4,41.5,31.242001292138884,10.257998707861116
7610,4,31.685185,30.52210634815341,1.1630786518465897
7611,4,32.84,31.95327347862593,0.8867265213740723
7612,1,33.833335,37.00066936728047,3.167334367280475
7613,2,3.246753,27.206303286547694,23.959550286547696
7614,3,9.521453,32.14806388391933,22.626610883919327
7615,3,2.041322,37.81570472161111,35.77438272161111
7616,4,7.4675,22.28572519696464,14.81822519696464
7617,5,3.868293,12.9551291876782,9.0868361876782
7618,4,6.62093,24.08791739578964,17.466987395789637
7619,4,10.505498,20.790057208718853,10.284559208718854
7620,3,28.378261,14.200243798626355,14.178017201373644
7621,3,20.790323,11.54060870965852,9.249714290341482
7622,5,26.825,16.02065570781482,10.804344292185178
7623,2,24.086957,25.076071440869104,0.9891144408691019
7624,3,26.1,25.689030696246043,0.41096930375395857
7625,2,23.810714,25.843497250120436,2.032783250120435
7626,3,22.393548,29.205848761044315,6.812300761044316
7627,1,28.021739,24.21148605379606,3.8102529462039385
7628,1,39.711764,24.22675057445874,15.485013425541261
7629,5,31.72,27.37848864185781,4.3415113581421885
7630,1,42.257143,26.3223150292705,15.9348279707295
7631,2,40.833333,24.721687444940144,16.11164555505986
7632,1,41.56,27.105128379189434,14.454871620810568
7633,3,51.307142,41.85784489150993,9.449297108490072
7634,1,56.199999,46.305308111179905,9.894690888820094
7635,3,45.075,32.1934787768148,12.881521223185203
7636,2,31.81875,35.10146949495316,3.282719494953156
7637,1,31.946667,42.93568337160116,10.989016371601156
7638,5,58.3,31.3709752580345,26.9290247419655
7639,1,58.03,32.49552815536706,25.53447184463294
7640,3,38.595238,25.662824803075353,12.93241319692465
7641,5,48.892857,46.37108913299126,2.521767867008741
7642,2,40.646154,46.448898006694456,5.802744006694454
7643,5,32.375,31.639655364106343,0.7353446358936573
7644,4,30.706667,32.72618023137567,2.0195132313756723
7645,2,29.128572,39.52049654697206,10.391924546972064
7646,1,31.366667,30.446138877275782,0.9205281227242175
7647,4,27.1,28.323494571101563,1.2234945711015612
7648,5,32.299999,26.281936841191758,6.018062158808242
7649,3,28.005556,27.451943649780443,0.5536123502195558
7650,5,58.852631,34.59023476998083,24.26239623001917
7651,5,53.383334,39.81153436438297,13.571799635617026
7652,3,53.3375,39.00961416761706,14.32788583238294
7653,3,56.7,46.91311888851585,9.786881111484156
7654,2,47.4375,42.91771624499339,4.519783755006607
7655,2,54.875,42.254550460170364,12.620449539829636
7656,1,44.482353,43.44315569565739,1.0391973043426148
7657,5,48.416667,46.57400263301057,1.8426643669894247
7658,1,49.693333,47.921663456089284,1.7716695439107184
7659,4,43.06,29.72043659011771,13.339563409882292
7660,1,53.684616,37.88713077104963,15.797485228950372
7661,4,47.09375,32.014592296400856,15.079157703599144
7662,1,34.900002,34.666631366923,0.23337063307700134
7663,1,35.700001,37.268450764251334,1.5684497642513335
7664,1,31.38421,35.457582286939505,4.073372286939506
7665,1,31.266667,30.936830387552934,0.3298366124470675
7666,1,35.599998,33.7508186898254,1.8491793101745984
7667,5,31.206667,31.840400815882422,0.6337338158824224
7668,5,27.7,35.771294026315545,8.071294026315545
7669,3,26.419048,31.45676068934369,5.037712689343689
7670,4,28.656522,32.56682863367023,3.9103066336702277
7671,2,34.099998,29.5198650148188,4.580132985181198
7672,2,41.681081,30.85752078226585,10.823560217734148
7673,5,23.16,35.252443825656776,12.092443825656776
7674,5,36.788889,35.67574365766136,1.1131453423386404
7675,3,23.833333,29.984339197472917,6.151006197472917
7676,2,44.048148,23.21089878675365,20.83724921324635
7677,2,32.785,30.203188069271164,2.5818119307288327
7678,4,35.111765,30.274252901924452,4.837512098075546
7679,5,22.727778,26.646046182246035,3.9182681822460346
7680,2,20.936842,29.442875940716302,8.506033940716303
7681,1,24.369697,36.37758037818651,12.00788337818651
7682,2,23.975,27.260931208261148,3.2859312082611467
7683,5,22.068965,26.77298797615212,4.704022976152121
7684,4,21.516,24.544170565628097,3.0281705656280984
7685,3,22.177273,25.290613407866942,3.113340407866943
7686,5,22.013043,23.9584812183949,1.9454382183949015
7687,5,21.625,23.912443673933385,2.287443673933385
7688,2,22.31,24.636511397196188,2.326511397196189
7689,3,21.433333,24.49670786569527,3.0633748656952697
7690,3,22.111111,33.52885504961398,11.41774404961398
7691,1,22.036,25.568597342956487,3.5325973429564854
7692,4,18.837037,30.19202270540047,11.35498570540047
7693,5,21.673809,32.37891659567659,10.705107595676594
7694,5,21.492308,31.34210677180922,9.849798771809219
7695,2,20.359184,26.61766077579741,6.258476775797412
7696,2,19.620455,24.475932235214966,4.855477235214966
7697,4,20.794444,22.73812153264259,1.9436775326425924
7698,1,20.0625,26.085152059896057,6.022652059896057
7699,3,38.4,26.37320076051774,12.026799239482258
7700,3,34.452632,26.41349983595206,8.039132164047942
7701,1,36.600001,27.272079441096015,9.327921558903984
7702,4,37.464706,32.883594047062275,4.581111952937725
7703,4,28.571429,30.54513215186412,1.9737031518641217
7704,1,46.930769,34.70718421507294,12.223584784927056
7705,5,34.205,35.49647248733897,1.2914724873389716
7706,1,33.292308,25.816090783506592,7.476217216493406
7707,1,30.621429,39.20873743061904,8.58730843061904
7708,3,31.596774,35.02497629900791,3.4282022990079106
7709,3,32.073333,24.704652624027105,7.368680375972893
7710,4,30.722222,32.194390505863076,1.4721685058630776
7711,2,48.416667,34.10219125093454,14.314475749065458
7712,3,43.35,42.049781923269855,1.3002180767301468
7713,2,29.145454,31.745328326388858,2.599874326388857
7714,5,30.033333,38.07001377550731,8.036680775507314
7715,5,28.1,36.62577236563957,8.525772365639568
7716,2,33.7,30.24797241932671,3.452027580673292
7717,3,55.522222,32.52805202773658,22.99416997226342
7718,4,36.585714,32.263279630215145,4.322434369784858
7719,2,46.763636,28.488195728803834,18.275440271196164
7720,3,49.022222,37.032546958281756,11.989675041718243
7721,5,41.973333,29.21584838109987,12.757484618900126
7722,2,53.014285,37.63644681569468,15.377838184305318
7723,5,29.803333,38.50310442540541,8.699771425405412
7724,4,24.6375,30.725821371457073,6.088321371457074
7725,5,45.333333,29.679069962115744,15.65426303788426
7726,2,39.62,28.19202937589205,11.427970624107946
7727,2,43.40625,18.22754904636677,25.17870095363323
7728,4,44.049999,35.7927724951845,8.257226504815499
7729,1,22.264706,32.84454807133399,10.579842071333989
7730,5,24.117241,37.22744371973478,13.11020271973478
7731,2,25.245455,36.10238389880691,10.856928898806913
7732,3,25.566666,34.93225461077384,9.365588610773838
7733,2,24.578571,28.848846042582622,4.270275042582622
7734,5,22.495454,30.309272585776448,7.813818585776449
7735,1,23.4125,34.011160652830704,10.598660652830702
7736,4,21.977777,28.52752694548367,6.549749945483672
7737,4,22.833333,27.059417435360313,4.226084435360313
7738,3,22.252174,29.778196401988232,7.526022401988232
7739,4,21.791667,32.920542536744065,11.128875536744065
7740,3,23.175,36.25581144273065,13.080811442730653
7741,1,23.147368,28.198235086753975,5.050867086753975
7742,4,33.439999,27.281562259352008,6.158436740647993
7743,3,35.05,29.72163655230838,5.328363447691618
7744,1,28.6375,32.612094918584134,3.9745949185841347
7745,1,34.38,32.804102035447116,1.5758979645528868
7746,1,35.175,34.502116428465605,0.6728835715343919
7747,1,34.033333,29.157266912494695,4.876066087505304
7748,2,33.39091,40.593398404765864,7.202488404765866
7749,4,25.071429,42.90787364217313,17.83644464217313
7750,3,36.974999,33.54738025645435,3.4276187435456436
7751,4,28.075,40.01260057377264,11.937600573772638
7752,1,22.527273,24.31422068150029,1.7869476815002905
7753,1,30.730769,31.73560865544909,1.0048396554490928
7754,1,30.707143,40.377995778909366,9.670852778909367
7755,1,32.79,22.887314677237054,9.902685322762945
7756,3,29.746667,34.15422241026919,4.407555410269193
7757,2,27.985714,28.89413419439219,0.908420194392189
7758,5,20.772152,35.00267536851655,14.23052336851655
7759,2,28.09375,27.782357898395325,0.31139210160467456
7760,3,27.909756,33.04065847134964,5.130902471349636
7761,5,23.826667,13.54202124877454,10.28464575122546
7762,2,25.7775,16.336466229205815,9.441033770794185
7763,4,22.48,15.55817934162906,6.92182065837094
7764,1,1.451429,20.769335395462864,19.317906395462863
7765,1,1.143158,24.356322096286487,23.213164096286487
7766,1,1.396498,30.335534681794748,28.939036681794747
7767,3,1.215315,8.66001954015564,7.444704540155639
7768,1,1.367213,12.786648023982524,11.419435023982524
7769,1,1.432468,19.243725035348145,17.811257035348145
7770,3,2.080055,10.621030477915086,8.540975477915087
7771,1,1.052874,19.221716617561032,18.168842617561033
7772,1,1.234025,12.49098744267293,11.25696244267293
7773,1,1.3,23.42192813515449,22.12192813515449
7774,2,28.214286,22.29138126015914,5.92290473984086
7775,3,36.799999,29.227612942286598,7.572386057713402
7776,5,29.758823,21.45135921197437,8.307463788025629
7777,5,33.8,25.447897816021158,8.35210218397884
7778,4,30.799999,30.860788923183232,0.06078992318323273
7779,2,29.15,34.011486239799645,4.861486239799646
7780,3,33.405263,41.47187611375459,8.066613113754592
7781,3,34.442857,35.11354384516152,0.6706868451615264
7782,2,33.541667,31.534978264178903,2.0066887358210934
7783,5,32.575,36.353556635123674,3.778556635123671
7784,1,32.753846,34.5787334554874,1.8248874554873993
7785,4,35.500001,38.55707827896626,3.0570772789662612
7786,4,33.66,25.269993320199987,8.39000667980001
7787,1,29.641177,31.353291727056202,1.7121147270562034
7788,5,30.646666,34.008723368406734,3.3620573684067345
7789,4,30.163158,41.64432337004973,11.481165370049734
7790,5,42.800001,33.56928994384544,9.230711056154561
7791,3,43.577777,29.66277725247884,13.914999747521158
7792,2,42.223529,29.535810813218912,12.687718186781087
7793,1,41.446666,44.27168277771562,2.825016777715618
7794,3,40.525,29.567262994855852,10.957737005144146
7795,3,41.650002,42.311400556175904,0.6613985561759037
7796,3,42.199999,39.38740433883799,2.8125946611620094
7797,3,41.93,38.00042158347357,3.9295784165264322
7798,1,30.114286,41.43269830424896,11.318412304248959
7799,1,30.080645,40.5006291604947,10.419984160494696
7800,1,28.227273,26.16039096878901,2.066882031210991
7801,2,27.416667,33.38513896565144,5.9684719656514424
7802,1,27.633333,34.1123668723102,6.479033872310197
7803,1,26.016667,33.733413792694435,7.716746792694433
7804,5,28.314286,33.23030878879563,4.916022788795633
7805,5,28.85625,27.034234492872375,1.8220155071276238
7806,5,28.028571,27.261226675464286,0.7673443245357134
7807,2,30.6,34.41312399498883,3.8131239949888283
7808,3,28.185714,26.174035836266526,2.0116781637334746
7809,2,28.263636,35.63404864703966,7.370412647039661
7810,3,21.828571,39.275632675676604,17.447061675676604
7811,2,21.6125,32.45366681966348,10.841166819663481
7812,4,19.905406,29.003330929731135,9.097924929731136
7813,5,22.235714,31.341721672640524,9.106007672640523
7814,3,21.95,21.490404967564565,0.4595950324354341
7815,4,22.252632,22.827750059720113,0.5751180597201149
7816,3,20.822222,24.23334870517107,3.411126705171071
7817,4,21.808,24.612844367319198,2.8048443673191983
7818,4,21.507407,20.67975340287405,0.827653597125952
7819,3,17.584615,23.41727324040572,5.832658240405721
7820,2,35.894445,21.375778282356713,14.518666717643285
7821,1,36.809091,26.2978416269053,10.511249373094703
7822,4,32.190909,25.23014406253371,6.960764937466287
7823,4,29.166667,39.138825532982224,9.972158532982224
7824,1,33.716666,40.6563193450576,6.9396533450576
7825,3,37.9,33.27643040784669,4.623569592153309
7826,2,47.14,33.69637723290673,13.443622767093274
7827,5,48.944,31.223124120081998,17.720875879918005
7828,1,39.633333,34.191762396369704,5.441570603630296
7829,4,35.752,36.36021623781149,0.6082162378114901
7830,5,50.036364,36.13778726728368,13.898576732716322
7831,1,45.379167,38.76087153446169,6.61829546553831
7832,5,35.242105,36.426465381711644,1.1843603817116417
7833,5,28.409091,36.02012355374144,7.611032553741442
7834,3,48.958333,35.59879723696065,13.359535763039354
7835,4,45.2625,35.390986789179095,9.871513210820908
7836,1,35.840741,22.482982019992733,13.357758980007269
7837,1,33.483333,41.97234013818913,8.48900713818913
7838,3,38.3,40.335976157430586,2.0359761574305892
7839,2,38.525,32.31972861789486,6.205271382105138
7840,3,40.336363,35.156468363557074,5.179894636442924
7841,3,34.641177,34.705197132501304,0.06402013250130523
7842,5,22.533333,36.877527864068135,14.344194864068136
7843,5,31.800001,33.88783355754167,2.0878325575416667
7844,2,23.153846,36.100265593961005,12.946419593961004
7845,4,30.200001,33.76225909131679,3.5622580913167923
7846,4,23.135294,34.99429138375065,11.858997383750651
7847,2,22.538461,29.728460904910012,7.18999990491001
7848,5,27.492308,35.91412598273523,8.421817982735227
7849,5,30.0,29.038335249560852,0.961664750439148
7850,1,25.418182,30.827452155468357,5.409270155468356
7851,4,22.3125,34.99333834755282,12.680838347552822
7852,2,22.915385,33.71845342793253,10.80306842793253
7853,3,19.373913,37.99219652352848,18.618283523528476
7854,3,20.35,36.225351041936484,15.875351041936483
7855,4,17.184615,24.732556665937896,7.547941665937895
7856,3,19.327273,21.12994924723925,1.8026762472392477
7857,5,21.918182,28.285004353636243,6.366822353636241
7858,5,18.527273,23.09923385873495,4.5719608587349505
7859,1,21.016667,27.831182872372295,6.814515872372294
7860,5,18.395833,23.438623382578243,5.042790382578243
7861,3,15.01,26.757726943080126,11.747726943080126
7862,4,17.054762,23.660802969800987,6.606040969800986
7863,5,19.711111,24.244300802179236,4.533189802179237
7864,1,28.6,28.25928979243928,0.340710207560722
7865,2,17.847059,26.911197514575125,9.064138514575124
7866,4,20.025,24.187448232459133,4.162448232459134
7867,5,25.9,36.14883091535713,10.248830915357132
7868,3,17.489286,23.994104717919853,6.5048187179198536
7869,5,39.3875,38.618668028290344,0.768831971709659
7870,5,38.57,33.03557260108468,5.534427398915319
7871,4,37.700001,26.842923872926875,10.857077127073126
7872,4,31.6,35.459404795898784,3.859404795898783
7873,3,26.8,41.18139459627976,14.381394596279758
7874,2,24.89,36.35231796228387,11.46231796228387
7875,4,33.800001,43.73809698374165,9.938095983741647
7876,4,30.525,30.240580330865566,0.28441966913443295
7877,3,52.15,47.48977339201315,4.66022660798685
7878,5,43.512,42.149224986922626,1.3627750130773748
7879,1,47.728571,47.10054302314618,0.6280279768538222
7880,4,47.625,46.3667017380916,1.2582982619084007
7881,2,54.353847,35.000891644346524,19.352955355653478
7882,1,53.985715,39.64257080073652,14.343144199263477
7883,3,23.3625,50.84587794772383,27.483377947723827
7884,3,23.375,37.00623837235118,13.631238372351177
7885,3,26.252174,36.26775972792107,10.015585727921067
7886,3,22.917391,35.76439396408532,12.847002964085323
7887,3,25.935714,27.447980186794485,1.5122661867944842
7888,4,26.1,27.727394870142202,1.6273948701422007
7889,2,26.246667,30.30873380084215,4.06206680084215
7890,3,22.25,30.979006213191788,8.729006213191788
7891,5,20.233334,31.1254032356918,10.8920692356918
7892,5,24.633333,29.093115026572104,4.459782026572103
7893,3,20.6,38.89615434018499,18.29615434018499
7894,1,21.099999,32.530081460604485,11.430082460604485
7895,3,32.093333,37.800133291008066,5.706800291008065
7896,4,23.058537,27.499010009124984,4.440473009124982
7897,1,27.873846,34.637473003420915,6.763627003420915
7898,5,27.82625,18.499458662859887,9.326791337140115
7899,3,29.56,25.98607802610406,3.5739219738959385
7900,2,25.509091,24.728201377762566,0.7808896222374351
7901,5,26.157576,23.38803164386274,2.76954435613726
7902,4,29.391429,25.80914750652076,3.5822814934792397
7903,3,29.34,25.92522457335468,3.4147754266453205
7904,5,23.9,32.66614803618114,8.766148036181143
7905,2,29.860784,29.075010522716262,0.7857734772837368
7906,5,28.257895,37.264629596445076,9.006734596445074
7907,4,27.125,36.316720748092415,9.191720748092415
7908,3,25.0225,25.97628055247869,0.9537805524786904
7909,4,25.7,30.460120371495258,4.760120371495258
7910,4,24.568182,29.483887687243502,4.915705687243502
7911,1,19.018966,24.407248808202567,5.388282808202568
7912,3,27.8,29.312479568064802,1.5124795680648013
7913,4,24.175,23.705213755833096,0.4697862441669045
7914,1,22.328205,31.35482178308631,9.026616783086311
7915,4,21.058333,41.253584730052246,20.195251730052245
7916,5,28.6,25.766981876167804,2.833018123832197
7917,3,23.875,23.615383469930375,0.25961653006962493
7918,3,18.133333,28.473164208262244,10.339831208262243
7919,3,24.497826,31.95072915229565,7.452903152295651
7920,2,26.4,30.89700306048547,4.497003060485472
7921,1,24.304348,29.87836401539815,5.574016015398151
7922,4,19.44321,26.41523937672508,6.972029376725079
7923,1,25.962963,24.637783876812914,1.325179123187084
7924,2,25.055556,19.396601285400436,5.658954714599563
7925,3,24.582353,26.59076123259962,2.008408232599617
7926,3,26.033333,29.29873462350461,3.265401623504612
7927,4,27.892857,25.832319828244078,2.0605371717559215
7928,1,25.12,28.012858786853187,2.8928587868531856
7929,4,24.7,25.000960719460977,0.3009607194609778
7930,2,26.725641,27.72855626344676,1.0029152634467593
7931,4,24.84,28.828221135420634,3.988221135420634
7932,3,25.5875,26.293695456199732,0.7061954561997332
7933,3,24.8375,25.95622597307938,1.118725973079382
7934,2,24.94,32.45733684386639,7.517336843866392
7935,4,27.883333,25.32950854590675,2.553824454093249
7936,1,25.55,26.095807961047047,0.5458079610470463
7937,2,26.35625,26.968452444526477,0.6122024445264778
7938,4,25.654839,31.971845160522488,6.317006160522489
7939,5,22.392308,25.99353177924404,3.601223779244041
7940,2,23.936364,31.831244704291652,7.894880704291651
7941,5,23.413044,29.34640466155394,5.933360661553941
7942,2,24.073333,24.996002120027082,0.9226691200270807
7943,5,23.261539,25.36488749392658,2.103348493926582
7944,2,22.891667,26.204384008631585,3.3127170086315836
7945,1,23.280952,40.82346839650065,17.542516396500652
7946,1,24.4,32.017209261297,7.617209261296999
7947,4,24.272414,24.234013943885035,0.03840005611496622
7948,2,22.24,28.296671942764775,6.056671942764776
7949,3,25.073913,30.86922890573015,5.795315905730149
7950,4,24.433333,25.304862303837975,0.8715293038379741
7951,4,21.545,26.516531199871686,4.971531199871684
7952,1,23.03913,30.35527526176296,7.3161452617629585
7953,3,21.25,24.680945689238754,3.4309456892387544
7954,1,24.325,30.03967082114547,5.7146708211454715
7955,1,23.338461,31.191745414592976,7.853284414592977
7956,5,21.2125,24.996528854010588,3.7840288540105895
7957,4,22.542857,27.941265878622385,5.398408878622384
7958,3,23.442857,28.91237477840806,5.469517778408061
7959,3,28.275758,27.505042762881615,0.7707152371183845
7960,3,27.580952,29.318594185692472,1.7376421856924722
7961,5,27.4,27.601187600291663,0.20118760029166438
7962,2,27.675,29.56354474733531,1.8885447473353096
7963,1,43.333333,25.714159322145136,17.619173677854867
7964,2,34.99,33.392298401809015,1.5977015981909872
7965,1,38.799999,35.85602438507802,2.943974614921977
7966,1,38.955555,35.66651752232802,3.2890374776719753
7967,5,28.35946,38.411149593874306,10.051689593874308
7968,3,35.049999,36.365405419949006,1.3154064199490065
7969,3,40.199999,35.58511198447555,4.614887015524445
7970,5,39.415789,29.191715025784408,10.224073974215589
7971,2,37.547059,36.090058548078,1.4570004519219992
7972,4,41.061539,36.182159256404724,4.87937974359528
7973,5,39.7,38.64344124272354,1.0565587572764628
7974,3,38.9,34.98031672137567,3.9196832786243263
7975,2,42.547222,36.976447110231284,5.570774889768714
7976,1,33.5,36.73349729107207,3.2334972910720694
7977,2,25.76,35.02143790863885,9.26143790863885
7978,1,27.053846,35.74326761124677,8.689421611246772
7979,5,27.111111,35.20297811346693,8.091867113466932
7980,5,29.542308,29.300545108104654,0.24176289189534472
7981,2,29.025,26.882579557055443,2.1424204429445552
7982,5,26.783333,26.86671342800779,0.08338042800779277
7983,3,25.846667,28.419104078112372,2.5724370781123724
7984,5,26.69,38.502313726253995,11.812313726253993
7985,3,24.510345,33.468855557498685,8.958510557498684
7986,4,24.85,25.36095366650295,0.5109536665029495
7987,5,24.01875,32.2937547419603,8.275004741960299
7988,3,26.722222,28.616575458494033,1.8943534584940345
7989,5,26.565517,26.235967415767487,0.3295495842325131
7990,1,28.611111,26.71849010242445,1.8926208975755507
7991,1,26.121875,25.86377674588954,0.25809825411046106
7992,5,25.0,26.63294357978296,1.6329435797829603
7993,5,20.803571,25.8235092207368,5.0199382207367975
7994,5,17.128571,25.75368716153058,8.625116161530578
7995,2,23.493333,25.333296702137577,1.8399637021375774
7996,5,22.553571,43.95156140058269,21.39799040058269
7997,4,21.621428,23.172772008678447,1.551344008678445
7998,3,22.376923,31.161428662537656,8.784505662537654
7999,4,19.910526,23.130566266495375,3.2200402664953742
8000,2,20.078261,24.165357921484127,4.087096921484125
8001,3,22.014286,24.761188858323408,2.746902858323409
8002,5,20.787097,24.22129100608199,3.4341940060819915
8003,4,19.990476,34.7973686220563,14.806892622056296
8004,5,22.799999,33.4789567248221,10.678957724822098
8005,1,20.757143,31.895791515431817,11.138648515431818
8006,5,19.700001,23.185323942525624,3.485322942525624
8007,5,21.8,32.18914813573215,10.389148135732146
8008,2,23.5,35.70136792015777,12.201367920157772
8009,2,20.45,29.320514514534405,8.870514514534406
8010,5,22.184211,35.5864432368631,13.402232236863096
8011,1,21.9,31.20184979303703,9.301849793037032
8012,1,21.5,36.48366243951318,14.983662439513182
8013,3,20.727272,31.893100709576533,11.165828709576534
8014,2,4.3928,27.731892061525112,23.33909206152511
8015,3,11.36,33.838507683428595,22.478507683428596
8016,4,21.222641,27.082845186225427,5.8602041862254275
8017,5,19.439231,11.666137914497988,7.773093085502012
8018,2,18.313889,14.036145742389536,4.277743257610464
8019,3,19.941463,15.043084423083767,4.898378576916231
8020,4,8.936111,14.082446519375257,5.146335519375256
8021,1,13.612963,14.65736282039079,1.0443998203907903
8022,3,8.661364,14.436594687670253,5.775230687670252
8023,3,2.697333,14.395844930219607,11.698511930219606
8024,4,20.891892,11.55889873416321,9.33299326583679
8025,1,5.657143,14.08521931464692,8.42807631464692
8026,4,7.668571,15.108819902591616,7.440248902591616
8027,4,11.622609,12.08657711753118,0.46396811753117895
8028,3,12.469231,15.4869449233192,3.0177139233191994
8029,3,2.519549,21.54182189504974,19.02227289504974
8030,2,23.076923,27.951945847298745,4.8750228472987445
8031,1,7.054569,23.910280471352692,16.85571147135269
8032,5,43.2,26.411302527991083,16.78869747200892
8033,4,40.088889,22.810647956352746,17.278241043647256
8034,1,45.447369,31.22692500896709,14.220443991032912
8035,1,43.485714,36.095916185005294,7.389797814994708
8036,4,48.666667,34.48797797076426,14.178689029235734
8037,2,34.606452,37.21455427649802,2.6081022764980233
8038,5,26.022857,33.09650348718521,7.073646487185211
8039,2,38.258824,35.90905300737171,2.3497709926282866
8040,3,44.400002,34.394314294283745,10.005687705716255
8041,5,42.241667,24.286384423798346,17.955282576201654
8042,2,21.435294,35.86333694117948,14.428042941179484
8043,4,21.752941,37.697195167347296,15.944254167347296
8044,5,22.177273,27.385095546723782,5.207822546723783
8045,3,25.475,25.580086620428812,0.10508662042881056
8046,3,23.146667,28.675422793199512,5.528755793199512
8047,2,22.235,30.812120188236772,8.577120188236773
8048,1,22.88125,27.164303956517642,4.283053956517641
8049,2,24.55,26.25392938718776,1.7039293871877597
8050,5,23.485714,18.005466458144593,5.480247541855409
8051,3,21.923077,24.290768851161673,2.3676918511616734
8052,2,23.261538,31.25549170266515,7.993953702665149
8053,5,21.513333,23.049505486521294,1.536172486521295
8054,2,12.85,16.189698045012314,3.339698045012314
8055,3,9.653846,22.17071284598772,12.51686684598772
8056,5,15.542368,21.44505180501085,5.902683805010849
8057,1,8.504762,13.070022589542248,4.565260589542248
8058,5,4.595238,22.10665813880387,17.51142013880387
8059,2,9.29589,19.0477944672939,9.751904467293901
8060,3,10.940217,12.386703626121419,1.446486626121418
8061,2,15.0,10.51535146203788,4.484648537962119
8062,2,6.852632,25.75513000051794,18.90249800051794
8063,4,7.609091,9.579835096568319,1.9707440965683185
8064,1,6.972222,19.844880439078317,12.872658439078316
8065,1,4.264,15.421584657359325,11.157584657359326
8066,2,7.82,11.155714921198971,3.3357149211989707
8067,2,22.9,10.946993713696285,11.953006286303713
8068,4,23.200001,21.64862073424694,1.5513802657530604
8069,2,21.9,32.78985356843544,10.889853568435441
8070,5,21.835714,37.0781397876984,15.242425787698398
8071,3,22.63125,33.97269274034803,11.341442740348029
8072,3,22.271428,29.637767482080655,7.3663394820806545
8073,5,25.904348,31.735840038720973,5.831492038720974
8074,1,27.093103,30.261127803792345,3.1680248037923455
8075,2,25.558333,28.98968322955358,3.43135022955358
8076,2,27.07619,27.855736228772937,0.7795462287729364
8077,3,27.096,27.383094670949486,0.28709467094948593
8078,4,25.341176,31.60018962423824,6.259013624238239
8079,1,24.291667,34.23061593472951,9.938948934729506
8080,5,52.525,31.212635619863764,21.312364380136234
8081,2,51.050001,31.67016353869724,19.379837461302763
8082,5,53.956249,38.95859424684263,14.99765475315737
8083,1,51.533333,31.89233642070898,19.64099657929102
8084,1,53.428571,33.283136077474204,20.145434922525794
8085,1,51.118181,35.1143852191419,16.0037957808581
8086,1,51.644445,31.879018091410046,19.76542690858995
8087,4,33.066667,38.98402461646495,5.9173576164649475
8088,4,33.66,38.662757239298934,5.002757239298937
8089,4,33.585715,39.88084088050925,6.2951258805092465
8090,2,33.566667,34.587638867743806,1.0209718677438033
8091,3,33.487499,31.10539289955751,2.3821061004424884
8092,4,34.22,35.89582865958596,1.6758286595859602
8093,1,33.939999,36.53362464297287,2.5936256429728672
8094,2,33.933333,36.28475776882404,2.351424768824046
8095,3,31.009524,32.63156174233074,1.6220377423307397
8096,5,23.427778,37.562697406820774,14.134919406820774
8097,1,25.064286,34.31211736348017,9.24783136348017
8098,1,25.38,24.514350495963775,0.8656495040362238
8099,2,22.895,30.193227431765887,7.298227431765888
8100,4,24.152381,28.932191639642067,4.7798106396420685
8101,1,28.5,20.54126715388499,7.958732846115009
8102,2,28.5,30.262328059615733,1.762328059615733
8103,4,31.345454,27.111553070904087,4.233900929095913
8104,1,25.89375,31.298331539017173,5.4045815390171725
8105,5,31.716666,33.17809643604499,1.4614304360449886
8106,2,26.835714,28.619697601718247,1.7839836017182478
8107,3,23.869231,29.531250456108445,5.662019456108446
8108,2,25.78,25.389610647792697,0.3903893522073041
8109,2,25.895455,26.00531105355919,0.10985605355919148
8110,5,26.633333,33.755439121055524,7.122106121055523
8111,1,25.294737,34.4341341830278,9.1393971830278
8112,4,24.747619,46.14340055874342,21.395781558743423
8113,1,25.544444,30.581487645826776,5.0370436458267775
8114,4,26.02,26.632790460241125,0.6127904602411256
8115,1,26.957143,31.01055832091938,4.053415320919381
8116,1,24.244445,25.000439705643654,0.7559947056436549
8117,2,28.3,42.457231929294295,14.157231929294294
8118,2,41.299999,23.10043642945763,18.19956257054237
8119,1,28.569565,35.220544554070145,6.650979554070144
8120,5,36.799999,37.97262447943518,1.1726254794351831
8121,1,32.1,25.38763859412838,6.712361405871622
8122,1,32.164,36.895456539347194,4.731456539347192
8123,5,35.368421,27.766237224712288,7.60218377528771
8124,2,34.715789,34.14031128459722,0.5754777154027835
8125,5,41.0,35.33996742418387,5.660032575816132
8126,1,29.684616,37.393747782075415,7.709131782075417
8127,3,34.0625,28.82566202195642,5.236837978043582
8128,4,32.195833,32.07438169468589,0.12145130531411041
8129,2,35.766667,31.466351829679855,4.300315170320143
8130,5,30.766667,36.423259177793,5.656592177792998
8131,3,29.736363,35.589963514603824,5.853600514603823
8132,4,22.56,30.045668910917986,7.485668910917987
8133,5,36.975,44.39759490540393,7.422594905403926
8134,2,29.385,35.15177861960185,5.766778619601848
8135,5,26.3125,29.50637599063887,3.193875990638869
8136,1,27.15,30.218416145932533,3.0684161459325345
8137,1,24.5,35.52777277614818,11.027772776148183
8138,1,22.616666,41.017790618017834,18.401124618017835
8139,1,22.200001,29.93426193529304,7.73426093529304
8140,3,26.299999,34.898944980971656,8.598945980971656
8141,3,20.5,37.06079291916403,16.56079291916403
8142,3,44.433333,37.185267693773774,7.2480653062262235
8143,4,42.8125,33.35911604511446,9.453383954885538
8144,1,37.276923,36.39732225879334,0.8796007412066587
8145,3,34.55,31.023813663868392,3.5261863361316053
8146,3,42.370588,32.3901559477864,9.980432052213601
8147,1,39.611111,34.09131626043346,5.519794739566542
8148,4,43.636364,31.756928704548944,11.879435295451056
8149,2,40.378379,33.60337030007906,6.775008699920946
8150,5,43.749999,31.796101842105813,11.95389715789419
8151,2,46.185,34.453438157640186,11.731561842359817
8152,5,21.106667,27.53795249563821,6.431285495638207
8153,4,46.890909,19.82025381532533,27.07065518467467
8154,5,46.582609,29.139545446035044,17.443063553964954
8155,5,16.866666,33.89031693106727,17.02365093106727
8156,2,12.91,20.954894429215916,8.044894429215915
8157,3,17.215385,23.843411870800207,6.6280268708002055
8158,1,16.629412,21.23880208287984,4.609390082879841
8159,1,14.633334,18.44640584318795,3.8130718431879504
8160,4,16.438889,16.62186484600051,0.18297584600050953
8161,2,14.615385,31.376387493248014,16.761002493248014
8162,5,17.083333,23.754944111014208,6.671611111014208
8163,3,12.844444,19.814438522924704,6.969994522924704
8164,5,13.571429,17.648132697571018,4.076703697571018
8165,2,14.672,18.599350935091717,3.9273509350917166
8166,3,15.236363,17.261894063461728,2.0255310634617274
8167,3,12.78,23.39016948819436,10.61016948819436
8168,1,13.16,25.370105874172364,12.210105874172363
8169,2,15.4125,16.300156728991663,0.8876567289916633
8170,2,17.192593,20.172146528829767,2.9795535288297685
8171,3,32.610345,22.049984787838913,10.56036021216109
8172,5,24.867391,30.57071692767794,5.703325927677938
8173,5,29.28,29.192388255129117,0.08761174487088397
8174,4,29.13871,34.24433765003833,5.105627650038333
8175,5,30.4325,25.741133483634286,4.691366516365715
8176,3,33.799999,27.97133688253615,5.82866211746385
8177,1,26.282353,33.71930424301123,7.4369512430112295
8178,3,23.670588,31.33348510311838,7.662897103118382
8179,4,68.25,29.384398207038704,38.8656017929613
8180,2,67.75,38.05124735573978,29.698752644260217
8181,4,64.333333,43.26731245656145,21.066020543438547
8182,4,53.299999,42.146936403620735,11.153062596379264
8183,1,45.028572,47.25083567794824,2.2222636779482414
8184,3,52.472728,47.95446623010385,4.518261769896149
8185,1,55.966668,51.7455154862249,4.221152513775095
8186,4,43.096429,42.232027596724244,0.8644014032757568
8187,2,64.549999,44.62246685640676,19.92753214359324
8188,3,63.619999,32.80621017146294,30.813788828537056
8189,5,61.275,40.67542397003775,20.59957602996225
8190,5,67.900002,44.947967934214994,22.952034065785007
8191,1,61.525,33.15726126203706,28.367738737962938
8192,2,57.525,54.261612993673566,3.2633870063264325
8193,3,71.100002,50.844439513005995,20.25556248699401
8194,5,61.1875,52.174961903210374,9.012538096789626
8195,5,50.655556,47.97018422777312,2.6853717722268797
8196,2,65.600001,30.717342097605517,34.88265890239449
8197,1,63.34,55.322898968965625,8.017101031034379
8198,2,62.675,43.933340547914646,18.74165945208535
8199,4,69.533333,54.9540806870089,14.579252312991102
8200,4,31.366667,53.852076535500984,22.485409535500985
8201,4,31.790909,46.68805791328904,14.897148913289044
8202,5,30.46,47.93444817055084,17.474448170550836
8203,3,23.682645,51.988531515207505,28.305886515207504
8204,1,26.875,20.645007213029572,6.229992786970428
8205,1,27.119231,41.75956303582592,14.64033203582592
8206,3,20.397368,30.158914662910654,9.761546662910654
8207,2,25.558824,24.49958556985548,1.0592384301445215
8208,5,35.033333,27.779016303329087,7.254316696670912
8209,3,28.684615,37.436076108908054,8.751461108908053
8210,4,35.514285,40.54415047986114,5.029865479861137
8211,1,34.821053,34.242764718712415,0.578288281287584
8212,5,35.570589,40.866100218610086,5.295511218610088
8213,5,25.745,33.35271696446559,7.607716964465592
8214,1,35.042857,26.921069684583383,8.121787315416615
8215,2,33.665,37.38165500763764,3.716655007637641
8216,3,32.0,31.578814666425938,0.42118533357406207
8217,4,32.275,39.52727042119824,7.25227042119824
8218,1,34.5,40.88169762619309,6.381697626193088
8219,5,33.590323,43.105270963081324,9.514947963081326
8220,5,29.468182,36.141147841052934,6.672965841052935
8221,1,34.909091,27.13686523238228,7.772225767617716
8222,1,30.273333,30.847176613978228,0.5738436139782266
8223,1,26.681081,37.75126848299139,11.070187482991393
8224,4,28.947143,26.75334461880363,2.1937983811963697
8225,2,37.233334,28.09048793247904,9.14284606752096
8226,5,38.754054,39.83564818762434,1.08159418762434
8227,5,35.690909,45.67927939959324,9.988370399593244
8228,5,34.271429,43.392336434590604,9.120907434590606
8229,1,39.666668,43.64476896469774,3.978100964697738
8230,5,48.27,41.23202270845306,7.0379772915469445
8231,2,49.8,40.927744673651205,8.872255326348792
8232,5,45.872727,43.368847251537055,2.5038797484629427
8233,3,45.645833,34.01302986272615,11.632803137273854
8234,5,46.727273,34.486606754941825,12.240666245058172
8235,4,50.568,41.788288657054,8.779711342946001
8236,2,49.616666,34.18003553144379,15.43663046855621
8237,1,53.983334,33.273523247726175,20.709810752273825
8238,5,46.164706,37.967002044555535,8.197703955444467
8239,4,53.83,29.68430164446835,24.14569835553165
8240,1,37.460869,34.71714762862964,2.7437213713703628
8241,2,35.167857,33.23562774246432,1.9322292575356812
8242,1,29.4375,31.719626806201074,2.2821268062010738
8243,3,31.67,30.947705598909323,0.7222944010906787
8244,4,25.55614,33.485617107596525,7.929477107596526
8245,5,34.582143,29.65595889174383,4.926184108256173
8246,1,27.981482,34.551879149181936,6.570397149181936
8247,1,31.116129,26.769909315864847,4.3462196841351535
8248,1,25.633846,29.309668488799026,3.675822488799028
8249,3,21.848077,24.98387572702319,3.1357987270231895
8250,2,31.196552,24.977668362185582,6.218883637814418
8251,1,36.310204,28.82395971400134,7.486244285998659
8252,4,31.741667,34.40395696865038,2.662289968650377
8253,2,31.6,31.27147177346226,0.32852822653774183
8254,3,30.916667,37.63462472863824,6.717957728638236
8255,1,31.608333,32.40663592570468,0.7983029257046788
8256,3,30.535714,40.10693376466944,9.571219764669443
8257,2,20.551818,34.726949127472245,14.175131127472245
8258,5,21.240854,26.421525441772452,5.1806714417724535
8259,4,33.233099,24.097943063864044,9.135155936135959
8260,2,19.3,25.26359527168166,5.963595271681658
8261,4,22.726106,24.889759093119856,2.163653093119855
8262,3,30.212883,26.60412565989878,3.6087573401012207
8263,1,20.169014,25.398835866313487,5.229821866313486
8264,5,22.67,22.683332906356902,0.013332906356900764
8265,3,28.95,32.639953779691766,3.6899537796917663
8266,4,24.057895,41.09800443124933,17.04010943124933
8267,1,27.200001,35.74394778706676,8.543946787066758
8268,2,23.422222,36.99498139715925,13.572759397159249
8269,3,22.8,30.51347182387956,7.7134718238795585
8270,2,26.3,29.845267495745112,3.5452674957451116
8271,3,22.017647,36.77758338997818,14.759936389978183
8272,3,26.425,23.907502564981076,2.5174974350189245
8273,4,58.936363,37.45644894673519,21.479914053264807
8274,2,53.606667,41.43491693759986,12.171750062400143
8275,4,55.52,40.4266165160728,15.093383483927205
8276,3,53.533334,37.97030575312963,15.563028246870374
8277,4,53.79,33.59678110081748,20.19321889918252
8278,1,55.564706,35.24917018937899,20.315535810621014
8279,3,44.75,41.63403053580754,3.1159694641924602
8280,1,44.85,39.180069886515845,5.669930113484156
8281,4,42.508333,38.31073766725505,4.197595332744953
8282,3,44.275,39.170163164680176,5.104836835319823
8283,1,43.581818,44.01360502462498,0.4317870246249811
8284,3,42.004762,38.819828842028095,3.184933157971905
8285,1,30.54,32.04744837084856,1.5074483708485573
8286,5,43.35,41.29321657063429,2.0567834293657086
8287,2,53.633334,43.10710470507763,10.526229294922366
8288,1,27.6,43.172915880142575,15.572915880142574
8289,4,54.8,26.119869297447522,28.680130702552475
8290,3,41.499999,34.48500062474274,7.014998375257264
8291,2,52.833333,31.28390219238096,21.549430807619043
8292,3,46.799999,36.95567448648351,9.84432451351649
8293,3,33.468182,31.98229823799275,1.4858837620072478
8294,1,38.200001,41.776376509558226,3.5763755095582255
8295,1,47.164286,45.83593025734521,1.3283557426547858
8296,3,46.233334,46.74364038117596,0.5103063811759583
8297,2,49.46,43.439471459778474,6.020528540221527
8298,2,46.74,47.848895828107764,1.1088958281077623
8299,3,52.400002,44.06653780127776,8.33346419872224
8300,1,51.299999,43.33275993710977,7.967239062890229
8301,1,44.977777,44.11347327949668,0.8643037205033224
8302,3,40.361538,44.053605898727575,3.692067898727572
8303,3,34.93125,41.92547347250606,6.994223472506064
8304,2,48.725,36.227767517911786,12.497232482088215
8305,2,42.905882,41.77198872945238,1.1338932705476168
8306,5,48.40625,45.77201073479495,2.6342392652050535
8307,4,50.700001,45.793841219719155,4.906159780280845
8308,5,52.383334,44.120748086931336,8.262585913068662
8309,1,54.199999,45.90273011984591,8.297268880154085
8310,2,52.639999,32.11325247660121,20.526746523398792
8311,5,45.82,36.529213952317455,9.290786047682545
8312,4,53.4,31.100792568948435,22.299207431051563
8313,1,44.952941,33.87015470711772,11.082786292882282
8314,3,51.52353,36.22795434060318,15.295575659396818
8315,4,48.658333,31.807249021442477,16.851083978557522
8316,1,28.826667,32.772047511653106,3.9453805116531058
8317,4,23.541177,28.634745966886257,5.093568966886256
8318,2,27.31875,30.35398423966945,3.0352342396694496
8319,5,21.666667,26.801802813003313,5.135135813003313
8320,5,23.145,25.62396218497223,2.4789621849722288
8321,5,25.294445,26.351977610279793,1.057532610279793
8322,5,24.633333,27.184852399611113,2.551519399611113
8323,2,33.982222,26.036562239575883,7.9456597604241175
8324,2,37.549999,32.17316708174009,5.37683191825991
8325,5,33.396667,31.50156039670935,1.8951066032906496
8326,4,33.54,30.980923513956398,2.559076486043601
8327,4,36.232,31.92830685466137,4.303693145338631
8328,4,31.343333,36.658159406541664,5.314826406541663
8329,4,38.599998,28.008697385418007,10.591300614581993
8330,1,25.45,33.17315013518847,7.723150135188472
8331,1,26.7,35.1466001700847,8.446600170084704
8332,4,30.672,34.622016022047006,3.9500160220470057
8333,4,24.186487,34.3197575014722,10.133270501472204
8334,2,28.933333,27.50346371738562,1.42986928261438
8335,5,32.329167,30.64390482710297,1.6852621728970298
8336,1,26.353488,32.42791512238757,6.0744271223875685
8337,2,13.083333,31.499522072631603,18.416189072631603
8338,5,21.932,41.36500022023544,19.43300022023544
8339,2,27.9975,26.327235303968276,1.6702646960317225
8340,5,28.927344,41.73306582055894,12.80572182055894
8341,2,26.08,27.496557975485356,1.4165579754853574
8342,4,27.639216,26.939073244146183,0.7001427558538182
8343,3,23.096703,26.289700679613127,3.192997679613125
8344,2,15.106915,23.246264081386183,8.139349081386182
8345,4,42.650002,24.553631289253783,18.096370710746218
8346,4,34.4,36.07524084855477,1.6752408485547718
8347,3,28.75,33.739153519974224,4.989153519974224
8348,3,33.050001,34.18713892082608,1.1371379208260777
8349,4,41.810001,34.364648929522495,7.4453520704775045
8350,4,25.175,35.13887730321032,9.963877303210321
8351,4,24.864706,18.004757215355713,6.859948784644288
8352,5,25.22,24.87027252312826,0.3497274768717382
8353,4,26.133333,24.956821060780417,1.1765119392195835
8354,2,24.945834,27.272683981173273,2.3268499811732717
8355,2,27.766667,27.612399051956274,0.1542679480437279
8356,5,27.466667,26.609275935783742,0.8573910642162588
8357,5,25.368182,26.24969511947025,0.8815131194702488
8358,2,23.552631,27.827642191275135,4.275011191275134
8359,3,28.466667,26.202798587412033,2.263868412587968
8360,4,44.065333,26.491542800728187,17.573790199271816
8361,1,40.992265,30.560086852600033,10.43217814739997
8362,4,40.337413,26.701380365326084,13.636032634673914
8363,5,27.114286,28.7322498463652,1.6179638463651997
8364,3,26.366667,41.46379473257408,15.09712773257408
8365,4,28.54375,39.69795608455035,11.15420608455035
8366,1,27.705263,34.734910410729505,7.029647410729506
8367,4,46.078947,42.79613939424537,3.282807605754627
8368,2,47.166667,39.75202447520573,7.414642524794267
8369,4,46.655555,43.87224454856652,2.783310451433479
8370,4,48.666667,45.73588052438627,2.930786475613729
8371,3,44.326667,42.78554867143737,1.5411183285626322
8372,2,49.82,48.595713118252625,1.2242868817473749
8373,3,49.9,47.67977052687635,2.220229473123652
8374,2,39.542105,48.25397051491661,8.71186551491661
8375,3,47.541177,34.64479559380817,12.896381406191828
8376,2,52.540909,41.33311467917724,11.207794320822757
8377,2,51.0,41.31651144949074,9.68348855050926
8378,5,43.394737,46.61350393702715,3.218766937027148
8379,2,41.25,33.36065228907673,7.889347710923268
8380,1,44.88,36.70224822789816,8.177751772101843
8381,4,60.770588,29.666747336485034,31.103840663514962
8382,1,54.133333,41.69039327294441,12.442939727055588
8383,1,45.331251,34.62542673348875,10.70582426651125
8384,2,51.34,43.862766312142824,7.477233687857179
8385,3,35.65,35.91323501525397,0.26323501525396864
8386,4,39.528571,31.07158302365344,8.45698797634656
8387,4,49.972727,34.85096975923412,15.12175724076588
8388,2,56.37647,32.866505171321414,23.509964828678584
8389,5,41.600001,34.701041923518666,6.898959076481333
8390,2,25.888889,33.0043128075562,7.115423807556198
8391,2,29.400001,36.55047318498611,7.150472184986111
8392,5,30.75,35.74214981737563,4.992149817375633
8393,5,27.3,36.7942795206694,9.494279520669398
8394,3,26.8,35.107585301278256,8.307585301278255
8395,2,27.981818,35.77939076365474,7.797572763654738
8396,3,21.358823,26.146991114733286,4.788168114733285
8397,4,21.73,26.759061411379992,5.029061411379992
8398,3,22.737037,37.37729766557998,14.64026066557998
8399,4,28.125,39.8667922231217,11.7417922231217
8400,1,25.481633,27.46098066235901,1.979347662359011
8401,4,22.842424,28.24094863073018,5.398524630730179
8402,4,31.194737,25.413930512592597,5.780806487407403
8403,1,30.982609,25.496721464560707,5.485887535439293
8404,3,20.506977,25.454969112567234,4.947992112567235
8405,2,24.780769,27.864268186221484,3.0834991862214842
8406,1,30.507143,24.158509256369964,6.348633743630035
8407,5,24.070588,25.23263844583399,1.1620504458339909
8408,3,29.75,38.01838935607605,8.26838935607605
8409,3,27.890909,30.19667445014976,2.30576545014976
8410,4,29.433334,33.86713044963891,4.433796449638908
8411,2,18.453333,31.29774043503439,12.844407435034391
8412,1,23.128125,38.340824301253846,15.212699301253846
8413,3,19.361364,26.152370879581348,6.791006879581349
8414,4,25.185185,32.698962586873684,7.513777586873683
8415,5,15.696154,32.38301581681114,16.68686181681114
8416,1,26.5,37.810733471155395,11.310733471155395
8417,3,25.211111,34.95531785411176,9.744206854111763
8418,4,17.295238,29.591452254470234,12.296214254470232
8419,1,16.845385,28.4045006394986,11.5591156394986
8420,3,22.158974,26.375009694650778,4.2160356946507775
8421,2,22.859375,32.81520549816933,9.955830498169327
8422,2,42.6,45.79872723826192,3.1987272382619167
8423,3,40.768085,31.337283395551555,9.430801604448444
8424,3,40.7,40.05037466277381,0.6496253372261904
8425,1,42.733334,43.449163850865716,0.7158298508657168
8426,3,38.822222,34.649168367813964,4.173053632186033
8427,5,40.314286,39.38868500246434,0.9256009975356605
8428,5,44.200001,42.16035910900182,2.0396418909981833
8429,5,37.966667,34.738275801056254,3.228391198943747
8430,3,44.166665,41.018334660578795,3.148330339421207
8431,4,46.225,41.07567040544864,5.149329594551361
8432,4,41.875,35.185128464906754,6.689871535093246
8433,5,44.15,43.836186579988755,0.31381342001124324
8434,5,43.0,37.31273010935974,5.687269890640259
8435,5,25.906897,34.58971701107007,8.68282001107007
8436,5,26.675,33.88209321779627,7.207093217796267
8437,1,24.616666,31.54122164745502,6.924555647455023
8438,4,28.427273,25.741319448542185,2.685953551457814
8439,1,27.451429,35.01614212217264,7.564713122172638
8440,4,26.396,25.788406567058857,0.6075934329411439
8441,2,25.7125,28.08257808530362,2.3700780853036214
8442,5,26.858333,37.2863745347963,10.428041534796304
8443,3,27.783333,33.49814246847796,5.714809468477959
8444,4,25.39,26.520950695000863,1.1309506950008625
8445,5,22.99697,22.98063632673096,0.016333673269041782
8446,3,44.991667,39.423948210498025,5.567718789501974
8447,3,46.525,38.195295872884884,8.329704127115114
8448,4,45.099998,43.83585798783262,1.2641400121673811
8449,3,40.431579,42.3443546384484,1.9127756384484016
8450,3,39.355556,41.252818615792954,1.897262615792954
8451,1,39.49375,42.79302261342593,3.2992726134259343
8452,2,24.296154,26.78252724124137,2.4863732412413704
8453,5,25.982,28.723338238668948,2.7413382386689484
8454,1,25.295783,26.83798711069116,1.5422041106911593
8455,3,22.524615,25.36233191595121,2.8377169159512086
8456,2,38.607692,37.03774142947489,1.5699505705251084
8457,2,62.200001,34.01073440430227,28.18926659569773
8458,4,36.769231,40.288153219470296,3.518922219470298
8459,4,32.057143,39.231280759713655,7.174137759713652
8460,3,59.200001,44.07566484067131,15.124336159328692
8461,4,53.422223,39.551969938268556,13.870253061731447
8462,1,61.6,44.42414413730907,17.17585586269093
8463,4,61.85,41.83382041636973,20.01617958363027
8464,3,53.950001,42.50567540480398,11.44432559519602
8465,5,34.411111,25.69125523234854,8.71985576765146
8466,2,52.150001,32.9518681378727,19.198132862127302
8467,5,36.900002,37.916116519812164,1.016114519812163
8468,1,36.200001,35.81001255068467,0.3899884493153323
8469,4,35.700001,31.85860836436442,3.8413926356355788
8470,4,21.848387,25.36973105260181,3.521344052601812
8471,1,23.066667,30.74046229863328,7.67379529863328
8472,5,28.311111,28.805958396290062,0.49484739629006214
8473,2,31.816129,26.43674100909042,5.379387990909581
8474,4,29.028261,28.84168377994847,0.18657722005152877
8475,4,32.585714,18.650964308946445,13.934749691053558
8476,5,12.330945,31.903509916183513,19.572564916183513
8477,5,10.525,21.54237626136589,11.017376261365891
8478,1,14.907317,31.594503837153436,16.687186837153433
8479,1,18.599999,20.711030211313332,2.111031211313332
8480,4,17.496587,16.399663200615027,1.0969237993849745
8481,4,14.686945,25.682531546688033,10.995586546688033
8482,3,15.965789,20.472658130758035,4.5068691307580355
8483,1,11.879842,22.588756252447478,10.708914252447478
8484,3,12.010909,26.822380314222688,14.811471314222688
8485,1,15.267241,27.499835488179553,12.232594488179553
8486,2,14.589655,31.89159901405713,17.30194401405713
8487,4,14.459375,41.19948664805422,26.740111648054217
8488,1,25.430769,37.658100933623686,12.227331933623685
8489,3,33.65,30.737619468505304,2.9123805314946942
8490,1,30.015,40.35587741974444,10.340877419744437
8491,4,40.255555,27.732130229322095,12.523424770677906
8492,3,31.427273,25.26770767897883,6.159565321021169
8493,2,28.259091,34.94106666585383,6.68197566585383
8494,2,32.25,34.60523177296955,2.355231772969553
8495,1,27.9,50.835059277528394,22.935059277528396
8496,1,28.3,34.18376573009984,5.883765730099842
8497,4,34.6625,39.40902001399273,4.746520013992729
8498,4,42.727273,41.7787032061071,0.9485697938928936
8499,1,45.81,43.80827525102707,2.001724748972933
8500,1,60.400001,45.14148990585979,15.25851109414021
8501,4,57.133333,48.45790121968251,8.675431780317489
8502,5,61.550001,41.684280912060174,19.865720087939827
8503,5,56.366667,48.824296418280426,7.542370581719574
8504,3,58.52,25.259100879679213,33.260899120320786
8505,4,26.331579,43.494069637242745,17.162490637242744
8506,1,29.9,40.6265742972341,10.726574297234102
8507,2,57.4375,25.783624647460147,31.653875352539853
8508,5,25.384848,40.53640287833594,15.15155487833594
8509,2,50.400001,37.02163647843987,13.37836452156013
8510,3,34.207693,46.681876286496006,12.474183286496007
8511,1,44.89,23.480800998337905,21.409199001662095
8512,5,35.858824,41.40386865277781,5.545044652777811
8513,2,50.2,42.63543710199312,7.5645628980068835
8514,1,49.148,42.389386395849876,6.758613604150128
8515,1,48.52381,42.11029017767,6.413519822329995
8516,1,41.79375,36.65691211177713,5.136837888222871
8517,1,41.450001,39.457161928630974,1.9928390713690263
8518,1,42.614286,32.563179011892856,10.051106988107144
8519,5,39.335294,43.152290817742745,3.816996817742748
8520,1,46.6,42.33780257946558,4.26219742053442
8521,4,43.950001,24.265024428976844,19.684976571023157
8522,1,25.326667,25.661135204437187,0.3344682044371865
8523,3,26.758823,26.142432557434272,0.6163904425657272
8524,4,25.276923,25.527528077724224,0.2506050777242237
8525,3,25.32,25.188423597030443,0.1315764029695572
8526,3,27.2,25.90326715886704,1.296732841132961
8527,5,24.183333,27.893119127066687,3.7097861270666854
8528,4,24.355556,26.106276218629116,1.750720218629116
8529,5,28.813334,37.86578032020107,9.052446320201067
8530,3,41.892308,33.79364862119639,8.09865937880361
8531,3,33.815,39.65889350992524,5.843893509925245
8532,3,47.788235,39.466013370953725,8.322221629046275
8533,5,40.941667,33.68678646501818,7.254880534981822
8534,3,44.6,39.60272115485782,4.9972788451421835
8535,4,47.436364,45.15538096198731,2.2809830380126854
8536,3,46.45,40.273155808558165,6.1768441914418375
8537,4,39.8,44.24995435838229,4.449954358382293
8538,2,44.8375,40.44747763787227,4.390022362127731
8539,2,55.03,45.35859923245767,9.67140076754233
8540,3,54.75,38.54763018608663,16.20236981391337
8541,1,50.4,48.34616286965004,2.0538371303499616
8542,2,56.733334,40.747206631148806,15.986127368851193
8543,3,55.57,38.424458383220916,17.145541616779084
8544,2,55.866667,42.37870464001651,13.487962359983491
8545,3,57.25,42.26984592876525,14.98015407123475
8546,1,30.838461,46.32118994489945,15.482728944899453
8547,4,32.942857,35.71690455441998,2.7740475544199867
8548,4,30.09,31.037091436775803,0.9470914367758034
8549,5,35.694737,30.898950677884105,4.795786322115898
8550,2,36.822222,35.99933239542065,0.8228896045793448
8551,4,30.834615,44.4196903448406,13.585075344840604
8552,3,28.3,27.696528668428158,0.6034713315718427
8553,4,27.404546,26.385826866740953,1.0187191332590473
8554,5,29.55,27.982188418070262,1.567811581929739
8555,5,26.335294,29.307437229279095,2.9721432292790944
8556,4,29.36875,28.767824564516523,0.6009254354834752
8557,4,31.107143,27.01316101097961,4.093981989020392
8558,2,28.12,42.16087983204231,14.040879832042311
8559,4,35.355,37.73264431091484,2.377644310914846
8560,4,36.64,19.19698645576886,17.44301354423114
8561,4,27.080952,32.98106403542458,5.900112035424581
8562,4,38.703846,33.57341984259126,5.130426157408742
8563,2,40.8625,39.519244209875396,1.3432557901246014
8564,5,44.861538,40.93959683141139,3.92194116858861
8565,1,41.43,37.42777804998637,4.002221950013627
8566,4,31.373684,39.636234079228885,8.262550079228884
8567,5,45.186666,31.587758923858484,13.598907076141519
8568,4,31.3375,38.13506568529429,6.797565685294295
8569,4,42.082353,19.52628254477331,22.55607045522669
8570,3,12.231034,28.79651922657303,16.56548522657303
8571,5,13.886697,25.538095927558444,11.651398927558445
8572,2,16.390345,27.36522445575464,10.974879455754639
8573,1,17.848214,33.601929097173326,15.753715097173327
8574,4,20.933334,25.77717789720539,4.843843897205392
8575,4,18.181395,44.135002171246676,25.953607171246677
8576,3,68.933332,36.397938520622986,32.53539347937701
8577,5,57.450001,39.09715037916478,18.35285062083522
8578,4,59.085714,42.2677527370688,16.817961262931206
8579,1,55.411111,46.91040310914816,8.500707890851835
8580,5,55.883333,42.003438560861845,13.879894439138155
8581,1,65.171428,36.517584840051576,28.65384315994843
8582,3,56.712501,46.95895904468258,9.753541955317424
8583,2,61.360001,46.67996739534612,14.680033604653879
8584,4,56.662499,47.07067428887306,9.59182471112694
8585,3,64.525001,44.88600578191466,19.63899521808534
8586,5,59.299999,44.31973400875532,14.980264991244681
8587,1,66.099998,42.716462064047796,23.383535935952203
8588,4,57.44,45.66282062940939,11.77717937059061
8589,1,62.124999,41.67360079192588,20.451398208074124
8590,4,56.154545,52.15896436471557,3.9955806352844263
8591,5,56.563636,41.396512582987484,15.167123417012519
8592,5,57.466667,33.03884334028177,24.42782365971823
8593,3,48.078948,30.497693092999896,17.5812549070001
8594,2,56.975,36.157852342574735,20.817147657425267
8595,5,60.922223,39.705935709184544,21.21628729081546
8596,1,60.258333,39.61005355814154,20.648279441858463
8597,5,57.805,37.10605181802512,20.698948181974878
8598,1,51.094118,32.882128733130294,18.211989266869708
8599,5,60.147369,44.837731731339254,15.309637268660744
8600,1,51.57647,35.326772161764595,16.249697838235406
8601,5,56.471428,39.02625260323611,17.445175396763894
8602,3,55.383333,49.87897488422173,5.504358115778267
8603,3,55.622222,34.12444987608399,21.497772123916008
8604,1,52.7,34.664232147025956,18.035767852974047
8605,4,51.444445,35.988747050371394,15.455697949628608
8606,3,29.855,31.12441588266196,1.26941588266196
8607,1,22.290909,33.783386675242745,11.492477675242746
8608,1,36.72,35.004156719494034,1.7158432805059647
8609,5,24.138095,21.482620290674294,2.6554747093257056
8610,4,34.604348,31.47353761084394,3.1308103891560606
8611,4,28.168421,25.17310074962451,2.9953202503754888
8612,1,23.477778,28.45300635468988,4.975228354689879
8613,2,23.672414,24.582850614591695,0.9104366145916956
8614,3,24.513637,26.480534363302343,1.966897363302344
8615,2,25.25,26.890943886638894,1.640943886638894
8616,5,29.95,38.68922041132541,8.739220411325409
8617,1,22.858334,27.607582218280555,4.749248218280556
8618,3,24.525,26.405940339412773,1.8809403394127742
8619,5,27.272727,32.27586369551842,5.0031366955184176
8620,1,24.914286,27.912843443598497,2.9985574435984965
8621,1,32.171428,36.36961205268672,4.19818405268672
8622,1,31.415789,39.60442880353371,8.188639803533707
8623,5,32.250001,34.90691909750266,2.656918097502661
8624,1,35.755555,43.17469380456879,7.419138804568789
8625,3,39.211765,33.55618901322158,5.655575986778423
8626,2,36.91,37.977835603235434,1.0678356032354372
8627,1,28.7,35.40147531007012,6.701475310070119
8628,4,34.018182,36.227374460936495,2.2091924609364924
8629,2,31.115,37.34456779934535,6.22956779934535
8630,3,35.914286,35.21028457052048,0.7040014294795185
8631,1,34.200001,31.331398366323416,2.868602633676584
8632,5,37.483333,40.48631166792396,3.002978667923955
8633,5,33.125,27.640038986362622,5.484961013637378
8634,1,35.347619,29.025784455425274,6.3218345445747275
8635,3,40.184615,39.7737155190952,0.41089948090480277
8636,5,39.945455,38.06091488446261,1.8845401155373906
8637,2,35.376923,36.51832129370301,1.1413982937030127
8638,3,36.658333,42.210091005055574,5.551758005055575
8639,3,40.269231,33.01517135885865,7.254059641141346
8640,1,40.981818,35.94823989334392,5.03357810665608
8641,1,27.828572,28.78845405658855,0.9598820565885475
8642,4,30.188571,24.56577043042858,5.622800569571421
8643,2,26.195238,25.778985048603484,0.4162529513965154
8644,1,27.668182,35.08051713762848,7.412335137628482
8645,3,26.433333,28.679531631652797,2.2461986316527955
8646,5,28.325,30.78411079365409,2.459110793654091
8647,5,29.094737,26.624180051594593,2.470556948405406
8648,5,23.9475,22.178232431468533,1.7692675685314683
8649,4,31.686364,29.153087245536813,2.533276754463188
8650,3,30.965,29.809273434781748,1.1557265652182522
8651,2,30.92,26.98718898054033,3.9328110194596704
8652,4,25.85,21.699022731994493,4.150977268005509
8653,2,27.895833,25.35549216911178,2.540340830888219
8654,4,20.306024,21.28598280238961,0.9799588023896106
8655,4,23.754546,22.75414863696312,1.0003973630368819
8656,5,19.901818,22.768605957996197,2.8667879579961983
8657,4,22.851852,24.68157335794321,1.8297213579432103
8658,1,23.769231,31.240521243534253,7.471290243534252
8659,5,21.311458,19.96220807399541,1.349249926004589
8660,3,23.69375,29.22775879171429,5.534008791714289
8661,4,18.405263,22.630281818208644,4.225018818208643
8662,5,41.957143,37.264707898233425,4.692435101766577
8663,1,42.794737,37.98731356768586,4.807423432314138
8664,3,45.5,37.27040718475541,8.229592815244587
8665,2,43.2,34.37302768686397,8.826972313136032
8666,5,43.53,37.38573484604566,6.144265153954343
8667,4,25.332433,26.603722007938945,1.2712890079389432
8668,1,45.200001,31.700449433900115,13.499551566099885
8669,5,42.042857,36.47101401584527,5.571842984154728
8670,1,38.7,36.019031200931884,2.6809687990681184
8671,1,35.015385,26.502743114442456,8.512641885557546
8672,3,14.450617,25.767532821162696,11.316915821162697
8673,2,24.113333,25.373030429866244,1.2596974298662431
8674,3,38.65102,28.532109385793337,10.118910614206666
8675,2,31.206522,28.377500781657098,2.829021218342902
8676,4,29.618033,25.44893256554301,4.16910043445699
8677,1,30.864286,24.596540302003735,6.267745697996265
8678,3,26.23945,28.422254716967647,2.182804716967645
8679,1,30.920879,24.137577331499553,6.783301668500446
8680,5,28.306897,29.20790544938276,0.9010084493827613
8681,4,38.728572,36.62601836770769,2.102553632292313
8682,4,32.8,26.777325038336784,6.022674961663213
8683,1,26.999138,25.534822999902865,1.464315000097134
8684,5,38.844445,44.37659350556203,5.532148505562027
8685,3,41.28,41.196614433471616,0.08338556652838491
8686,4,40.2,39.64959863193396,0.5504013680660407
8687,1,38.133333,36.836527821164864,1.296805178835136
8688,3,39.8875,40.498445347521205,0.6109453475212021
8689,1,36.015384,39.49286480201287,3.4774808020128702
8690,3,34.915385,32.593039469166655,2.3223455308333456
8691,5,40.030769,34.72517552622815,5.30559347377185
8692,3,35.863636,41.567769019005986,5.704133019005987
8693,1,36.575001,29.116911828308222,7.458089171691778
8694,1,36.530952,42.926206503821724,6.395254503821725
8695,2,29.232258,34.711197286746675,5.478939286746673
8696,1,48.39,40.741379679373004,7.648620320626996
8697,2,25.168182,24.932934997835087,0.23524700216491468
8698,3,25.93,26.883289116039453,0.9532891160394534
8699,4,36.818182,46.167728569565874,9.349546569565874
8700,2,37.431251,31.002151040019847,6.429099959980157
8701,1,48.358334,38.59390126713124,9.764432732868762
8702,5,28.788,36.988637589204366,8.200637589204366
8703,3,33.544827,37.22281616629035,3.6779891662903523
8704,1,28.623529,31.252180086326632,2.628651086326631
8705,5,33.152632,30.41561185974205,2.737020140257947
8706,4,25.983333,25.943871620182033,0.039461379817964826
8707,5,32.907143,27.42863495916402,5.478508040835976
8708,2,26.613333,27.163169743453164,0.549836743453163
8709,3,30.473334,26.563713555031658,3.9096204449683434
8710,4,31.142106,24.466512587694726,6.675593412305272
8711,5,29.741667,33.37718466511803,3.63551766511803
8712,5,34.678571,36.7174009570046,2.0388299570046016
8713,3,30.159091,34.785320597950616,4.626229597950616
8714,4,41.141667,39.25834775654907,1.8833192434509272
8715,2,45.075,31.38633916019177,13.688660839808232
8716,5,33.916667,41.9417324900966,8.025065490096601
8717,5,42.016666,36.435105269913485,5.581560730086515
8718,2,43.983333,32.91232841161971,11.07100458838029
8719,4,32.738462,40.922157279693806,8.183695279693808
8720,2,29.578947,36.79141062785317,7.212463627853168
8721,1,23.502703,43.562006234112474,20.059303234112473
8722,3,30.12,38.92538200103443,8.805382001034427
8723,3,25.72963,39.49657308813291,13.766943088132912
8724,3,30.085714,34.62918507329296,4.5434710732929595
8725,1,37.91875,32.532822934114435,5.385927065885568
8726,3,31.678788,33.38381571782672,1.7050277178267201
8727,1,41.150001,32.96411507932411,8.185885920675894
8728,1,36.400002,31.846882655636225,4.553119344363775
8729,2,32.845833,26.517782029915335,6.328050970084664
8730,3,35.457895,27.843843605965596,7.614051394034405
8731,2,29.40625,24.726392669712446,4.679857330287554
8732,2,30.307143,26.51743956067827,3.7897034393217304
8733,4,29.725,26.30660918133068,3.418390818669323
8734,5,38.618182,32.86221834711641,5.755963652883587
8735,3,35.40625,30.842650106197723,4.563599893802277
8736,1,31.272727,28.54161039633202,2.7311166036679815
8737,5,35.288,37.14678951149272,1.8587895114927235
8738,4,31.55625,26.493709663449057,5.062540336550942
8739,4,32.211111,25.803089829341147,6.408021170658856
8740,1,24.985507,28.742695501079258,3.757188501079259
8741,2,29.35,36.61891029125792,7.268910291257917
8742,4,28.178572,30.9651345292324,2.786562529232402
8743,4,31.252632,26.93126333219248,4.321368667807519
8744,2,25.192157,27.439758971333642,2.2476019713336406
8745,3,30.591667,31.47136999933733,0.8797029993373293
8746,1,31.428572,36.29934898340613,4.870776983406127
8747,2,28.038961,35.48579872212021,7.446837722120208
8748,4,31.117647,31.30376367356969,0.18611667356968908
8749,2,34.283333,40.143979477694515,5.860646477694516
8750,3,28.4,31.08352191353672,2.6835219135367225
8751,3,28.365,29.70256036036264,1.337560360362641
8752,2,26.228571,27.100384835607123,0.8718138356071243
8753,2,27.453125,26.984665482717592,0.4684595172824082
8754,5,26.891666,28.427581922025794,1.5359159220257936
8755,5,26.88,27.99679928004297,1.1167992800429722
8756,1,28.508334,29.03678532266668,0.5284513226666796
8757,1,29.792857,31.089951976056174,1.2970949760561723
8758,3,1.501418,16.972663446276236,15.471245446276237
8759,2,1.531304,25.031131050585362,23.499827050585363
8760,2,3.537281,24.740533544791585,21.203252544791585
8761,2,1.337584,19.61815778513577,18.280573785135772
8762,2,1.17193,24.12722697512483,22.95529697512483
8763,2,2.53657,21.833977386288197,19.297407386288196
8764,1,20.6,37.364032225142175,16.764032225142174
8765,2,21.533333,24.930564231212976,3.3972312312129773
8766,5,22.3,27.981993381699084,5.681993381699083
8767,4,20.62,28.061402346613104,7.441402346613103
8768,2,21.7125,27.80286804001996,6.0903680400199605
8769,4,22.014286,25.94868082118091,3.9343948211809128
8770,4,22.878947,26.631304642682622,3.7523576426826217
8771,4,19.638462,27.864659763784402,8.226197763784402
8772,3,23.876,32.509174546910074,8.633174546910073
8773,3,43.893333,30.479367754343293,13.413965245656705
8774,4,44.22,36.71589047130026,7.504109528699736
8775,2,33.65,30.741535987138867,2.908464012861131
8776,1,31.481081,26.917048917013876,4.564032082986124
8777,3,44.453334,34.727594557412054,9.725739442587944
8778,2,38.5,36.410761102644855,2.089238897355145
8779,3,37.910714,37.24248929901005,0.6682247009899456
8780,5,38.1,36.55302532015492,1.5469746798450785
8781,4,39.366666,35.386869355267486,3.9797966447325166
8782,5,27.204762,26.95829952489037,0.24646247510962738
8783,5,28.207143,25.58980437432132,2.617338625678677
8784,1,26.622222,39.42530213035718,12.80308013035718
8785,5,27.055555,35.05587695455427,8.000321954554273
8786,1,28.483333,47.692374290234184,19.209041290234186
8787,5,56.200001,46.63796776978182,9.562033230218184
8788,1,57.061538,44.936014556893184,12.125523443106815
8789,4,46.73,44.84790289984655,1.8820971001534446
8790,2,53.541667,43.21244084384187,10.329226156158128
8791,1,50.908333,39.462304409841536,11.446028590158463
8792,5,43.861539,35.477150309982804,8.384388690017197
8793,3,60.657143,44.79442509119181,15.862717908808186
8794,2,52.338461,42.625023678206844,9.713437321793158
8795,5,55.061538,42.885840933898834,12.175697066101165
8796,3,40.782353,45.47153753902911,4.689184539029107
8797,3,50.477778,43.345871697160675,7.131906302839326
8798,1,43.075,33.56312651051966,9.511873489480344
8799,2,60.642858,43.139683753426716,17.50317424657328
8800,5,50.6,47.43030961778095,3.169690382219052
8801,5,58.0,41.89441438769247,16.10558561230753
8802,2,61.84,38.021550879224215,23.81844912077579
8803,1,58.966667,49.093156577818384,9.873510422181617
8804,4,60.457142,45.44484182882804,15.012300171171958
8805,1,59.169231,40.798021563074904,18.3712094369251
8806,1,24.0,44.825019617441264,20.825019617441264
8807,4,21.851724,24.09407643902217,2.24235243902217
8808,5,26.175,34.82357258901455,8.648572589014552
8809,1,25.0,30.58320545712966,5.583205457129662
8810,3,23.62,31.59092797907669,7.970927979076688
8811,4,24.6375,28.954724933692503,4.317224933692504
8812,1,24.2125,29.84762110878768,5.635121108787683
8813,2,24.0,29.87390748390475,5.873907483904748
8814,3,18.0,32.634884016208964,14.634884016208964
8815,5,25.9625,34.06127752765941,8.098777527659415
8816,4,22.6,30.99366498394311,8.393664983943108
8817,4,22.791667,33.374823039901486,10.583156039901485
8818,2,24.854545,41.78839351392924,16.93384851392924
8819,1,29.5,36.46811791986707,6.968117919867069
8820,5,23.08421,27.373517109282275,4.2893071092822765
8821,2,22.62,25.35442416104618,2.734424161046178
8822,1,23.8,34.54594549395126,10.745945493951258
8823,3,24.1,31.024331337517292,6.924331337517291
8824,1,23.641667,28.380506361677362,4.7388393616773605
8825,2,32.049999,34.27145742781812,2.2214584278181206
8826,3,31.33125,33.664476258918654,2.3332262589186534
8827,1,25.257143,22.74666044952266,2.510482550477338
8828,3,26.175,30.511853439676603,4.336853439676602
8829,1,26.3,31.193699042490746,4.893699042490745
8830,4,20.616364,22.534726837272732,1.9183628372727313
8831,4,20.090909,25.345046407722776,5.2541374077227765
8832,2,18.265,18.393313018832753,0.1283130188327526
8833,3,25.068421,33.4457422717176,8.377321271717598
8834,3,25.589474,34.006585915005296,8.417111915005297
8835,4,17.168421,25.25884428974727,8.090423289747271
8836,2,25.700001,32.66129602668782,6.9612950266878215
8837,5,25.15,29.302619042508862,4.152619042508864
8838,5,21.388889,24.99026044751654,3.6013714475165415
8839,2,24.733334,30.43143882651173,5.698104826511731
8840,3,27.873529,30.287999825902126,2.414470825902125
8841,5,26.233334,29.984137350419847,3.7508033504198472
8842,2,24.924138,31.129035803306877,6.204897803306878
8843,4,29.829412,32.38181220492218,2.5524002049221757
8844,1,19.968085,23.506329748497347,3.5382447484973483
8845,1,24.844827,28.28596493568321,3.441137935683212
8846,2,26.47561,26.652959646794496,0.1773496467944966
8847,4,26.975556,22.07726379374042,4.89829220625958
8848,4,26.988889,23.631891963715248,3.3569970362847528
8849,4,21.983333,24.612423136703274,2.629090136703276
8850,1,20.171905,26.453228195346803,6.281323195346804
8851,4,26.478572,27.454678030957677,0.976106030957677
8852,2,15.993333,25.051811171660717,9.058478171660717
8853,5,16.803333,34.062996376091895,17.259663376091897
8854,3,36.62,30.272656866139297,6.347343133860701
8855,4,31.828572,34.463206200216455,2.6346342002164533
8856,4,29.557143,31.28524165599801,1.7280986559980107
8857,3,33.415,21.83828202527953,11.57671797472047
8858,4,25.665384,26.817876421863733,1.1524924218637338
8859,4,24.72,24.428478089275764,0.29152191072423506
8860,1,17.970588,27.887821135363115,9.917233135363116
8861,3,26.303125,27.896095200833077,1.5929702008330757
8862,2,26.063158,33.957781965119736,7.8946239651197345
8863,4,30.74,35.6797381481177,4.939738148117701
8864,2,31.0,35.747311293418676,4.747311293418676
8865,5,25.720833,35.977606158652655,10.256773158652656
8866,1,29.016667,30.842773105274507,1.826106105274505
8867,5,24.09,23.461436503733864,0.6285634962661355
8868,1,26.2,26.185342285294123,0.014657714705876401
8869,2,28.7,34.19212705802116,5.492127058021158
8870,1,45.15,33.235066822932524,11.914933177067475
8871,1,45.866667,44.12074388096035,1.7459231190396522
8872,1,45.6,40.109517005694066,5.4904829943059354
8873,2,41.008333,40.947957587891494,0.060375412108506055
8874,4,46.400002,41.857773646675916,4.542228353324084
8875,4,45.6,51.52373567499066,5.92373567499066
8876,3,43.185714,48.45534366537833,5.269629665378332
8877,1,55.4,44.318462037134886,11.081537962865113
8878,1,50.454545,46.81258563041466,3.6419593695853436
8879,1,57.799999,42.14253198133998,15.657467018660022
8880,1,59.566667,44.089711620467554,15.476955379532448
8881,3,59.75,45.794924520667976,13.955075479332024
8882,4,48.7,50.876909625897504,2.176909625897501
8883,1,55.699999,44.45530855237435,11.24469044762565
8884,5,58.785714,48.365776272302895,10.419937727697103
8885,4,58.099998,52.405129625203685,5.6948683747963145
8886,2,55.575,45.42021335442594,10.154786645574063
8887,4,27.24,51.491883478920634,24.251883478920636
8888,2,26.123077,23.984111197109783,2.1389658028902154
8889,1,26.375472,35.82364575669873,9.448173756698733
8890,1,27.482353,36.81318606702647,9.330833067026472
8891,4,35.133333,38.481912825313316,3.3485798253133154
8892,2,34.588889,36.1983074205893,1.6094184205893
8893,3,35.816666,34.88892025703112,0.9277457429688809
8894,4,38.599998,38.86603893734919,0.26604093734918877
8895,4,35.080769,38.98660176095305,3.9058327609530537
8896,5,37.35,35.430356395882555,1.9196436041174465
8897,1,36.1,36.32842018408753,0.2284201840875255
8898,3,39.26,35.69532579942395,3.56467420057605
8899,4,37.466667,36.9082361078319,0.5584308921681043
8900,1,30.338462,33.560527801145135,3.222065801145135
8901,5,25.82381,27.785071054909384,1.9612610549093823
8902,3,38.0,34.497210128679875,3.5027898713201253
8903,2,33.378125,37.187068979517974,3.808943979517977
8904,2,37.18,34.84555279153598,2.33444720846402
8905,5,35.430769,36.45058372091104,1.019814720911043
8906,5,20.580645,28.766756472179573,8.186111472179572
8907,5,34.714286,31.500246019728777,3.214039980271224
8908,2,33.259259,29.31130048451192,3.9479585154880787
8909,4,25.95,30.58823361846776,4.638233618467762
8910,1,31.207693,33.68713453793458,2.4794415379345836
8911,3,35.54375,28.001029035098576,7.542720964901427
8912,3,26.184211,26.183499616281747,0.0007113837182544103
8913,3,36.64,33.241028948711595,3.398971051288406
8914,5,29.473077,29.773336387157396,0.3002593871573964
8915,5,34.633333,39.53024274666467,4.896909746664669
8916,1,26.9,32.078277769247364,5.178277769247366
8917,1,23.651282,27.298511440041707,3.647229440041709
8918,4,28.435714,28.773492587843922,0.33777858784392123
8919,3,25.178261,26.088757415362462,0.9104964153624628
8920,5,24.4,27.414615022648146,3.0146150226481474
8921,4,29.094117,33.766563925033715,4.672446925033714
8922,4,36.457143,31.845031337507397,4.612111662492605
8923,3,36.3375,35.02298134353194,1.31451865646806
8924,5,21.7,39.58599342423424,17.88599342423424
8925,3,23.9,38.75138382500728,14.851383825007282
8926,2,54.449999,37.866086438347224,16.583912561652774
8927,5,49.328571,35.453103544924424,13.875467455075572
8928,1,50.840001,36.86343644005686,13.976564559943142
8929,1,52.964706,36.887000800094576,16.077705199905424
8930,5,50.318182,34.09250974543125,16.22567225456875
8931,4,52.449999,44.35988693168904,8.090112068310958
8932,5,49.5875,33.74902431425398,15.838475685746019
8933,3,51.20625,23.650609855346403,27.555640144653594
8934,1,53.3,37.48248296994942,15.817517030050574
8935,2,49.466667,33.07421458044956,16.392452419550438
8936,1,27.1,41.51409314467002,14.41409314467002
8937,2,28.052174,26.685983020803228,1.366190979196773
8938,1,38.099998,44.14362096892859,6.043622968928588
8939,3,43.099998,47.11853004354228,4.0185320435422796
8940,4,41.199999,43.03595950928042,1.8359605092804188
8941,5,43.400002,46.879361570009735,3.479359570009734
8942,5,21.615789,35.991346786138244,14.375557786138245
8943,3,38.033333,43.175323579733515,5.141990579733516
8944,2,31.775,32.034205832085306,0.259205832085307
8945,5,35.885,43.96175096348868,8.076750963488685
8946,5,41.715385,33.82709701724667,7.888287982753326
8947,1,48.758334,44.445094075175945,4.313239924824053
8948,1,42.257895,44.31369712156745,2.055802121567453
8949,3,48.43125,44.98565624518785,3.445593754812151
8950,1,50.853334,42.431423638266594,8.421910361733403
8951,2,49.481818,44.6123813259768,4.8694366740231985
8952,3,51.911111,44.80891374964949,7.102197250350507
8953,1,46.821428,43.702728474107786,3.118699525892211
8954,5,47.410526,41.896784901757925,5.513741098242072
8955,4,48.950001,46.085023122636905,2.8649778773630956
8956,2,31.956,30.47858452203837,1.4774154779616282
8957,1,33.542857,45.016490811990074,11.473633811990076
8958,5,31.523077,31.10908067386631,0.41399632613369164
8959,4,32.66,43.95101608213953,11.291016082139535
8960,3,41.533333,45.20178244724906,3.66844944724906
8961,3,54.422223,47.039718048167266,7.382504951832736
8962,2,55.12,43.94806092635249,11.171939073647508
8963,2,50.266667,44.757743560549706,5.508923439450292
8964,4,40.382353,40.88377923603713,0.5014262360371262
8965,3,53.025,44.34254916824469,8.682450831755311
8966,5,52.666667,47.5924376777229,5.074229322277098
8967,5,43.92,45.82296661981587,1.9029666198158708
8968,4,43.566667,43.71628317357336,0.14961617357335655
8969,1,38.892308,37.85567218306023,1.0366358169397714
8970,1,42.766666,35.37153394449671,7.395132055503289
8971,2,39.735714,36.121780818777765,3.6139331812222366
8972,2,41.75,45.452671286112455,3.702671286112455
8973,3,43.099998,39.47816050601318,3.621837493986817
8974,3,65.807142,26.132920071390433,39.67422192860957
8975,3,69.434999,22.08158750644981,47.3534114935502
8976,4,32.022222,25.826518924165292,6.195703075834707
8977,1,26.535,26.726207044127634,0.19120704412763345
8978,2,23.947059,27.183619057512573,3.2365600575125733
8979,4,24.55,29.22234524129958,4.672345241299578
8980,5,24.516666,28.83409400284649,4.317428002846491
8981,1,28.24375,27.977815135111094,0.26593486488890505
8982,1,23.978261,28.05259420429538,4.074333204295382
8983,1,26.641379,26.738762393611058,0.0973833936110573
8984,5,24.452,25.485981119923935,1.0339811199239328
8985,2,30.976923,29.813905671095217,1.1630173289047825
8986,1,24.621429,26.601569038836008,1.9801400388360086
8987,5,25.424,27.46108810778441,2.0370881077844096
8988,4,24.818919,25.656737957673922,0.837818957673921
8989,5,23.953334,27.685523103125032,3.7321891031250303
8990,1,46.777778,34.876885150142364,11.900892849857634
8991,1,47.42,32.77327074150399,14.64672925849601
8992,2,47.823809,32.855896730074704,14.967912269925293
8993,2,48.771429,33.82252144615677,14.948907553843227
8994,4,25.790909,26.54106070231938,0.750151702319382
8995,3,25.284211,29.152617693157822,3.868406693157823
8996,5,23.31,21.07131955220956,2.23868044779044
8997,1,29.3,34.35585452422621,5.055854524226209
8998,2,26.722222,30.015400243709482,3.293178243709484
8999,3,25.735294,27.417821471591033,1.6825274715910332
9000,2,30.47,26.63919953417854,3.830800465821458
9001,1,35.282608,36.33684224022344,1.0542342402234368
9002,2,38.416667,30.9056909198532,7.510976080146797
9003,2,37.966666,33.31430955781746,4.652356442182537
9004,1,35.675,35.93297393147223,0.257973931472236
9005,5,31.903448,23.32831956723412,8.57512843276588
9006,2,36.945454,32.997685574335314,3.947768425664684
9007,5,54.06,35.86122195100381,18.19877804899619
9008,4,54.6375,40.526389807661204,14.1111101923388
9009,4,59.85,37.3723013962812,22.4776986037188
9010,4,59.474999,38.32958859448537,21.145410405514625
9011,5,59.814286,44.844655226395496,14.969630773604507
9012,1,59.4375,37.583588770568795,21.853911229431205
9013,5,61.783333,37.00675220029565,24.776580799704348
9014,4,56.56875,40.2695021667068,16.2992478332932
9015,4,32.676923,37.82228376887743,5.145360768877431
9016,4,33.07,33.015141614383474,0.05485838561652656
9017,5,14.826144,17.502779456011186,2.676635456011187
9018,5,27.079754,18.165798504285323,8.913955495714678
9019,2,25.626667,22.957209873847848,2.669457126152153
9020,2,25.25,30.739497960511326,5.489497960511326
9021,1,21.927273,30.054932082189794,8.127659082189794
9022,2,26.0,31.115977446241995,5.115977446241995
9023,4,23.9,35.008037860810894,11.108037860810896
9024,4,32.476471,35.392530580193686,2.9160595801936893
9025,3,47.578572,31.90239400271034,15.67617799728966
9026,2,26.875,37.233358849352506,10.358358849352506
9027,1,26.9,41.787955607775096,14.887955607775098
9028,4,32.533333,32.00089084331148,0.5324421566885178
9029,1,19.529412,27.469614121822676,7.940202121822676
9030,4,20.58,23.783983119688298,3.2039831196882993
9031,4,26.218182,26.4379657153821,0.21978371538209984
9032,4,26.88,28.43434739556728,1.5543473955672802
9033,4,28.15,26.905620756137562,1.2443792438624364
9034,4,28.37,36.96810836398033,8.598108363980327
9035,2,34.264286,29.366394685097237,4.897891314902761
9036,2,33.022222,37.18969412812569,4.167472128125688
9037,1,21.1,37.205389828086005,16.105389828086004
9038,3,44.777778,38.912562285759265,5.865215714240733
9039,3,15.454278,19.087926892865745,3.633648892865745
9040,2,11.948837,18.16699003727126,6.218153037271259
9041,5,13.727273,20.774379121941507,7.047106121941507
9042,5,16.0,31.665268420322562,15.665268420322562
9043,4,15.362162,23.74067685994752,8.37851485994752
9044,2,16.75,41.89133504358267,25.14133504358267
9045,1,13.45,37.84000524957208,24.39000524957208
9046,4,21.89,45.9173379432077,24.027337943207698
9047,5,12.759375,25.0712292206097,12.311854220609698
9048,4,21.4,29.472563811052922,8.072563811052923
9049,4,18.0625,29.20987475283731,11.147374752837312
9050,2,11.4,26.572192428052237,15.172192428052236
9051,1,17.243478,29.265120416403704,12.021642416403704
9052,3,20.788889,34.466345725389544,13.677456725389543
9053,3,12.583333,31.811414627821385,19.228081627821386
9054,1,15.5,36.85713322410373,21.357133224103727
9055,1,14.983333,35.115829346597835,20.132496346597833
9056,4,14.383333,39.48688349916072,25.10355049916072
9057,2,13.0725,25.447197321508682,12.374697321508682
9058,2,15.613333,32.48546375706794,16.87213075706794
9059,3,21.209091,38.51318751982741,17.30409651982741
9060,2,17.692857,34.04436208486692,16.35150508486692
9061,4,24.733334,31.853583688915332,7.120249688915333
9062,5,23.38,43.99074001037961,20.61074001037961
9063,2,44.741177,33.17304124284194,11.56813575715806
9064,5,37.057894,42.22028274777288,5.16238874777288
9065,4,13.908333,22.245242308589823,8.336909308589822
9066,2,14.7,26.129562282919025,11.429562282919026
9067,4,14.857143,19.407369288661048,4.550226288661047
9068,4,14.83,20.666775371157186,5.836775371157186
9069,1,15.354545,20.01666694182173,4.662121941821729
9070,1,18.799999,31.31225242236245,12.512253422362452
9071,2,18.727778,25.209242523737736,6.481464523737735
9072,2,21.47,30.76930172300302,9.299301723003023
9073,2,19.208333,26.995816634209902,7.787483634209902
9074,5,19.475,16.90838030233561,2.566619697664393
9075,3,21.63421,25.1082861956786,3.474076195678599
9076,5,19.457143,29.551053122253318,10.09391012225332
9077,5,17.982759,17.381867088237218,0.6008919117627833
9078,5,16.811111,19.493411394441576,2.682300394441576
9079,2,17.042857,20.04296222226617,3.0001052222661677
9080,4,52.9375,36.25960263021031,16.67789736978969
9081,1,52.2625,35.16510845280421,17.09739154719579
9082,4,51.572728,31.398690355567258,20.17403764443274
9083,1,50.544445,47.350555145561444,3.1938898544385594
9084,2,57.4,45.01336261517458,12.38663738482542
9085,2,57.099998,31.11397288369909,25.986025116300908
9086,5,57.0,44.3782880299967,12.621711970003297
9087,5,56.533333,35.43133393575827,21.10199906424173
9088,4,52.549999,48.02089548954765,4.529103510452352
9089,1,59.299999,46.644471126461625,12.655527873538375
9090,3,20.200001,32.34457497185447,12.14457397185447
9091,5,21.200001,30.3335734878803,9.1335724878803
9092,5,19.1,43.364790883210325,24.264790883210324
9093,5,19.700001,35.35269074403439,15.65268974403439
9094,5,50.023077,41.321703286285036,8.701373713714965
9095,2,46.550001,44.000931327425256,2.5490696725747455
9096,4,50.838462,41.98376599920438,8.85469600079562
9097,1,42.0,29.05537072144168,12.94462927855832
9098,5,12.125,34.08017508601382,21.955175086013817
9099,3,37.954545,33.16097531269441,4.793569687305592
9100,4,23.883333,16.681546486981986,7.201786513018014
9101,4,0.0,2.857888509927344,2.857888509927344
9102,3,0.0,5.83807314421806,5.83807314421806
9103,3,11.6750000517,13.13955378940619,1.46455373770619
9104,1,10.9748718115,11.625782849414119,0.6509110379141188
9105,5,10.7559828758,12.18185766276329,1.4258747869632913
9106,5,12.2000001272,30.188344180043423,17.988344052843424
9107,4,10.8099099065,15.167675314744793,4.357765408244793
9108,5,9.97916666004,12.952182084153165,2.9730154241131643
9109,5,9.81547620183,10.636981759097875,0.8215055572678747
9110,5,10.8542857851,11.443456669722737,0.589170884622737
9111,5,10.4233333588,9.949968165773528,0.4733651930264724
9112,1,9.16838709924,9.65886107096006,0.4904739717200606
9113,2,9.38275856807,10.957710793916222,1.5749522258462214
9114,4,10.0333331426,15.515187535109684,5.481854392509684
9115,4,11.320512845,10.70890188248431,0.6116109625156891
9116,4,11.2800000668,10.749292320117336,0.5307077466826637
9117,3,9.89999997616,12.43236976407919,2.5323697879191904
9118,3,9.79555561278,10.005498358962283,0.2099427461822838
9119,2,10.4444445151,10.633450758403976,0.1890062433039752
9120,2,8.23921568253,10.714417690509725,2.475202007979725
9121,2,7.52909094204,10.482817830479238,2.9537268884392383
9122,4,8.26818185503,10.40466161834728,2.136479763317279
9123,3,19.7259037064,16.542816628283393,3.183087078116607
9124,1,23.3741935255,13.965578946862518,9.408614578637483
9125,4,19.7186046689,19.127465689689114,0.5911389792108857
9126,5,19.6157657477,16.160697174971062,3.455068572728937
9127,5,20.7265432735,13.622076647599396,7.104466625900603
9128,1,20.41129706,18.173661255674602,2.2376358043253965
9129,3,12.3666666349,15.106658956248987,2.7399923213489874
9130,5,17.2527473366,14.836508259421308,2.416239077178691
9131,5,11.8411764327,13.880264330881161,2.0390878981811618
9132,1,10.4286363775,12.237520887940445,1.8088845104404445
9133,2,11.0778760868,13.513367835870888,2.435491749070888
9134,4,12.9094936999,15.470428394373236,2.560934694473236
9135,5,14.9725664274,14.251985881420527,0.7205805459794732
9136,3,16.724242456,18.20431897744253,1.4800765214425304
9137,2,12.2872093057,12.587480066161167,0.3002707604611672
9138,5,9.26436784898,8.681054688316616,0.5833131606633835
9139,3,9.12777777324,9.488276314412714,0.3604985411727135
9140,1,11.0430555344,10.73546593505871,0.3075895993412914
9141,4,9.13563220802,9.85142776685411,0.7157955588341096
9142,2,9.88846155772,9.441473903819496,0.44698765390050355
9143,2,9.67976192633,9.667008862800982,0.012753063529018505
9144,3,10.3639999771,11.516992004610508,1.152992027510507
9145,4,10.0877272909,14.700546102893334,4.612818811993334
9146,5,9.7264705984,14.146294124953984,4.419823526553984
9147,3,8.78349515072,15.40161623940231,6.61812108868231
9148,1,8.66666664018,9.90332442675865,1.2366577865786486
9149,1,9.34230770515,9.457375876399938,0.11506817124993773
9150,2,8.59009902312,9.520415862745482,0.9303168396254815
9151,5,9.4542553019,10.501189982655708,1.046934680755708
9152,2,7.90303032326,13.85545634759161,5.9524260243316105
9153,5,9.62686572383,10.111743973897955,0.48487825006795404
9154,4,10.9833333492,10.32700307693735,0.6563302722626503
9155,5,8.1433333238,9.456579807946296,1.3132464841462959
9156,3,11.4836734558,10.684239179826742,0.7994342759732582
9157,2,9.40476192747,9.705600572632527,0.3008386451625267
9158,2,9.58055557807,9.513251336197401,0.06730424187259842
9159,3,9.93032787667,9.167293438989587,0.7630344376804139
9160,5,8.75309732741,9.124705476007327,0.3716081485973266
9161,2,10.9626903679,13.985695798871811,3.0230054309718106
9162,1,10.3833333651,15.270397173627186,4.887063808527186
9163,5,10.1899999619,15.962757668351475,5.7727577064514755
9164,4,9.10289859081,9.227716745819722,0.12481815500972182
9165,1,9.2923076965,9.694614426168087,0.4023067296680871
9166,2,8.65504588993,9.307360038970462,0.6523141490404623
9167,5,10.1335504886,15.642270022243398,5.508719533643399
9168,4,9.083606505,11.414171488233663,2.3305649832336623
9169,3,8.60769231961,10.187408421783056,1.5797161021730552
9170,4,8.49568969628,9.027655438560123,0.5319657422801232
9171,2,9.07159087333,9.185717778660026,0.1141269053300249
9172,4,8.42222225666,9.63991464741409,1.21769239075409
9173,4,8.84628102011,9.55748195710325,0.711200936993249
9174,2,10.4280000076,9.449632752576559,0.978367255023441
9175,5,9.62386358868,8.873583694213485,0.7502798944665159
9176,4,12.4272726232,15.644566178903554,3.217293555703554
9177,4,8.26717325402,10.53989945030217,2.2727261962821714
9178,1,7.61296298769,9.307548606183637,1.6945856184936376
9179,5,10.9109243425,9.222637949048357,1.6882863934516426
9180,3,7.78888894305,9.272718978556938,1.483830035506938
9181,5,7.5274131252,10.522428853455992,2.995015728255992
9182,3,9.05161290015,9.223085472866106,0.17147257271610705
9183,5,8.32792795027,8.75160720071171,0.42367925044170995
9184,5,18.2575757479,15.724114779549806,2.5334609683501927
9185,2,14.7074829737,12.042205361833242,2.665277611866758
9186,3,14.753846179,12.735366237490082,2.018479941509918
9187,3,13.1190184377,10.823595393086533,2.2954230446134662
9188,1,17.4111842544,14.476043381234394,2.9351408731656043
9189,1,13.457894777,12.211558623418933,1.2463361535810673
9190,4,12.6241829567,10.928422692736662,1.6957602639633382
9191,2,16.4777227864,15.520215250282105,0.9575075361178964
9192,1,12.5301724467,10.647569434726082,1.8826030119739183
9193,4,7.86115707445,9.926935247268146,2.0657781728181455
9194,3,13.8736842306,15.795011727832938,1.9213274972329373
9195,2,17.3965518228,10.678130006459215,6.7184218163407845
9196,5,14.8367088414,9.173927672925265,5.662781168474735
9197,4,16.3041666547,10.02351257664095,6.280654078059051
9198,2,9.20828400561,10.803180151185247,1.5948961455752464
9199,1,7.13348017075,13.385800141008845,6.252319970258845
9200,5,8.72659574417,10.074831344006007,1.3482355998360074
9201,2,9.21941748869,9.55175518676929,0.33233769807928937
9202,3,5.12641510792,12.044160423882813,6.917745315962813
9203,4,4.77727280964,14.162266485526649,9.384993675886648
9204,5,3.97800503581,13.076483745231855,9.098478709421855
9205,1,4.59185317807,11.157449200220354,6.565596022150354
9206,5,5.40416662561,14.393628399886536,8.989461774276535
9207,5,6.46736112458,9.958196234860457,3.4908351102804573
9208,5,8.23138077389,11.009315229728642,2.7779344558386416
9209,2,10.9169683322,9.648341953264616,1.2686263789353838
9210,3,11.7330508232,10.551964636440399,1.1810861867596003
9211,4,13.6999998093,11.66005469951894,2.03994510978106
9212,1,12.0,17.13870846307442,5.138708463074419
9213,1,10.06111115,11.139396622158136,1.0782854721581359
9214,2,7.99682542256,14.697568166308743,6.7007427437487435
9215,3,7.79040156476,9.367690532757713,1.5772889679977133
9216,1,8.92619053523,15.172653881934924,6.246463346704923
9217,1,7.81111111293,11.253139547620727,3.4420284346907266
9218,5,9.52241377584,10.126646157391882,0.6042323815518813
9219,3,7.2449019563,7.939885439721769,0.694983483421769
9220,2,8.02411575716,8.639361738979833,0.6152459818198324
9221,3,10.0863158276,9.150014267285716,0.9363015603142841
9222,3,9.98461547265,11.790006502209453,1.805391029559452
9223,5,9.8396067472,10.146182174057673,0.30657542685767325
9224,3,9.09009707923,8.15867999329765,0.9314170859323507
9225,2,12.4333335029,11.548124071562945,0.8852094313370547
9226,3,8.89732443928,8.355577015212729,0.541747424067271
9227,5,7.79914894104,7.875565281874107,0.07641634083410676
9228,1,8.55396341551,8.785506233251475,0.23154281774147556
9229,3,6.77828283262,8.073324052703631,1.2950412200836308
9230,4,7.10996678026,7.76690730256754,0.65694052230754
9231,3,8.3686916026,8.562269549618696,0.1935779470186958
9232,3,9.7840764234,12.230872729429752,2.4467963060297517
9233,1,9.33939400105,9.092583289350754,0.2468107116992453
9234,2,7.71702131819,8.258071249278851,0.5410499310888515
9235,5,10.6947368823,10.304583110580658,0.3901537717193424
9236,1,8.38937827343,8.804972174521806,0.4155939010918068
9237,1,7.80923081178,8.437891194865648,0.6286603830856476
9238,3,9.92820513554,10.083698134138674,0.15549299859867283
9239,1,9.76369864973,13.344327640939536,3.5806289912095366
9240,4,8.75126583063,8.452919511848393,0.2983463187816078
9241,4,8.37916670077,8.941678735051562,0.5625120342815624
9242,1,9.8243902156,8.80628168217525,1.0181085334247495
9243,2,8.33890064574,8.37458350564363,0.03568285990362874
9244,1,8.63569938962,8.774479723067197,0.13878033344719753
9245,3,14.3852234083,15.869959461253181,1.4847360529531812
9246,2,10.2564102564,9.623625914988018,0.6327843414119823
9247,4,17.3488971135,15.141245581772294,2.2076515317277075
9248,3,10.9852459392,10.523226877153615,0.46201906204638554
9249,3,12.5443478128,12.141788787679337,0.402559025120663
9250,4,12.3624999921,10.591965057896553,1.7705349342034467
9251,4,11.6958333055,11.757378415731418,0.06154511023141751
9252,3,8.33761065091,9.403907102077252,1.0662964511672524
9253,4,14.607058828,16.75270798211748,2.145649154117482
9254,2,14.9511521379,13.351216367994967,1.5999357699050325
9255,1,12.167153254,13.368741304210621,1.2015880502106207
9256,2,12.8221374031,12.421061864715591,0.4010755383844078
9257,4,15.3348101362,19.01678814125299,3.6819780050529918
9258,1,14.6361446323,14.300656687245109,0.33548794505489177
9259,4,14.5291079938,16.70133256749507,2.1722245736950683
9260,2,6.81904765538,11.12664833160711,4.307600676227109
9261,1,11.6999998093,8.562305321451644,3.1376944878483553
9262,4,15.6602055932,9.70430502192484,5.95590057127516
9263,3,14.3781481778,12.104432219091596,2.2737159587084044
9264,1,16.9170798835,16.736408642195563,0.180671241304438
9265,4,10.1478260911,9.956512556699892,0.19131353440010912
9266,4,10.0384615018,10.34505422112688,0.30659271932687915
9267,1,10.6927536536,10.609568738273998,0.0831849153260027
9268,5,11.1791666746,10.881541266390684,0.29762540820931527
9269,2,12.0999999046,14.04056098126534,1.9405610766653396
9270,4,10.9891304141,10.611195651774102,0.3779347623258982
9271,4,10.9833333833,10.715999386074516,0.26733399722548334
9272,4,11.4799999619,10.55470528635554,0.9252946755444604
9273,5,9.54374995828,9.46373469993444,0.08001525834555956
9274,5,9.51836735862,9.892329372073293,0.3739620134532924
9275,1,9.38108106562,9.765684158664628,0.38460309304462825
9276,1,10.4514705574,10.095737077692958,0.35573347970704283
9277,4,11.4362744818,14.94707303075907,3.5107985489590696
9278,3,12.6893616813,12.149757971263043,0.5396037100369568
9279,1,11.3610526637,13.503513369775982,2.1424607060759815
9280,4,12.2379235044,17.160112300354434,4.922188795954435
9281,1,8.5617647171,20.75438050376956,12.19261578666956
9282,4,11.9212184874,17.293515878474295,5.372297391074296
9283,4,9.78710936569,13.001462785900822,3.2143534202108217
9284,2,18.0281552667,14.92616621258273,3.1019890541172703
9285,3,11.6158653956,11.476034822903221,0.1398305726967788
9286,1,11.2509578581,11.01493987999565,0.23601797810434988
9287,1,13.4228260413,14.948641133873064,1.5258150925730636
9288,3,10.4798076611,12.397244548558078,1.9174368874580772
9289,2,10.8322709376,10.144930670167355,0.6873402674326456
9290,4,8.68072291455,11.930225905471264,3.2495029909212647
9291,3,13.8124514034,14.749547392517801,0.9370959891178003
9292,4,10.9415094448,10.216588680693507,0.7249207641064928
9293,4,11.1085714,14.201433559248168,3.092862159248167
9294,2,21.2783898257,17.32265413062922,3.9557356950707785
9295,3,17.1978354888,18.524180935109833,1.3263454463098334
9296,2,21.6868420952,17.705050367184928,3.9817917280150716
9297,3,18.4021084538,16.323045409029863,2.0790630447701375
9298,3,16.34383564,17.601746319851156,1.257910679851154
9299,5,15.4557339751,14.185893950320555,1.2698400247794446
9300,4,15.3309227047,20.452581679412045,5.1216589747120445
9301,2,17.1868217084,14.77509943523184,2.4117222731681593
9302,4,15.705679034,14.056712381033481,1.648966652966518
9303,3,18.3761903672,14.235985273030838,4.140205094169161
9304,4,14.4659259255,20.829160209687597,6.363234284187596
9305,4,17.2672645885,17.28289046311983,0.015625874619829005
9306,2,13.8033132725,14.492358511225124,0.6890452387251234
9307,3,16.2560166165,18.418347650352054,2.1623310338520554
9308,2,13.8749003885,11.699145947040572,2.1757544414594285
9309,2,6.88289471049,12.73539533242742,5.85250062193742
9310,5,7.1692307729,11.432030647503845,4.262799874603846
9311,3,8.6071428912,10.555455823041399,1.9483129318413983
9312,5,6.39752322897,11.369536867237391,4.972013638267391
9313,1,7.04733332793,10.390041578266489,3.3427082503364893
9314,4,5.94285712923,13.445517866729517,7.502660737499517
9315,2,4.11428577559,13.222018038287132,9.107732262697132
9316,2,23.0606666946,17.135584694735634,5.925081999864364
9317,3,13.9721311402,12.345393352087381,1.626737788112619
9318,3,17.685641054,16.282526906951,1.4031141470490027
9319,3,19.2398647747,17.360171062731435,1.8796937119685637
9320,3,15.9482353023,17.693566771319066,1.7453314690190656
9321,1,14.9333333036,14.361539626829893,0.5717936767701062
9322,2,11.9171521116,13.094574722529124,1.1774226109291241
9323,5,17.1300309981,15.021561631633734,2.1084693664662666
9324,4,19.0581967792,17.495698023591505,1.5624987556084946
9325,5,13.1129251792,23.02384295873021,9.91091777953021
9326,1,13.1173913375,12.7916335776587,0.3257577598413004
9327,3,13.9526595765,13.266266166395251,0.6863934101047491
9328,5,12.610000017,24.65173467140403,12.041734654404028
9329,1,15.202450972,11.413033987853776,3.7894169841462233
9330,4,15.9559585542,10.35915184292709,5.59680671127291
9331,5,6.34359999466,8.67055227029414,2.32695227563414
9332,3,4.60583089392,8.532746525170342,3.926915631250342
9333,5,5.23555939857,8.842684428376113,3.607125029806113
9334,3,3.79300932021,10.386529332780976,6.593520012570975
9335,4,5.46880598282,7.9513680459262135,2.4825620631062133
9336,2,5.22072072072,11.567976835887833,6.347256115167833
9337,5,7.12705312489,8.977919294180685,1.8508661692906854
9338,4,6.48141265536,10.473222275926586,3.9918096205665865
9339,5,10.1542553293,10.166870215852878,0.012614886552878346
9340,2,8.97835051153,15.408942570905397,6.430592059375398
9341,3,8.0087786467,8.913262876340267,0.9044842296402678
9342,2,8.18095239003,8.31527980214362,0.13432741211361865
9343,2,7.17765957751,7.994180295390576,0.816520717880576
9344,2,9.28695649686,9.870920924721004,0.5839644278610034
9345,2,10.6263157568,9.265368568570079,1.3609471882299218
9346,4,9.44339620842,9.972887124774532,0.5294909163545327
9347,5,10.0220930438,9.60740353777931,0.41468950602068944
9348,5,9.59772723371,9.45240164627886,0.14532558743113988
9349,2,9.6025640292,9.284590819726775,0.3179732094732248
9350,2,9.75116283949,9.085730805324681,0.6654320341653186
9351,3,10.8359999657,9.494331648080577,1.3416683176194226
9352,5,10.1406249106,11.215319315746916,1.074694405146916
9353,1,9.92222224341,10.749861606904338,0.8276393634943382
9354,4,10.1150442647,10.289004916363572,0.1739606516635721
9355,1,11.3666666576,10.514992102472693,0.8516745551273068
9356,2,11.2666666667,10.298799514045863,0.9678671526541383
9357,4,9.76666673024,10.769339051450158,1.0026723212101576
9358,5,10.8890624195,10.741496522031103,0.1475658974688976
9359,2,11.100000004,10.843602955701453,0.25639704829854715
9360,3,9.64328353085,9.901765472974217,0.2584819421242166
9361,5,9.95131576689,9.90422786386659,0.04708790302341015
9362,1,10.2499999749,10.259478985206314,0.009479010306314706
9363,1,10.8174999595,10.09759734822144,0.7199026112785596
9364,1,12.0200000763,10.90786019464066,1.1121398816593402
9365,1,10.1833333969,10.566477565181055,0.3831441682810546
9366,2,12.0,11.578410626784336,0.4215893732156637
9367,1,11.8499999046,11.056360243376103,0.7936396612238976
9368,1,11.1159090779,10.272029771774596,0.8438793061254035
9369,4,10.0716049289,9.959689371445585,0.11191555745441484
9370,3,11.2166668574,11.670484557109647,0.45381769970964747
9371,4,9.24400001526,9.994629535010347,0.7506295197503476
9372,2,10.1766467066,10.572307563824898,0.3956608572248985
9373,3,9.63902436233,9.51962979631839,0.11939456601161069
9374,5,8.76835440986,9.274791707647786,0.5064372977877856
9375,3,8.89157893532,8.564435386721145,0.32714354859885475
9376,3,10.6736841704,10.287859918632186,0.3858242517678132
9377,3,9.59024392105,9.348886659591365,0.241357261458635
9378,4,6.66456310417,10.766886189219678,4.102323085049678
9379,1,7.89999997616,7.187191235532353,0.7128087406276471
9380,2,6.63888888889,7.363453157227151,0.7245642683371507
9381,3,7.09333333969,7.0512770347496065,0.042056304940393474
9382,5,7.84193552694,7.403014461814111,0.43892106512588924
9383,4,7.81111115879,6.437301666088043,1.373809492701957
9384,4,7.019047669,7.4488577409437,0.4298100719436997
9385,1,7.49333333969,6.945143423949071,0.5481899157409291
9386,1,7.77368425068,7.075346626477977,0.6983376242020229
9387,2,5.22307694613,5.5043329977958795,0.2812560516658795
9388,2,7.5312499702,7.003934844974956,0.5273151252250443
9389,2,6.61999998093,7.202408467039677,0.582408486109677
9390,1,7.6388888624,7.109877816897956,0.5290110455020436
9391,2,7.42800001144,6.9900685976052745,0.43793141383472545
9392,3,7.11428574153,7.100306393791548,0.013979347738452219
9393,4,7.10714282308,8.224029420118606,1.1168865970386062
9394,2,7.8620689984,7.409168517996655,0.4529004804033452
9395,4,7.19473680697,7.061194517587225,0.1335422893827749
9396,2,7.51111112701,7.53327180629839,0.022160679288389495
9397,5,6.63333326976,7.154725006266596,0.5213917365065965
9398,4,7.64999997616,7.569953290744576,0.08004668541542426
9399,2,7.55217388402,6.91940892544513,0.63276495857487
9400,5,7.47407408114,7.183329663686697,0.29074441745330315
9401,4,7.27272731608,7.331844109518271,0.05911679343827103
9402,2,7.41333328883,7.1568513979518364,0.2564818908781632
9403,4,6.76000000636,7.2871588737824355,0.5271588674224352
9404,3,7.45416669051,7.226408866297214,0.22775782421278645
9405,4,6.53684207013,7.335515948441465,0.7986738783114653
9406,1,7.50833332539,6.869460432399594,0.6388728929904062
9407,2,7.24848484271,7.135210241769438,0.11327460094056185
9408,1,7.85000007493,7.295717340121529,0.5542827348084707
9409,5,4.58714859265,7.305578661652045,2.7184300690020446
9410,4,6.61538460927,5.615413245579349,0.9999713636906513
9411,1,4.42156972675,5.4605518983213015,1.038982171571302
9412,1,4.07727269693,5.062310170249742,0.9850374733197427
9413,1,7.45648313246,4.8745780625242165,2.5819050699357833
9414,3,7.64285717692,7.2232990462766535,0.41955813064334624
9415,3,7.59230760428,7.347238385071171,0.24506921920882885
9416,4,7.38235288508,7.389660274767862,0.0073073896878614875
9417,2,7.16363629428,7.154878168385342,0.008758125894657631
9418,1,7.73571426528,6.94103730088115,0.7946769643988505
9419,3,7.00526315288,7.6179304897946,0.6126673369146003
9420,2,7.00000002649,7.180366355481759,0.18036632899175853
9421,4,7.4687500298,7.371896196003357,0.0968538337966427
9422,4,7.28888895777,7.77832008154079,0.4894311237707898
9423,3,7.48695647198,7.196471196001786,0.29048527597821394
9424,5,7.61818183552,7.289975261112315,0.32820657440768475
9425,3,4.95612901565,6.501127741114503,1.5449987254645032
9426,3,7.66249996424,7.195173246130394,0.46732671810960635
9427,2,7.30000007153,7.061485659993487,0.23851441153651365
9428,2,7.28888893127,7.06966681170156,0.21922211956843984
9429,3,6.95454543287,7.196861244799083,0.24231581192908358
9430,3,7.50555557675,7.7730821496588005,0.26752657290880055
9431,1,6.83666667938,6.927962133737111,0.09129545435711073
9432,3,7.52500000596,7.189783069728183,0.33521693623181736
9433,4,7.9761904989,7.74981266960399,0.2263778292960099
9434,4,3.93116218986,5.379050495008933,1.4478883051489326
9435,5,14.1745989412,5.658717151712827,8.515881789487171
9436,3,7.71999995708,7.155486304252395,0.5645136528276051
9437,5,7.12499992847,7.273196250462268,0.14819632199226795
9438,1,6.69375002384,6.9622864387982695,0.26853641495826963
9439,5,6.55555552906,7.1422140702414465,0.5866585411814462
9440,3,7.26666666667,7.309776225402111,0.04310955873211064
9441,4,6.54374998808,7.209148535232024,0.6653985471520238
9442,5,7.49411762462,7.206424249603491,0.2876933750165094
9443,1,7.63749995828,7.066635810339483,0.570864147940517
9444,5,6.92857136045,7.282675092854943,0.3541037324049423
9445,4,7.4166667064,7.056749765008285,0.35991694139171493
9446,5,3.53983050187,6.10731159467586,2.56748109280586
9447,1,4.03333330154,6.447467389398011,2.4141340878580113
9448,4,4.91220930196,6.5476029660102215,1.6353936640502216
9449,2,4.70277775659,9.091150361355162,4.388372604765162
9450,3,0.0,0.12366969188567387,0.12366969188567387
9451,2,4.80129309667,5.9861052750237,1.1848121783536998
9452,4,3.67333332698,5.008613155666266,1.3352798286862662
9453,1,4.36267941991,5.413278167431586,1.0505987475215859
9454,5,7.14166669051,6.393482616920217,0.7481840735897833
9455,2,6.24499995708,6.309137270741899,0.06413731366189879
9456,1,8.21875011921,6.4911131130036255,1.7276370062063746
9457,4,5.46500002146,5.0320094707682745,0.4329905506917253
9458,4,5.40364960162,5.170679171599748,0.2329704300202513
9459,3,7.43666664759,5.601799981614582,1.8348666659754178
9460,3,7.69999996185,4.713696769475175,2.986303192374825
9461,5,6.23125004768,7.440594083789973,1.2093440361099734
9462,1,7.52941173666,6.301089599959738,1.2283221367002621
9463,2,7.76000003815,6.20084578408623,1.5591542540637704
9464,3,6.34000008901,6.533310889067366,0.19331080005736556
9465,5,7.64499993324,6.248969327708471,1.3960306055315295
9466,4,7.96000003815,6.916260464819191,1.0437395733308081
9467,5,6.8909090649,7.075832508360631,0.18492344346063128
9468,2,7.98947379464,7.4090993764469415,0.5803744181930588
9469,2,6.91176470588,7.149368373741201,0.23760366786120102
9470,1,6.37222223812,7.257879146334964,0.8856569082149637
9471,1,7.01052633085,6.7809954393910346,0.22953089145896577
9472,5,7.13571425847,7.134457588813627,0.0012566696563736102
9473,1,7.39047618139,7.062061023148988,0.328415158241012
9474,5,7.68260881175,7.266295819451452,0.4163129922985478
9475,2,8.00000002384,7.460044701365741,0.5399553224742588
9476,4,7.63999996185,7.203102867172385,0.43689709467761517
9477,5,6.86428577559,7.08182919386989,0.21754341827988988
9478,4,5.6,6.7207030166073825,1.1207030166073828
9479,2,6.89347828989,7.238815728673808,0.3453374387838082
9480,3,5.88823528851,6.073729028355758,0.18549373984575812
9481,2,7.33684208519,7.297658945314594,0.03918313987540589
9482,3,7.24499998093,6.932726402603762,0.3122735783262387
9483,2,7.24166667461,7.220377033736509,0.0212896408734915
9484,1,6.98571434475,7.1689596946520195,0.18324534990201968
9485,2,6.28500001431,7.536471531647442,1.2514715173374418
9486,1,7.3866666158,7.493637508114714,0.10697089231471413
9487,4,7.21363637664,7.135091768976442,0.07854460766355853
9488,3,7.06666673024,6.930863842286771,0.13580288795322826
9489,2,6.13000001907,7.298894070195396,1.1688940511253962
9490,1,4.68214283671,6.29167446811328,1.6095316314032804
9491,4,7.36000000636,6.90416517296974,0.4558348333902602
9492,5,7.74444444974,7.13061006749369,0.6138343822463099
9493,1,7.9,7.404531323551087,0.49546867644891357
9494,4,7.7894737595,6.7651141968586925,1.0243595626413073
9495,4,7.52000001272,7.073386269067869,0.44661374365213113
9496,4,5.81875002384,6.894034008732386,1.075283984892386
9497,3,7.9133333842,7.104310810585232,0.8090225736147687
9498,4,6.57333332698,7.036699062495236,0.46336573551523585
9499,5,7.1555555426,6.486559370756186,0.6689961718438138
9500,3,5.96500003338,7.12705144082344,1.1620514074434398
9501,1,5.95000004768,7.170423157968521,1.2204231102885217
9502,1,6.50555555026,6.934864994259648,0.42930944399964766
9503,5,8.1562499702,7.207503174881023,0.9487467953189759
9504,5,7.27857143538,7.174027687793555,0.1045437475864448
9505,3,7.32499995828,7.1897020541991425,0.13529790408085773
9506,5,7.84814820466,7.406276732441417,0.44187147221858325
9507,2,6.88800003052,7.244819422951234,0.35681939243123395
9508,5,7.61176482369,7.065255346023982,0.5465094776660173
9509,4,8.07142860549,6.9030649450736155,1.168363660416385
9510,5,7.81500003338,7.129943776270747,0.6850562571092524
9511,1,7.21000003815,7.0114688128824465,0.19853122526755307
9512,1,7.02941176471,7.273874526222923,0.24446276151292334
9513,2,6.51052630575,7.182954618657932,0.6724283129079316
9514,4,6.91500005722,7.278230149237782,0.36323009201778156
9515,2,5.89411769194,7.191200167663798,1.2970824757237978
9516,5,6.89999998533,7.1993761665806595,0.29937618125065946
9517,1,5.12040815061,7.0365344103685,1.9161262597584994
9518,4,7.33000001907,7.008572245512278,0.3214277735577218
9519,5,7.77692310627,7.36620462951746,0.4107184767525398
9520,3,7.99047626768,7.3432959835438005,0.6471802841361995
9521,5,5.88636363636,7.340204076983818,1.4538404406238188
9522,1,8.30000005166,7.1115823064907655,1.1884177451692342
9523,3,7.96666666667,7.307936829144957,0.6587298375250432
9524,5,5.87647053775,6.873161024161457,0.996690486411457
9525,1,5.49411762462,7.292438903345836,1.7983212787258358
9526,1,8.1409090649,7.125300623364961,1.01560844153504
9527,4,7.08666667938,7.322920094914857,0.2362534155348568
9528,3,7.55624994636,7.06288373554532,0.49336621081468035
9529,2,6.94117641449,6.823480675243169,0.11769573924683119
9530,3,6.88461534794,7.254347589037141,0.3697322410971413
9531,3,7.40952378228,7.102106942406476,0.30741683987352353
9532,3,7.78499999046,7.5089205736521585,0.27607941680784176
9533,4,7.58461545064,7.365074727828272,0.2195407228117281
9534,4,5.69310346143,6.291065593905018,0.5979621324750184
9535,3,6.37222226461,7.3321468069055316,0.9599245422955311
9536,4,7.9,6.96111832352336,0.9388816764766403
9537,2,7.76153839551,7.327595875407561,0.4339425201024385
9538,3,6.26842102252,7.379624672200203,1.1112036496802027
9539,5,6.27142851693,7.272031043148325,1.0006025262183247
9540,5,7.93846159715,7.22063666828049,0.7178249288695095
9541,3,5.76764706654,5.064421579642226,0.7032254868977743
9542,3,7.21944447358,6.472536681767561,0.7469077918124389
9543,3,6.44510870006,6.439034920472013,0.006073779587986827
9544,3,6.38387097082,6.322950582152614,0.06092038866738658
9545,1,6.10384616485,6.543091771499568,0.4392456066495676
9546,2,4.04500000079,4.463605318148562,0.418605317358562
9547,5,6.03478261699,6.415066289004101,0.38028367201410074
9548,3,4.45833336645,5.434501083177026,0.9761677167270264
9549,4,4.68142855508,5.9379790193740565,1.2565504642940564
9550,5,6.21999998093,6.685097978116813,0.4650979971868132
9551,3,4.83142854146,5.613761882392537,0.7823333409325368
9552,2,4.33902438675,6.174316130855355,1.835291744105355
9553,1,5.58500000238,6.726250968066732,1.1412509656867318
9554,4,7.63009709756,6.453064172722234,1.177032924837766
9555,5,7.40000009537,5.000008902478939,2.3999911928910613
9556,5,5.57999999306,6.255913337363,0.6759133443029999
9557,4,7.18536587459,5.914062643765271,1.2713032308247296
9558,1,7.15625,6.636004849505404,0.5202451504945964
9559,4,5.53604651052,5.799599602799222,0.2635530922792215
9560,4,7.98644067473,6.127259787304986,1.8591808874250138
9561,5,5.26666667726,7.208800031208511,1.9421333539485115
9562,1,5.18415093512,6.999212624615834,1.8150616894958338
9563,1,8.03823529973,5.955969218641249,2.0822660810887506
9564,3,5.59285712242,6.428924697144765,0.8360675747247654
9565,3,6.14166673024,6.8478821578327125,0.7062154275927126
9566,3,6.81111110581,6.286190409606921,0.524920696203079
9567,1,4.80000000734,4.792074645109998,0.00792536223000262
9568,3,3.77647057702,4.831737331418635,1.0552667543986352
9569,4,4.18863638423,5.911931002849561,1.723294618619561
9570,2,4.3222222858,4.337264510182413,0.015042224382413316
9571,4,7.80877195325,5.928118153048334,1.8806538002016664
9572,2,4.73603603861,6.641329177396241,1.9052931387862406
9573,4,7.14268291869,5.833859602722904,1.3088233159670963
9574,4,8.48947364406,6.486636227138482,2.002837416921518
9575,3,6.89285715989,6.682241898458514,0.210615261431486
9576,5,5.54749999046,6.478679781852012,0.9311797913920117
9577,1,5.00555560324,6.760596695175903,1.7550410919359027
9578,3,4.32040816424,5.782405415829783,1.461997251589783
9579,5,5.20100001335,6.439586096179899,1.2385860828298991
9580,5,7.27037035536,6.4167513159579865,0.8536190394020133
9581,1,7.0301886752,4.609459877153565,2.4207287980464347
9582,2,7.33076921793,7.320170552149478,0.010598665780522154
9583,2,8.19411764893,5.683554985852988,2.510562663077012
9584,3,7.37826090965,5.692881169147893,1.685379740502107
9585,3,5.69184466056,6.355035666299788,0.6631910057397876
9586,2,7.06388890743,6.561530070288055,0.5023588371419452
9587,2,5.87777778837,6.316422014489889,0.4386442261198882
9588,5,5.3630434793,6.756509763960785,1.3934662846607848
9589,2,5.27777775129,4.318028863156823,0.959748888133177
9590,1,5.18061223809,7.210032618626302,2.029420380536302
9591,2,5.84347826502,5.50079294207197,0.34268532294802956
9592,3,4.61976743853,6.111230554183253,1.4914631156532527
9593,4,5.91111107667,6.2624684490442135,0.3513573723742134
9594,4,6.54814813755,6.241729389862259,0.3064187476877409
9595,4,5.18685713904,5.688120374196643,0.5012632351566433
9596,4,6.12820514043,5.573646958785806,0.554558181644194
9597,1,5.00384615018,4.457189355816842,0.546656794363158
9598,4,3.58666666879,4.345705217175557,0.7590385483855573
9599,2,4.06800001621,5.412700921513891,1.344700905303891
9600,5,4.90000000454,3.8781231138910326,1.0218768906489673
9601,4,4.67051281379,4.521877437775457,0.14863537601454357
9602,2,3.72622950546,4.698009296696809,0.9717797912368091
9603,2,3.91410257572,4.558397913350978,0.6442953376309783
9604,2,4.19999999801,4.297605151315142,0.09760515330514163
9605,2,4.09090905479,5.37439760754995,1.28348855275995
9606,4,3.40238094897,4.693648906404407,1.2912679574344073
9607,4,4.1944444312,4.6738289585927895,0.4793845273927895
9608,1,4.08750003576,4.270041045916506,0.18254101015650637
9609,2,3.98333330552,5.318865395189514,1.3355320896695138
9610,5,6.14210530331,4.240626193312589,1.9014791099974113
9611,1,5.74166667461,5.549826275492052,0.19184039911794848
9612,3,5.33999999364,5.821026058321469,0.481026064681469
9613,2,3.26875001192,5.044073314694729,1.775323302774729
9614,4,4.43333332627,4.612305101094246,0.1789717748242463
9615,2,3.33684209594,4.372537042058755,1.0356949461187552
9616,4,3.55384613917,4.278209567304562,0.7243634281345619
9617,1,3.91034482265,5.624087397537571,1.7137425748875712
9618,1,4.33595506261,5.88514266461121,1.5491876020012096
9619,4,5.50000007947,5.9966212692400385,0.4966211897700381
9620,3,6.99166671435,5.464260785639094,1.5274059287109063
9621,2,4.64838712446,4.341846086404141,0.3065410380558591
9622,2,3.92631577191,4.610102598272055,0.6837868263620552
9623,3,4.03684209104,4.477427791261227,0.44058570022122723
9624,2,4.22307695792,5.752031416831226,1.528954458911226
9625,2,3.74666666455,4.270832565023209,0.5241659004732089
9626,4,4.36212121357,5.1420550988666465,0.7799338852966464
9627,4,4.11219516033,4.2946007570978155,0.18240559676781576
9628,3,3.37450979738,4.846275026012015,1.471765228632015
9629,1,3.39104477327,5.419721871195239,2.0286770979252386
9630,3,3.91111110316,5.118746291684709,1.207635188524709
9631,5,3.90666666031,4.979667265202811,1.073000604892811
9632,1,6.22666667302,6.323470171324833,0.09680349830483248
9633,5,6.41666668256,5.858968621045287,0.5576980615147127
9634,4,4.26111111376,4.4204199084834155,0.1593087947234153
9635,3,3.66451612083,4.277001221981941,0.6124851011519405
9636,1,3.74878047152,4.485445065101984,0.7366645935819838
9637,5,4.19230769231,4.507357360335667,0.3150496680256669
9638,3,4.34905662627,4.640143837439732,0.2910872111697316
9639,3,4.47714286532,4.216209477322197,0.2609333879978033
9640,1,4.75306119724,4.499673218768083,0.25338797847191685
9641,2,4.65714286623,4.072452846296073,0.5846900199339267
9642,4,3.43333333817,4.201259537191888,0.7679261990218875
9643,3,3.36551725453,4.683978276997988,1.318461022467988
9644,2,6.43333337042,5.554443185666324,0.8788901847536756
9645,5,4.22121211254,4.872072702574232,0.6508605900342319
9646,2,4.3904762041,4.46412635435135,0.07365015025135069
9647,3,3.63661970891,4.142587643515869,0.5059679346058688
9648,4,4.30952377168,4.535393486426105,0.2258697147461044
9649,3,5.95263154883,3.9971099821402407,1.9555215666897596
9650,5,5.42222224341,4.293859143286763,1.128363100123237
9651,5,4.13913043686,4.828793306012507,0.6896628691525066
9652,4,6.92500007153,4.202026121391782,2.7229739501382184
9653,3,4.45999994278,4.637507234752059,0.17750729197205928
9654,5,3.64615381681,4.088381178997638,0.44222736218763803
9655,5,3.35000000217,4.366612810702425,1.0166128085324253
9656,2,3.82323233046,4.0628465177104935,0.23961418725049333
9657,4,3.80508474172,4.412399032930986,0.6073142912109857
9658,3,4.57499996821,4.729359746019936,0.15435977780993593
9659,3,4.19999998808,4.585887361537285,0.38588737345728497
9660,1,4.97433628656,4.57278030647454,0.40155598008546
9661,3,7.5,6.176081580135563,1.3239184198644374
9662,5,6.54761907033,6.421087253840508,0.12653181648949197
9663,3,6.74666662216,6.324337560999088,0.4223290611609123
9664,3,7.15789468665,6.276883731504171,0.881010955145829
9665,2,6.47142853056,6.7343768895958,0.26294835903579994
9666,1,6.01481478303,7.396276232245053,1.3814614492150525
9667,5,6.94800003052,7.07744982239282,0.1294497918728199
9668,1,6.79285720416,5.965798755310626,0.8270584488493737
9669,1,6.76923076923,8.40457554612271,1.6353447768927092
9670,5,6.39166669051,9.349919261171191,2.958252570661191
9671,3,6.68421055141,6.846160482999711,0.16194993158971105
9672,2,6.66250002384,6.844601790227272,0.18210176638727216
9673,4,7.37142859186,6.4854914607496505,0.8859371311103494
9674,2,5.69600000381,6.502013334947595,0.8060133311375948
9675,3,7.23076919409,6.704898913432769,0.5258702806572311
9676,3,5.47692306225,7.109348053392617,1.6324249911426172
9677,1,6.75384613184,6.643388085592664,0.11045804624733524
9678,4,7.33750006557,6.7305960147756565,0.6069040507943431
9679,2,6.21333332062,6.889457343333441,0.6761240227134406
9680,1,6.7136363658,6.399687246195853,0.31394911960414706
9681,4,5.51499998569,6.858634039421823,1.3436340537318223
9682,2,5.98888889949,7.167487379990348,1.178598480500348
9683,2,7.40357143538,6.87165604616631,0.5319153892136903
9684,2,7.29090911692,6.922869471615475,0.36803964530452493
9685,5,7.42000007629,7.27927584537073,0.14072423091927
9686,5,7.74166671435,7.182733768947755,0.5589329454022449
9687,5,7.56666676203,7.359640283106576,0.20702647892342352
9688,2,5.81333328883,6.825927091892399,1.0125938030623987
9689,1,6.98461539929,6.686353647884742,0.2982617514052581
9690,3,5.87058821846,7.025395986398192,1.154807767938192
9691,4,6.66153841752,6.51903505295941,0.1425033645605902
9692,5,6.87407403522,7.188373045138566,0.3142990099185665
9693,1,6.5555555114,6.742098327903321,0.18654281650332116
9694,3,7.02978721578,7.058251178522769,0.02846396274276941
9695,1,5.38333332539,6.6273892322504855,1.2440559068604857
9696,2,7.07500004768,6.448263020991469,0.6267370266885308
9697,2,6.83333325386,7.144155736119555,0.3108224822595549
9698,1,6.68947372938,7.165040537733676,0.47556680835367526
9699,3,7.29999995232,7.08744375746828,0.21255619485172073
9700,5,6.52857140132,6.850392417177835,0.32182101585783496
9701,2,5.65,6.984814961689867,1.334814961689867
9702,1,8.0741935853,6.804808193150937,1.2693853921490623
9703,2,7.01739128776,6.631662977925969,0.3857283098340307
9704,1,6.37307695242,6.610259811285942,0.2371828588659417
9705,3,6.83333338632,6.608965614672805,0.224367771647195
9706,1,6.5,6.911145705033471,0.41114570503347103
9707,4,7.64230766663,6.82941798478853,0.8128896818414697
9708,5,7.04999995232,7.039401101459331,0.010598850860668918
9709,1,7.38750004768,6.937144316760355,0.45035573091964487
9710,5,6.50833328565,7.222565221324422,0.7142319356744222
9711,1,6.8520000267,6.96066054717469,0.10866052047469044
9712,1,6.3833334446,7.225429751372524,0.8420963067725244
9713,4,6.60357143198,6.773225893534776,0.16965446155477615
9714,4,7.2823529524,6.531003126930985,0.7513498254690152
9715,5,7.5444443844,6.491137083542026,1.0533073008579743
9716,1,7.32499998808,7.040095460717521,0.28490452736247907
9717,1,7.88750004768,6.989233040979107,0.8982670067008929
9718,4,7.75000011921,7.041229618109561,0.7087705011004388
9719,5,7.97500006358,7.2748278048832145,0.7001722586967851
9720,4,7.38235294118,6.684540187298542,0.6978127538814576
9721,5,6.25,6.6227151337540535,0.3727151337540535
9722,3,7.21538466674,7.353428423606001,0.13804375686600068
9723,2,7.06666668256,6.728406680803449,0.33826000175655135
9724,4,6.14666665395,6.385907716620193,0.2392410626701933
9725,1,6.89230775833,7.033820188691496,0.1415124303614954
9726,4,7.31304359436,6.779265888204177,0.5337777061558224
9727,1,7.30588234172,7.091525397424628,0.2143569442953721
9728,2,7.23000001907,6.724406221616903,0.5055937974530975
9729,3,6.56170213983,6.979867508055839,0.4181653682258384
9730,2,7.31200008392,6.559645961463864,0.7523541224561363
9731,1,6.89374998212,6.846528207120908,0.04722177499909197
9732,5,7.04375001788,6.730477511620407,0.3132725062595929
9733,1,6.70588235294,7.01653840596972,0.31065605302972
9734,2,7.01999998093,6.6941185662462095,0.3258814146837903
9735,2,6.6499999894,6.692294526857498,0.04229453745749723
9736,3,7.27333335876,6.7818254587887274,0.491507899971273
9737,1,7.73749995232,7.14576908895641,0.5917308633635905
9738,5,7.14999997616,7.203727506127925,0.05372752996792496
9739,5,7.59333327611,6.631860467096934,0.961472809013066
9740,1,7.64545453678,7.044699018020078,0.6007555187599216
9741,2,6.75,6.9107528369437174,0.16075283694371745
9742,1,6.65714284352,7.029648098142446,0.3725052546224461
9743,1,7.89999995913,7.252099481242132,0.6479004778878679
9744,3,7.48571429934,7.064016625418424,0.4216976739215754
9745,1,7.21250003576,7.204966207550044,0.007533828209956184
9746,3,7.43333323797,7.097554476823966,0.33577876114603455
9747,1,6.74999989782,7.264672351621451,0.5146724538014507
9748,1,4.47272726984,6.677488819023636,2.204761549183636
9749,2,7.42000007629,7.292553751216583,0.12744632507341702
9750,3,7.04285710199,7.377439255836422,0.334582153846422
9751,3,7.53333330154,7.111883251071474,0.42145005046852635
9752,5,8.6250000596,7.250241866959104,1.3747581926408952
9753,1,6.83529413448,7.117114505230229,0.28182037075022937
9754,2,6.58461541396,6.8446237597918795,0.2600083458318796
9755,2,7.0888888571,7.115035305121137,0.026146448021137303
9756,1,7.77272731608,7.3135851022999505,0.4591422137800496
9757,3,7.71428564617,7.453056611528757,0.2612290346412429
9758,1,7.56923077657,7.162500085555882,0.4067306910141184
9759,5,7.32222212685,7.227022614859641,0.09519951199035859
9760,5,7.58571427209,7.482830217138785,0.10288405495121467
9761,4,6.74000002543,7.344412540035088,0.6044125146050883
9762,5,7.04444445504,6.955262658084162,0.08918179695583817
9763,1,6.17000002861,6.799744293148162,0.6297442645381626
9764,2,7.12499988079,7.278030642372296,0.15303076158229612
9765,5,6.92666660945,6.428779582438626,0.497887027011374
9766,5,7.4375,7.102977533648188,0.33452246635181204
9767,3,7.15,7.15932239433931,0.009322394339309703
9768,5,4.5186046556,6.148570567146814,1.6299659115468144
9769,5,6.65238089789,7.266498347870999,0.6141174499809994
9770,2,6.79999995232,7.043524157252048,0.24352420493204807
9771,5,6.90833338102,7.220120288287539,0.311786907267539
9772,3,7.23999991417,7.301655025641774,0.06165511147177405
9773,1,7.10000004768,7.211299670237721,0.11129962255772075
9774,3,8.05555566152,6.749788685973625,1.3057669755463746
9775,1,8.17142868042,7.112864400280011,1.058564280139989
9776,5,6.90000005202,7.249676471460483,0.3496764194404829
9777,5,7.17777776718,6.207688678929211,0.9700890882507895
9778,3,7.14444441266,7.236625445451799,0.09218103279179868
9779,1,4.99230764462,6.659125308140452,1.666817663520452
9780,2,8.63999996185,6.945467917671052,1.6945320441789482
9781,4,6.96666661898,7.177656651084881,0.2109900321048812
9782,3,7.30714283671,7.408152323796393,0.1010094870863929
9783,3,6.57142850331,7.37475155227543,0.8033230489654297
9784,3,8.6,7.305396611828381,1.2946033881716188
9785,2,6.5,7.276277958546047,0.7762779585460473
9786,3,6.91111119588,7.339184477789226,0.4280732819092261
9787,1,7.17999992371,7.148242831044588,0.031757092665412046
9788,5,7.68333323797,7.235459153593218,0.44787408437678256
9789,5,7.25,7.205005692796235,0.04499430720376463
9790,1,7.44444444444,7.0468024548354,0.3976419896046002
9791,2,7.65000003576,7.321352150953919,0.328647884806081
9792,3,8.02857146944,7.260518876061789,0.7680525933782105
9793,5,6.97500002384,6.910455507016642,0.06454451682335804
9794,3,7.71250003576,7.311614925100009,0.4008851106599911
9795,5,7.30000004768,6.866533721122982,0.433466326557018
9796,4,7.77142858505,7.1720106286332745,0.5994179564167252
9797,4,7.70909088308,7.378952923544898,0.3301379595351017
9798,2,6.4999999404,5.973779853826756,0.526220086573244
9799,4,7.15999994278,7.288634719908319,0.12863477712831894
9800,2,7.4416667223,7.096888998816482,0.3447777234835181
9801,1,6.63333330154,7.307450459567366,0.6741171580273662
9802,3,7.69230769231,7.2829066692178985,0.40940102309210147
9803,2,7.62500011921,6.719594873723909,0.905405245486091
9804,4,7.44999992847,7.0457759227853165,0.4042240056846831
9805,4,7.20000002119,6.516766003701038,0.683234017488962
9806,4,7.83333357175,6.948032203421117,0.8853013683288831
9807,1,7.44285719735,7.085469785539118,0.3573874118108824
9808,3,6.74999996594,7.267791430386809,0.5177914644468089
9809,3,7.19545453245,6.968278013276322,0.22717651917367832
9810,1,6.84000005722,7.202117484718589,0.362117427498589
9811,2,7.22999997139,7.139950803531495,0.09004916785850448
9812,1,6.8833334446,7.161820630783401,0.2784871861834013
9813,1,6.625,7.135717613148637,0.5107176131486373
9814,2,7.14444435967,7.21714710948746,0.07270274981746017
9815,3,7.16666658719,7.139632871488518,0.027033715701481498
9816,5,7.56000003815,6.975303301004009,0.5846967371459915
9817,5,7.2333334287,7.366875037688406,0.1335416089884056
9818,4,8.0,7.0361902594284205,0.9638097405715795
9819,1,6.64999985695,7.231841556022957,0.5818416990729567
9820,4,7.23636362769,7.199666724436117,0.036696903253883306
9821,3,7.08888891008,7.334394421588569,0.24550551150856936
9822,4,7.42500001192,7.264010541056749,0.16098947086325133
9823,5,6.85000002384,6.848899237822679,0.0011007860173206652
9824,2,6.46666661898,6.9975372555262965,0.5308706365462967
9825,3,2.8857142755,7.105153903092755,4.219439627592755
9826,1,5.99687501788,8.269472494443288,2.2725974765632886
9827,5,4.01666666522,6.868063078682749,2.8513964134627487
9828,5,7.14444441266,6.8144087273790035,0.3300356852809969
9829,5,7.68181818182,7.309682652283688,0.3721355295363118
9830,4,7.21904763721,7.013936079288689,0.20511155792131142
9831,5,7.38888888889,7.354597151945865,0.034291736944135565
9832,4,6.67999982834,7.093823901442735,0.4138240731027354
9833,4,7.78749996424,6.272852109695615,1.5146478545443856
9834,3,6.79999989271,7.3563591895319025,0.5563592968219027
9835,2,7.42727266658,7.180375782378169,0.2468968842018313
9836,2,6.69999998808,7.144153489510636,0.4441535014306357
9837,2,7.04999995232,7.411842947823387,0.3618429955033866
9838,4,6.92500007153,7.2161021544271415,0.2911020828971411
9839,3,7.01111110051,7.02384702991219,0.012735929402190038
9840,4,3.26818181303,7.27728212952431,4.00910031649431
9841,4,6.8272727186,6.944626266033688,0.1173535474336882
9842,3,7.26666665077,7.2769742735716605,0.010307622801660088
9843,3,6.94000005722,7.171205984406787,0.231205927186787
9844,3,6.6999999455,7.261808382018162,0.5618084365181621
9845,4,8.21999998093,6.936351157752445,1.283648823177555
9846,4,8.57333339055,6.140453517705264,2.432879872844735
9847,5,7.27272722938,7.2891748606658835,0.016447631285883446
9848,3,7.30909104781,7.10463507155507,0.20445597625492962
9849,2,7.03333330154,7.1680860414464735,0.13475273990647363
9850,2,7.22500002384,7.085378945984362,0.1396210778556375
9851,2,7.15384611717,6.6611365404543434,0.4927095767156562
9852,5,6.88000011444,7.1887840840245625,0.3087839695845629
9853,4,7.41666658719,6.948795373250348,0.46787121393965236
9854,1,6.38333328565,6.507400410305244,0.12406712465524361
9855,4,7.07999992371,7.037652570096764,0.04234735361323594
9856,2,7.10909089175,7.225807486285302,0.11671659453530214
9857,4,7.51249992847,7.011523774213991,0.5009761542560085
9858,1,2.85416667163,7.293253979082703,4.439087307452703
9859,4,6.64545453678,7.095995607836168,0.45054107105616836
9860,5,6.55625006557,7.186766838295831,0.6305167727258318
9861,1,6.71999998093,7.089135387643626,0.3691354067136263
9862,2,7.38461538462,7.077614615882318,0.3070007687376819
9863,2,7.83529416253,7.4084166418152355,0.4268775207147648
9864,1,7.34545469284,7.161175817700129,0.18427887513987073
9865,5,7.3,7.0631349284338025,0.2368650715661973
9866,4,8.3000000545,6.987857129725879,1.312142924774121
9867,2,6.51538467407,7.15370284416375,0.6383181700937497
9868,4,7.66923075456,7.067996527918791,0.6012342266412087
9869,1,7.04545463215,7.453880759901807,0.40842612775180687
9870,4,7.32222223282,6.870807923349577,0.4514143094704224
9871,1,6.69999990463,7.069337763368685,0.3693378587386844
9872,5,7.0,7.20340209429075,0.20340209429074996
9873,5,7.19999988874,6.711638749997561,0.48836113874243914
9874,5,7.09999990463,7.1484951862963015,0.04849528166630179
9875,1,7.06818177483,7.2545737483847645,0.18639197355476433
9876,3,7.19999992847,6.907313151549977,0.2926867769200223
9877,2,4.39310346801,6.989622366946687,2.5965188989366874
9878,1,3.73376621828,7.088930410067028,3.355164191787028
9879,5,7.25999994278,7.2808107808819855,0.02081083810198514
9880,2,7.15000006131,7.17089361203515,0.02089355072514998
9881,4,6.78235292435,7.302868714065632,0.5205157897156321
9882,5,7.70000012716,6.946795268955367,0.7532048582046329
9883,4,8.39999993642,7.285494333907105,1.114505602512895
9884,5,7.9333334287,6.897032065091813,1.036301363608187
9885,2,7.17777782016,7.356304827395906,0.17852700723590598
9886,4,7.70999999046,7.050758153446016,0.6592418370139841
9887,3,7.52857140132,7.147874483968165,0.38069691735183486
9888,5,7.80000007153,7.149864684457082,0.6501353870729183
9889,1,7.19090908224,7.348446789028752,0.15753770678875156
9890,4,6.81818190488,7.3185288988080295,0.5003469939280292
9891,1,6.43333333333,7.120024084249482,0.6866907509194817
9892,2,7.16666671965,7.045641782449739,0.12102493720026164
9893,2,6.91428579603,7.5181202925995345,0.6038344965695348
9894,1,7.62142852374,7.273032815842054,0.3483957078979456
9895,4,2.30769228935,6.909465992404101,4.601773703054102
9896,4,7.78571421759,7.107928012756271,0.6777862048337289
9897,2,4.47307693041,9.050301595289545,4.5772246648795445
9898,2,6.03658535422,6.838809015973966,0.802223661753966
9899,2,0.0,0.25894746303285276,0.25894746303285276
9900,5,5.79508197503,6.558167458858879,0.7630854838288785
9901,4,3.68235294024,4.921437811995939,1.239084871755939
9902,4,4.58947367417,4.7755962295325425,0.18612255536254274
9903,5,5.22777777248,5.164461260381837,0.06331651209816247
9904,1,3.76811594203,4.736068824058657,0.9679528820286571
9905,5,4.45550458366,4.444204465539759,0.01130011812024101
9906,4,5.29302323696,4.449195088251789,0.8438281487082104
9907,5,3.52666667302,5.124066674045332,1.5974000010253318
9908,5,4.14999999745,5.6180775245856065,1.4680775271356064
9909,4,8.35000014305,5.941570150885839,2.4084299921641605
9910,1,7.60625001788,5.2631457094400576,2.3431043084399423
9911,5,3.81379310016,4.8633871568328155,1.0495940566728157
9912,1,6.43157893733,5.2654450015364995,1.1661339357935008
9913,2,4.50978263046,4.178180416646068,0.33160221381393207
9914,5,4.26666665872,6.151758885420506,1.8850922267005057
9915,1,3.56562497467,4.537229287352906,0.9716043126829059
9916,5,4.72799998283,5.694433820451114,0.9664338376211141
9917,5,7.31818181818,5.965019916960219,1.3531619012197815
9918,3,7.67500003747,5.659135819447781,2.0158642180222195
9919,2,7.59499998093,5.263363072939597,2.3316369079904034
9920,3,8.0428571701,6.218831907251417,1.8240252628485827
9921,4,4.01702126205,5.237454382631075,1.2204331205810748
9922,2,4.32727272708,5.21779303162099,0.8905203045409893
9923,4,6.01499996185,4.9520025481708645,1.0629974136791356
9924,2,4.1090909062,6.0501387131628155,1.9410478069628159
9925,5,4.31463413704,6.254877865446802,1.9402437284068021
9926,3,4.83809525626,4.828913449114753,0.009181807145246523
9927,3,7.35000014305,5.040887096075367,2.309113046974633
9928,2,7.94000007629,6.288154356483329,1.651845719806671
9929,4,3.90200001717,5.371606374323806,1.4696063571538058
9930,4,4.22575758081,6.200211232116159,1.9744536513061588
9931,3,4.63888889551,5.497820264530082,0.8589313690200822
9932,2,3.41481480775,4.810803216185848,1.3959884084358478
9933,1,4.34285716783,5.81529833242466,1.4724411645946596
9934,2,4.3529411905,5.4911250994781975,1.1381839089781973
9935,1,4.10909089898,5.523671712679693,1.4145808136996934
9936,2,4.47333339055,4.877468312310852,0.40413492176085253
9937,3,4.39230768497,5.134269800818486,0.7419621158484864
9938,3,4.07500000795,4.63778727235411,0.5627872644041103
9939,4,5.69999992847,5.608931700672242,0.09106822779775747
9940,3,3.88421051126,4.5465430224368255,0.6623325111768255
9941,3,7.47600000381,5.1178979797213575,2.358102024088643
9942,1,7.6249999404,5.389617370662311,2.2353825697376895
9943,4,7.52500003576,7.039895685219968,0.4851043505400314
9944,1,7.55000004768,5.640788189633061,1.9092118580469393
9945,5,7.97500014305,7.540175733794329,0.434824409255671
9946,4,8.04000015259,8.155277449863894,0.11527729727389335
9947,3,7.72000001272,7.780308016603767,0.060308003883767114
9948,1,7.87647070604,8.254773830893193,0.3783031248531925
9949,5,8.06896556657,7.919900019251902,0.14906554731809862
9950,2,7.82000007629,7.778808211170591,0.04119186511940942
9951,2,7.24999996026,7.270120884433236,0.020120924173236077
9952,2,7.810526371,7.605606302610336,0.20492006838966415
9953,4,8.05000019073,6.790056649126827,1.2599435416031728
9954,2,7.80588234172,7.239787150091538,0.5660951916284622
9955,3,8.43333339691,7.696976728747468,0.7363566681625313
9956,5,8.07000002861,7.832076789987228,0.23792323862277165
9957,4,9.17199996948,7.796152505857478,1.375847463622522
9958,5,7.60909089175,7.484375500053872,0.12471539169612811
9959,1,7.4529411933,7.779646287542228,0.3267050942422278
9960,2,7.4157895038,7.354021128376074,0.061768375423926436
9961,3,6.5888888571,7.601582632686665,1.0126937755866656
9962,2,7.79500000477,7.355720493363846,0.43927951140615473
9963,3,8.14166669051,7.609933194494747,0.5317334960152529
9964,4,7.18000001907,7.223470248704579,0.04347022963457903
9965,3,7.60666662852,7.835363552135003,0.2286969236150025
9966,1,7.41052632583,7.519469024077766,0.10894269824776615
9967,1,8.13333328565,7.953549595529205,0.17978369012079476
9968,1,7.97857144901,7.591881245406495,0.38669020360350537
9969,1,8.24666665395,7.351122949620684,0.8955437043293157
9970,3,7.77499997616,7.2625212677932875,0.5124787083667126
9971,4,7.86315794995,7.950266284833543,0.08710833488354286
9972,3,7.49500007629,7.790392213347025,0.29539213705702494
9973,1,7.6,8.135010869247795,0.5350108692477953
9974,3,7.79999999205,7.917463406723006,0.11746341467300603
9975,2,7.96363644166,7.592093533326961,0.3715429083330397
9976,1,8.13750010729,7.7857868595287,0.35171324776130053
9977,5,7.90000004239,7.652196502916339,0.24780353947366152
9978,2,7.57857135364,7.578428344380507,0.00014300925949317644
9979,1,6.53636364503,7.608101690377755,1.0717380453477556
9980,4,7.88000001907,7.280488598342802,0.5995114207271977
9981,3,7.75263158899,7.343383341514533,0.4092482474754666
9982,3,7.51111112701,8.242155808327967,0.7310446813179663
9983,2,7.26000003815,7.452268769053623,0.1922687309036224
9984,5,7.64800001144,7.706683775732743,0.058683764292743135
9985,2,7.16666666667,7.358069095044307,0.19140242837430677
9986,5,7.82000001272,7.47014523451178,0.3498547782082193
9987,1,8.90000004239,8.002524860401731,0.897475181988268
9988,1,9.16666666667,7.622421268634545,1.5442453980354554
9989,5,6.99285718373,7.837549213561362,0.8446920298313616
9990,2,8.08823529412,8.015452553679557,0.0727827404404433
9991,5,8.70476200467,7.701617324121074,1.0031446805489264
9992,4,7.69999996821,7.566928115424698,0.1330718527853021
9993,4,7.47142859868,7.636834402384236,0.1654058037042354
9994,4,8.37000007629,7.588782632293103,0.781217443996896
9995,4,7.59999995232,7.706790085117799,0.1067901327977987
9996,5,7.7066666921,7.9665345608026445,0.2598678687026448
9997,4,7.60000000681,7.825900610889472,0.225900604079472
9998,5,7.97500011325,7.938077230018031,0.03692288323196902
9999,4,7.1882352829,7.393331322828787,0.20509603992878667
10000,1,7.64838707832,7.697497794415005,0.04911071609500528
10001,5,8.0150001049,7.696032392014401,0.3189677128855992
10002,5,7.60526320809,7.6805632959657775,0.07530008787577724
10003,2,8.18333323797,7.655431341125442,0.5279018968445586
10004,4,8.10000018279,7.4506628515954665,0.6493373311945332
10005,2,7.64285714286,7.417817476349695,0.2250396665103045
10006,2,7.84583340089,7.762905065428149,0.08292833546185108
10007,4,7.64705879548,7.844682082048363,0.1976232865683638
10008,2,7.8125,7.9486447090895265,0.13614470908952647
10009,4,8.05333328247,7.728739647979397,0.3245936344906024
10010,2,7.89166673024,7.719079976972236,0.17258675326776363
10011,5,7.35217388817,7.976371008965146,0.624197120795146
10012,1,7.6875,7.807211231404829,0.1197112314048292
10013,1,7.54999995232,7.586196543564852,0.03619659124485164
10014,2,6.98333326976,7.474519938726541,0.49118666896654073
10015,5,7.84814820466,7.838405017489015,0.009743187170984768
10016,5,7.83666675886,7.721683936899958,0.11498282196004173
10017,4,8.15714291164,7.7534169566514555,0.4037259549885439
10018,2,7.54000005722,7.600013010073789,0.06001295285378827
10019,5,7.52727274461,7.383915077761423,0.1433576668485772
10020,3,8.64999995913,7.037343113231323,1.6126568458986767
10021,5,8.01250006755,7.635367193201011,0.37713287434898923
10022,2,8.74761903854,7.813716509282305,0.9339025292576952
10023,1,8.64166673024,7.685178939632353,0.9564877906076479
10024,1,8.09999995761,8.174259052689173,0.07425909507917261
10025,2,8.64999997616,7.808347185473566,0.8416527906864344
10026,5,7.70000004768,7.629517275445781,0.07048277223421895
10027,4,7.60588239221,7.682701290022927,0.07681889781292739
10028,1,7.2642856666,7.603202930556561,0.33891726395656097
10029,4,7.46666666667,7.671017070682594,0.20435040401259386
10030,5,6.73076923077,7.73910392093291,1.0083346901629104
10031,2,7.54999998638,7.695744820304736,0.14574483392473603
10032,3,8.75000015895,7.870137946093723,0.8798622128562767
10033,2,8.375,7.836161719593295,0.5388382804067051
10034,2,7.54444450802,7.895372420008008,0.3509279119880082
10035,4,7.47999998728,7.620112528552355,0.14011254127235517
10036,1,8.27500003576,7.644987555437007,0.6300124803229927
10037,5,7.6000000106,7.849284718881938,0.24928470828193827
10038,1,8.17499998212,7.436686194008916,0.7383137881110828
10039,4,7.93333335718,7.000192304084776,0.9331410530952242
10040,5,7.61428571883,7.50271977291807,0.11156594591192981
10041,4,7.59999994131,7.7862947178611694,0.18629477655116933
10042,1,7.58000001907,7.595528679483761,0.015528660413760775
10043,1,8.170588297,7.49893301157255,0.67165528542745
10044,3,8.07000007629,7.307248273413187,0.7627518028768137
10045,2,9.13571419035,7.479058982998215,1.6566552073517862
10046,3,7.0777777036,8.024392377895884,0.9466146742958843
10047,5,7.375,7.83212611107625,0.4571261110762501
10048,5,8.51999988556,8.000460888015803,0.5195389975441973
10049,5,7.74285711561,8.072991817858355,0.3301347022483556
10050,5,7.09999990463,7.975677119343255,0.8756772147132557
10051,2,8.59999998411,7.956698420625131,0.6433015634848678
10052,2,7.72500008345,8.0136527511851,0.2886526677351
10053,3,7.00000006812,7.37301071729159,0.3730106491715901
10054,2,8.14444435967,7.556173288613011,0.5882710710569894
10055,5,6.05624997616,6.65411710347863,0.5978671273186302
10056,2,7.88333336512,7.697738700147033,0.1855946649729674
10057,2,8.04999995232,7.929241192032041,0.12075876028795918
10058,2,8.93333339691,7.834639845569357,1.0986935513406424
10059,2,7.63571422441,7.8545657395795585,0.21885151516955847
10060,5,8.54999990463,7.776152502921197,0.773847401708804
10061,2,6.97000012398,7.35995504182069,0.38995491784069003
10062,3,7.97500010331,8.101128134536294,0.126128031226294
10063,1,8.16250014305,7.709072958967328,0.45342718408267224
10064,4,6.91111108992,6.8414597246077,0.06965136531230076
10065,1,6.8125,8.563544913379706,1.7510449133797064
10066,4,8.36363636364,7.685022178453375,0.6786141851866248
10067,2,8.48750007153,7.626254658890057,0.8612454126399438
10068,1,7.12666660945,7.399498918298982,0.27283230884898213
10069,1,7.71666669846,8.1558833117157,0.4392166132556996
10070,4,7.82307698176,7.777644921165832,0.04543206059416782
10071,3,7.25882353502,7.704377467506438,0.4455539324864377
10072,1,7.14999997616,7.164370490860519,0.014370514700519088
10073,1,6.93000004292,6.805729560481163,0.12427048243883654
10074,2,8.2133333842,7.9984192723811836,0.2149141118188167
10075,1,8.54166674614,7.792691040488048,0.7489757056519526
10076,4,7.38666664759,7.201646279828424,0.1850203677615765
10077,1,7.7,8.228499006191763,0.5284990061917627
10078,4,8.75833320618,7.671692112695352,1.0866410934846478
10079,4,8.46363644166,7.857644981771385,0.6059914598886156
10080,3,7.84117650986,7.843454118583912,0.002277608723911584
10081,4,6.4789474136,7.64276857005699,1.16382115645699
10082,2,6.5933333079,7.727852116322132,1.1345188084221318
10083,2,7.20000001907,6.494969132110924,0.7050308869590758
10084,4,7.8833334446,7.588155230340813,0.2951782142591872
10085,2,8.43333318498,7.698128758689737,0.7352044262902631
10086,5,7.58999991417,7.796148008334791,0.2061480941647913
10087,4,9.43333339691,7.697132186160247,1.7362012107497522
10088,1,7.46249997616,7.8142870393276676,0.3517870631676674
10089,3,8.23333337572,7.489376125473623,0.7439572502463765
10090,4,8.13529421301,7.651344413031484,0.48394979997851717
10091,3,7.71250003576,8.129999059632013,0.4174990238720131
10092,3,8.85000014305,7.90661169757462,0.9433884454753798
10093,5,8.21250003576,7.776358403088955,0.43614163267104455
10094,3,7.29999990463,7.946734800847437,0.6467348962174375
10095,4,7.98888889949,7.004190340600694,0.9846985588893062
10096,1,8.0624999404,7.697300339768394,0.3651996006316063
10097,3,8.26250004768,7.711946927489838,0.5505531201901617
10098,4,8.34166673819,7.979192364432304,0.36247437375769564
10099,3,7.97777785195,7.954821389492046,0.022956462457954352
10100,3,8.55714266641,7.819355724492749,0.7377869419172507
10101,1,9.01666673024,7.801177120860555,1.2154896093794454
10102,3,8.47000007629,7.589919631179767,0.8800804451102335
10103,2,8.6714286123,7.774293704670831,0.8971349076291686
10104,3,9.73333334923,7.76151391989753,1.97181942933247
10105,2,8.75000011921,7.333011161258977,1.4169889579510233
10106,5,6.55999996662,8.166876142174534,1.6068761755545333
10107,3,6.92666667302,7.114837970853653,0.18817129783365338
10108,4,8.18333331744,7.777901765436377,0.40543155200362335
10109,3,7.07499996821,8.017663696354887,0.9426637281448871
10110,4,8.53333322207,7.869033248740155,0.6642999733298458
10111,2,7.96666669846,7.4700497220105095,0.49661697644949054
10112,5,7.28888887829,7.972870995395405,0.6839821171054048
10113,4,7.66000013351,7.500420960376673,0.15957917313332626
10114,2,7.07142850331,7.4252191272210135,0.35379062391101357
10115,3,8.08000006676,8.075991319582164,0.0040087471778367245
10116,1,8.04615394886,7.62552042448201,0.4206335243779904
10117,3,8.28181825985,7.997863516401302,0.28395474344869864
10118,1,6.52000007629,7.572512610468734,1.0525125341787342
10119,2,7.15333325068,6.576678051214481,0.5766551994655194
10120,1,7.60833334923,7.546227192810675,0.0621061564193246
10121,2,7.59090913426,7.701829617241564,0.11092048298156332
10122,1,8.61250007153,7.769894084824685,0.8426059867053155
10123,5,7.91250011325,7.810192896003999,0.10230721724600134
10124,3,7.10833326976,7.934924069776622,0.8265908000166222
10125,4,7.0111111535,7.9336728183308285,0.9225616648308286
10126,2,8.044444561,7.1534927301027045,0.8909518308972961
10127,4,7.31818177483,7.845112114969587,0.5269303401395868
10128,1,7.99166671435,7.717773051891154,0.27389366245884617
10129,2,6.22499996424,7.366568270966043,1.1415683067260431
10130,4,7.57500004768,7.429857935134422,0.14514211254557807
10131,3,7.61111116409,7.868183365300893,0.25707220121089236
10132,2,7.64444441266,7.905609483531585,0.26116507087158425
10133,4,7.53333330154,8.319294745308135,0.7859614437681346
10134,2,7.37500007947,7.974902364826412,0.5999022853564115
10135,4,8.57500004768,7.530924187410428,1.0440758602695714
10136,5,7.75,7.854187430244981,0.10418743024498056
10137,4,8.26923084259,7.8387352969045345,0.43049554568546533
10138,4,8.74444431729,7.540722086518307,1.2037222307716933
10139,5,7.82105257637,6.375155307627294,1.4458972687427059
10140,1,5.90000001589,6.896459574258227,0.996459558368227
10141,2,6.78999998569,6.687441892225962,0.10255809346403755
10142,1,6.82500008742,6.531934008602917,0.29306607881708313
10143,4,6.90000009537,6.701946744309838,0.1980533510601621
10144,1,5.85333344142,6.96532550583624,1.1119920644162402
10145,4,6.99333333969,6.185940244834346,0.8073930948556542
10146,3,6.09999997992,6.608882995994547,0.508883016074547
10147,5,7.03999996185,7.507121243502705,0.4671212816527044
10148,3,6.5200000445,6.389674759738912,0.13032528476108762
10149,3,6.625,6.532202936298472,0.09279706370152763
10150,5,6.55625000596,6.6058940554488235,0.049644049488823505
10151,1,6.63749998808,6.784911256487173,0.1474112684071729
10152,1,7.24999992053,6.549684245375883,0.7003156751541164
10153,3,6.13999989827,6.701264418400125,0.5612645201301252
10154,2,6.36666674084,6.542968343023086,0.17630160218308522
10155,4,7.45625001192,5.9025953642245454,1.5536546476954545
10156,4,7.27499997616,6.129517245503485,1.1454827306565152
10157,3,6.37272726406,6.89928373038417,0.5265564663241697
10158,2,7.15483871583,6.360599914784549,0.7942388010454513
10159,2,6.7055555582,6.181432360095836,0.5241231981041645
10160,5,7.63333324591,6.44389006696561,1.1894431789443907
10161,5,4.59583326181,6.215990756109491,1.620157494299491
10162,4,6.66249999404,7.943175327568356,1.2806753335283556
10163,2,6.59999996821,6.590203546987963,0.0097964212220365
10164,1,5.95833337307,6.711355613771832,0.7530222407018314
10165,1,6.875,6.578548755534296,0.2964512444657039
10166,4,7.50624999404,6.449905202855395,1.0563447911846051
10167,5,6.61333335241,6.467476778512019,0.1458565738979809
10168,4,6.32666664124,6.5422387362719245,0.21557209503192443
10169,5,6.74705889646,6.602953416342339,0.1441054801176609
10170,1,6.44666671753,6.637327644302122,0.19066092677212154
10171,1,7.34400005341,6.726514757699608,0.6174852957103925
10172,3,6.60999999046,6.1531432917439925,0.45685669871600787
10173,5,6.5,6.340769305868442,0.15923069413155844
10174,5,6.44615386083,6.803767128067477,0.3576132672374772
10175,4,6.47333335876,6.975650231190982,0.5023168724309821
10176,5,6.94666671753,6.370027099140613,0.5766396183893869
10177,5,7.42727270993,6.360342909074965,1.0669298008550356
10178,2,6.83750003576,6.634978694599488,0.20252134116051135
10179,3,5.98000001907,6.687159232997367,0.7071592139273664
10180,3,6.28750008345,6.520873747882239,0.2333736644322384
10181,5,7.06666660309,5.402251237732997,1.6644153653570024
10182,5,6.5833332936,6.558250391541046,0.025082902058954026
10183,1,6.23333330949,6.787149162261957,0.5538158527719572
10184,1,6.64444441266,6.444595121793901,0.1998492908660996
10185,5,6.29000000954,6.712186109441249,0.422186099901249
10186,1,6.15499994755,6.401523470837921,0.24652352328792038
10187,2,7.06111105283,6.415463395203685,0.6456476576263155
10188,5,7.6411764762,6.381463230194487,1.2597132460055134
10189,4,7.09000000954,6.720363349354002,0.36963666018599817
10190,2,6.98124995828,6.427313296924179,0.553936661355821
10191,3,5.84000015259,6.61544545936867,0.7754453067786695
10192,1,6.60833330949,6.547487268504327,0.060846040985673255
10193,2,6.46875,6.359752725279264,0.10899727472073639
10194,2,6.44545461915,6.4678243392310675,0.02236972008106708
10195,3,6.31333341599,6.575924440244598,0.2625910242545979
10196,3,6.38750001788,6.244758527189363,0.14274149069063657
10197,4,6.17499988079,6.912385665342704,0.7373857845527043
10198,3,7.21333328883,6.166650596378596,1.0466826924514043
10199,1,6.76999998093,6.613732204809723,0.1562677761202771
10200,2,5.74761901583,7.0168090399553575,1.2691900241253578
10201,4,6.34000000954,6.665398961993388,0.325398952453388
10202,4,7.10499994755,6.150132198864188,0.9548677486858113
10203,2,7.23000001907,6.8190625919334895,0.4109374271365107
10204,5,6.72499996424,6.362002954120258,0.3629970101197424
10205,5,8.08571440833,6.396403641017625,1.6893107673123753
10206,2,6.04499998093,6.656942892129716,0.6119429111997157
10207,1,5.93333339691,6.682243055932279,0.7489096590222788
10208,2,6.61249998212,6.432511795642088,0.17998818647791204
10209,5,6.38666671117,6.347963126366781,0.038703584803219115
10210,4,7.24666662216,6.517031051373374,0.729635570786626
10211,1,7.11428574153,7.000424277490823,0.11386146403917685
10212,3,6.13333336512,6.427835184019301,0.2945018188993007
10213,3,6.67999999523,6.615697028930374,0.06430296629962662
10214,2,6.59000005722,6.47946187222449,0.11053818499551049
10215,2,6.32499998808,6.363634456864174,0.0386344687841742
10216,2,7.74999992053,6.336624620711331,1.4133752998186688
10217,2,5.96000003815,6.7999110277208885,0.8399109895708889
10218,2,6.44666665395,6.384199876407996,0.06246677754200469
10219,4,6.06000000636,6.1206120329561475,0.060612026596147395
10220,1,6.69166664282,6.725164691776295,0.03349804895629571
10221,2,6.40689659119,6.162724161583393,0.244172429606607
10222,5,6.45000004768,6.595963985065253,0.14596393738525304
10223,4,7.30000004015,6.893825342607955,0.4061746975420446
10224,1,6.75999997457,6.6349534647610255,0.1250465098089748
10225,5,5.45000000561,6.286945851317235,0.836945845707235
10226,1,6.84166665872,6.489715150594901,0.351951508125099
10227,5,6.94615389751,6.535952528228382,0.41020136928161843
10228,3,6.22499998411,6.727864798504576,0.5028648143945755
10229,1,6.98666664759,6.599024510376823,0.3876421372131773
10230,5,6.70000002384,6.9642902019048245,0.26429017806482413
10231,5,6.34666671753,6.3338553874052215,0.012811330124778308
10232,5,6.33999996185,6.539446396556644,0.19944643470664403
10233,5,7.78000001907,6.506577835129817,1.2734221839401831
10234,1,5.98000001907,6.729688127144281,0.749688108074281
10235,2,6.53500001431,6.594967044912669,0.05996703060266828
10236,1,6.3999999894,6.852325369288754,0.45232537988875343
10237,1,5.27666662534,6.624004951761538,1.3473383264215384
10238,5,5.0470588067,5.858710961147725,0.8116521544477253
10239,2,5.48571426528,5.779972262331122,0.29425799705112166
10240,1,5.54583330949,5.573920696785985,0.02808738729598481
10241,3,6.15499997139,5.539160515026243,0.6158394563637568
10242,3,6.57692304024,5.636591024042512,0.9403320161974875
10243,4,4.49999997195,5.906443984974536,1.4064440130245357
10244,1,6.62499996026,5.881800403503501,0.7431995567564993
10245,3,7.3714285578,6.217731708127837,1.153696849672163
10246,5,6.38124999404,5.732240207061881,0.6490097869781186
10247,5,5.87222223812,5.992895345024353,0.12067310690435296
10248,5,6.98750007153,5.613846360426594,1.3736537111034064
10249,4,7.18666664759,6.0492761728526565,1.1373904747373436
10250,5,5.39374995232,5.685359990538604,0.29161003821860376
10251,4,5.76363637231,5.898171955280428,0.134535582970428
10252,3,6.95000004768,6.92049241131317,0.02950763636683007
10253,5,6.7,6.849949076852948,0.14994907685294745
10254,2,6.90000002725,7.129183190958738,0.22918316370873804
10255,2,6.66111106343,5.786246258011972,0.8748648054180279
10256,2,6.1111111376,5.954195614106624,0.15691552349337634
10257,5,4.97500002384,5.875642635492518,0.9006426116525184
10258,2,7.0666667223,6.128440118553127,0.9382266037468732
10259,4,4.56666668256,6.217193868277873,1.6505271857178725
10260,5,7.325,6.076929643201587,1.2480703567984133
10261,1,5.61999998093,5.699777576630484,0.0797775957004836
10262,5,6.46250003576,6.41034249729245,0.05215753846754989
10263,3,5.82916669051,5.671521427917748,0.15764526259225242
10264,4,5.72916668653,6.10369825271342,0.37453156618341943
10265,1,4.87142854077,5.52017313670264,0.6487445959326399
10266,5,4.95416667064,6.075043726441137,1.1208770558011372
10267,5,6.49090909958,5.974800731386564,0.5161083681934358
10268,5,6.6727272814,6.320169782899032,0.3525574985009685
10269,3,5.71363639832,5.877010671150117,0.16337427283011685
10270,2,5.49999997616,5.838429263311987,0.33842928715198717
10271,2,6.18181811679,5.757075519207968,0.42474259758203203
10272,1,5.7708333532,6.034168108482814,0.26333475528281447
10273,5,5.34999997616,5.761294940085106,0.4112949639251058
10274,1,5.5166666309,6.109487167056795,0.5928205361567951
10275,3,4.82499998808,5.573123468003088,0.7481234799230876
10276,5,4.58285711833,5.7451619499305435,1.1623048316005438
10277,1,4.46000003815,5.817675707347919,1.3576756691979197
10278,2,6.47500006358,5.570520345617946,0.9044797179620536
10279,2,7.64000005722,7.083145071965597,0.5568549852544029
10280,2,5.17499995232,5.744103318688923,0.5691033663689229
10281,5,5.78,5.646993344184603,0.1330066558153975
10282,1,4.44400001526,5.6647334326568135,1.2207334173968132
10283,2,5.94500005245,5.4064713405021125,0.5385287119478877
10284,1,4.37000000477,6.273649798962617,1.9036497941926172
10285,2,5.5799999396,6.184275256773774,0.6042753171737738
10286,2,5.77000002861,6.063521282721204,0.2935212541112042
10287,3,5.61999998093,5.632095117514894,0.012095136584894028
10288,2,4.84999997616,5.828448712232312,0.9784487360723118
10289,1,6.3199999673,5.748183831728528,0.5718161355714724
10290,3,4.93000000318,5.829812833554752,0.8998128303747519
10291,2,6.58749997616,5.851648091522823,0.7358518846371771
10292,5,5.11785713264,5.745954198670015,0.6280970660300147
10293,4,4.19199993134,5.85971022557892,1.66771029423892
10294,4,5.26499996185,5.652990749935433,0.38799078808543275
10295,5,6.49090901288,5.7655767731814445,0.725332239698556
10296,2,5.10344822653,6.061218485194535,0.9577702586645351
10297,2,6.375,5.832737095736302,0.5422629042636977
10298,3,5.85555550787,6.095011674692446,0.2394561668224462
10299,2,4.99375000596,5.811223739144765,0.817473733184765
10300,5,5.44000002543,5.730153584448849,0.2901535590188491
10301,5,6.54782608281,5.6469561742007235,0.9008699086092768
10302,1,7.11666671435,5.7382043274711645,1.3784623868788355
10303,4,6.61999988556,6.0709718518478315,0.5490280337121689
10304,3,5.61666660839,6.041389683723152,0.42472307533315234
10305,4,7.41874998808,5.7752133309374605,1.6435366571425396
10306,3,4.88666671117,6.009378982129195,1.1227122709591946
10307,4,5.21666665872,5.786994649627941,0.5703279909079404
10308,3,6.58500006199,6.176076456035848,0.40892360595415145
10309,3,6.46666663034,5.3749118853909845,1.0917547449490153
10310,1,6.28000004292,5.669402267343456,0.6105977755765446
10311,4,5.69705883194,5.836530840159296,0.13947200821929595
10312,4,6.53846152012,5.730129721063016,0.808331799056984
10313,4,5.32727278363,6.210643674734345,0.8833708911043452
10314,5,6.41428565979,6.834292837486081,0.420007177696081
10315,2,5.90999999046,5.943696625126612,0.03369663466661166
10316,3,6.08571424938,5.937654403715444,0.1480598456645552
10317,1,5.02424234332,5.774748630588533,0.7505062872685331
10318,3,5.07999994755,5.7236563392772215,0.6436563917272213
10319,1,5.366666703,5.824868512100276,0.4582018091002764
10320,5,6.16499993801,6.0322490462475855,0.13275089176241472
10321,5,5.87499998013,5.65974081479177,0.21525916533822986
10322,2,6.13500001431,5.6311830148790705,0.5038169994309296
10323,2,5.57714287894,5.8303931201369705,0.25325024119697037
10324,2,5.1799999555,5.536884400376393,0.3568844448763935
10325,2,5.46666667196,5.589864696019986,0.12319802405998637
10326,5,5.72666665713,5.634216050110968,0.09245060701903185
10327,2,5.54500000477,6.003732411987053,0.45873240721705244
10328,4,6.4375000596,7.063295456381814,0.6257953967818146
10329,2,5.21538463006,5.564580746895,0.3491961168350004
10330,1,6.63666664759,5.870761861903884,0.7659047856861161
10331,4,5.37500003974,6.003034749864099,0.6280347101240995
10332,4,6.60769224167,5.7629626855687635,0.8447295561012362
10333,3,6.45714286395,6.104881498185687,0.35226136576431255
10334,1,6.37333335876,5.589782916718411,0.7835504420415891
10335,2,6.45555559794,5.675400268651882,0.7801553292881183
10336,2,6.75588233331,5.677266373670325,1.0786159596396745
10337,1,5.11333328883,5.671191416374293,0.5578581275442929
10338,3,5.51500000954,5.5944143718010935,0.07941436226109388
10339,5,6.23913039332,5.791272890752174,0.4478575025678255
10340,3,5.69999998808,5.680702719313556,0.019297268766443665
10341,4,6.56000003815,7.139053552508205,0.579053514358205
10342,5,6.68333331744,6.649572177830889,0.03376113960911109
10343,5,6.55833335718,6.797715930165403,0.23938257298540222
10344,5,7.80000006069,6.627847635427726,1.1721524252622748
10345,3,6.13333320618,6.837392767394946,0.7040595612149465
10346,3,6.58999996185,6.788381118839369,0.19838115698936853
10347,2,6.77333339055,6.731826127410776,0.04150726313922437
10348,5,6.53999996185,6.613340800421548,0.07334083857154727
10349,1,7.03333335453,6.733706179765411,0.29962717476458867
10350,5,6.81428561892,6.85654295651391,0.04225733759391037
10351,3,6.34999998411,6.8953866662566785,0.5453866821466784
10352,5,6.30000008477,6.770993851524387,0.4709937667543871
10353,5,8.36250001192,6.6849578837671295,1.6775421281528704
10354,4,6.37777778837,6.975569453402015,0.5977916650320143
10355,4,6.41111108992,7.213982827712173,0.8028717377921728
10356,2,6.80000007153,6.158072952690017,0.6419271188399831
10357,5,6.68125000596,6.881867291279071,0.20061728531907086
10358,3,6.22499996424,6.8312367783101715,0.6062368140701713
10359,4,7.03076923811,6.748588120103268,0.28218111800673285
10360,2,6.64545445009,6.88231204503884,0.23685759494884007
10361,5,6.36000013351,6.8783441915009185,0.5183440579909186
10362,2,7.94999996821,7.170254909849582,0.779745058360418
10363,3,6.27500009537,7.010680218046806,0.7356801226768059
10364,3,6.75714288439,6.852023468244515,0.09488058385451481
10365,2,6.46000003815,6.731429413873939,0.27142937572393944
10366,4,7.07368421555,6.328385105872582,0.7452991096774184
10367,5,7.50476190022,7.241746826358344,0.2630150738616557
10368,4,7.93913036844,6.921758635642189,1.0173717327978107
10369,4,6.47692309893,7.051675523789064,0.5747524248590636
10370,4,6.77333335876,7.113390648273126,0.3400572895131253
10371,1,6.57142850331,6.642542540097356,0.07111403678735595
10372,3,6.62499992053,6.8019313759478415,0.17693145541784183
10373,4,6.66000003815,6.819409222979796,0.15940918482979605
10374,2,6.76666667726,6.628192607662464,0.13847406959753616
10375,4,6.37000007629,6.893827294761104,0.5238272184711041
10376,3,7.23333326976,7.457466369167067,0.22413309940706672
10377,2,6.56666668256,6.856168602003636,0.28950191944363546
10378,1,6.6571429457,6.7437828377715405,0.0866398920715401
10379,5,6.56666665607,7.0131289298081905,0.4464622737381907
10380,5,8.70000009537,6.697676277178751,2.0023238181912486
10381,5,7.71999988556,6.614442491754436,1.1055573938055643
10382,3,7.02000007629,6.942098676489931,0.07790139980006838
10383,3,6.33846158248,6.744119974347252,0.4056583918672523
10384,1,6.37777789434,6.790299939646286,0.4125220453062859
10385,4,6.65999994278,7.286962674203197,0.6269627314231974
10386,1,6.56363630295,6.716974541885576,0.15333823893557597
10387,4,6.6875,7.05085947741645,0.36335947741645036
10388,1,6.47727274895,6.857931483997642,0.3806587350476418
10389,3,6.62222215864,6.971075875733097,0.348853717093097
10390,5,6.72142856462,6.695022594514386,0.026405970105614074
10391,4,8.15263158397,6.52113579636267,1.6314957876073306
10392,2,7.04193549002,7.327290312567374,0.2853548225473741
10393,3,7.06666660309,6.762502971541528,0.30416363154847215
10394,4,6.7722222805,6.800023371191583,0.02780109069158243
10395,5,6.64999997616,7.2300634623403495,0.5800634861803493
10396,5,6.625,7.010987387542506,0.3859873875425057
10397,2,7.8799999555,6.888493842173037,0.9915061133269631
10398,1,7.16666666667,6.888506388469259,0.2781602782007413
10399,3,6.19166664282,7.048056832200206,0.8563901893802068
10400,2,7.06666669846,7.29110973374077,0.22444303528077025
10401,4,6.71428571429,6.86697524027768,0.1526895259876797
10402,1,7.26666667726,6.753907250599729,0.5127594266602706
10403,1,7.18000001907,6.902254412215662,0.2777456068543387
10404,5,8.85555553436,7.029023544392015,1.826531989967986
10405,3,7.38999996185,6.843343950759507,0.5466560110904934
10406,5,6.72500002384,6.80064142782684,0.0756414039868405
10407,1,6.86666663488,6.861989368729717,0.0046772661502823
10408,3,6.43636369705,7.044988256305049,0.6086245592550492
10409,2,6.78000011444,6.7266754121579675,0.053324702282032455
10410,2,7.13333328565,7.224595635070996,0.09126234942099565
10411,3,7.04666668574,6.921262338634096,0.12540434710590365
10412,1,6.42857149669,7.1595034021686885,0.7309319054786885
10413,2,6.88000001907,7.066602151589373,0.18660213251937297
10414,2,6.80000003179,6.753438741195164,0.046561290594835825
10415,3,6.64545453678,7.220978146950812,0.5755236101708121
10416,1,7.54999995232,6.646646816062366,0.9033531362576346
10417,2,6.58571420397,7.087806360658994,0.5020921566889935
10418,4,7.07692304024,6.77872917595967,0.29819386428032946
10419,3,6.68571424484,7.012387031570837,0.3266727867308372
10420,4,6.55714280265,7.07825398086241,0.5211111782124105
10421,4,6.46250003576,6.846744597915918,0.38424456215591807
10422,2,7.75555562973,7.162230056122062,0.5933255736079381
10423,3,7.02999997139,6.893112719195389,0.13688725219461073
10424,2,6.88181825118,6.868584025277515,0.013234225902484908
10425,1,7.0,6.761828221249194,0.23817177875080642
10426,5,7.50869568535,7.481587740464456,0.027107944885544022
10427,4,8.85294117647,7.033060744500038,1.8198804319699624
10428,2,7.51999998093,6.790676003973569,0.7293239769564304
10429,5,6.24615375812,6.868354460998718,0.6222007028787182
10430,3,6.97142859868,6.935850746104674,0.03557785257532586
10431,4,7.34444443385,6.860996896509808,0.48344753734019186
10432,1,7.55714287077,6.895957919557017,0.6611849512129826
10433,5,6.47500002384,6.806307011612876,0.3313069877728765
10434,4,6.33749997616,6.809373219299803,0.47187324313980294
10435,4,6.61666659514,6.812624152343241,0.19595755720324082
10436,3,7.0,7.415749487077757,0.4157494870777567
10437,1,6.69999989596,7.2593659671280735,0.5593660711680739
10438,4,6.68571417672,6.969319462186988,0.2836052854669875
10439,2,6.82999992371,6.554419834105988,0.2755800896040119
10440,1,6.71249997616,6.770463450818391,0.0579634746583908
10441,5,6.93846156047,6.874960230164508,0.06350133030549276
10442,3,6.67777776718,6.964565445479748,0.2867876782997474
10443,1,6.54999995232,6.7996934314788176,0.24969347915881723
10444,4,6.38000011444,6.900238290912151,0.5202381764721515
10445,5,6.38333336512,6.805205007243208,0.4218716421232074
10446,3,7.07777780957,6.9102800792865064,0.16749773028349324
10447,4,6.65555556615,6.832176551400781,0.1766209852507803
10448,5,6.97777777248,6.8156620326343615,0.1621157398456381
10449,1,6.5888888571,6.953067630894707,0.3641787737947073
10450,1,6.68333335718,6.712875875939782,0.029542518759781977
10451,1,6.53333330154,6.795777710400858,0.2624444088608584
10452,2,6.86874997616,6.808088763207668,0.060661212952331844
10453,5,7.43333331744,6.858522172279678,0.5748111451603215
10454,5,6.68571424484,6.806919066970804,0.12120482213080397
10455,3,7.18181822517,7.055346132581816,0.12647209258818393
10456,3,6.50714278221,6.877267701477181,0.37012491926718116
10457,5,7.20000004768,6.849890786083686,0.3501092615963133
10458,1,6.97058826334,6.746291228181701,0.22429703515829846
10459,4,6.86250001192,7.150273172244658,0.28777316032465805
10460,4,8.05909098278,7.3214664265781435,0.7376245562018573
10461,2,7.61000000636,7.415584307027602,0.19441569933239755
10462,5,7.26875001192,6.453410555455843,0.815339456464157
10463,1,7.42105270687,7.563605080519626,0.14255237364962614
10464,5,7.32499989867,7.392679268694025,0.0676793700240248
10465,5,7.03076923811,7.391563810496735,0.36079457238673474
10466,3,7.36111111111,7.710308353365304,0.349197242255304
10467,4,4.67333339055,5.711449035445919,1.0381156448959192
10468,3,6.85833338896,7.235357744899347,0.3770243559393469
10469,1,8.63846155313,7.47272039578455,1.1657411573454501
10470,5,8.53333330154,7.2524076507500865,1.2809256507899143
10471,4,7.7333334287,7.251907568803723,0.4814258598962766
10472,4,7.61304353631,7.756132894893872,0.14308935858387173
10473,3,7.11578941345,7.418993317443131,0.3032039039931309
10474,4,4.12916663289,9.799332853152524,5.670166220262525
10475,4,4.8714285578,5.856727334447461,0.9852987766474612
10476,3,7.89999993642,7.638275631963975,0.2617243044560258
10477,2,7.66923079124,7.99158296923463,0.32235217799462923
10478,5,8.32222223282,7.21949642275643,1.1027258100635695
10479,1,7.03076923811,7.607432216278327,0.5766629781683266
10480,1,7.7222223017,7.613411809905707,0.10881049179429247
10481,2,3.663461527,7.548541288690095,3.885079761690095
10482,2,3.87909085967,6.979327983492322,3.100237123822322
10483,1,8.38333336512,7.450187884819562,0.9331454803004382
10484,3,8.80000002682,6.672890363581371,2.1271096632386284
10485,4,4.38000008265,4.959718898377086,0.5797188157270865
10486,5,7.99999996026,7.169302146027366,0.830697814232634
10487,3,7.36666669846,7.685416955689207,0.31875025722920647
10488,5,7.84375011921,6.957080747868816,0.886669371341184
10489,1,7.70625001192,7.471616415107527,0.23463359681247287
10490,1,7.87894730819,7.483287612176934,0.39565969601306605
10491,1,7.36875002086,7.32629760469005,0.04245241616994999
10492,5,9.35263146852,7.552738752414307,1.7998927161056937
10493,1,8.02916675806,7.267302818629572,0.7618639394304285
10494,3,7.42000007629,7.425027516482863,0.00502744019286272
10495,1,4.22615381388,5.503869019873859,1.277715205993859
10496,4,8.10000010899,7.452286819533322,0.6477132894566786
10497,2,7.53000001907,7.145033552359914,0.38496646671008605
10498,3,8.83571440833,7.471003323946003,1.3647110843839974
10499,4,7.40645162521,7.310300787337869,0.09615083787213052
10500,2,7.16499989033,8.207932078637993,1.0429321883079936
10501,1,4.39999995913,7.354160411651947,2.954160452521947
10502,4,4.25454542854,5.917643085118794,1.6630976565787936
10503,1,3.80601503257,5.577057719838593,1.7710426872685932
10504,4,7.48181819916,7.190932524370971,0.2908856747890294
10505,4,7.54999997881,7.4353728952454805,0.11462708356451934
10506,3,8.10000006358,7.474981572047098,0.6250184915329013
10507,2,7.12222221163,7.3357467471984075,0.2135245355684079
10508,5,7.68125000596,7.151059158239448,0.5301908477205517
10509,1,7.37692312094,7.681839030747539,0.3049159098075389
10510,2,3.79795917686,5.037730647793795,1.2397714709337952
10511,4,7.7260869275,7.83034567893609,0.10425875143608998
10512,1,7.37187504768,7.70862586429492,0.33675081661492
10513,1,9.2333334287,7.490350878592626,1.7429825501073744
10514,1,7.68888892068,7.519794501693142,0.16909441898685795
10515,5,7.7777777248,7.372126108764128,0.40565161603587185
10516,5,7.34166669846,7.542053003161197,0.20038630470119667
10517,1,7.73529425789,7.464010748572978,0.27128350931702183
10518,5,8.16190474374,7.150216382217562,1.0116883615224372
10519,4,7.67999992371,6.981791236836132,0.6982086868738673
10520,2,8.77500009537,7.227699421845905,1.547300673524095
10521,3,7.90000007266,7.72061604719804,0.1793840254619603
10522,4,7.60416662693,8.138960552051236,0.5347939251212361
10523,3,8.6718750596,7.553470698552484,1.1184043610475154
10524,5,7.44999995828,7.327908979040794,0.1220909792392062
10525,3,7.79999998212,6.9404842221357255,0.8595157599842747
10526,2,4.88400001526,7.767543122242623,2.883543106982623
10527,5,4.03043475358,5.048517317887556,1.018082564307556
10528,5,6.64166665077,5.203190726562465,1.4384759242075358
10529,2,6.85833334923,6.358534290634922,0.49979905859507756
10530,2,6.85,6.522712219459506,0.3272877805404937
10531,2,6.5461538755,6.279753256188862,0.26640061931113834
10532,5,7.00526317797,6.457979456601759,0.5472837213682409
10533,3,6.48666667938,6.532044719275868,0.045378039895868305
10534,2,3.95040001106,5.182420585615425,1.232020574555425
10535,5,3.61604936623,5.150055891142936,1.5340065249129364
10536,1,5.18571429593,5.132981976606347,0.05273231932365352
10537,3,6.53000001907,6.763884053053943,0.23388403398394253
10538,4,6.87368418041,5.968247605269863,0.9054365751401363
10539,3,6.125,6.922477970568243,0.7974779705682433
10540,4,6.1999999455,6.505858074298098,0.30585812879809815
10541,5,6.09999995232,6.507409844120161,0.4074098918001612
10542,4,6.73333334923,6.571049070869507,0.16228427836049253
10543,1,6.59999998411,5.871807744085523,0.7281922400244767
10544,2,6.23076930413,5.881439951717505,0.34932935241249474
10545,4,6.6285714422,5.778772546561193,0.8497988956388074
10546,5,6.26363632896,6.570560428327696,0.3069240993676967
10547,3,6.42857149669,6.465955453751517,0.037383957061517314
10548,1,4.84166665872,6.500636214288069,1.6589695555680688
10549,2,5.35517238748,6.182682908792209,0.8275105213122096
10550,4,4.83333349228,6.129847441567005,1.2965139492870046
10551,4,4.15000009537,5.5325846606626365,1.3825845652926363
10552,1,6.56999993324,6.368195662986977,0.20180427025302272
10553,1,6.66666666667,6.500731960238593,0.16593470643140762
10554,5,5.8750000298,6.021637804248859,0.14663777444885895
10555,5,5.34736844113,5.385993566776096,0.03862512564609588
10556,5,5.53600000381,5.679724416587193,0.1437244127771935
10557,1,6.9545454112,6.425946127156643,0.5285992840433567
10558,3,6.69285716329,5.9148578270772925,0.7779993362127078
10559,4,6.86249995232,6.382272116103983,0.4802278362160175
10560,4,5.59333340327,5.723167255935891,0.12983385266589131
10561,4,5.66315786462,5.619521503315066,0.04363636130493376
10562,3,7.01818180084,6.398949276724729,0.6192325241152705
10563,4,5.52000007629,5.547782863455054,0.027782787165054224
10564,1,5.86923082058,5.897562479971327,0.02833165939132698
10565,1,5.56111115879,5.645980830585736,0.08486967179573579
10566,3,5.38444442749,5.751545923082385,0.3671014955923848
10567,1,5.18235293557,5.702423115523128,0.5200701799531284
10568,5,4.0333332936,5.731397881795709,1.6980645881957086
10569,4,6.46296296296,5.85358771905901,0.6093752439009901
10570,3,4.98888889949,5.958309635060101,0.9694207355701012
10571,3,5.0764706275,5.941419963946112,0.864949336446112
10572,3,5.73750001192,5.605532583129622,0.13196742879037782
10573,5,4.59199996948,5.721076460552972,1.129076491072972
10574,4,6.66500000954,6.2712517560765075,0.3937482534634924
10575,1,4.71999993324,6.652081497956712,1.9320815647167127
10576,3,6.87222223812,5.8589042942789975,1.0133179438410025
10577,1,6.73888889949,6.013537177083775,0.7253517224062254
10578,5,4.82727276195,6.036962365377549,1.2096896034275488
10579,4,5.44000005722,6.077170530591334,0.6371704733713344
10580,1,7.38499999046,5.883421555708307,1.5015784347516927
10581,5,6.26000000636,6.001508066708077,0.25849193965192363
10582,2,5.48125001788,6.422690390757715,0.9414403728777154
10583,5,5.16666663488,6.019581184631218,0.852914549751218
10584,1,5.61132075652,6.318009538137833,0.7066887816178333
10585,4,4.86000003815,6.5097400258977896,1.6497399877477896
10586,3,5.85625001788,6.092016077021722,0.23576605914172255
10587,4,5.49199995041,5.646070153807486,0.15407020339748545
10588,3,5.58999998569,5.477804023506801,0.11219596218319872
10589,5,5.48666667938,5.635842992947749,0.1491763135677493
10590,4,6.00399997711,5.96188735517202,0.0421126219379806
10591,3,5.5583332777,5.037430249608786,0.5209030280912144
10592,2,5.75833332539,6.2116667117928985,0.4533333864028988
10593,2,6.4062500298,6.26639091525795,0.13985911454205002
10594,5,4.98750001192,6.067846797633534,1.0803467857135338
10595,3,5.74166667461,6.1701505857061205,0.4284839110961203
10596,4,6.63999998569,5.243607978918507,1.3963920067714932
10597,4,4.98076926745,5.909666512975583,0.9288972455255831
10598,3,7.4352942074,5.529334967183852,1.9059592402161485
10599,2,5.27692303291,6.261926473858779,0.9850034409487787
10600,3,6.61999994914,5.671198274789391,0.9488016743506096
10601,3,5.82666664124,5.244742035969192,0.5819246052708085
10602,2,7.03499996662,5.600343887252901,1.434656079367099
10603,2,5.21886792273,5.709384672642582,0.4905167499125813
10604,1,5.97999997139,5.7609090178305005,0.21909095355949937
10605,2,6.64999995232,6.288143236658548,0.3618567156614523
10606,2,6.51764701394,5.545047728434367,0.9725992855056322
10607,4,6.32499994834,5.928797838040861,0.3962021102991393
10608,3,6.25833332539,6.347607678690022,0.08927435330002265
10609,1,7.29999995232,5.9935952832854085,1.3064046690345918
10610,3,8.26666666667,5.561078191455499,2.705588475214501
10611,2,4.22903225499,5.747931521641732,1.518899266651732
10612,2,6.23076919409,6.593122153770147,0.36235295968014736
10613,1,4.60666668415,5.967801281990123,1.361134597840123
10614,4,3.98048781186,6.136949724832563,2.1564619129725635
10615,4,6.70526318801,5.680955438158874,1.0243077498511264
10616,5,7.13500001431,6.233004955855183,0.9019950584548173
10617,3,4.23243241697,6.028768033774561,1.7963356168045612
10618,3,3.91290320889,6.004760089133189,2.091856880243189
10619,2,7.00000003974,5.532941900624542,1.4670581391154576
10620,2,3.53529409801,6.235286743154163,2.6999926451441634
10621,2,7.38750004768,6.930223250453292,0.457276797226708
10622,4,5.64210522802,6.095341801969562,0.45323657394956207
10623,4,5.20000001004,6.265581805406655,1.065581795366655
10624,2,5.70999996662,6.8735911697600764,1.1635912031400766
10625,1,6.45000001788,5.963589415303617,0.4864106025763828
10626,4,6.22666664124,6.534132310709008,0.3074656694690088
10627,5,5.49500000477,5.472423520403592,0.022576484366407357
10628,5,5.08611113495,5.644893005822701,0.5587818708727008
10629,5,4.78249998093,6.066032437383583,1.2835324564535835
10630,3,5.3000000053,5.049042588038934,0.25095741726106624
10631,1,4.18709670344,4.766529337862607,0.5794326344226066
10632,2,4.791304381,6.796334824913674,2.0050304439136744
10633,4,4.80000004402,5.57919370766702,0.7791936636470203
10634,3,4.18888887432,5.370242637164059,1.1813537628440587
10635,2,4.57666667302,6.452252217655979,1.875585544635979
10636,5,7.73333333333,5.5571638730193245,2.1761694603106756
10637,1,5.17500001192,5.906268156472122,0.7312681445521223
10638,4,5.46666665872,5.436817746185567,0.029848912534433225
10639,3,4.55757574602,5.645420239548968,1.0878444935289675
10640,2,6.59999998411,5.110032427087774,1.4899675570222257
10641,5,5.72666664124,5.676665641496551,0.05000099974344874
10642,5,5.68499999046,5.36149881707428,0.3235011733857194
10643,1,5.39999996915,5.242122794587869,0.15787717456213102
10644,4,5.28333324856,5.455388279827175,0.17205503126717492
10645,1,8.52500009537,6.352190468278471,2.172809627091529
10646,1,4.17083332936,6.323208661143055,2.1523753317830554
10647,5,7.12000002861,5.930962729332761,1.1890372992772384
10648,4,5.19230758227,5.90186671654516,0.7095591342751604
10649,3,5.1894736039,5.3014419555403824,0.11196835164038266
10650,4,6.88888883591,6.29186214043311,0.5970266954768899
10651,4,5.61111103164,5.6304312284934905,0.0193201968534904
10652,2,5.88750002782,6.5050977723205365,0.6175977445005367
10653,5,5.07000000477,4.96783389554748,0.10216610922251945
10654,5,8.11428579262,6.19895528201191,1.915330510608091
10655,3,4.8050000906,5.477721949556892,0.6727218589568915
10656,5,6.02499997616,5.7671350661331715,0.25786491002682865
10657,2,4.11058817471,6.469070634353392,2.358482459643392
10658,2,4.35362316906,5.28310139655514,0.9294782274951405
10659,1,5.08666658401,5.180246461352318,0.09357987734231799
10660,1,3.95192303566,5.511603827731243,1.5596807920712425
10661,1,6.3750000298,5.644505578656408,0.730494451143592
10662,5,6.22666667302,5.751193502003489,0.4754731710165112
10663,1,5.19411763023,5.500247762482494,0.30613013225249386
10664,3,4.85692305932,5.298566978679817,0.4416439193598176
10665,1,4.29999999567,5.585077054563455,1.2850770588934548
10666,3,5.50833332539,5.270164645972248,0.23816867941775133
10667,4,5.76428570066,5.349639069224728,0.41464663143527236
10668,1,5.1043478095,5.881944853258297,0.7775970437582966
10669,4,5.10769224167,5.217202352219656,0.10951011054965587
10670,1,5.62499988079,5.471899800774154,0.15310008001584574
10671,2,5.20952379136,6.060741943379986,0.8512181520199862
10672,3,6.15555561913,5.699104632856109,0.45645098627389125
10673,2,5.38750004768,5.5521126945253965,0.16461264684539678
10674,5,4.60499994755,5.095304585518708,0.49030463796870816
10675,4,5.09444443385,4.833437273393617,0.2610071604563826
10676,3,5.3166667223,5.125958890405178,0.1907078318948221
10677,5,4.46000000636,5.748471176425827,1.2884711700658276
10678,4,6.31666668256,5.7957755215469176,0.5208911610130826
10679,5,7.05833331744,5.373101741232558,1.6852315762074417
10680,4,6.62222226461,5.344369162224981,1.277853102385019
10681,1,6.34545458447,5.697644995563184,0.6478095889068154
10682,5,5.16799991608,5.372378061447032,0.20437814536703147
10683,2,4.02093019596,5.586517908073675,1.5655877121136745
10684,1,4.86874999106,5.489419396973551,0.6206694059135511
10685,5,3.99054724779,5.418471379702978,1.4279241319129778
10686,3,5.99375000596,5.347185710730703,0.6465642952292967
10687,4,7.65999991099,5.314506294899132,2.3454936160908675
10688,2,6.57142853737,5.086305310656484,1.4851232267135162
10689,2,7.06111102634,5.532845968257175,1.528265058082825
10690,4,7.06999993324,7.418433451925164,0.34843351868516415
10691,1,6.90000003576,6.640491607637396,0.25950842812260344
10692,4,4.55135134104,5.456534092010929,0.9051827509709289
10693,2,6.35238095692,5.235127936997556,1.117253019922444
10694,4,5.14666652679,5.840482523767685,0.6938159969776851
10695,1,5.24375003576,5.637277582562731,0.39352754680273083
10696,4,4.79166665872,5.986775055379633,1.1951083966596334
10697,5,7.46666661898,5.7489110661189065,1.7177555528610933
10698,4,5.09999990463,6.748007554188496,1.6480076495584965
10699,1,5.34000002543,5.334898594176482,0.0051014312535180295
10700,5,5.03749996424,5.678736464072352,0.6412364998323516
10701,1,6.17368417037,5.298965808216571,0.8747183621534287
10702,3,5.53000006676,5.68298694764061,0.15298688088060963
10703,2,6.95999991099,5.546624190741203,1.4133757202487969
10704,1,7.4520000267,7.256573068962137,0.19542695773786356
10705,2,7.74736841101,6.894672053665408,0.852696357344592
10706,5,5.10909089175,5.413464446159424,0.30437355440942415
10707,4,4.40000001122,5.269884015236897,0.8698840040168969
10708,2,5.82222225931,5.401894010370486,0.4203282489395139
10709,2,5.13499991894,5.311874465839549,0.1768745468995485
10710,2,3.98369563662,5.4471149366353515,1.4634193000153517
10711,2,4.30000006236,5.227615442740655,0.9276153803806553
10712,2,5.1684209924,5.066416406562018,0.10200458583798167
10713,4,5.68333329095,5.536949809997937,0.14638348095206322
10714,3,5.09999993112,5.313602576758789,0.2136026456387885
10715,3,5.44444444444,5.246109783037415,0.19833466140258516
10716,5,4.96000003815,4.919971071706002,0.04002896644399723
10717,3,6.62631579449,7.177523469585528,0.5512076750955277
10718,3,5.51538463739,5.8769063370748125,0.36152169968481207
10719,4,4.43191489768,5.655369027921812,1.2234541302418123
10720,3,5.0937499553,5.220451849312815,0.1267018940128155
10721,3,6.47142853056,6.005793581850259,0.46563494870974065
10722,3,5.06363630295,5.0293243288825735,0.034311974067426476
10723,4,5.93333333333,6.192392580512993,0.2590592471829929
10724,5,5.13333325159,5.900336451966018,0.7670032003760179
10725,3,4.67931033825,5.1072571476884105,0.4279468094384109
10726,4,4.45000004768,5.869621111011978,1.4196210633319781
10727,1,6.36250007153,5.068364257055048,1.2941358144749522
10728,2,5.19166666269,5.243440644134998,0.05177398144499801
10729,5,4.46578948121,4.931392217111344,0.46560273590134393
10730,3,5.26190480732,5.8936527191295935,0.6317479118095939
10731,1,5.56666662958,5.624231343953446,0.0575647143734459
10732,2,4.6133333842,5.770181801424162,1.156848417224162
10733,4,5.0468749553,5.7427137117320175,0.6958387564320176
10734,4,6.30000003179,7.066373436107243,0.7663734043172434
10735,1,5.23076919409,5.499559978982147,0.2687907848921478
10736,4,6.82105265166,7.46308269978616,0.64203004812616
10737,4,6.77857143538,7.500511725282435,0.7219402899024354
10738,5,5.50555552377,5.52406601234006,0.01851048857005999
10739,3,4.98124998808,5.518771425003292,0.5375214369232921
10740,2,3.72156860548,5.10882306824639,1.38725446276639
10741,1,3.85211265591,4.822749723596741,0.9706370676867406
10742,2,5.53846150178,5.345427518637444,0.1930339831425556
10743,2,4.48421054137,4.9229866664042135,0.43877612503421304
10744,3,4.1288135173,5.512556699097187,1.383743181797187
10745,5,6.51666669051,5.551082466742144,0.9655842237678565
10746,4,6.98000001907,7.349606547069243,0.36960652799924265
10747,3,7.33999999364,7.180213804754143,0.1597861888858576
10748,5,8.45999994278,7.027455698246736,1.432544244533264
10749,2,6.61999998093,7.080617438662101,0.4606174577321003
10750,1,6.5666667223,7.474478376501361,0.9078116542013612
10751,4,8.39999996532,7.219190218095405,1.1808097472245942
10752,3,7.70000000795,7.1672285352228515,0.5327714727271484
10753,3,8.58571434021,7.550908788604462,1.0348055516055377
10754,3,7.53333330154,7.545404540981789,0.012071239441788784
10755,5,6.67499995232,6.978064997561822,0.303065045241822
10756,2,7.14444435967,7.372028503475636,0.22758414380563607
10757,5,7.78823543997,7.507849494176228,0.2803859457937721
10758,3,7.60869567291,7.512363609732231,0.0963320631777691
10759,4,7.01176475076,6.373067647433091,0.6386971033269093
10760,4,7.2352941457,7.130131124528254,0.10516302117174625
10761,2,7.85714295932,7.451940880407754,0.4052020789122457
10762,5,6.6249999702,7.137960736644223,0.5129607664442224
10763,2,6.63999996185,7.376026426500686,0.7360264646506858
10764,1,7.19999998808,7.0083031069704065,0.1916968811095936
10765,1,6.4,7.430604286891927,1.0306042868919265
10766,1,6.40909095244,7.567975039492229,1.158884087052229
10767,3,7.27222217454,7.352296742890962,0.0800745683509616
10768,2,7.42500003179,7.415530392056214,0.009469639733786117
10769,4,6.90909090909,6.847243501829328,0.061847407260671616
10770,3,7.84545458447,7.344185924849137,0.5012686596208624
10771,1,8.18421052632,7.408232607980202,0.7759779183397972
10772,2,7.17058815676,7.991261284707509,0.8206731279475088
10773,2,6.81481481481,5.838576307985256,0.9762385068247443
10774,4,6.27999998728,6.560063191678082,0.28006320439808174
10775,4,7.67857149669,7.61332054408878,0.06525095260121994
10776,1,7.91875004768,7.542329588984932,0.37642045869506724
10777,2,8.42999997139,7.126320783427538,1.3036791879624623
10778,3,7.55454540253,7.612986917152627,0.058441514622627366
10779,2,6.96666669846,6.864474649035798,0.10219204942420212
10780,3,6.69166664282,7.274630241629713,0.5829635988097133
10781,4,7.61249995232,7.8707045363154835,0.2582045839954832
10782,1,7.32500004768,7.044234340003801,0.28076570767619824
10783,3,7.99411768072,6.936280680432146,1.0578370002878534
10784,4,5.96842105765,6.402368666997859,0.43394760934785914
10785,5,6.75000009537,7.222252738005122,0.4722526426351221
10786,3,7.10476189568,7.334228565716684,0.22946667003668342
10787,5,6.9333333515,7.9854291280671035,1.0520957765671035
10788,1,7.2222222752,6.96579004369495,0.25643223150505
10789,5,7.83181821216,7.7175496321926875,0.11426857996731243
10790,5,8.82307690841,7.097776305765895,1.7253006026441051
10791,2,7.71428568023,7.156859698186013,0.5574259820439869
10792,4,8.24545444142,7.5035807840897455,0.7418736573302542
10793,4,6.66363638098,6.828591816320521,0.16495543534052093
10794,1,6.83571430615,7.099070388984507,0.2633560828345072
10795,4,7.92222234938,6.984489051092196,0.9377332982878039
10796,2,8.93124997616,7.2985084588892555,1.6327415172707447
10797,2,8.61999998093,7.183830748472901,1.4361692324570994
10798,3,7.04999999205,6.566733007150856,0.483266984899144
10799,2,7.74761899312,7.18707527305536,0.5605437200646399
10800,5,7.62222226461,7.3930054805393635,0.22921678407063695
10801,2,8.12000010808,7.104312772887609,1.01568733519239
10802,1,7.57647051531,6.894237332026454,0.6822331832835458
10803,2,6.8294117591,6.7697440039531145,0.059667755146885604
10804,2,6.73749998212,7.266482041214969,0.528982059094969
10805,5,7.6214285578,6.3768363406399775,1.2445922171600223
10806,4,7.42499999205,7.106192045956321,0.31880794609367946
10807,1,7.31999998093,6.8238148780443595,0.4961851028856401
10808,5,6.55000001192,7.143637957343284,0.5936379454232839
10809,1,6.5,7.6642744015112365,1.1642744015112365
10810,1,7.9714286895,7.364276259299053,0.607152430200947
10811,2,6.83333341281,7.149203584568648,0.3158701717586476
10812,2,6.51052633085,7.435965707731708,0.925439376881708
10813,5,7.33200000763,7.314101328214715,0.01789867941528467
10814,1,7.76875004172,7.217330648696293,0.551419393023707
10815,3,7.75454542854,7.150120532811749,0.6044248957282514
10816,5,8.09000003338,7.36096919994362,0.7290308334363811
10817,5,6.64666662216,7.252894092390746,0.6062274702307464
10818,5,7.95454549789,6.111331225339061,1.8432142725509388
10819,4,7.37647062189,7.077707181324417,0.29876344056558324
10820,4,7.25384613184,7.270254587002047,0.016408455162047808
10821,5,6.71578949376,7.0306436854281005,0.31485419166810047
10822,2,7.5312499702,7.022255231046563,0.5089947391534375
10823,4,7.56923073989,6.961646805780371,0.6075839341096287
10824,1,7.1562500596,7.282396789664047,0.12614673006404775
10825,4,6.52142865317,7.226981077024602,0.705552423854602
10826,4,6.93333333333,6.888581631309944,0.04475170202005607
10827,1,6.29999997616,5.4756801453160255,0.8243198308439741
10828,1,6.10588239221,6.732481647331462,0.6265992551214623
10829,2,6.72666664124,5.7238598751124945,1.002806766127505
10830,2,7.17000002861,6.0903331047621,1.0796669238479
10831,3,6.32500000795,6.349666921083554,0.024666913133554402
10832,1,6.23749992251,6.192972431600169,0.04452749090983055
10833,2,6.30625003576,6.262883818896604,0.04336621686339548
10834,4,6.83000001907,7.103305517030696,0.27330549796069636
10835,2,6.70769229302,6.829148325268774,0.12145603224877366
10836,5,6.83333335604,6.882845707426769,0.04951235138676946
10837,2,7.15500006676,6.7219891777578455,0.4330108890021549
10838,4,7.09285719054,6.610344077093624,0.4825131134463758
10839,3,7.08124998212,6.711801177607911,0.36944880451208917
10840,4,6.39230775833,6.610180843963053,0.21787308563305263
10841,4,6.71428578241,6.437138283197786,0.27714749921221404
10842,2,4.2695652091,5.1286815351183686,0.859116326018369
10843,3,6.70434779706,6.444603505235482,0.25974429182451786
10844,3,6.45384619786,6.496518864377967,0.04267266651796753
10845,3,6.05999996185,7.037323107512666,0.9773231456626661
10846,4,6.1888888677,6.269121173655324,0.08023230595532382
10847,2,6.01875001192,6.628231495479128,0.6094814835591285
10848,3,7.94375002384,6.446007326636135,1.497742697203865
10849,5,7.05294115403,6.366084175098338,0.6868569789316616
10850,5,8.08571440833,6.779253093949822,1.3064613143801784
10851,4,6.45000004768,6.658330415322324,0.2083303676423247
10852,5,5.90000009537,6.616179220928791,0.7161791255587904
10853,4,5.79047625405,6.852853942222192,1.0623776881721927
10854,2,4.74411763864,5.89269802528323,1.1485803866432303
10855,2,6.76842104761,6.476381496167074,0.2920395514429268
10856,1,6.49565217806,6.239121387850784,0.256530790209216
10857,4,6.33333345254,6.624638712449014,0.2913052599090138
10858,2,6.81111110581,6.93070981875202,0.11959871294201996
10859,1,6.29333327611,6.311793764027503,0.018460487917502988
10860,1,7.08095241728,6.509472569566358,0.5714798477136416
10861,4,8.23529420179,6.462070091986325,1.7732241098036745
10862,4,7.26000003815,6.7731922871261805,0.4868077510238198
10863,4,6.60000005364,6.501555256478638,0.09844479716136156
10864,5,3.66094674161,6.678462664923444,3.017515923313444
10865,2,6.64999995232,6.058963586948392,0.5910363653716075
10866,2,6.36666671435,6.730450039178029,0.3637833248280291
10867,5,5.96666669846,6.551770370684657,0.5851036722246565
10868,1,7.14374995232,6.852158306329675,0.2915916459903256
10869,1,5.76666665077,6.794545342572087,1.027878691802087
10870,4,6.63076928946,6.693185374230041,0.06241608477004146
10871,1,7.46153846154,6.633987308328057,0.8275511532119433
10872,3,6.50000007947,6.69898609374298,0.1989860142729798
10873,1,4.57831323578,5.647981571677161,1.0696683358971617
10874,2,6.8315789825,6.483693728693811,0.3478852538061892
10875,3,6.78823529973,6.559486513927037,0.22874878580296354
10876,4,6.71333332062,6.555282393479943,0.15805092714005742
10877,1,6.00999999046,6.311207589819932,0.30120759935993213
10878,1,7.12777778837,6.287717402575203,0.8400603857947972
10879,3,6.40714287758,6.5959777290742725,0.18883485149427237
10880,3,6.15714287758,5.845533107908829,0.31160976967117104
10881,3,6.96428571429,6.1396366316313875,0.8246490826586124
10882,5,6.50666672389,6.790606400445366,0.28393967655536656
10883,4,6.0933333079,6.379166688803553,0.28583338090355337
10884,4,5.92105270687,6.45506144208456,0.5340087352145595
10885,3,6.51818180084,5.850430611166908,0.6677511896730914
10886,4,6.0066666921,6.299510916076375,0.2928442239763758
10887,3,6.77000005245,6.560279205829248,0.20972084662075208
10888,3,6.54374998808,6.4524107654698275,0.09133922261017258
10889,2,6.56666665607,6.505428501948597,0.0612381541214031
10890,1,6.08461541396,6.360290571042046,0.2756751570820457
10891,3,7.15000004768,6.512649129948655,0.6373509177313448
10892,2,6.30909096111,6.343818550804937,0.0347275896949375
10893,5,6.02272725105,6.744187827284791,0.721460576234791
10894,3,6.28800004959,6.292109778952262,0.004109729362261838
10895,3,7.64210527822,6.0943848612066,1.5477204170133998
10896,2,6.74736841101,6.060505088637235,0.6868633223727647
10897,1,6.86999998093,6.586024530720657,0.28397545020934345
10898,5,6.70714286395,6.602221596728437,0.10492126722156314
10899,1,6.77499997616,6.346750398959549,0.4282495772004511
10900,1,7.98666671117,6.727931435285157,1.2587352758848427
10901,5,6.31500008106,6.708075508487143,0.3930754274271431
10902,3,6.83076928212,6.6281008898883655,0.2026683922316348
10903,3,6.14705875341,6.161402214056366,0.014343460646366601
10904,1,7.0166666309,6.0659620451838245,0.9507045857161751
10905,4,4.73680001068,4.897700434614034,0.16090042393403436
10906,1,4.10185186068,4.854842424655564,0.7529905639755636
10907,4,5.86428584371,6.043443722485709,0.1791578787757091
10908,1,6.57368424064,6.328843826099221,0.24484041454077854
10909,3,7.48571429934,6.386011958850588,1.0997023404894115
10910,2,6.94117647059,6.532775895105201,0.4084005754847997
10911,1,6.64999994636,6.091389702245323,0.5586102441146776
10912,5,6.06874993443,6.645220441000926,0.5764705065709252
10913,3,6.37500003974,6.325529719292793,0.049470320447206895
10914,4,6.09999995761,6.587991923670756,0.4879919660607559
10915,3,6.34285715648,6.402890198447488,0.06003304196748793
10916,5,5.25220587674,6.33146163159811,1.07925575485811
10917,3,6.65333331426,6.633634528271714,0.019698785988286005
10918,1,6.2933333079,6.1191002634519664,0.17423304444803378
10919,2,6.13043467895,5.547372429164104,0.5830622497858968
10920,2,5.75454542854,6.404965231294293,0.6504198027542927
10921,5,6.44666671753,6.085962649202177,0.36070406832782353
10922,5,6.49499998093,6.291436620311917,0.2035633606180829
10923,2,6.55199996948,6.262453409514472,0.2895465599655278
10924,2,6.67692305492,6.139720437576801,0.5372026173431985
10925,2,5.77500003576,6.264261913467239,0.4892618777072393
10926,3,7.347619034,6.22992650638851,1.1176925276114904
10927,5,6.61666667461,6.46553545751021,0.15113121709979005
10928,4,6.14999991655,6.223274161849026,0.07327424529902604
10929,3,3.81499999762,6.473040312540712,2.6580403149207115
10930,2,4.53124997516,5.229024002878432,0.6977740277184319
10931,1,4.71555554072,5.36261572681256,0.6470601860925607
10932,3,4.37105266044,4.909069343376268,0.5380166829362683
10933,4,4.19799996376,5.2515457578234335,1.0535457940634334
10934,4,6.61666663488,6.725689370733832,0.10902273585383249
10935,1,7.10000002384,6.287995084093559,0.8120049397464406
10936,4,7.36111111111,6.642726155148042,0.718384955961958
10937,5,6.85,6.7042751863826116,0.1457248136173881
10938,3,6.13571422441,6.251549452843068,0.1158352284330677
10939,1,5.92941180397,7.082854883391163,1.1534430794211632
10940,3,6.3125,6.390586654127009,0.07808665412700933
10941,4,4.0594594543,6.617047400626613,2.5575879463266133
10942,3,5.13980583543,4.568480894269382,0.5713249411606176
10943,4,3.91262133839,5.138556178721198,1.225934840331198
10944,1,3.81509434502,4.503659543344021,0.6885651983240213
10945,3,5.13999999046,4.979091896136592,0.1609080943234078
10946,3,4.24629626451,4.510993625740875,0.2646973612308754
10947,3,3.91944441862,5.205547912910561,1.2861034942905607
10948,5,5.40229886154,4.485696112812345,0.9166027487276551
10949,2,4.01874998957,4.4025617525904615,0.3838117630204616
10950,4,4.4547619479,4.782411963857892,0.3276500159578921
10951,4,5.56521737057,4.836300777406898,0.7289165931631025
10952,5,4.00864198178,4.711131020361636,0.7024890385816356
10953,5,5.10869563144,5.547983696877792,0.4392880654377924
10954,5,4.99210528324,4.690070131619172,0.30203515162082795
10955,3,3.90731705107,5.282356132981942,1.3750390819119418
10956,5,5.20563377461,5.416289746386854,0.2106559717768537
10957,4,4.16603771246,4.609586677111076,0.4435489646510762
10958,5,5.00140846279,5.433659416643161,0.4322509538531616
10959,3,3.83928570577,4.992058300916038,1.152772595146038
10960,1,4.83749997616,6.118134291523402,1.280634315363402
10961,3,4.60181817141,5.023532337087285,0.4217141656772849
10962,1,6.05957445185,4.546662097338035,1.5129123545119647
10963,2,4.21948050833,5.067379752111106,0.8478992437811055
10964,4,4.22878781232,4.475425267986983,0.24663745566698303
10965,5,4.11538460621,5.002245750519381,0.886861144309381
10966,5,3.90512819168,5.136575429991558,1.2314472383115578
10967,5,4.11333325704,5.556202497434333,1.4428692403943328
10968,5,5.7720000267,4.620760683262388,1.151239343437612
10969,5,4.19308173581,4.735583833758262,0.5425020979482618
10970,1,4.46470591601,5.32774667263472,0.86304075662472
10971,5,6.09834709246,4.579415105823622,1.5189319866363782
10972,2,5.47380953176,5.582280057759175,0.1084705259991754
10973,4,4.81472391877,5.602744587300709,0.7880206685307085
10974,3,3.9158415936,4.819835552186153,0.903993958586153
10975,5,4.38717946639,4.361794626369289,0.025384840020711508
10976,2,4.43454546495,5.652754633794128,1.2182091688441279
10977,5,3.90980388136,4.469175711958055,0.5593718305980553
10978,4,6.3692307839,4.276785734807787,2.0924450490922126
10979,2,4.46940296799,4.674910024046374,0.20550705605637454
10980,1,4.3074074027,5.254193658239044,0.9467862555390436
10981,5,4.11052630659,4.706347056197175,0.5958207496071752
10982,1,4.32499999139,4.901698710660406,0.5766987192704054
10983,4,4.29047614052,4.598035898429465,0.3075597579094653
10984,4,6.11158537574,4.5661348156304555,1.5454505601095443
10985,1,5.27128713438,4.846643096919528,0.42464403746047186
10986,3,3.87391302897,4.9297195275026375,1.0558064985326374
10987,2,4.34166669846,4.339092665301331,0.002574033158668776
10988,2,5.66470592162,4.464910387268922,1.199795534351078
10989,4,4.24242419908,5.008236435265584,0.7658122361855835
10990,3,6.82499996821,4.897828566544379,1.9271714016656212
10991,4,3.92162163838,5.147497414531749,1.225875776151749
10992,3,4.27777779985,4.714596526850237,0.4368187270002366
10993,2,5.15000002281,4.802802142140229,0.3471978806697704
10994,1,5.11406245828,4.823634471642267,0.2904279866377335
10995,1,4.80503146453,4.696943087408543,0.10808837712145714
10996,2,5.8050000906,4.5950279119550395,1.2099721786449606
10997,3,6.46250000596,4.8106813678495,1.6518186381105
10998,5,4.29285711902,5.7259714649730835,1.4331143459530837
10999,5,6.17999989986,5.965594329494378,0.21440557036562247
11000,5,5.92000007629,5.596583997398167,0.32341607889183344
11001,3,4.77999994755,5.135308357096458,0.35530840954645804
11002,2,3.96666669846,5.417935010196548,1.4512683117365484
11003,5,5.88333332539,5.7438874743759705,0.1394458510140293
11004,2,6.46315790478,5.469362956311652,0.9937949484683477
11005,2,4.62307686072,5.853664791402821,1.2305879306828205
11006,2,4.99473684712,5.390941409770181,0.39620456265018067
11007,3,4.80000007153,5.691881021385121,0.8918809498551203
11008,5,5.27326734467,5.309798522820285,0.03653117815028484
11009,4,3.93136093179,5.526303936911445,1.5949430051214448
11010,5,5.7812500298,5.33068820497606,0.45056182482393936
11011,2,5.23714288303,5.3290109274130995,0.0918680443830997
11012,2,6.55714287077,5.455867876093622,1.1012749946763778
11013,4,4.50952382315,5.749626248540311,1.2401024253903108
11014,1,6.07499996821,5.657513542426872,0.4174864257831281
11015,4,4.83124998212,5.8229206663788675,0.9916706842588674
11016,5,4.63125002384,6.045666708810945,1.414416684970945
11017,4,5.92500007153,5.8342133460963,0.09078672543370025
11018,1,5.84166673819,5.545703804660415,0.2959629335295846
11019,5,5.79999996821,5.295054476021121,0.5049454921888792
11020,4,5.99444450272,5.659123661127341,0.33532084159265896
11021,3,5.40555561913,5.6953702012933425,0.2898145821633422
11022,2,5.55333328247,5.539010445639508,0.014322836830491958
11023,5,5.05773199219,5.5044956928096065,0.4467637006196066
11024,3,5.84999999735,5.423527379415767,0.4264726179342331
11025,5,4.64642861911,5.815886095212097,1.1694574761020968
11026,2,6.34444443385,5.646691955802637,0.697752478047363
11027,4,5.50833332539,6.009796950072234,0.5014636246822342
11028,1,6.48750004172,5.90309667288412,0.5844033688358801
11029,3,5.67999989192,5.770417259963,0.09041736804300005
11030,4,4.14509802239,5.636793933847619,1.4916959114576187
11031,3,5.54666665395,5.555691969367779,0.00902531541777929
11032,3,6.01249998808,5.855063343374996,0.15743664470500374
11033,1,5.98750001192,5.575141448966935,0.41235856295306483
11034,2,4.0844827356,5.622144659556017,1.5376619239560174
11035,1,5.31578943604,5.766559312213987,0.4507698761739869
11036,2,4.2532109908,5.678044722076294,1.4248337312762933
11037,1,5.08831615874,5.623092685717333,0.5347765269773337
11038,3,4.38636363095,5.3077259851068845,0.9213623541568845
11039,4,6.24799999237,6.025175501937094,0.22282449043290598
11040,2,5.59230764096,5.620682951820142,0.028375310860142555
11041,5,4.49999998013,5.205353055274845,0.7053530751448447
11042,1,4.22857141495,5.7470365869500935,1.5184651720000932
11043,4,4.31904779162,5.533239984684993,1.214192193064993
11044,3,5.31555553719,5.118526082656067,0.19702945453393284
11045,5,4.83214284692,5.547477895463434,0.7153350485434338
11046,4,4.40833342075,5.889149617010538,1.4808161962605384
11047,3,6.40000002201,5.468441331916257,0.9315586900937438
11048,4,5.10645163444,6.165073331213384,1.0586216967733844
11049,2,5.75333331426,5.813255997467068,0.05992268320706806
11050,1,5.86923085726,5.351207827164487,0.5180230300955131
11051,3,5.5842105213,5.633321738432281,0.04911121713228095
11052,3,4.84166663885,5.677509411550787,0.8358427727007873
11053,5,6.46666665872,5.111854348942765,1.3548123097772358
11054,4,6.19374996424,5.58830347429082,0.6054464899491805
11055,4,6.16666666667,5.836283220454316,0.3303834462156843
11056,2,5.91333335241,5.738754430307993,0.17457892210200665
11057,3,6.43000006676,5.224107595499775,1.205892471260225
11058,5,5.72000001272,5.608510804120502,0.11148920859949829
11059,1,5.86666676203,5.4682884273659695,0.39837833466403083
11060,1,4.58136644719,5.63338391292057,1.0520174657305699
11061,1,4.98577406217,5.894428815227697,0.9086547530576974
11062,5,7.29999997881,5.408659747986447,1.8913402308235527
11063,1,5.76000000636,5.525968683234976,0.2340313231250244
11064,1,5.0468749851,4.933991927576326,0.11288305752367389
11065,5,4.88999999591,5.5735737827011596,0.6835737867911593
11066,3,4.28666664759,5.390001329501932,1.1033346819119325
11067,4,6.5,5.413210183192541,1.0867898168074586
11068,1,5.70526318801,5.57355687022819,0.13170631778181008
11069,2,3.94714285306,5.36208862384953,1.4149457707895303
11070,4,4.14583321412,5.42525969777542,1.2794264836554206
11071,1,6.06500003338,5.707740272131498,0.35725976124850156
11072,5,4.89444441266,5.587984261510434,0.6935398488504338
11073,3,4.09583332141,5.4669380391404445,1.3711047177304447
11074,4,5.80000011738,5.352453411611406,0.4475467057685938
11075,2,6.43200004578,5.356240238409927,1.0757598073700727
11076,1,5.76999998093,5.290054091671255,0.4799458892587447
11077,3,5.71499996185,5.303378227598915,0.41162173425108506
11078,3,6.18269228018,5.5036558822089585,0.6790363979710419
11079,4,5.65000005563,5.284388726852954,0.36561132877704594
11080,5,4.97500002384,5.626474141944058,0.6514741181040584
11081,2,5.68999993801,5.428129441275798,0.2618704967342014
11082,4,5.76153843219,5.855972947601236,0.09443451541123604
11083,1,4.31428568136,5.378527055718226,1.0642413743582253
11084,3,7.34000000954,5.172399447002581,2.1676005625374186
11085,4,6.79565222367,5.785189232980365,1.0104629906896356
11086,2,4.56666667121,5.632829945831534,1.066163274621534
11087,3,6.15833322207,5.298097492063766,0.8602357300062335
11088,5,6.30769230769,5.608573158601115,0.6991191490888848
11089,2,6.7818182165,5.524606518269409,1.2572116982305905
11090,1,4.20514402762,4.998942235404102,0.7937982077841017
11091,3,6.1999999455,5.957971398313169,0.2420285471868313
11092,1,4.31004183063,4.639127272044013,0.32908544141401297
11093,5,4.34642856462,5.3265633010890365,0.9801347364690365
11094,5,5.24074072308,5.241787170016354,0.0010464469363542506
11095,4,5.13124999404,5.229304820170925,0.09805482613092487
11096,5,7.25714295251,5.479432171273734,1.7777107812362658
11097,1,5.06855345372,4.6125141638041205,0.4560392899158794
11098,3,5.30714287077,5.761142433519929,0.4539995627499289
11099,2,4.99090903456,4.774201464360775,0.21670757019922426
11100,5,4.9,5.288262614862047,0.3882626148620467
11101,1,6.11666665475,5.683808357551496,0.43285829719850444
11102,1,5.6260869503,5.028615564370375,0.5974713859296257
11103,4,4.80344821667,4.61195011417112,0.19149810249887977
11104,5,4.81666670243,5.457189297294759,0.640522594864759
11105,4,5.09499998093,5.491783183544259,0.3967832026142588
11106,5,5.24999995232,5.487621579275674,0.2376216269556748
11107,1,5.49285718373,5.760146802242111,0.26728961851211075
11108,2,6.81428582328,5.582853427274841,1.2314323960051583
11109,3,5.83750003576,5.789123985700803,0.048376050059196984
11110,1,6.34999998411,6.573584980320038,0.2235849962100378
11111,5,6.60000006358,6.373645657683955,0.2263544058960445
11112,4,6.75555562973,8.399362528649771,1.6438068989197712
11113,3,7.69999980927,6.37088532749048,1.32911448177952
11114,3,6.17272723805,6.5944271913103805,0.42169995326038023
11115,2,6.43333331744,6.280776641575943,0.15255667586405686
11116,4,6.64444446564,5.779707536239827,0.8647369294001734
11117,2,5.96153846154,7.226711445515895,1.2651729839758952
11118,1,6.59999990463,6.305337377595456,0.29466252703454376
11119,2,4.69230767397,6.036494995548709,1.3441873215787083
11120,5,4.49768784005,6.159334787396739,1.661646947346739
11121,3,3.70571428026,5.356743829632294,1.6510295493722942
11122,5,4.52346937754,4.355229452742635,0.16823992479736471
11123,1,2.88552633085,5.466764430734032,2.581238099884032
11124,4,2.79298244861,5.362675886560274,2.5696934379502743
11125,5,5.13928573472,8.287462154895463,3.1481764201754636
11126,3,6.08333333333,6.095589977025164,0.012256643695164549
11127,5,3.7986111078,6.1034716751165705,2.3048605673165703
11128,5,4.20849056289,6.0682033621677824,1.8597127992777827
11129,2,3.47524752947,5.960019963769345,2.4847724342993454
11130,5,3.14821428912,5.396238442858479,2.2480241537384793
11131,1,5.96875,6.2444557892857,0.2757057892857002
11132,3,6.97000002861,6.070772244815327,0.8992277837946734
11133,1,6.29999995232,5.9234815712276365,0.3765183810923638
11134,5,5.88666667938,6.447025969796111,0.5603592904161108
11135,2,6.36666668786,6.195286964240443,0.17137972361955622
11136,4,4.46380951972,4.92952158133115,0.46571206161114986
11137,1,5.64117639205,5.745514913651832,0.10433852160183221
11138,2,4.97291664779,4.134796783719958,0.838119864070042
11139,5,3.98632477491,4.503125903750649,0.5168011288406493
11140,2,4.73150684409,4.3765315924830865,0.35497525160691357
11141,1,3.45222221745,4.383340085383536,0.9311178679335361
11142,4,5.82666664124,4.522545300380668,1.3041213408593322
11143,5,5.30952378682,5.494581841550686,0.18505805473068637
11144,2,5.78947370931,4.471090737872253,1.3183829714377469
11145,1,5.81379313305,5.302346904277258,0.5114462287727415
11146,3,4.59729730761,5.528424472865397,0.931127165255397
11147,1,5.52790695013,6.02227560043186,0.49436865030186006
11148,5,4.04685314552,4.34656675129222,0.2997136057722196
11149,3,3.20888888571,5.424807319074055,2.2159184333640547
11150,5,5.2503105365,4.773941471283038,0.47636906521696165
11151,5,3.97622377556,4.58441482325807,0.6081910476980705
11152,4,2.92180451594,4.348890757358528,1.427086241418528
11153,1,3.3060606128,4.101470367539163,0.7954097547391625
11154,1,5.78235306459,4.6162929195331035,1.1660601450568961
11155,1,7.45000004768,4.509972102660179,2.9400279450198203
11156,3,5.67878791058,4.876279995490373,0.8025079150896266
11157,5,5.76315791983,5.581460587075829,0.18169733275417155
11158,4,5.09999999404,5.635031284929583,0.5350312908895827
11159,5,3.84749999841,4.582367843408057,0.7348678449980568
11160,3,3.59677420124,4.1784779006087085,0.5817036993687084
11161,3,4.13399999619,4.893263396435184,0.7592634002451844
11162,5,3.80877191142,4.304413312608703,0.4956414011887027
11163,4,5.90909082239,5.5416444887145,0.36744633367549984
11164,3,5.38636359301,5.646678523425804,0.2603149304158041
11165,2,3.90000001589,5.467456414087588,1.5674563981975878
11166,5,3.05416668455,4.566341839920174,1.5121751553701737
11167,3,3.55477705427,4.361094131754485,0.806317077484485
11168,3,3.4895833234,4.476509979441671,0.9869266560416707
11169,4,4.64642857441,4.948976317060962,0.3025477426509626
11170,3,4.38275859274,4.397208845370609,0.01445025263060895
11171,3,4.21017963444,3.9632240913864134,0.2469555430535868
11172,4,5.49411765267,5.693334607787059,0.19921695511705906
11173,1,4.71562497318,5.385084335005307,0.6694593618253073
11174,5,5.0178571088,5.462390027186063,0.4445329183860629
11175,3,4.64857138225,5.465297204987204,0.8167258227372036
11176,1,5.44090903889,6.158526848013014,0.7176178091230137
11177,5,5.43076929679,5.394370434632817,0.03639886215718313
11178,3,5.65999994278,5.982387389075151,0.32238744629515104
11179,4,4.96842108275,5.403165856024933,0.4347447732749332
11180,2,8.10000038147,5.6327007137995455,2.4672996676704546
11181,1,5.42068969792,5.610509649788503,0.1898199518685031
11182,2,7.52499997616,5.663841163803895,1.8611588123561056
11183,1,4.69375000596,5.8869591716753185,1.1932091657153183
11184,2,5.52777775129,5.624189708489826,0.09641195719982587
11185,5,5.61666659514,5.664851148718153,0.0481845535781531
11186,2,6.64166665077,5.553977276784657,1.0876893739853433
11187,3,5.35714278902,5.859590845258545,0.5024480562385447
11188,3,6.04615383882,6.175504954659068,0.12935111583906878
11189,4,7.20999994278,6.138367997738512,1.0716319450414877
11190,3,5.34000015259,5.615493168559061,0.27549301596906073
11191,5,4.90465116501,5.364972689510983,0.4603215245009835
11192,5,5.19375002384,5.535040022686211,0.3412899988462108
11193,4,5.14545455846,5.640078282935572,0.4946237244755718
11194,5,5.61249995232,6.459382712775963,0.846882760455963
11195,3,5.34999999633,5.773303513866471,0.42330351753647033
11196,2,5.69999990463,6.626962454124517,0.9269625494945171
11197,5,5.76829268293,5.216133709114913,0.5521589738150876
11198,2,5.75199996948,5.343014286491742,0.4089856829882583
11199,1,5.72727272727,5.670641956026108,0.05663077124389204
11200,1,6.51249998808,6.054411788213503,0.45808819986649674
11201,5,5.60625004768,6.265732727087252,0.6594826794072519
11202,4,5.44999996821,6.261882779840962,0.8118828116309622
11203,1,5.12777776188,6.224494796808348,1.0967170349283482
11204,3,6.17500003179,6.259255041495786,0.08425500970578614
11205,2,5.457894777,5.275414423323707,0.18248035367629267
11206,4,5.68571431296,6.619258310620592,0.9335439976605917
11207,5,5.77575761622,5.961655994388702,0.18589837816870247
11208,1,5.31538464473,5.950644989200798,0.6352603444707983
11209,1,5.53750005364,5.860721639284997,0.3232215856449976
11210,3,6.41666674614,5.96468776629939,0.45197897984061
11211,5,4.60800004959,5.974629615270221,1.3666295656802205
11212,2,4.64909087961,5.3821375543950865,0.7330466747850863
11213,2,5.46250003576,5.522053319901382,0.05955328414138261
11214,1,5.77499997616,6.5747149944026635,0.7997150182426633
11215,3,5.36666671435,5.792181021127335,0.4255143067773348
11216,2,7.60000014305,5.518982065004678,2.0810180780453216
11217,4,4.52972972715,6.212115943978541,1.682386216828541
11218,2,5.5421052481,5.043939270731108,0.4981659773688927
11219,4,5.65714284352,5.765861721130555,0.10871887761055543
11220,5,5.58999996185,5.692381507231597,0.10238154538159705
11221,5,5.79999999342,5.984672694810991,0.18467270139099057
11222,2,4.88000001907,6.76570222627574,1.8857022072057399
11223,5,6.5,5.860365639795003,0.6396343602049974
11224,3,5.25714288439,6.07771557550739,0.8205726911173894
11225,3,6.16470589357,5.994837822739041,0.169868070830959
11226,1,7.09999990463,5.9097562756393645,1.1902436289906353
11227,2,5.72142853056,6.550731905454256,0.8293033748942564
11228,4,6.11428574153,6.102653459789475,0.011632281740524775
11229,5,4.83999996185,6.3536846906466,1.5136847287965995
11230,3,6.70909088308,5.989822944790089,0.719267938289911
11231,2,6.44999996821,5.935505030921061,0.5144949372889389
11232,4,5.41666674614,5.803482243171849,0.3868154970318489
11233,2,6.45555559794,6.373720857538742,0.08183474040125827
11234,4,4.53076922894,4.482317349742969,0.048451879197030756
11235,1,4.94339620842,6.78848107629476,1.8450848678747596
11236,5,4.57333334817,6.0054736247694045,1.4321402765994042
11237,2,5.30800003052,6.168504265671153,0.8605042351511534
11238,2,5.21578944357,6.308068263776955,1.092278820206955
11239,4,6.33846150912,5.774845573996211,0.5636159351237895
11240,2,6.74615383148,6.103479991450848,0.6426738400291523
11241,3,7.11428569612,5.665777898151658,1.4485077979683414
11242,2,5.99000005722,5.7739995092201735,0.21600054799982615
11243,4,5.63846147977,5.977938714824363,0.3394772350543631
11244,1,6.61666666137,5.573158556308105,1.0435081050618953
11245,1,5.25999994278,5.903314630051248,0.6433146872712472
11246,5,5.0625,6.141670255663524,1.0791702556635236
11247,1,5.43333323797,5.954971639697204,0.5216384017272038
11248,1,5.85882355185,5.644073535537882,0.21475001631211743
11249,4,5.2083333532,6.080347176777806,0.8720138235778068
11250,2,4.92222234938,5.926919308065529,1.0046969586855292
11251,5,5.27999997139,6.161113674737579,0.8811137033475793
11252,5,4.05142855644,6.201029846423286,2.149601289983286
11253,3,4.0545454242,4.604970296560444,0.5504248723604448
11254,3,6.27499997616,6.106929837093024,0.16807013906697588
11255,2,6.66250002384,5.915734482669616,0.746765541170384
11256,1,6.32222223282,5.903693053281871,0.41852917953812874
11257,5,6.68999996185,6.183318313690438,0.506681648159562
11258,1,5.08823526607,5.898995254961785,0.8107599888917854
11259,5,5.19090899554,6.351487082258042,1.1605780867180417
11260,5,5.83333341281,6.380802646295855,0.5474692334858551
11261,5,5.8272727186,6.29182077589871,0.4645480572987104
11262,3,6.33333345254,6.31179076165577,0.021542690884229998
11263,2,7.53913050113,6.219193113403749,1.3199373877262506
11264,1,7.02222220103,6.3074538290986455,0.7147683719313545
11265,2,4.12058819042,6.116900014043509,1.9963118236235085
11266,1,4.22682927294,5.038715144939084,0.8118858719990838
11267,4,5.31999998093,6.599229261835247,1.2792292809052475
11268,2,5.36190473466,6.07043696908506,0.7085322344250597
11269,1,7.16666666667,6.253872342954881,0.9127943237151195
11270,2,6.22380958285,6.0595015600606885,0.1643080227893119
11271,5,6.80624997616,6.139265838731651,0.6669841374283489
11272,4,6.59230764096,6.702986735526616,0.11067909456661607
11273,4,6.09090909091,6.617370232857094,0.5264611419470935
11274,3,4.95,6.063200910238605,1.1132009102386045
11275,2,6.34000005722,6.1261957284347925,0.2138043287852076
11276,4,4.53225805683,6.261347152794775,1.729089095964775
11277,3,6.15833322207,6.541509307159239,0.3831760850892394
11278,3,6.81052634591,6.097427529804298,0.7130988161057017
11279,5,6.57272733342,6.255771983885451,0.31695534953454896
11280,5,6.84615380947,6.06234456988088,0.7838092395891199
11281,4,6.46666669846,5.985592770909971,0.4810739275500291
11282,5,6.1777777142,6.1847066329064235,0.006928918706423204
11283,4,5.84999998411,6.624884905431251,0.7748849213212505
11284,5,6.59999997616,6.0530249451430445,0.5469750310169559
11285,2,6.87777776188,6.030001279129649,0.8477764827503513
11286,4,6.1636363593,5.95083172162839,0.21280463767160995
11287,5,4.46274513357,6.332266208710272,1.8695210751402715
11288,4,5.5,6.059309774709994,0.5593097747099938
11289,3,4.90999999046,6.09128392239558,1.18128393193558
11290,3,7.15555556615,6.011461558159248,1.144094007990752
11291,3,6.20000001362,5.9269231723771085,0.2730768412428919
11292,3,7.26666663488,5.759929133740424,1.5067375011395763
11293,2,5.81000013351,6.866452786784572,1.0564526532745724
11294,3,5.37692304758,6.654496264900562,1.2775732173205618
11295,3,6.3124999404,6.441053925941502,0.12855398554150188
11296,5,5.84545456279,6.012486228234521,0.16703166544452142
11297,4,5.22272727706,6.2606366257833885,1.0379093487233888
11298,2,6.57272720337,5.937475336108315,0.6352518672616858
11299,3,6.46000000636,5.820319455008253,0.6396805513517467
11300,4,6.41111108992,6.122532108915241,0.2885789810047594
11301,3,6.39166665077,6.201210896761105,0.19045575400889536
11302,5,4.64130422343,6.424473464298028,1.7831692408680286
11303,2,4.66315788972,4.715679113534094,0.052521223814093965
11304,3,6.60999999046,6.231726335785222,0.37827365467477847
11305,1,7.09333333969,5.877924617856642,1.2154087218333576
11306,1,6.11249995232,6.122507672527193,0.010007720207192428
11307,4,6.66666658719,5.967728149383844,0.6989384378061558
11308,5,5.89999990463,6.232523536342283,0.3325236317122835
11309,5,6.80714290483,6.379664308045858,0.4274785967841419
11310,5,5.58000011444,6.194210023355456,0.6142099089154565
11311,2,5.20999999046,6.06500158133369,0.8550015908736901
11312,5,6.22592592239,6.451489290702322,0.22556336831232215
11313,4,6.0000000298,6.149846405199983,0.14984637539998324
11314,5,4.82499994681,5.026061784499621,0.20106183768962094
11315,2,4.76499994993,4.93241432108159,0.1674143711515903
11316,5,6.49999988079,6.3267974400637,0.17320244072629976
11317,4,6.19999996821,6.059463987361836,0.14053598084816432
11318,3,5.53749990463,5.978730384203354,0.4412304795733544
11319,1,6.43846156047,6.318321546503566,0.12014001396643437
11320,3,5.37142857483,6.1806389918815245,0.8092104170515242
11321,3,5.61666667461,5.979137631599807,0.3624709569898066
11322,1,7.73076923077,6.000948678474031,1.729820552295969
11323,4,5.9909090779,6.338395624236788,0.3474865463367882
11324,1,6.89166673024,6.19207103315388,0.6995956970861199
11325,3,6.62999997139,6.010235573988434,0.6197643974015659
11326,1,6.40000002725,5.660474560442195,0.7395254668078053
11327,1,5.6333334181,5.585667660951513,0.04766575714848731
11328,5,6.53846157514,6.080844264620412,0.45761731051958865
11329,3,4.53448272574,4.804956122812866,0.2704733970728661
11330,2,4.37666676044,4.562985230470637,0.18631847003063662
11331,2,4.14193547157,4.574087841638567,0.4321523700685672
11332,5,4.59531247616,5.509540964789953,0.914228488629953
11333,2,8.04166666667,6.379347573511317,1.6623190931586835
11334,5,7.64545458013,7.112223337076328,0.5332312430536721
11335,5,4.42857149669,4.754142760071827,0.3255712633818266
11336,4,4.64285714286,4.562362402676381,0.08049474018361824
11337,3,4.50322580338,4.592341198389293,0.08911539500929244
11338,5,4.5433333238,4.537912070122371,0.005421253677628357
11339,5,4.39253734475,5.411011662710639,1.0184743179606386
11340,3,4.64333327611,4.788852567956655,0.14551929184665546
11341,4,4.38135597261,5.487991912782578,1.1066359401725778
11342,3,4.07234041742,5.146611473723475,1.0742710563034743
11343,1,4.6828570979,5.1246886509494045,0.44183155304940414
11344,5,4.89666665395,4.765873251571328,0.13079340237867143
11345,5,7.23076930413,6.976102618298623,0.25466668583137686
11346,5,7.45999999046,6.814504353944939,0.6454956365150615
11347,2,4.72812500596,4.51635618877762,0.21176881718237972
11348,3,4.5937500447,4.455140542454752,0.13860950224524782
11349,2,4.81875003874,4.839462665500571,0.020712626760571062
11350,1,4.67241372733,4.550073518834084,0.12234020849591598
11351,3,4.62799993515,4.841937423145926,0.21393748799592593
11352,3,4.15116275189,5.790023919137983,1.638861167247983
11353,4,4.32777783606,5.107658167270182,0.7798803312101823
11354,4,4.37500011921,5.078581755063179,0.7035816358531788
11355,2,8.44615386083,4.695945087065963,3.7502087737640366
11356,4,7.0000000298,7.257055103726706,0.2570550739267059
11357,2,8.16000008583,6.851254526635281,1.3087455591947181
11358,4,4.43333339691,4.88073437963413,0.44740098272412965
11359,5,4.58444441689,4.868461198644173,0.2840167817541728
11360,3,4.3722222911,4.877289406272121,0.5050671151721211
11361,3,8.54444450802,6.542058129556635,2.002386378463365
11362,4,8.12000010808,6.770008953181537,1.3499911548984622
11363,5,4.46000003815,5.361302717586848,0.9013026794368484
11364,3,4.07333329519,5.161321803933933,1.0879885087439325
11365,3,3.98269230127,4.839628667951309,0.8569363666813086
11366,1,4.24920633861,5.979390689012317,1.7301843504023173
11367,5,4.45641029798,4.804701547741401,0.34829124976140147
11368,4,6.64736840599,4.790731581668749,1.8566368243212512
11369,1,6.84545460614,4.978196526405153,1.8672580797348468
11370,5,4.10967738398,4.520048194383917,0.41037081040391676
11371,2,4.55074624873,4.439905048808749,0.11084119992125174
11372,3,4.69032262987,4.916900145099239,0.22657751522923952
11373,4,4.15945946204,4.893524498207747,0.7340650361677472
11374,2,7.70000006602,4.891605894106635,2.808394171913365
11375,5,4.67777773186,4.628173484875742,0.04960424698425836
11376,4,4.67317063634,4.786507813114542,0.11333717677454214
11377,3,4.65416659911,4.861286317648284,0.20711971853828448
11378,5,4.91627910525,5.231976946671693,0.3156978414216933
11379,4,4.57647064153,4.551209025432194,0.025261616097806083
11380,1,4.61025640292,4.771302488501319,0.16104608558131872
11381,3,6.46000000636,4.773113729943684,1.686886276416316
11382,4,7.55714293889,7.518215837369454,0.038927101520545904
11383,5,7.97272734209,7.817987415660363,0.1547399264296372
11384,3,7.48571426528,7.581061790671937,0.09534752539193647
11385,4,6.8200000445,7.053336860045018,0.23333681554501773
11386,3,7.49285721779,7.287842419305591,0.2050147984844095
11387,1,6.90000004239,7.069268589158688,0.16926854676868786
11388,4,8.06000001431,7.574968206170848,0.48503180813915314
11389,3,6.6999999193,7.78083175723092,1.08083183793092
11390,2,6.09230769598,6.958914630683756,0.8666069347037562
11391,1,6.73888887299,6.520903827331105,0.21798504565889498
11392,1,6.23125004768,6.612729056111678,0.38147900843167815
11393,4,7.21250003576,7.544630384548391,0.3321303487883913
11394,5,7.13999993006,7.358961395760324,0.21896146570032382
11395,3,8.09230789771,7.539359600227003,0.5529482974829971
11396,2,7.76153854223,7.608782617005318,0.15275592522468262
11397,4,7.20666666031,7.387807362633817,0.18114070232381696
11398,2,8.33636344563,6.980542535981079,1.355820909648922
11399,3,8.35000014305,7.340101940112219,1.009898202937781
11400,2,7.97333339055,7.563972275724127,0.4093611148258729
11401,3,7.83846158248,7.243974377370889,0.594487205109111
11402,1,3.42000000477,6.4052958858240086,2.9852958810540087
11403,5,7.76666673024,7.388811237489198,0.3778554927508022
11404,3,7.51000003815,7.6353803480330775,0.12538030988307725
11405,4,7.26999998093,7.709206969629701,0.4392069886997012
11406,2,8.55833323797,6.6887920787488016,1.8695411592211988
11407,1,8.61999998093,6.876802495856406,1.743197485073594
11408,2,7.88333340486,7.370594102265611,0.5127393025943894
11409,2,7.92307703312,7.342924771472594,0.580152261647406
11410,3,6.56470587674,7.417510230405105,0.8528043536651051
11411,5,6.32916669051,7.188638639018298,0.8594719485082978
11412,4,6.09677416278,6.845283446477424,0.7485092836974241
11413,4,5.88421051126,5.373491454037132,0.5107190572228681
11414,5,8.54374992847,7.326540774171119,1.2172091542988808
11415,3,7.72999992371,7.756933107336674,0.026933183626673518
11416,5,8.32142867361,6.78750349970281,1.5339251739071909
11417,3,7.95333347321,7.333481750875284,0.6198517223347162
11418,3,7.5,7.368677688547459,0.13132231145254103
11419,3,7.60833330949,7.421803087764745,0.18653022172525446
11420,4,7.8222222858,7.168557720358164,0.6536645654418356
11421,1,8.29166658719,6.849279434037584,1.442387153152417
11422,1,7.90000009537,7.4001039353897085,0.4998961599802918
11423,4,7.27272731608,7.747165469516282,0.4744381534362816
11424,2,7.45882354063,7.3196212981854725,0.1392022424445276
11425,2,7.00000004768,7.42887723947803,0.42887719179802986
11426,5,7.48125007749,7.054695231840969,0.4265548456490311
11427,2,8.66875004768,7.468893846958681,1.1998562007213183
11428,5,6.91666674614,7.11628878453471,0.19962203839471027
11429,3,7.72500002384,7.687850598206395,0.037149425633605127
11430,2,7.08333337307,7.566222715692973,0.4828893426229728
11431,2,7.4153846594,7.568119510280688,0.15273485088068828
11432,4,7.275,7.35635089506308,0.08135089506307924
11433,5,6.94736837086,7.057166124135421,0.10979775327542107
11434,3,4.86923072888,7.392016617394737,2.522785888514737
11435,3,8.29999999205,7.322106558607661,0.9778934334423379
11436,2,7.57857142176,7.425338981946866,0.1532324398131344
11437,3,8.13333336512,7.22810583694553,0.9052275281744704
11438,3,7.85384621987,7.770826777658647,0.08301944221135305
11439,5,7.62999992371,7.765890347897222,0.13589042418722208
11440,3,6.95000008174,7.467962517987369,0.5179624362473696
11441,2,5.0999999894,6.977144076832832,1.877144087432832
11442,1,7.31666660309,7.1409997861677565,0.17566681692224329
11443,5,7.70000002601,7.227240772392503,0.4727592536174967
11444,5,6.92000007629,7.559128317899358,0.6391282416093578
11445,5,7.25384613184,7.443378116790918,0.18953198495091872
11446,3,7.65217395451,7.029754655583468,0.6224192989265322
11447,5,7.78750008345,7.414050246552765,0.373449836897235
11448,2,8.41538458604,7.609307994841929,0.806076591198071
11449,1,5.93513515833,6.117049196966571,0.18191403863657118
11450,1,7.99166675409,7.59444974080873,0.3972170132812698
11451,5,8.24166679382,7.5370014857173615,0.7046653081026388
11452,1,6.76153846887,7.005716849827139,0.2441783809571385
11453,5,7.92222219043,7.398631410091823,0.5235907803381776
11454,4,7.80833335718,7.665591608543418,0.14274174863658207
11455,1,8.45000009537,7.583441163795253,0.8665589315747466
11456,1,7.50666672389,7.293121731744869,0.21354499214513023
11457,5,7.7928571701,7.127017623679415,0.6658395464205844
11458,5,8.3066666921,7.418281394260145,0.8883852978398554
11459,4,7.33999996185,7.348401994958058,0.008402033108057871
11460,1,7.9076924324,6.906155641866568,1.0015367905334323
11461,3,6.54000008901,7.53870758583654,0.9987074968265395
11462,2,8.41666677263,7.5769010341251155,0.8397657385048847
11463,3,7.04444442855,7.669806053709581,0.6253616251595808
11464,5,6.53076920143,7.4272716638173595,0.8965024623873594
11465,1,7.64166661104,7.827256520389122,0.18558990934912245
11466,2,8.03636373173,7.512347005298187,0.5240167264318139
11467,4,6.23333336058,5.453549056592147,0.7797843039878529
11468,4,6.92916665475,5.4774552243503445,1.4517114303996559
11469,4,8.43333339691,6.608142359354612,1.8251910375553875
11470,5,5.96470594406,6.276759153738399,0.3120532096783988
11471,2,6.16666671965,6.5691721343071965,0.40250541465719625
11472,3,6.90000001589,6.176541713128314,0.7234583027616859
11473,5,5.96666663488,5.672991083198716,0.2936755516812841
11474,2,4.26136360385,6.4113425135857725,2.149978909735773
11475,5,7.17368422056,5.835093859500943,1.3385903610590573
11476,5,6.08999999364,6.162267756878598,0.07226776323859774
11477,5,5.39473681701,5.837779619540493,0.4430428025304929
11478,4,6.15714284352,5.842680301353477,0.31446254216652303
11479,5,4.84687497218,6.318408810403678,1.471533838223678
11480,4,5.2343750298,6.005650636439449,0.771275606639449
11481,3,6.89629628923,5.56534816810541,1.3309481211245906
11482,3,4.79999996634,5.915446761053865,1.1154467947138649
11483,2,5.10740739328,6.316332558815756,1.2089251655357565
11484,1,6.11904761905,5.781314071264757,0.337733547785243
11485,5,6.54000005722,5.2456063861993645,1.2943936710206358
11486,5,7.20000001788,6.181675307661034,1.018324710218966
11487,4,7.03043471212,6.120571199427118,0.9098635126928816
11488,2,4.74886363745,5.481712290439227,0.7328486529892269
11489,3,6.16666661368,6.102633807190689,0.06403280648931098
11490,2,6.77333334287,6.337141642059824,0.4361917008101761
11491,4,7.00000002326,6.192630707214436,0.8073693160455644
11492,4,6.71249997616,5.8365572507792685,0.8759427253807317
11493,5,6.63508774941,5.442045929907464,1.193041819502536
11494,5,4.62647055177,6.127536301443128,1.5010657496731286
11495,4,4.61449274809,6.3587400547619,1.7442473066719
11496,2,4.93146853347,5.521058512021007,0.5895899785510066
11497,1,5.19130433124,6.198711430604862,1.0074070993648627
11498,3,6.48571431637,5.704471111781683,0.7812432045883169
11499,3,6.22272721204,5.866694879261606,0.3560323327783941
11500,1,6.63749995828,5.932510846714558,0.7049891115654425
11501,4,6.28000006676,5.856822307177754,0.4231777595822468
11502,1,6.09999996424,5.942492782881365,0.1575071813586355
11503,2,7.60666672389,6.007763651092287,1.5989030727977127
11504,3,6.58125004172,5.952267877927824,0.628982163792176
11505,3,6.04666668574,6.267542817012307,0.22087613127230732
11506,5,7.1000000106,5.071542369170327,2.0284576414296724
11507,3,7.41875001788,6.126754730617958,1.2919952872620417
11508,4,5.71142853328,6.11172699984805,0.40029846656804935
11509,5,5.13600001335,5.763776504557011,0.627776491207011
11510,2,6.01199996948,6.298738829885392,0.286738860405392
11511,2,5.3047618866,6.032144285782489,0.7273823991824893
11512,2,4.9638888571,6.509314820348125,1.5454259632481255
11513,4,5.14666665395,6.295936018922505,1.149269364972505
11514,1,5.68518522051,5.66981147220831,0.015373748301690249
11515,3,6.25,5.704948659985387,0.5450513400146129
11516,5,7.15000002861,5.6409095405241265,1.5090904880858735
11517,3,6.44285716329,6.1193962937037,0.3234608695863006
11518,1,7.71666669846,5.933711638056908,1.7829550604030917
11519,5,6.18333333731,5.976041409350105,0.20729192795989437
11520,5,5.30000000341,5.890933830181694,0.5909338267716935
11521,4,5.1952380907,5.826866316727628,0.6316282260276278
11522,3,6.78823529973,5.549975545539453,1.2382597541905476
11523,3,6.07727274028,5.365917101894617,0.711355638385383
11524,5,6.5111111535,4.989448927779208,1.5216622257207923
11525,2,7.60000002384,6.2820068669515114,1.3179931568884884
11526,4,4.57272726406,5.833216088435336,1.2604888243753356
11527,2,5.58695648028,5.949594942002094,0.3626384617220948
11528,5,7.64666665395,6.109285817612139,1.537380836337861
11529,3,5.15789478704,6.075446101646464,0.917551314606464
11530,1,4.16190472103,5.249508810701912,1.0876040896719124
11531,4,4.70000001589,4.891971858085683,0.19197184219568353
11532,5,4.93006991006,5.445036621757673,0.5149667116976726
11533,2,6.82500004768,5.91408015109238,0.91091989658762
11534,5,6.74999998297,6.084678547783231,0.6653214351867698
11535,2,5.91052627563,5.939884082017263,0.029357806387263707
11536,2,6.36666667461,6.331405512481839,0.03526116212816088
11537,2,6.25882350697,6.295881927693656,0.03705842072365595
11538,5,6.56249998808,5.928470591190037,0.6340293968899626
11539,2,5.98333332936,6.553974959714329,0.5706416303543289
11540,5,6.95384616118,5.901650000289078,1.0521961608909223
11541,2,4.72608694823,5.845241546557047,1.1191545983270474
11542,4,6.11176476759,5.788708702781972,0.3230560648080285
11543,4,6.66190476645,5.959427380547383,0.7024773859026174
11544,2,7.22666664124,6.42801609022725,0.7986505510127495
11545,4,6.44999995232,6.5056567084354375,0.055656756115437744
11546,4,5.33611116144,6.179479929341692,0.8433687679016924
11547,2,5.05119050117,5.97760944032039,0.9264189391503903
11548,5,4.50999996185,5.375896972618452,0.8658970107684514
11549,5,4.5717391294,5.8498040748628055,1.2780649454628055
11550,1,4.4276470577,4.418799046868889,0.008848010831110642
11551,3,4.3942856993,5.158184422079355,0.7638987227793548
11552,4,5.76363635063,5.578749786796431,0.18488656383356883
11553,1,4.63888885357,5.744863963675637,1.1059751101056365
11554,4,7.51428563254,5.159667444720465,2.3546181878195354
11555,1,7.67500004172,5.585709335719835,2.089290706000165
11556,2,7.68181822517,6.272216199966178,1.4096020252038217
11557,4,7.76250004768,6.5793206378722,1.1831794098078001
11558,4,7.5842104962,6.247534079842084,1.336676416357916
11559,5,6.96999998093,6.872128404441164,0.09787157648883582
11560,2,5.23513509132,5.25246934111778,0.017334249797779755
11561,5,5.23461534427,6.431480566301812,1.1968652220318123
11562,1,8.34545467117,5.644478324437055,2.7009763467329444
11563,4,6.97931036456,6.014361482696277,0.9649488818637231
11564,3,7.30000001192,6.285736724682886,1.0142632872371138
11565,4,4.67894737344,5.979917837319967,1.3009704638799668
11566,1,7.30833339691,6.416363274321293,0.8919701225887069
11567,2,6.0303030014,6.246147786958375,0.2158447855583745
11568,3,6.76470588235,6.314174281208887,0.45053160114111357
11569,5,5.08917749909,5.772816548475456,0.683639049385456
11570,5,4.90416661898,6.054414500994566,1.1502478820145665
11571,5,5.12765957954,5.988822006722291,0.8611624271822906
11572,4,4.69583334525,4.976120426054279,0.2802870808042792
11573,4,5.0474226696,4.981499609587107,0.06592306001289305
11574,2,5.14676258032,5.683604794708192,0.5368422143881917
11575,5,5.0441176681,6.134456602637825,1.090338934537825
11576,5,5.33833335241,5.572742349828853,0.23440899741885257
11577,1,5.93809525172,6.524977391898267,0.5868821401782673
11578,3,5.16944445504,5.758435334304736,0.5889908792647365
11579,5,4.63333333333,6.1845304777733565,1.551197144443356
11580,3,4.40860213259,5.99022119809705,1.5816190655070503
11581,1,5.53333332804,5.824587971391803,0.2912546433518024
11582,5,6.56923070321,6.507318801172426,0.061911902037573796
11583,5,7.08947372437,6.405895333963025,0.683578390406975
11584,5,8.00000019073,6.86816370607316,1.1318364846568407
11585,1,6.59999997528,7.209847531703325,0.6098475564233246
11586,5,6.96551724138,6.697572803138304,0.26794443824169534
11587,2,6.77037041276,6.67020122215169,0.10016919060830975
11588,3,6.14999995232,6.486805489146442,0.336805536826442
11589,5,7.73999996185,6.929336279548241,0.810663682301759
11590,4,6.31923077657,6.90708381549099,0.58785303892099
11591,1,7.09199998856,6.6131841169744465,0.47881587158555305
11592,1,7.53333334128,7.027854857399185,0.5054784838808146
11593,1,7.11499993801,6.462735784859448,0.6522641531505524
11594,3,7.25,6.666948222582241,0.5830517774177588
11595,4,6.16666671965,6.577228212033698,0.41056149238369777
11596,2,5.95000004768,6.8524154819565535,0.9024154342765538
11597,4,5.52222220103,6.823077826372834,1.3008556253428338
11598,2,7.65454539386,7.024547976028727,0.629997417831273
11599,2,5.66923079124,6.772552512124344,1.1033217208843435
11600,4,5.93636369705,6.4340710212715555,0.4977073242215555
11601,5,6.94285712923,6.3976102143692195,0.5452469148607806
11602,4,6.96428564617,6.7770688747053764,0.18721677146462312
11603,3,7.14411763584,7.104696379894224,0.03942125594577561
11604,5,7.11666671435,6.98576104113996,0.13090567321003999
11605,5,6.77500001589,6.238386080642425,0.5366139352475745
11606,4,6.62941175349,6.6811518624165895,0.0517401089265892
11607,2,7.36666663488,6.5812284756482216,0.7854381592317781
11608,4,7.07333335876,7.2816727006188575,0.20833934185885727
11609,4,6.45199998856,6.6913452451971525,0.23934525663715256
11610,2,6.71304350314,6.654177117660376,0.05886638547962342
11611,5,6.31538464473,6.528099205331638,0.21271456060163807
11612,5,6.6249999702,6.488944542199216,0.13605542800078396
11613,4,7.7958333691,6.743109213422716,1.052724155677284
11614,1,6.47499998411,6.789003794036674,0.31400380992667376
11615,3,7.20909092643,6.929519825740986,0.27957110068901425
11616,4,7.09999990463,6.250012633350379,0.8499872712796206
11617,3,6.03076920143,6.497327425137074,0.4665582237070742
11618,3,7.01000008583,6.694423566550321,0.3155765192796789
11619,2,6.0892856632,6.520585509000654,0.4312998458006536
11620,2,7.11199996948,6.923937107987479,0.18806286149252127
11621,4,6.5,6.755494467104925,0.25549446710492507
11622,5,6.60000001467,6.9815007910583775,0.38150077638837754
11623,3,7.22608698969,6.4475652364167955,0.7785217532732043
11624,1,6.08235289069,6.777251317201251,0.6948984265112506
11625,1,6.2068965024,6.942535257734789,0.7356387553347892
11626,2,6.01428570066,6.462142795269586,0.4478570946095859
11627,3,6.59444443385,6.909617578368325,0.315173144518325
11628,3,8.18666666349,6.5516896578660475,1.634977005623952
11629,2,7.70384616118,6.8039208716691535,0.8999252895108469
11630,2,7.16999998093,7.146682810403713,0.0233171705262869
11631,5,7.99000000954,6.4575167561473386,1.5324832533926616
11632,5,6.95999999046,6.415588682718922,0.5444113077410782
11633,4,5.95000004768,7.317108652340698,1.3671086046606984
11634,4,6.83000001907,7.452642638782489,0.6226426197124892
11635,3,6.3714285578,6.540668903353085,0.1692403455530851
11636,5,7.0151515007,6.243597090989844,0.7715544097101557
11637,5,6.59545454112,6.306070020249879,0.28938452087012045
11638,3,7.08181814714,6.862916930192423,0.21890121694757703
11639,1,6.43428570884,7.139183781201194,0.7048980723611935
11640,4,6.18214285374,6.898686800968802,0.7165439472288018
11641,1,6.09393936215,6.411409781891846,0.31747041974184587
11642,1,6.7928571701,7.073802544076136,0.2809453739761363
11643,4,7.69333321253,7.030016568769435,0.6633166437605649
11644,2,7.15454550223,6.989124381176492,0.1654211210535088
11645,3,7.95185188011,6.301542901118178,1.6503089789918226
11646,5,7.24615386816,6.206111813417705,1.0400420547422957
11647,4,7.33333333333,6.589646095781266,0.743687237548734
11648,4,6.04166664018,6.795898971818029,0.754232331638029
11649,5,5.99500000477,6.497843439850678,0.5028434350806785
11650,4,5.96666669846,5.929393821465663,0.037272876994337345
11651,5,6.27727274461,5.832610240783171,0.44466250382682926
11652,2,6.43333335718,8.741185584270276,2.307852227090276
11653,5,6.27500000596,6.820835435107212,0.5458354291472123
11654,4,6.24736846121,6.49920958709405,0.2518411258840505
11655,3,5.72222216924,5.83481470867315,0.11259253943314995
11656,2,6.50909094377,6.234942697664111,0.2741482461058897
11657,5,6.47500002384,6.180435556334825,0.2945644675051744
11658,3,6.17058818481,5.7851769957334245,0.38541118907657523
11659,3,5.46315787968,6.244938222844314,0.7817803431643142
11660,3,4.80892857483,5.13887228107433,0.3299437062443298
11661,1,4.82878791925,5.17508546890494,0.3462975496549401
11662,4,4.83529412045,5.224349891342193,0.3890557708921927
11663,3,6.07333329519,6.066922885779285,0.006410409410714912
11664,2,5.50769237372,6.1529552296820915,0.6452628559620912
11665,2,6.50769237372,6.238893289420184,0.26879908429981647
11666,5,6.87272724238,6.0087033081048355,0.8640239342751643
11667,4,5.90909090909,4.808625080826796,1.1004658282632036
11668,5,5.54000002543,6.1072917420489565,0.5672917166189562
11669,5,6.44166664282,5.931621813150253,0.5100448296697468
11670,1,6.3736842306,5.893600027458984,0.48008420314101663
11671,3,6.20833337307,6.182963955424649,0.02536941764535161
11672,2,6.90000000867,6.27673696609161,0.6232630425783903
11673,3,6.39230761161,6.179150383527109,0.21315722808289106
11674,1,6.5470588067,5.884322588936675,0.6627362177633254
11675,4,4.42000007629,6.190624587480156,1.7706245111901557
11676,1,4.92758612797,4.7730989115045634,0.15448721646543628
11677,5,5.93809525172,6.052023550776469,0.11392829905646895
11678,5,5.87826092347,7.064522649073028,1.1862617256030283
11679,5,6.77999994755,6.304302474437475,0.4756974731125254
11680,2,6.49411768072,6.11922439570528,0.3748932850147195
11681,2,4.61388887299,6.2405501872509195,1.6266613142609199
11682,2,4.35714291164,5.70515443753887,1.3480115258988707
11683,3,4.48125007749,4.8915396251433725,0.4102895476533721
11684,3,5.58260872053,6.130191128657587,0.5475824081275871
11685,4,6.47500002384,6.133414541344976,0.34158548249502374
11686,4,6.29285713605,6.146044213769585,0.14681292228041531
11687,3,5.38260872468,6.537165821441053,1.154557096761053
11688,2,5.17619037628,5.6262873983635915,0.45009702208359137
11689,3,4.3909090649,4.891750122517712,0.5008410576177118
11690,5,4.36666676733,5.101337050124356,0.7346702827943563
11691,4,6.14666665395,6.365594282262027,0.21892762831202717
11692,4,5.81764698029,6.0413353023026595,0.2236883220126593
11693,1,6.83076924544,6.136709723823972,0.6940595216160279
11694,1,6.40526317295,6.163728793407796,0.24153437954220358
11695,3,5.66190476645,6.116143576130662,0.4542388096806622
11696,3,6.75263153879,6.216708965597218,0.5359225731927824
11697,2,6.36842105263,6.293944947897293,0.07447610473270672
11698,2,6.08181810379,6.216048625433828,0.1342305216438282
11699,1,5.90416661898,6.009490651627414,0.10532403264741408
11700,1,6.73157892729,6.135141238379422,0.5964376889105782
11701,4,4.39750009775,4.814733956977618,0.41723385922761835
11702,5,5.0,4.861383814710135,0.13861618528986508
11703,5,5.16666671208,4.6363610512158475,0.5303056608641521
11704,2,4.9266667366,4.553801790772352,0.37286494582764806
11705,2,5.58888888359,4.603034456015554,0.9858544275744459
11706,3,6.95454545455,6.489856498540572,0.46468895600942783
11707,4,5.38500001431,4.674426016768298,0.7105739975417018
11708,3,4.6859999752,4.689290279016247,0.0032903038162475085
11709,2,4.63999994451,4.779565935831957,0.13956599132195624
11710,1,4.29999998212,4.900718872225073,0.6007188901050728
11711,5,4.48947366915,4.792720042112314,0.30324637296231405
11712,3,4.34925372565,4.906762841986818,0.557509116336818
11713,4,6.94000000954,4.635372872228862,2.3046271373111384
11714,5,6.51250004768,6.276319702686051,0.23618034499394902
11715,1,5.29500002861,4.958738671926462,0.3362613566835373
11716,2,4.25272726579,4.9601939519218785,0.7074666861318786
11717,2,4.41038962773,5.034307157273611,0.6239175295436112
11718,1,4.30454540253,4.976280317684047,0.6717349151540475
11719,1,4.84285713377,5.465983230687736,0.6231260969177361
11720,5,5.61176468344,4.838263533175302,0.773501150264698
11721,2,4.80158727131,4.858440248012681,0.056852976702681524
11722,4,7.41111119588,4.648430129716289,2.7626810661637116
11723,5,4.95769234804,4.754127178562325,0.20356516947767478
11724,4,4.81500012875,4.813460398927263,0.0015397298227375344
11725,5,4.47500006358,5.108736934915797,0.6337368713357971
11726,3,4.29487177042,4.797844308102545,0.5029725376825445
11727,4,4.32608697725,4.761636887104389,0.43554990985438913
11728,4,6.85000004087,4.653648973745067,2.196351067124933
11729,1,5.1000000106,4.718277859875247,0.3817221507247526
11730,1,4.08358207034,4.745016626610462,0.6614345562704615
11731,3,4.52972972715,4.892481070897662,0.3627513437476617
11732,4,4.69999999266,5.093307965624485,0.39330797296448505
11733,5,4.34468082671,4.66118786922983,0.31650704251983
11734,3,4.5566666921,5.012808825454337,0.4561421333543363
11735,3,4.60571425302,5.103322408906713,0.4976081558867129
11736,5,5.32380946477,5.138948265049782,0.18486119972021786
11737,2,7.3749999404,6.228721378331573,1.146278562068427
11738,5,5.22058826334,5.24282432830363,0.022236064963630398
11739,5,5.05555550257,4.715390521253739,0.34016498131626083
11740,1,5.16818183119,5.047034998118932,0.12114683307106766
11741,3,4.74868421806,4.870714293379608,0.12203007531960797
11742,4,4.15925926338,4.9943275522114075,0.8350682888314074
11743,4,4.69166670243,4.567069781941195,0.12459692048880466
11744,4,4.49361702736,4.882857650067386,0.38924062270738613
11745,3,5.22941177032,4.701535296890481,0.5278764734295187
11746,5,6.23333333333,4.718303097709586,1.5150302356204142
11747,2,6.50833328565,4.754596378732834,1.7537369069171662
11748,2,4.84411764145,5.370728490192474,0.5266108487424743
11749,1,4.42857149669,4.796691996030651,0.36812049934065083
11750,3,4.4111111429,5.00629697595315,0.5951858330531499
11751,1,6.3272727186,4.989054301318697,1.3382184172813023
11752,3,5.0,4.721031570814238,0.27896842918576237
11753,1,5.05624994636,4.751894102468903,0.3043558438910976
11754,5,4.80000007153,4.806911205709787,0.0069111341797869486
11755,3,4.38500001431,4.891738921617764,0.5067389073077635
11756,4,7.00714288439,6.5980537885523916,0.4090890958376088
11757,1,6.44999996821,6.503520279254802,0.05352031104480215
11758,4,4.74166663488,4.8916860544256915,0.15001941954569187
11759,1,4.39166675011,4.858528970519637,0.4668622204096371
11760,3,4.47857144901,5.593272802088695,1.1147013530786944
11761,2,4.34761907941,4.9365635007090285,0.5889444212990282
11762,3,4.66435642054,4.7964783470516155,0.13212192651161558
11763,5,5.17272726695,5.061410642617535,0.11131662433246525
11764,1,6.49999996594,6.236726533834217,0.263273432105783
11765,3,6.26999998093,6.375434712624649,0.10543473169464956
11766,5,6.37142862592,6.256361422703701,0.11506720321629871
11767,5,6.61333332062,7.009959626021793,0.3966263054017931
11768,3,7.44999996821,6.147656698521377,1.302343269688623
11769,5,6.62222223812,6.596095133304142,0.026127104815858004
11770,3,8.01052643123,6.348435321793609,1.6620911094363908
11771,2,6.64285714286,6.699969495018874,0.05711235215887456
11772,1,4.328125,6.703929986943021,2.375804986943021
11773,3,6.70833333333,6.599434594791549,0.10889873853845078
11774,5,6.17500003179,7.165483188748885,0.9904831569588852
11775,1,6.99999996594,6.803764546708119,0.19623541923188093
11776,4,6.43333326446,6.491368664161161,0.05803539970116134
11777,3,7.68333335718,6.562054117530308,1.1212792396496924
11778,4,6.74615375812,6.444377233716707,0.3017765244032935
11779,5,6.5631578596,6.661042337252653,0.09788447765265218
11780,3,7.90000009537,6.618444249514447,1.2815558458555536
11781,4,7.20000001362,6.4557087659151255,0.7442912477048749
11782,1,6.19999980927,6.910648484829243,0.7106486755592423
11783,4,6.32142853737,6.603710243023014,0.2822817056530136
11784,1,7.42499989271,6.085871307914754,1.3391285847952457
11785,2,7.65999999046,6.684112864643629,0.9758871258163708
11786,3,6.08000001907,6.40900170731319,0.3290016882431903
11787,2,6.05238099325,6.013627740501363,0.038753252748636946
11788,4,6.69473688226,6.843280903261096,0.1485440210010962
11789,2,6.37500008941,6.610232894836635,0.2352328054266346
11790,2,6.42857149669,6.6559855329079785,0.2274140362179784
11791,4,6.60000000681,6.735035770796954,0.13503576398695394
11792,4,6.83076924544,6.839930687659089,0.009161442219088656
11793,3,6.69230769231,6.56055076462172,0.13175692768828018
11794,2,6.19999980927,6.5269030479697845,0.3269032386997841
11795,3,6.78571431977,6.668280688316661,0.11743363145333952
11796,5,6.45384616118,6.639188056569223,0.18534189538922252
11797,3,7.70000004768,6.5015502401164955,1.1984498075635042
11798,3,6.59333337148,6.540490979891453,0.05284239158854742
11799,1,4.25499997139,6.994859213717332,2.7398592423273316
11800,5,6.4222222964,6.677827691859263,0.25560539545926275
11801,4,6.64545458013,6.1977865298076456,0.44766805032235446
11802,5,6.69999996821,6.7314455932078925,0.031445624997892274
11803,2,7.38000001907,6.3455545331662835,1.0344454859037162
11804,4,6.67142854418,6.566658779798147,0.10476976438185304
11805,5,6.00588234733,6.8221868282157265,0.8163044808857265
11806,5,6.27272727273,6.73318070761253,0.4604534348825302
11807,5,7.02666670481,6.89761715478898,0.12904955002102003
11808,1,6.73636358435,6.57384714400142,0.16251644034857993
11809,4,6.90999999046,6.651468590623545,0.2585313998364551
11810,4,6.74000000954,6.476489923509365,0.2635100860306352
11811,4,6.88571432659,6.0979219682039725,0.7877923583860271
11812,4,6.76249998808,6.783128561958235,0.020628573878235024
11813,4,6.9222222964,6.779593921564091,0.14262837483590918
11814,4,6.58148147442,6.5734433321362875,0.008038142283712801
11815,1,7.32857145582,6.602033464778165,0.7265379910418348
11816,2,5.08499996662,5.764380530969831,0.679380564349831
11817,1,6.54545454545,6.326049188772464,0.21940535667753647
11818,3,6.74285704749,6.615971513288205,0.12688553420179538
11819,2,7.32222217984,6.365297739150531,0.9569244406894688
11820,3,6.71249997616,6.619751341050446,0.09274863510955456
11821,2,6.68571424484,6.450286489167982,0.2354277556720179
11822,5,6.32142860549,6.388912732397914,0.06748412690791383
11823,4,6.5888888571,6.677949399230674,0.08906054213067449
11824,4,6.89999997616,6.518257220041239,0.3817427561187614
11825,5,6.40666662852,6.654409368118322,0.24774273959832183
11826,2,6.68571424484,6.558424926279561,0.12728931856043868
11827,4,6.82307694508,6.558144734453022,0.264932210626978
11828,2,6.9363636537,6.259328929104558,0.6770347245954422
11829,4,6.72000002861,6.6001727426348875,0.11982728597511283
11830,2,6.72499996424,6.674290576288091,0.05070938795190916
11831,1,4.25333333015,6.258860063380642,2.005526733230642
11832,1,6.42647058824,6.149026541986038,0.2774440462539616
11833,2,6.23478257138,5.874737176567464,0.36004539481253595
11834,3,6.57142863955,6.565141045711587,0.006287593838412597
11835,5,7.2499999404,6.49190705200469,0.7580928883953106
11836,3,7.30000000734,6.609910552448369,0.6900894548916314
11837,5,6.28571428571,6.650359319109544,0.3646450333995439
11838,5,7.32666670481,6.5027923095436035,0.8238743952663965
11839,2,6.5,6.4341804350279395,0.06581956497206054
11840,1,6.22666664124,6.580746533726253,0.3540798924862534
11841,2,6.23333326976,6.710569215344376,0.47723594558437554
11842,4,6.20666666031,6.51277601030208,0.30610934999207995
11843,2,7.34000000954,6.223830011162756,1.1161699983772442
11844,4,6.44999992847,6.528553525549131,0.07855359707913134
11845,4,7.81428582328,6.484898082964356,1.329387740315644
11846,4,6.46666673819,6.425681543950241,0.04098519423975855
11847,3,6.27499997616,6.642716555269862,0.367716579109862
11848,2,7.21111112171,6.533940599521981,0.6771705221880193
11849,2,6.43333339691,6.6283680365670365,0.19503463965703638
11850,2,6.86000000636,6.582072229126345,0.27792777723365525
11851,4,7.23000001907,6.585006269200119,0.6449937498698812
11852,2,7.00909090042,6.558957601113658,0.4501332993063425
11853,5,7.06470590479,5.979623239184151,1.0850826656058494
11854,4,7.09285719054,6.443290933184976,0.6495662573550245
11855,4,6.76666673024,6.6692690916494035,0.09739763859059636
11856,2,6.26666673024,6.7575587183335255,0.49089198809352563
11857,2,6.35500004292,6.844348350858114,0.4893483079381138
11858,1,6.95333334605,6.669399031468859,0.28393431458114105
11859,2,7.71111112171,6.470528283789134,1.2405828379208659
11860,1,5.82999999523,6.642103286885614,0.8121032916556139
11861,3,6.3222222858,6.164627907098074,0.15759437870192539
11862,5,4.51764707004,4.535237800398927,0.01759073035892733
11863,1,5.13913038503,5.445881067087899,0.3067506820578991
11864,4,3.08476190453,4.524337296444466,1.4395753919144663
11865,4,3.68533331871,4.9716179970919105,1.2862846783819104
11866,3,4.82307696342,5.087256282568456,0.2641793191484556
11867,5,4.76666666402,5.525294064203219,0.7586274001832196
11868,1,5.02499997616,4.769413074129397,0.2555869020306032
11869,4,4.74166663488,5.371237062200622,0.6295704273206226
11870,4,4.69649123309,5.274009973664381,0.5775187405743809
11871,2,4.16885246605,5.082757617731041,0.9139051516810417
11872,3,4.88823531656,4.684217053206175,0.20401826335382545
11873,1,4.51111110051,5.146754810494609,0.6356437099846088
11874,3,5.00000004768,6.140038005216981,1.1400379575369808
11875,4,4.40000000493,4.447633087604562,0.047633082674562566
11876,4,5.79523810886,4.700004599521272,1.095233509338728
11877,3,4.259090895,5.564698160489329,1.3056072654893294
11878,5,4.64166662594,4.452405017944239,0.18926160799576142
11879,4,4.22399998665,5.034052358533584,0.8100523718835841
11880,5,4.75263158899,5.994330888085413,1.241699299095413
11881,2,4.91904769625,5.146848973046794,0.22780127679679385
11882,2,4.69999997956,5.353507461934065,0.6535074823740645
11883,2,4.76521742862,5.255715534608743,0.49049810598874366
11884,2,4.55621301634,4.642119654243273,0.08590663790327291
11885,3,4.33269229302,4.562746196583262,0.23005390356326227
11886,5,4.10322579838,4.895638051056291,0.7924122526762911
11887,5,4.11388885313,4.543792092733563,0.42990323960356314
11888,5,5.1705882409,4.432386406638542,0.7382018342614582
11889,3,4.86400001526,5.167932099494366,0.3039320842343658
11890,1,4.70952374595,5.250321832859597,0.5407980869095965
11891,5,5.04000002543,6.056932500152285,1.0169324747222843
11892,1,6.69230772899,5.885204467844505,0.8071032611454951
11893,2,5.87647062189,5.7452105919757805,0.1312600299142197
11894,2,6.06999993324,5.615619332832913,0.45438060040708717
11895,5,6.19999995232,5.776210294330275,0.4237896579897251
11896,3,5.8166667223,5.773135452401716,0.04353126989828393
11897,3,5.95000004768,6.060235633334003,0.11023558565400293
11898,2,7.0,6.134010391449164,0.8659896085508363
11899,4,6.15833328168,6.182245321858935,0.023912040178935
11900,4,6.09999996424,6.310094057817711,0.2100940935777107
11901,1,6.05238094784,6.049849976856392,0.002530970983607439
11902,3,6.45000004768,6.2105110306842395,0.2394890169957602
11903,4,6.07999998728,6.124173806954799,0.04417381967479894
11904,1,6.25555547078,6.2443857587380185,0.011169712041981583
11905,3,6.14000005722,5.9558650618868265,0.18413499533317346
11906,3,6.19999991523,6.202230867603639,0.002230952373638573
11907,2,5.81111107932,6.032588794625034,0.22147771530503402
11908,3,5.85000014305,6.055107753220866,0.20510761017086576
11909,3,6.45384616118,5.936285953152706,0.5175602080272945
11910,3,6.17777782016,6.1681952437516,0.0095825764084001
11911,4,6.30000001192,5.8421947804867935,0.4578052314332064
11912,1,6.38000011444,5.990600394233118,0.38939972020688174
11913,4,4.58947367417,5.730227728682878,1.140754054512878
11914,4,4.36739130124,6.315447391706168,1.9480560904661681
11915,5,5.21111109522,6.03406076487592,0.8229496696559204
11916,3,4.36909090822,6.235632144634986,1.866541236414986
11917,2,5.16999998093,5.967997560438941,0.7979975795089409
11918,3,4.41379315278,5.7544667801437965,1.3406736273637962
11919,2,5.76428570066,6.039461106558759,0.275175405898759
11920,5,5.5,6.1256385994194735,0.6256385994194735
11921,4,6.59999995232,5.953852603133826,0.6461473491861742
11922,2,5.98000001907,6.412442129287045,0.4324421102170444
11923,4,5.85000002384,6.018061854927537,0.16806183108753725
11924,1,5.96000013351,6.106387358852284,0.14638722534228332
11925,5,4.94615387917,5.751384002302057,0.8052301231320573
11926,1,4.56551721178,5.796876411607965,1.2313591998279652
11927,3,5.90625008941,6.1747987518007585,0.26854866239075825
11928,5,6.1933333079,6.130495512094017,0.06283779580598292
11929,2,6.48000011444,5.7255043227447695,0.7544957916952306
11930,3,5.95454549789,6.11815007442932,0.1636045765393197
11931,5,6.55999994278,5.904940309046346,0.6550596337336545
11932,1,6.59999990463,6.037501897033618,0.5624980075963819
11933,2,5.6999999455,6.374896703504296,0.6748967580042962
11934,1,6.69999993931,6.1485012563972665,0.5514986829127331
11935,5,6.50769230036,6.089369791544345,0.41832250881565436
11936,5,6.02272725105,5.999076173901492,0.023651077148508115
11937,4,6.22499990463,5.969029713482624,0.25597019114737574
11938,2,6.59999990463,6.127216627937062,0.4727832766929376
11939,2,6.36666668029,6.080162666166695,0.28650401412330506
11940,4,6.09999998411,5.743534189787878,0.3564657943221219
11941,3,6.69999996821,6.114246844088501,0.5857531241214993
11942,4,6.45999999046,6.330156668230132,0.12984332222986783
11943,1,6.01111112701,5.975096676651151,0.03601445035884954
11944,1,5.96249997616,6.150121233442198,0.18762125728219825
11945,4,6.62727273594,6.237746196390392,0.3895265395496077
11946,4,6.36666663488,6.01322007100886,0.35344656387113993
11947,4,4.54861112105,6.260958391275854,1.7123472702258535
11948,2,6.48571429934,6.230315891054899,0.2553984082851004
11949,4,6.00555555026,5.262191598373112,0.7433639518868889
11950,4,5.92000002861,5.598221697204623,0.32177833140537704
11951,3,5.82500004768,6.239787573838857,0.4147875261588574
11952,3,6.23000006676,5.925756138261726,0.3042439284982734
11953,2,6.11333328883,5.993874187103259,0.11945910172674079
11954,3,6.1222221763,5.871598973770575,0.25062320252942527
11955,1,6.40000009537,5.992692795610003,0.4073072997599976
11956,1,6.1875,5.8221474446192625,0.3653525553807375
11957,2,6.63846144309,5.6291749594777665,1.0092864836122333
11958,2,6.26428573472,6.036320166645058,0.22796556807494195
11959,3,6.04545450211,5.773147031750116,0.272307470359884
11960,4,5.6214285578,5.821889827870258,0.20046127007025838
11961,1,5.91250008345,5.866256576657072,0.0462435067929281
11962,2,5.82631577944,6.189464413710142,0.363148634270142
11963,2,4.78333338102,5.855682813313769,1.0723494322937688
11964,5,5.55641023929,6.108955086282862,0.5525448469928618
11965,5,6.09999990463,6.315160333913163,0.2151604292831628
11966,4,6.5,6.027558595187854,0.47244140481214636
11967,1,6.69999980927,5.9927694359986,0.7072303732714005
11968,3,6.30833331744,6.208687272791848,0.09964604464815174
11969,5,6.12222226461,6.020832595656748,0.10138966895325208
11970,1,6.29999995232,6.051195945761624,0.24880400655837676
11971,1,6.09999990463,6.007485259999898,0.09251464463010173
11972,1,6.03333330154,6.086694896181002,0.053361594641001986
11973,3,6.54999995232,6.1066115206086025,0.44338843171139786
11974,3,6.51176467596,6.039312492098758,0.4724521838612423
11975,2,5.45833330684,6.306258071612283,0.8479247647722827
11976,2,5.19777779579,6.292357769593825,1.0945799738038247
11977,2,3.98571426528,5.920901986898418,1.935187721618418
11978,5,5.03928571088,5.831967816743603,0.7926821058636033
11979,1,5.5408163168,5.512703875283025,0.028112441516975117
11980,5,4.172580669,5.946089200691841,1.7735085316918404
11981,4,5.50508474091,5.13912042157599,0.36596431933400986
11982,2,5.82000007629,6.13335910791867,0.3133590316286696
11983,5,6.69000000954,6.2020612377847435,0.4879387717552568
11984,3,6.42222224341,6.224964156504335,0.1972580869056655
11985,1,6.5,5.871061224151309,0.6289387758486908
11986,1,5.85714292526,5.997535790057571,0.14039286479757163
11987,5,6.45384623454,5.874346578375302,0.5794996561646979
11988,5,6.66874992847,6.264823804660727,0.4039261238092724
11989,2,5.92857149669,6.173855697265875,0.24528420057587486
11990,5,5.98750001192,6.012554305752692,0.02505429383269231
11991,5,7.08571440833,6.075503938969722,1.0102104693602785
11992,2,5.90000009537,6.094447551681858,0.1944474563118579
11993,2,6.01999998093,6.239389737700304,0.2193897567703038
11994,4,6.50769230036,6.002433625640093,0.5052586747199062
11995,1,4.53571428997,6.040384078484184,1.5046697885141844
11996,1,4.74603171197,6.192282321872626,1.4462506099026262
11997,2,4.3923076703,5.8662191274296545,1.4739114571296543
11998,5,4.57534246575,5.686791393669678,1.1114489279196773
11999,1,6.11764705882,5.965815496220679,0.1518315625993214
12000,2,4.85185184302,5.805931691056309,0.9540798480363089
12001,5,4.80175439377,5.554997210067971,0.7532428162979716
12002,3,4.37999998728,6.3217331946244615,1.9417332073444618
12003,2,5.59057971706,6.068076254327307,0.47749653726730745
12004,5,6.64444446564,6.1961784348021,0.4482660308379005
12005,3,6.30000007153,6.154712050145322,0.14528802138467878
12006,1,6.53749996424,5.894892442902763,0.6426075213372373
12007,4,6.42941180397,6.130158126735967,0.2992536772340326
12008,3,6.23333332274,5.825209550573641,0.4081237721663591
12009,2,6.23571426528,5.840936020931242,0.39477824434875863
12010,3,7.70000004768,5.8403033738495775,1.8596966738304221
12011,2,6.62727269259,5.428417615546506,1.1988550770434943
12012,5,6.93333339691,6.102957235180452,0.8303761617295482
12013,2,6.25999999046,6.202003651593441,0.05799633886655897
12014,5,6.26666665077,6.052105764787741,0.21456088598225964
12015,5,6.3166667223,6.248313416186392,0.06835330611360835
12016,5,6.76666662428,6.238251279329903,0.5284153449500968
12017,3,6.90000002725,6.383547654880237,0.5164523723697627
12018,2,6.43636361035,6.220073029808665,0.21629058054133488
12019,4,6.55555550257,6.238808909083831,0.31674659348616885
12020,3,6.89000000954,6.057608746130056,0.832391263409944
12021,1,5.42051282296,6.113847640966684,0.6933348180066838
12022,1,4.4453333346,6.193048889044228,1.7477155544442278
12023,5,6.22592594005,7.266298837524657,1.0403728974746569
12024,1,6.40000001122,6.343021419491016,0.05697859172898401
12025,3,6.85384614651,6.336140827512941,0.5177053189970584
12026,1,6.45000004768,6.054047057900294,0.3959529897797056
12027,3,6.19333318075,5.566666940582222,0.6266662401677783
12028,5,6.46800006866,6.1638890700257605,0.30411099863423985
12029,3,6.98000001907,6.374832429847893,0.6051675892221073
12030,5,6.38666677475,6.077824914420796,0.30884186032920447
12031,4,4.87916668256,10.522387871811553,5.643221189251553
12032,1,6.24615390484,5.8272155092013795,0.41893839563862034
12033,3,7.75,10.037477027769455,2.287477027769455
12034,5,6.33333325386,8.560078073158628,2.226744819298628
12035,5,6.19285712923,5.9229347087754425,0.2699224204545576
12036,3,4.66666671965,5.955885023682061,1.2892183040320608
12037,2,6.36666679382,6.20081022370169,0.16585657011831056
12038,4,6.76249998808,6.236872743825351,0.5256272442546495
12039,4,6.33636379242,6.655026170077962,0.31866237765796157
12040,3,6.14999993642,6.274635234838656,0.12463529841865562
12041,2,6.36666668786,6.366840356725305,0.00017366886530556513
12042,3,6.05200008392,6.16287026089042,0.1108701769704199
12043,1,6.22499998978,5.7546653092902,0.4703346804897999
12044,1,6.78888893127,6.258126516181478,0.530762415088522
12045,5,6.35833334923,6.388686515909711,0.030353166679711663
12046,4,6.98000001907,6.364297367781984,0.6157026512880162
12047,3,4.3037038026,6.305978243335406,2.0022744407354054
12048,2,5.89999999603,6.097086011413089,0.19708601538308912
12049,1,6.34117648181,6.136791945063174,0.20438453674682577
12050,2,6.89743588521,5.87318054383326,1.0242553413767403
12051,3,5.52727274461,6.277017102441991,0.7497443578319904
12052,4,6.37600002289,5.957777610866303,0.41822241202369614
12053,3,5.12758618388,6.1685280522921255,1.0409418684121254
12054,4,6.61428574153,6.646701060990569,0.032415319460569414
12055,4,4.1875000298,6.061642111778093,1.8741420819780936
12056,4,6.13793093583,6.162676389303979,0.024745453473978607
12057,2,7.30000001192,6.462813465809231,0.837186546110769
12058,1,6.38124996424,5.868181219451568,0.5130687447884323
12059,3,6.07500002384,6.441858973803827,0.3668589499638264
12060,3,6.80000003179,6.345379804628983,0.45462022716101647
12061,1,6.56499998569,6.020079853735676,0.5449201319543242
12062,1,6.72222216924,5.796770365319567,0.9254518039204331
12063,4,6.45624998212,6.067385147768795,0.3888648343512049
12064,4,6.51538460071,6.06817693602087,0.4472076646891301
12065,1,6.41428572791,5.700148190444079,0.7141375374659216
12066,4,6.24375003576,5.9147634812807,0.32898655447929936
12067,4,6.6166665554,6.297821817412731,0.318844737987269
12068,2,6.31428578922,6.003694267413383,0.3105915218066171
12069,1,6.1562499404,6.139996958096833,0.016252982303167407
12070,2,7.15000003576,6.485131198764859,0.664868836995141
12071,1,4.24130432502,6.263037318591822,2.0217329935718222
12072,3,6.25238089334,6.321698042443242,0.06931714910324249
12073,1,7.26666662428,6.446497185168934,0.8201694391110657
12074,3,6.32499998808,6.41933887367163,0.09433888559162984
12075,5,6.25,5.83541743321593,0.4145825667840697
12076,5,5.6933333079,6.2551304314826295,0.5617971235826298
12077,2,6.72352940896,6.09553424313905,0.6279951658209502
12078,5,7.12499995232,6.2901467810279845,0.8348531712920151
12079,4,6.12307682404,6.776867180930845,0.6537903568908447
12080,2,6.29999993064,5.15713550980304,1.1428644208369603
12081,3,6.91666666667,6.105689436809777,0.8109772298602236
12082,1,7.22499990463,6.432899322180687,0.7921005824493124
12083,1,6.35000004768,6.384187914494887,0.034187866814886725
12084,4,6.6,5.980426854852509,0.6195731451474904
12085,2,6.36999998093,6.363119606846181,0.006880374083819696
12086,4,6.22999997139,6.400735444443424,0.1707354730534245
12087,3,6.76249998808,6.081822692732115,0.680677295347885
12088,3,4.97692308059,6.343217511219724,1.3662944306297247
12089,4,6.13142847334,5.897492880650429,0.23393559268957098
12090,4,6.4789473885,6.2993397935668005,0.17960759493319944
12091,5,6.96250001589,6.3954948347661045,0.5670051811238954
12092,3,4.46190482094,6.473024316100561,2.0111194951605613
12093,4,6.95833339294,5.745109171316365,1.2132242216236353
12094,1,7.0066666921,5.895311170590716,1.1113555215092834
12095,5,6.42173912214,6.346412253018702,0.07532686912129805
12096,1,5.3437500298,6.041857023711308,0.698106993911308
12097,3,5.36666663488,5.365259951775749,0.0014066831042507388
12098,3,5.58499996662,5.282979220321814,0.30202074629818565
12099,2,5.60769231503,5.952440297847293,0.34474798281729235
12100,5,6.375,5.956312691634005,0.4186873083659952
12101,5,3.96548670372,5.830770670532885,1.8652839668128847
12102,3,4.35833335718,5.676965713801014,1.3186323566210136
12103,4,4.03521126089,5.447499171150943,1.4122879102609431
12104,4,0.0,0.2152773776993,0.2152773776993
12105,1,4.06470587674,5.508334066897369,1.4436281901573693
12106,5,7.98749995232,5.588944438630567,2.398555513689433
12107,1,6.26190478461,5.816391279047941,0.4455135055620598
12108,1,7.54500005245,5.258906561391533,2.286093491058467
12109,1,6.3750000596,5.083442109408319,1.291557950191681
12110,3,4.73781512565,5.269708669923805,0.5318935442738049
12111,2,4.33706897703,6.630070137862836,2.2930011608328353
12112,4,3.50285716057,6.212065469122294,2.7092083085522938
12113,1,0.0,0.04796637590745277,0.04796637590745277
12114,5,6.34444445151,5.937083073052677,0.4073613784573231
12115,5,7.26249998808,5.843107396741889,1.4193925913381111
12116,5,7.20000000795,5.94399740073252,1.2560026072174804
12117,1,6.94166676203,5.988012748373173,0.953654013656827
12118,1,3.92644625656,5.938808570136867,2.0123623135768676
12119,3,3.51621621364,4.720081945817146,1.203865732177146
12120,1,3.09758065593,5.082724577778499,1.9851439218484987
12121,2,5.97906975413,5.2755478485619935,0.7035219055680066
12122,1,6.58666667938,5.341418114611495,1.245248564768505
12123,4,5.8384615458,5.570334290009475,0.26812725579052543
12124,1,4.83095236052,5.743619991265857,0.9126676307458563
12125,3,6.23749999205,5.084647975089213,1.1528520169607868
12126,5,4.93066666921,5.7091286788037525,0.7784620095937527
12127,1,4.14833334287,5.3452657625436615,1.1969324196736615
12128,3,3.29642857824,5.55862814451094,2.2621995662709398
12129,4,4.20874999464,5.744434174910604,1.5356841802706045
12130,2,5.60285714694,5.290965397026848,0.31189174991315216
12131,4,6.57894739352,6.260361631348636,0.3185857621713639
12132,1,5.64166669051,5.502642266322298,0.1390244241877019
12133,5,6.47500002384,5.827141075054548,0.6478589487854522
12134,2,6.22499998978,6.411253844915561,0.18625385513556125
12135,2,4.33055554165,5.327216104303325,0.9966605626533251
12136,4,0.0,0.1996986798545808,0.1996986798545808
12137,3,0.0,0.19386854536413056,0.19386854536413056
12138,5,0.0,0.6561473533342581,0.6561473533342581
12139,2,6.46666666667,6.000328590485822,0.46633807618417844
12140,2,6.31111115879,5.771053605436973,0.5400575533530274
12141,5,6.83999996185,4.620052953794002,2.219947008055998
12142,5,4.78888886505,5.382907585319862,0.5940187202698626
12143,5,6.2478260372,5.608767983089207,0.6390580541107935
12144,5,6.4192307729,5.316073349229154,1.1031574236708455
12145,5,4.69499995112,4.014239398427735,0.6807605526922647
12146,1,4.83666666349,5.755609048734669,0.9189423852446694
12147,2,0.0,0.18625700818177232,0.18625700818177232
12148,2,5.79666668574,5.203384644777376,0.5932820409626238
12149,2,6.12666664124,6.643912903736728,0.5172462624967284
12150,4,6.71199995041,4.8900954845782305,1.8219044658317696
12151,1,4.57096773578,5.474115166199376,0.9031474304193763
12152,4,5.07750000358,5.302492246711503,0.2249922431315028
12153,5,3.28695652623,5.470462080927437,2.1835055546974367
12154,2,0.0,4.882755641408962,4.882755641408962
12155,1,6.11249991258,5.128294219388891,0.9842056931911083
12156,3,4.96315787968,6.245644902834728,1.2824870231547285
12157,4,6.97916666667,5.245431497087212,1.733735169582788
12158,1,7.33888883061,5.401436260801273,1.9374525698087268
12159,1,6.0318182165,5.201318369652699,0.8304998468473004
12160,2,3.34396135289,4.936519973225056,1.5925586203350557
12161,5,5.64411766389,4.685323575998986,0.9587940878910146
12162,4,3.86860465172,5.36842635390144,1.49982170218144
12163,3,3.56578946831,5.386483894789512,1.8206944264795117
12164,3,3.62060606841,5.024264335687042,1.4036582672770423
12165,5,0.0,0.856689509283547,0.856689509283547
12166,5,0.0,0.6861377681922737,0.6861377681922737
12167,3,0.0,0.7229180554782869,0.7229180554782869
12168,2,0.0,0.10119999854333332,0.10119999854333332
12169,3,0.0,0.027722222406944445,0.027722222406944445
12170,2,0.0,0.0,0.0
12171,5,0.0,0.0,0.0
12172,2,0.0,0.5515055635113332,0.5515055635113332
12173,2,0.0,0.28998055872611106,0.28998055872611106
12174,3,0.0,0.0164999997625,0.0164999997625
12175,2,0.0,0.05094999970444444,0.05094999970444444
12176,3,0.0,0.027499999604166665,0.027499999604166665
12177,4,0.0,0.0,0.0
12178,5,0.0,0.0,0.0
12179,1,0.0,0.0,0.0
12180,1,0.0,0.04560024509568472,0.04560024509568472
12181,1,0.0,0.0,0.0
12182,4,0.0,0.0035084830287,0.0035084830287
12183,1,0.0,0.0,0.0
12184,4,0.0,0.747413093840159,0.747413093840159
12185,5,0.0,0.0,0.0
12186,3,0.0,0.08117423245555555,0.08117423245555555
12187,4,0.0,0.5461168081232001,0.5461168081232001
12188,2,0.0,0.2555666629880555,0.2555666629880555
12189,5,0.0,0.013666666877777778,0.013666666877777778
12190,5,0.0,0.0,0.0
12191,4,7.52500001589,5.9586865254132615,1.5663134904767384
12192,2,7.40000004239,5.774261603695057,1.6257384386949436
12193,1,6.76666673024,6.722001082429199,0.044665647810800735
12194,2,6.02916673819,6.0747463307809,0.04557959259089994
12195,3,6.10000000502,5.547936093300188,0.5520639117198121
12196,3,5.52307691941,5.457827908672411,0.06524901073758915
12197,4,4.50499997139,6.178080976084889,1.6730810046948887
12198,5,3.55833333068,4.782952403074679,1.2246190723946793
12199,3,8.68205126738,5.970003516110618,2.712047751269382
12200,2,5.98888889949,6.356579702367041,0.3676908028770409
12201,3,6.3111111323,6.2342246045035585,0.07688652779644123
12202,2,5.3,6.0207226200083035,0.7207226200083037
12203,2,6.06000000636,5.896235452385201,0.16376455397479894
12204,3,6.29166662693,5.545572528829555,0.7460940981004445
12205,4,5.87999996185,6.229211260241194,0.3492112983911939
12206,5,6.26800008774,5.861412285019855,0.4065878027201446
12207,2,5.95555551847,6.235752941540603,0.2801974230706028
12208,5,6.35238095692,6.011711433038491,0.34066952388150895
12209,2,6.98800003052,5.695080709072693,1.2929193214473074
12210,1,6.8714285578,6.3238031278225515,0.5476254299774483
12211,2,7.3086956273,5.91831976901885,1.3903758582811498
12212,5,5.40400003433,5.893786525198623,0.4897864908686227
12213,4,6.15714287077,6.086704107276135,0.07043876349386569
12214,3,7.66129036873,5.46421605070823,2.1970743180217696
12215,1,5.8322147907,6.4708613451481,0.6386465544480995
12216,1,6.18055555556,5.910413043662618,0.27014251189738214
12217,1,5.33750009537,6.279904815973083,0.9424047206030828
12218,1,6.675,6.183971174458561,0.4910288255414388
12219,5,4.5150001049,5.859376389386918,1.344376284486918
12220,2,6.91500008106,6.07801173550922,0.8369883455507798
12221,5,7.17499999205,5.612384296941898,1.5626156951081018
12222,3,5.21999998093,5.88414392267846,0.6641439417484598
12223,4,6.38461545797,6.043415809647456,0.3411996483225437
12224,4,5.87199998856,6.020035554338678,0.14803556577867827
12225,4,6.24444445857,6.031396801315075,0.21304765725492558
12226,4,5.68799995422,5.913159097827947,0.22515914360794653
12227,3,7.19130428978,6.107886219213377,1.0834180705666228
12228,3,6.83157895741,6.413780613658324,0.41779834375167546
12229,1,3.47872339918,5.141231825478809,1.662508426298809
12230,2,5.48500001431,6.061583282588808,0.5765832682788083
12231,2,4.13199995041,6.052851262831493,1.920851312421493
12232,1,8.16800001144,5.748719783342877,2.419280228097123
12233,5,6.18125002086,5.778669480852084,0.4025805400079161
12234,1,4.75909094377,6.167766318756955,1.408675374986955
12235,3,4.4789473885,6.064222573291196,1.585275184791196
12236,1,6.31600000381,5.5365306781112285,0.7794693256987717
12237,1,4.85666666031,5.946354266751843,1.089687606441843
12238,1,6.10416668653,5.663114280171027,0.44105240635897314
12239,3,6.46666660309,5.579263548293712,0.8874030547962883
12240,4,6.42592594359,5.865692926735684,0.5602330168543164
12241,4,5.03600000381,6.245612503808474,1.2096124999984745
12242,4,5.92249999046,5.4339618553742435,0.48853813508575694
12243,2,4.77624998689,5.926235788362416,1.1499858014724165
12244,3,4.10526314813,6.09106414047198,1.9858009923419804
12245,4,5.06857140405,5.881389396500609,0.8128179924506087
12246,5,5.29629626098,5.998104079222783,0.7018078182427825
12247,1,4.96600000143,5.874204531646371,0.9082045302163708
12248,1,6.52400001526,6.017031258665077,0.5069687565949232
12249,1,4.61666669448,6.360442149547745,1.7437754550677447
12250,2,6.57619047165,6.053872171384226,0.5223183002657743
12251,2,5.48333334923,6.23703148841737,0.75369813918737
12252,5,7.64285714286,5.972853248146694,1.6700038947133056
12253,4,6.38571432659,5.895563086687197,0.4901512399028025
12254,5,5.82500004768,6.295886054908553,0.470886007228553
12255,1,5.56499998569,6.409408884660141,0.8444088989701406
12256,4,6.91428576197,6.0514148962847,0.8628708656853004
12257,5,6.27916659911,5.944841288312255,0.33432531079774463
12258,5,5.58888891008,5.89636583193514,0.3074769218551401
12259,2,4.75624996424,5.865543882907747,1.1092939186677464
12260,1,7.42999999523,5.430221657780758,1.999778337449242
12261,5,4.85999997457,5.316534178714586,0.4565342041445861
12262,2,6.52499997616,6.546675326951309,0.021675350791309
12263,3,6.80000001192,6.208316540560944,0.5916834713590555
12264,5,4.20833333333,6.155301650805202,1.9469683174752026
12265,3,6.80833335718,6.261443625764244,0.5468897314157566
12266,2,3.96999999285,6.032427775617459,2.0624277827674593
12267,1,3.73888887299,6.148728554231047,2.409839681241047
12268,4,5.55833333731,5.452734924873533,0.10559841243646684
12269,2,5.43548386328,5.884146249723485,0.4486623864434849
12270,3,4.825,6.299670609686604,1.474670609686604
12271,5,6.14642857654,5.701464235308822,0.4449643412311781
12272,2,6.33142858233,6.343207046770278,0.011778464440277858
12273,1,7.17058821285,6.146422263916503,1.024165948933497
12274,1,6.6833332777,5.305066393394353,1.3782668843056474
12275,1,3.69062500633,6.101420183203311,2.4107951768733114
12276,1,4.35301204187,6.276827679866561,1.9238156379965616
12277,2,5.96399999619,6.0835639258382015,0.1195639296482014
12278,4,8.79600000381,6.3650401214817744,2.430959882328226
12279,4,3.43333332274,5.838887303377335,2.4055539806373356
12280,1,6.44761905216,6.051829639866599,0.3957894122934009
12281,5,3.91000000238,5.578391111032812,1.6683911086528123
12282,4,6.72399997711,5.87317564281586,0.8508243342941402
12283,4,6.42105260648,4.799323289246604,1.6217293172333962
12284,2,6.00454547188,5.559163555168247,0.445381916711753
12285,1,7.00000005298,5.8844003727525855,1.1155996802274144
12286,1,5.62812495232,6.41814230026556,0.7900173479455601
12287,2,5.84000001907,5.4112755399172645,0.42872447915273515
12288,1,5.05199996948,5.5441966692313125,0.49219669975131275
12289,1,4.73750001192,5.634479469332056,0.8969794574120558
12290,2,4.41071429423,6.216106599401742,1.8053923051717424
12291,2,6.63913044722,5.536385077312056,1.102745369907944
12292,3,6.82666667302,5.873188723054884,0.9534779499651158
12293,5,5.63333328565,6.347571277907013,0.7142379922570132
12294,2,5.11199996948,5.951769063375324,0.839769093895324
12295,4,5.5625000298,6.125887826856841,0.5633877970568415
12296,2,7.18499994278,5.515675136278393,1.6693248065016073
12297,5,5.18400001526,6.112377484131661,0.9283774688716617
12298,3,4.57499995232,6.147305782982186,1.5723058306621862
12299,4,6.87500007947,6.213318391773404,0.6616816876965963
12300,2,6.85466665904,5.831433592688139,1.0232330663518612
12301,4,3.96956518422,5.9137715381248865,1.9442063539048866
12302,4,6.51785721098,6.226075474110481,0.2917817368695186
12303,3,7.0,5.5843429862702685,1.4156570137297315
12304,3,6.41904762813,5.4311339801804,0.9879136479496005
12305,1,5.46086960254,6.1149668696954,0.6540972671554002
12306,2,5.68000003815,5.772401902975489,0.09240186482548918
12307,5,6.54444445504,5.416685543477234,1.1277589115627658
12308,1,6.5000000298,6.030369310780172,0.4696307190198281
12309,5,5.33693694209,5.973996192857631,0.6370592507676305
12310,3,6.34499998093,5.910309992276095,0.43468998865390507
12311,5,6.5631578847,6.677676011708305,0.11451812700830555
12312,4,6.31764712053,5.836424491164512,0.48122262936548843
12313,4,4.98500001431,5.460879850958983,0.4758798366489829
12314,4,4.22499997616,5.102788362266805,0.877788386106805
12315,4,7.12500003406,5.930837600468092,1.1941624335919085
12316,4,6.58125004172,5.9422045212763575,0.6390455204436423
12317,2,7.5937500298,5.808573491917687,1.7851765378823128
12318,3,5.6249999702,5.977637257226446,0.3526372870264458
12319,2,8.61562503874,6.380544957511939,2.2350800812280607
12320,1,4.78000001907,6.129555501068763,1.3495554819987632
12321,5,7.09999999133,6.19193173439687,0.90806825693313
12322,2,5.32222231229,6.291492221174417,0.9692699088844172
12323,2,6.03125,6.623384774606219,0.5921347746062189
12324,1,6.42500007153,6.026707532967901,0.39829253856209945
12325,4,3.54469696681,6.9070306630257114,3.3623336962157113
12326,4,5.69411765828,5.479776267366625,0.21434139091337467
12327,2,7.5428571701,5.7782785841838455,1.764578585916154
12328,2,6.90000000596,5.636266149640094,1.2637338563199059
12329,2,4.71499993801,5.972563370258923,1.257563432248923
12330,5,6.70967737321,6.517028604392557,0.19264876881744275
12331,3,6.0433333238,5.447020999049503,0.5963123247504969
12332,3,6.01999998093,6.520461915203983,0.5004619342739831
12333,2,5.34210523806,5.408270398112747,0.06616516005274686
12334,2,7.47222216924,6.114807412691802,1.3574147565481978
12335,3,5.72043011265,5.497769824204695,0.22266028844530528
12336,4,5.62399997711,6.0215912117732895,0.39759123466328905
12337,1,4.30400000572,6.051008930899223,1.7470089251792231
12338,5,5.46999998093,5.877376776797057,0.4073767958670569
12339,1,5.84090911258,5.560564791010359,0.2803443215696415
12340,4,4.49310342197,6.137767046523697,1.6446636245536972
12341,2,6.3592592522,5.760817233949904,0.598442018250096
12342,1,4.33000004292,6.326561326694054,1.9965612837740538
12343,3,5.84166667859,5.887620230939658,0.04595355234965748
12344,1,6.73499996662,5.81129211030694,0.9237078563130598
12345,1,4.49500000477,5.914146894728549,1.419146889958549
12346,1,4.25600002289,6.0185254917970115,1.7625254689070111
12347,4,4.78666667938,6.0975345777120955,1.3108678983320958
12348,2,6.4136363593,5.48113096730852,0.9325053919914801
12349,1,4.60312496126,5.444909201594288,0.8417842403342881
12350,4,6.86470592723,5.536463800224467,1.3282421270055336
12351,3,4.11499997377,5.891234708625124,1.776234734855124
12352,3,5.48333334923,5.447120248013859,0.03621310121614041
12353,3,7.72500002384,5.782018337729151,1.9429816861108486
12354,4,7.4538461245,6.178612113586231,1.2752340109137688
12355,5,4.46799999237,6.020868404622002,1.5528684122520016
12356,3,6.35238097963,5.870143120445241,0.48223785918475937
12357,2,4.39600004196,5.87651376453122,1.48051372257122
12358,5,4.53111111323,5.467565657509978,0.9364545442799779
12359,1,4.48499999046,6.003778582575399,1.5187785921153987
12360,4,6.94615382415,6.444860573911115,0.5012932502388843
12361,4,4.05000001192,6.0902845654558035,2.0402845535358036
12362,1,4.41500002146,6.280053941691993,1.8650539202319933
12363,5,7.22000005245,5.633991457926601,1.586008594523399
12364,1,7.00238097282,6.244869433667742,0.757511539152258
12365,1,6.00333329837,6.412354988857437,0.4090216904874371
12366,1,4.80000001506,6.114616001119727,1.314615986059727
12367,1,6.90937501192,6.527513361409648,0.38186165051035204
12368,1,6.35199996948,5.835344231091521,0.5166557383884784
12369,4,6.88888887123,6.19263700879662,0.69625186243338
12370,1,6.30434782609,6.2853352186177665,0.019012607472233434
12371,2,6.88620687353,5.416694776670068,1.4695120968599316
12372,2,7.51538456403,6.053585361202695,1.4617992028273044
12373,5,6.32333334287,6.210984199475136,0.11234914339486402
12374,2,3.96800002098,5.62348063510014,1.6554806141201404
12375,3,7.4296296261,6.194235068704637,1.235394557395363
12376,1,5.62000000477,6.256550355343792,0.636550350573792
12377,5,7.5000000298,6.199227666112645,1.3007723636873552
12378,5,5.40800004959,5.9281558284266,0.5201557788365996
12379,2,4.37083335718,5.994664895241197,1.6238315380611965
12380,5,7.36800001144,5.605758354362711,1.762241657077289
12381,5,7.00434780121,5.836247114145885,1.1681006870641149
12382,3,5.80333336194,5.820344821795606,0.017011459855606148
12383,5,6.43846156047,5.667187266700808,0.7712742937691921
12384,5,5.14166669051,5.633985570374399,0.49231887986439915
12385,1,7.72666667302,6.131862290515879,1.5948043825041216
12386,2,6.68846152379,6.008670444489081,0.6797910793009194
12387,2,6.75,6.0506193668791335,0.6993806331208665
12388,5,6.42399999619,6.13646616300269,0.2875338331873101
12389,5,6.14705882353,6.0283867141242515,0.11867210940574857
12390,3,6.60769231503,5.7388057046643155,0.8688866103656849
12391,1,6.05714280265,6.000156432359436,0.05698637029056375
12392,1,5.65416669846,6.006078809071887,0.3519121106118872
12393,3,4.82500006755,5.557050226470303,0.7320501589203028
12394,2,4.16888887617,4.791484686844997,0.6225958106749978
12395,1,6.30434776389,5.690626682716188,0.6137210811738116
12396,1,6.30909096111,5.98970034007949,0.31939062103050997
12397,2,8.4604651318,5.785575430110684,2.674889701689316
12398,3,7.4541666309,5.921225632410553,1.5329409984894466
12399,4,6.57368424064,5.72736319878326,0.84632104185674
12400,1,6.28750000397,5.865044016505127,0.4224559874648728
12401,1,4.61000003815,5.353896785431523,0.7438967472815232
12402,2,5.19583330552,6.613495559657506,1.4176622541375057
12403,1,5.39000003338,5.869734631780565,0.4797345984005652
12404,4,7.27727270126,5.813309170019765,1.4639635312402355
12405,4,7.27466668447,6.071056039398216,1.2036106450717838
12406,5,5.38,6.491242961945826,1.111242961945826
12407,1,5.71111112171,6.008211045852115,0.29709992414211506
12408,4,4.42500002384,4.873257318124082,0.44825729428408234
12409,4,5.43333328338,5.840239819703673,0.4069065363236737
12410,4,4.42800001144,6.470386617172573,2.042386605732573
12411,2,5.6249999404,5.931876586584454,0.3068766461844534
12412,3,5.91249999404,5.177574624591264,0.7349253694487361
12413,2,4.64999999603,6.03059678031871,1.3805967842887101
12414,5,5.38484849352,5.687020678431314,0.30217218491131437
12415,5,6.13181816448,5.94509456797615,0.1867235965038505
12416,1,7.10000002384,5.598386845750349,1.5016131780896504
12417,4,5.37272735076,5.753921945068004,0.3811945943080044
12418,3,5.38500001431,5.4025798585877265,0.01757984427772641
12419,2,5.75833332539,5.581036931967323,0.17729639342267678
12420,5,7.03666664759,6.22700277257371,0.8096638750162901
12421,5,7.22333335876,6.1567298050871875,1.0666035536728122
12422,5,4.44500002861,6.040543682196458,1.595543653586458
12423,5,6.90740740741,6.327335937399844,0.5800714700101564
12424,3,4.74999997833,5.8194260995405855,1.0694261212105856
12425,5,6.08571429934,5.989097814293013,0.0966164850469875
12426,5,6.30312500894,6.3138143657915995,0.010689356851599108
12427,5,6.78461536994,5.9751941508877255,0.8094212190522745
12428,5,4.52399999619,6.121646126789215,1.5976461305992151
12429,2,6.67142854418,5.983929930189347,0.6874986139906536
12430,3,4.77200000763,6.230224366950714,1.458224359320714
12431,5,6.80624994636,6.332869331103962,0.4733806152560387
12432,4,4.57500002782,5.731584257753953,1.1565842299339533
12433,2,5.96000003815,5.89799834061219,0.062001697537809264
12434,3,5.25499994755,6.011445060482891,0.7564451129328909
12435,4,7.34000002543,5.737523361580799,1.6024766638492016
12436,1,6.57142857143,5.913152350376713,0.6582762210532875
12437,3,7.26250004768,6.056582954343241,1.2059170933367591
12438,1,8.1607143368,6.308750533478546,1.8519638033214543
12439,4,4.17722769067,5.177787603379225,1.0005599127092255
12440,1,3.23960396559,5.794453115609621,2.554849150019621
12441,4,4.42799995422,6.21777129414391,1.7897713399239104
12442,5,7.27037035977,5.79478582841009,1.4755845313599103
12443,1,7.23461534427,5.816960265996824,1.4176550782731763
12444,1,4.26486485069,6.004335289385075,1.7394704386950748
